Division,District,Market,Crop,Variety,Group,Arrivals (Tonnes),Min Price (BDT/Quintal),Max Price (BDT/Quintal),Price (BDT/Quintal),Reported Date,Quality_Grade,Market_Demand,Stock_Availability,Market_Type,Season
Barishal,Patuakhali,Patuakhali Sadar Market,Barley,BARI Barley-7,Barley Flour,1,2340,2536,2438,8/25/2022,Grade A,Medium,Medium,Retail,Winter
Khulna,Satkhira,Satkhira Market,Barley,BARI Barley-7,Barley Flour,13.5,4172,4520,4346,3/23/2024,Grade A,Low,Medium,Retail,Winter
Khulna,Khulna,Khulna New Market,Barley,BARI Barley-7,Barley Flour,2,9715,10525,10120,9/20/2023,Grade C,High,High,Wholesale,Winter
Khulna,Satkhira,Satkhira Market,Barley,BARI Barley-7,Barley Flour,3,6207,6725,6466,1/10/2022,Grade A,Medium,Low,Retail,Winter
Rajshahi,Naogaon,Naogaon Sadar Market,Barley,BARI Barley-7,Barley Flour,400,4437,4807,4622,3/21/2024,Grade A,Low,Medium,Retail,Winter
Dhaka,Dhaka,Karwan Bazar,Barley,BARI Barley-7,Barley Flour,11,3356,3636,3496,12/31/2020,Grade C,Medium,High,Retail,Winter
Barishal,Barishal,Nathullabad Market,Barley,BARI Barley-7,Barley Flour,51,7530,8158,7844,5/6/2021,Grade A,High,Low,Retail,Winter
Chattogram,Noakhali,Maijdee Bazar,Barley,BARI Barley-7,Barley Flour,3,1413,1531,1472,2/1/2021,Grade C,Medium,Medium,Wholesale,Winter
Chattogram,Chattogram,Agrabad Market,Barley,BARI Barley-7,Barley Flour,0.6,1915,2075,1995,11/18/2024,Grade B,Medium,High,Wholesale,Winter
Barishal,Bhola,Bhola Bazar,Barley,BARI Barley-7,Barley Flour,1,3941,4269,4105,11/23/2020,Grade B,Medium,High,Retail,Winter
Dhaka,Narayanganj,Chashara Market,Barley,BARI Barley-7,Barley Flour,9,2076,2248,2162,9/5/2023,Grade C,Medium,Low,Wholesale,Winter
Barishal,Patuakhali,Patuakhali Sadar Market,Barley,BARI Barley-7,Barley Flour,1,2361,2557,2459,11/4/2022,Grade A,Low,Medium,Wholesale,Winter
Khulna,Jashore,Jashore Bazar,Barley,BARI Barley-7,Barley Flour,6,3974,4306,4140,12/25/2023,Grade C,Medium,High,Retail,Winter
Chattogram,Chattogram,Agrabad Market,Barley,BARI Barley-7,Barley Flour,15,2640,2860,2750,9/16/2021,Grade B,Low,Medium,Wholesale,Winter
Chattogram,Feni,Feni Sadar Market,Barley,BARI Barley-7,Barley Flour,5,2395,2595,2495,11/19/2024,Grade B,Medium,Medium,Retail,Winter
Dhaka,Gazipur,Joydebpur Market,Barley,BARI Barley-7,Barley Flour,14,5201,5635,5418,3/21/2020,Grade A,Medium,Medium,Wholesale,Winter
Dhaka,Manikganj,Manikganj Bazar,Barley,BARI Barley-7,Barley Flour,3.9,2340,2536,2438,7/11/2024,Grade C,High,Medium,Wholesale,Winter
Barishal,Barishal,Nathullabad Market,Barley,BARI Barley-7,Barley Flour,36,5064,5486,5275,6/16/2020,Grade B,High,Medium,Retail,Winter
Dhaka,Manikganj,Manikganj Bazar,Barley,BARI Barley-7,Barley Flour,7.3,2568,2782,2675,4/22/2024,Grade B,Medium,Low,Retail,Winter
Chattogram,Chattogram,Agrabad Market,Barley,BARI Barley-7,Barley Flour,693,4032,4368,4200,12/25/2020,Grade B,High,Low,Retail,Winter
Dhaka,Tangail,Tangail Sadar Market,Barley,BARI Barley-7,Barley Flour,96,5544,6006,5775,11/22/2021,Grade B,Medium,High,Retail,Winter
Khulna,Jashore,Jashore Bazar,Barley,BARI Barley-7,Barley Flour,100.3,6720,7280,7000,5/4/2024,Grade B,High,High,Wholesale,Winter
Dhaka,Narayanganj,Chashara Market,Barley,BARI Barley-7,Barley Flour,4,7920,8580,8250,5/12/2023,Grade B,Low,Medium,Wholesale,Winter
Chattogram,Noakhali,Maijdee Bazar,Barley,BARI Barley-7,Barley Flour,25,2115,2291,2203,7/31/2024,Grade C,Medium,High,Wholesale,Winter
Dhaka,Narayanganj,Chashara Market,Barley,BARI Barley-7,Barley Flour,6,5856,6344,6100,7/22/2021,Grade B,Medium,High,Wholesale,Winter
Dhaka,Dhaka,Karwan Bazar,Barley,BARI Barley-7,Barley Flour,188,4813,5215,5014,6/2/2020,Grade C,High,High,Wholesale,Winter
Chattogram,Cox's Bazar,Cox's Bazar Market,Barley,BARI Barley-7,Barley Flour,42,6920,7496,7208,11/24/2022,Grade A,High,Medium,Retail,Winter
Dhaka,Manikganj,Manikganj Bazar,Barley,BARI Barley-7,Barley Flour,13,5280,5720,5500,12/14/2021,Grade B,Medium,High,Wholesale,Winter
Chattogram,Chattogram,Agrabad Market,Barley,BARI Barley-7,Barley Flour,9.7,3511,3803,3657,7/12/2024,Grade A,Medium,Medium,Wholesale,Winter
Dhaka,Dhaka,Karwan Bazar,Barley,BARI Barley-7,Barley Flour,3,10104,10946,10525,11/23/2023,Grade B,High,High,Wholesale,Winter
Dhaka,Manikganj,Manikganj Bazar,Barley,BARI Barley-7,Barley Flour,1,4783,5181,4982,3/30/2023,Grade A,Low,Medium,Wholesale,Winter
Dhaka,Narayanganj,Chashara Market,Barley,BARI Barley-7,Barley Flour,49.7,9264,10036,9650,3/1/2024,Grade B,Low,Low,Wholesale,Winter
Barishal,Bhola,Bhola Bazar,Barley,BARI Barley-7,Barley Flour,53.2,4061,4399,4230,7/26/2024,Grade B,High,High,Retail,Winter
Rajshahi,Rajshahi,Shaheb Bazar,Barley,BARI Barley-7,Barley Flour,5,2002,2168,2085,7/10/2024,Grade B,Low,High,Wholesale,Winter
Chattogram,Chattogram,Agrabad Market,Barley,BARI Barley-7,Barley Flour,8,3168,3432,3300,2/9/2023,Grade B,Medium,Medium,Retail,Winter
Dhaka,Manikganj,Manikganj Bazar,Barley,BARI Barley-7,Barley Flour,1,2715,2941,2828,1/2/2024,Premium,High,Medium,Wholesale,Winter
Khulna,Jashore,Jashore Bazar,Barley,BARI Barley-7,Barley Flour,2,4284,4640,4462,6/30/2023,Grade C,Medium,Low,Retail,Winter
Chattogram,Cox's Bazar,Cox's Bazar Market,Barley,BARI Barley-7,Barley Flour,22,1920,2080,2000,6/14/2022,Grade B,Medium,Medium,Wholesale,Winter
Rajshahi,Rajshahi,Shaheb Bazar,Barley,BARI Barley-7,Barley Flour,120,5664,6136,5900,10/13/2021,Grade B,Medium,Medium,Wholesale,Winter
Dhaka,Dhaka,Karwan Bazar,Barley,BARI Barley-7,Barley Flour,24.2,10800,11700,11250,5/28/2024,Grade B,Medium,High,Retail,Winter
Dhaka,Gazipur,Joydebpur Market,Barley,BARI Barley-7,Barley Flour,23.3,4176,4524,4350,4/5/2024,Grade B,Low,Medium,Wholesale,Winter
Khulna,Kushtia,Kushtia Boro Bazar,Barley,BARI Barley-7,Barley Flour,12,4020,4354,4187,1/7/2020,Grade A,High,High,Retail,Winter
Dhaka,Tangail,Tangail Sadar Market,Barley,BARI Barley-7,Barley Flour,60,4608,4992,4800,4/28/2023,Grade B,Low,Low,Wholesale,Winter
Dhaka,Dhaka,Karwan Bazar,Barley,BARI Barley-7,Barley Flour,1.7,2232,2418,2325,7/5/2024,Grade B,High,Low,Retail,Winter
Khulna,Satkhira,Satkhira Market,Barley,BARI Barley-7,Barley Flour,6,6596,7146,6871,1/5/2022,Premium,Low,Medium,Wholesale,Winter
Barishal,Bhola,Bhola Bazar,Barley,BARI Barley-7,Barley Flour,43,6432,6968,6700,4/9/2021,Grade B,Medium,Low,Wholesale,Winter
Dhaka,Narayanganj,Chashara Market,Barley,BARI Barley-7,Barley Flour,4,8523,9233,8878,7/24/2023,Grade C,Medium,Medium,Wholesale,Winter
Dhaka,Tangail,Tangail Sadar Market,Barley,BARI Barley-7,Barley Flour,3,10848,11752,11300,9/6/2023,Grade B,Medium,Low,Retail,Winter
Dhaka,Manikganj,Manikganj Bazar,Barley,BARI Barley-7,Barley Flour,22,9456,10244,9850,8/7/2023,Grade B,Medium,Low,Retail,Winter
Dhaka,Narayanganj,Chashara Market,Barley,BARI Barley-7,Barley Flour,1,5343,5789,5566,6/24/2022,Grade C,Low,High,Retail,Winter
Dhaka,Narayanganj,Chashara Market,Barley,BARI Barley-7,Barley Flour,7,1728,1872,1800,9/14/2021,Grade B,Medium,Medium,Retail,Winter
Chattogram,Feni,Feni Sadar Market,Barley,BARI Barley-7,Barley Flour,720,4565,4945,4755,10/31/2022,Grade B,Medium,Medium,Wholesale,Winter
Dhaka,Manikganj,Manikganj Bazar,Barley,BARI Barley-7,Barley Flour,92,1877,2033,1955,7/21/2022,Grade C,Low,High,Retail,Winter
Rajshahi,Naogaon,Naogaon Sadar Market,Barley,BARI Barley-7,Barley Flour,110,5537,5999,5768,6/25/2021,Grade C,High,High,Wholesale,Winter
Dhaka,Narayanganj,Chashara Market,Barley,BARI Barley-7,Barley Flour,8,1728,1872,1800,8/19/2021,Grade B,High,High,Wholesale,Winter
Dhaka,Tangail,Tangail Sadar Market,Barley,BARI Barley-7,Barley Flour,34,1679,1819,1749,5/18/2020,Grade A,Medium,Medium,Retail,Winter
Barishal,Barishal,Nathullabad Market,Barley,BARI Barley-7,Barley Flour,37,6386,6918,6652,5/24/2021,Grade A,Medium,High,Retail,Winter
Dhaka,Dhaka,Karwan Bazar,Barley,BARI Barley-7,Barley Flour,278,7192,7792,7492,4/5/2023,Grade C,Low,Medium,Retail,Winter
Dhaka,Manikganj,Manikganj Bazar,Barley,BARI Barley-7,Barley Flour,1,1398,1514,1456,12/18/2020,Premium,High,Low,Wholesale,Winter
Chattogram,Chattogram,Agrabad Market,Barley,BARI Barley-7,Barley Flour,43,6106,6614,6360,7/13/2021,Grade A,Medium,High,Retail,Winter
Chattogram,Noakhali,Maijdee Bazar,Barley,BARI Barley-7,Barley Flour,61,2328,2522,2425,3/29/2023,Grade B,High,Low,Retail,Winter
Dhaka,Manikganj,Manikganj Bazar,Barley,BARI Barley-7,Barley Flour,3,1920,2080,2000,7/26/2022,Grade B,Medium,Low,Wholesale,Winter
Dhaka,Gazipur,Joydebpur Market,Barley,BARI Barley-7,Barley Flour,65,6989,7571,7280,1/9/2022,Premium,Medium,Medium,Retail,Winter
Dhaka,Manikganj,Manikganj Bazar,Barley,BARI Barley-7,Barley Flour,132,4976,5390,5183,11/12/2021,Grade A,Medium,High,Wholesale,Winter
Dhaka,Tangail,Tangail Sadar Market,Barley,BARI Barley-7,Barley Flour,127,8258,8946,8602,2/15/2024,Grade C,Low,High,Wholesale,Winter
Dhaka,Dhaka,Karwan Bazar,Barley,BARI Barley-7,Barley Flour,23,10176,11024,10600,4/4/2022,Grade B,Medium,Medium,Retail,Winter
Dhaka,Dhaka,Karwan Bazar,Barley,BARI Barley-7,Barley Flour,0.3,2086,2260,2173,9/21/2024,Grade A,High,Low,Wholesale,Winter
Dhaka,Narayanganj,Chashara Market,Barley,BARI Barley-7,Barley Flour,80,6624,7176,6900,4/20/2022,Grade C,Medium,High,Wholesale,Winter
Rajshahi,Pabna,Pabna Sadar Market,Barley,BARI Barley-7,Barley Flour,"1,500.00",4884,5292,5088,11/6/2023,Grade A,Medium,High,Wholesale,Winter
Chattogram,Cumilla,Kandirpar Market,Barley,BARI Barley-7,Barley Flour,145,6334,6862,6598,1/25/2022,Grade A,Low,Medium,Wholesale,Winter
Barishal,Bhola,Bhola Bazar,Barley,BARI Barley-7,Barley Flour,24,4824,5226,5025,9/23/2022,Grade B,Low,Low,Retail,Winter
Dhaka,Narayanganj,Chashara Market,Barley,BARI Barley-7,Barley Flour,21,4325,4685,4505,9/27/2021,Grade A,Medium,High,Wholesale,Winter
Khulna,Jashore,Jashore Bazar,Barley,BARI Barley-7,Barley Flour,17,6258,6780,6519,1/10/2022,Grade A,Low,Medium,Retail,Winter
Chattogram,Chattogram,Agrabad Market,Barley,BARI Barley-7,Barley Flour,12,2493,2701,2597,7/21/2023,Grade A,Medium,Medium,Retail,Winter
Dhaka,Gazipur,Joydebpur Market,Barley,BARI Barley-7,Barley Flour,2,1968,2132,2050,2/1/2020,Grade B,Low,High,Retail,Winter
Dhaka,Dhaka,Karwan Bazar,Barley,BARI Barley-7,Barley Flour,466,4944,5356,5150,12/15/2022,Grade B,Medium,Low,Retail,Winter
Chattogram,Cumilla,Kandirpar Market,Barley,BARI Barley-7,Barley Flour,19,5760,6240,6000,9/25/2021,Grade B,High,Medium,Retail,Winter
Dhaka,Tangail,Tangail Sadar Market,Barley,BARI Barley-7,Barley Flour,68,5108,5534,5321,5/21/2020,Grade A,Low,Medium,Retail,Winter
Barishal,Barishal,Nathullabad Market,Barley,BARI Barley-7,Barley Flour,22,6432,6968,6700,4/18/2022,Grade B,Medium,Medium,Wholesale,Winter
Barishal,Patuakhali,Patuakhali Sadar Market,Barley,BARI Barley-7,Barley Flour,4,2037,2207,2122,10/3/2023,Grade B,High,Medium,Wholesale,Winter
Chattogram,Cumilla,Kandirpar Market,Barley,BARI Barley-7,Barley Flour,25,6152,6664,6408,3/10/2022,Grade C,Low,Medium,Retail,Winter
Chattogram,Feni,Feni Sadar Market,Barley,BARI Barley-7,Barley Flour,6,11194,12126,11660,10/30/2023,Grade A,Medium,Medium,Wholesale,Winter
Chattogram,Cumilla,Kandirpar Market,Barley,BARI Barley-7,Barley Flour,125,4500,4874,4687,1/30/2023,Grade C,High,Low,Retail,Winter
Rajshahi,Bogura,Satmatha Market,Barley,BARI Barley-7,Barley Flour,15,7632,8268,7950,9/14/2021,Grade A,Low,High,Retail,Winter
Chattogram,Cox's Bazar,Cox's Bazar Market,Barley,BARI Barley-7,Barley Flour,130,9784,10600,10192,2/15/2024,Grade A,High,High,Retail,Winter
Chattogram,Cumilla,Kandirpar Market,Barley,BARI Barley-7,Barley Flour,9,1488,1612,1550,9/26/2020,Grade B,Low,High,Wholesale,Winter
Dhaka,Dhaka,Karwan Bazar,Barley,BARI Barley-7,Barley Flour,8,4675,5065,4870,10/7/2022,Grade B,Low,Low,Retail,Winter
Dhaka,Manikganj,Manikganj Bazar,Barley,BARI Barley-7,Barley Flour,3.9,9220,9988,9604,10/28/2024,Grade A,Medium,Medium,Wholesale,Winter
Chattogram,Noakhali,Maijdee Bazar,Barley,BARI Barley-7,Barley Flour,13,2900,3142,3021,9/22/2022,Grade A,Medium,Low,Wholesale,Winter
Khulna,Khulna,Khulna New Market,Barley,BARI Barley-7,Barley Flour,15,8346,9042,8694,5/30/2023,Grade C,High,Low,Wholesale,Winter
Chattogram,Cox's Bazar,Cox's Bazar Market,Barley,BARI Barley-7,Barley Flour,318,6284,6808,6546,11/25/2021,Grade A,Low,Medium,Wholesale,Winter
Rajshahi,Rajshahi,Shaheb Bazar,Barley,BARI Barley-7,Barley Flour,25,2318,2512,2415,9/7/2022,Grade B,High,High,Retail,Winter
Dhaka,Narayanganj,Chashara Market,Barley,BARI Barley-7,Barley Flour,40,6902,7478,7190,1/11/2023,Grade B,Low,Medium,Wholesale,Winter
Chattogram,Cox's Bazar,Cox's Bazar Market,Barley,BARI Barley-7,Barley Flour,15,1730,1874,1802,5/27/2021,Grade A,Medium,Medium,Wholesale,Winter
Dhaka,Narayanganj,Chashara Market,Barley,BARI Barley-7,Barley Flour,2,2137,2315,2226,11/12/2022,Grade A,Medium,Low,Wholesale,Winter
Dhaka,Tangail,Tangail Sadar Market,Barley,BARI Barley-7,Barley Flour,3,1920,2080,2000,6/21/2022,Grade B,High,Low,Wholesale,Winter
Dhaka,Narayanganj,Chashara Market,Barley,BARI Barley-7,Barley Flour,3,4513,4889,4701,9/21/2021,Grade A,High,Medium,Wholesale,Winter
Barishal,Bhola,Bhola Bazar,Barley,BARI Barley-7,Barley Flour,41,4474,4846,4660,12/15/2023,Grade B,Medium,Medium,Wholesale,Winter
Dhaka,Manikganj,Manikganj Bazar,Barley,BARI Barley-7,Barley Flour,30,7490,8114,7802,9/5/2022,Grade A,High,Low,Retail,Winter
Khulna,Jashore,Jashore Bazar,Barley,BARI Barley-7,Barley Flour,99,5699,6173,5936,1/23/2021,Grade A,Low,High,Retail,Winter
Barishal,Barishal,Nathullabad Market,Barley,BARI Barley-7,Barley Flour,15,6118,6628,6373,7/13/2021,Grade A,High,Medium,Retail,Winter
Chattogram,Cumilla,Kandirpar Market,Barley,BARI Barley-7,Barley Flour,280,4732,5126,4929,10/26/2023,Grade A,High,High,Retail,Winter
Chattogram,Chattogram,Agrabad Market,Barley,BARI Barley-7,Barley Flour,76,3831,4151,3991,1/27/2020,Grade A,High,Medium,Wholesale,Winter
Dhaka,Gazipur,Joydebpur Market,Barley,BARI Barley-7,Barley Flour,20,1968,2132,2050,4/8/2023,Grade B,Low,Medium,Wholesale,Winter
Dhaka,Tangail,Tangail Sadar Market,Barley,BARI Barley-7,Barley Flour,238,4373,4737,4555,3/5/2020,Grade B,High,Low,Retail,Winter
Chattogram,Feni,Feni Sadar Market,Barley,BARI Barley-7,Barley Flour,304,6004,6504,6254,12/1/2021,Grade A,Low,Low,Wholesale,Winter
Dhaka,Dhaka,Karwan Bazar,Barley,BARI Barley-7,Barley Flour,92,2003,2169,2086,5/9/2022,Grade C,Low,Medium,Wholesale,Winter
Dhaka,Manikganj,Manikganj Bazar,Barley,BARI Barley-7,Barley Flour,15,6912,7488,7200,12/9/2022,Grade B,High,Low,Retail,Winter
Dhaka,Dhaka,Karwan Bazar,Barley,BARI Barley-7,Barley Flour,34,5600,6066,5833,8/31/2021,Grade C,Medium,Low,Retail,Winter
Chattogram,Chattogram,Agrabad Market,Barley,BARI Barley-7,Barley Flour,118,4528,4906,4717,7/17/2023,Grade A,Medium,Low,Retail,Winter
Khulna,Jashore,Jashore Bazar,Barley,BARI Barley-7,Barley Flour,7,6299,6823,6561,2/4/2022,Grade A,Medium,High,Retail,Winter
Chattogram,Cumilla,Kandirpar Market,Barley,BARI Barley-7,Barley Flour,2,1140,1234,1187,7/9/2020,Grade A,Medium,Medium,Retail,Winter
Khulna,Jashore,Jashore Bazar,Barley,BARI Barley-7,Barley Flour,92,5271,5711,5491,1/26/2020,Grade A,Low,Medium,Wholesale,Winter
Chattogram,Feni,Feni Sadar Market,Barley,BARI Barley-7,Barley Flour,169,3091,3349,3220,6/2/2020,Grade C,High,Medium,Wholesale,Winter
Dhaka,Manikganj,Manikganj Bazar,Barley,BARI Barley-7,Barley Flour,0.03,3840,4160,4000,8/29/2024,Grade B,Low,High,Wholesale,Winter
Barishal,Patuakhali,Patuakhali Sadar Market,Barley,BARI Barley-7,Barley Flour,6,4902,5310,5106,7/9/2020,Grade C,High,Medium,Wholesale,Winter
Barishal,Barishal,Nathullabad Market,Barley,BARI Barley-7,Barley Flour,1,2104,2280,2192,7/6/2023,Grade B,High,Low,Wholesale,Winter
Chattogram,Noakhali,Maijdee Bazar,Barley,BARI Barley-7,Barley Flour,30,4895,5303,5099,3/11/2023,Grade A,Medium,Medium,Retail,Winter
Barishal,Barishal,Nathullabad Market,Barley,BARI Barley-7,Barley Flour,7,9871,10693,10282,9/18/2024,Grade A,Medium,High,Retail,Winter
Dhaka,Dhaka,Karwan Bazar,Barley,BARI Barley-7,Barley Flour,8,6818,7386,7102,6/22/2021,Grade A,Medium,High,Wholesale,Winter
Barishal,Bhola,Bhola Bazar,Barley,BARI Barley-7,Barley Flour,120,4926,5336,5131,6/8/2020,Grade B,High,Medium,Retail,Winter
Chattogram,Noakhali,Maijdee Bazar,Barley,BARI Barley-7,Barley Flour,154,6034,6536,6285,12/9/2021,Grade B,Medium,High,Retail,Winter
Rajshahi,Bogura,Satmatha Market,Barley,BARI Barley-7,Barley Flour,500,4575,4957,4766,11/16/2023,Grade C,Medium,Low,Wholesale,Winter
Khulna,Khulna,Khulna New Market,Barley,BARI Barley-7,Barley Flour,9,5616,6084,5850,1/25/2021,Grade B,High,Low,Retail,Winter
Dhaka,Gazipur,Joydebpur Market,Barley,BARI Barley-7,Barley Flour,2,5777,6259,6018,6/9/2022,Grade B,Low,High,Wholesale,Winter
Chattogram,Cumilla,Kandirpar Market,Barley,BARI Barley-7,Barley Flour,172,5376,5824,5600,1/14/2021,Grade B,Medium,Low,Retail,Winter
Khulna,Satkhira,Satkhira Market,Barley,BARI Barley-7,Barley Flour,89,9718,10528,10123,2/6/2024,Grade A,Low,Low,Wholesale,Winter
Dhaka,Tangail,Tangail Sadar Market,Barley,BARI Barley-7,Barley Flour,36,6156,6670,6413,7/26/2021,Grade A,Low,High,Retail,Winter
Khulna,Kushtia,Kushtia Boro Bazar,Barley,BARI Barley-7,Barley Flour,4,5664,6136,5900,6/24/2022,Grade B,Medium,Low,Retail,Winter
Chattogram,Cumilla,Kandirpar Market,Barley,BARI Barley-7,Barley Flour,4,2323,2517,2420,12/23/2023,Grade C,High,Medium,Retail,Winter
Dhaka,Tangail,Tangail Sadar Market,Barley,BARI Barley-7,Barley Flour,21,3003,3253,3128,6/12/2020,Grade C,Low,Low,Wholesale,Winter
Khulna,Khulna,Khulna New Market,Barley,BARI Barley-7,Barley Flour,4,9623,10425,10024,5/17/2023,Premium,Low,Low,Retail,Winter
Chattogram,Chattogram,Agrabad Market,Barley,BARI Barley-7,Barley Flour,287.2,4205,4555,4380,4/5/2024,Grade B,High,Medium,Wholesale,Winter
Dhaka,Tangail,Tangail Sadar Market,Barley,BARI Barley-7,Barley Flour,13,7419,8037,7728,10/5/2020,Grade C,High,Medium,Wholesale,Winter
Rajshahi,Pabna,Pabna Sadar Market,Barley,BARI Barley-7,Barley Flour,25,2723,2949,2836,12/11/2023,Grade A,Low,Medium,Wholesale,Winter
Dhaka,Narayanganj,Chashara Market,Barley,BARI Barley-7,Barley Flour,16.8,2252,2440,2346,5/29/2024,Grade C,Medium,Low,Retail,Winter
Rajshahi,Rajshahi,Shaheb Bazar,Barley,BARI Barley-7,Barley Flour,39.5,9979,10811,10395,8/31/2024,Grade B,Medium,Medium,Retail,Winter
Barishal,Barishal,Nathullabad Market,Barley,BARI Barley-7,Barley Flour,11.5,9746,10558,10152,9/21/2024,Grade B,High,Medium,Wholesale,Winter
Khulna,Kushtia,Kushtia Boro Bazar,Barley,BARI Barley-7,Barley Flour,41,7440,8060,7750,4/29/2023,Grade B,Medium,High,Wholesale,Winter
Dhaka,Tangail,Tangail Sadar Market,Barley,BARI Barley-7,Barley Flour,576,4992,5408,5200,6/2/2020,Grade B,Low,Medium,Wholesale,Winter
Dhaka,Manikganj,Manikganj Bazar,Barley,BARI Barley-7,Barley Flour,13,1590,1722,1656,11/5/2020,Grade C,Low,Medium,Retail,Winter
Chattogram,Chattogram,Agrabad Market,Barley,BARI Barley-7,Barley Flour,2,1363,1477,1420,7/9/2022,Grade B,Medium,Medium,Wholesale,Winter
Khulna,Satkhira,Satkhira Market,Barley,BARI Barley-7,Barley Flour,24,4579,4961,4770,5/2/2023,Grade A,Low,Low,Retail,Winter
Khulna,Kushtia,Kushtia Boro Bazar,Barley,BARI Barley-7,Barley Flour,40,3936,4264,4100,11/7/2024,Grade B,High,Medium,Retail,Winter
Chattogram,Cumilla,Kandirpar Market,Barley,BARI Barley-7,Barley Flour,6,1705,1847,1776,6/12/2020,Grade A,High,Low,Retail,Winter
Dhaka,Manikganj,Manikganj Bazar,Barley,BARI Barley-7,Barley Flour,68,6480,7020,6750,4/5/2021,Grade B,High,Medium,Wholesale,Winter
Chattogram,Cox's Bazar,Cox's Bazar Market,Barley,BARI Barley-7,Barley Flour,15,7872,8528,8200,12/27/2021,Grade B,High,Low,Retail,Winter
Dhaka,Manikganj,Manikganj Bazar,Barley,BARI Barley-7,Barley Flour,8,7056,7644,7350,10/17/2022,Grade B,Low,Low,Retail,Winter
Chattogram,Feni,Feni Sadar Market,Barley,BARI Barley-7,Barley Flour,25,2318,2512,2415,5/9/2024,Grade B,Medium,Low,Wholesale,Winter
Dhaka,Tangail,Tangail Sadar Market,Barley,BARI Barley-7,Barley Flour,120,4176,4524,4350,10/1/2021,Grade B,Low,High,Retail,Winter
Dhaka,Manikganj,Manikganj Bazar,Barley,BARI Barley-7,Barley Flour,41,10068,10908,10488,9/20/2023,Grade C,Low,Medium,Wholesale,Winter
Dhaka,Dhaka,Karwan Bazar,Barley,BARI Barley-7,Barley Flour,28,2400,2600,2500,7/10/2023,Grade B,High,High,Wholesale,Winter
Chattogram,Feni,Feni Sadar Market,Barley,BARI Barley-7,Barley Flour,6,1114,1206,1160,3/19/2020,Grade B,Medium,Low,Wholesale,Winter
Rajshahi,Rajshahi,Shaheb Bazar,Barley,BARI Barley-7,Barley Flour,85,5895,6387,6141,4/27/2021,Grade C,Medium,Low,Retail,Winter
Dhaka,Tangail,Tangail Sadar Market,Barley,BARI Barley-7,Barley Flour,24,2239,2425,2332,3/27/2024,Grade A,High,Medium,Wholesale,Winter
Dhaka,Manikganj,Manikganj Bazar,Barley,BARI Barley-7,Barley Flour,4,4769,5167,4968,11/21/2021,Grade C,Low,Medium,Wholesale,Winter
Dhaka,Manikganj,Manikganj Bazar,Barley,BARI Barley-7,Barley Flour,"1,083.00",9336,10114,9725,2/17/2024,Grade B,Medium,Medium,Wholesale,Winter
Chattogram,Chattogram,Agrabad Market,Barley,BARI Barley-7,Barley Flour,20.1,9112,9872,9492,11/18/2024,Grade A,Medium,Medium,Wholesale,Winter
Dhaka,Narayanganj,Chashara Market,Barley,BARI Barley-7,Barley Flour,2.2,2208,2392,2300,3/18/2024,Grade B,Medium,Medium,Wholesale,Winter
Chattogram,Noakhali,Maijdee Bazar,Barley,BARI Barley-7,Barley Flour,3,968,1048,1008,6/25/2020,Premium,Medium,Low,Wholesale,Winter
Dhaka,Dhaka,Karwan Bazar,Barley,BARI Barley-7,Barley Flour,1,1152,1248,1200,6/12/2021,Grade B,Medium,High,Retail,Winter
Dhaka,Dhaka,Karwan Bazar,Barley,BARI Barley-7,Barley Flour,10,5184,5616,5400,11/18/2021,Grade B,Low,Medium,Retail,Winter
Khulna,Satkhira,Satkhira Market,Barley,BARI Barley-7,Barley Flour,11,4681,5071,4876,7/8/2023,Grade A,High,Medium,Wholesale,Winter
Khulna,Satkhira,Satkhira Market,Barley,BARI Barley-7,Barley Flour,44,4063,4401,4232,2/24/2021,Grade C,Medium,High,Retail,Winter
Khulna,Kushtia,Kushtia Boro Bazar,Barley,BARI Barley-7,Barley Flour,7,5280,5720,5500,7/19/2022,Grade B,High,Medium,Wholesale,Winter
Dhaka,Narayanganj,Chashara Market,Barley,BARI Barley-7,Barley Flour,500,4512,4888,4700,11/1/2023,Grade B,Medium,High,Wholesale,Winter
Chattogram,Feni,Feni Sadar Market,Barley,BARI Barley-7,Barley Flour,60,6513,7055,6784,3/2/2021,Grade A,Low,High,Wholesale,Winter
Dhaka,Manikganj,Manikganj Bazar,Barley,BARI Barley-7,Barley Flour,488,5368,5816,5592,2/4/2023,Premium,Low,Medium,Retail,Winter
Barishal,Patuakhali,Patuakhali Sadar Market,Barley,BARI Barley-7,Barley Flour,1.2,1766,1914,1840,7/4/2024,Grade C,Medium,Medium,Retail,Winter
Khulna,Kushtia,Kushtia Boro Bazar,Barley,BARI Barley-7,Barley Flour,100,3930,4258,4094,10/21/2023,Grade C,Medium,High,Wholesale,Winter
Barishal,Barishal,Nathullabad Market,Barley,BARI Barley-7,Barley Flour,6,2400,2600,2500,10/14/2022,Premium,Medium,Medium,Wholesale,Winter
Dhaka,Gazipur,Joydebpur Market,Barley,BARI Barley-7,Barley Flour,924,3840,4160,4000,11/20/2020,Grade B,Low,Medium,Wholesale,Winter
Barishal,Bhola,Bhola Bazar,Barley,BARI Barley-7,Barley Flour,17,3817,4135,3976,9/19/2020,Grade A,High,High,Wholesale,Winter
Chattogram,Feni,Feni Sadar Market,Barley,BARI Barley-7,Barley Flour,205,4325,4685,4505,10/18/2023,Grade B,Medium,Medium,Wholesale,Winter
Chattogram,Noakhali,Maijdee Bazar,Barley,BARI Barley-7,Barley Flour,9,2646,2866,2756,3/12/2022,Grade A,Medium,High,Retail,Winter
Dhaka,Gazipur,Joydebpur Market,Barley,BARI Barley-7,Barley Flour,18,1883,2039,1961,12/30/2021,Grade A,Low,Medium,Retail,Winter
Chattogram,Feni,Feni Sadar Market,Barley,BARI Barley-7,Barley Flour,417,4512,4888,4700,12/12/2023,Grade B,Low,Medium,Wholesale,Winter
Dhaka,Gazipur,Joydebpur Market,Barley,BARI Barley-7,Barley Flour,5,1747,1893,1820,6/5/2020,Premium,High,Medium,Retail,Winter
Dhaka,Narayanganj,Chashara Market,Barley,BARI Barley-7,Barley Flour,61,3252,3522,3387,11/9/2020,Grade C,Medium,High,Wholesale,Winter
Dhaka,Gazipur,Joydebpur Market,Barley,BARI Barley-7,Barley Flour,240,5255,5693,5474,5/17/2022,Grade C,High,Medium,Wholesale,Winter
Dhaka,Manikganj,Manikganj Bazar,Barley,BARI Barley-7,Barley Flour,24,6411,6945,6678,8/5/2021,Grade A,High,Low,Retail,Winter
Khulna,Satkhira,Satkhira Market,Barley,BARI Barley-7,Barley Flour,11,6258,6780,6519,11/22/2021,Grade A,Low,Low,Wholesale,Winter
Chattogram,Cumilla,Kandirpar Market,Barley,BARI Barley-7,Barley Flour,520,3892,4216,4054,10/24/2024,Grade A,Medium,Medium,Retail,Winter
Dhaka,Dhaka,Karwan Bazar,Barley,BARI Barley-7,Barley Flour,1,1560,1690,1625,6/23/2020,Grade B,Low,Low,Retail,Winter
Dhaka,Dhaka,Karwan Bazar,Barley,BARI Barley-7,Barley Flour,4.2,2900,3142,3021,9/26/2024,Grade A,High,Medium,Wholesale,Winter
Chattogram,Cumilla,Kandirpar Market,Barley,BARI Barley-7,Barley Flour,4,1369,1483,1426,7/2/2021,Grade C,High,Low,Wholesale,Winter
Chattogram,Noakhali,Maijdee Bazar,Barley,BARI Barley-7,Barley Flour,611.1,3798,4114,3956,11/21/2024,Grade C,Medium,Medium,Retail,Winter
Dhaka,Manikganj,Manikganj Bazar,Barley,BARI Barley-7,Barley Flour,75,4151,4497,4324,11/10/2021,Grade C,Medium,Low,Wholesale,Winter
Dhaka,Gazipur,Joydebpur Market,Barley,BARI Barley-7,Barley Flour,70,6192,6708,6450,2/20/2021,Grade B,High,Medium,Wholesale,Winter
Barishal,Barishal,Nathullabad Market,Barley,BARI Barley-7,Barley Flour,90,3758,4072,3915,10/11/2024,Grade C,Medium,Low,Retail,Winter
Khulna,Khulna,Khulna New Market,Barley,BARI Barley-7,Barley Flour,131,3714,4024,3869,6/27/2020,Grade A,High,High,Wholesale,Winter
Dhaka,Narayanganj,Chashara Market,Barley,BARI Barley-7,Barley Flour,2.21,11510,12470,11990,6/12/2024,Grade A,Medium,Medium,Retail,Winter
Chattogram,Noakhali,Maijdee Bazar,Barley,BARI Barley-7,Barley Flour,584,3408,3692,3550,10/8/2020,Grade B,High,High,Retail,Winter
Chattogram,Cumilla,Kandirpar Market,Barley,BARI Barley-7,Barley Flour,16,2493,2701,2597,10/5/2023,Grade A,High,Medium,Retail,Winter
Dhaka,Dhaka,Karwan Bazar,Barley,BARI Barley-7,Barley Flour,18,6513,7055,6784,5/30/2021,Grade A,High,Medium,Retail,Winter
Dhaka,Narayanganj,Chashara Market,Barley,BARI Barley-7,Barley Flour,8.4,2849,3087,2968,9/9/2024,Grade A,High,Medium,Retail,Winter
Dhaka,Manikganj,Manikganj Bazar,Barley,BARI Barley-7,Barley Flour,36,11870,12860,12365,11/6/2023,Grade A,Medium,Low,Wholesale,Winter
Dhaka,Tangail,Tangail Sadar Market,Barley,BARI Barley-7,Barley Flour,14,1989,2155,2072,1/10/2022,Premium,Medium,Low,Wholesale,Winter
Dhaka,Manikganj,Manikganj Bazar,Barley,BARI Barley-7,Barley Flour,155,5699,6173,5936,7/17/2020,Premium,Medium,Low,Wholesale,Winter
Chattogram,Feni,Feni Sadar Market,Barley,BARI Barley-7,Barley Flour,120,4632,5018,4825,6/12/2023,Grade B,Low,Low,Retail,Winter
Khulna,Satkhira,Satkhira Market,Barley,BARI Barley-7,Barley Flour,9,5597,6063,5830,7/26/2022,Grade A,Medium,Low,Retail,Winter
Dhaka,Manikganj,Manikganj Bazar,Barley,BARI Barley-7,Barley Flour,47,1501,1627,1564,4/27/2021,Grade C,High,High,Wholesale,Winter
Dhaka,Dhaka,Karwan Bazar,Barley,BARI Barley-7,Barley Flour,5,1679,1819,1749,6/4/2020,Grade A,Low,Low,Wholesale,Winter
Dhaka,Manikganj,Manikganj Bazar,Barley,BARI Barley-7,Barley Flour,2,5705,6181,5943,6/29/2021,Grade C,High,Low,Retail,Winter
Rajshahi,Naogaon,Naogaon Sadar Market,Barley,BARI Barley-7,Barley Flour,65,9499,10291,9895,7/20/2023,Grade B,Medium,Medium,Wholesale,Winter
Chattogram,Cox's Bazar,Cox's Bazar Market,Barley,BARI Barley-7,Barley Flour,4,2237,2423,2330,11/5/2022,Grade B,High,Medium,Retail,Winter
Dhaka,Dhaka,Karwan Bazar,Barley,BARI Barley-7,Barley Flour,13,3908,4234,4071,9/27/2024,Grade C,Low,High,Retail,Winter
Rajshahi,Pabna,Pabna Sadar Market,Barley,BARI Barley-7,Barley Flour,49,5467,5923,5695,12/31/2021,Grade B,Medium,Medium,Retail,Winter
Dhaka,Gazipur,Joydebpur Market,Barley,BARI Barley-7,Barley Flour,1.4,2035,2205,2120,9/23/2024,Grade B,High,High,Retail,Winter
Dhaka,Gazipur,Joydebpur Market,Barley,BARI Barley-7,Barley Flour,7.5,2086,2260,2173,10/1/2024,Grade A,Medium,High,Wholesale,Winter
Rajshahi,Bogura,Satmatha Market,Barley,BARI Barley-7,Barley Flour,19,2537,2749,2643,10/15/2022,Premium,Low,Low,Wholesale,Winter
Barishal,Barishal,Nathullabad Market,Barley,BARI Barley-7,Barley Flour,28,3648,3952,3800,2/5/2024,Grade C,Medium,Medium,Retail,Winter
Dhaka,Gazipur,Joydebpur Market,Barley,BARI Barley-7,Barley Flour,3,1776,1924,1850,10/28/2020,Grade B,High,Low,Wholesale,Winter
Chattogram,Chattogram,Agrabad Market,Barley,BARI Barley-7,Barley Flour,226,6344,6872,6608,5/26/2022,Premium,Low,Low,Wholesale,Winter
Dhaka,Manikganj,Manikganj Bazar,Barley,BARI Barley-7,Barley Flour,1.5,2174,2356,2265,5/13/2024,Grade B,High,Medium,Wholesale,Winter
Khulna,Jashore,Jashore Bazar,Barley,BARI Barley-7,Barley Flour,4,7584,8216,7900,3/10/2023,Grade B,Low,Low,Retail,Winter
Dhaka,Dhaka,Karwan Bazar,Barley,BARI Barley-7,Barley Flour,125,1694,1836,1765,5/27/2021,Grade B,Medium,High,Wholesale,Winter
Dhaka,Dhaka,Karwan Bazar,Barley,BARI Barley-7,Barley Flour,8.5,1880,2036,1958,10/14/2024,Grade C,Medium,High,Wholesale,Winter
Rajshahi,Naogaon,Naogaon Sadar Market,Barley,BARI Barley-7,Barley Flour,150,1750,1896,1823,8/4/2020,Grade A,Medium,High,Retail,Winter
Dhaka,Dhaka,Karwan Bazar,Barley,BARI Barley-7,Barley Flour,5,6666,7222,6944,6/24/2022,Premium,Low,Medium,Wholesale,Winter
Chattogram,Feni,Feni Sadar Market,Barley,BARI Barley-7,Barley Flour,14,2997,3247,3122,12/25/2023,Grade A,High,High,Retail,Winter
Barishal,Patuakhali,Patuakhali Sadar Market,Barley,BARI Barley-7,Barley Flour,9,9026,9778,9402,6/23/2023,Grade B,Medium,Low,Wholesale,Winter
Chattogram,Feni,Feni Sadar Market,Barley,BARI Barley-7,Barley Flour,15,2697,2921,2809,11/17/2021,Grade A,Medium,Medium,Retail,Winter
Dhaka,Narayanganj,Chashara Market,Barley,BARI Barley-7,Barley Flour,1,2391,2591,2491,1/5/2024,Grade A,High,Medium,Retail,Winter
Barishal,Bhola,Bhola Bazar,Barley,BARI Barley-7,Barley Flour,26,4061,4399,4230,2/16/2024,Grade B,High,Medium,Retail,Winter
Chattogram,Chattogram,Agrabad Market,Barley,BARI Barley-7,Barley Flour,35,6538,7082,6810,4/6/2021,Premium,Medium,Low,Wholesale,Winter
Rajshahi,Bogura,Satmatha Market,Barley,BARI Barley-7,Barley Flour,450,9972,10804,10388,1/30/2024,Grade A,Low,Medium,Wholesale,Winter
Rajshahi,Naogaon,Naogaon Sadar Market,Barley,BARI Barley-7,Barley Flour,35,12109,13119,12614,11/1/2023,Grade A,Medium,High,Retail,Winter
Khulna,Jashore,Jashore Bazar,Barley,BARI Barley-7,Barley Flour,3,9616,10418,10017,8/8/2023,Grade A,Medium,Medium,Wholesale,Winter
Dhaka,Manikganj,Manikganj Bazar,Barley,BARI Barley-7,Barley Flour,20,4282,4638,4460,1/15/2024,Grade B,Medium,High,Retail,Winter
Chattogram,Chattogram,Agrabad Market,Barley,BARI Barley-7,Barley Flour,1,1038,1124,1081,8/3/2021,Grade C,Medium,Medium,Wholesale,Winter
Rajshahi,Naogaon,Naogaon Sadar Market,Barley,BARI Barley-7,Barley Flour,260,5511,5971,5741,2/22/2022,Grade C,Medium,Medium,Wholesale,Winter
Barishal,Barishal,Nathullabad Market,Barley,BARI Barley-7,Barley Flour,55,5808,6292,6050,1/25/2022,Grade B,High,Medium,Wholesale,Winter
Dhaka,Gazipur,Joydebpur Market,Barley,BARI Barley-7,Barley Flour,95,3466,3754,3610,10/12/2020,Grade B,High,Medium,Wholesale,Winter
Barishal,Barishal,Nathullabad Market,Barley,BARI Barley-7,Barley Flour,115,3881,4205,4043,5/8/2020,Premium,High,Medium,Wholesale,Winter
Chattogram,Feni,Feni Sadar Market,Barley,BARI Barley-7,Barley Flour,35,2442,2646,2544,3/25/2021,Grade A,Low,Low,Retail,Winter
Chattogram,Cumilla,Kandirpar Market,Barley,BARI Barley-7,Barley Flour,6,3518,3812,3665,12/5/2020,Grade B,High,Low,Wholesale,Winter
Dhaka,Narayanganj,Chashara Market,Barley,BARI Barley-7,Barley Flour,39.3,9997,10831,10414,11/27/2024,Grade A,High,Medium,Retail,Winter
Dhaka,Dhaka,Karwan Bazar,Barley,BARI Barley-7,Barley Flour,314.7,4604,4988,4796,7/19/2024,Premium,Medium,High,Wholesale,Winter
Dhaka,Narayanganj,Chashara Market,Barley,BARI Barley-7,Barley Flour,9,7903,8561,8232,2/10/2023,Premium,Medium,Low,Wholesale,Winter
Khulna,Kushtia,Kushtia Boro Bazar,Barley,BARI Barley-7,Barley Flour,23,4560,4940,4750,6/19/2023,Grade B,Medium,Medium,Retail,Winter
Barishal,Barishal,Nathullabad Market,Barley,BARI Barley-7,Barley Flour,34,7891,8549,8220,3/10/2023,Grade A,Low,Medium,Wholesale,Winter
Barishal,Bhola,Bhola Bazar,Barley,BARI Barley-7,Barley Flour,99.7,4027,4363,4195,9/27/2024,Grade C,Medium,Low,Retail,Winter
Dhaka,Gazipur,Joydebpur Market,Barley,BARI Barley-7,Barley Flour,27,5007,5425,5216,1/18/2022,Grade C,High,Medium,Wholesale,Winter
Chattogram,Chattogram,Agrabad Market,Barley,BARI Barley-7,Barley Flour,140,7080,7670,7375,4/7/2022,Grade B,Medium,High,Retail,Winter
Chattogram,Chattogram,Agrabad Market,Barley,BARI Barley-7,Barley Flour,12.3,2381,2579,2480,7/6/2024,Grade A,Medium,Low,Wholesale,Winter
Barishal,Patuakhali,Patuakhali Sadar Market,Barley,BARI Barley-7,Barley Flour,36,3590,3890,3740,10/5/2023,Grade C,Low,Low,Retail,Winter
Khulna,Kushtia,Kushtia Boro Bazar,Barley,BARI Barley-7,Barley Flour,19,7836,8488,8162,12/28/2022,Grade A,Medium,Medium,Wholesale,Winter
Khulna,Khulna,Khulna New Market,Barley,BARI Barley-7,Barley Flour,52,6138,6650,6394,7/20/2023,Grade C,Medium,Medium,Retail,Winter
Dhaka,Dhaka,Karwan Bazar,Barley,BARI Barley-7,Barley Flour,1,7327,7937,7632,1/8/2024,Grade A,Medium,High,Wholesale,Winter
Dhaka,Dhaka,Karwan Bazar,Barley,BARI Barley-7,Barley Flour,22,4681,5071,4876,3/11/2020,Grade A,Medium,Medium,Retail,Winter
Rajshahi,Bogura,Satmatha Market,Barley,BARI Barley-7,Barley Flour,300,6340,6868,6604,5/24/2021,Grade A,Medium,High,Wholesale,Winter
Dhaka,Tangail,Tangail Sadar Market,Barley,BARI Barley-7,Barley Flour,274,4512,4888,4700,2/11/2020,Grade B,High,Low,Wholesale,Winter
Dhaka,Dhaka,Karwan Bazar,Barley,BARI Barley-7,Barley Flour,15,5953,6449,6201,12/22/2021,Grade A,High,Low,Retail,Winter
Chattogram,Cox's Bazar,Cox's Bazar Market,Barley,BARI Barley-7,Barley Flour,3,8395,9095,8745,12/30/2021,Grade A,Low,Medium,Wholesale,Winter
Dhaka,Gazipur,Joydebpur Market,Barley,BARI Barley-7,Barley Flour,120,8090,8764,8427,3/24/2023,Grade A,Medium,Low,Retail,Winter
Chattogram,Cumilla,Kandirpar Market,Barley,BARI Barley-7,Barley Flour,11,6063,6569,6316,2/8/2024,Grade C,Medium,Medium,Wholesale,Winter
Dhaka,Manikganj,Manikganj Bazar,Barley,BARI Barley-7,Barley Flour,33,7123,7717,7420,11/7/2022,Grade A,High,Medium,Retail,Winter
Chattogram,Feni,Feni Sadar Market,Barley,BARI Barley-7,Barley Flour,9,11349,12295,11822,10/20/2023,Premium,Medium,Low,Wholesale,Winter
Dhaka,Manikganj,Manikganj Bazar,Barley,BARI Barley-7,Barley Flour,4,2496,2704,2600,10/3/2024,Grade B,Low,Medium,Wholesale,Winter
Chattogram,Feni,Feni Sadar Market,Barley,BARI Barley-7,Barley Flour,11,2084,2258,2171,4/4/2024,Grade C,High,High,Retail,Winter
Chattogram,Cox's Bazar,Cox's Bazar Market,Barley,BARI Barley-7,Barley Flour,17,3557,3853,3705,3/14/2020,Grade A,Medium,Medium,Wholesale,Winter
Khulna,Khulna,Khulna New Market,Barley,BARI Barley-7,Barley Flour,15,4681,5071,4876,9/2/2023,Grade A,Medium,Medium,Wholesale,Winter
Dhaka,Dhaka,Karwan Bazar,Barley,BARI Barley-7,Barley Flour,103,10566,11446,11006,2/22/2024,Premium,Low,Medium,Wholesale,Winter
Dhaka,Gazipur,Joydebpur Market,Barley,BARI Barley-7,Barley Flour,11,7634,8270,7952,10/10/2022,Premium,Low,Low,Retail,Winter
Dhaka,Gazipur,Joydebpur Market,Barley,BARI Barley-7,Barley Flour,2,3264,3536,3400,3/11/2020,Grade B,High,Medium,Wholesale,Winter
Dhaka,Dhaka,Karwan Bazar,Barley,BARI Barley-7,Barley Flour,10,5660,6132,5896,12/13/2021,Grade A,Medium,Medium,Wholesale,Winter
Chattogram,Noakhali,Maijdee Bazar,Barley,BARI Barley-7,Barley Flour,90,2340,2536,2438,4/8/2024,Grade C,Low,Medium,Wholesale,Winter
Chattogram,Cox's Bazar,Cox's Bazar Market,Barley,BARI Barley-7,Barley Flour,4,1594,1726,1660,7/15/2021,Grade B,High,Medium,Wholesale,Winter
Barishal,Patuakhali,Patuakhali Sadar Market,Barley,BARI Barley-7,Barley Flour,3.8,2276,2466,2371,5/7/2024,Grade A,Medium,High,Wholesale,Winter
Chattogram,Feni,Feni Sadar Market,Barley,BARI Barley-7,Barley Flour,12,8246,8934,8590,7/26/2021,Grade B,High,Medium,Wholesale,Winter
Dhaka,Dhaka,Karwan Bazar,Barley,BARI Barley-7,Barley Flour,30,3600,3900,3750,5/28/2020,Grade B,Low,High,Wholesale,Winter
Khulna,Jashore,Jashore Bazar,Barley,BARI Barley-7,Barley Flour,4.5,10848,11752,11300,7/8/2024,Grade B,Medium,Low,Retail,Winter
Rajshahi,Pabna,Pabna Sadar Market,Barley,BARI Barley-7,Barley Flour,2,2640,2860,2750,8/5/2023,Grade B,Low,Low,Retail,Winter
Rajshahi,Pabna,Pabna Sadar Market,Barley,BARI Barley-7,Barley Flour,800,4886,5294,5090,11/23/2023,Grade B,Medium,Low,Retail,Winter
Chattogram,Cumilla,Kandirpar Market,Barley,BARI Barley-7,Barley Flour,1,936,1014,975,1/15/2021,Grade B,Low,Medium,Wholesale,Winter
Chattogram,Cumilla,Kandirpar Market,Barley,BARI Barley-7,Barley Flour,70.8,9888,10712,10300,6/15/2024,Grade B,Medium,Low,Retail,Winter
Dhaka,Dhaka,Karwan Bazar,Barley,BARI Barley-7,Barley Flour,3,4265,4621,4443,10/27/2022,Grade B,High,High,Retail,Winter
Chattogram,Noakhali,Maijdee Bazar,Barley,BARI Barley-7,Barley Flour,15,4294,4652,4473,6/4/2024,Grade A,Low,High,Retail,Winter
Rajshahi,Pabna,Pabna Sadar Market,Barley,BARI Barley-7,Barley Flour,23,9133,9895,9514,12/27/2023,Grade A,High,Low,Retail,Winter
Barishal,Bhola,Bhola Bazar,Barley,BARI Barley-7,Barley Flour,121,4800,5200,5000,11/4/2022,Grade B,Medium,High,Retail,Winter
Dhaka,Narayanganj,Chashara Market,Barley,BARI Barley-7,Barley Flour,19,3096,3354,3225,2/27/2020,Grade C,Medium,High,Retail,Winter
Chattogram,Noakhali,Maijdee Bazar,Barley,BARI Barley-7,Barley Flour,7,10128,10972,10550,11/23/2023,Grade B,Medium,Medium,Retail,Winter
Chattogram,Chattogram,Agrabad Market,Barley,BARI Barley-7,Barley Flour,409,5568,6032,5800,2/3/2021,Grade B,Medium,Medium,Retail,Winter
Chattogram,Chattogram,Agrabad Market,Barley,BARI Barley-7,Barley Flour,9,4239,4593,4416,9/5/2023,Grade C,Low,Low,Wholesale,Winter
Chattogram,Noakhali,Maijdee Bazar,Barley,BARI Barley-7,Barley Flour,7,1572,1704,1638,2/12/2022,Grade C,Medium,Medium,Retail,Winter
Dhaka,Dhaka,Karwan Bazar,Barley,BARI Barley-7,Barley Flour,63,2400,2600,2500,3/10/2023,Grade B,High,Medium,Wholesale,Winter
Barishal,Barishal,Nathullabad Market,Barley,BARI Barley-7,Barley Flour,5,1976,2140,2058,6/26/2023,Grade C,Low,Medium,Wholesale,Winter
Khulna,Satkhira,Satkhira Market,Barley,BARI Barley-7,Barley Flour,6,7440,8060,7750,3/6/2023,Grade B,Medium,Low,Retail,Winter
Dhaka,Gazipur,Joydebpur Market,Barley,BARI Barley-7,Barley Flour,95,5705,6181,5943,1/25/2023,Grade C,Medium,Medium,Wholesale,Winter
Khulna,Kushtia,Kushtia Boro Bazar,Barley,BARI Barley-7,Barley Flour,17,6240,6760,6500,4/19/2021,Grade B,High,High,Wholesale,Winter
Dhaka,Dhaka,Karwan Bazar,Barley,BARI Barley-7,Barley Flour,9.6,2517,2727,2622,10/28/2024,Grade C,Medium,Low,Retail,Winter
Barishal,Bhola,Bhola Bazar,Barley,BARI Barley-7,Barley Flour,44,5484,5940,5712,6/1/2020,Premium,Low,High,Wholesale,Winter
Chattogram,Cumilla,Kandirpar Market,Barley,BARI Barley-7,Barley Flour,8,1679,1819,1749,7/12/2021,Grade A,Medium,High,Wholesale,Winter
Dhaka,Tangail,Tangail Sadar Market,Barley,BARI Barley-7,Barley Flour,160,7225,7827,7526,7/20/2022,Grade A,Medium,Low,Retail,Winter
Dhaka,Manikganj,Manikganj Bazar,Barley,BARI Barley-7,Barley Flour,15,7314,7924,7619,4/27/2023,Grade C,Low,Low,Wholesale,Winter
Chattogram,Cumilla,Kandirpar Market,Barley,BARI Barley-7,Barley Flour,7,1505,1631,1568,11/12/2020,Premium,Low,Low,Wholesale,Winter
Dhaka,Manikganj,Manikganj Bazar,Barley,BARI Barley-7,Barley Flour,4,1972,2136,2054,7/27/2022,Grade B,Low,High,Wholesale,Winter
Rajshahi,Pabna,Pabna Sadar Market,Barley,BARI Barley-7,Barley Flour,250,2635,2855,2745,5/3/2024,Grade A,High,Low,Retail,Winter
Khulna,Satkhira,Satkhira Market,Barley,BARI Barley-7,Barley Flour,5,5683,6157,5920,7/19/2021,Grade B,Medium,Medium,Retail,Winter
Dhaka,Narayanganj,Chashara Market,Barley,BARI Barley-7,Barley Flour,141.1,2296,2488,2392,3/7/2024,Grade C,Low,Low,Wholesale,Winter
Khulna,Jashore,Jashore Bazar,Barley,BARI Barley-7,Barley Flour,71,5078,5502,5290,2/22/2021,Grade C,Medium,Medium,Retail,Winter
Dhaka,Gazipur,Joydebpur Market,Barley,BARI Barley-7,Barley Flour,51,5495,5953,5724,11/16/2021,Grade A,Medium,Medium,Retail,Winter
Barishal,Barishal,Nathullabad Market,Barley,BARI Barley-7,Barley Flour,5,5953,6449,6201,1/30/2024,Grade A,High,Medium,Retail,Winter
Barishal,Barishal,Nathullabad Market,Barley,BARI Barley-7,Barley Flour,65,5050,5470,5260,1/17/2023,Grade B,Medium,Low,Retail,Winter
Chattogram,Chattogram,Agrabad Market,Barley,BARI Barley-7,Barley Flour,3.9,2515,2725,2620,10/26/2024,Grade B,High,Medium,Retail,Winter
Chattogram,Noakhali,Maijdee Bazar,Barley,BARI Barley-7,Barley Flour,91,5712,6188,5950,7/20/2022,Grade B,Low,Medium,Retail,Winter
Barishal,Bhola,Bhola Bazar,Barley,BARI Barley-7,Barley Flour,110,6081,6587,6334,11/30/2021,Grade A,Low,Low,Wholesale,Winter
Barishal,Bhola,Bhola Bazar,Barley,BARI Barley-7,Barley Flour,1,1344,1456,1400,5/29/2020,Grade B,Low,Medium,Retail,Winter
Dhaka,Gazipur,Joydebpur Market,Barley,BARI Barley-7,Barley Flour,369.4,4579,4961,4770,4/24/2024,Grade A,High,Low,Wholesale,Winter
Dhaka,Gazipur,Joydebpur Market,Barley,BARI Barley-7,Barley Flour,8,2327,2521,2424,6/30/2022,Grade A,Low,High,Retail,Winter
Khulna,Kushtia,Kushtia Boro Bazar,Barley,BARI Barley-7,Barley Flour,10,4239,4593,4416,11/29/2023,Grade C,Low,Medium,Retail,Winter
Barishal,Patuakhali,Patuakhali Sadar Market,Barley,BARI Barley-7,Barley Flour,31,6077,6583,6330,3/12/2021,Grade B,Medium,High,Retail,Winter
Chattogram,Cumilla,Kandirpar Market,Barley,BARI Barley-7,Barley Flour,4,2031,2201,2116,7/5/2023,Grade C,Medium,High,Retail,Winter
Khulna,Kushtia,Kushtia Boro Bazar,Barley,BARI Barley-7,Barley Flour,9,7683,8323,8003,3/27/2023,Grade A,Low,Medium,Wholesale,Winter
Barishal,Patuakhali,Patuakhali Sadar Market,Barley,BARI Barley-7,Barley Flour,2,1229,1331,1280,4/7/2021,Premium,Medium,Low,Retail,Winter
Barishal,Bhola,Bhola Bazar,Barley,BARI Barley-7,Barley Flour,1,1745,1891,1818,6/23/2020,Grade A,Medium,Medium,Wholesale,Winter
Khulna,Khulna,Khulna New Market,Barley,BARI Barley-7,Barley Flour,72,9972,10804,10388,3/2/2022,Grade A,Low,Medium,Retail,Winter
Barishal,Barishal,Nathullabad Market,Barley,BARI Barley-7,Barley Flour,24,5329,5773,5551,8/5/2020,Grade B,High,Medium,Wholesale,Winter
Barishal,Barishal,Nathullabad Market,Barley,BARI Barley-7,Barley Flour,3,2027,2195,2111,6/14/2023,Grade C,Low,Medium,Retail,Winter
Chattogram,Cox's Bazar,Cox's Bazar Market,Barley,BARI Barley-7,Barley Flour,10,2300,2492,2396,7/9/2024,Grade A,Medium,Medium,Wholesale,Winter
Dhaka,Dhaka,Karwan Bazar,Barley,BARI Barley-7,Barley Flour,17,3754,4066,3910,3/1/2024,Grade C,Low,Low,Retail,Winter
Khulna,Satkhira,Satkhira Market,Barley,BARI Barley-7,Barley Flour,32,5760,6240,6000,2/14/2022,Grade B,Low,High,Retail,Winter
Dhaka,Gazipur,Joydebpur Market,Barley,BARI Barley-7,Barley Flour,34,5568,6032,5800,4/20/2020,Grade B,Medium,Medium,Retail,Winter
Dhaka,Dhaka,Karwan Bazar,Barley,BARI Barley-7,Barley Flour,12,5520,5980,5750,6/25/2020,Grade A,Medium,Medium,Retail,Winter
Khulna,Satkhira,Satkhira Market,Barley,BARI Barley-7,Barley Flour,29,6989,7571,7280,2/26/2021,Premium,Medium,Medium,Wholesale,Winter
Chattogram,Chattogram,Agrabad Market,Barley,BARI Barley-7,Barley Flour,34,4516,4892,4704,6/6/2024,Premium,Low,Medium,Retail,Winter
Dhaka,Gazipur,Joydebpur Market,Barley,BARI Barley-7,Barley Flour,90,6136,6648,6392,7/26/2021,Grade A,Medium,Low,Wholesale,Winter
Rajshahi,Pabna,Pabna Sadar Market,Barley,BARI Barley-7,Barley Flour,25,9394,10176,9785,7/6/2023,Grade B,Medium,Medium,Wholesale,Winter
Dhaka,Gazipur,Joydebpur Market,Barley,BARI Barley-7,Barley Flour,1.5,2258,2446,2352,6/14/2024,Premium,Medium,Low,Retail,Winter
Barishal,Patuakhali,Patuakhali Sadar Market,Barley,BARI Barley-7,Barley Flour,4.1,11884,12874,12379,5/20/2024,Grade A,Medium,Medium,Wholesale,Winter
Chattogram,Cumilla,Kandirpar Market,Barley,BARI Barley-7,Barley Flour,76,5699,6173,5936,11/29/2021,Premium,Medium,Low,Retail,Winter
Chattogram,Chattogram,Agrabad Market,Barley,BARI Barley-7,Barley Flour,384,3153,3415,3284,11/2/2020,Grade C,Medium,Medium,Retail,Winter
Rajshahi,Bogura,Satmatha Market,Barley,BARI Barley-7,Barley Flour,120,2478,2684,2581,2/15/2024,Grade A,Medium,High,Retail,Winter
Rajshahi,Bogura,Satmatha Market,Barley,BARI Barley-7,Barley Flour,240,5549,6011,5780,5/17/2022,Grade B,High,Medium,Retail,Winter
Dhaka,Narayanganj,Chashara Market,Barley,BARI Barley-7,Barley Flour,20,1968,2132,2050,5/9/2023,Grade B,High,Low,Retail,Winter
Dhaka,Manikganj,Manikganj Bazar,Barley,BARI Barley-7,Barley Flour,12.4,10365,11229,10797,9/9/2024,Premium,High,High,Wholesale,Winter
Dhaka,Manikganj,Manikganj Bazar,Barley,BARI Barley-7,Barley Flour,15.9,3657,3961,3809,3/13/2024,Grade C,Medium,Medium,Retail,Winter
Dhaka,Dhaka,Karwan Bazar,Barley,BARI Barley-7,Barley Flour,1,6240,6760,6500,7/1/2021,Grade B,Medium,High,Retail,Winter
Khulna,Kushtia,Kushtia Boro Bazar,Barley,BARI Barley-7,Barley Flour,2,4681,5071,4876,8/5/2023,Grade A,Medium,Low,Wholesale,Winter
Dhaka,Tangail,Tangail Sadar Market,Barley,BARI Barley-7,Barley Flour,12,1872,2028,1950,1/15/2022,Grade B,Low,High,Retail,Winter
Dhaka,Tangail,Tangail Sadar Market,Barley,BARI Barley-7,Barley Flour,15,7433,8053,7743,12/19/2022,Grade A,Medium,Medium,Retail,Winter
Khulna,Satkhira,Satkhira Market,Barley,BARI Barley-7,Barley Flour,12,4858,5262,5060,7/21/2022,Grade C,High,Medium,Retail,Winter
Chattogram,Chattogram,Agrabad Market,Barley,BARI Barley-7,Barley Flour,13,1656,1794,1725,10/18/2021,Grade B,Low,Medium,Wholesale,Winter
Dhaka,Dhaka,Karwan Bazar,Barley,BARI Barley-7,Barley Flour,8,7200,7800,7500,8/22/2022,Grade B,Low,Medium,Wholesale,Winter
Barishal,Patuakhali,Patuakhali Sadar Market,Barley,BARI Barley-7,Barley Flour,2,2724,2952,2838,12/26/2022,Grade A,Medium,High,Retail,Winter
Chattogram,Noakhali,Maijdee Bazar,Barley,BARI Barley-7,Barley Flour,16,10250,11104,10677,10/21/2023,Grade C,High,Medium,Retail,Winter
Barishal,Patuakhali,Patuakhali Sadar Market,Barley,BARI Barley-7,Barley Flour,37.3,3769,4083,3926,4/3/2024,Grade C,High,Medium,Wholesale,Winter
Barishal,Bhola,Bhola Bazar,Barley,BARI Barley-7,Barley Flour,2.3,2558,2772,2665,11/26/2024,Grade B,Low,High,Retail,Winter
Khulna,Jashore,Jashore Bazar,Barley,BARI Barley-7,Barley Flour,123,8568,9282,8925,12/22/2021,Grade A,Low,Low,Wholesale,Winter
Chattogram,Cumilla,Kandirpar Market,Barley,BARI Barley-7,Barley Flour,147,3798,4114,3956,3/27/2024,Grade C,Low,Low,Retail,Winter
Chattogram,Feni,Feni Sadar Market,Barley,BARI Barley-7,Barley Flour,111,3135,3397,3266,7/2/2020,Grade C,Medium,Medium,Wholesale,Winter
Chattogram,Cox's Bazar,Cox's Bazar Market,Barley,BARI Barley-7,Barley Flour,1,2849,3087,2968,10/20/2022,Grade A,Medium,Low,Retail,Winter
Dhaka,Gazipur,Joydebpur Market,Barley,BARI Barley-7,Barley Flour,2,6004,6504,6254,11/16/2021,Grade A,Low,Medium,Retail,Winter
Khulna,Satkhira,Satkhira Market,Barley,BARI Barley-7,Barley Flour,7,9715,10525,10120,4/10/2022,Grade C,Medium,Medium,Wholesale,Winter
Dhaka,Narayanganj,Chashara Market,Barley,BARI Barley-7,Barley Flour,5,9108,9866,9487,12/28/2023,Grade A,Low,Medium,Wholesale,Winter
Rajshahi,Bogura,Satmatha Market,Barley,BARI Barley-7,Barley Flour,22,2228,2414,2321,1/28/2020,Grade A,High,High,Wholesale,Winter
Barishal,Patuakhali,Patuakhali Sadar Market,Barley,BARI Barley-7,Barley Flour,3,10325,11185,10755,7/5/2023,Premium,Low,Medium,Retail,Winter
Dhaka,Manikganj,Manikganj Bazar,Barley,BARI Barley-7,Barley Flour,3,3842,4162,4002,8/31/2023,Grade C,High,Medium,Retail,Winter
Chattogram,Feni,Feni Sadar Market,Barley,BARI Barley-7,Barley Flour,105,6720,7280,7000,7/22/2022,Grade B,Medium,Medium,Retail,Winter
Dhaka,Gazipur,Joydebpur Market,Barley,BARI Barley-7,Barley Flour,40,3960,4290,4125,8/23/2024,Grade B,Medium,Medium,Retail,Winter
Dhaka,Tangail,Tangail Sadar Market,Barley,BARI Barley-7,Barley Flour,72,5101,5527,5314,1/3/2022,Grade C,High,Medium,Wholesale,Winter
Chattogram,Noakhali,Maijdee Bazar,Barley,BARI Barley-7,Barley Flour,7,1501,1627,1564,7/16/2020,Grade C,Medium,Low,Wholesale,Winter
Khulna,Jashore,Jashore Bazar,Barley,BARI Barley-7,Barley Flour,120,4176,4524,4350,10/15/2021,Grade B,Medium,Low,Wholesale,Winter
Dhaka,Narayanganj,Chashara Market,Barley,BARI Barley-7,Barley Flour,30,9274,10046,9660,8/26/2024,Grade C,Medium,Medium,Wholesale,Winter
Chattogram,Noakhali,Maijdee Bazar,Barley,BARI Barley-7,Barley Flour,8,2500,2708,2604,10/19/2023,Grade C,Low,Medium,Retail,Winter
Dhaka,Narayanganj,Chashara Market,Barley,BARI Barley-7,Barley Flour,90,3135,3397,3266,12/11/2020,Grade C,High,Medium,Retail,Winter
Chattogram,Feni,Feni Sadar Market,Barley,BARI Barley-7,Barley Flour,9,2316,2508,2412,10/12/2022,Grade A,High,Low,Wholesale,Winter
Dhaka,Manikganj,Manikganj Bazar,Barley,BARI Barley-7,Barley Flour,8,3820,4138,3979,10/6/2023,Grade C,High,High,Retail,Winter
Dhaka,Dhaka,Karwan Bazar,Barley,BARI Barley-7,Barley Flour,33,1935,2097,2016,6/30/2021,Premium,Medium,High,Wholesale,Winter
Dhaka,Gazipur,Joydebpur Market,Barley,BARI Barley-7,Barley Flour,"1,050.00",2188,2370,2279,5/4/2023,Grade A,Low,Medium,Retail,Winter
Chattogram,Chattogram,Agrabad Market,Barley,BARI Barley-7,Barley Flour,360,5227,5663,5445,11/22/2022,Grade B,High,Medium,Retail,Winter
Chattogram,Feni,Feni Sadar Market,Barley,BARI Barley-7,Barley Flour,87.3,4408,4776,4592,7/18/2024,Premium,High,High,Wholesale,Winter
Khulna,Kushtia,Kushtia Boro Bazar,Barley,BARI Barley-7,Barley Flour,28,5299,5741,5520,3/12/2021,Grade C,Medium,Medium,Retail,Winter
Chattogram,Feni,Feni Sadar Market,Barley,BARI Barley-7,Barley Flour,3,2352,2548,2450,12/18/2020,Grade B,Medium,High,Wholesale,Winter
Barishal,Barishal,Nathullabad Market,Barley,BARI Barley-7,Barley Flour,11,5902,6394,6148,6/21/2022,Grade A,High,Low,Wholesale,Winter
Dhaka,Tangail,Tangail Sadar Market,Barley,BARI Barley-7,Barley Flour,16,4610,4994,4802,4/17/2020,Grade C,Medium,Medium,Retail,Winter
Dhaka,Narayanganj,Chashara Market,Barley,BARI Barley-7,Barley Flour,"1,550.00",4803,5203,5003,11/3/2023,Grade A,Medium,Low,Wholesale,Winter
Chattogram,Feni,Feni Sadar Market,Barley,BARI Barley-7,Barley Flour,511,5292,5732,5512,11/17/2023,Grade A,Medium,Low,Retail,Winter
Dhaka,Narayanganj,Chashara Market,Barley,BARI Barley-7,Barley Flour,6,6336,6864,6600,9/29/2022,Grade B,High,High,Retail,Winter
Chattogram,Cox's Bazar,Cox's Bazar Market,Barley,BARI Barley-7,Barley Flour,130,5232,5668,5450,1/6/2020,Grade B,Medium,High,Retail,Winter
Chattogram,Chattogram,Agrabad Market,Barley,BARI Barley-7,Barley Flour,8,4732,5126,4929,5/23/2020,Grade A,Medium,Medium,Wholesale,Winter
Khulna,Satkhira,Satkhira Market,Barley,BARI Barley-7,Barley Flour,4.4,4356,4718,4537,4/19/2024,Grade A,Low,Medium,Retail,Winter
Barishal,Patuakhali,Patuakhali Sadar Market,Barley,BARI Barley-7,Barley Flour,35,4320,4680,4500,12/6/2023,Grade B,Medium,Medium,Retail,Winter
Chattogram,Cox's Bazar,Cox's Bazar Market,Barley,BARI Barley-7,Barley Flour,3,1246,1350,1298,9/15/2021,Grade A,Low,Medium,Wholesale,Winter
Dhaka,Tangail,Tangail Sadar Market,Barley,BARI Barley-7,Barley Flour,30,10068,10908,10488,6/25/2024,Grade C,High,Medium,Wholesale,Winter
Barishal,Patuakhali,Patuakhali Sadar Market,Barley,BARI Barley-7,Barley Flour,28,3858,4180,4019,7/27/2024,Grade B,High,Low,Wholesale,Winter
Chattogram,Noakhali,Maijdee Bazar,Barley,BARI Barley-7,Barley Flour,222.4,4579,4961,4770,10/5/2024,Grade A,High,High,Wholesale,Winter
Dhaka,Narayanganj,Chashara Market,Barley,BARI Barley-7,Barley Flour,120,5088,5512,5300,2/27/2023,Grade A,High,Low,Wholesale,Winter
Chattogram,Feni,Feni Sadar Market,Barley,BARI Barley-7,Barley Flour,45,3709,4019,3864,8/24/2024,Grade C,Low,Low,Retail,Winter
Barishal,Barishal,Nathullabad Market,Barley,BARI Barley-7,Barley Flour,1,5048,5468,5258,12/14/2020,Grade A,Medium,Low,Wholesale,Winter
Rajshahi,Naogaon,Naogaon Sadar Market,Barley,BARI Barley-7,Barley Flour,6,1832,1984,1908,2/17/2022,Grade A,Medium,High,Retail,Winter
Chattogram,Cumilla,Kandirpar Market,Barley,BARI Barley-7,Barley Flour,10,6442,6978,6710,7/9/2022,Grade B,Low,Medium,Wholesale,Winter
Dhaka,Gazipur,Joydebpur Market,Barley,BARI Barley-7,Barley Flour,23,6315,6841,6578,3/11/2022,Grade C,High,Medium,Wholesale,Winter
Dhaka,Tangail,Tangail Sadar Market,Barley,BARI Barley-7,Barley Flour,13.6,3683,3989,3836,9/30/2024,Grade C,Medium,Medium,Wholesale,Winter
Chattogram,Noakhali,Maijdee Bazar,Barley,BARI Barley-7,Barley Flour,210,4860,5264,5062,12/4/2023,Grade A,Low,Low,Wholesale,Winter
Chattogram,Noakhali,Maijdee Bazar,Barley,BARI Barley-7,Barley Flour,30,5210,5644,5427,1/19/2023,Grade A,Low,High,Retail,Winter
Dhaka,Tangail,Tangail Sadar Market,Barley,BARI Barley-7,Barley Flour,1,9226,9994,9610,7/12/2023,Grade B,Low,High,Retail,Winter
Dhaka,Gazipur,Joydebpur Market,Barley,BARI Barley-7,Barley Flour,1.8,10473,11345,10909,9/25/2024,Premium,Medium,High,Retail,Winter
Dhaka,Manikganj,Manikganj Bazar,Barley,BARI Barley-7,Barley Flour,18,2607,2825,2716,9/12/2023,Premium,High,Low,Retail,Winter
Dhaka,Dhaka,Karwan Bazar,Barley,BARI Barley-7,Barley Flour,9,5917,6411,6164,2/3/2023,Grade C,High,Medium,Wholesale,Winter
Chattogram,Cox's Bazar,Cox's Bazar Market,Barley,BARI Barley-7,Barley Flour,20,2520,2730,2625,2/24/2024,Grade B,Medium,Medium,Retail,Winter
Rajshahi,Pabna,Pabna Sadar Market,Barley,BARI Barley-7,Barley Flour,105,6263,6785,6524,8/6/2021,Grade A,Medium,Medium,Wholesale,Winter
Chattogram,Noakhali,Maijdee Bazar,Barley,BARI Barley-7,Barley Flour,17,5820,6304,6062,11/24/2020,Grade A,Medium,Low,Wholesale,Winter
Chattogram,Cox's Bazar,Cox's Bazar Market,Barley,BARI Barley-7,Barley Flour,2,1170,1268,1219,7/13/2021,Grade A,Low,Low,Wholesale,Winter
Dhaka,Manikganj,Manikganj Bazar,Barley,BARI Barley-7,Barley Flour,9,1501,1627,1564,12/15/2020,Grade A,Medium,Medium,Retail,Winter
Khulna,Kushtia,Kushtia Boro Bazar,Barley,BARI Barley-7,Barley Flour,49.7,9871,10693,10282,3/27/2024,Grade A,Low,Low,Retail,Winter
Chattogram,Cumilla,Kandirpar Market,Barley,BARI Barley-7,Barley Flour,2,2239,2425,2332,9/26/2022,Grade A,High,Low,Wholesale,Winter
Dhaka,Narayanganj,Chashara Market,Barley,BARI Barley-7,Barley Flour,16,6004,6504,6254,4/22/2022,Grade A,Medium,Medium,Wholesale,Winter
Dhaka,Tangail,Tangail Sadar Market,Barley,BARI Barley-7,Barley Flour,30,1680,1820,1750,3/25/2021,Grade B,Low,Medium,Wholesale,Winter
Chattogram,Chattogram,Agrabad Market,Barley,BARI Barley-7,Barley Flour,4,1435,1555,1495,2/7/2020,Premium,Low,Low,Wholesale,Winter
Dhaka,Dhaka,Karwan Bazar,Barley,BARI Barley-7,Barley Flour,5,1344,1456,1400,1/20/2022,Grade B,Medium,Low,Wholesale,Winter
Dhaka,Narayanganj,Chashara Market,Barley,BARI Barley-7,Barley Flour,3,2742,2970,2856,11/25/2023,Premium,High,Medium,Wholesale,Winter
Dhaka,Narayanganj,Chashara Market,Barley,BARI Barley-7,Barley Flour,11.04,4645,5033,4839,8/4/2023,Grade B,Medium,High,Wholesale,Winter
Dhaka,Manikganj,Manikganj Bazar,Barley,BARI Barley-7,Barley Flour,2,1246,1350,1298,8/6/2020,Grade A,Medium,Medium,Retail,Winter
Dhaka,Gazipur,Joydebpur Market,Barley,BARI Barley-7,Barley Flour,3,1560,1690,1625,5/3/2021,Grade B,Medium,Low,Retail,Winter
Chattogram,Cumilla,Kandirpar Market,Barley,BARI Barley-7,Barley Flour,2.9,7632,8268,7950,3/30/2024,Grade A,High,Medium,Retail,Winter
Rajshahi,Pabna,Pabna Sadar Market,Barley,BARI Barley-7,Barley Flour,20,7008,7592,7300,10/22/2022,Grade B,Low,High,Wholesale,Winter
Khulna,Kushtia,Kushtia Boro Bazar,Barley,BARI Barley-7,Barley Flour,3,11194,12126,11660,9/26/2023,Grade A,Medium,High,Wholesale,Winter
Chattogram,Cox's Bazar,Cox's Bazar Market,Barley,BARI Barley-7,Barley Flour,40,11194,12126,11660,10/6/2023,Grade A,Medium,Low,Wholesale,Winter
Chattogram,Noakhali,Maijdee Bazar,Barley,BARI Barley-7,Barley Flour,146.9,4376,4740,4558,6/5/2024,Grade A,High,Low,Retail,Winter
Barishal,Bhola,Bhola Bazar,Barley,BARI Barley-7,Barley Flour,4,1927,2087,2007,7/14/2022,Grade C,High,Medium,Retail,Winter
Dhaka,Manikganj,Manikganj Bazar,Barley,BARI Barley-7,Barley Flour,40,5976,6474,6225,9/4/2020,Grade B,Medium,Low,Retail,Winter
Dhaka,Dhaka,Karwan Bazar,Barley,BARI Barley-7,Barley Flour,19,6818,7386,7102,4/9/2021,Grade A,High,High,Retail,Winter
Dhaka,Narayanganj,Chashara Market,Barley,BARI Barley-7,Barley Flour,0.3,2270,2460,2365,10/24/2024,Grade C,High,Low,Wholesale,Winter
Dhaka,Manikganj,Manikganj Bazar,Barley,BARI Barley-7,Barley Flour,75,1943,2105,2024,4/8/2023,Grade C,Low,Medium,Retail,Winter
Khulna,Jashore,Jashore Bazar,Barley,BARI Barley-7,Barley Flour,194,8141,8819,8480,3/3/2023,Grade A,Low,Medium,Wholesale,Winter
Chattogram,Chattogram,Agrabad Market,Barley,BARI Barley-7,Barley Flour,154,4142,4488,4315,7/26/2023,Grade C,Low,Low,Retail,Winter
Dhaka,Narayanganj,Chashara Market,Barley,BARI Barley-7,Barley Flour,9,2178,2360,2269,6/23/2022,Grade A,Medium,Low,Wholesale,Winter
Chattogram,Feni,Feni Sadar Market,Barley,BARI Barley-7,Barley Flour,5,1679,1819,1749,7/13/2021,Grade A,Medium,High,Retail,Winter
Dhaka,Manikganj,Manikganj Bazar,Barley,BARI Barley-7,Barley Flour,2,2595,2811,2703,2/15/2023,Grade A,High,Medium,Wholesale,Winter
Chattogram,Chattogram,Agrabad Market,Barley,BARI Barley-7,Barley Flour,10,1501,1627,1564,9/2/2021,Grade C,High,Medium,Retail,Winter
Rajshahi,Pabna,Pabna Sadar Market,Barley,BARI Barley-7,Barley Flour,230,5962,6458,6210,1/31/2023,Grade C,High,Medium,Wholesale,Winter
Barishal,Bhola,Bhola Bazar,Barley,BARI Barley-7,Barley Flour,49,4964,5378,5171,6/7/2023,Premium,Low,Medium,Wholesale,Winter
Dhaka,Manikganj,Manikganj Bazar,Barley,BARI Barley-7,Barley Flour,11,9065,9821,9443,3/30/2024,Grade B,High,Low,Wholesale,Winter
Dhaka,Gazipur,Joydebpur Market,Barley,BARI Barley-7,Barley Flour,0.4,8447,9151,8799,10/17/2024,Grade A,Medium,High,Retail,Winter
Khulna,Satkhira,Satkhira Market,Barley,BARI Barley-7,Barley Flour,5,5652,6124,5888,6/18/2021,Grade C,Low,Medium,Retail,Winter
Chattogram,Noakhali,Maijdee Bazar,Barley,BARI Barley-7,Barley Flour,165,8302,8994,8648,2/26/2024,Grade C,Medium,Medium,Retail,Winter
Dhaka,Tangail,Tangail Sadar Market,Barley,BARI Barley-7,Barley Flour,3.1,3806,4124,3965,9/5/2024,Grade C,Medium,Low,Wholesale,Winter
Chattogram,Noakhali,Maijdee Bazar,Barley,BARI Barley-7,Barley Flour,4,1811,1961,1886,6/26/2024,Grade C,Low,Low,Retail,Winter
Rajshahi,Rajshahi,Shaheb Bazar,Barley,BARI Barley-7,Barley Flour,160,7789,8439,8114,2/28/2023,Grade A,Low,Medium,Wholesale,Winter
Khulna,Khulna,Khulna New Market,Barley,BARI Barley-7,Barley Flour,247.2,6359,6889,6624,12/2/2024,Grade C,Medium,Medium,Wholesale,Winter
Dhaka,Tangail,Tangail Sadar Market,Barley,BARI Barley-7,Barley Flour,5,9922,10748,10335,8/11/2023,Grade A,High,Low,Retail,Winter
Dhaka,Gazipur,Joydebpur Market,Barley,BARI Barley-7,Barley Flour,11,2037,2207,2122,7/26/2022,Grade C,Medium,Medium,Retail,Winter
Khulna,Kushtia,Kushtia Boro Bazar,Barley,BARI Barley-7,Barley Flour,6,6156,6670,6413,1/21/2022,Grade A,Medium,High,Retail,Winter
Chattogram,Chattogram,Agrabad Market,Barley,BARI Barley-7,Barley Flour,205,6960,7540,7250,2/25/2023,Grade B,Medium,Medium,Retail,Winter
Barishal,Bhola,Bhola Bazar,Barley,BARI Barley-7,Barley Flour,23,7364,7978,7671,9/2/2022,Grade A,High,Medium,Wholesale,Winter
Dhaka,Manikganj,Manikganj Bazar,Barley,BARI Barley-7,Barley Flour,497,4944,5356,5150,6/6/2020,Grade B,High,High,Wholesale,Winter
Rajshahi,Pabna,Pabna Sadar Market,Barley,BARI Barley-7,Barley Flour,16,1908,2068,1988,1/21/2022,Grade A,High,Low,Wholesale,Winter
Khulna,Khulna,Khulna New Market,Barley,BARI Barley-7,Barley Flour,260.7,6182,6698,6440,3/16/2024,Grade C,Medium,Medium,Retail,Winter
Dhaka,Manikganj,Manikganj Bazar,Barley,BARI Barley-7,Barley Flour,6.4,7555,8185,7870,4/3/2024,Grade A,Medium,Medium,Retail,Winter
Dhaka,Tangail,Tangail Sadar Market,Barley,BARI Barley-7,Barley Flour,13,1832,1984,1908,7/12/2021,Grade A,Medium,Medium,Retail,Winter
Chattogram,Feni,Feni Sadar Market,Barley,BARI Barley-7,Barley Flour,3,9462,10250,9856,8/24/2021,Premium,Low,High,Retail,Winter
Barishal,Bhola,Bhola Bazar,Barley,BARI Barley-7,Barley Flour,81,4800,5200,5000,3/3/2023,Grade B,Medium,High,Wholesale,Winter
Barishal,Barishal,Nathullabad Market,Barley,BARI Barley-7,Barley Flour,33,3643,3947,3795,6/23/2020,Grade A,Low,High,Retail,Winter
Chattogram,Cumilla,Kandirpar Market,Barley,BARI Barley-7,Barley Flour,10,2086,2260,2173,3/26/2022,Grade A,Medium,Medium,Wholesale,Winter
Dhaka,Manikganj,Manikganj Bazar,Barley,BARI Barley-7,Barley Flour,12,9784,10600,10192,7/30/2021,Premium,Low,Low,Retail,Winter
Dhaka,Manikganj,Manikganj Bazar,Barley,BARI Barley-7,Barley Flour,20,4063,4401,4232,2/22/2021,Grade C,Medium,Low,Retail,Winter
Dhaka,Dhaka,Karwan Bazar,Barley,BARI Barley-7,Barley Flour,1.5,2112,2288,2200,9/19/2024,Grade B,Medium,Medium,Wholesale,Winter
Chattogram,Chattogram,Agrabad Market,Barley,BARI Barley-7,Barley Flour,24,1526,1654,1590,9/7/2020,Grade A,Medium,Low,Wholesale,Winter
Dhaka,Manikganj,Manikganj Bazar,Barley,BARI Barley-7,Barley Flour,14,1653,1791,1722,9/28/2021,Grade B,Medium,Medium,Retail,Winter
Chattogram,Feni,Feni Sadar Market,Barley,BARI Barley-7,Barley Flour,124,6326,6854,6590,6/2/2021,Grade B,Low,Medium,Wholesale,Winter
Dhaka,Dhaka,Karwan Bazar,Barley,BARI Barley-7,Barley Flour,30,6156,6670,6413,8/10/2022,Grade A,Low,High,Retail,Winter
Dhaka,Manikganj,Manikganj Bazar,Barley,BARI Barley-7,Barley Flour,32,4565,4945,4755,2/18/2020,Grade B,Low,Low,Retail,Winter
Dhaka,Manikganj,Manikganj Bazar,Barley,BARI Barley-7,Barley Flour,0.5,2035,2205,2120,6/6/2024,Grade A,Medium,High,Retail,Winter
Khulna,Satkhira,Satkhira Market,Barley,BARI Barley-7,Barley Flour,35.7,4325,4685,4505,5/24/2024,Grade A,Medium,Medium,Retail,Winter
Rajshahi,Naogaon,Naogaon Sadar Market,Barley,BARI Barley-7,Barley Flour,132,6499,7041,6770,5/5/2021,Grade B,High,High,Wholesale,Winter
Dhaka,Gazipur,Joydebpur Market,Barley,BARI Barley-7,Barley Flour,10,5749,6229,5989,9/10/2020,Grade A,Low,Medium,Wholesale,Winter
Dhaka,Gazipur,Joydebpur Market,Barley,BARI Barley-7,Barley Flour,261,6636,7190,6913,6/5/2021,Grade B,Medium,Medium,Retail,Winter
Dhaka,Narayanganj,Chashara Market,Barley,BARI Barley-7,Barley Flour,4,1536,1664,1600,2/9/2021,Grade B,Medium,Medium,Retail,Winter
Rajshahi,Rajshahi,Shaheb Bazar,Barley,BARI Barley-7,Barley Flour,5,5490,5948,5719,12/21/2020,Grade A,Medium,Low,Wholesale,Winter
Dhaka,Dhaka,Karwan Bazar,Barley,BARI Barley-7,Barley Flour,0.3,1833,1985,1909,11/23/2024,Grade C,Medium,High,Wholesale,Winter
Dhaka,Gazipur,Joydebpur Market,Barley,BARI Barley-7,Barley Flour,5,1883,2039,1961,12/21/2021,Grade A,Low,Medium,Retail,Winter
Barishal,Patuakhali,Patuakhali Sadar Market,Barley,BARI Barley-7,Barley Flour,2.2,2150,2330,2240,7/1/2024,Grade C,Medium,Low,Retail,Winter
Barishal,Patuakhali,Patuakhali Sadar Market,Barley,BARI Barley-7,Barley Flour,2,5568,6032,5800,10/11/2021,Grade B,Medium,Medium,Retail,Winter
Dhaka,Narayanganj,Chashara Market,Barley,BARI Barley-7,Barley Flour,3,1832,1984,1908,5/6/2020,Grade A,Medium,Medium,Retail,Winter
Khulna,Satkhira,Satkhira Market,Barley,BARI Barley-7,Barley Flour,18,5000,5416,5208,7/13/2023,Premium,Low,High,Wholesale,Winter
Barishal,Bhola,Bhola Bazar,Barley,BARI Barley-7,Barley Flour,60,5353,5799,5576,12/19/2022,Grade A,Low,Low,Wholesale,Winter
Khulna,Kushtia,Kushtia Boro Bazar,Barley,BARI Barley-7,Barley Flour,239.2,6720,7280,7000,3/19/2024,Grade B,Medium,Low,Wholesale,Winter
Rajshahi,Bogura,Satmatha Market,Barley,BARI Barley-7,Barley Flour,18.5,2112,2288,2200,5/27/2024,Grade A,High,Low,Retail,Winter
Dhaka,Dhaka,Karwan Bazar,Barley,BARI Barley-7,Barley Flour,6,5568,6032,5800,7/26/2021,Grade B,Medium,Low,Wholesale,Winter
Dhaka,Tangail,Tangail Sadar Market,Barley,BARI Barley-7,Barley Flour,11,7325,7935,7630,11/1/2022,Grade B,Low,High,Retail,Winter
Rajshahi,Pabna,Pabna Sadar Market,Barley,BARI Barley-7,Barley Flour,400,4482,4856,4669,3/13/2023,Grade C,High,Medium,Retail,Winter
Chattogram,Chattogram,Agrabad Market,Barley,BARI Barley-7,Barley Flour,108,5616,6084,5850,7/25/2022,Grade B,Medium,High,Retail,Winter
Barishal,Patuakhali,Patuakhali Sadar Market,Barley,BARI Barley-7,Barley Flour,60,4930,5340,5135,7/27/2020,Grade C,Medium,High,Wholesale,Winter
Dhaka,Tangail,Tangail Sadar Market,Barley,BARI Barley-7,Barley Flour,23,4193,4543,4368,11/27/2020,Premium,High,High,Wholesale,Winter
Dhaka,Narayanganj,Chashara Market,Barley,BARI Barley-7,Barley Flour,10,6106,6614,6360,6/22/2022,Grade A,Medium,Medium,Retail,Winter
Dhaka,Dhaka,Karwan Bazar,Barley,BARI Barley-7,Barley Flour,155,5877,6367,6122,12/1/2021,Grade A,High,Medium,Wholesale,Winter
Chattogram,Noakhali,Maijdee Bazar,Barley,BARI Barley-7,Barley Flour,399,5568,6032,5800,1/28/2021,Grade B,Low,Low,Wholesale,Winter
Dhaka,Narayanganj,Chashara Market,Barley,BARI Barley-7,Barley Flour,0.7,9871,10693,10282,9/11/2024,Grade A,Medium,Medium,Wholesale,Winter
Dhaka,Tangail,Tangail Sadar Market,Barley,BARI Barley-7,Barley Flour,10,6513,7055,6784,3/21/2021,Grade A,High,Medium,Wholesale,Winter
Barishal,Bhola,Bhola Bazar,Barley,BARI Barley-7,Barley Flour,32,5978,6476,6227,8/11/2021,Grade B,Low,Medium,Retail,Winter
Chattogram,Cumilla,Kandirpar Market,Barley,BARI Barley-7,Barley Flour,24,1935,2097,2016,3/8/2021,Premium,Low,High,Wholesale,Winter
Dhaka,Gazipur,Joydebpur Market,Barley,BARI Barley-7,Barley Flour,1,2391,2591,2491,1/19/2024,Grade A,Low,Medium,Retail,Winter
Rajshahi,Bogura,Satmatha Market,Barley,BARI Barley-7,Barley Flour,250,4214,4566,4390,6/20/2024,Grade B,Medium,Medium,Retail,Winter
Dhaka,Gazipur,Joydebpur Market,Barley,BARI Barley-7,Barley Flour,280,3974,4306,4140,10/23/2021,Grade C,High,Low,Retail,Winter
Rajshahi,Naogaon,Naogaon Sadar Market,Barley,BARI Barley-7,Barley Flour,80,1740,1886,1813,7/24/2020,Grade A,Low,High,Wholesale,Winter
Dhaka,Dhaka,Karwan Bazar,Barley,BARI Barley-7,Barley Flour,223,6395,6927,6661,6/9/2022,Grade A,High,Medium,Retail,Winter
Khulna,Jashore,Jashore Bazar,Barley,BARI Barley-7,Barley Flour,42,6144,6656,6400,3/8/2021,Grade B,Medium,High,Wholesale,Winter
Chattogram,Cox's Bazar,Cox's Bazar Market,Barley,BARI Barley-7,Barley Flour,74,2340,2536,2438,3/27/2021,Grade A,High,High,Retail,Winter
Barishal,Bhola,Bhola Bazar,Cotton,CB Hybrid,Fiber Crops,17,1715,1857,1786,6/17/2021,Grade A,High,Medium,Retail,Summer
Dhaka,Dhaka,Karwan Bazar,Cotton,CB Hybrid,Fiber Crops,3,6712,7272,6992,1/5/2024,Grade C,Medium,Medium,Retail,Summer
Dhaka,Gazipur,Joydebpur Market,Cotton,CB Hybrid,Fiber Crops,659,5220,5654,5437,5/19/2022,Grade C,Low,Low,Retail,Summer
Dhaka,Manikganj,Manikganj Bazar,Cotton,CB Hybrid,Fiber Crops,101,10591,11473,11032,7/13/2023,Premium,Medium,Low,Wholesale,Summer
Dhaka,Narayanganj,Chashara Market,Cotton,CB Hybrid,Fiber Crops,100,2328,2522,2425,2/16/2023,Grade B,High,High,Wholesale,Summer
Dhaka,Tangail,Tangail Sadar Market,Cotton,CB Hybrid,Fiber Crops,6,2328,2522,2425,8/26/2023,Grade B,Medium,High,Retail,Summer
Dhaka,Manikganj,Manikganj Bazar,Cotton,CB Hybrid,Fiber Crops,3,7596,8228,7912,10/8/2020,Grade C,Medium,Medium,Wholesale,Summer
Dhaka,Tangail,Tangail Sadar Market,Cotton,CB Hybrid,Fiber Crops,4,3091,3349,3220,4/17/2020,Grade C,High,Medium,Wholesale,Summer
Chattogram,Cox's Bazar,Cox's Bazar Market,Cotton,CB Hybrid,Fiber Crops,292,5444,5898,5671,2/20/2020,Grade A,Low,Low,Retail,Summer
Chattogram,Cox's Bazar,Cox's Bazar Market,Cotton,CB Hybrid,Fiber Crops,5,2391,2591,2491,2/13/2021,Grade A,Medium,Medium,Retail,Summer
Dhaka,Dhaka,Karwan Bazar,Cotton,CB Hybrid,Fiber Crops,19,5702,6178,5940,6/16/2022,Grade B,Medium,Medium,Retail,Summer
Rajshahi,Pabna,Pabna Sadar Market,Cotton,CB Hybrid,Fiber Crops,350,4452,4824,4638,2/22/2024,Grade A,High,High,Retail,Summer
Rajshahi,Rajshahi,Shaheb Bazar,Cotton,CB Hybrid,Fiber Crops,20,1325,1435,1380,12/7/2020,Grade C,High,High,Wholesale,Summer
Dhaka,Dhaka,Karwan Bazar,Cotton,CB Hybrid,Fiber Crops,401,6274,6796,6535,4/11/2022,Grade C,High,Medium,Retail,Summer
Barishal,Patuakhali,Patuakhali Sadar Market,Cotton,CB Hybrid,Fiber Crops,33,4896,5304,5100,5/16/2020,Grade B,Medium,Medium,Retail,Summer
Rajshahi,Rajshahi,Shaheb Bazar,Cotton,CB Hybrid,Fiber Crops,85,10837,11741,11289,4/4/2024,Grade A,Medium,Medium,Wholesale,Summer
Dhaka,Gazipur,Joydebpur Market,Cotton,CB Hybrid,Fiber Crops,25,3069,3325,3197,6/2/2020,Grade C,Low,Low,Retail,Summer
Khulna,Satkhira,Satkhira Market,Cotton,CB Hybrid,Fiber Crops,4,8599,9315,8957,5/18/2023,Grade A,Medium,High,Retail,Summer
Chattogram,Cox's Bazar,Cox's Bazar Market,Cotton,CB Hybrid,Fiber Crops,4,936,1014,975,9/25/2021,Grade B,Medium,Medium,Wholesale,Summer
Barishal,Patuakhali,Patuakhali Sadar Market,Cotton,CB Hybrid,Fiber Crops,67,4752,5148,4950,11/12/2021,Grade B,Medium,Low,Wholesale,Summer
Chattogram,Noakhali,Maijdee Bazar,Cotton,CB Hybrid,Fiber Crops,3,2400,2600,2500,12/7/2020,Grade B,Medium,Medium,Wholesale,Summer
Rajshahi,Rajshahi,Shaheb Bazar,Cotton,CB Hybrid,Fiber Crops,13,2472,2678,2575,11/3/2022,Grade B,Low,Low,Wholesale,Summer
Dhaka,Manikganj,Manikganj Bazar,Cotton,CB Hybrid,Fiber Crops,1.5,2900,3142,3021,10/9/2024,Grade A,Medium,Medium,Retail,Summer
Dhaka,Tangail,Tangail Sadar Market,Cotton,CB Hybrid,Fiber Crops,6,5712,6188,5950,6/27/2022,Grade B,Medium,Medium,Retail,Summer
Dhaka,Gazipur,Joydebpur Market,Cotton,CB Hybrid,Fiber Crops,20,2634,2854,2744,12/29/2022,Premium,High,Medium,Wholesale,Summer
Dhaka,Dhaka,Karwan Bazar,Cotton,CB Hybrid,Fiber Crops,17,1582,1714,1648,9/18/2020,Grade A,High,Medium,Wholesale,Summer
Dhaka,Gazipur,Joydebpur Market,Cotton,CB Hybrid,Fiber Crops,5,5701,6177,5939,5/5/2022,Grade C,Medium,High,Wholesale,Summer
Dhaka,Narayanganj,Chashara Market,Cotton,CB Hybrid,Fiber Crops,2,2252,2440,2346,12/20/2023,Grade C,Medium,Medium,Wholesale,Summer
Dhaka,Gazipur,Joydebpur Market,Cotton,CB Hybrid,Fiber Crops,40,4813,5215,5014,1/20/2020,Grade C,Medium,High,Retail,Summer
Khulna,Jashore,Jashore Bazar,Cotton,CB Hybrid,Fiber Crops,12,1628,1764,1696,3/30/2021,Grade A,Medium,Medium,Retail,Summer
Rajshahi,Rajshahi,Shaheb Bazar,Cotton,CB Hybrid,Fiber Crops,0.5,4080,4420,4250,10/29/2024,Grade B,Medium,High,Retail,Summer
Rajshahi,Bogura,Satmatha Market,Cotton,CB Hybrid,Fiber Crops,480,4314,4674,4494,1/28/2021,Grade A,High,Medium,Wholesale,Summer
Rajshahi,Naogaon,Naogaon Sadar Market,Cotton,CB Hybrid,Fiber Crops,85,4924,5334,5129,10/27/2021,Grade C,High,Low,Retail,Summer
Khulna,Khulna,Khulna New Market,Cotton,CB Hybrid,Fiber Crops,75,5952,6448,6200,3/23/2022,Grade B,Medium,Low,Retail,Summer
Chattogram,Cox's Bazar,Cox's Bazar Market,Cotton,CB Hybrid,Fiber Crops,2,839,909,874,10/6/2020,Grade C,Low,Medium,Retail,Summer
Barishal,Barishal,Nathullabad Market,Cotton,CB Hybrid,Fiber Crops,17,3495,3787,3641,9/29/2020,Grade B,Medium,Medium,Retail,Summer
Chattogram,Chattogram,Agrabad Market,Cotton,CB Hybrid,Fiber Crops,4.7,2396,2596,2496,7/25/2024,Grade A,Low,Medium,Wholesale,Summer
Dhaka,Tangail,Tangail Sadar Market,Cotton,CB Hybrid,Fiber Crops,201.3,4362,4726,4544,7/10/2024,Grade A,Medium,Medium,Wholesale,Summer
Rajshahi,Pabna,Pabna Sadar Market,Cotton,CB Hybrid,Fiber Crops,7,2855,3093,2974,12/20/2022,Premium,Low,High,Retail,Summer
Rajshahi,Bogura,Satmatha Market,Cotton,CB Hybrid,Fiber Crops,400,3612,3914,3763,6/2/2020,Grade A,High,Medium,Retail,Summer
Dhaka,Tangail,Tangail Sadar Market,Cotton,CB Hybrid,Fiber Crops,10,1680,1820,1750,1/3/2022,Grade B,Low,Medium,Retail,Summer
Khulna,Jashore,Jashore Bazar,Cotton,CB Hybrid,Fiber Crops,5,5123,5549,5336,2/5/2022,Grade C,Medium,Low,Retail,Summer
Dhaka,Gazipur,Joydebpur Market,Cotton,CB Hybrid,Fiber Crops,2,2364,2560,2462,12/27/2023,Grade B,High,Medium,Wholesale,Summer
Khulna,Satkhira,Satkhira Market,Cotton,CB Hybrid,Fiber Crops,5,5040,5460,5250,5/26/2022,Grade B,Medium,Low,Retail,Summer
Chattogram,Cox's Bazar,Cox's Bazar Market,Cotton,CB Hybrid,Fiber Crops,120,3014,3266,3140,10/13/2020,Grade B,High,Medium,Wholesale,Summer
Rajshahi,Rajshahi,Shaheb Bazar,Cotton,CB Hybrid,Fiber Crops,3,2330,2524,2427,8/3/2024,Grade A,Low,High,Wholesale,Summer
Dhaka,Dhaka,Karwan Bazar,Cotton,CB Hybrid,Fiber Crops,15,1958,2122,2040,6/3/2020,Grade A,High,Medium,Retail,Summer
Barishal,Barishal,Nathullabad Market,Cotton,CB Hybrid,Fiber Crops,60,6818,7386,7102,4/20/2022,Grade A,Medium,Medium,Retail,Summer
Barishal,Bhola,Bhola Bazar,Cotton,CB Hybrid,Fiber Crops,1,7296,7904,7600,10/9/2020,Grade B,Medium,Low,Retail,Summer
Chattogram,Chattogram,Agrabad Market,Cotton,CB Hybrid,Fiber Crops,6,2340,2536,2438,1/9/2020,Grade A,High,Medium,Wholesale,Summer
Dhaka,Gazipur,Joydebpur Market,Cotton,CB Hybrid,Fiber Crops,32,5463,5919,5691,12/21/2022,Premium,High,Low,Retail,Summer
Dhaka,Manikganj,Manikganj Bazar,Cotton,CB Hybrid,Fiber Crops,10,1855,2009,1932,5/5/2020,Premium,Low,Low,Retail,Summer
Chattogram,Noakhali,Maijdee Bazar,Cotton,CB Hybrid,Fiber Crops,793.9,4214,4566,4390,5/17/2024,Grade B,Medium,High,Wholesale,Summer
Dhaka,Dhaka,Karwan Bazar,Cotton,CB Hybrid,Fiber Crops,19,11236,12172,11704,4/28/2022,Premium,Medium,Medium,Wholesale,Summer
Dhaka,Manikganj,Manikganj Bazar,Cotton,CB Hybrid,Fiber Crops,8,6912,7488,7200,9/2/2022,Grade B,Low,High,Retail,Summer
Barishal,Patuakhali,Patuakhali Sadar Market,Cotton,CB Hybrid,Fiber Crops,2,2504,2712,2608,8/25/2023,Grade A,Medium,Low,Retail,Summer
Dhaka,Narayanganj,Chashara Market,Cotton,CB Hybrid,Fiber Crops,34,5803,6287,6045,6/15/2021,Grade B,High,Low,Wholesale,Summer
Dhaka,Narayanganj,Chashara Market,Cotton,CB Hybrid,Fiber Crops,15,2493,2701,2597,4/4/2024,Grade A,Low,Medium,Retail,Summer
Barishal,Bhola,Bhola Bazar,Cotton,CB Hybrid,Fiber Crops,32,3537,3831,3684,8/5/2020,Grade A,High,Medium,Retail,Summer
Chattogram,Feni,Feni Sadar Market,Cotton,CB Hybrid,Fiber Crops,400,1618,1752,1685,4/10/2020,Grade B,Low,Medium,Wholesale,Summer
Dhaka,Dhaka,Karwan Bazar,Cotton,CB Hybrid,Fiber Crops,829,4960,5374,5167,11/18/2022,Grade B,Medium,Medium,Wholesale,Summer
Khulna,Kushtia,Kushtia Boro Bazar,Cotton,CB Hybrid,Fiber Crops,116,7680,8320,8000,2/26/2023,Grade B,High,Low,Retail,Summer
Dhaka,Manikganj,Manikganj Bazar,Cotton,CB Hybrid,Fiber Crops,7,2287,2477,2382,6/17/2023,Grade A,Medium,Medium,Wholesale,Summer
Dhaka,Narayanganj,Chashara Market,Cotton,CB Hybrid,Fiber Crops,34,5780,6262,6021,3/5/2021,Grade C,High,High,Wholesale,Summer
Chattogram,Feni,Feni Sadar Market,Cotton,CB Hybrid,Fiber Crops,87,2120,2296,2208,4/25/2023,Grade C,Medium,High,Wholesale,Summer
Dhaka,Narayanganj,Chashara Market,Cotton,CB Hybrid,Fiber Crops,43,2230,2416,2323,7/24/2023,Grade C,Low,Low,Retail,Summer
Khulna,Satkhira,Satkhira Market,Cotton,CB Hybrid,Fiber Crops,57,6000,6500,6250,2/26/2022,Grade B,High,Medium,Retail,Summer
Khulna,Satkhira,Satkhira Market,Cotton,CB Hybrid,Fiber Crops,15,5040,5460,5250,5/2/2022,Grade B,High,Low,Retail,Summer
Khulna,Satkhira,Satkhira Market,Cotton,CB Hybrid,Fiber Crops,2,10176,11024,10600,8/14/2023,Grade A,Medium,Medium,Retail,Summer
Barishal,Patuakhali,Patuakhali Sadar Market,Cotton,CB Hybrid,Fiber Crops,14,4080,4420,4250,9/17/2024,Grade B,Medium,Low,Wholesale,Summer
Chattogram,Feni,Feni Sadar Market,Cotton,CB Hybrid,Fiber Crops,1,1021,1107,1064,7/11/2020,Premium,Low,Medium,Retail,Summer
Dhaka,Gazipur,Joydebpur Market,Cotton,CB Hybrid,Fiber Crops,96,4528,4906,4717,10/20/2022,Grade A,Low,Low,Wholesale,Summer
Chattogram,Noakhali,Maijdee Bazar,Cotton,CB Hybrid,Fiber Crops,44,12008,13008,12508,6/20/2024,Grade A,Medium,Medium,Retail,Summer
Chattogram,Feni,Feni Sadar Market,Cotton,CB Hybrid,Fiber Crops,119,5741,6219,5980,5/20/2022,Grade C,Low,Low,Retail,Summer
Rajshahi,Rajshahi,Shaheb Bazar,Cotton,CB Hybrid,Fiber Crops,400,5357,5803,5580,7/15/2022,Grade C,Low,Medium,Wholesale,Summer
Dhaka,Narayanganj,Chashara Market,Cotton,CB Hybrid,Fiber Crops,40,8344,9040,8692,5/3/2023,Grade A,High,Medium,Retail,Summer
Dhaka,Narayanganj,Chashara Market,Cotton,CB Hybrid,Fiber Crops,165,3792,4108,3950,1/16/2020,Grade B,Low,High,Retail,Summer
Khulna,Jashore,Jashore Bazar,Cotton,CB Hybrid,Fiber Crops,12,3665,3971,3818,7/30/2024,Grade C,Low,Low,Retail,Summer
Barishal,Patuakhali,Patuakhali Sadar Market,Cotton,CB Hybrid,Fiber Crops,49,5844,6330,6087,2/10/2022,Grade A,High,Medium,Retail,Summer
Chattogram,Cox's Bazar,Cox's Bazar Market,Cotton,CB Hybrid,Fiber Crops,3,1236,1340,1288,7/22/2021,Premium,High,Low,Wholesale,Summer
Chattogram,Noakhali,Maijdee Bazar,Cotton,CB Hybrid,Fiber Crops,4,2340,2536,2438,2/9/2024,Grade A,Medium,High,Wholesale,Summer
Dhaka,Gazipur,Joydebpur Market,Cotton,CB Hybrid,Fiber Crops,20,6276,6798,6537,2/10/2021,Grade B,Low,Medium,Retail,Summer
Dhaka,Narayanganj,Chashara Market,Cotton,CB Hybrid,Fiber Crops,6.5,6971,7551,7261,6/12/2024,Grade A,High,Medium,Wholesale,Summer
Khulna,Jashore,Jashore Bazar,Cotton,CB Hybrid,Fiber Crops,9,5520,5980,5750,1/28/2021,Grade B,Medium,Medium,Retail,Summer
Dhaka,Gazipur,Joydebpur Market,Cotton,CB Hybrid,Fiber Crops,9,4704,5096,4900,6/17/2023,Grade B,Low,Low,Wholesale,Summer
Barishal,Bhola,Bhola Bazar,Cotton,CB Hybrid,Fiber Crops,78,5904,6396,6150,12/13/2021,Grade B,Medium,Low,Retail,Summer
Dhaka,Gazipur,Joydebpur Market,Cotton,CB Hybrid,Fiber Crops,208,3384,3666,3525,2/27/2020,Grade B,High,Low,Retail,Summer
Chattogram,Feni,Feni Sadar Market,Cotton,CB Hybrid,Fiber Crops,250,6307,6833,6570,3/9/2021,Grade B,High,Medium,Retail,Summer
Dhaka,Manikganj,Manikganj Bazar,Cotton,CB Hybrid,Fiber Crops,5,1651,1789,1720,2/10/2020,Grade C,Medium,Low,Wholesale,Summer
Chattogram,Cumilla,Kandirpar Market,Cotton,CB Hybrid,Fiber Crops,38,4946,5358,5152,12/22/2021,Grade C,Medium,Medium,Retail,Summer
Dhaka,Dhaka,Karwan Bazar,Cotton,CB Hybrid,Fiber Crops,"1,408.00",4840,5244,5042,11/20/2023,Grade B,Low,Low,Retail,Summer
Barishal,Bhola,Bhola Bazar,Cotton,CB Hybrid,Fiber Crops,258,4630,5016,4823,10/12/2021,Grade A,High,Low,Retail,Summer
Rajshahi,Pabna,Pabna Sadar Market,Cotton,CB Hybrid,Fiber Crops,180,5388,5836,5612,3/15/2022,Grade C,Medium,Medium,Retail,Summer
Chattogram,Cox's Bazar,Cox's Bazar Market,Cotton,CB Hybrid,Fiber Crops,27,3343,3621,3482,2/10/2020,Grade C,Low,Medium,Wholesale,Summer
Barishal,Barishal,Nathullabad Market,Cotton,CB Hybrid,Fiber Crops,30,3290,3564,3427,2/10/2020,Grade C,High,High,Retail,Summer
Dhaka,Narayanganj,Chashara Market,Cotton,CB Hybrid,Fiber Crops,1,6499,7041,6770,9/1/2022,Grade B,Medium,Medium,Retail,Summer
Dhaka,Narayanganj,Chashara Market,Cotton,CB Hybrid,Fiber Crops,241,4107,4449,4278,10/27/2022,Grade C,High,Medium,Retail,Summer
Rajshahi,Bogura,Satmatha Market,Cotton,CB Hybrid,Fiber Crops,21,1522,1648,1585,12/16/2020,Grade A,Medium,High,Retail,Summer
Barishal,Barishal,Nathullabad Market,Cotton,CB Hybrid,Fiber Crops,3,1374,1488,1431,8/9/2021,Grade A,Low,Medium,Retail,Summer
Dhaka,Gazipur,Joydebpur Market,Cotton,CB Hybrid,Fiber Crops,574,6320,6846,6583,1/25/2022,Premium,High,Low,Retail,Summer
Chattogram,Noakhali,Maijdee Bazar,Cotton,CB Hybrid,Fiber Crops,58,5741,6219,5980,9/9/2021,Grade C,Medium,Medium,Wholesale,Summer
Khulna,Jashore,Jashore Bazar,Cotton,CB Hybrid,Fiber Crops,4.4,4274,4630,4452,2/28/2024,Grade A,Medium,Medium,Retail,Summer
Barishal,Barishal,Nathullabad Market,Cotton,CB Hybrid,Fiber Crops,3,11306,12248,11777,9/6/2023,Grade B,Medium,Medium,Retail,Summer
Dhaka,Narayanganj,Chashara Market,Cotton,CB Hybrid,Fiber Crops,10,2442,2646,2544,11/7/2022,Grade A,High,High,Retail,Summer
Dhaka,Dhaka,Karwan Bazar,Cotton,CB Hybrid,Fiber Crops,8,2569,2783,2676,1/1/2020,Grade A,Medium,Low,Wholesale,Summer
Dhaka,Narayanganj,Chashara Market,Cotton,CB Hybrid,Fiber Crops,1,6720,7280,7000,10/9/2020,Grade B,Low,Medium,Retail,Summer
Dhaka,Narayanganj,Chashara Market,Cotton,CB Hybrid,Fiber Crops,40,8554,9266,8910,6/19/2023,Grade C,Low,High,Retail,Summer
Dhaka,Manikganj,Manikganj Bazar,Cotton,CB Hybrid,Fiber Crops,402.1,11453,12407,11930,5/3/2024,Grade A,Low,Low,Wholesale,Summer
Dhaka,Gazipur,Joydebpur Market,Cotton,CB Hybrid,Fiber Crops,33,4752,5148,4950,3/2/2023,Grade B,Medium,Low,Wholesale,Summer
Dhaka,Dhaka,Karwan Bazar,Cotton,CB Hybrid,Fiber Crops,10,3435,3721,3578,7/1/2020,Grade A,Medium,Medium,Retail,Summer
Dhaka,Dhaka,Karwan Bazar,Cotton,CB Hybrid,Fiber Crops,64.2,9239,10009,9624,11/28/2024,Grade B,Low,High,Wholesale,Summer
Dhaka,Manikganj,Manikganj Bazar,Cotton,CB Hybrid,Fiber Crops,5,2035,2205,2120,8/6/2024,Grade A,Medium,High,Wholesale,Summer
Chattogram,Chattogram,Agrabad Market,Cotton,CB Hybrid,Fiber Crops,260,4450,4820,4635,6/16/2023,Grade B,Medium,Medium,Retail,Summer
Dhaka,Dhaka,Karwan Bazar,Cotton,CB Hybrid,Fiber Crops,18,2712,2938,2825,12/4/2024,Grade B,High,Medium,Retail,Summer
Dhaka,Manikganj,Manikganj Bazar,Cotton,CB Hybrid,Fiber Crops,591,4656,5044,4850,4/24/2023,Grade B,High,Medium,Wholesale,Summer
Chattogram,Noakhali,Maijdee Bazar,Cotton,CB Hybrid,Fiber Crops,9,1898,2056,1977,9/11/2021,Grade A,Medium,High,Wholesale,Summer
Chattogram,Cox's Bazar,Cox's Bazar Market,Cotton,CB Hybrid,Fiber Crops,53,1628,1764,1696,3/10/2021,Grade A,Low,Medium,Retail,Summer
Rajshahi,Pabna,Pabna Sadar Market,Cotton,CB Hybrid,Fiber Crops,35,6072,6578,6325,6/23/2021,Grade C,High,Low,Retail,Summer
Dhaka,Gazipur,Joydebpur Market,Cotton,CB Hybrid,Fiber Crops,6,4296,4654,4475,1/27/2020,Grade B,Medium,Medium,Retail,Summer
Dhaka,Narayanganj,Chashara Market,Cotton,CB Hybrid,Fiber Crops,43.8,4152,4498,4325,9/12/2024,Grade B,Low,Low,Wholesale,Summer
Barishal,Barishal,Nathullabad Market,Cotton,CB Hybrid,Fiber Crops,3,1664,1802,1733,5/6/2020,Grade A,Medium,Medium,Wholesale,Summer
Rajshahi,Rajshahi,Shaheb Bazar,Cotton,CB Hybrid,Fiber Crops,220,1849,2003,1926,5/27/2021,Premium,High,Medium,Retail,Summer
Chattogram,Noakhali,Maijdee Bazar,Cotton,CB Hybrid,Fiber Crops,14,3358,3638,3498,1/21/2023,Grade A,High,Low,Retail,Summer
Chattogram,Chattogram,Agrabad Market,Cotton,CB Hybrid,Fiber Crops,6,2736,2964,2850,12/29/2023,Grade B,High,Medium,Wholesale,Summer
Chattogram,Chattogram,Agrabad Market,Cotton,CB Hybrid,Fiber Crops,1,1925,2085,2005,8/5/2022,Grade B,High,Medium,Wholesale,Summer
Khulna,Khulna,Khulna New Market,Cotton,CB Hybrid,Fiber Crops,16,3456,3744,3600,5/22/2020,Grade B,Medium,Low,Retail,Summer
Chattogram,Noakhali,Maijdee Bazar,Cotton,CB Hybrid,Fiber Crops,8,3307,3583,3445,3/3/2020,Grade A,Low,High,Retail,Summer
Dhaka,Gazipur,Joydebpur Market,Cotton,CB Hybrid,Fiber Crops,16,1781,1929,1855,9/17/2021,Grade A,High,Medium,Retail,Summer
Dhaka,Narayanganj,Chashara Market,Cotton,CB Hybrid,Fiber Crops,27,1824,1976,1900,6/9/2021,Grade B,Low,Low,Wholesale,Summer
Chattogram,Cox's Bazar,Cox's Bazar Market,Cotton,CB Hybrid,Fiber Crops,29.7,3072,3328,3200,6/14/2024,Grade B,Low,Medium,Retail,Summer
Dhaka,Dhaka,Karwan Bazar,Cotton,CB Hybrid,Fiber Crops,4,2035,2205,2120,6/10/2022,Grade A,High,High,Wholesale,Summer
Barishal,Patuakhali,Patuakhali Sadar Market,Cotton,CB Hybrid,Fiber Crops,327,3852,4172,4012,11/11/2024,Grade B,Medium,Medium,Retail,Summer
Chattogram,Noakhali,Maijdee Bazar,Cotton,CB Hybrid,Fiber Crops,23,5902,6394,6148,7/11/2020,Grade A,Low,High,Retail,Summer
Barishal,Patuakhali,Patuakhali Sadar Market,Cotton,CB Hybrid,Fiber Crops,4,2093,2267,2180,7/12/2022,Grade B,Low,Medium,Retail,Summer
Chattogram,Cumilla,Kandirpar Market,Cotton,CB Hybrid,Fiber Crops,30,1536,1664,1600,3/23/2021,Grade B,Medium,Low,Wholesale,Summer
Khulna,Jashore,Jashore Bazar,Cotton,CB Hybrid,Fiber Crops,112,5597,6063,5830,12/19/2020,Grade A,Medium,Medium,Retail,Summer
Dhaka,Narayanganj,Chashara Market,Cotton,CB Hybrid,Fiber Crops,374,6081,6587,6334,6/14/2022,Grade A,Medium,High,Wholesale,Summer
Dhaka,Manikganj,Manikganj Bazar,Cotton,CB Hybrid,Fiber Crops,28,5616,6084,5850,7/27/2021,Grade B,Medium,Medium,Retail,Summer
Khulna,Kushtia,Kushtia Boro Bazar,Cotton,CB Hybrid,Fiber Crops,14,6094,6602,6348,3/26/2022,Grade C,Low,High,Wholesale,Summer
Khulna,Khulna,Khulna New Market,Cotton,CB Hybrid,Fiber Crops,27,5472,5928,5700,12/15/2021,Grade B,Medium,Medium,Wholesale,Summer
Dhaka,Narayanganj,Chashara Market,Cotton,CB Hybrid,Fiber Crops,26,1744,1890,1817,3/6/2020,Grade C,Medium,Medium,Wholesale,Summer
Barishal,Bhola,Bhola Bazar,Cotton,CB Hybrid,Fiber Crops,28,6971,7551,7261,5/25/2021,Grade A,Low,Medium,Wholesale,Summer
Khulna,Khulna,Khulna New Market,Cotton,CB Hybrid,Fiber Crops,16,5976,6474,6225,3/8/2022,Grade B,High,Medium,Wholesale,Summer
Dhaka,Gazipur,Joydebpur Market,Cotton,CB Hybrid,Fiber Crops,2,1678,1818,1748,3/10/2020,Grade C,High,Low,Wholesale,Summer
Dhaka,Manikganj,Manikganj Bazar,Cotton,CB Hybrid,Fiber Crops,1.6,1968,2132,2050,6/28/2024,Grade B,Medium,Medium,Wholesale,Summer
Chattogram,Cox's Bazar,Cox's Bazar Market,Cotton,CB Hybrid,Fiber Crops,79,6432,6968,6700,3/2/2021,Grade B,Medium,Low,Wholesale,Summer
Dhaka,Gazipur,Joydebpur Market,Cotton,CB Hybrid,Fiber Crops,15,1899,2057,1978,6/28/2024,Grade C,Medium,Low,Retail,Summer
Dhaka,Tangail,Tangail Sadar Market,Cotton,CB Hybrid,Fiber Crops,2,1708,1850,1779,6/9/2022,Grade C,Medium,Medium,Wholesale,Summer
Chattogram,Noakhali,Maijdee Bazar,Cotton,CB Hybrid,Fiber Crops,6,8218,8902,8560,3/4/2023,Grade A,High,High,Wholesale,Summer
Dhaka,Dhaka,Karwan Bazar,Cotton,CB Hybrid,Fiber Crops,9,5772,6252,6012,9/25/2020,Grade C,Medium,Medium,Retail,Summer
Dhaka,Narayanganj,Chashara Market,Cotton,CB Hybrid,Fiber Crops,679,4313,4673,4493,1/20/2024,Grade B,Low,Medium,Wholesale,Summer
Dhaka,Dhaka,Karwan Bazar,Cotton,CB Hybrid,Fiber Crops,5,1464,1586,1525,9/28/2020,Grade B,Medium,Medium,Retail,Summer
Dhaka,Narayanganj,Chashara Market,Cotton,CB Hybrid,Fiber Crops,8,2304,2496,2400,11/7/2023,Grade B,High,Medium,Wholesale,Summer
Dhaka,Manikganj,Manikganj Bazar,Cotton,CB Hybrid,Fiber Crops,254,6192,6708,6450,8/25/2021,Grade B,Medium,High,Wholesale,Summer
Rajshahi,Naogaon,Naogaon Sadar Market,Cotton,CB Hybrid,Fiber Crops,600,4247,4601,4424,1/2/2021,Premium,Medium,High,Wholesale,Summer
Khulna,Kushtia,Kushtia Boro Bazar,Cotton,CB Hybrid,Fiber Crops,88,5952,6448,6200,5/24/2021,Grade B,Medium,Medium,Wholesale,Summer
Rajshahi,Pabna,Pabna Sadar Market,Cotton,CB Hybrid,Fiber Crops,205,2493,2701,2597,2/12/2024,Grade A,High,High,Retail,Summer
Dhaka,Manikganj,Manikganj Bazar,Cotton,CB Hybrid,Fiber Crops,18,5880,6370,6125,2/3/2021,Grade B,Medium,Medium,Wholesale,Summer
Dhaka,Gazipur,Joydebpur Market,Cotton,CB Hybrid,Fiber Crops,60,6624,7176,6900,2/22/2023,Grade C,Medium,Medium,Wholesale,Summer
Rajshahi,Rajshahi,Shaheb Bazar,Cotton,CB Hybrid,Fiber Crops,63,2453,2657,2555,7/31/2023,Grade A,High,Medium,Wholesale,Summer
Chattogram,Cox's Bazar,Cox's Bazar Market,Cotton,CB Hybrid,Fiber Crops,10,3168,3432,3300,1/4/2023,Grade B,High,Low,Retail,Summer
Barishal,Patuakhali,Patuakhali Sadar Market,Cotton,CB Hybrid,Fiber Crops,90,4730,5124,4927,5/19/2020,Grade C,High,Low,Retail,Summer
Chattogram,Chattogram,Agrabad Market,Cotton,CB Hybrid,Fiber Crops,10,2400,2600,2500,6/20/2023,Grade B,High,Low,Wholesale,Summer
Barishal,Barishal,Nathullabad Market,Cotton,CB Hybrid,Fiber Crops,7.7,2651,2871,2761,5/16/2024,Premium,Low,Medium,Wholesale,Summer
Chattogram,Cumilla,Kandirpar Market,Cotton,CB Hybrid,Fiber Crops,12.4,1992,2158,2075,7/4/2024,Grade C,Low,High,Wholesale,Summer
Chattogram,Cumilla,Kandirpar Market,Cotton,CB Hybrid,Fiber Crops,4,1824,1976,1900,1/29/2022,Grade B,High,Low,Retail,Summer
Rajshahi,Pabna,Pabna Sadar Market,Cotton,CB Hybrid,Fiber Crops,35,6048,6552,6300,9/18/2020,Grade B,High,Low,Retail,Summer
Dhaka,Narayanganj,Chashara Market,Cotton,CB Hybrid,Fiber Crops,5,3224,3492,3358,2/8/2020,Grade C,High,Medium,Retail,Summer
Dhaka,Gazipur,Joydebpur Market,Cotton,CB Hybrid,Fiber Crops,6,11616,12584,12100,12/20/2023,Grade B,Low,Low,Retail,Summer
Dhaka,Narayanganj,Chashara Market,Cotton,CB Hybrid,Fiber Crops,80,4223,4575,4399,8/5/2024,Grade A,Low,High,Retail,Summer
Dhaka,Narayanganj,Chashara Market,Cotton,CB Hybrid,Fiber Crops,30,4886,5294,5090,4/20/2023,Grade A,Low,High,Retail,Summer
Barishal,Barishal,Nathullabad Market,Cotton,CB Hybrid,Fiber Crops,22,8640,9360,9000,2/14/2024,Grade B,Medium,Medium,Wholesale,Summer
Dhaka,Narayanganj,Chashara Market,Cotton,CB Hybrid,Fiber Crops,31,5495,5953,5724,11/17/2022,Grade A,High,Medium,Retail,Summer
Barishal,Patuakhali,Patuakhali Sadar Market,Cotton,CB Hybrid,Fiber Crops,5,10368,11232,10800,10/11/2023,Grade B,Medium,Medium,Wholesale,Summer
Rajshahi,Naogaon,Naogaon Sadar Market,Cotton,CB Hybrid,Fiber Crops,400,3658,3962,3810,1/18/2020,Grade B,High,Medium,Wholesale,Summer
Barishal,Bhola,Bhola Bazar,Cotton,CB Hybrid,Fiber Crops,23,6935,7513,7224,3/22/2021,Premium,Medium,Low,Retail,Summer
Dhaka,Tangail,Tangail Sadar Market,Cotton,CB Hybrid,Fiber Crops,1,1348,1460,1404,1/28/2021,Grade A,High,Low,Wholesale,Summer
Chattogram,Cox's Bazar,Cox's Bazar Market,Cotton,CB Hybrid,Fiber Crops,6,1528,1656,1592,8/7/2021,Grade C,High,High,Retail,Summer
Dhaka,Manikganj,Manikganj Bazar,Cotton,CB Hybrid,Fiber Crops,107.44,4769,5167,4968,11/3/2023,Grade A,High,Low,Wholesale,Summer
Rajshahi,Naogaon,Naogaon Sadar Market,Cotton,CB Hybrid,Fiber Crops,200,4190,4540,4365,2/16/2024,Grade B,Medium,High,Retail,Summer
Dhaka,Narayanganj,Chashara Market,Cotton,CB Hybrid,Fiber Crops,8.4,2712,2938,2825,10/14/2024,Grade B,Medium,Medium,Retail,Summer
Dhaka,Dhaka,Karwan Bazar,Cotton,CB Hybrid,Fiber Crops,10,2098,2272,2185,9/18/2023,Grade C,High,Medium,Wholesale,Summer
Dhaka,Narayanganj,Chashara Market,Cotton,CB Hybrid,Fiber Crops,29,3264,3536,3400,7/27/2020,Grade B,Medium,High,Retail,Summer
Chattogram,Feni,Feni Sadar Market,Cotton,CB Hybrid,Fiber Crops,5.5,2903,3145,3024,8/24/2024,Premium,Medium,Medium,Retail,Summer
Dhaka,Gazipur,Joydebpur Market,Cotton,CB Hybrid,Fiber Crops,6,1551,1681,1616,9/21/2020,Grade A,Medium,Medium,Wholesale,Summer
Rajshahi,Bogura,Satmatha Market,Cotton,CB Hybrid,Fiber Crops,350,4560,4940,4750,7/25/2023,Grade B,Medium,Medium,Wholesale,Summer
Dhaka,Narayanganj,Chashara Market,Cotton,CB Hybrid,Fiber Crops,35,4681,5071,4876,12/21/2022,Grade C,High,Medium,Wholesale,Summer
Chattogram,Feni,Feni Sadar Market,Cotton,CB Hybrid,Fiber Crops,5,2483,2689,2586,10/25/2023,Grade A,Low,Medium,Retail,Summer
Khulna,Satkhira,Satkhira Market,Cotton,CB Hybrid,Fiber Crops,76,5520,5980,5750,2/19/2021,Grade B,Medium,Medium,Retail,Summer
Barishal,Barishal,Nathullabad Market,Cotton,CB Hybrid,Fiber Crops,131,4733,5127,4930,5/11/2020,Grade B,Low,Low,Retail,Summer
Dhaka,Gazipur,Joydebpur Market,Cotton,CB Hybrid,Fiber Crops,10,10982,11898,11440,10/31/2023,Grade B,Medium,Medium,Wholesale,Summer
Khulna,Kushtia,Kushtia Boro Bazar,Cotton,CB Hybrid,Fiber Crops,13,5829,6315,6072,5/27/2021,Grade C,Medium,Medium,Retail,Summer
Barishal,Patuakhali,Patuakhali Sadar Market,Cotton,CB Hybrid,Fiber Crops,52,6729,7289,7009,3/4/2022,Grade A,High,High,Retail,Summer
Dhaka,Manikganj,Manikganj Bazar,Cotton,CB Hybrid,Fiber Crops,38,5476,5932,5704,1/31/2023,Grade C,Medium,Low,Retail,Summer
Dhaka,Narayanganj,Chashara Market,Cotton,CB Hybrid,Fiber Crops,7,4848,5252,5050,5/18/2020,Grade B,Medium,Low,Wholesale,Summer
Barishal,Barishal,Nathullabad Market,Cotton,CB Hybrid,Fiber Crops,72.7,4006,4340,4173,5/24/2024,Grade B,High,Medium,Retail,Summer
Barishal,Patuakhali,Patuakhali Sadar Market,Cotton,CB Hybrid,Fiber Crops,3,4800,5200,5000,1/22/2020,Grade B,High,Medium,Wholesale,Summer
Dhaka,Dhaka,Karwan Bazar,Cotton,CB Hybrid,Fiber Crops,22,4681,5071,4876,2/14/2023,Grade A,High,Medium,Wholesale,Summer
Chattogram,Cox's Bazar,Cox's Bazar Market,Cotton,CB Hybrid,Fiber Crops,46.7,2137,2315,2226,5/16/2024,Grade A,High,Medium,Retail,Summer
Rajshahi,Bogura,Satmatha Market,Cotton,CB Hybrid,Fiber Crops,300,4296,4654,4475,5/8/2024,Grade B,High,High,Wholesale,Summer
Barishal,Barishal,Nathullabad Market,Cotton,CB Hybrid,Fiber Crops,83,4508,4884,4696,10/28/2023,Grade A,Medium,Low,Wholesale,Summer
Barishal,Patuakhali,Patuakhali Sadar Market,Cotton,CB Hybrid,Fiber Crops,95,4704,5096,4900,5/28/2020,Grade B,Medium,Medium,Retail,Summer
Dhaka,Tangail,Tangail Sadar Market,Cotton,CB Hybrid,Fiber Crops,247.2,4369,4733,4551,8/8/2024,Premium,Low,High,Retail,Summer
Chattogram,Noakhali,Maijdee Bazar,Cotton,CB Hybrid,Fiber Crops,11,2290,2480,2385,3/8/2022,Grade A,Medium,Medium,Retail,Summer
Khulna,Jashore,Jashore Bazar,Cotton,CB Hybrid,Fiber Crops,13,8243,8929,8586,1/25/2023,Grade A,Low,Low,Retail,Summer
Dhaka,Narayanganj,Chashara Market,Cotton,CB Hybrid,Fiber Crops,12,5034,5454,5244,7/3/2020,Grade C,Medium,High,Retail,Summer
Dhaka,Manikganj,Manikganj Bazar,Cotton,CB Hybrid,Fiber Crops,17,4800,5200,5000,12/19/2022,Grade B,Low,Low,Retail,Summer
Chattogram,Noakhali,Maijdee Bazar,Cotton,CB Hybrid,Fiber Crops,60,8214,8898,8556,6/12/2023,Grade C,High,Low,Retail,Summer
Dhaka,Manikganj,Manikganj Bazar,Cotton,CB Hybrid,Fiber Crops,15,4855,5259,5057,3/1/2023,Grade A,Medium,High,Retail,Summer
Dhaka,Dhaka,Karwan Bazar,Cotton,CB Hybrid,Fiber Crops,16,6432,6968,6700,8/31/2021,Grade A,High,Medium,Wholesale,Summer
Chattogram,Feni,Feni Sadar Market,Cotton,CB Hybrid,Fiber Crops,63,5741,6219,5980,5/6/2021,Grade C,Low,High,Retail,Summer
Dhaka,Narayanganj,Chashara Market,Cotton,CB Hybrid,Fiber Crops,128,3740,4052,3896,11/5/2020,Grade A,Medium,Low,Retail,Summer
Dhaka,Manikganj,Manikganj Bazar,Cotton,CB Hybrid,Fiber Crops,1,1758,1904,1831,7/14/2022,Grade C,Medium,Medium,Wholesale,Summer
Khulna,Kushtia,Kushtia Boro Bazar,Cotton,CB Hybrid,Fiber Crops,7,3886,4210,4048,8/19/2023,Grade C,High,Low,Retail,Summer
Dhaka,Dhaka,Karwan Bazar,Cotton,CB Hybrid,Fiber Crops,1,1782,1930,1856,2/24/2022,Grade A,Medium,High,Retail,Summer
Rajshahi,Rajshahi,Shaheb Bazar,Cotton,CB Hybrid,Fiber Crops,21,2318,2512,2415,10/26/2023,Grade C,Medium,Medium,Wholesale,Summer
Rajshahi,Pabna,Pabna Sadar Market,Cotton,CB Hybrid,Fiber Crops,700,4272,4628,4450,10/20/2023,Grade B,Low,Medium,Retail,Summer
Chattogram,Feni,Feni Sadar Market,Cotton,CB Hybrid,Fiber Crops,294,4416,4784,4600,1/5/2024,Grade B,Low,Medium,Wholesale,Summer
Dhaka,Dhaka,Karwan Bazar,Cotton,CB Hybrid,Fiber Crops,10,1705,1847,1776,1/18/2021,Grade A,Medium,High,Retail,Summer
Dhaka,Manikganj,Manikganj Bazar,Cotton,CB Hybrid,Fiber Crops,16,4681,5071,4876,3/24/2023,Grade A,Medium,Low,Wholesale,Summer
Chattogram,Cumilla,Kandirpar Market,Cotton,CB Hybrid,Fiber Crops,140,4056,4394,4225,3/7/2024,Grade B,High,Medium,Wholesale,Summer
Chattogram,Noakhali,Maijdee Bazar,Cotton,CB Hybrid,Fiber Crops,5,1320,1430,1375,1/18/2020,Grade B,Medium,High,Retail,Summer
Rajshahi,Pabna,Pabna Sadar Market,Cotton,CB Hybrid,Fiber Crops,20,2849,3087,2968,11/25/2024,Grade A,Low,Low,Wholesale,Summer
Chattogram,Cumilla,Kandirpar Market,Cotton,CB Hybrid,Fiber Crops,16.5,2422,2624,2523,8/9/2024,Grade A,High,Low,Wholesale,Summer
Dhaka,Gazipur,Joydebpur Market,Cotton,CB Hybrid,Fiber Crops,73,4416,4784,4600,1/29/2020,Grade C,Low,Low,Retail,Summer
Chattogram,Cox's Bazar,Cox's Bazar Market,Cotton,CB Hybrid,Fiber Crops,174,9667,10473,10070,6/5/2023,Grade A,High,High,Wholesale,Summer
Dhaka,Tangail,Tangail Sadar Market,Cotton,CB Hybrid,Fiber Crops,296,4070,4410,4240,10/17/2024,Grade A,High,Medium,Wholesale,Summer
Dhaka,Manikganj,Manikganj Bazar,Cotton,CB Hybrid,Fiber Crops,15,6399,6933,6666,9/1/2021,Grade B,Medium,Low,Wholesale,Summer
Chattogram,Chattogram,Agrabad Market,Cotton,CB Hybrid,Fiber Crops,10,3180,3444,3312,6/6/2020,Grade C,Medium,Medium,Wholesale,Summer
Chattogram,Noakhali,Maijdee Bazar,Cotton,CB Hybrid,Fiber Crops,7,1690,1830,1760,8/4/2020,Grade A,Medium,Low,Retail,Summer
Dhaka,Gazipur,Joydebpur Market,Cotton,CB Hybrid,Fiber Crops,753,6157,6671,6414,2/9/2022,Grade A,Low,Medium,Retail,Summer
Chattogram,Chattogram,Agrabad Market,Cotton,CB Hybrid,Fiber Crops,287,5376,5824,5600,1/21/2021,Grade B,High,Medium,Wholesale,Summer
Chattogram,Cumilla,Kandirpar Market,Cotton,CB Hybrid,Fiber Crops,120,2093,2267,2180,4/3/2023,Grade C,High,Medium,Wholesale,Summer
Dhaka,Manikganj,Manikganj Bazar,Cotton,CB Hybrid,Fiber Crops,1,2239,2425,2332,8/31/2022,Grade A,High,High,Retail,Summer
Dhaka,Dhaka,Karwan Bazar,Cotton,CB Hybrid,Fiber Crops,8,2274,2464,2369,2/16/2024,Grade C,High,Low,Retail,Summer
Dhaka,Tangail,Tangail Sadar Market,Cotton,CB Hybrid,Fiber Crops,43,3867,4189,4028,5/27/2020,Grade A,Medium,Medium,Wholesale,Summer
Barishal,Patuakhali,Patuakhali Sadar Market,Cotton,CB Hybrid,Fiber Crops,25.7,9417,10201,9809,3/6/2024,Grade A,Low,Medium,Retail,Summer
Chattogram,Feni,Feni Sadar Market,Cotton,CB Hybrid,Fiber Crops,10,3358,3638,3498,7/7/2020,Grade A,High,Low,Wholesale,Summer
Dhaka,Dhaka,Karwan Bazar,Cotton,CB Hybrid,Fiber Crops,300,6666,7222,6944,2/11/2022,Premium,High,Low,Wholesale,Summer
Khulna,Khulna,Khulna New Market,Cotton,CB Hybrid,Fiber Crops,669,6288,6812,6550,1/11/2024,Grade B,High,Medium,Retail,Summer
Khulna,Khulna,Khulna New Market,Cotton,CB Hybrid,Fiber Crops,31,5139,5567,5353,2/7/2020,Grade A,Low,Medium,Wholesale,Summer
Dhaka,Narayanganj,Chashara Market,Cotton,CB Hybrid,Fiber Crops,"1,218.00",9871,10693,10282,2/21/2024,Grade A,Low,Low,Retail,Summer
Khulna,Khulna,Khulna New Market,Cotton,CB Hybrid,Fiber Crops,17,3709,4019,3864,5/28/2024,Grade C,High,High,Retail,Summer
Dhaka,Manikganj,Manikganj Bazar,Cotton,CB Hybrid,Fiber Crops,130,10848,11752,11300,5/11/2024,Grade B,High,Medium,Wholesale,Summer
Barishal,Bhola,Bhola Bazar,Cotton,CB Hybrid,Fiber Crops,42,6423,6959,6691,3/2/2022,Grade A,Medium,High,Wholesale,Summer
Dhaka,Narayanganj,Chashara Market,Cotton,CB Hybrid,Fiber Crops,6,1908,2068,1988,1/14/2020,Grade A,Low,Medium,Retail,Summer
Chattogram,Chattogram,Agrabad Market,Cotton,CB Hybrid,Fiber Crops,226.7,4099,4441,4270,10/11/2024,Grade B,High,High,Wholesale,Summer
Barishal,Bhola,Bhola Bazar,Cotton,CB Hybrid,Fiber Crops,2,5558,6022,5790,8/8/2022,Grade B,High,Low,Wholesale,Summer
Chattogram,Cumilla,Kandirpar Market,Cotton,CB Hybrid,Fiber Crops,10,7327,7937,7632,10/15/2020,Grade A,Medium,Medium,Retail,Summer
Chattogram,Cumilla,Kandirpar Market,Cotton,CB Hybrid,Fiber Crops,180,4509,4885,4697,2/6/2023,Grade C,Medium,Medium,Wholesale,Summer
Dhaka,Manikganj,Manikganj Bazar,Cotton,CB Hybrid,Fiber Crops,0.03,9600,10400,10000,8/1/2024,Grade B,Medium,High,Wholesale,Summer
Barishal,Bhola,Bhola Bazar,Cotton,CB Hybrid,Fiber Crops,7,5796,6278,6037,1/7/2022,Grade A,High,Medium,Wholesale,Summer
Chattogram,Chattogram,Agrabad Market,Cotton,CB Hybrid,Fiber Crops,90,6462,7000,6731,2/11/2022,Grade A,Low,Low,Retail,Summer
Chattogram,Chattogram,Agrabad Market,Cotton,CB Hybrid,Fiber Crops,17,1834,1986,1910,9/16/2021,Grade B,Medium,High,Retail,Summer
Rajshahi,Rajshahi,Shaheb Bazar,Cotton,CB Hybrid,Fiber Crops,400,2442,2646,2544,3/7/2024,Grade A,Low,Low,Wholesale,Summer
Dhaka,Manikganj,Manikganj Bazar,Cotton,CB Hybrid,Fiber Crops,66.6,9552,10348,9950,9/18/2024,Grade B,High,High,Wholesale,Summer
Dhaka,Narayanganj,Chashara Market,Cotton,CB Hybrid,Fiber Crops,3,6935,7513,7224,1/14/2023,Premium,Medium,High,Retail,Summer
Khulna,Jashore,Jashore Bazar,Cotton,CB Hybrid,Fiber Crops,6,5197,5631,5414,5/9/2022,Grade C,Medium,Medium,Wholesale,Summer
Dhaka,Dhaka,Karwan Bazar,Cotton,CB Hybrid,Fiber Crops,0.3,1883,2039,1961,11/27/2024,Grade A,Medium,Medium,Retail,Summer
Chattogram,Feni,Feni Sadar Market,Cotton,CB Hybrid,Fiber Crops,5,1653,1791,1722,10/5/2021,Grade A,High,Medium,Retail,Summer
Chattogram,Cox's Bazar,Cox's Bazar Market,Cotton,CB Hybrid,Fiber Crops,299,4020,4354,4187,1/11/2020,Grade A,Medium,Medium,Wholesale,Summer
Barishal,Bhola,Bhola Bazar,Cotton,CB Hybrid,Fiber Crops,46,4287,4645,4466,1/8/2024,Grade B,Medium,Medium,Retail,Summer
Dhaka,Tangail,Tangail Sadar Market,Cotton,CB Hybrid,Fiber Crops,6,6344,6872,6608,1/3/2022,Premium,High,Medium,Wholesale,Summer
Dhaka,Manikganj,Manikganj Bazar,Cotton,CB Hybrid,Fiber Crops,51,2365,2563,2464,6/13/2023,Grade A,Medium,Low,Retail,Summer
Chattogram,Feni,Feni Sadar Market,Cotton,CB Hybrid,Fiber Crops,8,1467,1589,1528,10/12/2021,Grade C,Low,High,Wholesale,Summer
Dhaka,Manikganj,Manikganj Bazar,Cotton,CB Hybrid,Fiber Crops,0.5,2880,3120,3000,11/26/2024,Grade B,High,Low,Retail,Summer
Chattogram,Feni,Feni Sadar Market,Cotton,CB Hybrid,Fiber Crops,15,3312,3588,3450,9/11/2024,Grade B,Medium,Medium,Retail,Summer
Dhaka,Manikganj,Manikganj Bazar,Cotton,CB Hybrid,Fiber Crops,78,5953,6449,6201,10/30/2021,Grade A,Medium,Medium,Wholesale,Summer
Dhaka,Manikganj,Manikganj Bazar,Cotton,CB Hybrid,Fiber Crops,72,3974,4306,4140,2/23/2020,Grade C,Low,High,Wholesale,Summer
Dhaka,Gazipur,Joydebpur Market,Cotton,CB Hybrid,Fiber Crops,50,6996,7580,7288,5/23/2022,Grade A,High,High,Retail,Summer
Barishal,Barishal,Nathullabad Market,Cotton,CB Hybrid,Fiber Crops,5,4242,4596,4419,9/22/2023,Grade B,High,Low,Retail,Summer
Dhaka,Manikganj,Manikganj Bazar,Cotton,CB Hybrid,Fiber Crops,2.1,11184,12116,11650,7/5/2024,Grade B,Low,High,Wholesale,Summer
Chattogram,Chattogram,Agrabad Market,Cotton,CB Hybrid,Fiber Crops,5,2266,2454,2360,10/5/2023,Grade C,Medium,High,Retail,Summer
Barishal,Bhola,Bhola Bazar,Cotton,CB Hybrid,Fiber Crops,23.7,3924,4250,4087,9/26/2024,Grade C,Low,Medium,Wholesale,Summer
Chattogram,Feni,Feni Sadar Market,Cotton,CB Hybrid,Fiber Crops,28,1730,1874,1802,8/5/2020,Grade A,High,Low,Retail,Summer
Dhaka,Narayanganj,Chashara Market,Cotton,CB Hybrid,Fiber Crops,5,1824,1976,1900,2/1/2022,Grade B,High,Low,Wholesale,Summer
Rajshahi,Rajshahi,Shaheb Bazar,Cotton,CB Hybrid,Fiber Crops,260,2704,2930,2817,5/6/2024,Premium,Medium,Medium,Wholesale,Summer
Barishal,Patuakhali,Patuakhali Sadar Market,Cotton,CB Hybrid,Fiber Crops,8,5902,6394,6148,1/23/2024,Grade A,Medium,Medium,Retail,Summer
Dhaka,Manikganj,Manikganj Bazar,Cotton,CB Hybrid,Fiber Crops,150,7174,7772,7473,7/22/2022,Grade A,Medium,Medium,Wholesale,Summer
Chattogram,Feni,Feni Sadar Market,Cotton,CB Hybrid,Fiber Crops,59,2160,2340,2250,4/15/2023,Grade B,High,Low,Wholesale,Summer
Chattogram,Feni,Feni Sadar Market,Cotton,CB Hybrid,Fiber Crops,75,8261,8949,8605,5/13/2023,Grade B,High,Low,Wholesale,Summer
Dhaka,Tangail,Tangail Sadar Market,Cotton,CB Hybrid,Fiber Crops,17,1824,1976,1900,5/20/2024,Grade B,High,Medium,Wholesale,Summer
Chattogram,Cumilla,Kandirpar Market,Cotton,CB Hybrid,Fiber Crops,268,3546,3842,3694,10/6/2020,Grade A,Low,Medium,Wholesale,Summer
Chattogram,Feni,Feni Sadar Market,Cotton,CB Hybrid,Fiber Crops,9,2402,2602,2502,7/20/2023,Grade A,Medium,Low,Retail,Summer
Dhaka,Tangail,Tangail Sadar Market,Cotton,CB Hybrid,Fiber Crops,300,5188,5620,5404,6/24/2023,Premium,Medium,High,Retail,Summer
Dhaka,Narayanganj,Chashara Market,Cotton,CB Hybrid,Fiber Crops,13,4522,4898,4710,2/11/2021,Premium,Medium,Low,Retail,Summer
Dhaka,Manikganj,Manikganj Bazar,Cotton,CB Hybrid,Fiber Crops,4.2,2697,2921,2809,4/4/2024,Grade A,High,Low,Retail,Summer
Khulna,Jashore,Jashore Bazar,Cotton,CB Hybrid,Fiber Crops,10,6720,7280,7000,7/17/2023,Grade B,Medium,High,Wholesale,Summer
Chattogram,Cumilla,Kandirpar Market,Cotton,CB Hybrid,Fiber Crops,15,6144,6656,6400,5/17/2022,Grade B,Low,Medium,Wholesale,Summer
Khulna,Satkhira,Satkhira Market,Cotton,CB Hybrid,Fiber Crops,17,4306,4664,4485,3/28/2023,Grade C,Medium,Low,Wholesale,Summer
Barishal,Barishal,Nathullabad Market,Cotton,CB Hybrid,Fiber Crops,13,1990,2156,2073,4/27/2022,Grade B,Low,Low,Wholesale,Summer
Khulna,Jashore,Jashore Bazar,Cotton,CB Hybrid,Fiber Crops,60,8446,9150,8798,1/4/2023,Grade A,High,High,Retail,Summer
Dhaka,Manikganj,Manikganj Bazar,Cotton,CB Hybrid,Fiber Crops,1,6816,7384,7100,10/4/2020,Grade B,Medium,Low,Retail,Summer
Barishal,Barishal,Nathullabad Market,Cotton,CB Hybrid,Fiber Crops,35,4524,4900,4712,3/8/2021,Grade B,High,Medium,Wholesale,Summer
Dhaka,Manikganj,Manikganj Bazar,Cotton,CB Hybrid,Fiber Crops,10,8567,9281,8924,1/19/2022,Grade C,Medium,High,Wholesale,Summer
Dhaka,Manikganj,Manikganj Bazar,Cotton,CB Hybrid,Fiber Crops,9,3704,4012,3858,2/11/2020,Grade A,High,High,Retail,Summer
Dhaka,Dhaka,Karwan Bazar,Cotton,CB Hybrid,Fiber Crops,3,5597,6063,5830,12/22/2021,Grade A,Low,Medium,Retail,Summer
Dhaka,Tangail,Tangail Sadar Market,Cotton,CB Hybrid,Fiber Crops,29,6309,6835,6572,7/29/2021,Grade A,Medium,Medium,Retail,Summer
Barishal,Barishal,Nathullabad Market,Cotton,CB Hybrid,Fiber Crops,5,1800,1950,1875,1/11/2022,Grade B,Low,Medium,Retail,Summer
Dhaka,Gazipur,Joydebpur Market,Cotton,CB Hybrid,Fiber Crops,20,8688,9412,9050,5/26/2023,Grade B,High,Low,Retail,Summer
Chattogram,Noakhali,Maijdee Bazar,Cotton,CB Hybrid,Fiber Crops,3,2191,2373,2282,9/26/2024,Grade C,Medium,High,Wholesale,Summer
Khulna,Jashore,Jashore Bazar,Cotton,CB Hybrid,Fiber Crops,23,6106,6614,6360,2/8/2022,Grade A,High,High,Wholesale,Summer
Rajshahi,Rajshahi,Shaheb Bazar,Cotton,CB Hybrid,Fiber Crops,380,6462,7000,6731,2/18/2022,Grade A,Medium,Medium,Retail,Summer
Khulna,Khulna,Khulna New Market,Cotton,CB Hybrid,Fiber Crops,13,8090,8764,8427,2/21/2023,Grade A,Medium,Medium,Wholesale,Summer
Dhaka,Gazipur,Joydebpur Market,Cotton,CB Hybrid,Fiber Crops,9,5865,6353,6109,4/27/2021,Grade C,Medium,Low,Retail,Summer
Barishal,Barishal,Nathullabad Market,Cotton,CB Hybrid,Fiber Crops,1,2510,2720,2615,8/7/2023,Grade A,High,Medium,Retail,Summer
Chattogram,Noakhali,Maijdee Bazar,Cotton,CB Hybrid,Fiber Crops,32.2,11397,12347,11872,7/1/2024,Grade A,High,Medium,Retail,Summer
Chattogram,Noakhali,Maijdee Bazar,Cotton,CB Hybrid,Fiber Crops,3,864,936,900,8/4/2020,Grade B,Low,Medium,Retail,Summer
Dhaka,Dhaka,Karwan Bazar,Cotton,CB Hybrid,Fiber Crops,79,4152,4498,4325,2/8/2024,Grade B,Medium,Medium,Retail,Summer
Chattogram,Feni,Feni Sadar Market,Cotton,CB Hybrid,Fiber Crops,15,1325,1435,1380,8/28/2020,Grade C,Low,Low,Retail,Summer
Rajshahi,Rajshahi,Shaheb Bazar,Cotton,CB Hybrid,Fiber Crops,2,2022,2190,2106,11/11/2024,Premium,High,Medium,Retail,Summer
Chattogram,Feni,Feni Sadar Market,Cotton,CB Hybrid,Fiber Crops,274,3408,3692,3550,5/30/2020,Grade B,Medium,Low,Retail,Summer
Chattogram,Cumilla,Kandirpar Market,Cotton,CB Hybrid,Fiber Crops,22.4,2115,2291,2203,9/10/2024,Grade C,Medium,Low,Wholesale,Summer
Dhaka,Narayanganj,Chashara Market,Cotton,CB Hybrid,Fiber Crops,1,9120,9880,9500,7/21/2023,Grade B,High,Medium,Wholesale,Summer
Dhaka,Manikganj,Manikganj Bazar,Cotton,CB Hybrid,Fiber Crops,27,5161,5591,5376,7/5/2023,Premium,High,Medium,Retail,Summer
Dhaka,Dhaka,Karwan Bazar,Cotton,CB Hybrid,Fiber Crops,1,2417,2619,2518,8/31/2023,Grade A,Low,Medium,Retail,Summer
Khulna,Jashore,Jashore Bazar,Cotton,CB Hybrid,Fiber Crops,82,6236,6756,6496,2/20/2021,Premium,High,High,Wholesale,Summer
Barishal,Patuakhali,Patuakhali Sadar Market,Cotton,CB Hybrid,Fiber Crops,14.3,3998,4332,4165,8/7/2024,Grade B,High,Medium,Retail,Summer
Dhaka,Gazipur,Joydebpur Market,Cotton,CB Hybrid,Fiber Crops,8,2292,2482,2387,2/4/2023,Grade B,Medium,Medium,Retail,Summer
Barishal,Bhola,Bhola Bazar,Cotton,CB Hybrid,Fiber Crops,9,7123,7717,7420,5/3/2021,Grade A,Medium,High,Wholesale,Summer
Chattogram,Feni,Feni Sadar Market,Cotton,CB Hybrid,Fiber Crops,3,2473,2679,2576,7/22/2023,Grade C,Medium,Medium,Retail,Summer
Chattogram,Noakhali,Maijdee Bazar,Cotton,CB Hybrid,Fiber Crops,3,2419,2621,2520,12/14/2023,Grade B,High,Low,Retail,Summer
Chattogram,Cumilla,Kandirpar Market,Cotton,CB Hybrid,Fiber Crops,168,7949,8611,8280,5/18/2023,Grade C,Medium,High,Wholesale,Summer
Dhaka,Manikganj,Manikganj Bazar,Cotton,CB Hybrid,Fiber Crops,1,1766,1914,1840,1/25/2023,Grade C,High,Low,Wholesale,Summer
Chattogram,Feni,Feni Sadar Market,Cotton,CB Hybrid,Fiber Crops,24,2031,2201,2116,8/30/2022,Grade C,High,Medium,Retail,Summer
Barishal,Patuakhali,Patuakhali Sadar Market,Cotton,CB Hybrid,Fiber Crops,62,5760,6240,6000,2/2/2022,Grade B,High,Medium,Wholesale,Summer
Dhaka,Dhaka,Karwan Bazar,Cotton,CB Hybrid,Fiber Crops,39,4935,5347,5141,9/29/2021,Grade A,Medium,Medium,Wholesale,Summer
Khulna,Jashore,Jashore Bazar,Cotton,CB Hybrid,Fiber Crops,23,6720,7280,7000,4/6/2022,Grade B,Low,Medium,Retail,Summer
Rajshahi,Rajshahi,Shaheb Bazar,Cotton,CB Hybrid,Fiber Crops,35,1912,2072,1992,7/6/2022,Grade C,High,Low,Wholesale,Summer
Barishal,Barishal,Nathullabad Market,Cotton,CB Hybrid,Fiber Crops,53,6685,7243,6964,3/21/2022,Grade A,High,High,Wholesale,Summer
Dhaka,Gazipur,Joydebpur Market,Cotton,CB Hybrid,Fiber Crops,83,3612,3914,3763,12/7/2020,Grade A,Medium,Medium,Wholesale,Summer
Dhaka,Narayanganj,Chashara Market,Cotton,CB Hybrid,Fiber Crops,1,2329,2523,2426,9/22/2022,Grade A,Medium,Medium,Retail,Summer
Dhaka,Narayanganj,Chashara Market,Cotton,CB Hybrid,Fiber Crops,50,6774,7338,7056,6/20/2022,Premium,Medium,High,Retail,Summer
Chattogram,Cox's Bazar,Cox's Bazar Market,Cotton,CB Hybrid,Fiber Crops,146,3612,3914,3763,7/8/2020,Grade A,High,Medium,Wholesale,Summer
Rajshahi,Pabna,Pabna Sadar Market,Cotton,CB Hybrid,Fiber Crops,201,2102,2278,2190,6/12/2023,Grade C,Medium,High,Retail,Summer
Khulna,Khulna,Khulna New Market,Cotton,CB Hybrid,Fiber Crops,2.6,4128,4472,4300,9/18/2024,Grade B,Medium,Medium,Retail,Summer
Dhaka,Dhaka,Karwan Bazar,Cotton,CB Hybrid,Fiber Crops,9,1679,1819,1749,4/28/2021,Grade A,Low,Medium,Wholesale,Summer
Dhaka,Narayanganj,Chashara Market,Cotton,CB Hybrid,Fiber Crops,42,6112,6622,6367,1/24/2022,Grade B,High,Medium,Retail,Summer
Dhaka,Dhaka,Karwan Bazar,Cotton,CB Hybrid,Fiber Crops,15,6720,7280,7000,6/9/2021,Grade B,Low,Medium,Retail,Summer
Rajshahi,Pabna,Pabna Sadar Market,Cotton,CB Hybrid,Fiber Crops,300,3432,3718,3575,7/16/2020,Grade B,High,Low,Retail,Summer
Chattogram,Chattogram,Agrabad Market,Cotton,CB Hybrid,Fiber Crops,545,5190,5622,5406,2/23/2023,Grade A,Low,Medium,Retail,Summer
Chattogram,Cox's Bazar,Cox's Bazar Market,Cotton,CB Hybrid,Fiber Crops,15,2304,2496,2400,9/7/2022,Grade B,Medium,Medium,Wholesale,Summer
Dhaka,Narayanganj,Chashara Market,Cotton,CB Hybrid,Fiber Crops,5,2172,2354,2263,8/26/2023,Grade C,Medium,High,Wholesale,Summer
Khulna,Kushtia,Kushtia Boro Bazar,Cotton,CB Hybrid,Fiber Crops,22,4460,4832,4646,4/16/2023,Grade C,Medium,High,Retail,Summer
Dhaka,Narayanganj,Chashara Market,Cotton,CB Hybrid,Fiber Crops,2.1,2189,2371,2280,10/10/2024,Grade B,High,High,Wholesale,Summer
Dhaka,Narayanganj,Chashara Market,Cotton,CB Hybrid,Fiber Crops,81,5246,5684,5465,5/9/2022,Grade C,Medium,Low,Retail,Summer
Dhaka,Manikganj,Manikganj Bazar,Cotton,CB Hybrid,Fiber Crops,531.3,4440,4810,4625,5/15/2024,Grade A,High,Medium,Wholesale,Summer
Barishal,Barishal,Nathullabad Market,Cotton,CB Hybrid,Fiber Crops,19,1899,2057,1978,5/17/2023,Grade C,Medium,Medium,Wholesale,Summer
Barishal,Patuakhali,Patuakhali Sadar Market,Cotton,CB Hybrid,Fiber Crops,57,2307,2499,2403,3/11/2024,Grade A,Medium,High,Wholesale,Summer
Chattogram,Cox's Bazar,Cox's Bazar Market,Cotton,CB Hybrid,Fiber Crops,9,1680,1820,1750,12/3/2021,Grade B,Low,Medium,Retail,Summer
Chattogram,Chattogram,Agrabad Market,Cotton,CB Hybrid,Fiber Crops,35,5472,5928,5700,7/30/2020,Grade B,Medium,Medium,Wholesale,Summer
Dhaka,Dhaka,Karwan Bazar,Cotton,CB Hybrid,Fiber Crops,16,2467,2673,2570,9/2/2023,Grade A,Medium,Medium,Retail,Summer
Dhaka,Tangail,Tangail Sadar Market,Cotton,CB Hybrid,Fiber Crops,17,4488,4862,4675,4/24/2023,Grade B,Medium,Medium,Wholesale,Summer
Barishal,Bhola,Bhola Bazar,Cotton,CB Hybrid,Fiber Crops,21,9168,9932,9550,6/15/2023,Grade B,Medium,Medium,Retail,Summer
Dhaka,Manikganj,Manikganj Bazar,Cotton,CB Hybrid,Fiber Crops,240,4328,4688,4508,11/20/2023,Grade C,High,Medium,Retail,Summer
Dhaka,Manikganj,Manikganj Bazar,Cotton,CB Hybrid,Fiber Crops,2,1688,1828,1758,7/23/2020,Premium,High,High,Wholesale,Summer
Khulna,Kushtia,Kushtia Boro Bazar,Cotton,CB Hybrid,Fiber Crops,31,4325,4685,4505,5/22/2024,Grade A,Low,Low,Wholesale,Summer
Dhaka,Manikganj,Manikganj Bazar,Cotton,CB Hybrid,Fiber Crops,40,2031,2201,2116,6/23/2022,Grade C,Medium,Low,Wholesale,Summer
Chattogram,Feni,Feni Sadar Market,Cotton,CB Hybrid,Fiber Crops,30,6991,7573,7282,4/17/2021,Grade A,Medium,Medium,Wholesale,Summer
Khulna,Jashore,Jashore Bazar,Cotton,CB Hybrid,Fiber Crops,12,5800,6284,6042,5/17/2022,Grade A,High,High,Retail,Summer
Dhaka,Gazipur,Joydebpur Market,Cotton,CB Hybrid,Fiber Crops,150,5040,5460,5250,12/15/2022,Grade B,Medium,High,Retail,Summer
Dhaka,Tangail,Tangail Sadar Market,Cotton,CB Hybrid,Fiber Crops,14,1560,1690,1625,7/26/2021,Grade B,Low,Medium,Retail,Summer
Chattogram,Cox's Bazar,Cox's Bazar Market,Cotton,CB Hybrid,Fiber Crops,38.7,2365,2563,2464,6/20/2024,Premium,Medium,High,Wholesale,Summer
Chattogram,Cumilla,Kandirpar Market,Cotton,CB Hybrid,Fiber Crops,14,2646,2866,2756,1/18/2022,Grade A,Medium,Low,Wholesale,Summer
Chattogram,Cox's Bazar,Cox's Bazar Market,Cotton,CB Hybrid,Fiber Crops,7,2748,2976,2862,2/7/2020,Grade A,Medium,High,Retail,Summer
Barishal,Patuakhali,Patuakhali Sadar Market,Cotton,CB Hybrid,Fiber Crops,51,5051,5471,5261,7/24/2023,Premium,High,Medium,Wholesale,Summer
Khulna,Satkhira,Satkhira Market,Cotton,CB Hybrid,Fiber Crops,14,5410,5860,5635,3/14/2022,Grade C,Medium,Medium,Retail,Summer
Rajshahi,Naogaon,Naogaon Sadar Market,Cotton,CB Hybrid,Fiber Crops,220,6309,6835,6572,2/16/2022,Grade A,High,Medium,Wholesale,Summer
Dhaka,Manikganj,Manikganj Bazar,Cotton,CB Hybrid,Fiber Crops,3,5664,6136,5900,6/1/2022,Grade B,Medium,Medium,Retail,Summer
Dhaka,Manikganj,Manikganj Bazar,Cotton,CB Hybrid,Fiber Crops,130,3612,3914,3763,12/29/2020,Grade A,Low,Medium,Wholesale,Summer
Dhaka,Manikganj,Manikganj Bazar,Cotton,CB Hybrid,Fiber Crops,18,1720,1864,1792,11/21/2020,Premium,Medium,Low,Retail,Summer
Khulna,Kushtia,Kushtia Boro Bazar,Cotton,CB Hybrid,Fiber Crops,4,1517,1643,1580,5/6/2021,Grade B,Medium,Low,Wholesale,Summer
Dhaka,Dhaka,Karwan Bazar,Cotton,CB Hybrid,Fiber Crops,815,4546,4924,4735,12/5/2023,Grade B,Low,Low,Wholesale,Summer
Chattogram,Chattogram,Agrabad Market,Cotton,CB Hybrid,Fiber Crops,3,1722,1866,1794,5/17/2024,Grade C,High,Medium,Retail,Summer
Chattogram,Cox's Bazar,Cox's Bazar Market,Cotton,CB Hybrid,Fiber Crops,16,3256,3528,3392,6/15/2024,Grade A,Medium,High,Wholesale,Summer
Chattogram,Cumilla,Kandirpar Market,Cotton,CB Hybrid,Fiber Crops,7,2496,2704,2600,6/24/2022,Grade B,High,High,Retail,Summer
Dhaka,Narayanganj,Chashara Market,Cotton,CB Hybrid,Fiber Crops,30,9362,10142,9752,8/10/2024,Grade C,Low,Medium,Wholesale,Summer
Khulna,Jashore,Jashore Bazar,Cotton,CB Hybrid,Fiber Crops,3,6048,6552,6300,6/23/2020,Premium,Medium,High,Wholesale,Summer
Chattogram,Noakhali,Maijdee Bazar,Cotton,CB Hybrid,Fiber Crops,11,3740,4052,3896,2/6/2020,Grade A,Low,Low,Wholesale,Summer
Dhaka,Dhaka,Karwan Bazar,Cotton,CB Hybrid,Fiber Crops,157,6263,6785,6524,1/21/2022,Premium,High,Medium,Wholesale,Summer
Barishal,Barishal,Nathullabad Market,Cotton,CB Hybrid,Fiber Crops,3.5,2011,2179,2095,12/4/2024,Grade B,High,Medium,Wholesale,Summer
Chattogram,Cox's Bazar,Cox's Bazar Market,Cotton,CB Hybrid,Fiber Crops,378,4416,4784,4600,4/13/2023,Grade C,High,Low,Retail,Summer
Dhaka,Narayanganj,Chashara Market,Cotton,CB Hybrid,Fiber Crops,60,5904,6396,6150,7/22/2021,Grade B,Medium,High,Retail,Summer
Dhaka,Dhaka,Karwan Bazar,Cotton,CB Hybrid,Fiber Crops,87,6828,7396,7112,2/26/2021,Premium,Low,Low,Retail,Summer
Dhaka,Narayanganj,Chashara Market,Cotton,CB Hybrid,Fiber Crops,30,4355,4717,4536,3/8/2021,Grade C,Medium,High,Retail,Summer
Chattogram,Cumilla,Kandirpar Market,Cotton,CB Hybrid,Fiber Crops,5,2544,2756,2650,10/5/2023,Grade C,Low,Medium,Wholesale,Summer
Barishal,Barishal,Nathullabad Market,Cotton,CB Hybrid,Fiber Crops,2.8,2320,2514,2417,8/29/2024,Grade A,Medium,High,Wholesale,Summer
Chattogram,Feni,Feni Sadar Market,Cotton,CB Hybrid,Fiber Crops,15,6509,7051,6780,6/17/2021,Grade B,High,Low,Retail,Summer
Dhaka,Tangail,Tangail Sadar Market,Cotton,CB Hybrid,Fiber Crops,30,8258,8946,8602,10/9/2024,Grade C,Medium,Medium,Wholesale,Summer
Chattogram,Cox's Bazar,Cox's Bazar Market,Cotton,CB Hybrid,Fiber Crops,629,4193,4543,4368,11/10/2020,Premium,Low,High,Retail,Summer
Dhaka,Manikganj,Manikganj Bazar,Cotton,CB Hybrid,Fiber Crops,18.3,10380,11244,10812,5/9/2024,Grade A,Medium,Low,Retail,Summer
Khulna,Satkhira,Satkhira Market,Cotton,CB Hybrid,Fiber Crops,14,4681,5071,4876,8/14/2023,Grade A,Medium,Medium,Wholesale,Summer
Rajshahi,Bogura,Satmatha Market,Cotton,CB Hybrid,Fiber Crops,50,2424,2626,2525,10/5/2023,Grade B,Medium,Medium,Wholesale,Summer
Chattogram,Chattogram,Agrabad Market,Cotton,CB Hybrid,Fiber Crops,4,1899,2057,1978,6/23/2022,Grade C,Medium,High,Retail,Summer
Dhaka,Manikganj,Manikganj Bazar,Cotton,CB Hybrid,Fiber Crops,65,5495,5953,5724,1/14/2020,Grade A,Medium,Medium,Retail,Summer
Dhaka,Tangail,Tangail Sadar Market,Cotton,CB Hybrid,Fiber Crops,6,2493,2701,2597,9/5/2023,Grade A,Medium,Medium,Retail,Summer
Chattogram,Cox's Bazar,Cox's Bazar Market,Cotton,CB Hybrid,Fiber Crops,2,2352,2548,2450,1/17/2023,Grade B,High,Low,Retail,Summer
Dhaka,Dhaka,Karwan Bazar,Cotton,CB Hybrid,Fiber Crops,50,1488,1612,1550,3/9/2021,Grade B,Medium,Medium,Wholesale,Summer
Barishal,Patuakhali,Patuakhali Sadar Market,Cotton,CB Hybrid,Fiber Crops,93,5227,5663,5445,11/17/2022,Grade B,High,Low,Retail,Summer
Barishal,Barishal,Nathullabad Market,Cotton,CB Hybrid,Fiber Crops,9,6513,7055,6784,6/22/2022,Grade A,High,Low,Wholesale,Summer
Dhaka,Narayanganj,Chashara Market,Cotton,CB Hybrid,Fiber Crops,7.5,7351,7963,7657,6/5/2024,Premium,Medium,Medium,Wholesale,Summer
Barishal,Patuakhali,Patuakhali Sadar Market,Cotton,CB Hybrid,Fiber Crops,36.9,4553,4933,4743,3/11/2024,Premium,High,Medium,Retail,Summer
Dhaka,Manikganj,Manikganj Bazar,Cotton,CB Hybrid,Fiber Crops,2,1933,2095,2014,1/27/2020,Grade A,High,Medium,Retail,Summer
Dhaka,Tangail,Tangail Sadar Market,Cotton,CB Hybrid,Fiber Crops,4,4747,5143,4945,1/22/2020,Grade A,High,High,Retail,Summer
Barishal,Barishal,Nathullabad Market,Cotton,CB Hybrid,Fiber Crops,92,5796,6278,6037,1/24/2022,Grade B,Medium,Medium,Retail,Summer
Barishal,Bhola,Bhola Bazar,Cotton,CB Hybrid,Fiber Crops,8,2506,2714,2610,10/13/2023,Grade A,High,Low,Wholesale,Summer
Barishal,Barishal,Nathullabad Market,Cotton,CB Hybrid,Fiber Crops,3,1221,1323,1272,4/22/2021,Grade A,Medium,High,Wholesale,Summer
Dhaka,Tangail,Tangail Sadar Market,Cotton,CB Hybrid,Fiber Crops,36,6263,6785,6524,1/4/2021,Premium,Medium,High,Retail,Summer
Dhaka,Dhaka,Karwan Bazar,Cotton,CB Hybrid,Fiber Crops,2,2208,2392,2300,7/6/2023,Grade B,Medium,Medium,Retail,Summer
Barishal,Patuakhali,Patuakhali Sadar Market,Cotton,CB Hybrid,Fiber Crops,53,4224,4576,4400,5/5/2020,Grade B,High,Low,Wholesale,Summer
Chattogram,Cox's Bazar,Cox's Bazar Market,Cotton,CB Hybrid,Fiber Crops,100,4234,4586,4410,5/25/2024,Grade B,Medium,High,Retail,Summer
Dhaka,Narayanganj,Chashara Market,Cotton,CB Hybrid,Fiber Crops,14,5712,6188,5950,2/4/2022,Grade B,Medium,Low,Wholesale,Summer
Chattogram,Noakhali,Maijdee Bazar,Cotton,CB Hybrid,Fiber Crops,9,9632,10434,10033,10/11/2023,Grade C,Low,High,Retail,Summer
Barishal,Bhola,Bhola Bazar,Cotton,CB Hybrid,Fiber Crops,85.5,3833,4153,3993,6/11/2024,Grade C,High,High,Retail,Summer
Rajshahi,Naogaon,Naogaon Sadar Market,Cotton,CB Hybrid,Fiber Crops,100,6900,7474,7187,6/14/2021,Grade A,Medium,Medium,Retail,Summer
Chattogram,Cumilla,Kandirpar Market,Cotton,CB Hybrid,Fiber Crops,27,8567,9281,8924,7/14/2023,Grade C,High,High,Wholesale,Summer
Dhaka,Tangail,Tangail Sadar Market,Cotton,CB Hybrid,Fiber Crops,56,5914,6406,6160,6/27/2022,Grade B,Medium,Low,Retail,Summer
Dhaka,Narayanganj,Chashara Market,Cotton,CB Hybrid,Fiber Crops,30,5158,5588,5373,6/14/2022,Grade C,Low,High,Wholesale,Summer
Chattogram,Feni,Feni Sadar Market,Cotton,CB Hybrid,Fiber Crops,33,3451,3739,3595,2/7/2020,Grade B,Medium,Low,Wholesale,Summer
Dhaka,Manikganj,Manikganj Bazar,Cotton,CB Hybrid,Fiber Crops,25,2239,2425,2332,3/1/2023,Grade A,Medium,High,Retail,Summer
Khulna,Kushtia,Kushtia Boro Bazar,Cotton,CB Hybrid,Fiber Crops,4,6004,6504,6254,6/22/2022,Grade A,Medium,Low,Retail,Summer
Chattogram,Noakhali,Maijdee Bazar,Cotton,CB Hybrid,Fiber Crops,60,6360,6890,6625,2/24/2022,Grade A,Medium,Low,Wholesale,Summer
Dhaka,Tangail,Tangail Sadar Market,Cotton,CB Hybrid,Fiber Crops,5,8556,9268,8912,12/25/2023,Grade B,Medium,Medium,Wholesale,Summer
Dhaka,Tangail,Tangail Sadar Market,Cotton,CB Hybrid,Fiber Crops,250,5564,6028,5796,12/4/2021,Grade C,Medium,Medium,Wholesale,Summer
Rajshahi,Pabna,Pabna Sadar Market,Cotton,CB Hybrid,Fiber Crops,1,2059,2231,2145,10/25/2024,Premium,High,Low,Wholesale,Summer
Chattogram,Cumilla,Kandirpar Market,Cotton,CB Hybrid,Fiber Crops,107,9158,9922,9540,6/14/2023,Grade A,High,Low,Wholesale,Summer
Chattogram,Cox's Bazar,Cox's Bazar Market,Cotton,CB Hybrid,Fiber Crops,427,5568,6032,5800,1/27/2021,Grade B,Low,Medium,Wholesale,Summer
Dhaka,Dhaka,Karwan Bazar,Cotton,CB Hybrid,Fiber Crops,95,5088,5512,5300,3/12/2021,Grade A,High,Low,Wholesale,Summer
Chattogram,Cox's Bazar,Cox's Bazar Market,Cotton,CB Hybrid,Fiber Crops,500,7734,8378,8056,2/17/2024,Grade A,Medium,Medium,Wholesale,Summer
Chattogram,Noakhali,Maijdee Bazar,Cotton,CB Hybrid,Fiber Crops,85,4055,4393,4224,1/17/2020,Grade A,Medium,Low,Wholesale,Summer
Dhaka,Manikganj,Manikganj Bazar,Cotton,CB Hybrid,Fiber Crops,20,2446,2650,2548,6/15/2023,Premium,Medium,Medium,Wholesale,Summer
Dhaka,Tangail,Tangail Sadar Market,Cotton,CB Hybrid,Fiber Crops,27,1848,2002,1925,10/3/2020,Grade B,Low,Medium,Retail,Summer
Khulna,Satkhira,Satkhira Market,Cotton,CB Hybrid,Fiber Crops,5,2214,2398,2306,6/15/2023,Grade A,High,High,Retail,Summer
Dhaka,Tangail,Tangail Sadar Market,Cotton,CB Hybrid,Fiber Crops,190,6240,6760,6500,1/17/2024,Grade B,Medium,Low,Retail,Summer
Dhaka,Gazipur,Joydebpur Market,Cotton,CB Hybrid,Fiber Crops,1,2230,2416,2323,1/27/2024,Grade C,Medium,Low,Retail,Summer
Dhaka,Narayanganj,Chashara Market,Cotton,CB Hybrid,Fiber Crops,14,5664,6136,5900,6/12/2022,Grade B,Medium,Low,Retail,Summer
Khulna,Kushtia,Kushtia Boro Bazar,Cotton,CB Hybrid,Fiber Crops,22,4838,5242,5040,10/15/2022,Premium,Low,Medium,Retail,Summer
Chattogram,Cox's Bazar,Cox's Bazar Market,Cotton,CB Hybrid,Fiber Crops,2,2170,2350,2260,12/26/2020,Grade B,Medium,Medium,Wholesale,Summer
Khulna,Kushtia,Kushtia Boro Bazar,Cotton,CB Hybrid,Fiber Crops,151,6816,7384,7100,5/15/2024,Grade B,Low,Medium,Retail,Summer
Chattogram,Noakhali,Maijdee Bazar,Cotton,CB Hybrid,Fiber Crops,2,7949,8611,8280,12/14/2023,Grade C,Medium,Medium,Wholesale,Summer
Chattogram,Cumilla,Kandirpar Market,Cotton,CB Hybrid,Fiber Crops,3,883,957,920,8/12/2020,Grade C,Medium,Low,Wholesale,Summer
Khulna,Kushtia,Kushtia Boro Bazar,Cotton,CB Hybrid,Fiber Crops,6,4681,5071,4876,9/1/2023,Grade A,Low,Low,Wholesale,Summer
Dhaka,Gazipur,Joydebpur Market,Cotton,CB Hybrid,Fiber Crops,31,4968,5382,5175,7/2/2020,Grade B,Medium,Low,Wholesale,Summer
Khulna,Khulna,Khulna New Market,Cotton,CB Hybrid,Fiber Crops,118,7174,7772,7473,5/25/2023,Grade A,Medium,Medium,Wholesale,Summer
Dhaka,Narayanganj,Chashara Market,Cotton,CB Hybrid,Fiber Crops,1,10368,11232,10800,10/25/2023,Grade B,Medium,High,Retail,Summer
Barishal,Bhola,Bhola Bazar,Cotton,CB Hybrid,Fiber Crops,25.7,3612,3914,3763,3/12/2024,Grade C,Low,Medium,Wholesale,Summer
Khulna,Jashore,Jashore Bazar,Cotton,CB Hybrid,Fiber Crops,13,6451,6989,6720,3/20/2021,Premium,Low,High,Retail,Summer
Dhaka,Manikganj,Manikganj Bazar,Cotton,CB Hybrid,Fiber Crops,8,2340,2536,2438,12/23/2022,Grade A,Medium,Medium,Wholesale,Summer
Khulna,Khulna,Khulna New Market,Cotton,CB Hybrid,Fiber Crops,6.3,1978,2142,2060,3/7/2024,Grade B,Medium,Low,Wholesale,Summer
Barishal,Patuakhali,Patuakhali Sadar Market,Cotton,CB Hybrid,Fiber Crops,4.8,2112,2288,2200,6/5/2024,Grade A,High,Medium,Wholesale,Summer
Chattogram,Noakhali,Maijdee Bazar,Cotton,CB Hybrid,Fiber Crops,10,2128,2306,2217,6/11/2024,Grade C,High,High,Retail,Summer
Rajshahi,Pabna,Pabna Sadar Market,Cotton,CB Hybrid,Fiber Crops,15,7032,7618,7325,10/1/2020,Grade A,High,Low,Wholesale,Summer
Chattogram,Feni,Feni Sadar Market,Cotton,CB Hybrid,Fiber Crops,30,2076,2248,2162,5/4/2024,Grade A,High,Low,Retail,Summer
Barishal,Bhola,Bhola Bazar,Cotton,CB Hybrid,Fiber Crops,27,4853,5257,5055,1/14/2022,Grade B,Low,Medium,Wholesale,Summer
Rajshahi,Naogaon,Naogaon Sadar Market,Cotton,CB Hybrid,Fiber Crops,160,9922,10748,10335,3/4/2024,Grade A,High,Low,Wholesale,Summer
Barishal,Barishal,Nathullabad Market,Cotton,CB Hybrid,Fiber Crops,14,4783,5181,4982,8/5/2023,Grade A,Low,Low,Retail,Summer
Khulna,Khulna,Khulna New Market,Cotton,CB Hybrid,Fiber Crops,144,8090,8764,8427,10/28/2021,Grade A,Medium,Low,Retail,Summer
Dhaka,Gazipur,Joydebpur Market,Cotton,CB Hybrid,Fiber Crops,2,1920,2080,2000,3/17/2020,Grade B,Medium,High,Retail,Summer
Chattogram,Cumilla,Kandirpar Market,Cotton,CB Hybrid,Fiber Crops,28,4032,4368,4200,5/29/2024,Grade B,Low,Medium,Retail,Summer
Barishal,Patuakhali,Patuakhali Sadar Market,Cotton,CB Hybrid,Fiber Crops,98,4452,4822,4637,4/24/2023,Grade B,Medium,High,Retail,Summer
Dhaka,Narayanganj,Chashara Market,Cotton,CB Hybrid,Fiber Crops,24,1766,1914,1840,3/5/2022,Grade C,Low,Low,Retail,Summer
Khulna,Satkhira,Satkhira Market,Cotton,CB Hybrid,Fiber Crops,141,9972,10804,10388,2/3/2022,Grade A,High,Low,Wholesale,Summer
Chattogram,Cox's Bazar,Cox's Bazar Market,Cotton,CB Hybrid,Fiber Crops,808,4681,5071,4876,11/8/2023,Grade A,Medium,Low,Wholesale,Summer
Rajshahi,Naogaon,Naogaon Sadar Market,Cotton,CB Hybrid,Fiber Crops,7.5,2522,2732,2627,10/26/2024,Grade C,Medium,Low,Wholesale,Summer
Dhaka,Manikganj,Manikganj Bazar,Cotton,CB Hybrid,Fiber Crops,304,9807,10625,10216,1/29/2024,Grade A,Medium,Low,Retail,Summer
Chattogram,Cox's Bazar,Cox's Bazar Market,Cotton,CB Hybrid,Fiber Crops,1,1032,1118,1075,6/14/2021,Grade B,Low,Low,Retail,Summer
Chattogram,Cumilla,Kandirpar Market,Cotton,CB Hybrid,Fiber Crops,166,4800,5200,5000,3/13/2020,Grade B,Medium,High,Wholesale,Summer
Dhaka,Tangail,Tangail Sadar Market,Cotton,CB Hybrid,Fiber Crops,6,2544,2756,2650,10/3/2023,Grade A,High,Low,Retail,Summer
Dhaka,Narayanganj,Chashara Market,Cotton,CB Hybrid,Fiber Crops,65,4776,5174,4975,2/2/2023,Grade B,Medium,Medium,Wholesale,Summer
Dhaka,Tangail,Tangail Sadar Market,Cotton,CB Hybrid,Fiber Crops,19,4121,4465,4293,1/8/2020,Grade A,High,Low,Retail,Summer
Chattogram,Chattogram,Agrabad Market,Cotton,CB Hybrid,Fiber Crops,4.5,2650,2870,2760,10/24/2024,Grade B,Low,Medium,Retail,Summer
Khulna,Jashore,Jashore Bazar,Cotton,CB Hybrid,Fiber Crops,12,4320,4680,4500,12/23/2023,Grade B,High,Medium,Wholesale,Summer
Dhaka,Manikganj,Manikganj Bazar,Cotton,CB Hybrid,Fiber Crops,40,4783,5181,4982,7/11/2023,Grade A,High,Medium,Retail,Summer
Khulna,Jashore,Jashore Bazar,Cotton,CB Hybrid,Fiber Crops,4,2184,2366,2275,3/31/2022,Grade B,High,Low,Retail,Summer
Dhaka,Manikganj,Manikganj Bazar,Cotton,CB Hybrid,Fiber Crops,63,5231,5667,5449,11/14/2022,Grade A,Medium,High,Wholesale,Summer
Dhaka,Tangail,Tangail Sadar Market,Cotton,CB Hybrid,Fiber Crops,1,2064,2236,2150,10/10/2022,Grade B,Low,Medium,Wholesale,Summer
Dhaka,Gazipur,Joydebpur Market,Cotton,CB Hybrid,Fiber Crops,15,1391,1507,1449,2/9/2021,Grade C,Low,High,Wholesale,Summer
Dhaka,Gazipur,Joydebpur Market,Cotton,CB Hybrid,Fiber Crops,0.8,2270,2460,2365,9/26/2024,Premium,Medium,Medium,Wholesale,Summer
Dhaka,Tangail,Tangail Sadar Market,Cotton,CB Hybrid,Fiber Crops,324.3,12567,13615,13091,5/30/2024,Grade A,Low,Medium,Retail,Summer
Chattogram,Cumilla,Kandirpar Market,Cotton,CB Hybrid,Fiber Crops,4,1589,1721,1655,1/14/2022,Grade B,Low,High,Retail,Summer
Chattogram,Chattogram,Agrabad Market,Cotton,CB Hybrid,Fiber Crops,110,2672,2894,2783,3/19/2024,Premium,High,High,Retail,Summer
Chattogram,Cumilla,Kandirpar Market,Cotton,CB Hybrid,Fiber Crops,12,2016,2184,2100,10/22/2024,Grade B,High,Low,Wholesale,Summer
Dhaka,Gazipur,Joydebpur Market,Cotton,CB Hybrid,Fiber Crops,14,5873,6363,6118,5/4/2021,Grade C,Low,Medium,Wholesale,Summer
Chattogram,Noakhali,Maijdee Bazar,Cotton,CB Hybrid,Fiber Crops,80,8614,9332,8973,3/27/2023,Grade A,Low,High,Retail,Summer
Chattogram,Chattogram,Agrabad Market,Cotton,CB Hybrid,Fiber Crops,86,4849,5253,5051,9/29/2022,Grade A,High,Medium,Retail,Summer
Dhaka,Manikganj,Manikganj Bazar,Cotton,CB Hybrid,Fiber Crops,50,2290,2480,2385,6/21/2023,Grade A,Medium,Low,Wholesale,Summer
Dhaka,Manikganj,Manikganj Bazar,Cotton,CB Hybrid,Fiber Crops,100,7968,8632,8300,4/17/2023,Grade B,Medium,Low,Retail,Summer
Barishal,Barishal,Nathullabad Market,Cotton,CB Hybrid,Fiber Crops,30,5021,5439,5230,12/17/2022,Grade B,Low,High,Wholesale,Summer
Dhaka,Narayanganj,Chashara Market,Cotton,CB Hybrid,Fiber Crops,45,4946,5358,5152,3/18/2020,Premium,Low,High,Retail,Summer
Chattogram,Chattogram,Agrabad Market,Cotton,CB Hybrid,Fiber Crops,60,5200,5634,5417,11/16/2023,Grade A,Low,High,Wholesale,Summer
Barishal,Bhola,Bhola Bazar,Cotton,CB Hybrid,Fiber Crops,26,4157,4503,4330,2/22/2024,Grade B,High,Medium,Wholesale,Summer
Dhaka,Gazipur,Joydebpur Market,Cotton,CB Hybrid,Fiber Crops,60,6564,7110,6837,6/11/2022,Grade A,Medium,Low,Retail,Summer
Dhaka,Tangail,Tangail Sadar Market,Cotton,CB Hybrid,Fiber Crops,"1,184.00",9723,10533,10128,2/15/2024,Grade A,High,Medium,Retail,Summer
Barishal,Patuakhali,Patuakhali Sadar Market,Cotton,CB Hybrid,Fiber Crops,3,7902,8560,8231,6/27/2023,Grade C,Low,Medium,Wholesale,Summer
Dhaka,Manikganj,Manikganj Bazar,Cotton,CB Hybrid,Fiber Crops,4,2301,2493,2397,4/11/2023,Grade A,Medium,Low,Retail,Summer
Rajshahi,Naogaon,Naogaon Sadar Market,Cotton,CB Hybrid,Fiber Crops,350,2059,2231,2145,4/20/2023,Grade B,Low,High,Wholesale,Summer
Dhaka,Narayanganj,Chashara Market,Cotton,CB Hybrid,Fiber Crops,32,5808,6292,6050,10/22/2021,Grade B,High,Low,Retail,Summer
Dhaka,Narayanganj,Chashara Market,Cotton,CB Hybrid,Fiber Crops,1,2715,2941,2828,1/7/2020,Premium,High,High,Wholesale,Summer
Rajshahi,Naogaon,Naogaon Sadar Market,Cotton,CB Hybrid,Fiber Crops,5,8924,9668,9296,10/18/2024,Premium,Medium,Medium,Wholesale,Summer
Barishal,Barishal,Nathullabad Market,Cotton,CB Hybrid,Fiber Crops,9,6106,6614,6360,6/9/2022,Grade A,Low,Medium,Retail,Summer
Dhaka,Narayanganj,Chashara Market,Lentil,BARI Masur-8,Pulses,222,7176,7774,7475,7/25/2022,Grade A,Medium,Low,Retail,Winter
Barishal,Barishal,Nathullabad Market,Lentil,BARI Masur-8,Pulses,6,6055,6559,6307,7/22/2021,Grade A,Medium,Medium,Wholesale,Winter
Chattogram,Noakhali,Maijdee Bazar,Lentil,BARI Masur-8,Pulses,165,6014,6516,6265,1/20/2021,Grade A,Medium,High,Retail,Winter
Chattogram,Noakhali,Maijdee Bazar,Lentil,BARI Masur-9,Pulses,11.8,2826,3062,2944,7/4/2024,Grade C,Medium,Low,Wholesale,Winter
Rajshahi,Bogura,Satmatha Market,Lentil,BARI Masur-9,Pulses,30,6129,6639,6384,1/28/2021,Premium,Medium,Medium,Retail,Winter
Khulna,Jashore,Jashore Bazar,Lentil,BARI Masur-9,Pulses,214,7584,8216,7900,4/5/2023,Grade B,Low,High,Wholesale,Winter
Dhaka,Gazipur,Joydebpur Market,Lentil,BARI Masur-9,Pulses,25,2519,2729,2624,6/17/2024,Grade A,Low,High,Retail,Winter
Khulna,Satkhira,Satkhira Market,Lentil,BARI Masur-8,Pulses,33,9667,10473,10070,2/6/2024,Grade A,Medium,High,Retail,Winter
Khulna,Kushtia,Kushtia Boro Bazar,Lentil,BARI Masur-9,Pulses,15,4670,5060,4865,12/19/2023,Grade A,High,Low,Retail,Winter
Dhaka,Dhaka,Karwan Bazar,Lentil,BARI Masur-9,Pulses,40,1554,1684,1619,8/30/2021,Grade C,Low,High,Wholesale,Winter
Khulna,Satkhira,Satkhira Market,Lentil,BARI Masur-8,Pulses,5,3003,3253,3128,5/15/2020,Grade C,Medium,High,Retail,Winter
Dhaka,Gazipur,Joydebpur Market,Lentil,BARI Masur-8,Pulses,30,1730,1874,1802,4/1/2021,Grade A,Medium,High,Retail,Winter
Chattogram,Cumilla,Kandirpar Market,Lentil,BARI Masur-9,Pulses,100,11753,12733,12243,5/22/2024,Grade A,Medium,Low,Wholesale,Winter
Chattogram,Noakhali,Maijdee Bazar,Lentil,BARI Masur-9,Pulses,132,6000,6500,6250,6/11/2021,Grade B,Medium,Medium,Wholesale,Winter
Dhaka,Tangail,Tangail Sadar Market,Lentil,BARI Masur-8,Pulses,5,1964,2128,2046,6/28/2022,Grade A,High,High,Retail,Winter
Khulna,Khulna,Khulna New Market,Lentil,BARI Masur-8,Pulses,81,7276,7882,7579,11/15/2023,Grade A,High,Low,Wholesale,Winter
Dhaka,Dhaka,Karwan Bazar,Lentil,BARI Masur-9,Pulses,10,3577,3875,3726,1/14/2021,Grade C,High,Medium,Retail,Winter
Dhaka,Dhaka,Karwan Bazar,Lentil,BARI Masur-8,Pulses,21,4808,5208,5008,9/4/2023,Grade A,Low,High,Retail,Winter
Barishal,Barishal,Nathullabad Market,Lentil,BARI Masur-8,Pulses,9.8,4411,4779,4595,2/28/2024,Grade A,High,Medium,Retail,Winter
Barishal,Patuakhali,Patuakhali Sadar Market,Lentil,BARI Masur-8,Pulses,6,9362,10142,9752,7/27/2021,Grade A,Low,Low,Wholesale,Winter
Chattogram,Feni,Feni Sadar Market,Lentil,BARI Masur-9,Pulses,15,2496,2704,2600,6/6/2024,Grade B,High,Medium,Wholesale,Winter
Barishal,Patuakhali,Patuakhali Sadar Market,Lentil,BARI Masur-8,Pulses,11.4,4082,4422,4252,8/26/2024,Grade A,High,Medium,Wholesale,Winter
Dhaka,Tangail,Tangail Sadar Market,Lentil,BARI Masur-9,Pulses,96,7177,7775,7476,6/21/2021,Premium,Medium,Medium,Retail,Winter
Khulna,Jashore,Jashore Bazar,Lentil,BARI Masur-9,Pulses,1,1526,1654,1590,6/10/2021,Grade A,High,Medium,Retail,Winter
Rajshahi,Pabna,Pabna Sadar Market,Lentil,BARI Masur-8,Pulses,16,11570,12534,12052,10/26/2023,Grade A,Medium,High,Wholesale,Winter
Chattogram,Chattogram,Agrabad Market,Lentil,BARI Masur-9,Pulses,24,1680,1820,1750,10/23/2021,Grade B,High,Medium,Wholesale,Winter
Dhaka,Tangail,Tangail Sadar Market,Lentil,BARI Masur-9,Pulses,533,6240,6760,6500,3/16/2022,Grade A,Medium,Medium,Wholesale,Winter
Barishal,Patuakhali,Patuakhali Sadar Market,Lentil,BARI Masur-9,Pulses,34.9,9892,10716,10304,6/7/2024,Grade C,Medium,Low,Retail,Winter
Dhaka,Gazipur,Joydebpur Market,Lentil,BARI Masur-9,Pulses,1,7092,7682,7387,3/10/2022,Grade A,Low,Medium,Wholesale,Winter
Khulna,Satkhira,Satkhira Market,Lentil,BARI Masur-9,Pulses,8,7728,8372,8050,2/14/2023,Grade B,Medium,Low,Wholesale,Winter
Rajshahi,Naogaon,Naogaon Sadar Market,Lentil,BARI Masur-8,Pulses,180,3623,3925,3774,8/20/2020,Grade A,Medium,Low,Retail,Winter
Chattogram,Noakhali,Maijdee Bazar,Lentil,BARI Masur-9,Pulses,445.4,3709,4019,3864,10/17/2024,Grade C,Medium,Medium,Retail,Winter
Dhaka,Tangail,Tangail Sadar Market,Lentil,BARI Masur-9,Pulses,81,3638,3942,3790,10/28/2020,Grade A,High,Low,Retail,Winter
Dhaka,Narayanganj,Chashara Market,Lentil,BARI Masur-8,Pulses,48,4770,5168,4969,11/21/2022,Grade C,Medium,Medium,Wholesale,Winter
Barishal,Bhola,Bhola Bazar,Lentil,BARI Masur-8,Pulses,10,5630,6100,5865,1/10/2022,Grade C,Low,Low,Retail,Winter
Barishal,Patuakhali,Patuakhali Sadar Market,Lentil,BARI Masur-8,Pulses,17,2064,2236,2150,4/17/2022,Grade B,Low,Low,Wholesale,Winter
Rajshahi,Rajshahi,Shaheb Bazar,Lentil,BARI Masur-8,Pulses,260,5158,5588,5373,5/24/2022,Grade C,High,High,Retail,Winter
Dhaka,Narayanganj,Chashara Market,Lentil,BARI Masur-8,Pulses,5,1679,1819,1749,1/4/2020,Grade A,Medium,High,Retail,Winter
Dhaka,Gazipur,Joydebpur Market,Lentil,BARI Masur-8,Pulses,191,6288,6812,6550,5/5/2021,Grade B,Medium,High,Retail,Winter
Dhaka,Narayanganj,Chashara Market,Lentil,BARI Masur-8,Pulses,4,1536,1664,1600,6/27/2020,Grade B,Low,High,Wholesale,Winter
Chattogram,Cumilla,Kandirpar Market,Lentil,BARI Masur-9,Pulses,95,3891,4215,4053,4/24/2024,Grade C,High,Medium,Retail,Winter
Chattogram,Cumilla,Kandirpar Market,Lentil,BARI Masur-9,Pulses,20,2458,2662,2560,4/25/2024,Grade A,Medium,High,Wholesale,Winter
Dhaka,Dhaka,Karwan Bazar,Lentil,BARI Masur-8,Pulses,3,2016,2184,2100,7/25/2023,Grade B,High,Low,Retail,Winter
Khulna,Satkhira,Satkhira Market,Lentil,BARI Masur-8,Pulses,6,8881,9621,9251,4/13/2023,Premium,Low,High,Retail,Winter
Dhaka,Gazipur,Joydebpur Market,Lentil,BARI Masur-8,Pulses,20,10193,11043,10618,2/17/2024,Premium,High,Low,Wholesale,Winter
Khulna,Khulna,Khulna New Market,Lentil,BARI Masur-8,Pulses,8,5053,5475,5264,3/5/2020,Premium,High,Medium,Wholesale,Winter
Chattogram,Noakhali,Maijdee Bazar,Lentil,BARI Masur-9,Pulses,8,1512,1638,1575,1/25/2021,Grade B,Medium,Medium,Wholesale,Winter
Khulna,Satkhira,Satkhira Market,Lentil,BARI Masur-9,Pulses,4,3974,4306,4140,8/26/2023,Grade C,Medium,Medium,Retail,Winter
Dhaka,Narayanganj,Chashara Market,Lentil,BARI Masur-9,Pulses,15,3688,3996,3842,7/22/2020,Grade A,Medium,Medium,Retail,Winter
Dhaka,Tangail,Tangail Sadar Market,Lentil,BARI Masur-9,Pulses,5,1425,1543,1484,11/29/2021,Grade A,High,Medium,Wholesale,Winter
Rajshahi,Rajshahi,Shaheb Bazar,Lentil,BARI Masur-8,Pulses,600,4570,4950,4760,10/15/2024,Premium,High,Medium,Wholesale,Winter
Barishal,Patuakhali,Patuakhali Sadar Market,Lentil,BARI Masur-9,Pulses,16,6144,6656,6400,3/6/2021,Grade B,High,Medium,Wholesale,Winter
Dhaka,Gazipur,Joydebpur Market,Lentil,BARI Masur-8,Pulses,40,5723,6199,5961,8/4/2022,Grade B,Low,Low,Retail,Winter
Dhaka,Gazipur,Joydebpur Market,Lentil,BARI Masur-8,Pulses,22,12008,13008,12508,10/31/2023,Grade A,Medium,Low,Retail,Winter
Chattogram,Chattogram,Agrabad Market,Lentil,BARI Masur-8,Pulses,10,2405,2605,2505,12/8/2023,Grade B,Medium,Low,Retail,Winter
Dhaka,Gazipur,Joydebpur Market,Lentil,BARI Masur-8,Pulses,21,5953,6449,6201,1/20/2021,Grade A,High,Low,Wholesale,Winter
Dhaka,Tangail,Tangail Sadar Market,Lentil,BARI Masur-9,Pulses,226,3121,3381,3251,10/7/2020,Grade B,Medium,Medium,Wholesale,Winter
Chattogram,Noakhali,Maijdee Bazar,Lentil,BARI Masur-9,Pulses,16,1392,1508,1450,12/17/2020,Grade B,Low,Medium,Retail,Winter
Chattogram,Cox's Bazar,Cox's Bazar Market,Lentil,BARI Masur-8,Pulses,14,5922,6416,6169,7/26/2022,Grade A,Low,Medium,Wholesale,Winter
Chattogram,Chattogram,Agrabad Market,Lentil,BARI Masur-9,Pulses,282,9216,9984,9600,2/12/2024,Grade B,Low,Medium,Wholesale,Winter
Dhaka,Dhaka,Karwan Bazar,Lentil,BARI Masur-8,Pulses,4.09,2079,2253,2166,6/5/2024,Grade A,Medium,High,Wholesale,Winter
Rajshahi,Naogaon,Naogaon Sadar Market,Lentil,BARI Masur-8,Pulses,50,7912,8572,8242,3/8/2023,Grade A,Low,Medium,Retail,Winter
Khulna,Jashore,Jashore Bazar,Lentil,BARI Masur-8,Pulses,11,5299,5741,5520,4/9/2021,Grade C,Low,Medium,Retail,Winter
Chattogram,Chattogram,Agrabad Market,Lentil,BARI Masur-9,Pulses,90,6712,7272,6992,7/20/2023,Grade C,Medium,Medium,Retail,Winter
Barishal,Barishal,Nathullabad Market,Lentil,BARI Masur-8,Pulses,2,2464,2670,2567,8/5/2022,Grade A,Low,High,Wholesale,Winter
Khulna,Khulna,Khulna New Market,Lentil,BARI Masur-8,Pulses,59,6614,7166,6890,3/3/2021,Grade A,Medium,Medium,Wholesale,Winter
Dhaka,Dhaka,Karwan Bazar,Lentil,BARI Masur-9,Pulses,312,4566,4946,4756,8/9/2023,Grade B,Low,High,Wholesale,Winter
Chattogram,Chattogram,Agrabad Market,Lentil,BARI Masur-8,Pulses,8,1776,1924,1850,1/11/2022,Grade B,Low,Medium,Retail,Winter
Dhaka,Tangail,Tangail Sadar Market,Lentil,BARI Masur-8,Pulses,200,10245,11099,10672,5/14/2024,Grade C,Medium,High,Retail,Winter
Khulna,Jashore,Jashore Bazar,Lentil,BARI Masur-9,Pulses,29,6665,7221,6943,7/8/2022,Grade A,High,Medium,Retail,Winter
Dhaka,Tangail,Tangail Sadar Market,Lentil,BARI Masur-8,Pulses,53,5063,5485,5274,2/23/2023,Grade A,Low,Low,Retail,Winter
Chattogram,Cox's Bazar,Cox's Bazar Market,Lentil,BARI Masur-9,Pulses,6,8054,8726,8390,2/16/2023,Grade A,Low,High,Retail,Winter
Chattogram,Noakhali,Maijdee Bazar,Lentil,BARI Masur-8,Pulses,4,3216,3484,3350,5/15/2020,Grade B,Medium,Low,Retail,Winter
Barishal,Patuakhali,Patuakhali Sadar Market,Lentil,BARI Masur-9,Pulses,5.4,12846,13916,13381,5/29/2024,Premium,Low,Medium,Wholesale,Winter
Dhaka,Gazipur,Joydebpur Market,Lentil,BARI Masur-9,Pulses,8,1360,1474,1417,3/4/2021,Grade C,Medium,Low,Wholesale,Winter
Rajshahi,Bogura,Satmatha Market,Lentil,BARI Masur-8,Pulses,100,1704,1846,1775,6/11/2020,Grade B,Medium,Low,Wholesale,Winter
Chattogram,Cumilla,Kandirpar Market,Lentil,BARI Masur-9,Pulses,114,1780,1928,1854,4/11/2022,Grade C,Medium,Medium,Retail,Winter
Rajshahi,Rajshahi,Shaheb Bazar,Lentil,BARI Masur-8,Pulses,300,6462,7000,6731,6/17/2022,Grade A,Medium,Low,Retail,Winter
Dhaka,Narayanganj,Chashara Market,Lentil,BARI Masur-8,Pulses,60,4368,4732,4550,9/27/2022,Grade B,High,Medium,Retail,Winter
Rajshahi,Pabna,Pabna Sadar Market,Lentil,BARI Masur-9,Pulses,29,2607,2825,2716,8/22/2022,Premium,High,High,Wholesale,Winter
Barishal,Barishal,Nathullabad Market,Lentil,BARI Masur-8,Pulses,1,1425,1543,1484,8/31/2020,Grade A,High,High,Wholesale,Winter
Dhaka,Tangail,Tangail Sadar Market,Lentil,BARI Masur-8,Pulses,143,4526,4904,4715,9/28/2022,Grade B,Medium,High,Wholesale,Winter
Chattogram,Noakhali,Maijdee Bazar,Lentil,BARI Masur-8,Pulses,60,5643,6113,5878,2/20/2021,Grade C,Medium,Medium,Wholesale,Winter
Dhaka,Tangail,Tangail Sadar Market,Lentil,BARI Masur-8,Pulses,2.2,11957,12953,12455,7/9/2024,Grade A,High,Medium,Wholesale,Winter
Dhaka,Manikganj,Manikganj Bazar,Lentil,BARI Masur-8,Pulses,2,2417,2619,2518,2/1/2023,Grade A,Low,Low,Wholesale,Winter
Dhaka,Tangail,Tangail Sadar Market,Lentil,BARI Masur-8,Pulses,227,8465,9171,8818,6/12/2023,Grade C,Low,High,Wholesale,Winter
Dhaka,Manikganj,Manikganj Bazar,Lentil,BARI Masur-8,Pulses,7.8,2258,2446,2352,6/21/2024,Premium,Medium,High,Wholesale,Winter
Dhaka,Manikganj,Manikganj Bazar,Lentil,BARI Masur-9,Pulses,16,8390,9090,8740,7/6/2023,Grade C,Medium,High,Wholesale,Winter
Khulna,Jashore,Jashore Bazar,Lentil,BARI Masur-9,Pulses,7,4416,4784,4600,2/6/2023,Grade C,High,Low,Retail,Winter
Dhaka,Gazipur,Joydebpur Market,Lentil,BARI Masur-9,Pulses,24,1766,1914,1840,1/31/2022,Grade C,High,Medium,Retail,Winter
Dhaka,Gazipur,Joydebpur Market,Lentil,BARI Masur-8,Pulses,8,2316,2508,2412,7/13/2022,Grade A,Low,Medium,Wholesale,Winter
Chattogram,Noakhali,Maijdee Bazar,Lentil,BARI Masur-9,Pulses,7,9192,9958,9575,10/22/2024,Grade B,Medium,Medium,Retail,Winter
Dhaka,Gazipur,Joydebpur Market,Lentil,BARI Masur-9,Pulses,15.1,4314,4674,4494,7/5/2024,Grade A,Medium,Medium,Wholesale,Winter
Dhaka,Gazipur,Joydebpur Market,Lentil,BARI Masur-8,Pulses,13,3754,4066,3910,2/16/2021,Grade C,High,Low,Wholesale,Winter
Chattogram,Cox's Bazar,Cox's Bazar Market,Lentil,BARI Masur-9,Pulses,3,2911,3153,3032,2/13/2023,Grade A,Low,Medium,Wholesale,Winter
Chattogram,Chattogram,Agrabad Market,Lentil,BARI Masur-8,Pulses,3,4704,5096,4900,1/1/2020,Grade B,Low,Medium,Retail,Winter
Rajshahi,Naogaon,Naogaon Sadar Market,Lentil,BARI Masur-9,Pulses,23,11601,12567,12084,11/4/2023,Grade A,Medium,Medium,Retail,Winter
Dhaka,Tangail,Tangail Sadar Market,Lentil,BARI Masur-8,Pulses,3.5,8477,9183,8830,10/11/2024,Grade B,Medium,Medium,Wholesale,Winter
Chattogram,Cumilla,Kandirpar Market,Lentil,BARI Masur-9,Pulses,21,7785,8433,8109,7/22/2021,Grade A,Low,Low,Retail,Winter
Dhaka,Dhaka,Karwan Bazar,Lentil,BARI Masur-8,Pulses,47,4075,4415,4245,1/14/2020,Grade A,High,Medium,Retail,Winter
Khulna,Kushtia,Kushtia Boro Bazar,Lentil,BARI Masur-9,Pulses,13,1536,1664,1600,6/3/2021,Grade B,Medium,High,Wholesale,Winter
Chattogram,Cox's Bazar,Cox's Bazar Market,Lentil,BARI Masur-8,Pulses,2,5167,5597,5382,11/4/2020,Grade C,High,Low,Wholesale,Winter
Dhaka,Manikganj,Manikganj Bazar,Lentil,BARI Masur-9,Pulses,17,4646,5034,4840,2/2/2023,Grade B,Low,Medium,Retail,Winter
Dhaka,Gazipur,Joydebpur Market,Lentil,BARI Masur-8,Pulses,4,4909,5319,5114,9/12/2023,Grade A,Low,Low,Wholesale,Winter
Barishal,Bhola,Bhola Bazar,Lentil,BARI Masur-8,Pulses,118,6339,6867,6603,4/27/2022,Grade B,Medium,High,Retail,Winter
Barishal,Bhola,Bhola Bazar,Lentil,BARI Masur-8,Pulses,1.5,1749,1895,1822,5/6/2024,Grade B,Medium,Medium,Wholesale,Winter
Dhaka,Manikganj,Manikganj Bazar,Lentil,BARI Masur-8,Pulses,57,5432,5884,5658,7/7/2022,Grade C,Low,Medium,Retail,Winter
Dhaka,Manikganj,Manikganj Bazar,Lentil,BARI Masur-9,Pulses,2,1536,1664,1600,9/1/2020,Grade B,High,High,Retail,Winter
Khulna,Satkhira,Satkhira Market,Lentil,BARI Masur-8,Pulses,27,7331,7941,7636,5/15/2023,Grade C,High,High,Retail,Winter
Chattogram,Cox's Bazar,Cox's Bazar Market,Lentil,BARI Masur-8,Pulses,158,4858,5262,5060,1/4/2020,Grade C,High,Medium,Retail,Winter
Dhaka,Dhaka,Karwan Bazar,Lentil,BARI Masur-9,Pulses,150,9871,10693,10282,2/28/2024,Grade A,Medium,Medium,Wholesale,Winter
Chattogram,Noakhali,Maijdee Bazar,Lentil,BARI Masur-8,Pulses,16,2519,2729,2624,8/7/2021,Grade A,High,High,Retail,Winter
Khulna,Khulna,Khulna New Market,Lentil,BARI Masur-9,Pulses,5,6048,6552,6300,2/17/2022,Grade B,Low,Low,Retail,Winter
Khulna,Satkhira,Satkhira Market,Lentil,BARI Masur-9,Pulses,66,5758,6238,5998,5/4/2020,Premium,Medium,Medium,Retail,Winter
Rajshahi,Naogaon,Naogaon Sadar Market,Lentil,BARI Masur-9,Pulses,400,3135,3397,3266,2/10/2020,Grade C,High,High,Wholesale,Winter
Dhaka,Narayanganj,Chashara Market,Lentil,BARI Masur-8,Pulses,16,4223,4575,4399,1/25/2021,Grade A,Medium,Medium,Wholesale,Winter
Dhaka,Narayanganj,Chashara Market,Lentil,BARI Masur-8,Pulses,7,4528,4906,4717,7/21/2023,Grade A,Medium,Medium,Retail,Winter
Dhaka,Manikganj,Manikganj Bazar,Lentil,BARI Masur-8,Pulses,250,5190,5622,5406,12/28/2022,Grade A,Low,Medium,Retail,Winter
Barishal,Barishal,Nathullabad Market,Lentil,BARI Masur-8,Pulses,12,3672,3978,3825,2/4/2020,Grade B,High,Low,Retail,Winter
Rajshahi,Bogura,Satmatha Market,Lentil,BARI Masur-8,Pulses,101,1867,2023,1945,9/23/2021,Grade A,Low,Medium,Wholesale,Winter
Dhaka,Dhaka,Karwan Bazar,Lentil,BARI Masur-8,Pulses,5,2527,2737,2632,7/31/2023,Premium,Medium,Medium,Wholesale,Winter
Chattogram,Chattogram,Agrabad Market,Lentil,BARI Masur-8,Pulses,10,6762,7326,7044,12/23/2023,Grade A,Medium,High,Wholesale,Winter
Dhaka,Gazipur,Joydebpur Market,Lentil,BARI Masur-8,Pulses,1,1348,1460,1404,3/26/2021,Grade A,High,Low,Retail,Winter
Chattogram,Feni,Feni Sadar Market,Lentil,BARI Masur-9,Pulses,2,2405,2605,2505,11/28/2023,Grade B,Medium,Low,Wholesale,Winter
Barishal,Barishal,Nathullabad Market,Lentil,BARI Masur-8,Pulses,1,5597,6063,5830,2/9/2024,Grade A,Medium,Medium,Retail,Winter
Dhaka,Gazipur,Joydebpur Market,Lentil,BARI Masur-9,Pulses,6,5752,6232,5992,12/2/2022,Premium,High,Medium,Wholesale,Winter
Dhaka,Gazipur,Joydebpur Market,Lentil,BARI Masur-9,Pulses,110,5241,5677,5459,11/24/2022,Grade A,Medium,Low,Wholesale,Winter
Dhaka,Narayanganj,Chashara Market,Lentil,BARI Masur-8,Pulses,7,6249,6769,6509,4/22/2024,Grade C,Medium,Medium,Retail,Winter
Chattogram,Cumilla,Kandirpar Market,Lentil,BARI Masur-9,Pulses,40,8387,9085,8736,10/7/2020,Premium,Medium,Medium,Wholesale,Winter
Chattogram,Cox's Bazar,Cox's Bazar Market,Lentil,BARI Masur-9,Pulses,70,4440,4810,4625,2/1/2020,Grade B,Medium,Medium,Wholesale,Winter
Barishal,Bhola,Bhola Bazar,Lentil,BARI Masur-8,Pulses,30.9,4476,4850,4663,9/25/2024,Grade A,Low,Low,Retail,Winter
Chattogram,Noakhali,Maijdee Bazar,Lentil,BARI Masur-8,Pulses,33.7,8779,9511,9145,9/24/2024,Grade C,High,Low,Wholesale,Winter
Khulna,Khulna,Khulna New Market,Lentil,BARI Masur-8,Pulses,7,4800,5200,5000,4/15/2021,Grade B,Medium,Low,Wholesale,Winter
Dhaka,Manikganj,Manikganj Bazar,Lentil,BARI Masur-8,Pulses,33,6209,6727,6468,6/7/2021,Grade C,High,Medium,Retail,Winter
Chattogram,Feni,Feni Sadar Market,Lentil,BARI Masur-8,Pulses,78,6869,7441,7155,4/29/2021,Grade A,Medium,High,Retail,Winter
Dhaka,Manikganj,Manikganj Bazar,Lentil,BARI Masur-8,Pulses,1,6359,6889,6624,7/7/2021,Grade C,Medium,Medium,Retail,Winter
Chattogram,Noakhali,Maijdee Bazar,Lentil,BARI Masur-9,Pulses,50,5678,6152,5915,12/13/2021,Grade B,Low,Low,Wholesale,Winter
Chattogram,Cumilla,Kandirpar Market,Lentil,BARI Masur-8,Pulses,5,1903,2061,1982,11/18/2021,Grade A,Medium,Low,Wholesale,Winter
Dhaka,Tangail,Tangail Sadar Market,Lentil,BARI Masur-9,Pulses,13.8,10435,11305,10870,6/27/2024,Grade B,Medium,Medium,Retail,Winter
Dhaka,Manikganj,Manikganj Bazar,Lentil,BARI Masur-8,Pulses,4,5808,6292,6050,3/1/2022,Grade B,Medium,Medium,Wholesale,Winter
Dhaka,Dhaka,Karwan Bazar,Lentil,BARI Masur-8,Pulses,115,5796,6278,6037,12/10/2021,Grade B,High,Medium,Wholesale,Winter
Barishal,Patuakhali,Patuakhali Sadar Market,Lentil,BARI Masur-9,Pulses,34,4172,4520,4346,8/5/2024,Grade A,Medium,Medium,Retail,Winter
Dhaka,Manikganj,Manikganj Bazar,Lentil,BARI Masur-8,Pulses,98,5232,5668,5450,1/13/2020,Grade B,Medium,Low,Retail,Winter
Dhaka,Gazipur,Joydebpur Market,Lentil,BARI Masur-8,Pulses,21,1597,1731,1664,8/27/2020,Grade A,Medium,Medium,Retail,Winter
Chattogram,Noakhali,Maijdee Bazar,Lentil,BARI Masur-9,Pulses,115,5136,5564,5350,7/9/2020,Grade B,Low,High,Wholesale,Winter
Rajshahi,Rajshahi,Shaheb Bazar,Lentil,BARI Masur-9,Pulses,160,11667,12639,12153,4/8/2024,Grade A,Medium,High,Wholesale,Winter
Rajshahi,Naogaon,Naogaon Sadar Market,Lentil,BARI Masur-9,Pulses,600,3776,4090,3933,2/2/2021,Grade C,High,Low,Wholesale,Winter
Chattogram,Cox's Bazar,Cox's Bazar Market,Lentil,BARI Masur-8,Pulses,5,1296,1404,1350,11/4/2020,Grade B,Medium,High,Wholesale,Winter
Barishal,Barishal,Nathullabad Market,Lentil,BARI Masur-9,Pulses,3.3,2290,2480,2385,8/6/2024,Grade A,Medium,High,Wholesale,Winter
Dhaka,Tangail,Tangail Sadar Market,Lentil,BARI Masur-9,Pulses,9,4990,5406,5198,7/8/2020,Grade C,Low,Low,Wholesale,Winter
Barishal,Patuakhali,Patuakhali Sadar Market,Lentil,BARI Masur-9,Pulses,4,2464,2670,2567,8/28/2023,Grade A,Low,Medium,Wholesale,Winter
Rajshahi,Bogura,Satmatha Market,Lentil,BARI Masur-8,Pulses,200,7104,7696,7400,5/6/2021,Grade B,High,Low,Retail,Winter
Barishal,Barishal,Nathullabad Market,Lentil,BARI Masur-9,Pulses,2,6568,7116,6842,12/14/2022,Grade A,High,Low,Wholesale,Winter
Khulna,Satkhira,Satkhira Market,Lentil,BARI Masur-8,Pulses,38.8,4172,4520,4346,12/4/2024,Grade A,Medium,Medium,Wholesale,Winter
Dhaka,Gazipur,Joydebpur Market,Lentil,BARI Masur-8,Pulses,3,4416,4784,4600,12/1/2020,Grade C,High,High,Wholesale,Winter
Dhaka,Narayanganj,Chashara Market,Lentil,BARI Masur-8,Pulses,611.7,4045,4383,4214,11/19/2024,Grade A,Medium,Low,Retail,Winter
Chattogram,Cox's Bazar,Cox's Bazar Market,Lentil,BARI Masur-8,Pulses,1,6645,7199,6922,12/24/2022,Grade A,High,Medium,Wholesale,Winter
Chattogram,Chattogram,Agrabad Market,Lentil,BARI Masur-9,Pulses,232,4681,5071,4876,6/5/2023,Grade A,Medium,Medium,Retail,Winter
Chattogram,Chattogram,Agrabad Market,Lentil,BARI Masur-9,Pulses,75,5722,6198,5960,12/21/2021,Grade B,Low,Low,Wholesale,Winter
Chattogram,Cox's Bazar,Cox's Bazar Market,Lentil,BARI Masur-8,Pulses,20,2429,2631,2530,4/4/2022,Grade C,High,Low,Wholesale,Winter
Dhaka,Manikganj,Manikganj Bazar,Lentil,BARI Masur-9,Pulses,1,2736,2964,2850,11/7/2024,Grade B,High,Low,Retail,Winter
Chattogram,Cox's Bazar,Cox's Bazar Market,Lentil,BARI Masur-9,Pulses,3,7988,8654,8321,2/10/2023,Grade A,High,Medium,Retail,Winter
Khulna,Satkhira,Satkhira Market,Lentil,BARI Masur-8,Pulses,12,5088,5512,5300,6/13/2022,Grade B,Medium,High,Wholesale,Winter
Chattogram,Feni,Feni Sadar Market,Lentil,BARI Masur-9,Pulses,43,3091,3349,3220,6/10/2020,Grade C,Medium,Medium,Retail,Winter
Chattogram,Chattogram,Agrabad Market,Lentil,BARI Masur-8,Pulses,5,1984,2150,2067,2/8/2020,Grade A,Medium,Medium,Wholesale,Winter
Dhaka,Manikganj,Manikganj Bazar,Lentil,BARI Masur-9,Pulses,5,8170,8850,8510,12/18/2023,Grade C,Medium,Medium,Retail,Winter
Barishal,Barishal,Nathullabad Market,Lentil,BARI Masur-8,Pulses,14,5112,5538,5325,7/13/2020,Grade B,Low,Low,Retail,Winter
Chattogram,Noakhali,Maijdee Bazar,Lentil,BARI Masur-9,Pulses,550,5198,5632,5415,11/9/2022,Grade B,Medium,Medium,Retail,Winter
Dhaka,Tangail,Tangail Sadar Market,Lentil,BARI Masur-8,Pulses,30,12472,13512,12992,7/8/2024,Premium,High,Medium,Retail,Winter
Chattogram,Noakhali,Maijdee Bazar,Lentil,BARI Masur-8,Pulses,4,2678,2902,2790,12/31/2022,Grade B,Medium,Medium,Wholesale,Winter
Chattogram,Cumilla,Kandirpar Market,Lentil,BARI Masur-9,Pulses,312,4539,4917,4728,10/22/2022,Grade A,Medium,Low,Retail,Winter
Dhaka,Dhaka,Karwan Bazar,Lentil,BARI Masur-8,Pulses,8,4946,5358,5152,12/1/2021,Grade C,Medium,Low,Retail,Winter
Dhaka,Gazipur,Joydebpur Market,Lentil,BARI Masur-9,Pulses,256,4799,5199,4999,7/15/2023,Grade A,High,Low,Retail,Winter
Khulna,Khulna,Khulna New Market,Lentil,BARI Masur-8,Pulses,8,4416,4784,4600,7/17/2023,Grade B,Medium,High,Wholesale,Winter
Dhaka,Tangail,Tangail Sadar Market,Lentil,BARI Masur-8,Pulses,3,2188,2370,2279,2/9/2023,Grade A,High,High,Retail,Winter
Dhaka,Tangail,Tangail Sadar Market,Lentil,BARI Masur-9,Pulses,42.9,8810,9544,9177,11/18/2024,Grade C,Medium,Medium,Wholesale,Winter
Chattogram,Feni,Feni Sadar Market,Lentil,BARI Masur-8,Pulses,1.5,9216,9984,9600,10/22/2024,Grade B,Medium,Medium,Wholesale,Winter
Barishal,Patuakhali,Patuakhali Sadar Market,Lentil,BARI Masur-8,Pulses,1.4,2362,2558,2460,6/26/2024,Grade B,Medium,Low,Wholesale,Winter
Dhaka,Manikganj,Manikganj Bazar,Lentil,BARI Masur-9,Pulses,19,2216,2400,2308,3/14/2022,Premium,Low,Medium,Wholesale,Winter
Barishal,Patuakhali,Patuakhali Sadar Market,Lentil,BARI Masur-8,Pulses,3,2239,2425,2332,9/2/2022,Grade B,Low,Medium,Retail,Winter
Khulna,Kushtia,Kushtia Boro Bazar,Lentil,BARI Masur-9,Pulses,5,6432,6968,6700,4/15/2021,Grade B,High,Medium,Wholesale,Winter
Chattogram,Feni,Feni Sadar Market,Lentil,BARI Masur-8,Pulses,7,1259,1363,1311,1/6/2021,Grade C,Medium,Low,Retail,Winter
Dhaka,Gazipur,Joydebpur Market,Lentil,BARI Masur-8,Pulses,1,1786,1934,1860,8/31/2021,Grade A,High,High,Retail,Winter
Dhaka,Narayanganj,Chashara Market,Lentil,BARI Masur-9,Pulses,152,6106,6614,6360,1/18/2022,Grade A,Medium,Medium,Retail,Winter
Chattogram,Cox's Bazar,Cox's Bazar Market,Lentil,BARI Masur-9,Pulses,33,3256,3528,3392,3/13/2020,Grade A,Low,High,Retail,Winter
Barishal,Bhola,Bhola Bazar,Lentil,BARI Masur-8,Pulses,45,3936,4264,4100,1/3/2020,Grade B,Medium,Low,Retail,Winter
Dhaka,Narayanganj,Chashara Market,Lentil,BARI Masur-8,Pulses,14.4,3091,3349,3220,11/16/2024,Premium,Medium,Low,Retail,Winter
Rajshahi,Pabna,Pabna Sadar Market,Lentil,BARI Masur-9,Pulses,1.5,1665,1803,1734,11/16/2024,Grade C,High,Medium,Retail,Winter
Chattogram,Feni,Feni Sadar Market,Lentil,BARI Masur-8,Pulses,7,1501,1627,1564,10/31/2020,Grade A,Medium,Medium,Retail,Winter
Dhaka,Tangail,Tangail Sadar Market,Lentil,BARI Masur-9,Pulses,1.8,2376,2574,2475,9/25/2024,Grade A,Medium,Low,Wholesale,Winter
Rajshahi,Rajshahi,Shaheb Bazar,Lentil,BARI Masur-8,Pulses,28,6936,7514,7225,11/24/2022,Grade B,Low,Low,Wholesale,Winter
Rajshahi,Pabna,Pabna Sadar Market,Lentil,BARI Masur-8,Pulses,250,4085,4425,4255,12/21/2023,Grade C,High,Low,Retail,Winter
Chattogram,Cox's Bazar,Cox's Bazar Market,Lentil,BARI Masur-8,Pulses,161,4452,4824,4638,7/8/2024,Grade A,Medium,Low,Wholesale,Winter
Dhaka,Dhaka,Karwan Bazar,Lentil,BARI Masur-9,Pulses,13,6451,6989,6720,8/8/2022,Premium,Medium,High,Wholesale,Winter
Dhaka,Manikganj,Manikganj Bazar,Lentil,BARI Masur-9,Pulses,13,5904,6396,6150,6/4/2021,Grade B,Medium,Low,Retail,Winter
Chattogram,Cumilla,Kandirpar Market,Lentil,BARI Masur-8,Pulses,6,1622,1758,1690,6/13/2020,Grade B,High,Low,Wholesale,Winter
Chattogram,Cumilla,Kandirpar Market,Lentil,BARI Masur-9,Pulses,72,2580,2796,2688,4/8/2021,Premium,Low,Low,Retail,Winter
Khulna,Khulna,Khulna New Market,Lentil,BARI Masur-9,Pulses,16,1369,1483,1426,6/22/2021,Grade C,High,Low,Retail,Winter
Rajshahi,Rajshahi,Shaheb Bazar,Lentil,BARI Masur-9,Pulses,70,1598,1732,1665,6/30/2021,Grade B,Low,Low,Wholesale,Winter
Chattogram,Feni,Feni Sadar Market,Lentil,BARI Masur-8,Pulses,17,7530,8158,7844,10/1/2020,Grade A,Medium,High,Retail,Winter
Rajshahi,Rajshahi,Shaheb Bazar,Lentil,BARI Masur-9,Pulses,47.5,9539,10333,9936,7/12/2024,Grade C,Medium,Low,Wholesale,Winter
Chattogram,Cumilla,Kandirpar Market,Lentil,BARI Masur-8,Pulses,42,6818,7386,7102,6/7/2021,Grade A,Low,Medium,Wholesale,Winter
Dhaka,Manikganj,Manikganj Bazar,Lentil,BARI Masur-8,Pulses,21,4020,4354,4187,1/28/2021,Grade B,Medium,High,Retail,Winter
Dhaka,Gazipur,Joydebpur Market,Lentil,BARI Masur-9,Pulses,6,5376,5824,5600,8/12/2020,Grade B,Medium,Low,Retail,Winter
Dhaka,Narayanganj,Chashara Market,Lentil,BARI Masur-9,Pulses,11,2371,2569,2470,5/18/2023,Grade A,Medium,Medium,Wholesale,Winter
Dhaka,Narayanganj,Chashara Market,Lentil,BARI Masur-9,Pulses,7.1,3886,4210,4048,6/7/2024,Grade C,Medium,High,Wholesale,Winter
Khulna,Khulna,Khulna New Market,Lentil,BARI Masur-8,Pulses,5,7046,7634,7340,3/10/2022,Grade A,Low,Medium,Retail,Winter
Chattogram,Feni,Feni Sadar Market,Lentil,BARI Masur-8,Pulses,12,8258,8946,8602,12/8/2023,Grade C,Medium,Medium,Retail,Winter
Chattogram,Cumilla,Kandirpar Market,Lentil,BARI Masur-8,Pulses,125.6,3754,4066,3910,3/4/2024,Grade C,Medium,Low,Retail,Winter
Barishal,Bhola,Bhola Bazar,Lentil,BARI Masur-9,Pulses,6,2031,2201,2116,6/6/2023,Grade C,Medium,Low,Retail,Winter
Barishal,Bhola,Bhola Bazar,Lentil,BARI Masur-9,Pulses,20,9298,10072,9685,3/13/2024,Grade B,Low,Medium,Retail,Winter
Dhaka,Dhaka,Karwan Bazar,Lentil,BARI Masur-8,Pulses,50,5952,6448,6200,10/18/2021,Grade B,High,High,Wholesale,Winter
Khulna,Khulna,Khulna New Market,Lentil,BARI Masur-8,Pulses,10,9312,10088,9700,6/16/2023,Grade B,High,High,Wholesale,Winter
Dhaka,Dhaka,Karwan Bazar,Lentil,BARI Masur-8,Pulses,22,4896,5304,5100,1/18/2023,Grade B,Low,High,Retail,Winter
Dhaka,Tangail,Tangail Sadar Market,Lentil,BARI Masur-8,Pulses,10,4138,4482,4310,3/16/2023,Grade C,Medium,High,Wholesale,Winter
Barishal,Barishal,Nathullabad Market,Lentil,BARI Masur-8,Pulses,5,1838,1992,1915,12/22/2021,Grade B,Medium,Low,Wholesale,Winter
Dhaka,Dhaka,Karwan Bazar,Lentil,BARI Masur-8,Pulses,654.9,8821,9557,9189,3/5/2024,Grade C,High,Low,Retail,Winter
Dhaka,Dhaka,Karwan Bazar,Lentil,BARI Masur-9,Pulses,180,3936,4264,4100,10/19/2023,Grade B,High,Medium,Wholesale,Winter
Dhaka,Dhaka,Karwan Bazar,Lentil,BARI Masur-8,Pulses,48,5749,6229,5989,10/25/2021,Grade A,High,Medium,Wholesale,Winter
Rajshahi,Bogura,Satmatha Market,Lentil,BARI Masur-9,Pulses,250,3806,4124,3965,3/16/2024,Grade C,Medium,Low,Retail,Winter
Dhaka,Manikganj,Manikganj Bazar,Lentil,BARI Masur-9,Pulses,1,6300,6826,6563,1/9/2023,Grade B,High,High,Retail,Winter
Barishal,Bhola,Bhola Bazar,Lentil,BARI Masur-9,Pulses,15,9744,10556,10150,6/16/2023,Grade A,High,Low,Wholesale,Winter
Khulna,Khulna,Khulna New Market,Lentil,BARI Masur-9,Pulses,4,8722,9448,9085,5/27/2023,Grade B,High,Medium,Wholesale,Winter
Dhaka,Dhaka,Karwan Bazar,Lentil,BARI Masur-9,Pulses,6,6384,6916,6650,1/24/2024,Grade B,Medium,High,Wholesale,Winter
Dhaka,Tangail,Tangail Sadar Market,Lentil,BARI Masur-8,Pulses,30,9464,10252,9858,10/19/2024,Grade A,High,Low,Wholesale,Winter
Dhaka,Narayanganj,Chashara Market,Lentil,BARI Masur-9,Pulses,12,6161,6675,6418,1/25/2022,Grade A,Medium,Medium,Retail,Winter
Chattogram,Chattogram,Agrabad Market,Lentil,BARI Masur-8,Pulses,20,10771,11669,11220,7/5/2024,Grade B,High,Medium,Wholesale,Winter
Dhaka,Dhaka,Karwan Bazar,Lentil,BARI Masur-8,Pulses,15,2043,2213,2128,2/9/2021,Premium,High,High,Retail,Winter
Dhaka,Manikganj,Manikganj Bazar,Lentil,BARI Masur-8,Pulses,17,3400,3684,3542,12/11/2020,Grade C,High,Medium,Wholesale,Winter
Dhaka,Narayanganj,Chashara Market,Lentil,BARI Masur-9,Pulses,4,1730,1874,1802,7/28/2020,Grade A,High,Low,Wholesale,Winter
Dhaka,Gazipur,Joydebpur Market,Lentil,BARI Masur-9,Pulses,1,1320,1430,1375,2/25/2022,Grade B,High,Medium,Wholesale,Winter
Barishal,Bhola,Bhola Bazar,Lentil,BARI Masur-9,Pulses,45,5880,6370,6125,2/18/2022,Grade B,Low,Medium,Wholesale,Winter
Dhaka,Tangail,Tangail Sadar Market,Lentil,BARI Masur-9,Pulses,28,4771,5169,4970,2/27/2023,Grade B,Low,Low,Retail,Winter
Rajshahi,Pabna,Pabna Sadar Market,Lentil,BARI Masur-9,Pulses,300,4909,5319,5114,7/14/2023,Grade A,High,High,Retail,Winter
Rajshahi,Rajshahi,Shaheb Bazar,Lentil,BARI Masur-8,Pulses,36,1989,2155,2072,11/26/2021,Grade A,Low,High,Retail,Winter
Barishal,Patuakhali,Patuakhali Sadar Market,Lentil,BARI Masur-9,Pulses,40,5857,6345,6101,4/7/2021,Grade B,Low,High,Retail,Winter
Dhaka,Narayanganj,Chashara Market,Lentil,BARI Masur-9,Pulses,507,6625,7177,6901,3/23/2022,Premium,High,Low,Wholesale,Winter
Khulna,Satkhira,Satkhira Market,Lentil,BARI Masur-8,Pulses,6,5162,5592,5377,3/14/2023,Premium,Medium,Medium,Retail,Winter
Dhaka,Tangail,Tangail Sadar Market,Lentil,BARI Masur-9,Pulses,477,4944,5356,5150,5/27/2020,Grade B,Low,High,Wholesale,Winter
Khulna,Kushtia,Kushtia Boro Bazar,Lentil,BARI Masur-9,Pulses,1,5299,5741,5520,10/9/2021,Grade C,Medium,Medium,Wholesale,Winter
Dhaka,Narayanganj,Chashara Market,Lentil,BARI Masur-8,Pulses,3,4656,5044,4850,8/12/2023,Grade B,High,Low,Wholesale,Winter
Dhaka,Dhaka,Karwan Bazar,Lentil,BARI Masur-9,Pulses,6,1452,1572,1512,9/24/2020,Grade B,High,Low,Wholesale,Winter
Barishal,Bhola,Bhola Bazar,Lentil,BARI Masur-9,Pulses,1.3,2640,2860,2750,10/25/2024,Grade B,Low,Low,Wholesale,Winter
Rajshahi,Bogura,Satmatha Market,Lentil,BARI Masur-9,Pulses,"1,050.00",5093,5517,5305,11/20/2023,Grade A,Low,Medium,Wholesale,Winter
Dhaka,Manikganj,Manikganj Bazar,Lentil,BARI Masur-8,Pulses,7,1718,1862,1790,4/22/2021,Grade B,Low,Medium,Retail,Winter
Dhaka,Gazipur,Joydebpur Market,Lentil,BARI Masur-9,Pulses,3,1944,2106,2025,7/3/2023,Grade C,Low,Low,Wholesale,Winter
Barishal,Bhola,Bhola Bazar,Lentil,BARI Masur-8,Pulses,14,1822,1974,1898,3/10/2021,Premium,High,Medium,Retail,Winter
Dhaka,Narayanganj,Chashara Market,Lentil,BARI Masur-9,Pulses,5,2848,3086,2967,3/21/2020,Grade C,Low,Medium,Wholesale,Winter
Barishal,Patuakhali,Patuakhali Sadar Market,Lentil,BARI Masur-8,Pulses,9,5445,5899,5672,8/24/2022,Grade B,Low,High,Retail,Winter
Dhaka,Manikganj,Manikganj Bazar,Lentil,BARI Masur-9,Pulses,90,4920,5330,5125,4/11/2023,Grade B,Medium,Low,Wholesale,Winter
Chattogram,Cox's Bazar,Cox's Bazar Market,Lentil,BARI Masur-9,Pulses,3,1221,1323,1272,1/27/2022,Grade A,High,Medium,Wholesale,Winter
Chattogram,Chattogram,Agrabad Market,Lentil,BARI Masur-9,Pulses,2,1872,2028,1950,4/28/2022,Grade B,Medium,Medium,Retail,Winter
Dhaka,Tangail,Tangail Sadar Market,Lentil,BARI Masur-9,Pulses,153,6144,6656,6400,6/29/2022,Grade A,High,Medium,Retail,Winter
Chattogram,Feni,Feni Sadar Market,Lentil,BARI Masur-8,Pulses,2,2758,2988,2873,12/8/2022,Grade A,Medium,High,Retail,Winter
Chattogram,Noakhali,Maijdee Bazar,Lentil,BARI Masur-8,Pulses,138,6643,7197,6920,1/20/2024,Grade B,Medium,Low,Retail,Winter
Dhaka,Dhaka,Karwan Bazar,Lentil,BARI Masur-9,Pulses,1.84,2453,2657,2555,9/20/2024,Premium,Low,High,Wholesale,Winter
Khulna,Kushtia,Kushtia Boro Bazar,Lentil,BARI Masur-8,Pulses,62,9504,10296,9900,2/8/2022,Grade B,Medium,Medium,Wholesale,Winter
Dhaka,Manikganj,Manikganj Bazar,Lentil,BARI Masur-8,Pulses,10,3275,3547,3411,7/30/2020,Grade B,High,High,Retail,Winter
Dhaka,Dhaka,Karwan Bazar,Lentil,BARI Masur-8,Pulses,11,12284,13308,12796,11/8/2023,Premium,Medium,Medium,Wholesale,Winter
Rajshahi,Rajshahi,Shaheb Bazar,Lentil,BARI Masur-8,Pulses,15,1752,1898,1825,2/16/2022,Grade B,High,High,Wholesale,Winter
Chattogram,Cox's Bazar,Cox's Bazar Market,Lentil,BARI Masur-8,Pulses,39.2,10863,11769,11316,7/18/2024,Grade A,Low,High,Wholesale,Winter
Dhaka,Narayanganj,Chashara Market,Lentil,BARI Masur-8,Pulses,47.4,2520,2730,2625,5/27/2024,Grade B,Medium,Low,Wholesale,Winter
Chattogram,Cumilla,Kandirpar Market,Lentil,BARI Masur-8,Pulses,360,3845,4165,4005,11/25/2024,Grade B,High,Low,Retail,Winter
Dhaka,Tangail,Tangail Sadar Market,Lentil,BARI Masur-9,Pulses,537,5389,5839,5614,11/19/2022,Grade A,Medium,Medium,Wholesale,Winter
Khulna,Kushtia,Kushtia Boro Bazar,Lentil,BARI Masur-9,Pulses,26,5280,5720,5500,1/16/2021,Grade B,High,Medium,Retail,Winter
Dhaka,Narayanganj,Chashara Market,Lentil,BARI Masur-8,Pulses,10,7927,8587,8257,2/15/2023,Grade A,Low,High,Retail,Winter
Chattogram,Feni,Feni Sadar Market,Lentil,BARI Masur-9,Pulses,12,1832,1984,1908,3/6/2021,Grade A,High,Medium,Retail,Winter
Barishal,Barishal,Nathullabad Market,Lentil,BARI Masur-8,Pulses,74,9871,10693,10282,6/9/2023,Grade A,High,Medium,Wholesale,Winter
Rajshahi,Bogura,Satmatha Market,Lentil,BARI Masur-9,Pulses,800,3706,4014,3860,11/18/2020,Grade B,High,Medium,Wholesale,Winter
Rajshahi,Naogaon,Naogaon Sadar Market,Lentil,BARI Masur-9,Pulses,23,7535,8163,7849,10/31/2022,Grade A,Low,Medium,Retail,Winter
Barishal,Bhola,Bhola Bazar,Lentil,BARI Masur-8,Pulses,12,5476,5932,5704,6/27/2022,Grade C,Low,Low,Wholesale,Winter
Dhaka,Gazipur,Joydebpur Market,Lentil,BARI Masur-9,Pulses,20,1920,2080,2000,9/1/2020,Grade B,High,Medium,Retail,Winter
Khulna,Kushtia,Kushtia Boro Bazar,Lentil,BARI Masur-9,Pulses,45,6000,6500,6250,12/13/2021,Grade B,Low,Low,Retail,Winter
Rajshahi,Pabna,Pabna Sadar Market,Lentil,BARI Masur-8,Pulses,60,5607,6075,5841,9/23/2021,Grade A,High,Medium,Wholesale,Winter
Chattogram,Cumilla,Kandirpar Market,Lentil,BARI Masur-9,Pulses,120,4824,5226,5025,3/25/2023,Grade B,Low,Low,Retail,Winter
Dhaka,Manikganj,Manikganj Bazar,Lentil,BARI Masur-9,Pulses,290,4209,4559,4384,8/10/2023,Grade C,Low,Low,Retail,Winter
Dhaka,Narayanganj,Chashara Market,Lentil,BARI Masur-8,Pulses,230,4427,4795,4611,10/13/2023,Grade A,Low,Medium,Retail,Winter
Chattogram,Cox's Bazar,Cox's Bazar Market,Lentil,BARI Masur-8,Pulses,284,4800,5200,5000,3/25/2023,Grade B,Low,Low,Wholesale,Winter
Dhaka,Dhaka,Karwan Bazar,Lentil,BARI Masur-9,Pulses,2.4,2239,2425,2332,5/16/2024,Grade A,Low,Medium,Wholesale,Winter
Dhaka,Narayanganj,Chashara Market,Lentil,BARI Masur-9,Pulses,23,4325,4685,4505,2/11/2020,Grade A,Medium,Medium,Wholesale,Winter
Chattogram,Noakhali,Maijdee Bazar,Lentil,BARI Masur-9,Pulses,67,6055,6559,6307,7/27/2021,Grade A,Medium,High,Wholesale,Winter
Barishal,Bhola,Bhola Bazar,Lentil,BARI Masur-9,Pulses,423,5444,5898,5671,5/11/2020,Grade A,Medium,Medium,Wholesale,Winter
Dhaka,Gazipur,Joydebpur Market,Lentil,BARI Masur-9,Pulses,420,4274,4630,4452,10/18/2023,Grade A,High,Medium,Wholesale,Winter
Barishal,Barishal,Nathullabad Market,Lentil,BARI Masur-9,Pulses,11,2086,2260,2173,4/26/2023,Grade A,Medium,Medium,Retail,Winter
Chattogram,Feni,Feni Sadar Market,Lentil,BARI Masur-9,Pulses,45.1,2074,2246,2160,6/14/2024,Grade B,Medium,Low,Retail,Winter
Chattogram,Cumilla,Kandirpar Market,Lentil,BARI Masur-8,Pulses,25,9774,10588,10181,8/18/2023,Grade A,Medium,Medium,Retail,Winter
Barishal,Bhola,Bhola Bazar,Lentil,BARI Masur-9,Pulses,16.9,11765,12745,12255,5/9/2024,Premium,Medium,Low,Retail,Winter
Chattogram,Feni,Feni Sadar Market,Lentil,BARI Masur-8,Pulses,9.9,9413,10197,9805,10/21/2024,Grade A,High,Low,Retail,Winter
Dhaka,Narayanganj,Chashara Market,Lentil,BARI Masur-8,Pulses,170,4066,4404,4235,12/21/2020,Grade B,High,Medium,Retail,Winter
Chattogram,Noakhali,Maijdee Bazar,Lentil,BARI Masur-9,Pulses,13,4598,4982,4790,7/27/2023,Grade B,Low,High,Wholesale,Winter
Rajshahi,Naogaon,Naogaon Sadar Market,Lentil,BARI Masur-8,Pulses,9,10268,11124,10696,11/25/2024,Premium,Medium,Medium,Retail,Winter
Barishal,Barishal,Nathullabad Market,Lentil,BARI Masur-8,Pulses,110,6090,6598,6344,4/26/2022,Grade A,Medium,Low,Wholesale,Winter
Barishal,Bhola,Bhola Bazar,Lentil,BARI Masur-8,Pulses,13,6720,7280,7000,10/7/2022,Grade B,Medium,High,Wholesale,Winter
Dhaka,Manikganj,Manikganj Bazar,Lentil,BARI Masur-8,Pulses,10,2472,2678,2575,2/19/2024,Grade B,Medium,Medium,Wholesale,Winter
Khulna,Satkhira,Satkhira Market,Lentil,BARI Masur-8,Pulses,9,5760,6240,6000,4/7/2022,Grade B,Medium,Medium,Wholesale,Winter
Dhaka,Manikganj,Manikganj Bazar,Lentil,BARI Masur-9,Pulses,291,7099,7691,7395,3/24/2022,Grade A,High,High,Retail,Winter
Barishal,Bhola,Bhola Bazar,Lentil,BARI Masur-8,Pulses,113,6400,6934,6667,12/4/2021,Grade A,Low,Medium,Wholesale,Winter
Dhaka,Tangail,Tangail Sadar Market,Lentil,BARI Masur-8,Pulses,9.2,2599,2815,2707,9/19/2024,Grade B,Medium,Medium,Retail,Winter
Dhaka,Dhaka,Karwan Bazar,Lentil,BARI Masur-9,Pulses,3,1899,2057,1978,1/27/2020,Grade C,Medium,Low,Retail,Winter
Dhaka,Dhaka,Karwan Bazar,Lentil,BARI Masur-8,Pulses,86,4968,5382,5175,12/6/2022,Grade B,Low,Medium,Retail,Winter
Dhaka,Manikganj,Manikganj Bazar,Lentil,BARI Masur-8,Pulses,20,5139,5567,5353,4/4/2020,Grade A,Low,High,Retail,Winter
Dhaka,Narayanganj,Chashara Market,Lentil,BARI Masur-9,Pulses,1.7,8880,9620,9250,10/1/2024,Grade B,Low,Low,Wholesale,Winter
Dhaka,Gazipur,Joydebpur Market,Lentil,BARI Masur-9,Pulses,18,1537,1665,1601,10/29/2020,Grade A,Medium,Low,Wholesale,Winter
Khulna,Kushtia,Kushtia Boro Bazar,Lentil,BARI Masur-8,Pulses,43.5,4596,4980,4788,10/11/2024,Premium,High,Medium,Wholesale,Winter
Dhaka,Tangail,Tangail Sadar Market,Lentil,BARI Masur-8,Pulses,34.5,1979,2143,2061,3/11/2024,Grade C,Low,High,Wholesale,Winter
Khulna,Khulna,Khulna New Market,Lentil,BARI Masur-8,Pulses,22,3918,4244,4081,11/27/2024,Grade A,High,Low,Retail,Winter
Khulna,Satkhira,Satkhira Market,Lentil,BARI Masur-8,Pulses,4,4829,5231,5030,3/4/2023,Grade B,High,Low,Retail,Winter
Dhaka,Narayanganj,Chashara Market,Lentil,BARI Masur-8,Pulses,10,2040,2210,2125,7/27/2022,Grade B,High,High,Wholesale,Winter
Dhaka,Tangail,Tangail Sadar Market,Lentil,BARI Masur-9,Pulses,17,1720,1864,1792,11/6/2020,Premium,High,Medium,Retail,Winter
Dhaka,Gazipur,Joydebpur Market,Lentil,BARI Masur-9,Pulses,1.2,2573,2787,2680,11/4/2024,Grade B,Medium,Low,Retail,Winter
Barishal,Barishal,Nathullabad Market,Lentil,BARI Masur-8,Pulses,0.4,6614,7166,6890,2/28/2024,Grade A,Low,High,Retail,Winter
Chattogram,Chattogram,Agrabad Market,Lentil,BARI Masur-8,Pulses,8,4172,4520,4346,1/18/2020,Grade A,Medium,High,Retail,Winter
Khulna,Kushtia,Kushtia Boro Bazar,Lentil,BARI Masur-9,Pulses,51,4464,4836,4650,2/18/2020,Grade B,High,Low,Retail,Winter
Dhaka,Manikganj,Manikganj Bazar,Lentil,BARI Masur-8,Pulses,4,5215,5649,5432,6/24/2023,Premium,Medium,Medium,Retail,Winter
Dhaka,Tangail,Tangail Sadar Market,Lentil,BARI Masur-8,Pulses,72,5053,5475,5264,1/24/2020,Premium,High,Medium,Retail,Winter
Dhaka,Gazipur,Joydebpur Market,Lentil,BARI Masur-9,Pulses,6,1272,1378,1325,11/24/2021,Grade B,Medium,Medium,Retail,Winter
Khulna,Satkhira,Satkhira Market,Lentil,BARI Masur-9,Pulses,3,10560,11440,11000,9/9/2023,Grade B,High,Medium,Wholesale,Winter
Barishal,Barishal,Nathullabad Market,Lentil,BARI Masur-8,Pulses,60,3175,3439,3307,9/8/2020,Grade C,Medium,Low,Retail,Winter
Rajshahi,Bogura,Satmatha Market,Lentil,BARI Masur-8,Pulses,280,5928,6422,6175,6/9/2021,Grade B,Low,Low,Retail,Winter
Barishal,Patuakhali,Patuakhali Sadar Market,Lentil,BARI Masur-8,Pulses,23,4594,4976,4785,7/20/2023,Grade A,High,Medium,Wholesale,Winter
Dhaka,Manikganj,Manikganj Bazar,Lentil,BARI Masur-8,Pulses,400,4195,4545,4370,3/16/2020,Grade C,Medium,Low,Wholesale,Winter
Rajshahi,Rajshahi,Shaheb Bazar,Lentil,BARI Masur-9,Pulses,225,5856,6344,6100,5/27/2021,Grade B,Medium,Medium,Wholesale,Winter
Dhaka,Tangail,Tangail Sadar Market,Lentil,BARI Masur-9,Pulses,174.4,10380,11244,10812,4/13/2024,Grade C,Low,Low,Wholesale,Winter
Chattogram,Chattogram,Agrabad Market,Lentil,BARI Masur-9,Pulses,7,1501,1627,1564,6/6/2020,Grade C,Medium,Medium,Wholesale,Winter
Barishal,Patuakhali,Patuakhali Sadar Market,Lentil,BARI Masur-9,Pulses,1,1056,1144,1100,2/22/2021,Grade B,High,Medium,Retail,Winter
Chattogram,Feni,Feni Sadar Market,Lentil,BARI Masur-9,Pulses,161,6207,6725,6466,4/30/2022,Grade A,Low,High,Retail,Winter
Dhaka,Tangail,Tangail Sadar Market,Lentil,BARI Masur-9,Pulses,9,5040,5460,5250,1/9/2023,Grade B,High,Medium,Wholesale,Winter
Rajshahi,Pabna,Pabna Sadar Market,Lentil,BARI Masur-9,Pulses,350,2076,2248,2162,3/11/2023,Grade A,High,Low,Retail,Winter
Dhaka,Gazipur,Joydebpur Market,Lentil,BARI Masur-9,Pulses,25,1632,1768,1700,11/15/2021,Grade B,Medium,Medium,Wholesale,Winter
Rajshahi,Rajshahi,Shaheb Bazar,Lentil,BARI Masur-8,Pulses,250,5640,6110,5875,2/4/2022,Grade B,Medium,Medium,Retail,Winter
Khulna,Satkhira,Satkhira Market,Lentil,BARI Masur-8,Pulses,12,4896,5304,5100,2/23/2023,Grade B,High,Medium,Retail,Winter
Chattogram,Noakhali,Maijdee Bazar,Lentil,BARI Masur-8,Pulses,3,2516,2726,2621,10/6/2022,Premium,Low,High,Wholesale,Winter
Dhaka,Narayanganj,Chashara Market,Lentil,BARI Masur-9,Pulses,4,2160,2340,2250,10/9/2023,Grade B,Medium,Medium,Wholesale,Winter
Barishal,Patuakhali,Patuakhali Sadar Market,Lentil,BARI Masur-9,Pulses,17,5520,5980,5750,1/14/2021,Grade A,Low,Low,Wholesale,Winter
Dhaka,Dhaka,Karwan Bazar,Lentil,BARI Masur-8,Pulses,76,2009,2177,2093,4/23/2022,Grade C,Medium,High,Retail,Winter
Dhaka,Narayanganj,Chashara Market,Lentil,BARI Masur-9,Pulses,90,4427,4795,4611,5/18/2024,Grade A,Medium,Medium,Wholesale,Winter
Chattogram,Noakhali,Maijdee Bazar,Lentil,BARI Masur-8,Pulses,533,5141,5569,5355,1/4/2023,Grade B,High,Medium,Retail,Winter
Dhaka,Narayanganj,Chashara Market,Lentil,BARI Masur-8,Pulses,19.9,4274,4630,4452,7/3/2024,Grade A,Medium,High,Wholesale,Winter
Dhaka,Gazipur,Joydebpur Market,Lentil,BARI Masur-9,Pulses,2,1761,1907,1834,9/11/2021,Grade A,High,High,Retail,Winter
Dhaka,Manikganj,Manikganj Bazar,Lentil,BARI Masur-9,Pulses,559.8,4152,4498,4325,11/22/2024,Grade A,Medium,Low,Wholesale,Winter
Chattogram,Chattogram,Agrabad Market,Lentil,BARI Masur-9,Pulses,171,4884,5292,5088,8/9/2023,Grade A,Low,High,Retail,Winter
Rajshahi,Rajshahi,Shaheb Bazar,Lentil,BARI Masur-8,Pulses,133,5993,6493,6243,11/17/2021,Grade A,Medium,Low,Wholesale,Winter
Dhaka,Gazipur,Joydebpur Market,Lentil,BARI Masur-8,Pulses,130,8904,9646,9275,5/15/2023,Grade A,Low,Medium,Wholesale,Winter
Rajshahi,Rajshahi,Shaheb Bazar,Lentil,BARI Masur-8,Pulses,15,8170,8850,8510,10/22/2024,Grade C,Medium,Medium,Retail,Winter
Barishal,Patuakhali,Patuakhali Sadar Market,Lentil,BARI Masur-8,Pulses,100,4535,4913,4724,5/30/2020,Grade C,Low,Medium,Retail,Winter
Dhaka,Narayanganj,Chashara Market,Lentil,BARI Masur-9,Pulses,250.2,2296,2488,2392,3/11/2024,Grade C,Low,High,Wholesale,Winter
Chattogram,Noakhali,Maijdee Bazar,Lentil,BARI Masur-8,Pulses,2,1289,1397,1343,6/7/2022,Grade B,High,High,Wholesale,Winter
Khulna,Jashore,Jashore Bazar,Lentil,BARI Masur-8,Pulses,22,8043,8713,8378,9/19/2023,Premium,Medium,High,Wholesale,Winter
Barishal,Barishal,Nathullabad Market,Lentil,BARI Masur-9,Pulses,13,2312,2504,2408,5/2/2022,Premium,Low,Medium,Retail,Winter
Chattogram,Cox's Bazar,Cox's Bazar Market,Lentil,BARI Masur-9,Pulses,1,1089,1179,1134,10/24/2020,Grade A,Low,High,Wholesale,Winter
Chattogram,Cox's Bazar,Cox's Bazar Market,Lentil,BARI Masur-8,Pulses,241.9,11194,12126,11660,5/14/2024,Grade A,High,Low,Wholesale,Winter
Dhaka,Manikganj,Manikganj Bazar,Lentil,BARI Masur-9,Pulses,43,4732,5126,4929,12/4/2023,Grade A,Low,Low,Wholesale,Winter
Dhaka,Narayanganj,Chashara Market,Lentil,BARI Masur-8,Pulses,525,4346,4708,4527,11/30/2023,Grade C,Medium,Low,Wholesale,Winter
Chattogram,Feni,Feni Sadar Market,Lentil,BARI Masur-8,Pulses,8,2376,2574,2475,8/14/2024,Grade B,Medium,Low,Retail,Winter
Barishal,Bhola,Bhola Bazar,Lentil,BARI Masur-8,Pulses,3,5294,5736,5515,1/14/2022,Grade C,Low,High,Retail,Winter
Dhaka,Manikganj,Manikganj Bazar,Lentil,BARI Masur-9,Pulses,14,6065,6571,6318,7/23/2022,Grade A,Medium,Medium,Wholesale,Winter
Rajshahi,Pabna,Pabna Sadar Market,Lentil,BARI Masur-9,Pulses,20,2164,2344,2254,2/6/2023,Grade C,Medium,High,Wholesale,Winter
Dhaka,Gazipur,Joydebpur Market,Lentil,BARI Masur-8,Pulses,4,1639,1775,1707,5/28/2021,Grade A,Medium,High,Retail,Winter
Dhaka,Manikganj,Manikganj Bazar,Lentil,BARI Masur-8,Pulses,9.6,2533,2745,2639,4/5/2024,Grade A,High,High,Wholesale,Winter
Chattogram,Cox's Bazar,Cox's Bazar Market,Lentil,BARI Masur-8,Pulses,5,1524,1650,1587,6/16/2020,Grade C,Low,Low,Wholesale,Winter
Dhaka,Gazipur,Joydebpur Market,Lentil,BARI Masur-8,Pulses,1,2016,2184,2100,2/8/2020,Grade B,Medium,High,Retail,Winter
Dhaka,Dhaka,Karwan Bazar,Lentil,BARI Masur-9,Pulses,145,5232,5668,5450,5/13/2020,Grade B,High,Medium,Wholesale,Winter
Dhaka,Tangail,Tangail Sadar Market,Lentil,BARI Masur-9,Pulses,3,2269,2459,2364,11/15/2022,Grade A,High,Medium,Retail,Winter
Dhaka,Manikganj,Manikganj Bazar,Lentil,BARI Masur-8,Pulses,9,4387,4753,4570,7/3/2023,Grade B,High,High,Wholesale,Winter
Rajshahi,Pabna,Pabna Sadar Market,Lentil,BARI Masur-9,Pulses,28,1958,2122,2040,12/15/2021,Grade A,High,Medium,Retail,Winter
Khulna,Satkhira,Satkhira Market,Lentil,BARI Masur-9,Pulses,45,4128,4472,4300,5/14/2024,Grade B,Low,High,Wholesale,Winter
Chattogram,Noakhali,Maijdee Bazar,Lentil,BARI Masur-8,Pulses,140,8044,8714,8379,3/21/2023,Grade A,Medium,Medium,Retail,Winter
Barishal,Barishal,Nathullabad Market,Lentil,BARI Masur-9,Pulses,25,3588,3888,3738,10/3/2020,Grade A,Low,Low,Wholesale,Winter
Chattogram,Chattogram,Agrabad Market,Lentil,BARI Masur-8,Pulses,8,949,1029,989,12/30/2020,Grade C,High,High,Wholesale,Winter
Khulna,Kushtia,Kushtia Boro Bazar,Lentil,BARI Masur-8,Pulses,83,7581,8213,7897,5/21/2023,Grade A,Low,Medium,Wholesale,Winter
Barishal,Patuakhali,Patuakhali Sadar Market,Lentil,BARI Masur-9,Pulses,47,3320,3596,3458,8/24/2020,Grade B,High,Low,Wholesale,Winter
Rajshahi,Pabna,Pabna Sadar Market,Lentil,BARI Masur-8,Pulses,200,6975,7557,7266,7/27/2022,Grade A,Medium,Medium,Wholesale,Winter
Chattogram,Feni,Feni Sadar Market,Lentil,BARI Masur-8,Pulses,140,4987,5403,5195,1/14/2023,Grade B,Medium,Medium,Retail,Winter
Rajshahi,Pabna,Pabna Sadar Market,Lentil,BARI Masur-9,Pulses,200,5693,6167,5930,6/10/2022,Grade B,Medium,High,Retail,Winter
Rajshahi,Naogaon,Naogaon Sadar Market,Lentil,BARI Masur-9,Pulses,250,1992,2158,2075,3/11/2022,Grade C,Medium,Medium,Retail,Winter
Chattogram,Noakhali,Maijdee Bazar,Lentil,BARI Masur-9,Pulses,29,2256,2444,2350,2/26/2021,Grade B,High,Medium,Retail,Winter
Dhaka,Narayanganj,Chashara Market,Lentil,BARI Masur-9,Pulses,69,5226,5662,5444,2/4/2020,Premium,Medium,Medium,Retail,Winter
Rajshahi,Bogura,Satmatha Market,Lentil,BARI Masur-8,Pulses,750,5546,6008,5777,11/18/2021,Grade A,High,Low,Wholesale,Winter
Khulna,Khulna,Khulna New Market,Lentil,BARI Masur-9,Pulses,8,4128,4472,4300,1/8/2024,Grade B,Medium,Low,Retail,Winter
Barishal,Bhola,Bhola Bazar,Lentil,BARI Masur-9,Pulses,13.4,11295,12237,11766,6/22/2024,Grade A,Low,Medium,Retail,Winter
Dhaka,Narayanganj,Chashara Market,Lentil,BARI Masur-9,Pulses,4.5,2264,2452,2358,3/11/2024,Grade A,Low,High,Retail,Winter
Dhaka,Manikganj,Manikganj Bazar,Lentil,BARI Masur-9,Pulses,7,2230,2416,2323,6/28/2023,Grade C,Medium,Low,Retail,Winter
Dhaka,Manikganj,Manikganj Bazar,Lentil,BARI Masur-9,Pulses,5,1987,2153,2070,7/13/2022,Grade B,Medium,Low,Retail,Winter
Dhaka,Narayanganj,Chashara Market,Lentil,BARI Masur-8,Pulses,5,1236,1340,1288,2/12/2020,Grade C,Medium,High,Wholesale,Winter
Dhaka,Tangail,Tangail Sadar Market,Lentil,BARI Masur-9,Pulses,26,3202,3468,3335,2/11/2020,Grade C,Low,Medium,Retail,Winter
Barishal,Barishal,Nathullabad Market,Lentil,BARI Masur-8,Pulses,40,4944,5356,5150,12/29/2022,Grade B,High,Medium,Retail,Winter
Dhaka,Tangail,Tangail Sadar Market,Lentil,BARI Masur-8,Pulses,0.8,2181,2363,2272,8/30/2024,Grade C,Medium,Low,Retail,Winter
Chattogram,Cumilla,Kandirpar Market,Lentil,BARI Masur-8,Pulses,5,1685,1825,1755,1/5/2022,Grade B,High,High,Wholesale,Winter
Rajshahi,Rajshahi,Shaheb Bazar,Lentil,BARI Masur-9,Pulses,250,4104,4446,4275,3/13/2024,Grade B,Medium,Medium,Wholesale,Winter
Chattogram,Chattogram,Agrabad Market,Lentil,BARI Masur-8,Pulses,80,6238,6758,6498,6/18/2021,Grade A,High,Medium,Retail,Winter
Chattogram,Cox's Bazar,Cox's Bazar Market,Lentil,BARI Masur-8,Pulses,93,5299,5741,5520,6/11/2022,Grade C,Medium,Low,Retail,Winter
Khulna,Jashore,Jashore Bazar,Lentil,BARI Masur-9,Pulses,13,11184,12116,11650,6/3/2024,Grade B,Low,Medium,Retail,Winter
Dhaka,Tangail,Tangail Sadar Market,Lentil,BARI Masur-9,Pulses,35,4524,4900,4712,10/3/2024,Premium,High,Low,Wholesale,Winter
Khulna,Jashore,Jashore Bazar,Lentil,BARI Masur-8,Pulses,109,6749,7311,7030,7/28/2023,Grade B,High,Low,Retail,Winter
Dhaka,Gazipur,Joydebpur Market,Lentil,BARI Masur-8,Pulses,85,3312,3588,3450,8/17/2020,Grade B,High,Low,Retail,Winter
Barishal,Bhola,Bhola Bazar,Lentil,BARI Masur-9,Pulses,2,1608,1742,1675,5/26/2020,Grade B,High,Medium,Wholesale,Winter
Dhaka,Narayanganj,Chashara Market,Lentil,BARI Masur-8,Pulses,128.7,11112,12038,11575,6/12/2024,Grade B,High,High,Wholesale,Winter
Dhaka,Tangail,Tangail Sadar Market,Lentil,BARI Masur-9,Pulses,0.84,10508,11384,10946,7/12/2024,Grade B,High,High,Wholesale,Winter
Dhaka,Gazipur,Joydebpur Market,Lentil,BARI Masur-9,Pulses,17.4,9667,10473,10070,3/11/2024,Grade A,Low,Medium,Wholesale,Winter
Dhaka,Manikganj,Manikganj Bazar,Lentil,BARI Masur-8,Pulses,5,1984,2150,2067,1/24/2020,Grade A,Low,Low,Wholesale,Winter
Dhaka,Gazipur,Joydebpur Market,Lentil,BARI Masur-9,Pulses,25,5832,6318,6075,2/8/2022,Grade B,Low,Medium,Retail,Winter
Dhaka,Dhaka,Karwan Bazar,Lentil,BARI Masur-8,Pulses,27,6284,6808,6546,12/9/2021,Grade A,High,Medium,Retail,Winter
Chattogram,Cumilla,Kandirpar Market,Lentil,BARI Masur-9,Pulses,92,6240,6760,6500,5/11/2022,Grade B,High,Medium,Wholesale,Winter
Barishal,Barishal,Nathullabad Market,Lentil,BARI Masur-9,Pulses,2.3,10404,11270,10837,7/6/2024,Grade B,Medium,Medium,Wholesale,Winter
Rajshahi,Pabna,Pabna Sadar Market,Lentil,BARI Masur-8,Pulses,285,4834,5236,5035,2/3/2020,Grade A,Low,Medium,Wholesale,Winter
Dhaka,Manikganj,Manikganj Bazar,Lentil,BARI Masur-8,Pulses,22,6685,7243,6964,4/26/2021,Grade A,High,Low,Wholesale,Winter
Rajshahi,Naogaon,Naogaon Sadar Market,Lentil,BARI Masur-8,Pulses,215,4512,4888,4700,2/1/2020,Grade B,High,High,Wholesale,Winter
Khulna,Satkhira,Satkhira Market,Lentil,BARI Masur-9,Pulses,25,7968,8632,8300,12/19/2022,Grade B,Medium,Medium,Retail,Winter
Rajshahi,Bogura,Satmatha Market,Lentil,BARI Masur-9,Pulses,125,6129,6639,6384,7/9/2020,Premium,Low,Medium,Retail,Winter
Dhaka,Dhaka,Karwan Bazar,Lentil,BARI Masur-9,Pulses,53,1781,1929,1855,9/3/2021,Grade A,High,High,Retail,Winter
Rajshahi,Bogura,Satmatha Market,Lentil,BARI Masur-9,Pulses,10,2473,2679,2576,1/8/2020,Premium,Medium,Medium,Retail,Winter
Rajshahi,Pabna,Pabna Sadar Market,Lentil,BARI Masur-8,Pulses,550,7337,7949,7643,4/12/2022,Grade A,Medium,Low,Retail,Winter
Chattogram,Chattogram,Agrabad Market,Lentil,BARI Masur-8,Pulses,102,1546,1674,1610,3/15/2021,Grade B,Low,High,Wholesale,Winter
Dhaka,Gazipur,Joydebpur Market,Lentil,BARI Masur-9,Pulses,35,5006,5424,5215,1/9/2023,Grade B,Low,Low,Retail,Winter
Dhaka,Narayanganj,Chashara Market,Lentil,BARI Masur-8,Pulses,5,1236,1338,1287,3/3/2022,Grade B,Medium,Low,Retail,Winter
Dhaka,Tangail,Tangail Sadar Market,Lentil,BARI Masur-8,Pulses,10,6290,6814,6552,2/3/2022,Premium,High,Medium,Retail,Winter
Dhaka,Dhaka,Karwan Bazar,Lentil,BARI Masur-8,Pulses,30,6432,6968,6700,5/14/2022,Grade B,Low,High,Retail,Winter
Khulna,Satkhira,Satkhira Market,Lentil,BARI Masur-9,Pulses,40,3533,3827,3680,11/8/2021,Grade C,Low,High,Retail,Winter
Dhaka,Tangail,Tangail Sadar Market,Lentil,BARI Masur-8,Pulses,20,6920,7496,7208,1/20/2023,Grade A,High,Low,Wholesale,Winter
Dhaka,Narayanganj,Chashara Market,Lentil,BARI Masur-9,Pulses,50,12008,13008,12508,10/19/2023,Grade A,Low,High,Wholesale,Winter
Dhaka,Gazipur,Joydebpur Market,Lentil,BARI Masur-8,Pulses,34,4992,5408,5200,6/13/2020,Grade B,Low,High,Wholesale,Winter
Dhaka,Tangail,Tangail Sadar Market,Lentil,BARI Masur-8,Pulses,17,10748,11644,11196,8/28/2023,Grade A,Medium,Medium,Wholesale,Winter
Dhaka,Dhaka,Karwan Bazar,Lentil,BARI Masur-9,Pulses,517,5904,6396,6150,5/25/2021,Grade B,Medium,High,Wholesale,Winter
Chattogram,Feni,Feni Sadar Market,Lentil,BARI Masur-9,Pulses,8,2493,2701,2597,9/18/2023,Grade A,Medium,Medium,Wholesale,Winter
Dhaka,Gazipur,Joydebpur Market,Lentil,BARI Masur-9,Pulses,47,8125,8803,8464,2/7/2024,Grade C,Medium,Low,Wholesale,Winter
Dhaka,Narayanganj,Chashara Market,Lentil,BARI Masur-9,Pulses,40,5209,5643,5426,2/27/2021,Premium,Low,Low,Retail,Winter
Khulna,Khulna,Khulna New Market,Lentil,BARI Masur-8,Pulses,8.8,3989,4321,4155,6/5/2024,Grade B,Medium,Low,Wholesale,Winter
Rajshahi,Rajshahi,Shaheb Bazar,Lentil,BARI Masur-8,Pulses,800,3844,4164,4004,10/7/2020,Premium,Low,Medium,Wholesale,Winter
Barishal,Bhola,Bhola Bazar,Lentil,BARI Masur-9,Pulses,3,2192,2374,2283,7/8/2024,Grade C,Medium,High,Retail,Winter
Barishal,Bhola,Bhola Bazar,Lentil,BARI Masur-9,Pulses,3,2402,2602,2502,8/12/2022,Grade A,Low,Low,Wholesale,Winter
Dhaka,Tangail,Tangail Sadar Market,Lentil,BARI Masur-8,Pulses,250,3336,3614,3475,10/5/2020,Grade B,Medium,Low,Wholesale,Winter
Khulna,Satkhira,Satkhira Market,Lentil,BARI Masur-8,Pulses,4,11194,12126,11660,5/10/2022,Grade A,Low,Medium,Wholesale,Winter
Barishal,Barishal,Nathullabad Market,Lentil,BARI Masur-9,Pulses,1.8,2225,2411,2318,8/5/2024,Grade C,Low,High,Retail,Winter
Barishal,Bhola,Bhola Bazar,Lentil,BARI Masur-8,Pulses,12,1807,1957,1882,8/24/2021,Grade A,Low,High,Retail,Winter
Dhaka,Gazipur,Joydebpur Market,Lentil,BARI Masur-9,Pulses,105,1899,2057,1978,5/6/2022,Grade C,High,Medium,Retail,Winter
Rajshahi,Naogaon,Naogaon Sadar Market,Lentil,BARI Masur-8,Pulses,95,1644,1780,1712,8/27/2020,Grade A,High,Medium,Wholesale,Winter
Rajshahi,Rajshahi,Shaheb Bazar,Lentil,BARI Masur-8,Pulses,40,12288,13312,12800,9/8/2023,Grade A,Medium,High,Wholesale,Winter
Dhaka,Tangail,Tangail Sadar Market,Lentil,BARI Masur-9,Pulses,525,4704,5096,4900,11/23/2023,Grade B,High,High,Wholesale,Winter
Barishal,Patuakhali,Patuakhali Sadar Market,Lentil,BARI Masur-9,Pulses,17,6580,7128,6854,3/2/2023,Grade C,High,High,Wholesale,Winter
Barishal,Barishal,Nathullabad Market,Lentil,BARI Masur-9,Pulses,31,3240,3510,3375,9/1/2020,Grade C,Low,Low,Wholesale,Winter
Chattogram,Chattogram,Agrabad Market,Lentil,BARI Masur-9,Pulses,5,1656,1794,1725,9/18/2021,Grade B,High,Low,Retail,Winter
Khulna,Kushtia,Kushtia Boro Bazar,Lentil,BARI Masur-9,Pulses,6,6518,7062,6790,2/25/2022,Grade B,Medium,Low,Retail,Winter
Dhaka,Gazipur,Joydebpur Market,Lentil,BARI Masur-8,Pulses,3,8335,9029,8682,4/27/2023,Grade A,Medium,High,Retail,Winter
Dhaka,Manikganj,Manikganj Bazar,Lentil,BARI Masur-8,Pulses,1,2035,2205,2120,3/21/2020,Grade A,Medium,Medium,Retail,Winter
Rajshahi,Rajshahi,Shaheb Bazar,Lentil,BARI Masur-9,Pulses,80,4732,5126,4929,7/19/2023,Grade A,Low,Low,Retail,Winter
Dhaka,Dhaka,Karwan Bazar,Lentil,BARI Masur-8,Pulses,12.03,4654,5042,4848,9/8/2023,Grade B,Low,Medium,Retail,Winter
Dhaka,Dhaka,Karwan Bazar,Lentil,BARI Masur-8,Pulses,30,6477,7017,6747,9/23/2020,Grade B,Medium,Medium,Retail,Winter
Dhaka,Tangail,Tangail Sadar Market,Lentil,BARI Masur-9,Pulses,1,6497,7039,6768,4/21/2022,Grade B,Medium,Medium,Wholesale,Winter
Rajshahi,Rajshahi,Shaheb Bazar,Lentil,BARI Masur-9,Pulses,220,6650,7204,6927,2/10/2021,Grade A,Medium,Low,Retail,Winter
Chattogram,Chattogram,Agrabad Market,Lentil,BARI Masur-8,Pulses,10,1517,1643,1580,1/23/2020,Premium,Medium,Low,Wholesale,Winter
Dhaka,Tangail,Tangail Sadar Market,Lentil,BARI Masur-8,Pulses,1.04,10990,11906,11448,7/19/2024,Grade A,Medium,High,Retail,Winter
Chattogram,Chattogram,Agrabad Market,Lentil,BARI Masur-9,Pulses,120,6091,6599,6345,2/15/2022,Grade B,High,Low,Retail,Winter
Dhaka,Tangail,Tangail Sadar Market,Lentil,BARI Masur-8,Pulses,5,5616,6084,5850,9/11/2020,Grade B,Low,Medium,Wholesale,Winter
Khulna,Satkhira,Satkhira Market,Lentil,BARI Masur-8,Pulses,90,7530,8158,7844,6/8/2023,Grade A,Medium,High,Wholesale,Winter
Barishal,Barishal,Nathullabad Market,Lentil,BARI Masur-9,Pulses,4.5,2304,2496,2400,5/9/2024,Grade B,High,Medium,Retail,Winter
Rajshahi,Pabna,Pabna Sadar Market,Lentil,BARI Masur-8,Pulses,280,4292,4650,4471,9/8/2023,Grade C,Medium,Medium,Wholesale,Winter
Chattogram,Feni,Feni Sadar Market,Lentil,BARI Masur-9,Pulses,1,1128,1222,1175,2/25/2020,Grade B,High,High,Retail,Winter
Dhaka,Dhaka,Karwan Bazar,Lentil,BARI Masur-9,Pulses,10,5061,5483,5272,8/3/2022,Grade C,Medium,High,Wholesale,Winter
Chattogram,Cumilla,Kandirpar Market,Lentil,BARI Masur-8,Pulses,27.5,9464,10252,9858,11/26/2024,Grade A,Medium,High,Wholesale,Winter
Dhaka,Manikganj,Manikganj Bazar,Lentil,BARI Masur-8,Pulses,4,4181,4529,4355,1/31/2020,Grade B,Medium,Low,Retail,Winter
Khulna,Jashore,Jashore Bazar,Lentil,BARI Masur-9,Pulses,5.9,9627,10429,10028,5/3/2024,Grade C,Low,High,Wholesale,Winter
Barishal,Barishal,Nathullabad Market,Lentil,BARI Masur-8,Pulses,77,5655,6127,5891,11/25/2022,Premium,Medium,Low,Wholesale,Winter
Chattogram,Cox's Bazar,Cox's Bazar Market,Lentil,BARI Masur-9,Pulses,10,2320,2514,2417,8/5/2022,Grade A,Low,Medium,Wholesale,Winter
Dhaka,Dhaka,Karwan Bazar,Lentil,BARI Masur-8,Pulses,11,5616,6084,5850,4/22/2022,Grade B,High,High,Retail,Winter
Dhaka,Manikganj,Manikganj Bazar,Lentil,BARI Masur-8,Pulses,1,9600,10400,10000,9/20/2023,Grade B,Low,High,Retail,Winter
Dhaka,Gazipur,Joydebpur Market,Lentil,BARI Masur-8,Pulses,1,4519,4895,4707,8/31/2023,Grade B,Medium,Low,Wholesale,Winter
Chattogram,Cumilla,Kandirpar Market,Lentil,BARI Masur-8,Pulses,407,5088,5512,5300,12/21/2022,Grade B,High,Medium,Retail,Winter
Dhaka,Tangail,Tangail Sadar Market,Lentil,BARI Masur-9,Pulses,2.2,2031,2201,2116,8/5/2024,Grade C,Medium,Medium,Retail,Winter
Rajshahi,Bogura,Satmatha Market,Lentil,BARI Masur-8,Pulses,300,4344,4706,4525,5/7/2024,Grade B,Medium,High,Retail,Winter
Barishal,Bhola,Bhola Bazar,Lentil,BARI Masur-9,Pulses,22,4368,4732,4550,2/8/2020,Grade B,High,High,Retail,Winter
Rajshahi,Rajshahi,Shaheb Bazar,Lentil,BARI Masur-9,Pulses,6,9667,10473,10070,11/16/2024,Grade A,High,Medium,Retail,Winter
Dhaka,Dhaka,Karwan Bazar,Lentil,BARI Masur-9,Pulses,6,1236,1338,1287,12/6/2021,Grade B,Medium,Low,Wholesale,Winter
Chattogram,Cumilla,Kandirpar Market,Lentil,BARI Masur-9,Pulses,171,7059,7647,7353,2/22/2022,Premium,Medium,Low,Retail,Winter
Barishal,Patuakhali,Patuakhali Sadar Market,Lentil,BARI Masur-9,Pulses,72,4582,4964,4773,2/17/2021,Grade A,Medium,Medium,Retail,Winter
Dhaka,Dhaka,Karwan Bazar,Lentil,BARI Masur-8,Pulses,40,9360,10140,9750,7/15/2023,Grade B,Low,Medium,Retail,Winter
Khulna,Kushtia,Kushtia Boro Bazar,Lentil,BARI Masur-8,Pulses,21,5800,6284,6042,12/20/2021,Grade A,High,Low,Wholesale,Winter
Chattogram,Feni,Feni Sadar Market,Lentil,BARI Masur-8,Pulses,282,4630,5016,4823,10/22/2021,Grade A,Medium,Low,Wholesale,Winter
Khulna,Satkhira,Satkhira Market,Lentil,BARI Masur-8,Pulses,2,7242,7846,7544,1/16/2024,Grade C,High,Medium,Wholesale,Winter
Khulna,Kushtia,Kushtia Boro Bazar,Lentil,BARI Masur-9,Pulses,7,2086,2260,2173,5/5/2022,Grade A,Medium,Low,Wholesale,Winter
Barishal,Bhola,Bhola Bazar,Lentil,BARI Masur-8,Pulses,19,1883,2039,1961,4/13/2023,Grade C,Medium,Medium,Wholesale,Winter
Chattogram,Cox's Bazar,Cox's Bazar Market,Lentil,BARI Masur-8,Pulses,10,4086,4426,4256,2/11/2021,Premium,Medium,High,Wholesale,Winter
Khulna,Kushtia,Kushtia Boro Bazar,Lentil,BARI Masur-8,Pulses,4,5699,6173,5936,8/12/2020,Grade A,Medium,High,Wholesale,Winter
Rajshahi,Naogaon,Naogaon Sadar Market,Lentil,BARI Masur-8,Pulses,16,11809,12793,12301,11/6/2023,Grade A,Medium,Low,Retail,Winter
Dhaka,Dhaka,Karwan Bazar,Lentil,BARI Masur-8,Pulses,2,1236,1340,1288,3/22/2022,Grade C,Low,Low,Wholesale,Winter
Khulna,Satkhira,Satkhira Market,Lentil,BARI Masur-9,Pulses,25,4070,4410,4240,1/30/2024,Grade A,Low,Medium,Retail,Winter
Barishal,Barishal,Nathullabad Market,Lentil,BARI Masur-9,Pulses,39.6,4314,4674,4494,7/22/2024,Grade A,Medium,Low,Retail,Winter
Chattogram,Feni,Feni Sadar Market,Lentil,BARI Masur-8,Pulses,197,4704,5096,4900,3/6/2021,Grade B,Medium,Medium,Retail,Winter
Chattogram,Feni,Feni Sadar Market,Lentil,BARI Masur-9,Pulses,60,1590,1722,1656,4/9/2021,Grade C,High,Low,Retail,Winter
Dhaka,Manikganj,Manikganj Bazar,Lentil,BARI Masur-9,Pulses,110,6227,6745,6486,4/12/2021,Grade C,Medium,Medium,Retail,Winter
Dhaka,Gazipur,Joydebpur Market,Lentil,BARI Masur-8,Pulses,8,5494,5952,5723,3/26/2021,Premium,High,Medium,Retail,Winter
Rajshahi,Pabna,Pabna Sadar Market,Lentil,BARI Masur-9,Pulses,250,4452,4824,4638,2/7/2024,Grade A,Low,Low,Wholesale,Winter
Dhaka,Gazipur,Joydebpur Market,Lentil,BARI Masur-8,Pulses,4,2519,2729,2624,10/29/2022,Grade A,Medium,Medium,Wholesale,Winter
Chattogram,Noakhali,Maijdee Bazar,Lentil,BARI Masur-9,Pulses,2,916,992,954,10/28/2020,Grade A,High,Medium,Retail,Winter
Chattogram,Feni,Feni Sadar Market,Lentil,BARI Masur-8,Pulses,46,1899,2057,1978,4/23/2022,Grade C,Low,Low,Wholesale,Winter
Chattogram,Noakhali,Maijdee Bazar,Lentil,BARI Masur-9,Pulses,232,4464,4836,4650,2/16/2021,Grade B,Medium,Medium,Retail,Winter
Dhaka,Narayanganj,Chashara Market,Lentil,BARI Masur-8,Pulses,95,3840,4160,4000,2/2/2021,Grade B,Low,High,Retail,Winter
Dhaka,Manikganj,Manikganj Bazar,Lentil,BARI Masur-8,Pulses,59,5215,5649,5432,11/10/2023,Premium,High,Medium,Wholesale,Winter
Chattogram,Chattogram,Agrabad Market,Lentil,BARI Masur-8,Pulses,33,3709,4019,3864,3/6/2020,Premium,Medium,Low,Wholesale,Winter
Barishal,Bhola,Bhola Bazar,Lentil,BARI Masur-8,Pulses,113,3817,4135,3976,6/3/2020,Premium,High,Low,Wholesale,Winter
Chattogram,Cumilla,Kandirpar Market,Lentil,BARI Masur-8,Pulses,3,1160,1256,1208,11/26/2020,Grade A,Medium,Low,Wholesale,Winter
Barishal,Barishal,Nathullabad Market,Maize,Hybrid,Cereals,7,5376,5824,5600,8/20/2020,Grade B,Medium,Medium,Retail,Summer
Dhaka,Dhaka,Karwan Bazar,Maize,Hybrid,Cereals,5,2472,2678,2575,2/19/2024,Grade B,Low,High,Retail,Summer
Dhaka,Tangail,Tangail Sadar Market,Maize,Hybrid,Cereals,2,11092,12016,11554,8/25/2023,Grade A,Medium,Medium,Wholesale,Summer
Chattogram,Noakhali,Maijdee Bazar,Maize,Hybrid,Cereals,8,1714,1856,1785,3/11/2023,Grade C,Low,High,Wholesale,Summer
Khulna,Khulna,Khulna New Market,Maize,Hybrid,Cereals,30,5343,5789,5566,1/3/2022,Grade C,High,Medium,Retail,Summer
Chattogram,Chattogram,Agrabad Market,Maize,Hybrid,Cereals,65,1781,1929,1855,7/29/2020,Grade A,High,Low,Wholesale,Summer
Dhaka,Tangail,Tangail Sadar Market,Maize,Hybrid,Cereals,2,1968,2132,2050,7/23/2022,Grade B,Low,Medium,Retail,Summer
Chattogram,Feni,Feni Sadar Market,Maize,Hybrid,Cereals,145,5107,5533,5320,11/2/2022,Premium,Medium,Medium,Retail,Summer
Barishal,Barishal,Nathullabad Market,Maize,Hybrid,Cereals,40,4226,4578,4402,2/13/2020,Grade C,Medium,High,Wholesale,Summer
Dhaka,Manikganj,Manikganj Bazar,Maize,Hybrid,Cereals,35,2034,2204,2119,5/19/2022,Grade A,High,Medium,Retail,Summer
Dhaka,Gazipur,Joydebpur Market,Maize,Hybrid,Cereals,75,4328,4688,4508,3/25/2023,Grade C,High,Medium,Retail,Summer
Chattogram,Cox's Bazar,Cox's Bazar Market,Maize,Hybrid,Cereals,3,2405,2605,2505,10/17/2023,Grade B,Low,High,Wholesale,Summer
Rajshahi,Bogura,Satmatha Market,Maize,Hybrid,Cereals,650,2152,2332,2242,4/11/2022,Grade A,High,Medium,Retail,Summer
Dhaka,Manikganj,Manikganj Bazar,Maize,Hybrid,Cereals,3,2031,2201,2116,8/1/2024,Grade C,Medium,High,Wholesale,Summer
Barishal,Patuakhali,Patuakhali Sadar Market,Maize,Hybrid,Cereals,62.5,4019,4353,4186,9/30/2024,Grade C,Low,Medium,Retail,Summer
Barishal,Patuakhali,Patuakhali Sadar Market,Maize,Hybrid,Cereals,47,4593,4975,4784,11/29/2022,Grade C,Low,Medium,Wholesale,Summer
Dhaka,Narayanganj,Chashara Market,Maize,Hybrid,Cereals,3,2230,2416,2323,1/19/2024,Grade C,High,Medium,Retail,Summer
Chattogram,Chattogram,Agrabad Market,Maize,Hybrid,Cereals,103,5472,5928,5700,7/17/2020,Grade B,High,Low,Retail,Summer
Chattogram,Feni,Feni Sadar Market,Maize,Hybrid,Cereals,90,7640,8276,7958,1/31/2023,Premium,Medium,Low,Wholesale,Summer
Dhaka,Manikganj,Manikganj Bazar,Maize,Hybrid,Cereals,3,2424,2626,2525,1/18/2024,Grade B,Medium,Low,Wholesale,Summer
Dhaka,Gazipur,Joydebpur Market,Maize,Hybrid,Cereals,5,5712,6188,5950,10/21/2021,Grade B,Low,Low,Wholesale,Summer
Khulna,Kushtia,Kushtia Boro Bazar,Maize,Hybrid,Cereals,121,8268,8956,8612,1/31/2023,Grade A,Medium,High,Wholesale,Summer
Chattogram,Chattogram,Agrabad Market,Maize,Hybrid,Cereals,60,4416,4784,4600,2/4/2020,Grade C,Low,Low,Retail,Summer
Dhaka,Dhaka,Karwan Bazar,Maize,Hybrid,Cereals,200,2400,2600,2500,11/2/2023,Grade B,Low,Medium,Retail,Summer
Rajshahi,Rajshahi,Shaheb Bazar,Maize,Hybrid,Cereals,3,2849,3087,2968,11/6/2023,Grade A,Low,Medium,Wholesale,Summer
Rajshahi,Rajshahi,Shaheb Bazar,Maize,Hybrid,Cereals,400,7148,7744,7446,3/24/2022,Grade A,Medium,Low,Wholesale,Summer
Dhaka,Tangail,Tangail Sadar Market,Maize,Hybrid,Cereals,93,3840,4160,4000,10/17/2022,Grade B,High,Medium,Retail,Summer
Dhaka,Tangail,Tangail Sadar Market,Maize,Hybrid,Cereals,2,1965,2129,2047,3/17/2022,Grade B,Medium,Medium,Retail,Summer
Khulna,Jashore,Jashore Bazar,Maize,Hybrid,Cereals,3,1644,1780,1712,3/12/2021,Grade A,Medium,Medium,Wholesale,Summer
Chattogram,Chattogram,Agrabad Market,Maize,Hybrid,Cereals,4,2448,2652,2550,6/30/2023,Grade B,Low,High,Retail,Summer
Chattogram,Cumilla,Kandirpar Market,Maize,Hybrid,Cereals,4,1476,1598,1537,12/16/2020,Grade A,Medium,High,Wholesale,Summer
Chattogram,Feni,Feni Sadar Market,Maize,Hybrid,Cereals,24,1590,1722,1656,11/10/2021,Grade C,Medium,Low,Retail,Summer
Barishal,Bhola,Bhola Bazar,Maize,Hybrid,Cereals,17.1,4286,4644,4465,8/27/2024,Grade A,Medium,Medium,Wholesale,Summer
Dhaka,Tangail,Tangail Sadar Market,Maize,Hybrid,Cereals,100,3974,4306,4140,1/5/2024,Grade C,Medium,High,Wholesale,Summer
Barishal,Patuakhali,Patuakhali Sadar Market,Maize,Hybrid,Cereals,37,1836,1988,1912,7/19/2021,Premium,Medium,High,Wholesale,Summer
Dhaka,Manikganj,Manikganj Bazar,Maize,Hybrid,Cereals,12,5856,6344,6100,4/9/2022,Grade B,Low,Medium,Retail,Summer
Chattogram,Noakhali,Maijdee Bazar,Maize,Hybrid,Cereals,3,1613,1747,1680,11/10/2020,Premium,Low,Low,Retail,Summer
Chattogram,Chattogram,Agrabad Market,Maize,Hybrid,Cereals,298,5664,6136,5900,2/9/2022,Grade B,Medium,Medium,Retail,Summer
Dhaka,Gazipur,Joydebpur Market,Maize,Hybrid,Cereals,109,2031,2201,2116,4/30/2022,Grade C,Medium,Medium,Wholesale,Summer
Dhaka,Dhaka,Karwan Bazar,Maize,Hybrid,Cereals,10,2310,2502,2406,7/14/2023,Grade A,Low,Medium,Retail,Summer
Dhaka,Narayanganj,Chashara Market,Maize,Hybrid,Cereals,1,2160,2340,2250,12/20/2023,Grade B,Medium,Medium,Wholesale,Summer
Dhaka,Tangail,Tangail Sadar Market,Maize,Hybrid,Cereals,6,3435,3721,3578,5/15/2020,Grade A,Medium,High,Wholesale,Summer
Dhaka,Gazipur,Joydebpur Market,Maize,Hybrid,Cereals,5,2160,2340,2250,8/19/2022,Grade B,Medium,Low,Retail,Summer
Chattogram,Cox's Bazar,Cox's Bazar Market,Maize,Hybrid,Cereals,6,1133,1227,1180,9/11/2021,Grade B,High,Low,Wholesale,Summer
Barishal,Barishal,Nathullabad Market,Maize,Hybrid,Cereals,74,4272,4628,4450,3/4/2021,Grade C,Medium,Medium,Wholesale,Summer
Dhaka,Narayanganj,Chashara Market,Maize,Hybrid,Cereals,80,3886,4210,4048,9/25/2024,Grade C,Low,Low,Wholesale,Summer
Chattogram,Cumilla,Kandirpar Market,Maize,Hybrid,Cereals,6,2903,3145,3024,10/14/2024,Premium,Medium,Medium,Retail,Summer
Dhaka,Tangail,Tangail Sadar Market,Maize,Hybrid,Cereals,67,4704,5096,4900,3/2/2023,Grade B,Medium,Medium,Retail,Summer
Chattogram,Chattogram,Agrabad Market,Maize,Hybrid,Cereals,55,6768,7332,7050,6/23/2022,Premium,Low,Medium,Wholesale,Summer
Dhaka,Manikganj,Manikganj Bazar,Maize,Hybrid,Cereals,3,4598,4982,4790,3/9/2023,Grade B,Medium,High,Wholesale,Summer
Dhaka,Dhaka,Karwan Bazar,Maize,Hybrid,Cereals,"1,000.00",4758,5154,4956,11/16/2022,Grade C,High,High,Wholesale,Summer
Chattogram,Feni,Feni Sadar Market,Maize,Hybrid,Cereals,36.1,2016,2184,2100,5/27/2024,Grade B,High,Low,Retail,Summer
Rajshahi,Rajshahi,Shaheb Bazar,Maize,Hybrid,Cereals,120,5454,5908,5681,6/16/2021,Grade C,Medium,Medium,Retail,Summer
Chattogram,Feni,Feni Sadar Market,Maize,Hybrid,Cereals,209,5342,5788,5565,6/6/2020,Grade A,Medium,Low,Wholesale,Summer
Dhaka,Tangail,Tangail Sadar Market,Maize,Hybrid,Cereals,69,4896,5304,5100,5/20/2020,Grade B,Medium,High,Wholesale,Summer
Khulna,Jashore,Jashore Bazar,Maize,Hybrid,Cereals,5,5597,6063,5830,6/23/2022,Grade A,Medium,High,Wholesale,Summer
Chattogram,Feni,Feni Sadar Market,Maize,Hybrid,Cereals,5,1440,1560,1500,2/20/2021,Grade B,Low,High,Wholesale,Summer
Dhaka,Gazipur,Joydebpur Market,Maize,Hybrid,Cereals,30,8376,9074,8725,5/4/2023,Grade A,Medium,Low,Wholesale,Summer
Chattogram,Cox's Bazar,Cox's Bazar Market,Maize,Hybrid,Cereals,1,960,1040,1000,6/26/2021,Grade C,Low,High,Wholesale,Summer
Dhaka,Tangail,Tangail Sadar Market,Maize,Hybrid,Cereals,322,4981,5397,5189,9/3/2022,Grade A,Medium,Medium,Retail,Summer
Dhaka,Dhaka,Karwan Bazar,Maize,Hybrid,Cereals,46,5179,5611,5395,5/6/2020,Grade A,Low,Medium,Wholesale,Summer
Chattogram,Noakhali,Maijdee Bazar,Maize,Hybrid,Cereals,117,8479,9185,8832,6/10/2023,Grade C,High,Low,Retail,Summer
Dhaka,Tangail,Tangail Sadar Market,Maize,Hybrid,Cereals,167,5990,6490,6240,2/4/2022,Grade B,Medium,Low,Wholesale,Summer
Dhaka,Dhaka,Karwan Bazar,Maize,Hybrid,Cereals,5,6960,7540,7250,1/6/2024,Grade B,Medium,Low,Wholesale,Summer
Chattogram,Cox's Bazar,Cox's Bazar Market,Maize,Hybrid,Cereals,17,2832,3068,2950,6/11/2022,Grade B,Medium,High,Wholesale,Summer
Dhaka,Tangail,Tangail Sadar Market,Maize,Hybrid,Cereals,18,6655,7209,6932,10/29/2020,Grade A,Low,High,Wholesale,Summer
Khulna,Jashore,Jashore Bazar,Maize,Hybrid,Cereals,235,5570,6034,5802,2/9/2020,Premium,High,Low,Retail,Summer
Dhaka,Manikganj,Manikganj Bazar,Maize,Hybrid,Cereals,5,2097,2271,2184,7/22/2022,Grade A,Medium,Low,Retail,Summer
Barishal,Barishal,Nathullabad Market,Maize,Hybrid,Cereals,41,5655,6127,5891,1/6/2023,Premium,Medium,High,Wholesale,Summer
Barishal,Patuakhali,Patuakhali Sadar Market,Maize,Hybrid,Cereals,70.9,4120,4464,4292,5/27/2024,Grade B,Medium,High,Retail,Summer
Rajshahi,Naogaon,Naogaon Sadar Market,Maize,Hybrid,Cereals,1,2496,2704,2600,8/22/2023,Grade B,Medium,Medium,Retail,Summer
Chattogram,Feni,Feni Sadar Market,Maize,Hybrid,Cereals,5,3002,3252,3127,1/28/2023,Grade A,Medium,Medium,Wholesale,Summer
Dhaka,Dhaka,Karwan Bazar,Maize,Hybrid,Cereals,17,1537,1665,1601,10/20/2021,Grade C,Low,Low,Wholesale,Summer
Dhaka,Dhaka,Karwan Bazar,Maize,Hybrid,Cereals,30,5597,6063,5830,7/14/2020,Grade A,High,High,Wholesale,Summer
Khulna,Kushtia,Kushtia Boro Bazar,Maize,Hybrid,Cereals,12,4080,4420,4250,11/27/2024,Grade B,Medium,Medium,Wholesale,Summer
Chattogram,Chattogram,Agrabad Market,Maize,Hybrid,Cereals,31,5914,6406,6160,11/20/2021,Premium,High,Medium,Retail,Summer
Dhaka,Tangail,Tangail Sadar Market,Maize,Hybrid,Cereals,19,4416,4784,4600,2/20/2023,Grade C,Medium,Medium,Wholesale,Summer
Rajshahi,Pabna,Pabna Sadar Market,Maize,Hybrid,Cereals,3,7066,7654,7360,12/12/2023,Grade C,Low,Low,Retail,Summer
Barishal,Patuakhali,Patuakhali Sadar Market,Maize,Hybrid,Cereals,45,3754,4066,3910,2/23/2024,Grade C,High,Low,Retail,Summer
Dhaka,Manikganj,Manikganj Bazar,Maize,Hybrid,Cereals,45,4517,4893,4705,1/31/2020,Grade B,High,Medium,Wholesale,Summer
Barishal,Patuakhali,Patuakhali Sadar Market,Maize,Hybrid,Cereals,1,2686,2910,2798,10/23/2023,Grade A,High,Medium,Wholesale,Summer
Barishal,Patuakhali,Patuakhali Sadar Market,Maize,Hybrid,Cereals,2,1938,2100,2019,12/31/2021,Grade A,High,Low,Retail,Summer
Dhaka,Dhaka,Karwan Bazar,Maize,Hybrid,Cereals,1,1471,1593,1532,6/18/2021,Grade A,Low,Medium,Retail,Summer
Dhaka,Dhaka,Karwan Bazar,Maize,Hybrid,Cereals,5,2400,2600,2500,1/8/2024,Grade B,Low,High,Wholesale,Summer
Dhaka,Gazipur,Joydebpur Market,Maize,Hybrid,Cereals,8,5472,5928,5700,6/8/2022,Grade B,High,Medium,Retail,Summer
Chattogram,Chattogram,Agrabad Market,Maize,Hybrid,Cereals,6,2040,2210,2125,6/11/2024,Grade A,Medium,Low,Wholesale,Summer
Barishal,Bhola,Bhola Bazar,Maize,Hybrid,Cereals,35,6309,6835,6572,2/2/2022,Grade A,High,Low,Wholesale,Summer
Barishal,Barishal,Nathullabad Market,Maize,Hybrid,Cereals,38,1598,1732,1665,3/12/2021,Grade B,Medium,Low,Retail,Summer
Khulna,Kushtia,Kushtia Boro Bazar,Maize,Hybrid,Cereals,22,4884,5292,5088,6/30/2023,Grade A,Medium,Medium,Retail,Summer
Chattogram,Cox's Bazar,Cox's Bazar Market,Maize,Hybrid,Cereals,30,6360,6890,6625,12/4/2021,Grade A,High,Medium,Wholesale,Summer
Chattogram,Chattogram,Agrabad Market,Maize,Hybrid,Cereals,293,5376,5824,5600,2/14/2023,Premium,High,Low,Retail,Summer
Dhaka,Manikganj,Manikganj Bazar,Maize,Hybrid,Cereals,8,5760,6240,6000,6/25/2022,Grade B,High,Medium,Retail,Summer
Barishal,Patuakhali,Patuakhali Sadar Market,Maize,Hybrid,Cereals,56,6048,6552,6300,2/14/2022,Grade B,High,Low,Retail,Summer
Khulna,Khulna,Khulna New Market,Maize,Hybrid,Cereals,36,6666,7222,6944,12/11/2021,Premium,Medium,Low,Wholesale,Summer
Rajshahi,Pabna,Pabna Sadar Market,Maize,Hybrid,Cereals,70,5957,6453,6205,6/17/2021,Grade B,Medium,Medium,Wholesale,Summer
Dhaka,Gazipur,Joydebpur Market,Maize,Hybrid,Cereals,1,1375,1489,1432,6/14/2022,Grade B,Medium,Low,Retail,Summer
Dhaka,Tangail,Tangail Sadar Market,Maize,Hybrid,Cereals,2,10176,11024,10600,10/5/2023,Grade A,High,Medium,Retail,Summer
Khulna,Khulna,Khulna New Market,Maize,Hybrid,Cereals,21.6,7688,8328,8008,6/7/2024,Premium,Medium,Medium,Retail,Summer
Rajshahi,Rajshahi,Shaheb Bazar,Maize,Hybrid,Cereals,188,5923,6417,6170,1/12/2022,Grade B,Medium,Low,Retail,Summer
Chattogram,Chattogram,Agrabad Market,Maize,Hybrid,Cereals,82,6978,7560,7269,9/8/2021,Premium,Medium,Medium,Wholesale,Summer
Chattogram,Feni,Feni Sadar Market,Maize,Hybrid,Cereals,7,795,861,828,2/25/2021,Grade C,Medium,High,Wholesale,Summer
Barishal,Bhola,Bhola Bazar,Maize,Hybrid,Cereals,12,4579,4961,4770,10/19/2022,Grade A,Medium,Medium,Retail,Summer
Rajshahi,Naogaon,Naogaon Sadar Market,Maize,Hybrid,Cereals,800,6284,6808,6546,12/7/2021,Grade A,High,Low,Wholesale,Summer
Rajshahi,Pabna,Pabna Sadar Market,Maize,Hybrid,Cereals,1,4858,5262,5060,11/19/2020,Grade C,High,Low,Wholesale,Summer
Dhaka,Narayanganj,Chashara Market,Maize,Hybrid,Cereals,25,1882,2038,1960,5/30/2020,Premium,Medium,Low,Wholesale,Summer
Dhaka,Dhaka,Karwan Bazar,Maize,Hybrid,Cereals,6,2391,2591,2491,7/24/2024,Grade A,High,Low,Wholesale,Summer
Dhaka,Dhaka,Karwan Bazar,Maize,Hybrid,Cereals,2,6144,6656,6400,8/14/2021,Grade B,Low,Low,Wholesale,Summer
Barishal,Barishal,Nathullabad Market,Maize,Hybrid,Cereals,26,1770,1918,1844,7/27/2021,Grade A,Medium,Medium,Wholesale,Summer
Chattogram,Noakhali,Maijdee Bazar,Maize,Hybrid,Cereals,38,1816,1968,1892,6/17/2020,Grade A,Medium,Medium,Retail,Summer
Barishal,Patuakhali,Patuakhali Sadar Market,Maize,Hybrid,Cereals,38.1,4118,4462,4290,8/21/2024,Grade A,Low,Medium,Retail,Summer
Dhaka,Dhaka,Karwan Bazar,Maize,Hybrid,Cereals,1,10456,11328,10892,10/11/2023,Grade A,High,Medium,Wholesale,Summer
Chattogram,Cumilla,Kandirpar Market,Maize,Hybrid,Cereals,3,828,896,862,1/27/2021,Grade C,Low,Medium,Wholesale,Summer
Chattogram,Chattogram,Agrabad Market,Maize,Hybrid,Cereals,3,3806,4124,3965,9/5/2020,Premium,High,Medium,Wholesale,Summer
Dhaka,Dhaka,Karwan Bazar,Maize,Hybrid,Cereals,17,2208,2392,2300,6/30/2023,Grade C,High,Medium,Wholesale,Summer
Rajshahi,Pabna,Pabna Sadar Market,Maize,Hybrid,Cereals,350,2177,2359,2268,4/10/2023,Grade A,High,Medium,Wholesale,Summer
Dhaka,Narayanganj,Chashara Market,Maize,Hybrid,Cereals,18,1291,1399,1345,12/26/2020,Grade C,Low,High,Retail,Summer
Dhaka,Dhaka,Karwan Bazar,Maize,Hybrid,Cereals,63,4704,5096,4900,2/16/2020,Grade B,High,High,Retail,Summer
Dhaka,Dhaka,Karwan Bazar,Maize,Hybrid,Cereals,163,4800,5200,5000,2/16/2023,Grade B,Medium,Low,Wholesale,Summer
Dhaka,Gazipur,Joydebpur Market,Maize,Hybrid,Cereals,7,5496,5954,5725,1/25/2022,Grade B,High,Low,Wholesale,Summer
Dhaka,Gazipur,Joydebpur Market,Maize,Hybrid,Cereals,2,10104,10946,10525,11/20/2023,Grade B,Medium,Medium,Wholesale,Summer
Dhaka,Manikganj,Manikganj Bazar,Maize,Hybrid,Cereals,103,4668,5056,4862,10/1/2022,Grade B,High,Low,Retail,Summer
Barishal,Bhola,Bhola Bazar,Maize,Hybrid,Cereals,15,7123,7717,7420,7/21/2022,Grade A,Medium,Medium,Wholesale,Summer
Dhaka,Tangail,Tangail Sadar Market,Maize,Hybrid,Cereals,1,10560,11440,11000,10/29/2023,Grade B,Medium,High,Retail,Summer
Rajshahi,Naogaon,Naogaon Sadar Market,Maize,Hybrid,Cereals,40,1526,1654,1590,8/29/2020,Grade B,Medium,Medium,Wholesale,Summer
Dhaka,Narayanganj,Chashara Market,Maize,Hybrid,Cereals,19.8,1824,1976,1900,6/12/2024,Grade B,Medium,High,Wholesale,Summer
Rajshahi,Pabna,Pabna Sadar Market,Maize,Hybrid,Cereals,700,4906,5314,5110,4/13/2023,Grade B,Low,Medium,Wholesale,Summer
Chattogram,Noakhali,Maijdee Bazar,Maize,Hybrid,Cereals,28.3,6888,7462,7175,3/1/2024,Grade B,High,Medium,Wholesale,Summer
Khulna,Khulna,Khulna New Market,Maize,Hybrid,Cereals,11,4776,5174,4975,2/5/2023,Grade B,Medium,Medium,Retail,Summer
Chattogram,Cox's Bazar,Cox's Bazar Market,Maize,Hybrid,Cereals,87,5714,6190,5952,12/29/2020,Grade A,High,Medium,Retail,Summer
Dhaka,Dhaka,Karwan Bazar,Maize,Hybrid,Cereals,1,2376,2574,2475,10/26/2023,Grade B,Medium,Medium,Wholesale,Summer
Khulna,Khulna,Khulna New Market,Maize,Hybrid,Cereals,3,4209,4559,4384,6/27/2023,Grade C,Medium,High,Wholesale,Summer
Dhaka,Manikganj,Manikganj Bazar,Maize,Hybrid,Cereals,4,2230,2416,2323,12/30/2023,Grade C,Low,Medium,Wholesale,Summer
Dhaka,Dhaka,Karwan Bazar,Maize,Hybrid,Cereals,41,1775,1923,1849,7/4/2022,Grade C,Medium,High,Retail,Summer
Dhaka,Narayanganj,Chashara Market,Maize,Hybrid,Cereals,50,5436,5890,5663,9/28/2021,Grade C,Medium,High,Wholesale,Summer
Chattogram,Noakhali,Maijdee Bazar,Maize,Hybrid,Cereals,160,4946,5358,5152,1/11/2020,Grade C,Low,Medium,Wholesale,Summer
Chattogram,Noakhali,Maijdee Bazar,Maize,Hybrid,Cereals,124,4129,4473,4301,7/22/2023,Grade C,Medium,Low,Retail,Summer
Khulna,Jashore,Jashore Bazar,Maize,Hybrid,Cereals,18,4560,4940,4750,6/29/2023,Grade B,Medium,Low,Retail,Summer
Dhaka,Tangail,Tangail Sadar Market,Maize,Hybrid,Cereals,2,6355,6885,6620,8/27/2020,Premium,Low,High,Retail,Summer
Khulna,Satkhira,Satkhira Market,Maize,Hybrid,Cereals,118,3763,4077,3920,10/28/2020,Premium,Medium,Medium,Retail,Summer
Chattogram,Chattogram,Agrabad Market,Maize,Hybrid,Cereals,4,2045,2215,2130,7/30/2022,Grade B,Medium,Low,Retail,Summer
Chattogram,Cumilla,Kandirpar Market,Maize,Hybrid,Cereals,5,2060,2232,2146,7/9/2024,Grade A,Medium,Medium,Retail,Summer
Rajshahi,Rajshahi,Shaheb Bazar,Maize,Hybrid,Cereals,5,10429,11299,10864,11/13/2024,Premium,Medium,Medium,Wholesale,Summer
Dhaka,Dhaka,Karwan Bazar,Maize,Hybrid,Cereals,150,6187,6703,6445,2/14/2022,Grade B,Low,Medium,Wholesale,Summer
Khulna,Khulna,Khulna New Market,Maize,Hybrid,Cereals,5,8817,9551,9184,4/3/2023,Premium,Medium,Medium,Wholesale,Summer
Chattogram,Noakhali,Maijdee Bazar,Maize,Hybrid,Cereals,2,2083,2257,2170,2/10/2020,Grade B,Low,Medium,Retail,Summer
Chattogram,Feni,Feni Sadar Market,Maize,Hybrid,Cereals,21,5264,5702,5483,9/11/2020,Grade C,Low,Medium,Retail,Summer
Chattogram,Cox's Bazar,Cox's Bazar Market,Maize,Hybrid,Cereals,38,7957,8621,8289,2/16/2023,Grade A,Low,Medium,Wholesale,Summer
Chattogram,Cumilla,Kandirpar Market,Maize,Hybrid,Cereals,3.2,7937,8599,8268,3/5/2024,Grade A,High,High,Retail,Summer
Khulna,Jashore,Jashore Bazar,Maize,Hybrid,Cereals,10,6096,6604,6350,4/27/2022,Grade B,Low,Low,Retail,Summer
Dhaka,Tangail,Tangail Sadar Market,Maize,Hybrid,Cereals,18,5343,5789,5566,1/13/2022,Grade C,High,Low,Wholesale,Summer
Dhaka,Gazipur,Joydebpur Market,Maize,Hybrid,Cereals,41,4589,4971,4780,2/8/2020,Grade B,Medium,Medium,Wholesale,Summer
Dhaka,Dhaka,Karwan Bazar,Maize,Hybrid,Cereals,95,4580,4962,4771,10/19/2022,Premium,Medium,High,Wholesale,Summer
Dhaka,Dhaka,Karwan Bazar,Maize,Hybrid,Cereals,40,6021,6523,6272,12/21/2020,Premium,Low,Medium,Wholesale,Summer
Dhaka,Manikganj,Manikganj Bazar,Maize,Hybrid,Cereals,16,1613,1747,1680,11/25/2020,Grade A,High,Medium,Wholesale,Summer
Chattogram,Feni,Feni Sadar Market,Maize,Hybrid,Cereals,23.6,1766,1914,1840,5/8/2024,Grade C,Low,Medium,Wholesale,Summer
Dhaka,Manikganj,Manikganj Bazar,Maize,Hybrid,Cereals,15,3687,3995,3841,5/2/2024,Grade C,Medium,High,Retail,Summer
Dhaka,Tangail,Tangail Sadar Market,Maize,Hybrid,Cereals,2,1263,1369,1316,2/2/2021,Grade C,Medium,Medium,Wholesale,Summer
Chattogram,Feni,Feni Sadar Market,Maize,Hybrid,Cereals,19.1,9984,10816,10400,7/25/2024,Grade B,Medium,Low,Retail,Summer
Chattogram,Cox's Bazar,Cox's Bazar Market,Maize,Hybrid,Cereals,16,2160,2340,2250,7/3/2023,Grade B,Medium,High,Wholesale,Summer
Chattogram,Cumilla,Kandirpar Market,Maize,Hybrid,Cereals,14,1464,1586,1525,1/29/2021,Grade B,Medium,High,Retail,Summer
Dhaka,Gazipur,Joydebpur Market,Maize,Hybrid,Cereals,51,6156,6670,6413,12/16/2021,Grade A,Medium,Medium,Retail,Summer
Dhaka,Tangail,Tangail Sadar Market,Maize,Hybrid,Cereals,20,1766,1914,1840,3/16/2023,Grade C,Low,Medium,Wholesale,Summer
Dhaka,Manikganj,Manikganj Bazar,Maize,Hybrid,Cereals,5.4,2697,2921,2809,11/23/2024,Grade A,Medium,Low,Wholesale,Summer
Dhaka,Dhaka,Karwan Bazar,Maize,Hybrid,Cereals,100,3562,3858,3710,3/6/2020,Grade A,Medium,Medium,Retail,Summer
Dhaka,Narayanganj,Chashara Market,Maize,Hybrid,Cereals,257,4548,4928,4738,6/12/2020,Grade C,Medium,Medium,Retail,Summer
Chattogram,Feni,Feni Sadar Market,Maize,Hybrid,Cereals,35,5376,5824,5600,1/28/2023,Premium,Medium,Low,Retail,Summer
Chattogram,Noakhali,Maijdee Bazar,Maize,Hybrid,Cereals,322,6182,6698,6440,11/22/2021,Premium,Low,Low,Retail,Summer
Rajshahi,Naogaon,Naogaon Sadar Market,Maize,Hybrid,Cereals,115,6499,7041,6770,4/28/2021,Grade B,Medium,Medium,Retail,Summer
Dhaka,Tangail,Tangail Sadar Market,Maize,Hybrid,Cereals,61.4,3842,4162,4002,11/13/2024,Grade A,Medium,High,Retail,Summer
Dhaka,Gazipur,Joydebpur Market,Maize,Hybrid,Cereals,80,5376,5824,5600,3/26/2021,Premium,High,Low,Wholesale,Summer
Dhaka,Manikganj,Manikganj Bazar,Maize,Hybrid,Cereals,507.6,10074,10914,10494,3/12/2024,Grade A,Low,Medium,Wholesale,Summer
Dhaka,Narayanganj,Chashara Market,Maize,Hybrid,Cereals,1.2,3701,4009,3855,3/27/2024,Grade C,Low,Low,Retail,Summer
Khulna,Satkhira,Satkhira Market,Maize,Hybrid,Cereals,7,2016,2184,2100,5/19/2023,Grade B,High,Medium,Retail,Summer
Barishal,Patuakhali,Patuakhali Sadar Market,Maize,Hybrid,Cereals,38,4992,5408,5200,11/26/2022,Grade B,Medium,Low,Wholesale,Summer
Khulna,Jashore,Jashore Bazar,Maize,Hybrid,Cereals,48,2279,2469,2374,4/25/2022,Premium,Medium,Medium,Wholesale,Summer
Rajshahi,Pabna,Pabna Sadar Market,Maize,Hybrid,Cereals,350,2279,2469,2374,5/8/2023,Grade A,Medium,Low,Wholesale,Summer
Barishal,Barishal,Nathullabad Market,Maize,Hybrid,Cereals,136.8,4559,4939,4749,10/14/2024,Premium,Medium,Low,Wholesale,Summer
Chattogram,Chattogram,Agrabad Market,Maize,Hybrid,Cereals,177,4838,5242,5040,2/22/2021,Premium,Low,Low,Wholesale,Summer
Dhaka,Manikganj,Manikganj Bazar,Maize,Hybrid,Cereals,0.1,2434,2636,2535,12/3/2024,Grade B,Medium,Medium,Wholesale,Summer
Barishal,Barishal,Nathullabad Market,Maize,Hybrid,Cereals,1,5184,5616,5400,12/27/2021,Grade B,Low,Low,Retail,Summer
Chattogram,Chattogram,Agrabad Market,Maize,Hybrid,Cereals,30,2086,2260,2173,4/24/2021,Grade A,High,Medium,Retail,Summer
Rajshahi,Pabna,Pabna Sadar Market,Maize,Hybrid,Cereals,200,4429,4799,4614,8/16/2024,Premium,Medium,High,Retail,Summer
Dhaka,Manikganj,Manikganj Bazar,Maize,Hybrid,Cereals,9,2027,2195,2111,3/13/2023,Grade B,High,High,Wholesale,Summer
Dhaka,Narayanganj,Chashara Market,Maize,Hybrid,Cereals,42,1730,1874,1802,5/30/2020,Grade A,Medium,High,Wholesale,Summer
Dhaka,Narayanganj,Chashara Market,Maize,Hybrid,Cereals,1,1296,1404,1350,4/17/2021,Grade B,Low,Low,Retail,Summer
Dhaka,Narayanganj,Chashara Market,Maize,Hybrid,Cereals,1,1400,1516,1458,2/10/2022,Grade A,High,Medium,Retail,Summer
Chattogram,Chattogram,Agrabad Market,Maize,Hybrid,Cereals,2,1984,2150,2067,2/20/2020,Grade A,Low,Medium,Wholesale,Summer
Barishal,Barishal,Nathullabad Market,Maize,Hybrid,Cereals,4,2084,2258,2171,9/5/2022,Grade C,Medium,Low,Retail,Summer
Dhaka,Dhaka,Karwan Bazar,Maize,Hybrid,Cereals,15,7327,7937,7632,11/19/2022,Grade A,Medium,Low,Wholesale,Summer
Dhaka,Narayanganj,Chashara Market,Maize,Hybrid,Cereals,18,7429,8049,7739,9/26/2020,Premium,High,Medium,Wholesale,Summer
Rajshahi,Pabna,Pabna Sadar Market,Maize,Hybrid,Cereals,650,5495,5953,5724,3/24/2021,Grade A,Medium,Low,Wholesale,Summer
Chattogram,Cox's Bazar,Cox's Bazar Market,Maize,Hybrid,Cereals,41,2203,2387,2295,5/11/2023,Grade B,Low,Medium,Retail,Summer
Khulna,Satkhira,Satkhira Market,Maize,Hybrid,Cereals,12,5113,5539,5326,3/3/2023,Grade A,Medium,Low,Wholesale,Summer
Chattogram,Noakhali,Maijdee Bazar,Maize,Hybrid,Cereals,11.1,1920,2080,2000,11/5/2024,Grade B,Low,Low,Wholesale,Summer
Chattogram,Feni,Feni Sadar Market,Maize,Hybrid,Cereals,12,2951,3197,3074,6/16/2023,Grade A,Low,Medium,Wholesale,Summer
Chattogram,Cumilla,Kandirpar Market,Maize,Hybrid,Cereals,100,4214,4566,4390,5/2/2024,Grade B,Medium,Low,Wholesale,Summer
Chattogram,Cox's Bazar,Cox's Bazar Market,Maize,Hybrid,Cereals,125,5172,5602,5387,11/7/2023,Premium,High,Medium,Wholesale,Summer
Khulna,Kushtia,Kushtia Boro Bazar,Maize,Hybrid,Cereals,162,5088,5512,5300,12/5/2020,Grade B,High,High,Retail,Summer
Khulna,Jashore,Jashore Bazar,Maize,Hybrid,Cereals,4,8802,9536,9169,5/26/2023,Grade A,Medium,High,Retail,Summer
Barishal,Bhola,Bhola Bazar,Maize,Hybrid,Cereals,23,4701,5093,4897,7/19/2023,Grade A,Low,Medium,Wholesale,Summer
Khulna,Satkhira,Satkhira Market,Maize,Hybrid,Cereals,118,7584,8216,7900,4/2/2023,Grade B,Low,Low,Wholesale,Summer
Dhaka,Manikganj,Manikganj Bazar,Maize,Hybrid,Cereals,0.3,2160,2340,2250,9/18/2024,Grade B,High,High,Retail,Summer
Khulna,Khulna,Khulna New Market,Maize,Hybrid,Cereals,9,4608,4992,4800,11/8/2020,Grade B,High,Medium,Retail,Summer
Dhaka,Tangail,Tangail Sadar Market,Maize,Hybrid,Cereals,20,4902,5310,5106,2/25/2024,Grade C,Medium,High,Wholesale,Summer
Dhaka,Dhaka,Karwan Bazar,Maize,Hybrid,Cereals,24,1643,1779,1711,11/1/2021,Grade B,Medium,Medium,Wholesale,Summer
Dhaka,Narayanganj,Chashara Market,Maize,Hybrid,Cereals,8,5548,6010,5779,4/6/2023,Premium,Medium,Medium,Retail,Summer
Khulna,Jashore,Jashore Bazar,Maize,Hybrid,Cereals,7,1883,2039,1961,5/29/2020,Grade A,Medium,High,Retail,Summer
Dhaka,Tangail,Tangail Sadar Market,Maize,Hybrid,Cereals,10,1722,1866,1794,12/1/2021,Grade C,Medium,Medium,Retail,Summer
Rajshahi,Naogaon,Naogaon Sadar Market,Maize,Hybrid,Cereals,250,4427,4795,4611,10/7/2023,Grade A,Medium,Medium,Wholesale,Summer
Dhaka,Dhaka,Karwan Bazar,Maize,Hybrid,Cereals,5,1248,1352,1300,12/10/2021,Grade B,Medium,Medium,Wholesale,Summer
Chattogram,Cox's Bazar,Cox's Bazar Market,Maize,Hybrid,Cereals,65,9960,10790,10375,4/30/2024,Grade B,Medium,Medium,Retail,Summer
Dhaka,Tangail,Tangail Sadar Market,Maize,Hybrid,Cereals,130,6648,7202,6925,4/7/2021,Grade B,Medium,Medium,Retail,Summer
Khulna,Jashore,Jashore Bazar,Maize,Hybrid,Cereals,30,2137,2315,2226,3/19/2023,Grade A,Medium,High,Wholesale,Summer
Chattogram,Cox's Bazar,Cox's Bazar Market,Maize,Hybrid,Cereals,1,2402,2602,2502,1/2/2024,Grade A,Medium,Medium,Wholesale,Summer
Rajshahi,Bogura,Satmatha Market,Maize,Hybrid,Cereals,74,6050,6554,6302,1/4/2023,Grade C,Low,Medium,Retail,Summer
Dhaka,Tangail,Tangail Sadar Market,Maize,Hybrid,Cereals,3,6138,6650,6394,12/15/2022,Grade C,High,Medium,Wholesale,Summer
Rajshahi,Rajshahi,Shaheb Bazar,Maize,Hybrid,Cereals,130,2274,2464,2369,5/21/2024,Grade C,Medium,Low,Retail,Summer
Dhaka,Gazipur,Joydebpur Market,Maize,Hybrid,Cereals,1,9326,10104,9715,8/5/2021,Grade A,Medium,High,Retail,Summer
Chattogram,Noakhali,Maijdee Bazar,Maize,Hybrid,Cereals,85,4120,4464,4292,12/16/2023,Grade C,High,Medium,Retail,Summer
Chattogram,Cox's Bazar,Cox's Bazar Market,Maize,Hybrid,Cereals,14,2400,2600,2500,8/29/2023,Grade B,Low,Medium,Retail,Summer
Chattogram,Cox's Bazar,Cox's Bazar Market,Maize,Hybrid,Cereals,130.1,3815,4133,3974,7/24/2024,Grade C,High,High,Wholesale,Summer
Chattogram,Noakhali,Maijdee Bazar,Maize,Hybrid,Cereals,431,3135,3397,3266,10/7/2020,Grade C,Low,High,Retail,Summer
Dhaka,Dhaka,Karwan Bazar,Maize,Hybrid,Cereals,202,4565,4945,4755,2/22/2020,Grade B,High,Medium,Retail,Summer
Dhaka,Tangail,Tangail Sadar Market,Maize,Hybrid,Cereals,175,9820,10638,10229,6/10/2023,Grade A,Low,Medium,Retail,Summer
Chattogram,Cox's Bazar,Cox's Bazar Market,Maize,Hybrid,Cereals,9,2798,3032,2915,1/25/2023,Grade A,Medium,High,Retail,Summer
Barishal,Barishal,Nathullabad Market,Maize,Hybrid,Cereals,25,4019,4353,4186,2/10/2020,Grade C,Low,Medium,Wholesale,Summer
Rajshahi,Pabna,Pabna Sadar Market,Maize,Hybrid,Cereals,82,6500,7042,6771,10/14/2022,Grade C,High,Low,Wholesale,Summer
Rajshahi,Naogaon,Naogaon Sadar Market,Maize,Hybrid,Cereals,200,2630,2850,2740,5/16/2024,Grade A,Low,Medium,Retail,Summer
Barishal,Bhola,Bhola Bazar,Maize,Hybrid,Cereals,12,9713,10523,10118,8/1/2023,Grade A,Medium,Low,Wholesale,Summer
Rajshahi,Naogaon,Naogaon Sadar Market,Maize,Hybrid,Cereals,200,5188,5620,5404,9/11/2023,Premium,High,Medium,Retail,Summer
Dhaka,Gazipur,Joydebpur Market,Maize,Hybrid,Cereals,20,1608,1742,1675,8/19/2021,Grade B,Medium,Low,Wholesale,Summer
Rajshahi,Naogaon,Naogaon Sadar Market,Maize,Hybrid,Cereals,450,6485,7025,6755,5/23/2022,Grade B,Low,Medium,Wholesale,Summer
Chattogram,Cox's Bazar,Cox's Bazar Market,Maize,Hybrid,Cereals,2,1944,2106,2025,8/20/2022,Grade B,Medium,Low,Retail,Summer
Barishal,Patuakhali,Patuakhali Sadar Market,Maize,Hybrid,Cereals,50,4504,4880,4692,12/7/2022,Grade C,High,Medium,Retail,Summer
Chattogram,Cox's Bazar,Cox's Bazar Market,Maize,Hybrid,Cereals,8,1501,1627,1564,9/19/2020,Grade A,Medium,Medium,Wholesale,Summer
Khulna,Khulna,Khulna New Market,Maize,Hybrid,Cereals,7,6106,6614,6360,5/6/2021,Grade A,High,Medium,Wholesale,Summer
Chattogram,Noakhali,Maijdee Bazar,Maize,Hybrid,Cereals,3,1245,1349,1297,11/27/2021,Grade C,High,High,Wholesale,Summer
Dhaka,Dhaka,Karwan Bazar,Maize,Hybrid,Cereals,5,5780,6262,6021,6/28/2022,Grade B,Medium,High,Wholesale,Summer
Dhaka,Manikganj,Manikganj Bazar,Maize,Hybrid,Cereals,93,4022,4358,4190,8/24/2024,Grade B,Low,Medium,Wholesale,Summer
Dhaka,Gazipur,Joydebpur Market,Maize,Hybrid,Cereals,60,6375,6907,6641,6/26/2021,Grade A,Medium,Low,Retail,Summer
Dhaka,Manikganj,Manikganj Bazar,Maize,Hybrid,Cereals,50,7123,7717,7420,3/23/2022,Grade A,Medium,Low,Wholesale,Summer
Khulna,Khulna,Khulna New Market,Maize,Hybrid,Cereals,3,4176,4524,4350,12/30/2023,Grade B,Low,Medium,Wholesale,Summer
Dhaka,Gazipur,Joydebpur Market,Maize,Hybrid,Cereals,0.5,9120,9880,9500,12/4/2024,Grade B,Medium,Medium,Wholesale,Summer
Khulna,Jashore,Jashore Bazar,Maize,Hybrid,Cereals,7,7536,8164,7850,4/24/2023,Grade B,High,High,Retail,Summer
Dhaka,Dhaka,Karwan Bazar,Maize,Hybrid,Cereals,20,2258,2446,2352,5/30/2023,Premium,Medium,Medium,Retail,Summer
Dhaka,Tangail,Tangail Sadar Market,Maize,Hybrid,Cereals,12,5760,6240,6000,1/12/2022,Grade B,High,Low,Retail,Summer
Chattogram,Noakhali,Maijdee Bazar,Maize,Hybrid,Cereals,120,3739,4051,3895,1/14/2020,Grade B,Low,Medium,Wholesale,Summer
Chattogram,Cumilla,Kandirpar Market,Maize,Hybrid,Cereals,153,4464,4836,4650,7/1/2023,Grade B,Low,Medium,Wholesale,Summer
Dhaka,Gazipur,Joydebpur Market,Maize,Hybrid,Cereals,1,1560,1690,1625,7/22/2022,Grade B,Medium,Medium,Wholesale,Summer
Chattogram,Cox's Bazar,Cox's Bazar Market,Maize,Hybrid,Cereals,8,1236,1340,1288,11/25/2020,Grade C,High,High,Retail,Summer
Barishal,Barishal,Nathullabad Market,Maize,Hybrid,Cereals,7,2200,2384,2292,6/15/2023,Grade A,Low,Medium,Retail,Summer
Dhaka,Gazipur,Joydebpur Market,Maize,Hybrid,Cereals,250,3533,3827,3680,6/6/2020,Grade B,Medium,Medium,Wholesale,Summer
Rajshahi,Naogaon,Naogaon Sadar Market,Maize,Hybrid,Cereals,35,6403,6937,6670,12/21/2022,Grade C,Medium,Medium,Wholesale,Summer
Chattogram,Feni,Feni Sadar Market,Maize,Hybrid,Cereals,25,5371,5819,5595,3/25/2021,Grade B,Low,High,Wholesale,Summer
Dhaka,Dhaka,Karwan Bazar,Maize,Hybrid,Cereals,1,1018,1102,1060,1/30/2021,Grade A,Medium,Low,Wholesale,Summer
Dhaka,Tangail,Tangail Sadar Market,Maize,Hybrid,Cereals,5,1722,1866,1794,1/13/2020,Grade C,Low,Medium,Retail,Summer
Dhaka,Manikganj,Manikganj Bazar,Maize,Hybrid,Cereals,3,1748,1894,1821,1/13/2022,Premium,High,Medium,Wholesale,Summer
Chattogram,Noakhali,Maijdee Bazar,Maize,Hybrid,Cereals,54,6849,7419,7134,1/12/2024,Grade A,Medium,Medium,Wholesale,Summer
Khulna,Jashore,Jashore Bazar,Maize,Hybrid,Cereals,7,9158,9922,9540,8/2/2021,Grade A,Low,Low,Wholesale,Summer
Khulna,Satkhira,Satkhira Market,Maize,Hybrid,Cereals,30,6182,6698,6440,7/14/2023,Grade C,High,Medium,Retail,Summer
Chattogram,Noakhali,Maijdee Bazar,Maize,Hybrid,Cereals,423,5088,5512,5300,11/21/2023,Grade A,High,Medium,Wholesale,Summer
Chattogram,Noakhali,Maijdee Bazar,Maize,Hybrid,Cereals,74,8602,9318,8960,4/10/2023,Premium,Medium,Medium,Wholesale,Summer
Barishal,Patuakhali,Patuakhali Sadar Market,Maize,Hybrid,Cereals,20,4991,5407,5199,9/22/2022,Grade A,Medium,Medium,Retail,Summer
Chattogram,Cox's Bazar,Cox's Bazar Market,Maize,Hybrid,Cereals,3,2258,2446,2352,9/5/2020,Premium,Medium,Medium,Wholesale,Summer
Dhaka,Dhaka,Karwan Bazar,Maize,Hybrid,Cereals,152.1,3946,4274,4110,8/10/2024,Grade B,High,Low,Retail,Summer
Barishal,Bhola,Bhola Bazar,Maize,Hybrid,Cereals,1.6,8890,9630,9260,3/18/2024,Grade B,Low,Low,Retail,Summer
Chattogram,Cumilla,Kandirpar Market,Maize,Hybrid,Cereals,65,6624,7176,6900,6/3/2021,Grade B,Low,Low,Wholesale,Summer
Dhaka,Tangail,Tangail Sadar Market,Maize,Hybrid,Cereals,7,4902,5310,5106,6/3/2022,Grade C,High,High,Wholesale,Summer
Dhaka,Dhaka,Karwan Bazar,Maize,Hybrid,Cereals,90,2147,2325,2236,5/23/2024,Grade C,Medium,Low,Retail,Summer
Dhaka,Manikganj,Manikganj Bazar,Maize,Hybrid,Cereals,15,1832,1984,1908,6/6/2023,Grade A,Medium,High,Retail,Summer
Chattogram,Noakhali,Maijdee Bazar,Maize,Hybrid,Cereals,4,1018,1102,1060,1/19/2021,Grade A,Medium,High,Retail,Summer
Khulna,Kushtia,Kushtia Boro Bazar,Maize,Hybrid,Cereals,35,10322,11182,10752,3/27/2024,Premium,Medium,Medium,Retail,Summer
Khulna,Satkhira,Satkhira Market,Maize,Hybrid,Cereals,29,5280,5720,5500,12/1/2021,Grade B,Low,Low,Retail,Summer
Dhaka,Gazipur,Joydebpur Market,Maize,Hybrid,Cereals,26,1774,1922,1848,8/24/2020,Premium,Low,Medium,Retail,Summer
Barishal,Barishal,Nathullabad Market,Maize,Hybrid,Cereals,2,6624,7176,6900,5/10/2021,Grade B,Low,Low,Retail,Summer
Barishal,Patuakhali,Patuakhali Sadar Market,Maize,Hybrid,Cereals,2.9,11362,12308,11835,7/1/2024,Grade A,Medium,High,Wholesale,Summer
Dhaka,Dhaka,Karwan Bazar,Maize,Hybrid,Cereals,2,4687,5077,4882,9/13/2022,Grade B,Medium,Low,Wholesale,Summer
Rajshahi,Bogura,Satmatha Market,Maize,Hybrid,Cereals,120,2060,2232,2146,3/22/2022,Grade A,Medium,High,Retail,Summer
Barishal,Bhola,Bhola Bazar,Maize,Hybrid,Cereals,36,3422,3708,3565,6/24/2020,Grade B,Medium,Medium,Wholesale,Summer
Chattogram,Feni,Feni Sadar Market,Maize,Hybrid,Cereals,315.9,4416,4784,4600,3/1/2024,Grade A,Low,Medium,Retail,Summer
Dhaka,Tangail,Tangail Sadar Market,Maize,Hybrid,Cereals,0.3,1992,2158,2075,9/20/2024,Grade B,Medium,Medium,Retail,Summer
Dhaka,Narayanganj,Chashara Market,Maize,Hybrid,Cereals,6,1200,1300,1250,11/20/2020,Grade B,High,Medium,Wholesale,Summer
Chattogram,Feni,Feni Sadar Market,Maize,Hybrid,Cereals,3,1925,2085,2005,6/22/2024,Grade B,Low,Medium,Retail,Summer
Chattogram,Cox's Bazar,Cox's Bazar Market,Maize,Hybrid,Cereals,29,1643,1779,1711,7/15/2020,Grade B,Medium,Low,Wholesale,Summer
Dhaka,Gazipur,Joydebpur Market,Maize,Hybrid,Cereals,1,5208,5642,5425,1/20/2022,Grade B,Medium,Medium,Wholesale,Summer
Rajshahi,Bogura,Satmatha Market,Maize,Hybrid,Cereals,305,3135,3397,3266,7/14/2020,Grade C,Medium,High,Retail,Summer
Barishal,Barishal,Nathullabad Market,Maize,Hybrid,Cereals,19,5476,5932,5704,3/25/2021,Grade C,Medium,Medium,Wholesale,Summer
Khulna,Khulna,Khulna New Market,Maize,Hybrid,Cereals,45,6258,6780,6519,12/7/2021,Grade A,Low,Medium,Wholesale,Summer
Rajshahi,Rajshahi,Shaheb Bazar,Maize,Hybrid,Cereals,3,5876,6366,6121,12/14/2020,Premium,Medium,High,Wholesale,Summer
Rajshahi,Rajshahi,Shaheb Bazar,Maize,Hybrid,Cereals,200,6610,7160,6885,3/22/2021,Grade A,High,High,Wholesale,Summer
Khulna,Jashore,Jashore Bazar,Maize,Hybrid,Cereals,33,5190,5622,5406,12/9/2022,Grade A,Low,Medium,Wholesale,Summer
Khulna,Khulna,Khulna New Market,Maize,Hybrid,Cereals,6,6360,6890,6625,2/25/2022,Grade A,Medium,Medium,Retail,Summer
Dhaka,Gazipur,Joydebpur Market,Maize,Hybrid,Cereals,0.6,9130,9890,9510,9/18/2024,Grade B,Medium,Medium,Retail,Summer
Dhaka,Tangail,Tangail Sadar Market,Maize,Hybrid,Cereals,585,6029,6531,6280,1/21/2022,Grade A,Medium,Medium,Wholesale,Summer
Dhaka,Manikganj,Manikganj Bazar,Maize,Hybrid,Cereals,13,5606,6074,5840,7/19/2022,Grade B,Low,Medium,Retail,Summer
Dhaka,Dhaka,Karwan Bazar,Maize,Hybrid,Cereals,3,5232,5668,5450,9/10/2020,Grade B,Medium,Low,Retail,Summer
Dhaka,Narayanganj,Chashara Market,Maize,Hybrid,Cereals,23,2352,2548,2450,3/17/2023,Grade B,High,High,Retail,Summer
Dhaka,Dhaka,Karwan Bazar,Maize,Hybrid,Cereals,43,5016,5434,5225,12/13/2022,Grade B,Medium,Medium,Retail,Summer
Rajshahi,Rajshahi,Shaheb Bazar,Maize,Hybrid,Cereals,180,5379,5827,5603,6/24/2022,Grade C,High,Medium,Retail,Summer
Dhaka,Narayanganj,Chashara Market,Maize,Hybrid,Cereals,61,4320,4680,4500,10/18/2021,Grade B,High,Low,Retail,Summer
Chattogram,Cox's Bazar,Cox's Bazar Market,Maize,Hybrid,Cereals,24,3696,4004,3850,2/5/2020,Grade B,High,Medium,Wholesale,Summer
Khulna,Satkhira,Satkhira Market,Maize,Hybrid,Cereals,12.6,7276,7882,7579,6/14/2024,Grade A,High,High,Retail,Summer
Dhaka,Gazipur,Joydebpur Market,Maize,Hybrid,Cereals,50,4716,5110,4913,10/19/2021,Grade A,Medium,High,Retail,Summer
Khulna,Jashore,Jashore Bazar,Maize,Hybrid,Cereals,42,2066,2238,2152,3/21/2022,Grade A,High,Medium,Retail,Summer
Khulna,Kushtia,Kushtia Boro Bazar,Maize,Hybrid,Cereals,5,2040,2210,2125,5/24/2023,Grade B,Low,Medium,Wholesale,Summer
Dhaka,Manikganj,Manikganj Bazar,Maize,Hybrid,Cereals,13.6,3755,4067,3911,9/30/2024,Grade B,Medium,Low,Wholesale,Summer
Chattogram,Cumilla,Kandirpar Market,Maize,Hybrid,Cereals,720,4808,5208,5008,10/29/2022,Grade A,Medium,High,Retail,Summer
Khulna,Jashore,Jashore Bazar,Maize,Hybrid,Cereals,3,5564,6028,5796,6/14/2021,Grade C,Medium,Low,Retail,Summer
Dhaka,Manikganj,Manikganj Bazar,Maize,Hybrid,Cereals,20.7,3145,3407,3276,10/11/2024,Premium,Medium,High,Wholesale,Summer
Rajshahi,Bogura,Satmatha Market,Maize,Hybrid,Cereals,15,2778,3010,2894,12/13/2023,Grade A,Low,Low,Retail,Summer
Dhaka,Dhaka,Karwan Bazar,Maize,Hybrid,Cereals,30,1832,1984,1908,4/26/2021,Grade A,Low,Low,Wholesale,Summer
Dhaka,Dhaka,Karwan Bazar,Maize,Hybrid,Cereals,37,4731,5125,4928,1/5/2024,Premium,Medium,Medium,Retail,Summer
Dhaka,Manikganj,Manikganj Bazar,Maize,Hybrid,Cereals,100,5648,6118,5883,7/14/2020,Grade A,High,High,Retail,Summer
Dhaka,Gazipur,Joydebpur Market,Maize,Hybrid,Cereals,23,3528,3822,3675,2/5/2020,Grade B,High,Low,Retail,Summer
Khulna,Khulna,Khulna New Market,Maize,Hybrid,Cereals,13,4935,5347,5141,11/3/2020,Grade A,Medium,Low,Wholesale,Summer
Khulna,Kushtia,Kushtia Boro Bazar,Maize,Hybrid,Cereals,11,5741,6219,5980,6/22/2021,Grade C,High,Low,Retail,Summer
Chattogram,Chattogram,Agrabad Market,Maize,Hybrid,Cereals,1,5184,5616,5400,11/3/2020,Grade B,Medium,High,Retail,Summer
Dhaka,Gazipur,Joydebpur Market,Maize,Hybrid,Cereals,18.6,2318,2512,2415,6/5/2024,Grade C,Medium,Low,Retail,Summer
Dhaka,Dhaka,Karwan Bazar,Maize,Hybrid,Cereals,120,3135,3397,3266,12/3/2020,Grade C,Low,Medium,Retail,Summer
Dhaka,Dhaka,Karwan Bazar,Maize,Hybrid,Cereals,29,6131,6641,6386,1/13/2022,Grade A,Medium,Medium,Retail,Summer
Dhaka,Manikganj,Manikganj Bazar,Maize,Hybrid,Cereals,56.1,3840,4160,4000,10/9/2024,Grade B,Medium,Medium,Retail,Summer
Dhaka,Manikganj,Manikganj Bazar,Maize,Hybrid,Cereals,29,6221,6739,6480,3/26/2021,Grade B,Low,Medium,Wholesale,Summer
Chattogram,Noakhali,Maijdee Bazar,Maize,Hybrid,Cereals,18.7,2527,2737,2632,6/29/2024,Premium,Medium,Medium,Wholesale,Summer
Chattogram,Feni,Feni Sadar Market,Maize,Hybrid,Cereals,289,5760,6240,6000,1/20/2021,Grade B,Medium,Medium,Retail,Summer
Chattogram,Cumilla,Kandirpar Market,Maize,Hybrid,Cereals,5,2674,2896,2785,2/1/2023,Grade B,Medium,High,Wholesale,Summer
Barishal,Patuakhali,Patuakhali Sadar Market,Maize,Hybrid,Cereals,30,4101,4443,4272,2/20/2024,Grade B,Low,Medium,Wholesale,Summer
Dhaka,Tangail,Tangail Sadar Market,Maize,Hybrid,Cereals,20,1720,1864,1792,9/9/2020,Premium,Low,Low,Wholesale,Summer
Khulna,Khulna,Khulna New Market,Maize,Hybrid,Cereals,14,6843,7413,7128,2/17/2021,Grade A,High,Medium,Retail,Summer
Chattogram,Cumilla,Kandirpar Market,Maize,Hybrid,Cereals,533,5645,6115,5880,12/28/2022,Premium,Low,Medium,Wholesale,Summer
Barishal,Patuakhali,Patuakhali Sadar Market,Maize,Hybrid,Cereals,11,8039,8709,8374,8/6/2022,Grade A,High,Medium,Wholesale,Summer
Dhaka,Gazipur,Joydebpur Market,Maize,Hybrid,Cereals,82,2060,2232,2146,4/28/2022,Grade A,Medium,Medium,Wholesale,Summer
Dhaka,Dhaka,Karwan Bazar,Maize,Hybrid,Cereals,50,4783,5181,4982,3/7/2020,Grade A,Medium,Medium,Retail,Summer
Chattogram,Feni,Feni Sadar Market,Maize,Hybrid,Cereals,19,3736,4048,3892,6/18/2024,Grade C,Low,Low,Wholesale,Summer
Chattogram,Chattogram,Agrabad Market,Maize,Hybrid,Cereals,80,4133,4477,4305,2/29/2024,Grade B,Medium,High,Retail,Summer
Dhaka,Narayanganj,Chashara Market,Maize,Hybrid,Cereals,82,4829,5231,5030,12/4/2023,Grade A,Medium,Medium,Retail,Summer
Chattogram,Noakhali,Maijdee Bazar,Maize,Hybrid,Cereals,3,2669,2891,2780,7/22/2023,Grade B,High,Low,Retail,Summer
Chattogram,Cox's Bazar,Cox's Bazar Market,Maize,Hybrid,Cereals,68,5388,5836,5612,7/23/2021,Grade C,Medium,Low,Retail,Summer
Barishal,Bhola,Bhola Bazar,Maize,Hybrid,Cereals,62,6520,7064,6792,1/23/2023,Grade B,Medium,Medium,Retail,Summer
Dhaka,Manikganj,Manikganj Bazar,Maize,Hybrid,Cereals,363,4661,5049,4855,9/21/2024,Grade A,Low,Medium,Wholesale,Summer
Rajshahi,Naogaon,Naogaon Sadar Market,Maize,Hybrid,Cereals,56,10888,11796,11342,7/26/2024,Grade A,Medium,High,Retail,Summer
Dhaka,Manikganj,Manikganj Bazar,Maize,Hybrid,Cereals,200,6096,6604,6350,2/22/2022,Grade B,Low,Low,Wholesale,Summer
Chattogram,Chattogram,Agrabad Market,Maize,Hybrid,Cereals,65,11088,12012,11550,6/6/2024,Grade B,Medium,High,Retail,Summer
Dhaka,Manikganj,Manikganj Bazar,Maize,Hybrid,Cereals,0.8,10685,11575,11130,8/8/2024,Grade A,Low,Medium,Retail,Summer
Khulna,Khulna,Khulna New Market,Maize,Hybrid,Cereals,134,8763,9493,9128,1/24/2023,Premium,Low,Medium,Retail,Summer
Dhaka,Manikganj,Manikganj Bazar,Maize,Hybrid,Cereals,81,5772,6252,6012,4/25/2022,Grade A,Low,Medium,Retail,Summer
Khulna,Satkhira,Satkhira Market,Maize,Hybrid,Cereals,3.5,10848,11752,11300,5/16/2024,Grade B,High,High,Retail,Summer
Khulna,Jashore,Jashore Bazar,Maize,Hybrid,Cereals,25,7968,8632,8300,5/9/2023,Grade B,High,Medium,Wholesale,Summer
Dhaka,Dhaka,Karwan Bazar,Maize,Hybrid,Cereals,37,4643,5029,4836,12/18/2023,Grade A,Medium,Medium,Wholesale,Summer
Rajshahi,Naogaon,Naogaon Sadar Market,Maize,Hybrid,Cereals,160,2122,2298,2210,4/25/2022,Grade B,Medium,High,Wholesale,Summer
Rajshahi,Rajshahi,Shaheb Bazar,Maize,Hybrid,Cereals,4,2172,2354,2263,7/26/2024,Grade A,Low,Medium,Retail,Summer
Dhaka,Narayanganj,Chashara Market,Maize,Hybrid,Cereals,1,5495,5953,5724,10/24/2021,Grade A,High,Medium,Retail,Summer
Chattogram,Feni,Feni Sadar Market,Maize,Hybrid,Cereals,93.9,3679,3985,3832,8/8/2024,Grade C,High,Medium,Retail,Summer
Dhaka,Dhaka,Karwan Bazar,Maize,Hybrid,Cereals,3,1628,1764,1696,8/21/2021,Grade A,Low,Medium,Retail,Summer
Rajshahi,Rajshahi,Shaheb Bazar,Maize,Hybrid,Cereals,60,6215,6733,6474,9/12/2023,Premium,Medium,High,Wholesale,Summer
Rajshahi,Pabna,Pabna Sadar Market,Maize,Hybrid,Cereals,600,3821,4139,3980,1/3/2020,Grade B,Low,Low,Retail,Summer
Chattogram,Noakhali,Maijdee Bazar,Maize,Hybrid,Cereals,14,2496,2704,2600,9/14/2021,Grade B,High,High,Retail,Summer
Barishal,Bhola,Bhola Bazar,Maize,Hybrid,Cereals,24,4725,5119,4922,7/6/2020,Grade C,High,Medium,Retail,Summer
Khulna,Khulna,Khulna New Market,Maize,Hybrid,Cereals,189,8141,8819,8480,3/4/2023,Grade A,Low,Medium,Wholesale,Summer
Dhaka,Dhaka,Karwan Bazar,Maize,Hybrid,Cereals,5,1933,2095,2014,1/31/2020,Grade A,Medium,High,Wholesale,Summer
Chattogram,Cumilla,Kandirpar Market,Maize,Hybrid,Cereals,3,6720,7280,7000,10/24/2020,Grade B,Medium,Low,Wholesale,Summer
Dhaka,Tangail,Tangail Sadar Market,Maize,Hybrid,Cereals,6.5,7225,7827,7526,7/2/2024,Grade A,Medium,High,Wholesale,Summer
Dhaka,Gazipur,Joydebpur Market,Maize,Hybrid,Cereals,138,1730,1874,1802,4/3/2021,Grade A,High,High,Retail,Summer
Barishal,Bhola,Bhola Bazar,Maize,Hybrid,Cereals,33,4758,5154,4956,6/13/2023,Grade A,Low,Low,Retail,Summer
Chattogram,Cumilla,Kandirpar Market,Maize,Hybrid,Cereals,3,1510,1636,1573,12/11/2021,Grade C,Low,Medium,Wholesale,Summer
Dhaka,Dhaka,Karwan Bazar,Maize,Hybrid,Cereals,262.5,3939,4267,4103,8/14/2024,Grade B,Medium,Medium,Retail,Summer
Rajshahi,Naogaon,Naogaon Sadar Market,Maize,Hybrid,Cereals,40,3774,4088,3931,8/19/2020,Premium,High,Medium,Wholesale,Summer
Dhaka,Manikganj,Manikganj Bazar,Maize,Hybrid,Cereals,1,7937,8599,8268,8/31/2021,Grade A,Medium,High,Retail,Summer
Khulna,Khulna,Khulna New Market,Maize,Hybrid,Cereals,12,7123,7717,7420,2/6/2023,Grade A,Medium,High,Wholesale,Summer
Rajshahi,Rajshahi,Shaheb Bazar,Maize,Hybrid,Cereals,95,5988,6488,6238,11/20/2021,Grade A,Medium,High,Retail,Summer
Dhaka,Tangail,Tangail Sadar Market,Maize,Hybrid,Cereals,8,8333,9027,8680,8/1/2022,Premium,Low,Medium,Retail,Summer
Chattogram,Chattogram,Agrabad Market,Maize,Hybrid,Cereals,8,2076,2248,2162,5/6/2020,Grade C,Medium,High,Wholesale,Summer
Dhaka,Manikganj,Manikganj Bazar,Maize,Hybrid,Cereals,3.37,10350,11212,10781,10/10/2023,Grade B,Medium,Low,Wholesale,Summer
Rajshahi,Bogura,Satmatha Market,Maize,Hybrid,Cereals,200,5472,5928,5700,5/18/2022,Grade B,Low,Low,Wholesale,Summer
Dhaka,Dhaka,Karwan Bazar,Maize,Hybrid,Cereals,31,8112,8788,8450,1/11/2024,Grade B,High,High,Retail,Summer
Chattogram,Noakhali,Maijdee Bazar,Maize,Hybrid,Cereals,3,2064,2236,2150,1/13/2020,Grade B,Medium,High,Retail,Summer
Dhaka,Gazipur,Joydebpur Market,Maize,Hybrid,Cereals,13,6182,6698,6440,2/14/2023,Grade C,Medium,High,Retail,Summer
Chattogram,Chattogram,Agrabad Market,Maize,Hybrid,Cereals,5,2290,2480,2385,11/8/2022,Grade A,Medium,Low,Retail,Summer
Dhaka,Gazipur,Joydebpur Market,Maize,Hybrid,Cereals,3,1435,1555,1495,4/20/2021,Grade C,Low,High,Retail,Summer
Barishal,Patuakhali,Patuakhali Sadar Market,Maize,Hybrid,Cereals,77,6406,6940,6673,1/4/2022,Grade A,High,High,Wholesale,Summer
Chattogram,Cumilla,Kandirpar Market,Maize,Hybrid,Cereals,12.3,3562,3858,3710,6/28/2024,Grade A,High,High,Wholesale,Summer
Dhaka,Gazipur,Joydebpur Market,Maize,Hybrid,Cereals,16,1766,1914,1840,2/10/2022,Grade C,Medium,High,Retail,Summer
Khulna,Jashore,Jashore Bazar,Maize,Hybrid,Cereals,7,5011,5429,5220,3/21/2023,Grade A,High,Medium,Wholesale,Summer
Khulna,Khulna,Khulna New Market,Maize,Hybrid,Cereals,4,7392,8008,7700,3/15/2023,Grade B,Medium,Low,Retail,Summer
Chattogram,Feni,Feni Sadar Market,Maize,Hybrid,Cereals,3,1868,2024,1946,7/2/2024,Grade C,Low,Medium,Wholesale,Summer
Dhaka,Gazipur,Joydebpur Market,Maize,Hybrid,Cereals,227,4925,5335,5130,5/14/2020,Grade B,High,Medium,Retail,Summer
Chattogram,Chattogram,Agrabad Market,Maize,Hybrid,Cereals,40.7,3264,3536,3400,6/3/2024,Grade B,High,Medium,Retail,Summer
Khulna,Kushtia,Kushtia Boro Bazar,Maize,Hybrid,Cereals,5,5741,6219,5980,6/15/2021,Grade C,Low,Low,Retail,Summer
Chattogram,Chattogram,Agrabad Market,Maize,Hybrid,Cereals,24,5568,6032,5800,9/4/2020,Grade B,Medium,Medium,Retail,Summer
Khulna,Khulna,Khulna New Market,Maize,Hybrid,Cereals,49,4704,5096,4900,11/14/2021,Grade B,Medium,High,Wholesale,Summer
Dhaka,Dhaka,Karwan Bazar,Maize,Hybrid,Cereals,15,5318,5762,5540,7/9/2020,Grade B,Medium,Medium,Wholesale,Summer
Dhaka,Gazipur,Joydebpur Market,Maize,Hybrid,Cereals,172,4536,4914,4725,2/7/2020,Grade B,Medium,Low,Retail,Summer
Dhaka,Tangail,Tangail Sadar Market,Maize,Hybrid,Cereals,6,6816,7384,7100,7/5/2024,Grade B,Medium,Low,Wholesale,Summer
Dhaka,Manikganj,Manikganj Bazar,Maize,Hybrid,Cereals,26,5342,5788,5565,12/9/2022,Grade A,Medium,Medium,Wholesale,Summer
Barishal,Bhola,Bhola Bazar,Maize,Hybrid,Cereals,0.7,8799,9533,9166,6/22/2024,Grade B,Medium,Medium,Wholesale,Summer
Chattogram,Chattogram,Agrabad Market,Maize,Hybrid,Cereals,2,1018,1102,1060,9/22/2020,Grade A,Medium,Medium,Retail,Summer
Dhaka,Narayanganj,Chashara Market,Maize,Hybrid,Cereals,179,6612,7164,6888,6/25/2021,Premium,Low,Medium,Retail,Summer
Chattogram,Feni,Feni Sadar Market,Maize,Hybrid,Cereals,20,2244,2430,2337,2/11/2023,Grade A,Medium,High,Wholesale,Summer
Rajshahi,Bogura,Satmatha Market,Maize,Hybrid,Cereals,280,6736,7298,7017,7/15/2022,Grade A,Medium,Low,Wholesale,Summer
Dhaka,Tangail,Tangail Sadar Market,Maize,Hybrid,Cereals,70,4783,5181,4982,3/11/2020,Grade A,Medium,Medium,Wholesale,Summer
Dhaka,Manikganj,Manikganj Bazar,Maize,Hybrid,Cereals,397,9279,10053,9666,2/1/2024,Grade B,Low,High,Retail,Summer
Dhaka,Tangail,Tangail Sadar Market,Maize,Hybrid,Cereals,7,1848,2002,1925,11/30/2021,Grade B,Medium,Medium,Wholesale,Summer
Dhaka,Tangail,Tangail Sadar Market,Maize,Hybrid,Cereals,35,5328,5772,5550,8/4/2020,Grade B,Medium,High,Retail,Summer
Barishal,Barishal,Nathullabad Market,Maize,Hybrid,Cereals,27.4,2089,2263,2176,4/2/2024,Grade C,High,Medium,Wholesale,Summer
Dhaka,Narayanganj,Chashara Market,Maize,Hybrid,Cereals,17.8,4274,4630,4452,3/21/2024,Grade A,High,Medium,Retail,Summer
Barishal,Bhola,Bhola Bazar,Maize,Hybrid,Cereals,2,1080,1170,1125,2/25/2021,Grade B,Medium,Low,Retail,Summer
Dhaka,Narayanganj,Chashara Market,Maize,Hybrid,Cereals,8,6564,7110,6837,9/20/2021,Grade A,Medium,Medium,Wholesale,Summer
Khulna,Khulna,Khulna New Market,Maize,Hybrid,Cereals,61,5952,6448,6200,11/20/2021,Grade B,Medium,High,Wholesale,Summer
Barishal,Bhola,Bhola Bazar,Maize,Hybrid,Cereals,108,4734,5128,4931,11/11/2022,Grade C,Low,Medium,Wholesale,Summer
Dhaka,Gazipur,Joydebpur Market,Maize,Hybrid,Cereals,202.2,3660,3966,3813,8/13/2024,Grade C,Medium,Low,Retail,Summer
Dhaka,Manikganj,Manikganj Bazar,Maize,Hybrid,Cereals,9,1440,1560,1500,10/12/2020,Grade B,Medium,Medium,Retail,Summer
Chattogram,Feni,Feni Sadar Market,Maize,Hybrid,Cereals,24,6705,7263,6984,12/30/2023,Grade B,High,Low,Retail,Summer
Chattogram,Cox's Bazar,Cox's Bazar Market,Maize,Hybrid,Cereals,21,6004,6504,6254,9/8/2020,Grade A,Medium,Medium,Wholesale,Summer
Dhaka,Narayanganj,Chashara Market,Maize,Hybrid,Cereals,6,1730,1874,1802,4/3/2021,Grade A,Medium,Low,Retail,Summer
Dhaka,Manikganj,Manikganj Bazar,Maize,Hybrid,Cereals,20,2043,2213,2128,9/21/2020,Premium,High,Medium,Retail,Summer
Dhaka,Narayanganj,Chashara Market,Maize,Hybrid,Cereals,5,3754,4066,3910,5/17/2020,Grade C,High,Low,Wholesale,Summer
Rajshahi,Bogura,Satmatha Market,Maize,Hybrid,Cereals,300,2306,2498,2402,4/18/2023,Premium,Medium,Medium,Retail,Summer
Dhaka,Narayanganj,Chashara Market,Maize,Hybrid,Cereals,4,4704,5096,4900,9/16/2022,Grade B,Low,Medium,Wholesale,Summer
Barishal,Bhola,Bhola Bazar,Maize,Hybrid,Cereals,1,4858,5262,5060,2/14/2024,Grade C,High,High,Retail,Summer
Dhaka,Manikganj,Manikganj Bazar,Maize,Hybrid,Cereals,8,5280,5720,5500,11/27/2020,Grade B,Low,Medium,Wholesale,Summer
Chattogram,Feni,Feni Sadar Market,Maize,Hybrid,Cereals,3,2400,2600,2500,2/13/2024,Grade B,High,Medium,Retail,Summer
Dhaka,Narayanganj,Chashara Market,Maize,Hybrid,Cereals,1,2172,2354,2263,10/26/2023,Grade C,Low,Medium,Wholesale,Summer
Dhaka,Manikganj,Manikganj Bazar,Maize,Hybrid,Cereals,60,6094,6602,6348,3/8/2022,Grade C,Medium,Low,Retail,Summer
Khulna,Jashore,Jashore Bazar,Maize,Hybrid,Cereals,25,5597,6063,5830,1/23/2022,Grade A,Medium,Low,Retail,Summer
Dhaka,Gazipur,Joydebpur Market,Maize,Hybrid,Cereals,7,6325,6853,6589,4/15/2024,Grade C,High,Low,Retail,Summer
Dhaka,Dhaka,Karwan Bazar,Maize,Hybrid,Cereals,10,1766,1914,1840,6/17/2020,Grade C,Medium,High,Retail,Summer
Chattogram,Noakhali,Maijdee Bazar,Maize,Hybrid,Cereals,3,2656,2878,2767,12/2/2023,Grade A,Low,Medium,Retail,Summer
Dhaka,Gazipur,Joydebpur Market,Maize,Hybrid,Cereals,8,5393,5843,5618,7/9/2020,Grade A,Low,Medium,Wholesale,Summer
Rajshahi,Bogura,Satmatha Market,Maize,Hybrid,Cereals,6,2031,2201,2116,1/9/2020,Grade C,Medium,High,Retail,Summer
Dhaka,Dhaka,Karwan Bazar,Maize,Hybrid,Cereals,565,4656,5044,4850,12/20/2023,Grade A,Low,Low,Retail,Summer
Dhaka,Narayanganj,Chashara Market,Maize,Hybrid,Cereals,0.3,9565,10363,9964,10/3/2024,Grade A,Medium,Medium,Wholesale,Summer
Chattogram,Feni,Feni Sadar Market,Maize,Hybrid,Cereals,199,4128,4472,4300,2/2/2024,Grade B,High,Medium,Wholesale,Summer
Dhaka,Manikganj,Manikganj Bazar,Maize,Hybrid,Cereals,15,2569,2783,2676,7/1/2023,Grade A,Medium,Medium,Wholesale,Summer
Dhaka,Tangail,Tangail Sadar Market,Maize,Hybrid,Cereals,20,9112,9872,9492,9/4/2021,Premium,High,Low,Retail,Summer
Chattogram,Noakhali,Maijdee Bazar,Maize,Hybrid,Cereals,21,1347,1459,1403,8/27/2020,Grade C,Medium,Medium,Wholesale,Summer
Dhaka,Dhaka,Karwan Bazar,Maize,Hybrid,Cereals,216,3370,3650,3510,2/7/2020,Grade C,High,Low,Retail,Summer
Khulna,Khulna,Khulna New Market,Maize,Hybrid,Cereals,22,6920,7496,7208,3/25/2022,Grade A,High,Medium,Retail,Summer
Barishal,Barishal,Nathullabad Market,Maize,Hybrid,Cereals,41,4210,4560,4385,1/24/2024,Grade B,Medium,Medium,Wholesale,Summer
Dhaka,Manikganj,Manikganj Bazar,Maize,Hybrid,Cereals,45,4129,4473,4301,2/1/2020,Grade C,Medium,Low,Wholesale,Summer
Dhaka,Narayanganj,Chashara Market,Maize,Hybrid,Cereals,0.9,1958,2122,2040,5/31/2024,Grade B,Low,Low,Retail,Summer
Chattogram,Chattogram,Agrabad Market,Maize,Hybrid,Cereals,8,1699,1841,1770,3/5/2022,Grade B,Low,Low,Retail,Summer
Chattogram,Cumilla,Kandirpar Market,Maize,Hybrid,Cereals,65,6920,7496,7208,3/4/2021,Grade A,Medium,Low,Retail,Summer
Barishal,Patuakhali,Patuakhali Sadar Market,Maize,Hybrid,Cereals,13,2290,2480,2385,6/9/2023,Grade A,High,Medium,Wholesale,Summer
Dhaka,Manikganj,Manikganj Bazar,Maize,Hybrid,Cereals,24,3720,4030,3875,12/31/2020,Grade B,High,Medium,Retail,Summer
Rajshahi,Pabna,Pabna Sadar Market,Maize,Hybrid,Cereals,40,2327,2521,2424,8/13/2024,Grade C,Low,Medium,Retail,Summer
Rajshahi,Pabna,Pabna Sadar Market,Maize,Hybrid,Cereals,2,1196,1296,1246,8/9/2021,Grade A,Medium,Low,Retail,Summer
Chattogram,Noakhali,Maijdee Bazar,Maize,Hybrid,Cereals,75,9794,10610,10202,3/16/2024,Grade A,Medium,Medium,Wholesale,Summer
Dhaka,Gazipur,Joydebpur Market,Maize,Hybrid,Cereals,60,4516,4892,4704,10/5/2023,Premium,High,Medium,Retail,Summer
Dhaka,Narayanganj,Chashara Market,Maize,Hybrid,Cereals,80,3840,4160,4000,1/20/2021,Grade B,Medium,Low,Retail,Summer
Chattogram,Feni,Feni Sadar Market,Maize,Hybrid,Cereals,45,5760,6240,6000,6/25/2022,Grade B,Medium,Low,Wholesale,Summer
Rajshahi,Pabna,Pabna Sadar Market,Maize,Hybrid,Cereals,160,10140,10984,10562,5/30/2023,Premium,Medium,Medium,Wholesale,Summer
Dhaka,Narayanganj,Chashara Market,Maize,Hybrid,Cereals,110,3528,3822,3675,9/22/2020,Grade B,High,Medium,Wholesale,Summer
Chattogram,Cox's Bazar,Cox's Bazar Market,Maize,Hybrid,Cereals,180,5093,5517,5305,3/20/2023,Grade A,Low,Medium,Wholesale,Summer
Dhaka,Tangail,Tangail Sadar Market,Maize,Hybrid,Cereals,11,4680,5070,4875,3/1/2023,Grade B,Medium,Medium,Retail,Summer
Dhaka,Dhaka,Karwan Bazar,Maize,Hybrid,Cereals,2,2569,2783,2676,12/27/2023,Grade A,Low,Medium,Wholesale,Summer
Dhaka,Tangail,Tangail Sadar Market,Maize,Hybrid,Cereals,6,4680,5070,4875,8/9/2023,Grade B,Medium,High,Wholesale,Summer
Khulna,Satkhira,Satkhira Market,Maize,Hybrid,Cereals,4,5741,6219,5980,4/29/2021,Grade C,Medium,Medium,Wholesale,Summer
Barishal,Patuakhali,Patuakhali Sadar Market,Maize,Hybrid,Cereals,82.5,4063,4401,4232,9/20/2024,Grade C,Low,Low,Wholesale,Summer
Dhaka,Dhaka,Karwan Bazar,Maize,Hybrid,Cereals,13,1741,1887,1814,8/25/2021,Grade A,Medium,Low,Retail,Summer
Dhaka,Narayanganj,Chashara Market,Maize,Hybrid,Cereals,20,6595,7145,6870,9/29/2020,Grade B,Medium,Medium,Retail,Summer
Chattogram,Feni,Feni Sadar Market,Maize,Hybrid,Cereals,5,7449,8069,7759,10/15/2022,Grade A,High,Medium,Retail,Summer
Dhaka,Tangail,Tangail Sadar Market,Maize,Hybrid,Cereals,20,2489,2697,2593,8/10/2023,Premium,High,High,Wholesale,Summer
Dhaka,Gazipur,Joydebpur Market,Maize,Hybrid,Cereals,50,5164,5594,5379,12/20/2021,Grade C,High,Low,Wholesale,Summer
Dhaka,Manikganj,Manikganj Bazar,Maize,Hybrid,Cereals,18,8176,8858,8517,12/6/2021,Grade B,Medium,Medium,Retail,Summer
Khulna,Kushtia,Kushtia Boro Bazar,Maize,Hybrid,Cereals,41,4368,4732,4550,10/21/2022,Grade B,Medium,Low,Retail,Summer
Khulna,Khulna,Khulna New Market,Maize,Hybrid,Cereals,24,5373,5821,5597,12/29/2022,Grade A,Medium,Medium,Retail,Summer
Dhaka,Gazipur,Joydebpur Market,Maize,Hybrid,Cereals,11,6384,6916,6650,1/30/2023,Grade B,Medium,Low,Retail,Summer
Chattogram,Feni,Feni Sadar Market,Maize,Hybrid,Cereals,5.5,7344,7956,7650,3/19/2024,Grade B,Medium,Medium,Retail,Summer
Dhaka,Gazipur,Joydebpur Market,Maize,Hybrid,Cereals,13,1138,1232,1185,2/1/2021,Grade B,Medium,Low,Retail,Summer
Rajshahi,Pabna,Pabna Sadar Market,Maize,Hybrid,Cereals,3,1245,1349,1297,8/2/2021,Grade C,Medium,High,Wholesale,Summer
Dhaka,Narayanganj,Chashara Market,Maize,Hybrid,Cereals,1,5280,5720,5500,11/7/2021,Grade B,Medium,Medium,Wholesale,Summer
Dhaka,Manikganj,Manikganj Bazar,Maize,Hybrid,Cereals,3,2043,2213,2128,7/2/2022,Premium,Medium,Low,Wholesale,Summer
Dhaka,Narayanganj,Chashara Market,Maize,Hybrid,Cereals,3,2014,2182,2098,7/8/2022,Grade B,Low,Low,Wholesale,Summer
Dhaka,Manikganj,Manikganj Bazar,Maize,Hybrid,Cereals,5,2467,2673,2570,11/2/2023,Grade A,Low,Low,Wholesale,Summer
Barishal,Patuakhali,Patuakhali Sadar Market,Maize,Hybrid,Cereals,43,5772,6252,6012,2/15/2022,Grade B,High,Low,Retail,Summer
Dhaka,Narayanganj,Chashara Market,Maize,Hybrid,Cereals,10,2035,2205,2120,2/9/2022,Grade A,Low,High,Retail,Summer
Rajshahi,Pabna,Pabna Sadar Market,Maize,Hybrid,Cereals,90,9962,10792,10377,3/18/2024,Grade A,High,Medium,Retail,Summer
Dhaka,Dhaka,Karwan Bazar,Maize,Hybrid,Cereals,12,10685,11575,11130,9/25/2023,Grade A,Medium,High,Retail,Summer
Dhaka,Tangail,Tangail Sadar Market,Maize,Hybrid,Cereals,1,2849,3087,2968,1/31/2023,Grade A,Medium,High,Wholesale,Summer
Dhaka,Dhaka,Karwan Bazar,Maize,Hybrid,Cereals,2,1008,1092,1050,9/28/2020,Grade B,High,Low,Wholesale,Summer
Rajshahi,Naogaon,Naogaon Sadar Market,Maize,Hybrid,Cereals,250,4171,4519,4345,6/18/2024,Grade B,High,Low,Retail,Summer
Chattogram,Noakhali,Maijdee Bazar,Maize,Hybrid,Cereals,9,3264,3536,3400,9/27/2024,Grade B,High,Medium,Retail,Summer
Dhaka,Manikganj,Manikganj Bazar,Maize,Hybrid,Cereals,65,4730,5124,4927,5/16/2020,Grade C,Medium,Medium,Wholesale,Summer
Dhaka,Manikganj,Manikganj Bazar,Maize,Hybrid,Cereals,45,2688,2912,2800,2/15/2024,Premium,High,Medium,Wholesale,Summer
Rajshahi,Naogaon,Naogaon Sadar Market,Maize,Hybrid,Cereals,200,7688,8328,8008,4/5/2022,Premium,Low,Low,Wholesale,Summer
Dhaka,Dhaka,Karwan Bazar,Maize,Hybrid,Cereals,12,5664,6136,5900,1/25/2022,Grade B,Low,High,Wholesale,Summer
Rajshahi,Bogura,Satmatha Market,Maize,Hybrid,Cereals,220,3180,3444,3312,9/10/2020,Grade C,Medium,Low,Wholesale,Summer
Khulna,Khulna,Khulna New Market,Maize,Hybrid,Cereals,470,6006,6506,6256,1/29/2024,Grade C,Medium,Medium,Wholesale,Summer
Dhaka,Manikganj,Manikganj Bazar,Maize,Hybrid,Cereals,15,4834,5236,5035,3/17/2023,Grade A,Medium,High,Wholesale,Summer
Dhaka,Tangail,Tangail Sadar Market,Maize,Hybrid,Cereals,8,5053,5475,5264,12/8/2023,Premium,High,High,Retail,Summer
Barishal,Patuakhali,Patuakhali Sadar Market,Maize,Hybrid,Cereals,6,10944,11856,11400,6/14/2024,Grade B,Medium,Medium,Retail,Summer
Chattogram,Chattogram,Agrabad Market,Maize,Hybrid,Cereals,140,4834,5236,5035,5/6/2023,Grade B,Low,Low,Wholesale,Summer
Chattogram,Noakhali,Maijdee Bazar,Maize,Hybrid,Cereals,80,7550,8180,7865,2/16/2023,Grade B,Low,Low,Wholesale,Summer
Dhaka,Narayanganj,Chashara Market,Maize,Hybrid,Cereals,403,4438,4808,4623,6/10/2020,Grade C,High,Medium,Retail,Summer
Khulna,Jashore,Jashore Bazar,Maize,Hybrid,Cereals,28.6,6262,6784,6523,5/6/2024,Grade C,Low,Medium,Wholesale,Summer
Dhaka,Manikganj,Manikganj Bazar,Maize,Hybrid,Cereals,105,2448,2652,2550,5/9/2024,Grade B,Low,Medium,Retail,Summer
Chattogram,Feni,Feni Sadar Market,Maize,Hybrid,Cereals,1,3226,3494,3360,12/11/2023,Premium,Medium,Low,Wholesale,Summer
Dhaka,Manikganj,Manikganj Bazar,Maize,Hybrid,Cereals,51,6920,7496,7208,2/26/2021,Grade A,High,High,Retail,Summer
Rajshahi,Naogaon,Naogaon Sadar Market,Maize,Hybrid,Cereals,71,2595,2811,2703,6/20/2024,Grade A,High,Medium,Retail,Summer
Dhaka,Tangail,Tangail Sadar Market,Maize,Hybrid,Cereals,8,6580,7128,6854,3/2/2022,Grade C,Medium,Low,Wholesale,Summer
Chattogram,Cox's Bazar,Cox's Bazar Market,Maize,Hybrid,Cereals,15,10227,11079,10653,8/29/2023,Grade A,Medium,Medium,Wholesale,Summer
Barishal,Barishal,Nathullabad Market,Mustard,BARI Sarisha-17,Oil Seeds,31,4049,4387,4218,2/5/2024,Grade B,High,Low,Retail,Winter
Barishal,Barishal,Nathullabad Market,Mustard,BARI Sarisha-14,Oil Seeds,10,8928,9672,9300,6/23/2023,Grade B,Low,Medium,Retail,Winter
Dhaka,Tangail,Tangail Sadar Market,Mustard,BARI Sarisha-14,Oil Seeds,30,5966,6464,6215,8/2/2021,Grade B,Medium,Low,Wholesale,Winter
Chattogram,Noakhali,Maijdee Bazar,Mustard,BARI Sarisha-14,Oil Seeds,24,2957,3203,3080,10/14/2021,Premium,High,High,Retail,Winter
Dhaka,Narayanganj,Chashara Market,Mustard,BARI Sarisha-14,Oil Seeds,9,1584,1716,1650,8/14/2020,Grade B,Medium,Medium,Retail,Winter
Rajshahi,Bogura,Satmatha Market,Mustard,BARI Sarisha-17,Oil Seeds,360,9019,9771,9395,2/13/2024,Grade B,Low,Medium,Wholesale,Winter
Dhaka,Tangail,Tangail Sadar Market,Mustard,BARI Sarisha-14,Oil Seeds,525,3918,4244,4081,11/11/2020,Grade A,High,Medium,Wholesale,Winter
Chattogram,Cumilla,Kandirpar Market,Mustard,BARI Sarisha-17,Oil Seeds,55,5136,5564,5350,3/17/2020,Grade B,High,Medium,Retail,Winter
Chattogram,Noakhali,Maijdee Bazar,Mustard,BARI Sarisha-17,Oil Seeds,2,1774,1922,1848,8/13/2022,Premium,Low,High,Wholesale,Winter
Dhaka,Tangail,Tangail Sadar Market,Mustard,BARI Sarisha-17,Oil Seeds,88,6207,6725,6466,2/11/2022,Grade A,Low,Medium,Retail,Winter
Dhaka,Dhaka,Karwan Bazar,Mustard,BARI Sarisha-17,Oil Seeds,25,5342,5788,5565,12/18/2022,Grade A,Medium,Medium,Wholesale,Winter
Dhaka,Gazipur,Joydebpur Market,Mustard,BARI Sarisha-14,Oil Seeds,19,1920,2080,2000,2/25/2022,Grade B,Medium,Low,Retail,Winter
Chattogram,Chattogram,Agrabad Market,Mustard,BARI Sarisha-17,Oil Seeds,219,5749,6229,5989,11/18/2021,Grade A,Medium,Medium,Wholesale,Winter
Dhaka,Dhaka,Karwan Bazar,Mustard,BARI Sarisha-14,Oil Seeds,1,2544,2756,2650,8/29/2023,Grade A,High,Medium,Wholesale,Winter
Barishal,Barishal,Nathullabad Market,Mustard,BARI Sarisha-17,Oil Seeds,98,3878,4202,4040,12/2/2020,Grade B,High,Medium,Wholesale,Winter
Dhaka,Manikganj,Manikganj Bazar,Mustard,BARI Sarisha-17,Oil Seeds,377,8220,8904,8562,2/28/2023,Grade A,High,Medium,Wholesale,Winter
Barishal,Bhola,Bhola Bazar,Mustard,BARI Sarisha-14,Oil Seeds,1.2,8843,9579,9211,8/16/2024,Grade C,High,Medium,Retail,Winter
Dhaka,Manikganj,Manikganj Bazar,Mustard,BARI Sarisha-14,Oil Seeds,11,6628,7180,6904,3/12/2021,Grade A,High,High,Wholesale,Winter
Chattogram,Cox's Bazar,Cox's Bazar Market,Mustard,BARI Sarisha-17,Oil Seeds,1,4900,5308,5104,11/28/2020,Grade A,Medium,High,Retail,Winter
Dhaka,Tangail,Tangail Sadar Market,Mustard,BARI Sarisha-14,Oil Seeds,32,1680,1820,1750,6/7/2020,Grade B,High,Medium,Retail,Winter
Chattogram,Noakhali,Maijdee Bazar,Mustard,BARI Sarisha-17,Oil Seeds,89,6309,6835,6572,3/11/2022,Grade A,High,High,Wholesale,Winter
Dhaka,Dhaka,Karwan Bazar,Mustard,BARI Sarisha-17,Oil Seeds,1,4838,5242,5040,12/21/2020,Premium,Low,High,Wholesale,Winter
Rajshahi,Bogura,Satmatha Market,Mustard,BARI Sarisha-17,Oil Seeds,1,2635,2855,2745,8/23/2023,Grade A,Medium,Medium,Wholesale,Winter
Chattogram,Cumilla,Kandirpar Market,Mustard,BARI Sarisha-14,Oil Seeds,49,4504,4880,4692,6/1/2020,Grade C,Medium,Medium,Wholesale,Winter
Dhaka,Manikganj,Manikganj Bazar,Mustard,BARI Sarisha-17,Oil Seeds,38,4944,5356,5150,5/6/2020,Grade B,Medium,Medium,Wholesale,Winter
Chattogram,Feni,Feni Sadar Market,Mustard,BARI Sarisha-17,Oil Seeds,218,5664,6136,5900,5/6/2022,Grade B,Low,Medium,Retail,Winter
Dhaka,Gazipur,Joydebpur Market,Mustard,BARI Sarisha-14,Oil Seeds,8,2280,2470,2375,2/7/2023,Grade B,Low,Medium,Wholesale,Winter
Barishal,Bhola,Bhola Bazar,Mustard,BARI Sarisha-17,Oil Seeds,47,4392,4758,4575,10/3/2023,Grade A,Medium,Medium,Retail,Winter
Dhaka,Tangail,Tangail Sadar Market,Mustard,BARI Sarisha-14,Oil Seeds,10,2621,2839,2730,9/30/2024,Grade A,Low,Medium,Retail,Winter
Dhaka,Dhaka,Karwan Bazar,Mustard,BARI Sarisha-14,Oil Seeds,1.2,1987,2153,2070,8/21/2024,Grade C,Low,Medium,Retail,Winter
Dhaka,Manikganj,Manikganj Bazar,Mustard,BARI Sarisha-14,Oil Seeds,591,6036,6540,6288,5/23/2022,Grade A,High,Medium,Wholesale,Winter
Dhaka,Manikganj,Manikganj Bazar,Mustard,BARI Sarisha-17,Oil Seeds,85,6349,6879,6614,4/5/2022,Grade A,High,Medium,Retail,Winter
Rajshahi,Naogaon,Naogaon Sadar Market,Mustard,BARI Sarisha-17,Oil Seeds,500,4548,4928,4738,1/24/2023,Grade C,Medium,Medium,Retail,Winter
Rajshahi,Pabna,Pabna Sadar Market,Mustard,BARI Sarisha-14,Oil Seeds,38,2458,2662,2560,9/21/2023,Grade B,Medium,Medium,Retail,Winter
Dhaka,Tangail,Tangail Sadar Market,Mustard,BARI Sarisha-14,Oil Seeds,7,5725,6203,5964,6/19/2020,Premium,Low,High,Retail,Winter
Dhaka,Manikganj,Manikganj Bazar,Mustard,BARI Sarisha-17,Oil Seeds,17.7,4061,4399,4230,6/4/2024,Grade B,Medium,Medium,Retail,Winter
Chattogram,Cumilla,Kandirpar Market,Mustard,BARI Sarisha-14,Oil Seeds,12,2030,2200,2115,6/17/2022,Grade A,Low,Medium,Wholesale,Winter
Barishal,Bhola,Bhola Bazar,Mustard,BARI Sarisha-17,Oil Seeds,15,4224,4576,4400,12/22/2023,Grade B,High,Low,Wholesale,Winter
Chattogram,Cumilla,Kandirpar Market,Mustard,BARI Sarisha-14,Oil Seeds,1,7337,7949,7643,9/15/2021,Grade A,High,Medium,Wholesale,Winter
Chattogram,Cox's Bazar,Cox's Bazar Market,Mustard,BARI Sarisha-17,Oil Seeds,82,3113,3373,3243,7/21/2020,Grade C,Medium,Low,Wholesale,Winter
Barishal,Bhola,Bhola Bazar,Mustard,BARI Sarisha-14,Oil Seeds,116,5856,6344,6100,1/12/2022,Grade B,Medium,Medium,Retail,Winter
Chattogram,Chattogram,Agrabad Market,Mustard,BARI Sarisha-17,Oil Seeds,10,1920,2080,2000,6/18/2020,Grade B,Low,Medium,Wholesale,Winter
Chattogram,Cox's Bazar,Cox's Bazar Market,Mustard,BARI Sarisha-17,Oil Seeds,10,2128,2306,2217,9/12/2023,Grade C,Medium,High,Retail,Winter
Chattogram,Noakhali,Maijdee Bazar,Mustard,BARI Sarisha-17,Oil Seeds,87,1680,1820,1750,3/13/2020,Grade B,Medium,Low,Retail,Winter
Chattogram,Noakhali,Maijdee Bazar,Mustard,BARI Sarisha-17,Oil Seeds,18,2336,2530,2433,8/21/2024,Grade A,Medium,High,Retail,Winter
Dhaka,Narayanganj,Chashara Market,Mustard,BARI Sarisha-17,Oil Seeds,550,5231,5667,5449,4/27/2022,Grade C,High,Medium,Wholesale,Winter
Dhaka,Manikganj,Manikganj Bazar,Mustard,BARI Sarisha-14,Oil Seeds,30,2112,2288,2200,9/20/2024,Grade B,Medium,Medium,Retail,Winter
Chattogram,Cumilla,Kandirpar Market,Mustard,BARI Sarisha-14,Oil Seeds,3,5546,6008,5777,12/14/2021,Grade A,High,Medium,Retail,Winter
Dhaka,Tangail,Tangail Sadar Market,Mustard,BARI Sarisha-17,Oil Seeds,8,2208,2392,2300,6/7/2023,Grade C,Medium,Low,Retail,Winter
Dhaka,Tangail,Tangail Sadar Market,Mustard,BARI Sarisha-17,Oil Seeds,52,6436,6972,6704,6/10/2021,Grade A,High,High,Retail,Winter
Chattogram,Noakhali,Maijdee Bazar,Mustard,BARI Sarisha-14,Oil Seeds,107,5484,5940,5712,9/3/2022,Premium,High,High,Wholesale,Winter
Dhaka,Gazipur,Joydebpur Market,Mustard,BARI Sarisha-17,Oil Seeds,124,5006,5424,5215,1/20/2020,Grade B,Medium,Medium,Wholesale,Winter
Chattogram,Feni,Feni Sadar Market,Mustard,BARI Sarisha-14,Oil Seeds,3,2496,2704,2600,12/24/2020,Grade B,Medium,High,Wholesale,Winter
Dhaka,Tangail,Tangail Sadar Market,Mustard,BARI Sarisha-14,Oil Seeds,7,3460,3748,3604,5/8/2020,Grade A,High,Medium,Wholesale,Winter
Barishal,Barishal,Nathullabad Market,Mustard,BARI Sarisha-14,Oil Seeds,3,5472,5928,5700,10/13/2021,Grade B,Medium,High,Retail,Winter
Barishal,Bhola,Bhola Bazar,Mustard,BARI Sarisha-17,Oil Seeds,62,9220,9988,9604,2/1/2024,Grade A,High,Medium,Wholesale,Winter
Dhaka,Tangail,Tangail Sadar Market,Mustard,BARI Sarisha-14,Oil Seeds,229,6360,6890,6625,3/12/2021,Grade B,Medium,High,Retail,Winter
Rajshahi,Rajshahi,Shaheb Bazar,Mustard,BARI Sarisha-14,Oil Seeds,650,1639,1775,1707,3/16/2020,Grade A,Low,Medium,Retail,Winter
Chattogram,Cox's Bazar,Cox's Bazar Market,Mustard,BARI Sarisha-17,Oil Seeds,25,4243,4597,4420,10/11/2022,Grade B,Medium,High,Retail,Winter
Chattogram,Chattogram,Agrabad Market,Mustard,BARI Sarisha-17,Oil Seeds,120,5103,5529,5316,1/27/2023,Grade A,Medium,Low,Wholesale,Winter
Barishal,Barishal,Nathullabad Market,Mustard,BARI Sarisha-17,Oil Seeds,31,6734,7296,7015,3/15/2023,Grade C,High,Medium,Retail,Winter
Khulna,Satkhira,Satkhira Market,Mustard,BARI Sarisha-14,Oil Seeds,14,6586,7134,6860,12/17/2021,Premium,High,Medium,Wholesale,Winter
Chattogram,Chattogram,Agrabad Market,Mustard,BARI Sarisha-14,Oil Seeds,3,1512,1638,1575,12/9/2021,Grade B,Medium,Low,Wholesale,Winter
Dhaka,Dhaka,Karwan Bazar,Mustard,BARI Sarisha-17,Oil Seeds,5,1656,1794,1725,4/29/2020,Grade B,Medium,Low,Retail,Winter
Dhaka,Dhaka,Karwan Bazar,Mustard,BARI Sarisha-14,Oil Seeds,78,1943,2105,2024,4/21/2022,Grade C,Medium,Medium,Retail,Winter
Dhaka,Tangail,Tangail Sadar Market,Mustard,BARI Sarisha-14,Oil Seeds,146.7,4371,4735,4553,7/25/2024,Grade A,High,Medium,Retail,Winter
Dhaka,Manikganj,Manikganj Bazar,Mustard,BARI Sarisha-14,Oil Seeds,50,3135,3397,3266,9/3/2020,Grade C,High,High,Retail,Winter
Dhaka,Manikganj,Manikganj Bazar,Mustard,BARI Sarisha-17,Oil Seeds,10,2519,2729,2624,10/30/2023,Grade A,Low,Low,Retail,Winter
Dhaka,Tangail,Tangail Sadar Market,Mustard,BARI Sarisha-17,Oil Seeds,10,2876,3116,2996,2/12/2024,Premium,Low,High,Retail,Winter
Chattogram,Cumilla,Kandirpar Market,Mustard,BARI Sarisha-17,Oil Seeds,173,6716,7276,6996,2/22/2022,Grade A,Medium,Medium,Retail,Winter
Dhaka,Dhaka,Karwan Bazar,Mustard,BARI Sarisha-14,Oil Seeds,1.5,3888,4212,4050,8/23/2024,Grade B,Medium,Medium,Wholesale,Winter
Khulna,Kushtia,Kushtia Boro Bazar,Mustard,BARI Sarisha-17,Oil Seeds,87,6309,6835,6572,3/25/2022,Grade A,Low,High,Retail,Winter
Dhaka,Tangail,Tangail Sadar Market,Mustard,BARI Sarisha-14,Oil Seeds,60,12033,13035,12534,10/20/2023,Grade A,Low,Low,Retail,Winter
Chattogram,Chattogram,Agrabad Market,Mustard,BARI Sarisha-14,Oil Seeds,30,5663,6135,5899,8/4/2020,Grade A,High,Low,Wholesale,Winter
Dhaka,Gazipur,Joydebpur Market,Mustard,BARI Sarisha-14,Oil Seeds,"1,828.00",4744,5140,4942,11/2/2022,Grade A,High,Medium,Retail,Winter
Dhaka,Gazipur,Joydebpur Market,Mustard,BARI Sarisha-14,Oil Seeds,52,5220,5656,5438,5/15/2020,Grade A,Medium,Low,Wholesale,Winter
Dhaka,Tangail,Tangail Sadar Market,Mustard,BARI Sarisha-17,Oil Seeds,4,7378,7992,7685,8/5/2022,Grade A,Medium,Medium,Retail,Winter
Khulna,Satkhira,Satkhira Market,Mustard,BARI Sarisha-17,Oil Seeds,13,4023,4359,4191,3/10/2021,Grade C,Medium,High,Wholesale,Winter
Dhaka,Manikganj,Manikganj Bazar,Mustard,BARI Sarisha-14,Oil Seeds,10,5444,5898,5671,6/17/2020,Grade A,Low,High,Retail,Winter
Khulna,Satkhira,Satkhira Market,Mustard,BARI Sarisha-17,Oil Seeds,5,4172,4520,4346,12/30/2020,Grade A,High,Low,Retail,Winter
Dhaka,Dhaka,Karwan Bazar,Mustard,BARI Sarisha-17,Oil Seeds,11,4767,5165,4966,6/20/2023,Grade A,Medium,Medium,Retail,Winter
Dhaka,Dhaka,Karwan Bazar,Mustard,BARI Sarisha-17,Oil Seeds,34,6106,6614,6360,7/12/2021,Grade A,Medium,Medium,Retail,Winter
Dhaka,Narayanganj,Chashara Market,Mustard,BARI Sarisha-17,Oil Seeds,0.6,2148,2326,2237,9/30/2024,Grade A,Medium,Medium,Wholesale,Winter
Dhaka,Narayanganj,Chashara Market,Mustard,BARI Sarisha-14,Oil Seeds,20,10560,11440,11000,10/4/2023,Grade B,High,High,Retail,Winter
Khulna,Satkhira,Satkhira Market,Mustard,BARI Sarisha-14,Oil Seeds,72.5,9312,10088,9700,3/5/2024,Grade B,High,Medium,Retail,Winter
Dhaka,Gazipur,Joydebpur Market,Mustard,BARI Sarisha-17,Oil Seeds,5,2112,2288,2200,3/24/2023,Grade B,Low,Medium,Wholesale,Winter
Dhaka,Narayanganj,Chashara Market,Mustard,BARI Sarisha-17,Oil Seeds,35,12876,13948,13412,9/6/2023,Premium,High,Medium,Retail,Winter
Khulna,Khulna,Khulna New Market,Mustard,BARI Sarisha-14,Oil Seeds,2.6,3665,3971,3818,7/5/2024,Grade C,Low,High,Retail,Winter
Chattogram,Chattogram,Agrabad Market,Mustard,BARI Sarisha-14,Oil Seeds,220,5215,5649,5432,6/6/2020,Premium,High,High,Wholesale,Winter
Dhaka,Manikganj,Manikganj Bazar,Mustard,BARI Sarisha-14,Oil Seeds,328,7968,8632,8300,5/2/2023,Grade B,High,Medium,Wholesale,Winter
Chattogram,Cox's Bazar,Cox's Bazar Market,Mustard,BARI Sarisha-14,Oil Seeds,7,3072,3328,3200,11/12/2022,Grade B,Low,Medium,Retail,Winter
Chattogram,Feni,Feni Sadar Market,Mustard,BARI Sarisha-17,Oil Seeds,6,2515,2725,2620,9/22/2023,Grade B,High,Medium,Wholesale,Winter
Dhaka,Narayanganj,Chashara Market,Mustard,BARI Sarisha-17,Oil Seeds,32,5113,5539,5326,3/6/2023,Grade A,Low,Low,Retail,Winter
Barishal,Barishal,Nathullabad Market,Mustard,BARI Sarisha-17,Oil Seeds,156,5472,5928,5700,11/18/2021,Grade B,High,Low,Wholesale,Winter
Khulna,Khulna,Khulna New Market,Mustard,BARI Sarisha-14,Oil Seeds,80,6236,6756,6496,6/14/2022,Premium,High,Low,Retail,Winter
Rajshahi,Bogura,Satmatha Market,Mustard,BARI Sarisha-17,Oil Seeds,300,4200,4550,4375,12/14/2023,Grade C,Low,Medium,Retail,Winter
Dhaka,Gazipur,Joydebpur Market,Mustard,BARI Sarisha-17,Oil Seeds,12,5664,6136,5900,5/12/2022,Grade B,Medium,Medium,Retail,Winter
Dhaka,Dhaka,Karwan Bazar,Mustard,BARI Sarisha-14,Oil Seeds,1.1,4648,5036,4842,5/4/2024,Premium,High,High,Retail,Winter
Khulna,Kushtia,Kushtia Boro Bazar,Mustard,BARI Sarisha-17,Oil Seeds,42,4935,5347,5141,11/10/2023,Grade A,High,Low,Wholesale,Winter
Dhaka,Narayanganj,Chashara Market,Mustard,BARI Sarisha-17,Oil Seeds,3.7,2086,2260,2173,4/29/2024,Grade A,Medium,Low,Wholesale,Winter
Barishal,Barishal,Nathullabad Market,Mustard,BARI Sarisha-17,Oil Seeds,47,5261,5699,5480,12/29/2022,Grade A,Low,Medium,Wholesale,Winter
Khulna,Jashore,Jashore Bazar,Mustard,BARI Sarisha-17,Oil Seeds,13,3936,4264,4100,11/23/2020,Grade B,Low,High,Retail,Winter
Chattogram,Feni,Feni Sadar Market,Mustard,BARI Sarisha-14,Oil Seeds,15,2340,2536,2438,2/5/2022,Grade C,Medium,Low,Wholesale,Winter
Chattogram,Cox's Bazar,Cox's Bazar Market,Mustard,BARI Sarisha-17,Oil Seeds,63,6666,7222,6944,9/15/2021,Premium,High,Medium,Retail,Winter
Barishal,Bhola,Bhola Bazar,Mustard,BARI Sarisha-17,Oil Seeds,3.1,2368,2566,2467,9/27/2024,Grade C,Low,Low,Wholesale,Winter
Barishal,Patuakhali,Patuakhali Sadar Market,Mustard,BARI Sarisha-14,Oil Seeds,4.5,2112,2288,2200,3/9/2024,Grade B,Medium,Low,Retail,Winter
Barishal,Patuakhali,Patuakhali Sadar Market,Mustard,BARI Sarisha-14,Oil Seeds,2,1658,1796,1727,12/28/2021,Grade B,Medium,Medium,Retail,Winter
Rajshahi,Naogaon,Naogaon Sadar Market,Mustard,BARI Sarisha-14,Oil Seeds,10,2698,2922,2810,2/1/2023,Grade B,High,Low,Retail,Winter
Barishal,Bhola,Bhola Bazar,Mustard,BARI Sarisha-17,Oil Seeds,1.1,6006,6506,6256,11/21/2024,Grade C,High,Medium,Retail,Winter
Dhaka,Gazipur,Joydebpur Market,Mustard,BARI Sarisha-14,Oil Seeds,26,6624,7176,6900,2/20/2023,Grade C,High,Medium,Retail,Winter
Chattogram,Feni,Feni Sadar Market,Mustard,BARI Sarisha-17,Oil Seeds,19,6384,6916,6650,6/2/2021,Grade B,Medium,Low,Wholesale,Winter
Dhaka,Gazipur,Joydebpur Market,Mustard,BARI Sarisha-17,Oil Seeds,6.3,8523,9233,8878,9/10/2024,Grade C,Medium,Medium,Retail,Winter
Dhaka,Gazipur,Joydebpur Market,Mustard,BARI Sarisha-14,Oil Seeds,12.5,4325,4685,4505,4/1/2024,Grade A,Low,High,Retail,Winter
Rajshahi,Bogura,Satmatha Market,Mustard,BARI Sarisha-14,Oil Seeds,7.5,2737,2965,2851,9/3/2024,Grade A,Low,Low,Retail,Winter
Chattogram,Cox's Bazar,Cox's Bazar Market,Mustard,BARI Sarisha-17,Oil Seeds,5,2071,2243,2157,7/1/2023,Grade C,Medium,Medium,Retail,Winter
Khulna,Khulna,Khulna New Market,Mustard,BARI Sarisha-14,Oil Seeds,331,4956,5368,5162,3/13/2020,Grade A,Low,High,Retail,Winter
Dhaka,Dhaka,Karwan Bazar,Mustard,BARI Sarisha-14,Oil Seeds,9,6004,6504,6254,8/6/2021,Grade A,Medium,Medium,Retail,Winter
Dhaka,Manikganj,Manikganj Bazar,Mustard,BARI Sarisha-14,Oil Seeds,2,2112,2288,2200,9/24/2022,Grade B,High,High,Retail,Winter
Khulna,Khulna,Khulna New Market,Mustard,BARI Sarisha-14,Oil Seeds,15,1855,2009,1932,3/28/2023,Grade C,Medium,Medium,Wholesale,Winter
Khulna,Khulna,Khulna New Market,Mustard,BARI Sarisha-14,Oil Seeds,29,7795,8445,8120,4/8/2024,Premium,Low,High,Wholesale,Winter
Dhaka,Dhaka,Karwan Bazar,Mustard,BARI Sarisha-17,Oil Seeds,5,1628,1764,1696,3/22/2021,Grade A,Medium,Low,Retail,Winter
Barishal,Patuakhali,Patuakhali Sadar Market,Mustard,BARI Sarisha-17,Oil Seeds,36,5920,6414,6167,7/28/2021,Grade B,Medium,Medium,Retail,Winter
Rajshahi,Bogura,Satmatha Market,Mustard,BARI Sarisha-14,Oil Seeds,500,4848,5252,5050,3/9/2021,Grade B,Medium,High,Retail,Winter
Khulna,Khulna,Khulna New Market,Mustard,BARI Sarisha-14,Oil Seeds,14,1565,1695,1630,3/26/2021,Grade B,High,Medium,Wholesale,Winter
Dhaka,Manikganj,Manikganj Bazar,Mustard,BARI Sarisha-14,Oil Seeds,72,5618,6086,5852,12/26/2022,Premium,Medium,Low,Wholesale,Winter
Dhaka,Manikganj,Manikganj Bazar,Mustard,BARI Sarisha-14,Oil Seeds,4,2483,2689,2586,8/31/2023,Grade A,Medium,Low,Retail,Winter
Barishal,Patuakhali,Patuakhali Sadar Market,Mustard,BARI Sarisha-17,Oil Seeds,7,4805,5205,5005,8/5/2020,Grade C,Medium,Low,Wholesale,Winter
Chattogram,Cumilla,Kandirpar Market,Mustard,BARI Sarisha-14,Oil Seeds,160,5568,6032,5800,8/8/2020,Grade B,Medium,Low,Wholesale,Winter
Khulna,Jashore,Jashore Bazar,Mustard,BARI Sarisha-14,Oil Seeds,25,5241,5677,5459,11/16/2022,Grade A,High,Low,Wholesale,Winter
Barishal,Barishal,Nathullabad Market,Mustard,BARI Sarisha-14,Oil Seeds,19,4990,5406,5198,5/18/2022,Grade C,Medium,Low,Wholesale,Winter
Khulna,Kushtia,Kushtia Boro Bazar,Mustard,BARI Sarisha-14,Oil Seeds,10,7225,7827,7526,2/10/2023,Grade A,Medium,Low,Retail,Winter
Dhaka,Manikganj,Manikganj Bazar,Mustard,BARI Sarisha-14,Oil Seeds,600,4032,4368,4200,11/8/2024,Grade B,Medium,Low,Retail,Winter
Dhaka,Tangail,Tangail Sadar Market,Mustard,BARI Sarisha-14,Oil Seeds,7,2302,2494,2398,6/27/2023,Grade A,Low,Medium,Wholesale,Winter
Dhaka,Dhaka,Karwan Bazar,Mustard,BARI Sarisha-17,Oil Seeds,3,4284,4640,4462,2/28/2023,Grade C,High,Medium,Retail,Winter
Khulna,Khulna,Khulna New Market,Mustard,BARI Sarisha-17,Oil Seeds,9,2150,2330,2240,4/12/2023,Premium,High,Medium,Wholesale,Winter
Khulna,Jashore,Jashore Bazar,Mustard,BARI Sarisha-14,Oil Seeds,2,1968,2132,2050,5/23/2022,Grade B,Medium,Medium,Retail,Winter
Khulna,Kushtia,Kushtia Boro Bazar,Mustard,BARI Sarisha-14,Oil Seeds,12,7580,8212,7896,3/22/2022,Premium,Medium,Medium,Retail,Winter
Chattogram,Cox's Bazar,Cox's Bazar Market,Mustard,BARI Sarisha-17,Oil Seeds,12,1908,2068,1988,12/2/2021,Premium,Low,Low,Retail,Winter
Chattogram,Feni,Feni Sadar Market,Mustard,BARI Sarisha-14,Oil Seeds,3,1855,2009,1932,2/1/2020,Grade C,Medium,Medium,Wholesale,Winter
Barishal,Patuakhali,Patuakhali Sadar Market,Mustard,BARI Sarisha-17,Oil Seeds,61,6614,7166,6890,2/17/2022,Grade A,Medium,Medium,Retail,Winter
Dhaka,Manikganj,Manikganj Bazar,Mustard,BARI Sarisha-14,Oil Seeds,69,5784,6266,6025,1/7/2022,Grade B,High,High,Wholesale,Winter
Dhaka,Tangail,Tangail Sadar Market,Mustard,BARI Sarisha-14,Oil Seeds,9.8,8567,9281,8924,3/15/2024,Grade C,Medium,Low,Wholesale,Winter
Dhaka,Narayanganj,Chashara Market,Mustard,BARI Sarisha-17,Oil Seeds,14,6411,6945,6678,6/3/2021,Grade A,High,Medium,Wholesale,Winter
Dhaka,Narayanganj,Chashara Market,Mustard,BARI Sarisha-14,Oil Seeds,13,2035,2205,2120,2/22/2022,Grade A,Medium,Medium,Retail,Winter
Khulna,Satkhira,Satkhira Market,Mustard,BARI Sarisha-17,Oil Seeds,61.5,3692,4000,3846,10/25/2024,Grade C,High,Medium,Retail,Winter
Rajshahi,Pabna,Pabna Sadar Market,Mustard,BARI Sarisha-17,Oil Seeds,6.5,2316,2508,2412,6/28/2024,Grade A,Low,Low,Retail,Winter
Rajshahi,Pabna,Pabna Sadar Market,Mustard,BARI Sarisha-14,Oil Seeds,430,2152,2332,2242,4/12/2023,Grade A,Medium,Medium,Retail,Winter
Barishal,Barishal,Nathullabad Market,Mustard,BARI Sarisha-17,Oil Seeds,27,4858,5262,5060,5/28/2022,Grade C,Low,Medium,Retail,Winter
Chattogram,Feni,Feni Sadar Market,Mustard,BARI Sarisha-17,Oil Seeds,4,1594,1726,1660,7/17/2021,Grade B,Low,High,Retail,Winter
Barishal,Patuakhali,Patuakhali Sadar Market,Mustard,BARI Sarisha-17,Oil Seeds,0.8,8073,8745,8409,8/21/2024,Grade C,Low,Medium,Retail,Winter
Barishal,Patuakhali,Patuakhali Sadar Market,Mustard,BARI Sarisha-17,Oil Seeds,11,7008,7592,7300,5/17/2021,Grade B,Low,Low,Retail,Winter
Chattogram,Cox's Bazar,Cox's Bazar Market,Mustard,BARI Sarisha-14,Oil Seeds,100,4229,4581,4405,2/9/2024,Grade B,High,High,Retail,Winter
Dhaka,Dhaka,Karwan Bazar,Mustard,BARI Sarisha-14,Oil Seeds,3,5940,6436,6188,7/10/2020,Premium,Medium,High,Retail,Winter
Dhaka,Gazipur,Joydebpur Market,Mustard,BARI Sarisha-14,Oil Seeds,6,1832,1984,1908,7/27/2020,Grade A,Medium,Medium,Retail,Winter
Dhaka,Gazipur,Joydebpur Market,Mustard,BARI Sarisha-14,Oil Seeds,5,4974,5388,5181,1/11/2023,Grade B,Medium,High,Retail,Winter
Dhaka,Dhaka,Karwan Bazar,Mustard,BARI Sarisha-17,Oil Seeds,4,1608,1742,1675,5/8/2020,Grade B,High,Medium,Wholesale,Winter
Dhaka,Gazipur,Joydebpur Market,Mustard,BARI Sarisha-17,Oil Seeds,34.8,8717,9443,9080,3/14/2024,Grade C,High,High,Retail,Winter
Barishal,Barishal,Nathullabad Market,Mustard,BARI Sarisha-14,Oil Seeds,41.2,3771,4085,3928,3/12/2024,Grade C,Medium,High,Wholesale,Winter
Chattogram,Cox's Bazar,Cox's Bazar Market,Mustard,BARI Sarisha-14,Oil Seeds,1,1781,1929,1855,3/10/2022,Grade A,Medium,High,Wholesale,Winter
Rajshahi,Pabna,Pabna Sadar Market,Mustard,BARI Sarisha-14,Oil Seeds,278,5875,6365,6120,1/29/2022,Grade B,Medium,Low,Retail,Winter
Barishal,Bhola,Bhola Bazar,Mustard,BARI Sarisha-14,Oil Seeds,26.9,4355,4717,4536,6/4/2024,Grade A,Medium,Medium,Retail,Winter
Chattogram,Noakhali,Maijdee Bazar,Mustard,BARI Sarisha-14,Oil Seeds,6,8323,9017,8670,12/21/2023,Grade B,High,Low,Retail,Winter
Rajshahi,Naogaon,Naogaon Sadar Market,Mustard,BARI Sarisha-17,Oil Seeds,220,6160,6674,6417,3/19/2022,Grade C,Low,Medium,Wholesale,Winter
Chattogram,Cumilla,Kandirpar Market,Mustard,BARI Sarisha-14,Oil Seeds,1,2569,2783,2676,10/16/2023,Grade A,High,High,Wholesale,Winter
Khulna,Khulna,Khulna New Market,Mustard,BARI Sarisha-17,Oil Seeds,7,6912,7488,7200,8/5/2022,Grade B,High,High,Wholesale,Winter
Dhaka,Dhaka,Karwan Bazar,Mustard,BARI Sarisha-17,Oil Seeds,85,5472,5928,5700,2/1/2022,Grade B,High,High,Wholesale,Winter
Dhaka,Manikganj,Manikganj Bazar,Mustard,BARI Sarisha-14,Oil Seeds,20,1680,1820,1750,5/8/2020,Grade B,Medium,Low,Retail,Winter
Dhaka,Tangail,Tangail Sadar Market,Mustard,BARI Sarisha-14,Oil Seeds,5,4416,4784,4600,9/9/2022,Grade B,High,Medium,Wholesale,Winter
Dhaka,Manikganj,Manikganj Bazar,Mustard,BARI Sarisha-17,Oil Seeds,12,1450,1570,1510,12/28/2020,Grade B,Low,Medium,Wholesale,Winter
Chattogram,Cox's Bazar,Cox's Bazar Market,Mustard,BARI Sarisha-14,Oil Seeds,11,6629,7181,6905,2/16/2024,Grade B,Medium,Medium,Wholesale,Winter
Dhaka,Narayanganj,Chashara Market,Mustard,BARI Sarisha-14,Oil Seeds,2.2,9158,9922,9540,9/23/2024,Grade B,Medium,Low,Retail,Winter
Dhaka,Tangail,Tangail Sadar Market,Mustard,BARI Sarisha-14,Oil Seeds,34,5952,6448,6200,11/24/2021,Grade B,Medium,Low,Retail,Winter
Dhaka,Gazipur,Joydebpur Market,Mustard,BARI Sarisha-17,Oil Seeds,0.4,11040,11960,11500,6/28/2024,Grade B,Medium,Low,Wholesale,Winter
Dhaka,Narayanganj,Chashara Market,Mustard,BARI Sarisha-14,Oil Seeds,13,7680,8320,8000,10/10/2020,Grade B,Medium,Low,Wholesale,Winter
Dhaka,Dhaka,Karwan Bazar,Mustard,BARI Sarisha-14,Oil Seeds,26,6955,7535,7245,3/8/2023,Grade C,Medium,Medium,Retail,Winter
Khulna,Jashore,Jashore Bazar,Mustard,BARI Sarisha-14,Oil Seeds,46.5,3696,4004,3850,11/26/2024,Grade B,High,Low,Wholesale,Winter
Dhaka,Narayanganj,Chashara Market,Mustard,BARI Sarisha-17,Oil Seeds,600,4800,5200,5000,11/5/2022,Grade B,High,Medium,Retail,Winter
Dhaka,Tangail,Tangail Sadar Market,Mustard,BARI Sarisha-14,Oil Seeds,2,3011,3261,3136,2/14/2023,Premium,Medium,Medium,Wholesale,Winter
Chattogram,Chattogram,Agrabad Market,Mustard,BARI Sarisha-17,Oil Seeds,260,6309,6835,6572,2/22/2022,Grade A,Medium,High,Wholesale,Winter
Chattogram,Cumilla,Kandirpar Market,Mustard,BARI Sarisha-14,Oil Seeds,168.9,4249,4603,4426,8/28/2024,Grade A,Medium,Low,Wholesale,Winter
Chattogram,Noakhali,Maijdee Bazar,Mustard,BARI Sarisha-14,Oil Seeds,5,2269,2459,2364,1/27/2024,Grade C,Medium,Medium,Retail,Winter
Barishal,Bhola,Bhola Bazar,Mustard,BARI Sarisha-17,Oil Seeds,16,3889,4213,4051,10/12/2023,Grade B,Medium,Medium,Wholesale,Winter
Dhaka,Dhaka,Karwan Bazar,Mustard,BARI Sarisha-14,Oil Seeds,87,9604,10404,10004,6/27/2023,Grade A,Medium,Low,Wholesale,Winter
Dhaka,Dhaka,Karwan Bazar,Mustard,BARI Sarisha-14,Oil Seeds,10,7634,8270,7952,7/19/2021,Premium,High,Medium,Wholesale,Winter
Dhaka,Gazipur,Joydebpur Market,Mustard,BARI Sarisha-17,Oil Seeds,16,1832,1984,1908,2/11/2020,Grade A,High,Medium,Wholesale,Winter
Barishal,Barishal,Nathullabad Market,Mustard,BARI Sarisha-14,Oil Seeds,52,4426,4794,4610,5/22/2023,Grade B,Medium,Medium,Retail,Winter
Khulna,Kushtia,Kushtia Boro Bazar,Mustard,BARI Sarisha-17,Oil Seeds,56,4172,4520,4346,6/23/2020,Grade A,Medium,Low,Retail,Winter
Chattogram,Noakhali,Maijdee Bazar,Mustard,BARI Sarisha-17,Oil Seeds,25,2098,2272,2185,4/22/2022,Grade B,Low,Medium,Retail,Winter
Dhaka,Dhaka,Karwan Bazar,Mustard,BARI Sarisha-14,Oil Seeds,1,5783,6265,6024,7/22/2021,Grade B,Medium,Medium,Wholesale,Winter
Dhaka,Narayanganj,Chashara Market,Mustard,BARI Sarisha-17,Oil Seeds,13,6624,7176,6900,2/21/2023,Grade C,Medium,Medium,Retail,Winter
Dhaka,Tangail,Tangail Sadar Market,Mustard,BARI Sarisha-14,Oil Seeds,"1,554.00",3356,3636,3496,10/12/2020,Grade C,Medium,Medium,Wholesale,Winter
Dhaka,Narayanganj,Chashara Market,Mustard,BARI Sarisha-14,Oil Seeds,1,5040,5460,5250,7/7/2020,Grade B,Low,Low,Wholesale,Winter
Dhaka,Dhaka,Karwan Bazar,Mustard,BARI Sarisha-14,Oil Seeds,30,6213,6731,6472,11/30/2022,Grade C,Medium,Low,Wholesale,Winter
Khulna,Khulna,Khulna New Market,Mustard,BARI Sarisha-14,Oil Seeds,13,5280,5720,5500,4/11/2022,Grade B,High,Medium,Wholesale,Winter
Chattogram,Chattogram,Agrabad Market,Mustard,BARI Sarisha-17,Oil Seeds,151,4274,4630,4452,2/4/2021,Grade A,High,Medium,Wholesale,Winter
Dhaka,Dhaka,Karwan Bazar,Mustard,BARI Sarisha-17,Oil Seeds,9,3665,3971,3818,8/7/2024,Grade C,Medium,High,Retail,Winter
Dhaka,Gazipur,Joydebpur Market,Mustard,BARI Sarisha-17,Oil Seeds,71,2016,2184,2100,3/22/2022,Grade B,Medium,Medium,Retail,Winter
Khulna,Khulna,Khulna New Market,Mustard,BARI Sarisha-14,Oil Seeds,35,10560,11440,11000,4/19/2022,Grade B,Medium,Medium,Wholesale,Winter
Dhaka,Narayanganj,Chashara Market,Mustard,BARI Sarisha-17,Oil Seeds,50,4800,5200,5000,11/17/2023,Grade B,Medium,Low,Wholesale,Winter
Dhaka,Gazipur,Joydebpur Market,Mustard,BARI Sarisha-17,Oil Seeds,42,4118,4462,4290,1/21/2020,Grade C,High,High,Retail,Winter
Dhaka,Gazipur,Joydebpur Market,Mustard,BARI Sarisha-17,Oil Seeds,1,9024,9776,9400,11/24/2023,Grade B,Medium,Medium,Retail,Winter
Dhaka,Manikganj,Manikganj Bazar,Mustard,BARI Sarisha-17,Oil Seeds,15,1546,1674,1610,5/3/2020,Grade C,Medium,High,Retail,Winter
Chattogram,Cumilla,Kandirpar Market,Mustard,BARI Sarisha-17,Oil Seeds,5,1501,1627,1564,12/14/2020,Grade A,High,Medium,Retail,Winter
Barishal,Barishal,Nathullabad Market,Mustard,BARI Sarisha-17,Oil Seeds,94,4129,4473,4301,5/15/2023,Grade C,Medium,High,Wholesale,Winter
Chattogram,Cumilla,Kandirpar Market,Mustard,BARI Sarisha-14,Oil Seeds,12,2124,2302,2213,8/23/2023,Grade C,Medium,High,Wholesale,Winter
Dhaka,Narayanganj,Chashara Market,Mustard,BARI Sarisha-17,Oil Seeds,15.9,2381,2579,2480,3/11/2024,Grade A,Medium,Low,Retail,Winter
Khulna,Satkhira,Satkhira Market,Mustard,BARI Sarisha-17,Oil Seeds,5,3494,3786,3640,3/14/2020,Premium,Medium,High,Retail,Winter
Khulna,Khulna,Khulna New Market,Mustard,BARI Sarisha-14,Oil Seeds,19,6240,6760,6500,5/10/2022,Grade B,High,Medium,Retail,Winter
Chattogram,Cumilla,Kandirpar Market,Mustard,BARI Sarisha-17,Oil Seeds,5,2515,2725,2620,12/29/2022,Grade B,Medium,High,Wholesale,Winter
Khulna,Jashore,Jashore Bazar,Mustard,BARI Sarisha-17,Oil Seeds,32,6000,6500,6250,6/27/2022,Grade B,Medium,Low,Wholesale,Winter
Barishal,Bhola,Bhola Bazar,Mustard,BARI Sarisha-17,Oil Seeds,19,3745,4057,3901,8/7/2024,Grade C,Medium,High,Retail,Winter
Dhaka,Gazipur,Joydebpur Market,Mustard,BARI Sarisha-14,Oil Seeds,2,5211,5645,5428,6/17/2022,Grade C,High,Medium,Retail,Winter
Dhaka,Dhaka,Karwan Bazar,Mustard,BARI Sarisha-14,Oil Seeds,34,5358,5804,5581,12/15/2022,Grade A,Medium,Medium,Retail,Winter
Khulna,Jashore,Jashore Bazar,Mustard,BARI Sarisha-17,Oil Seeds,9,3744,4056,3900,11/11/2020,Grade B,Medium,Low,Retail,Winter
Barishal,Barishal,Nathullabad Market,Mustard,BARI Sarisha-17,Oil Seeds,37,6513,7055,6784,5/11/2022,Grade A,High,High,Wholesale,Winter
Chattogram,Noakhali,Maijdee Bazar,Mustard,BARI Sarisha-14,Oil Seeds,18,2296,2488,2392,3/2/2020,Grade C,High,Low,Wholesale,Winter
Dhaka,Dhaka,Karwan Bazar,Mustard,BARI Sarisha-17,Oil Seeds,1,1505,1631,1568,10/25/2021,Premium,Low,Medium,Wholesale,Winter
Khulna,Satkhira,Satkhira Market,Mustard,BARI Sarisha-17,Oil Seeds,12,4239,4593,4416,4/23/2023,Grade C,High,High,Wholesale,Winter
Dhaka,Manikganj,Manikganj Bazar,Mustard,BARI Sarisha-17,Oil Seeds,7,2480,2686,2583,10/11/2023,Grade A,Low,Medium,Retail,Winter
Rajshahi,Naogaon,Naogaon Sadar Market,Mustard,BARI Sarisha-14,Oil Seeds,4,4946,5358,5152,12/1/2020,Grade C,High,Medium,Retail,Winter
Dhaka,Narayanganj,Chashara Market,Mustard,BARI Sarisha-14,Oil Seeds,6,3696,4004,3850,1/3/2020,Grade B,Low,Medium,Wholesale,Winter
Dhaka,Narayanganj,Chashara Market,Mustard,BARI Sarisha-17,Oil Seeds,50,5316,5760,5538,1/8/2020,Grade A,High,Low,Retail,Winter
Dhaka,Dhaka,Karwan Bazar,Mustard,BARI Sarisha-14,Oil Seeds,0.3,2363,2559,2461,3/13/2024,Grade C,Low,Low,Wholesale,Winter
Rajshahi,Pabna,Pabna Sadar Market,Mustard,BARI Sarisha-14,Oil Seeds,85,10325,11185,10755,5/31/2024,Grade C,Medium,High,Retail,Winter
Chattogram,Noakhali,Maijdee Bazar,Mustard,BARI Sarisha-17,Oil Seeds,14,1590,1722,1656,9/14/2021,Grade C,High,High,Retail,Winter
Chattogram,Feni,Feni Sadar Market,Mustard,BARI Sarisha-14,Oil Seeds,282,4783,5181,4982,10/25/2021,Grade A,Medium,Low,Retail,Winter
Chattogram,Cumilla,Kandirpar Market,Mustard,BARI Sarisha-17,Oil Seeds,18,1904,2062,1983,1/15/2020,Grade C,Medium,High,Retail,Winter
Barishal,Patuakhali,Patuakhali Sadar Market,Mustard,BARI Sarisha-14,Oil Seeds,27,4884,5292,5088,9/1/2023,Grade A,Medium,Medium,Wholesale,Winter
Dhaka,Gazipur,Joydebpur Market,Mustard,BARI Sarisha-17,Oil Seeds,108,1935,2097,2016,6/5/2021,Premium,Low,Medium,Retail,Winter
Khulna,Satkhira,Satkhira Market,Mustard,BARI Sarisha-17,Oil Seeds,22,4672,5062,4867,12/7/2022,Grade C,High,High,Wholesale,Winter
Barishal,Patuakhali,Patuakhali Sadar Market,Mustard,BARI Sarisha-14,Oil Seeds,16,6056,6560,6308,1/25/2022,Grade A,High,Low,Wholesale,Winter
Dhaka,Tangail,Tangail Sadar Market,Mustard,BARI Sarisha-17,Oil Seeds,20.2,2280,2470,2375,3/4/2024,Grade B,Medium,High,Retail,Winter
Chattogram,Feni,Feni Sadar Market,Mustard,BARI Sarisha-14,Oil Seeds,77,6035,6537,6286,7/5/2022,Grade A,Low,Low,Retail,Winter
Rajshahi,Pabna,Pabna Sadar Market,Mustard,BARI Sarisha-17,Oil Seeds,52.5,2544,2756,2650,9/23/2024,Grade B,Medium,Medium,Retail,Winter
Dhaka,Tangail,Tangail Sadar Market,Mustard,BARI Sarisha-14,Oil Seeds,65,5564,6028,5796,5/22/2021,Grade C,Medium,High,Wholesale,Winter
Dhaka,Tangail,Tangail Sadar Market,Mustard,BARI Sarisha-14,Oil Seeds,1.57,1968,2132,2050,11/7/2024,Grade B,High,Medium,Wholesale,Winter
Khulna,Jashore,Jashore Bazar,Mustard,BARI Sarisha-17,Oil Seeds,2,7680,8320,8000,8/3/2021,Grade B,Low,Medium,Retail,Winter
Dhaka,Manikganj,Manikganj Bazar,Mustard,BARI Sarisha-17,Oil Seeds,25,4986,5402,5194,9/1/2023,Grade A,High,Medium,Wholesale,Winter
Chattogram,Noakhali,Maijdee Bazar,Mustard,BARI Sarisha-17,Oil Seeds,7,11397,12347,11872,4/13/2024,Grade A,High,High,Retail,Winter
Chattogram,Cumilla,Kandirpar Market,Mustard,BARI Sarisha-14,Oil Seeds,5,2736,2964,2850,10/7/2023,Grade B,High,Low,Wholesale,Winter
Dhaka,Dhaka,Karwan Bazar,Mustard,BARI Sarisha-14,Oil Seeds,92,4620,5004,4812,10/7/2022,Grade B,Medium,Low,Wholesale,Winter
Rajshahi,Bogura,Satmatha Market,Mustard,BARI Sarisha-14,Oil Seeds,200,7236,7838,7537,4/4/2022,Grade A,Medium,High,Retail,Winter
Barishal,Patuakhali,Patuakhali Sadar Market,Mustard,BARI Sarisha-14,Oil Seeds,84,8611,9329,8970,6/6/2023,Grade C,Medium,Low,Retail,Winter
Dhaka,Manikganj,Manikganj Bazar,Mustard,BARI Sarisha-14,Oil Seeds,3,5277,5717,5497,9/7/2020,Grade C,Medium,Medium,Wholesale,Winter
Dhaka,Gazipur,Joydebpur Market,Mustard,BARI Sarisha-14,Oil Seeds,10,2391,2591,2491,10/15/2022,Grade A,Low,High,Wholesale,Winter
Dhaka,Tangail,Tangail Sadar Market,Mustard,BARI Sarisha-14,Oil Seeds,7.4,4253,4607,4430,4/13/2024,Grade B,Low,Medium,Wholesale,Winter
Chattogram,Feni,Feni Sadar Market,Mustard,BARI Sarisha-17,Oil Seeds,8,7734,8378,8056,8/2/2022,Grade A,Low,High,Retail,Winter
Khulna,Jashore,Jashore Bazar,Mustard,BARI Sarisha-14,Oil Seeds,23,6411,6945,6678,6/10/2022,Grade A,Low,High,Wholesale,Winter
Dhaka,Gazipur,Joydebpur Market,Mustard,BARI Sarisha-17,Oil Seeds,23,4836,5238,5037,12/11/2023,Grade A,Medium,Medium,Wholesale,Winter
Dhaka,Manikganj,Manikganj Bazar,Mustard,BARI Sarisha-17,Oil Seeds,1,1728,1872,1800,3/1/2022,Grade B,Low,Medium,Retail,Winter
Dhaka,Dhaka,Karwan Bazar,Mustard,BARI Sarisha-14,Oil Seeds,70,4884,5292,5088,5/12/2023,Grade A,Medium,Medium,Retail,Winter
Chattogram,Cox's Bazar,Cox's Bazar Market,Mustard,BARI Sarisha-14,Oil Seeds,6,967,1047,1007,8/11/2020,Grade A,Medium,High,Retail,Winter
Dhaka,Gazipur,Joydebpur Market,Mustard,BARI Sarisha-17,Oil Seeds,60,4040,4376,4208,3/28/2024,Grade B,Low,Low,Retail,Winter
Barishal,Patuakhali,Patuakhali Sadar Market,Mustard,BARI Sarisha-14,Oil Seeds,19,5760,6240,6000,3/5/2022,Grade B,High,Low,Wholesale,Winter
Barishal,Patuakhali,Patuakhali Sadar Market,Mustard,BARI Sarisha-17,Oil Seeds,41,5800,6284,6042,5/19/2022,Grade A,Low,Medium,Retail,Winter
Barishal,Bhola,Bhola Bazar,Mustard,BARI Sarisha-17,Oil Seeds,138,5292,5732,5512,10/13/2021,Grade A,Medium,Medium,Retail,Winter
Rajshahi,Pabna,Pabna Sadar Market,Mustard,BARI Sarisha-14,Oil Seeds,250,4783,5181,4982,9/20/2023,Grade A,Medium,Low,Wholesale,Winter
Dhaka,Narayanganj,Chashara Market,Mustard,BARI Sarisha-14,Oil Seeds,4.5,2483,2689,2586,10/16/2024,Grade A,Low,High,Retail,Winter
Chattogram,Cumilla,Kandirpar Market,Mustard,BARI Sarisha-17,Oil Seeds,125,10481,11355,10918,5/9/2024,Grade A,Medium,Medium,Retail,Winter
Chattogram,Cox's Bazar,Cox's Bazar Market,Mustard,BARI Sarisha-14,Oil Seeds,45,7449,8069,7759,2/11/2023,Grade A,Medium,Low,Retail,Winter
Rajshahi,Bogura,Satmatha Market,Mustard,BARI Sarisha-17,Oil Seeds,14,2456,2660,2558,12/16/2022,Grade C,High,High,Wholesale,Winter
Dhaka,Dhaka,Karwan Bazar,Mustard,BARI Sarisha-14,Oil Seeds,22,4168,4516,4342,10/14/2022,Grade C,Low,Medium,Retail,Winter
Dhaka,Manikganj,Manikganj Bazar,Mustard,BARI Sarisha-17,Oil Seeds,50,4690,5080,4885,5/8/2023,Grade B,Low,High,Wholesale,Winter
Dhaka,Gazipur,Joydebpur Market,Mustard,BARI Sarisha-14,Oil Seeds,51,5241,5677,5459,6/10/2020,Grade A,Low,Low,Retail,Winter
Dhaka,Tangail,Tangail Sadar Market,Mustard,BARI Sarisha-17,Oil Seeds,2,2239,2425,2332,2/23/2024,Grade A,High,High,Retail,Winter
Dhaka,Dhaka,Karwan Bazar,Mustard,BARI Sarisha-14,Oil Seeds,14.6,10023,10859,10441,3/27/2024,Grade A,High,Medium,Wholesale,Winter
Khulna,Kushtia,Kushtia Boro Bazar,Mustard,BARI Sarisha-17,Oil Seeds,9,8446,9150,8798,12/20/2022,Grade A,Low,Medium,Retail,Winter
Chattogram,Chattogram,Agrabad Market,Mustard,BARI Sarisha-14,Oil Seeds,10,1590,1722,1656,12/14/2021,Grade C,Medium,Low,Retail,Winter
Barishal,Barishal,Nathullabad Market,Mustard,BARI Sarisha-17,Oil Seeds,0.3,2544,2756,2650,11/21/2024,Grade A,High,High,Wholesale,Winter
Chattogram,Chattogram,Agrabad Market,Mustard,BARI Sarisha-17,Oil Seeds,112,6533,7077,6805,5/10/2022,Grade B,Low,High,Retail,Winter
Chattogram,Chattogram,Agrabad Market,Mustard,BARI Sarisha-14,Oil Seeds,3,1745,1891,1818,2/12/2022,Grade A,Medium,Medium,Wholesale,Winter
Khulna,Khulna,Khulna New Market,Mustard,BARI Sarisha-17,Oil Seeds,272,3621,3923,3772,6/6/2020,Grade C,High,Medium,Retail,Winter
Barishal,Bhola,Bhola Bazar,Mustard,BARI Sarisha-14,Oil Seeds,8,1901,2059,1980,12/13/2021,Grade A,Medium,Low,Retail,Winter
Chattogram,Feni,Feni Sadar Market,Mustard,BARI Sarisha-17,Oil Seeds,4,1867,2023,1945,12/28/2021,Grade A,Low,High,Wholesale,Winter
Chattogram,Chattogram,Agrabad Market,Mustard,BARI Sarisha-17,Oil Seeds,35,2309,2501,2405,2/24/2024,Grade B,High,High,Retail,Winter
Chattogram,Feni,Feni Sadar Market,Mustard,BARI Sarisha-14,Oil Seeds,2,4742,5138,4940,12/18/2021,Grade B,Medium,Medium,Wholesale,Winter
Dhaka,Gazipur,Joydebpur Market,Mustard,BARI Sarisha-17,Oil Seeds,25,6028,6530,6279,7/12/2022,Grade C,Low,High,Retail,Winter
Dhaka,Dhaka,Karwan Bazar,Mustard,BARI Sarisha-17,Oil Seeds,105,4579,4961,4770,10/25/2021,Grade A,High,Low,Retail,Winter
Rajshahi,Pabna,Pabna Sadar Market,Mustard,BARI Sarisha-17,Oil Seeds,210,8832,9568,9200,2/7/2024,Grade C,Medium,High,Wholesale,Winter
Dhaka,Narayanganj,Chashara Market,Mustard,BARI Sarisha-17,Oil Seeds,60,4404,4772,4588,11/23/2023,Grade C,Medium,Low,Wholesale,Winter
Dhaka,Gazipur,Joydebpur Market,Mustard,BARI Sarisha-14,Oil Seeds,1,2467,2673,2570,2/9/2023,Grade A,Medium,High,Retail,Winter
Barishal,Barishal,Nathullabad Market,Mustard,BARI Sarisha-17,Oil Seeds,38,8650,9370,9010,1/23/2024,Grade A,Low,High,Wholesale,Winter
Barishal,Barishal,Nathullabad Market,Mustard,BARI Sarisha-17,Oil Seeds,64,5021,5439,5230,12/22/2022,Grade B,Medium,High,Wholesale,Winter
Dhaka,Narayanganj,Chashara Market,Mustard,BARI Sarisha-14,Oil Seeds,4,4992,5408,5200,8/28/2022,Grade B,Medium,High,Retail,Winter
Rajshahi,Rajshahi,Shaheb Bazar,Mustard,BARI Sarisha-17,Oil Seeds,250,4627,5013,4820,9/13/2023,Grade B,Low,High,Wholesale,Winter
Dhaka,Dhaka,Karwan Bazar,Mustard,BARI Sarisha-17,Oil Seeds,99,1620,1754,1687,3/17/2021,Grade B,High,Low,Retail,Winter
Dhaka,Tangail,Tangail Sadar Market,Mustard,BARI Sarisha-17,Oil Seeds,19,2544,2756,2650,8/2/2024,Grade B,High,Medium,Retail,Winter
Dhaka,Manikganj,Manikganj Bazar,Mustard,BARI Sarisha-17,Oil Seeds,152,5040,5460,5250,2/18/2020,Grade B,Low,Low,Retail,Winter
Dhaka,Gazipur,Joydebpur Market,Mustard,BARI Sarisha-14,Oil Seeds,70,4195,4545,4370,6/5/2023,Grade C,Medium,High,Retail,Winter
Chattogram,Noakhali,Maijdee Bazar,Mustard,BARI Sarisha-14,Oil Seeds,20,3886,4210,4048,1/23/2020,Grade C,Medium,Medium,Wholesale,Winter
Chattogram,Noakhali,Maijdee Bazar,Mustard,BARI Sarisha-14,Oil Seeds,3,1855,2009,1932,10/28/2023,Grade C,Medium,Low,Wholesale,Winter
Chattogram,Chattogram,Agrabad Market,Mustard,BARI Sarisha-14,Oil Seeds,6,2256,2444,2350,11/3/2020,Grade B,Medium,Medium,Wholesale,Winter
Chattogram,Noakhali,Maijdee Bazar,Mustard,BARI Sarisha-17,Oil Seeds,15,11424,12376,11900,8/14/2024,Premium,High,Low,Wholesale,Winter
Chattogram,Chattogram,Agrabad Market,Mustard,BARI Sarisha-14,Oil Seeds,25,10191,11041,10616,8/26/2023,Grade A,Medium,Low,Wholesale,Winter
Dhaka,Gazipur,Joydebpur Market,Mustard,BARI Sarisha-17,Oil Seeds,1,9539,10333,9936,8/27/2023,Grade C,Medium,Medium,Retail,Winter
Rajshahi,Bogura,Satmatha Market,Mustard,BARI Sarisha-17,Oil Seeds,27.5,3118,3378,3248,11/21/2024,Premium,Medium,Low,Wholesale,Winter
Dhaka,Manikganj,Manikganj Bazar,Mustard,BARI Sarisha-14,Oil Seeds,6,1425,1543,1484,10/10/2020,Grade A,High,Low,Wholesale,Winter
Chattogram,Cumilla,Kandirpar Market,Mustard,BARI Sarisha-14,Oil Seeds,2,912,988,950,8/6/2020,Grade B,Medium,Medium,Wholesale,Winter
Dhaka,Gazipur,Joydebpur Market,Mustard,BARI Sarisha-14,Oil Seeds,95,2285,2475,2380,3/20/2023,Premium,High,High,Retail,Winter
Dhaka,Dhaka,Karwan Bazar,Mustard,BARI Sarisha-14,Oil Seeds,6,1512,1638,1575,12/11/2020,Grade B,High,Medium,Wholesale,Winter
Dhaka,Gazipur,Joydebpur Market,Mustard,BARI Sarisha-17,Oil Seeds,1,1653,1791,1722,4/24/2021,Grade A,High,Low,Wholesale,Winter
Barishal,Bhola,Bhola Bazar,Mustard,BARI Sarisha-14,Oil Seeds,5,6271,6793,6532,9/3/2022,Grade C,Medium,Medium,Retail,Winter
Dhaka,Tangail,Tangail Sadar Market,Mustard,BARI Sarisha-14,Oil Seeds,12,2290,2480,2385,8/18/2022,Grade A,Low,High,Retail,Winter
Chattogram,Cumilla,Kandirpar Market,Mustard,BARI Sarisha-17,Oil Seeds,8,9860,10682,10271,6/15/2023,Grade A,High,Low,Retail,Winter
Dhaka,Gazipur,Joydebpur Market,Mustard,BARI Sarisha-14,Oil Seeds,50,6289,6813,6551,10/4/2021,Grade A,Medium,Low,Retail,Winter
Barishal,Barishal,Nathullabad Market,Mustard,BARI Sarisha-17,Oil Seeds,47,6451,6989,6720,12/22/2021,Premium,Medium,Medium,Wholesale,Winter
Chattogram,Cumilla,Kandirpar Market,Mustard,BARI Sarisha-17,Oil Seeds,8,1598,1732,1665,9/20/2021,Grade C,Medium,High,Retail,Winter
Rajshahi,Rajshahi,Shaheb Bazar,Mustard,BARI Sarisha-17,Oil Seeds,85,11833,12819,12326,4/22/2024,Premium,Low,Medium,Retail,Winter
Chattogram,Noakhali,Maijdee Bazar,Mustard,BARI Sarisha-14,Oil Seeds,1,1501,1627,1564,5/22/2020,Grade C,Medium,Low,Retail,Winter
Rajshahi,Pabna,Pabna Sadar Market,Mustard,BARI Sarisha-17,Oil Seeds,140,7468,8090,7779,5/6/2023,Grade C,Medium,Medium,Retail,Winter
Barishal,Bhola,Bhola Bazar,Mustard,BARI Sarisha-14,Oil Seeds,49,6106,6614,6360,2/8/2022,Grade A,Medium,Medium,Retail,Winter
Barishal,Barishal,Nathullabad Market,Mustard,BARI Sarisha-17,Oil Seeds,48.8,3798,4114,3956,5/15/2024,Grade C,Low,Medium,Retail,Winter
Dhaka,Tangail,Tangail Sadar Market,Mustard,BARI Sarisha-14,Oil Seeds,14.06,4030,4366,4198,8/12/2024,Grade B,Low,High,Wholesale,Winter
Rajshahi,Pabna,Pabna Sadar Market,Mustard,BARI Sarisha-14,Oil Seeds,255,1765,1913,1839,5/19/2021,Grade A,Medium,High,Wholesale,Winter
Rajshahi,Bogura,Satmatha Market,Mustard,BARI Sarisha-14,Oil Seeds,80,1675,1815,1745,8/12/2021,Grade B,Medium,High,Wholesale,Winter
Dhaka,Narayanganj,Chashara Market,Mustard,BARI Sarisha-14,Oil Seeds,30,4392,4758,4575,11/9/2021,Grade B,Low,Medium,Wholesale,Winter
Rajshahi,Naogaon,Naogaon Sadar Market,Mustard,BARI Sarisha-17,Oil Seeds,750,4909,5319,5114,2/25/2021,Grade A,Medium,Medium,Wholesale,Winter
Barishal,Bhola,Bhola Bazar,Mustard,BARI Sarisha-17,Oil Seeds,4,2195,2377,2286,10/3/2022,Grade A,Medium,High,Wholesale,Winter
Dhaka,Manikganj,Manikganj Bazar,Mustard,BARI Sarisha-14,Oil Seeds,200,4838,5242,5040,1/13/2024,Premium,Medium,Medium,Wholesale,Winter
Dhaka,Narayanganj,Chashara Market,Mustard,BARI Sarisha-17,Oil Seeds,250,1628,1764,1696,3/31/2021,Grade A,Low,Medium,Wholesale,Winter
Dhaka,Gazipur,Joydebpur Market,Mustard,BARI Sarisha-17,Oil Seeds,54,4550,4930,4740,11/23/2023,Grade B,High,Low,Wholesale,Winter
Dhaka,Manikganj,Manikganj Bazar,Mustard,BARI Sarisha-14,Oil Seeds,61,5388,5836,5612,2/20/2022,Grade C,High,Low,Retail,Winter
Dhaka,Tangail,Tangail Sadar Market,Mustard,BARI Sarisha-17,Oil Seeds,75,4301,4659,4480,1/28/2021,Premium,High,Medium,Wholesale,Winter
Chattogram,Noakhali,Maijdee Bazar,Mustard,BARI Sarisha-14,Oil Seeds,75,4442,4812,4627,2/21/2024,Grade A,High,Low,Wholesale,Winter
Dhaka,Manikganj,Manikganj Bazar,Mustard,BARI Sarisha-17,Oil Seeds,2.3,4325,4685,4505,4/22/2024,Grade A,Medium,Medium,Wholesale,Winter
Dhaka,Narayanganj,Chashara Market,Mustard,BARI Sarisha-14,Oil Seeds,53,2016,2184,2100,5/9/2022,Grade B,Low,Low,Wholesale,Winter
Dhaka,Gazipur,Joydebpur Market,Mustard,BARI Sarisha-14,Oil Seeds,10,1068,1158,1113,12/21/2020,Grade A,Low,Medium,Retail,Winter
Chattogram,Cox's Bazar,Cox's Bazar Market,Mustard,BARI Sarisha-14,Oil Seeds,5,2189,2371,2280,7/14/2023,Grade B,Medium,Medium,Wholesale,Winter
Chattogram,Noakhali,Maijdee Bazar,Mustard,BARI Sarisha-17,Oil Seeds,24,4090,4430,4260,3/21/2024,Grade B,High,Medium,Wholesale,Winter
Dhaka,Gazipur,Joydebpur Market,Mustard,BARI Sarisha-14,Oil Seeds,25,4951,5363,5157,3/24/2021,Grade C,Medium,Medium,Retail,Winter
Dhaka,Dhaka,Karwan Bazar,Mustard,BARI Sarisha-17,Oil Seeds,39,1776,1924,1850,5/11/2024,Grade B,Medium,Low,Retail,Winter
Barishal,Patuakhali,Patuakhali Sadar Market,Mustard,BARI Sarisha-14,Oil Seeds,1.6,5197,5631,5414,12/1/2021,Grade C,High,High,Wholesale,Winter
Khulna,Satkhira,Satkhira Market,Mustard,BARI Sarisha-17,Oil Seeds,251,4593,4975,4784,12/10/2020,Grade C,Medium,High,Retail,Winter
Dhaka,Manikganj,Manikganj Bazar,Mustard,BARI Sarisha-17,Oil Seeds,65,4732,5126,4929,11/8/2023,Grade A,High,Medium,Retail,Winter
Dhaka,Dhaka,Karwan Bazar,Mustard,BARI Sarisha-14,Oil Seeds,3,5506,5964,5735,12/14/2020,Grade A,Low,Medium,Retail,Winter
Chattogram,Noakhali,Maijdee Bazar,Mustard,BARI Sarisha-14,Oil Seeds,5,2698,2922,2810,7/15/2023,Grade B,Low,Low,Wholesale,Winter
Chattogram,Noakhali,Maijdee Bazar,Mustard,BARI Sarisha-14,Oil Seeds,9,2478,2684,2581,7/16/2024,Grade A,Medium,High,Wholesale,Winter
Khulna,Jashore,Jashore Bazar,Mustard,BARI Sarisha-14,Oil Seeds,18,4107,4449,4278,3/2/2021,Grade C,Medium,Low,Retail,Winter
Chattogram,Noakhali,Maijdee Bazar,Mustard,BARI Sarisha-17,Oil Seeds,15,1632,1768,1700,5/17/2020,Grade B,Medium,High,Wholesale,Winter
Dhaka,Manikganj,Manikganj Bazar,Mustard,BARI Sarisha-17,Oil Seeds,15,7526,8154,7840,7/22/2022,Premium,Low,Low,Retail,Winter
Barishal,Barishal,Nathullabad Market,Mustard,BARI Sarisha-14,Oil Seeds,12.9,10128,10972,10550,7/26/2024,Grade B,Medium,Medium,Retail,Winter
Dhaka,Tangail,Tangail Sadar Market,Mustard,BARI Sarisha-14,Oil Seeds,137,4944,5356,5150,11/23/2022,Grade B,Medium,Low,Retail,Winter
Chattogram,Feni,Feni Sadar Market,Mustard,BARI Sarisha-17,Oil Seeds,30,3552,3848,3700,11/21/2020,Grade B,High,Medium,Retail,Winter
Dhaka,Narayanganj,Chashara Market,Mustard,BARI Sarisha-14,Oil Seeds,3,3521,3815,3668,5/6/2020,Grade A,High,High,Wholesale,Winter
Dhaka,Gazipur,Joydebpur Market,Mustard,BARI Sarisha-14,Oil Seeds,362.4,12849,13919,13384,5/27/2024,Premium,Medium,Low,Wholesale,Winter
Dhaka,Manikganj,Manikganj Bazar,Mustard,BARI Sarisha-17,Oil Seeds,46,7725,8369,8047,1/16/2024,Grade C,High,High,Wholesale,Winter
Dhaka,Gazipur,Joydebpur Market,Mustard,BARI Sarisha-17,Oil Seeds,60,6584,7132,6858,4/18/2022,Grade A,Low,Medium,Wholesale,Winter
Khulna,Jashore,Jashore Bazar,Mustard,BARI Sarisha-17,Oil Seeds,8,5947,6443,6195,4/9/2022,Grade B,Medium,Low,Wholesale,Winter
Khulna,Jashore,Jashore Bazar,Mustard,BARI Sarisha-17,Oil Seeds,3.5,4254,4608,4431,5/17/2024,Grade A,High,Medium,Wholesale,Winter
Dhaka,Narayanganj,Chashara Market,Mustard,BARI Sarisha-17,Oil Seeds,20,1872,2028,1950,2/6/2024,Grade B,Low,Medium,Wholesale,Winter
Khulna,Jashore,Jashore Bazar,Mustard,BARI Sarisha-14,Oil Seeds,5.9,10278,11134,10706,7/23/2024,Grade A,Low,Medium,Wholesale,Winter
Khulna,Khulna,Khulna New Market,Mustard,BARI Sarisha-14,Oil Seeds,16,4464,4836,4650,7/14/2023,Grade B,Medium,Low,Wholesale,Winter
Barishal,Barishal,Nathullabad Market,Mustard,BARI Sarisha-14,Oil Seeds,78,8894,9636,9265,1/30/2024,Grade B,High,Low,Retail,Winter
Dhaka,Narayanganj,Chashara Market,Mustard,BARI Sarisha-17,Oil Seeds,9,6480,7020,6750,2/1/2023,Grade B,Low,High,Retail,Winter
Chattogram,Noakhali,Maijdee Bazar,Mustard,BARI Sarisha-17,Oil Seeds,1,2393,2593,2493,12/24/2022,Grade A,Medium,High,Wholesale,Winter
Khulna,Jashore,Jashore Bazar,Mustard,BARI Sarisha-17,Oil Seeds,28,8924,9668,9296,12/16/2022,Premium,Low,Medium,Wholesale,Winter
Dhaka,Dhaka,Karwan Bazar,Mustard,BARI Sarisha-17,Oil Seeds,104,4946,5358,5152,2/3/2020,Grade A,Low,Medium,Retail,Winter
Rajshahi,Bogura,Satmatha Market,Mustard,BARI Sarisha-17,Oil Seeds,4,9216,9984,9600,11/22/2023,Grade B,High,Low,Wholesale,Winter
Dhaka,Narayanganj,Chashara Market,Mustard,BARI Sarisha-17,Oil Seeds,54,5026,5444,5235,5/18/2022,Grade C,Medium,High,Retail,Winter
Chattogram,Cox's Bazar,Cox's Bazar Market,Mustard,BARI Sarisha-14,Oil Seeds,12,1935,2097,2016,10/28/2021,Premium,Medium,Medium,Wholesale,Winter
Dhaka,Tangail,Tangail Sadar Market,Mustard,BARI Sarisha-14,Oil Seeds,1,5322,5766,5544,7/8/2021,Grade C,Low,Medium,Retail,Winter
Chattogram,Cumilla,Kandirpar Market,Mustard,BARI Sarisha-14,Oil Seeds,3,2124,2302,2213,9/20/2023,Grade C,Low,Medium,Wholesale,Winter
Chattogram,Noakhali,Maijdee Bazar,Mustard,BARI Sarisha-14,Oil Seeds,5,4769,5167,4968,12/26/2020,Grade C,High,Low,Wholesale,Winter
Chattogram,Feni,Feni Sadar Market,Mustard,BARI Sarisha-14,Oil Seeds,415,8817,9551,9184,3/13/2024,Premium,Medium,High,Wholesale,Winter
Barishal,Barishal,Nathullabad Market,Mustard,BARI Sarisha-14,Oil Seeds,92,5648,6118,5883,1/7/2022,Grade C,High,Medium,Wholesale,Winter
Chattogram,Feni,Feni Sadar Market,Mustard,BARI Sarisha-17,Oil Seeds,6,956,1036,996,2/13/2021,Grade A,Medium,Low,Wholesale,Winter
Khulna,Jashore,Jashore Bazar,Mustard,BARI Sarisha-17,Oil Seeds,77,8655,9377,9016,1/29/2022,Grade C,High,Low,Wholesale,Winter
Dhaka,Manikganj,Manikganj Bazar,Mustard,BARI Sarisha-17,Oil Seeds,11.7,2544,2756,2650,7/29/2024,Grade B,Medium,High,Retail,Winter
Rajshahi,Bogura,Satmatha Market,Mustard,BARI Sarisha-14,Oil Seeds,65,1876,2032,1954,8/17/2021,Premium,Low,High,Retail,Winter
Dhaka,Gazipur,Joydebpur Market,Mustard,BARI Sarisha-17,Oil Seeds,80,5434,5886,5660,10/1/2021,Grade A,Medium,Low,Wholesale,Winter
Khulna,Satkhira,Satkhira Market,Mustard,BARI Sarisha-14,Oil Seeds,34,6258,6780,6519,6/26/2021,Grade A,Medium,Medium,Wholesale,Winter
Barishal,Barishal,Nathullabad Market,Mustard,BARI Sarisha-14,Oil Seeds,54,6384,6916,6650,4/26/2022,Grade B,High,Medium,Wholesale,Winter
Rajshahi,Pabna,Pabna Sadar Market,Mustard,BARI Sarisha-17,Oil Seeds,16.5,10028,10864,10446,11/8/2024,Grade A,Medium,Low,Wholesale,Winter
Chattogram,Cumilla,Kandirpar Market,Mustard,BARI Sarisha-17,Oil Seeds,2,1038,1124,1081,11/23/2021,Grade C,Medium,Low,Wholesale,Winter
Dhaka,Gazipur,Joydebpur Market,Mustard,BARI Sarisha-17,Oil Seeds,286,4915,5325,5120,7/26/2023,Grade A,Medium,Low,Retail,Winter
Dhaka,Gazipur,Joydebpur Market,Mustard,BARI Sarisha-17,Oil Seeds,6,2179,2361,2270,10/4/2023,Grade B,Medium,Medium,Retail,Winter
Dhaka,Dhaka,Karwan Bazar,Mustard,BARI Sarisha-17,Oil Seeds,53,2519,2729,2624,3/15/2023,Grade A,High,Medium,Wholesale,Winter
Dhaka,Gazipur,Joydebpur Market,Mustard,BARI Sarisha-17,Oil Seeds,2,7104,7696,7400,8/28/2022,Grade B,High,Medium,Wholesale,Winter
Chattogram,Cox's Bazar,Cox's Bazar Market,Mustard,BARI Sarisha-17,Oil Seeds,115,2112,2288,2200,5/22/2024,Grade B,High,Low,Wholesale,Winter
Dhaka,Manikganj,Manikganj Bazar,Mustard,BARI Sarisha-14,Oil Seeds,6,2316,2508,2412,10/14/2022,Grade A,Medium,Low,Wholesale,Winter
Dhaka,Narayanganj,Chashara Market,Mustard,BARI Sarisha-17,Oil Seeds,85,10289,11147,10718,5/31/2024,Grade C,Medium,High,Wholesale,Winter
Chattogram,Feni,Feni Sadar Market,Mustard,BARI Sarisha-14,Oil Seeds,19,1526,1654,1590,8/29/2020,Grade A,Low,Low,Wholesale,Winter
Khulna,Jashore,Jashore Bazar,Mustard,BARI Sarisha-14,Oil Seeds,6,4732,5126,4929,6/6/2023,Grade A,High,Medium,Retail,Winter
Dhaka,Narayanganj,Chashara Market,Mustard,BARI Sarisha-14,Oil Seeds,15.2,2544,2756,2650,6/20/2024,Grade B,Medium,Medium,Wholesale,Winter
Dhaka,Dhaka,Karwan Bazar,Mustard,BARI Sarisha-14,Oil Seeds,362,9024,9776,9400,1/30/2024,Grade B,Medium,Low,Wholesale,Winter
Dhaka,Dhaka,Karwan Bazar,Mustard,BARI Sarisha-17,Oil Seeds,37,2010,2178,2094,3/7/2020,Grade A,Low,Medium,Retail,Winter
Dhaka,Dhaka,Karwan Bazar,Mustard,BARI Sarisha-14,Oil Seeds,22,4752,5148,4950,2/4/2023,Grade B,High,Medium,Wholesale,Winter
Dhaka,Dhaka,Karwan Bazar,Mustard,BARI Sarisha-14,Oil Seeds,23,1501,1627,1564,7/6/2021,Grade C,Medium,Low,Wholesale,Winter
Dhaka,Gazipur,Joydebpur Market,Mustard,BARI Sarisha-17,Oil Seeds,1,1374,1488,1431,10/26/2021,Grade A,High,Medium,Retail,Winter
Dhaka,Dhaka,Karwan Bazar,Mustard,BARI Sarisha-14,Oil Seeds,8,2496,2704,2600,2/24/2024,Grade B,Medium,Medium,Wholesale,Winter
Rajshahi,Naogaon,Naogaon Sadar Market,Mustard,BARI Sarisha-14,Oil Seeds,105,5760,6240,6000,10/8/2021,Grade B,Medium,Medium,Wholesale,Winter
Dhaka,Tangail,Tangail Sadar Market,Mustard,BARI Sarisha-14,Oil Seeds,47,4946,5358,5152,1/29/2022,Grade C,Low,Low,Wholesale,Winter
Chattogram,Chattogram,Agrabad Market,Mustard,BARI Sarisha-14,Oil Seeds,380,7776,8424,8100,3/16/2024,Grade B,Medium,Medium,Retail,Winter
Dhaka,Gazipur,Joydebpur Market,Mustard,BARI Sarisha-14,Oil Seeds,2,5213,5647,5430,11/17/2022,Grade B,Low,Medium,Wholesale,Winter
Dhaka,Dhaka,Karwan Bazar,Mustard,BARI Sarisha-17,Oil Seeds,25,1872,2028,1950,9/22/2023,Grade B,Medium,High,Retail,Winter
Dhaka,Dhaka,Karwan Bazar,Mustard,BARI Sarisha-17,Oil Seeds,1,1192,1292,1242,11/25/2020,Grade C,High,Medium,Retail,Winter
Khulna,Kushtia,Kushtia Boro Bazar,Mustard,BARI Sarisha-14,Oil Seeds,25,4128,4472,4300,7/11/2020,Grade B,Medium,Medium,Retail,Winter
Chattogram,Cox's Bazar,Cox's Bazar Market,Mustard,BARI Sarisha-14,Oil Seeds,207,6106,6614,6360,1/22/2022,Grade A,Medium,High,Wholesale,Winter
Dhaka,Manikganj,Manikganj Bazar,Mustard,BARI Sarisha-17,Oil Seeds,8,5851,6339,6095,6/22/2022,Grade A,Low,Low,Wholesale,Winter
Dhaka,Tangail,Tangail Sadar Market,Mustard,BARI Sarisha-17,Oil Seeds,26.1,2318,2512,2415,5/29/2024,Grade C,Low,Low,Wholesale,Winter
Dhaka,Gazipur,Joydebpur Market,Mustard,BARI Sarisha-17,Oil Seeds,4,7530,8158,7844,10/16/2022,Grade A,High,Medium,Retail,Winter
Barishal,Barishal,Nathullabad Market,Mustard,BARI Sarisha-17,Oil Seeds,43.9,4094,4436,4265,3/15/2024,Grade B,Medium,Medium,Retail,Winter
Barishal,Patuakhali,Patuakhali Sadar Market,Mustard,BARI Sarisha-17,Oil Seeds,21,3845,4165,4005,9/27/2023,Grade C,Medium,Low,Retail,Winter
Chattogram,Chattogram,Agrabad Market,Mustard,BARI Sarisha-17,Oil Seeds,9,1501,1627,1564,12/10/2020,Grade A,Medium,Medium,Retail,Winter
Dhaka,Manikganj,Manikganj Bazar,Mustard,BARI Sarisha-17,Oil Seeds,40,5040,5460,5250,11/28/2022,Grade B,High,Medium,Retail,Winter
Dhaka,Narayanganj,Chashara Market,Mustard,BARI Sarisha-14,Oil Seeds,2.29,8650,9370,9010,10/14/2024,Grade A,High,High,Retail,Winter
Khulna,Satkhira,Satkhira Market,Mustard,BARI Sarisha-17,Oil Seeds,29,8497,9205,8851,5/12/2023,Grade A,Medium,Low,Wholesale,Winter
Dhaka,Manikganj,Manikganj Bazar,Mustard,BARI Sarisha-17,Oil Seeds,80,3840,4160,4000,2/3/2021,Grade B,Medium,Low,Retail,Winter
Chattogram,Cox's Bazar,Cox's Bazar Market,Mustard,BARI Sarisha-17,Oil Seeds,10,1704,1846,1775,1/4/2022,Grade B,High,Medium,Retail,Winter
Rajshahi,Rajshahi,Shaheb Bazar,Mustard,BARI Sarisha-17,Oil Seeds,550,6315,6841,6578,3/25/2022,Grade C,Low,Medium,Wholesale,Winter
Dhaka,Manikganj,Manikganj Bazar,Mustard,BARI Sarisha-14,Oil Seeds,160,6207,6725,6466,1/22/2022,Grade A,Low,High,Retail,Winter
Barishal,Bhola,Bhola Bazar,Mustard,BARI Sarisha-14,Oil Seeds,13.2,3806,4124,3965,4/27/2024,Grade C,Medium,Medium,Retail,Winter
Chattogram,Noakhali,Maijdee Bazar,Mustard,BARI Sarisha-17,Oil Seeds,211,4992,5408,5200,5/21/2020,Grade B,High,Medium,Retail,Winter
Rajshahi,Naogaon,Naogaon Sadar Market,Mustard,BARI Sarisha-17,Oil Seeds,300,5544,6006,5775,1/29/2021,Grade B,Medium,High,Retail,Winter
Dhaka,Narayanganj,Chashara Market,Mustard,BARI Sarisha-14,Oil Seeds,132,4200,4550,4375,10/30/2023,Grade B,Low,Medium,Retail,Winter
Dhaka,Narayanganj,Chashara Market,Mustard,BARI Sarisha-14,Oil Seeds,50,9264,10036,9650,7/17/2023,Grade B,Low,Medium,Retail,Winter
Dhaka,Gazipur,Joydebpur Market,Mustard,BARI Sarisha-17,Oil Seeds,26,11128,12056,11592,2/25/2022,Premium,Low,Low,Wholesale,Winter
Chattogram,Chattogram,Agrabad Market,Mustard,BARI Sarisha-17,Oil Seeds,25,5027,5445,5236,3/5/2020,Premium,Low,Medium,Wholesale,Winter
Barishal,Bhola,Bhola Bazar,Mustard,BARI Sarisha-14,Oil Seeds,131,4167,4515,4341,12/3/2020,Grade A,Medium,Medium,Retail,Winter
Chattogram,Noakhali,Maijdee Bazar,Mustard,BARI Sarisha-14,Oil Seeds,24,2391,2591,2491,9/15/2021,Grade A,Low,High,Retail,Winter
Dhaka,Dhaka,Karwan Bazar,Mustard,BARI Sarisha-17,Oil Seeds,15,6106,6614,6360,6/25/2022,Grade A,Medium,Medium,Retail,Winter
Dhaka,Narayanganj,Chashara Market,Mustard,BARI Sarisha-17,Oil Seeds,10,6192,6708,6450,6/7/2021,Grade B,Medium,Low,Wholesale,Winter
Rajshahi,Pabna,Pabna Sadar Market,Mustard,BARI Sarisha-14,Oil Seeds,5,6106,6614,6360,11/7/2020,Grade A,Medium,Low,Wholesale,Winter
Rajshahi,Naogaon,Naogaon Sadar Market,Mustard,BARI Sarisha-14,Oil Seeds,62,9758,10572,10165,6/17/2023,Grade A,Medium,Medium,Wholesale,Winter
Rajshahi,Rajshahi,Shaheb Bazar,Mustard,BARI Sarisha-14,Oil Seeds,400,4200,4550,4375,3/20/2024,Grade B,Medium,High,Wholesale,Winter
Barishal,Barishal,Nathullabad Market,Mustard,BARI Sarisha-14,Oil Seeds,10,1793,1943,1868,10/13/2021,Grade A,High,Medium,Retail,Winter
Dhaka,Gazipur,Joydebpur Market,Mustard,BARI Sarisha-17,Oil Seeds,40,6296,6820,6558,12/8/2021,Grade A,Low,High,Wholesale,Winter
Rajshahi,Bogura,Satmatha Market,Mustard,BARI Sarisha-17,Oil Seeds,240,3623,3925,3774,8/6/2020,Grade A,High,High,Wholesale,Winter
Dhaka,Narayanganj,Chashara Market,Mustard,BARI Sarisha-17,Oil Seeds,30,10690,11580,11135,8/17/2023,Grade A,Medium,High,Retail,Winter
Dhaka,Gazipur,Joydebpur Market,Mustard,BARI Sarisha-14,Oil Seeds,0.6,4623,5009,4816,9/15/2024,Premium,Medium,Medium,Wholesale,Winter
Rajshahi,Rajshahi,Shaheb Bazar,Mustard,BARI Sarisha-17,Oil Seeds,11,2442,2646,2544,1/2/2024,Grade C,Medium,Low,Wholesale,Winter
Chattogram,Feni,Feni Sadar Market,Mustard,BARI Sarisha-17,Oil Seeds,11,2352,2548,2450,9/25/2021,Grade B,Low,Medium,Wholesale,Winter
Chattogram,Noakhali,Maijdee Bazar,Mustard,BARI Sarisha-14,Oil Seeds,80,4401,4767,4584,2/20/2024,Grade A,High,Medium,Wholesale,Winter
Dhaka,Manikganj,Manikganj Bazar,Mustard,BARI Sarisha-14,Oil Seeds,1,5444,5898,5671,7/15/2020,Grade A,Low,Medium,Wholesale,Winter
Chattogram,Cumilla,Kandirpar Market,Mustard,BARI Sarisha-14,Oil Seeds,3,1152,1248,1200,9/3/2021,Grade B,Medium,Low,Retail,Winter
Rajshahi,Pabna,Pabna Sadar Market,Mustard,BARI Sarisha-17,Oil Seeds,6,2602,2818,2710,1/16/2024,Grade B,High,Medium,Wholesale,Winter
Rajshahi,Bogura,Satmatha Market,Mustard,BARI Sarisha-17,Oil Seeds,2,8548,9260,8904,12/8/2023,Grade A,Medium,Medium,Wholesale,Winter
Chattogram,Chattogram,Agrabad Market,Mustard,BARI Sarisha-17,Oil Seeds,17,6434,6970,6702,11/19/2022,Grade C,Medium,Medium,Wholesale,Winter
Chattogram,Cox's Bazar,Cox's Bazar Market,Mustard,BARI Sarisha-14,Oil Seeds,157,7021,7607,7314,3/7/2022,Grade A,Medium,High,Retail,Winter
Rajshahi,Pabna,Pabna Sadar Market,Mustard,BARI Sarisha-17,Oil Seeds,80,2069,2241,2155,5/27/2022,Grade B,Medium,Low,Wholesale,Winter
Dhaka,Gazipur,Joydebpur Market,Mustard,BARI Sarisha-14,Oil Seeds,2,1608,1742,1675,6/17/2020,Grade A,Low,Low,Retail,Winter
Chattogram,Cox's Bazar,Cox's Bazar Market,Mustard,BARI Sarisha-14,Oil Seeds,5,1747,1893,1820,1/13/2022,Grade B,High,Low,Retail,Winter
Dhaka,Manikganj,Manikganj Bazar,Mustard,BARI Sarisha-17,Oil Seeds,1.2,2568,2782,2675,4/30/2024,Grade B,Medium,High,Retail,Winter
Chattogram,Feni,Feni Sadar Market,Mustard,BARI Sarisha-17,Oil Seeds,3,2304,2496,2400,6/17/2023,Grade B,Medium,Medium,Wholesale,Winter
Dhaka,Manikganj,Manikganj Bazar,Mustard,BARI Sarisha-17,Oil Seeds,55.31,4223,4575,4399,10/11/2024,Grade A,Medium,Medium,Wholesale,Winter
Rajshahi,Pabna,Pabna Sadar Market,Mustard,BARI Sarisha-14,Oil Seeds,65,11002,11918,11460,6/14/2024,Grade B,Medium,High,Wholesale,Winter
Chattogram,Cox's Bazar,Cox's Bazar Market,Mustard,BARI Sarisha-17,Oil Seeds,17.9,2429,2631,2530,6/27/2024,Grade B,Medium,High,Retail,Winter
Chattogram,Cumilla,Kandirpar Market,Mustard,BARI Sarisha-17,Oil Seeds,48,1781,1929,1855,6/2/2021,Grade A,Medium,High,Retail,Winter
Chattogram,Cumilla,Kandirpar Market,Mustard,BARI Sarisha-17,Oil Seeds,7,1392,1508,1450,11/4/2020,Grade B,Medium,Medium,Retail,Winter
Rajshahi,Rajshahi,Shaheb Bazar,Mustard,BARI Sarisha-17,Oil Seeds,25,7449,8069,7759,12/12/2022,Grade A,High,Medium,Wholesale,Winter
Chattogram,Feni,Feni Sadar Market,Mustard,BARI Sarisha-14,Oil Seeds,16,2035,2205,2120,3/21/2022,Grade A,High,High,Wholesale,Winter
Chattogram,Cox's Bazar,Cox's Bazar Market,Mustard,BARI Sarisha-14,Oil Seeds,3,1392,1508,1450,1/27/2021,Grade B,High,Low,Wholesale,Winter
Chattogram,Noakhali,Maijdee Bazar,Mustard,BARI Sarisha-17,Oil Seeds,91,6070,6576,6323,1/25/2022,Grade A,Medium,Low,Retail,Winter
Chattogram,Cox's Bazar,Cox's Bazar Market,Mustard,BARI Sarisha-14,Oil Seeds,3,1632,1768,1700,1/28/2021,Grade B,High,Low,Wholesale,Winter
Dhaka,Narayanganj,Chashara Market,Mustard,BARI Sarisha-14,Oil Seeds,414,5004,5420,5212,6/20/2023,Grade A,Low,Medium,Retail,Winter
Barishal,Patuakhali,Patuakhali Sadar Market,Mustard,BARI Sarisha-17,Oil Seeds,12,6768,7332,7050,9/25/2020,Grade A,High,High,Wholesale,Winter
Dhaka,Gazipur,Joydebpur Market,Mustard,BARI Sarisha-14,Oil Seeds,1,2035,2205,2120,3/30/2023,Grade A,Low,Medium,Retail,Winter
Dhaka,Tangail,Tangail Sadar Market,Mustard,BARI Sarisha-14,Oil Seeds,30,6360,6890,6625,4/26/2021,Grade B,Low,High,Wholesale,Winter
Dhaka,Tangail,Tangail Sadar Market,Mustard,BARI Sarisha-14,Oil Seeds,2.7,4022,4358,4190,8/2/2024,Grade B,High,Medium,Wholesale,Winter
Dhaka,Dhaka,Karwan Bazar,Mustard,BARI Sarisha-17,Oil Seeds,2,7584,8216,7900,8/12/2021,Grade B,Low,Low,Wholesale,Winter
Rajshahi,Naogaon,Naogaon Sadar Market,Mustard,BARI Sarisha-17,Oil Seeds,8,2473,2679,2576,1/24/2023,Grade C,Medium,Medium,Retail,Winter
Dhaka,Narayanganj,Chashara Market,Mustard,BARI Sarisha-14,Oil Seeds,120,4656,5044,4850,3/11/2023,Grade B,Low,Low,Wholesale,Winter
Dhaka,Gazipur,Joydebpur Market,Mustard,BARI Sarisha-17,Oil Seeds,10,4282,4638,4460,7/11/2023,Grade B,Medium,High,Retail,Winter
Rajshahi,Rajshahi,Shaheb Bazar,Mustard,BARI Sarisha-17,Oil Seeds,37,10775,11673,11224,9/4/2023,Grade C,Low,Low,Retail,Winter
Khulna,Khulna,Khulna New Market,Mustard,BARI Sarisha-17,Oil Seeds,10,4121,4465,4293,8/23/2024,Grade A,Low,Low,Wholesale,Winter
Chattogram,Feni,Feni Sadar Market,Mustard,BARI Sarisha-17,Oil Seeds,7,1627,1763,1695,7/30/2021,Grade B,Medium,Low,Wholesale,Winter
Khulna,Jashore,Jashore Bazar,Mustard,BARI Sarisha-14,Oil Seeds,19,5190,5622,5406,12/9/2022,Grade A,Medium,High,Retail,Winter
Dhaka,Dhaka,Karwan Bazar,Mustard,BARI Sarisha-14,Oil Seeds,211,10736,11630,11183,3/26/2022,Grade A,Medium,Medium,Retail,Winter
Chattogram,Cumilla,Kandirpar Market,Mustard,BARI Sarisha-14,Oil Seeds,374,6106,6614,6360,1/8/2022,Grade A,Low,Low,Retail,Winter
Chattogram,Cumilla,Kandirpar Market,Mustard,BARI Sarisha-17,Oil Seeds,4,2385,2583,2484,2/18/2020,Grade C,Low,Low,Retail,Winter
Dhaka,Narayanganj,Chashara Market,Mustard,BARI Sarisha-14,Oil Seeds,14,7643,8279,7961,7/20/2021,Grade A,Low,Low,Retail,Winter
Dhaka,Gazipur,Joydebpur Market,Mustard,BARI Sarisha-17,Oil Seeds,101,2112,2288,2200,5/4/2022,Grade B,High,High,Wholesale,Winter
Dhaka,Narayanganj,Chashara Market,Mustard,BARI Sarisha-17,Oil Seeds,5.58,10734,11628,11181,7/22/2024,Grade A,High,Low,Retail,Winter
Dhaka,Dhaka,Karwan Bazar,Mustard,BARI Sarisha-14,Oil Seeds,73,8395,9095,8745,5/11/2023,Grade A,Low,Low,Retail,Winter
Chattogram,Cumilla,Kandirpar Market,Mustard,BARI Sarisha-17,Oil Seeds,62,5185,5617,5401,9/22/2022,Grade A,Medium,Low,Retail,Winter
Dhaka,Narayanganj,Chashara Market,Mustard,BARI Sarisha-17,Oil Seeds,264,5688,6162,5925,1/1/2022,Grade B,Medium,Medium,Retail,Winter
Dhaka,Gazipur,Joydebpur Market,Mustard,BARI Sarisha-14,Oil Seeds,30,8832,9568,9200,9/30/2024,Grade C,Low,Low,Retail,Winter
Barishal,Patuakhali,Patuakhali Sadar Market,Mustard,BARI Sarisha-14,Oil Seeds,2,1998,2164,2081,2/14/2024,Grade C,Low,High,Retail,Winter
Chattogram,Feni,Feni Sadar Market,Mustard,BARI Sarisha-17,Oil Seeds,210,5670,6142,5906,2/4/2021,Grade C,Medium,Low,Wholesale,Winter
Chattogram,Cox's Bazar,Cox's Bazar Market,Mustard,BARI Sarisha-17,Oil Seeds,2,1501,1627,1564,9/16/2021,Grade C,Medium,Medium,Wholesale,Winter
Chattogram,Noakhali,Maijdee Bazar,Mustard,BARI Sarisha-17,Oil Seeds,154,4946,5358,5152,8/3/2023,Premium,Low,Low,Retail,Winter
Dhaka,Tangail,Tangail Sadar Market,Mustard,BARI Sarisha-14,Oil Seeds,11.3,4042,4378,4210,5/21/2024,Grade B,High,High,Retail,Winter
Barishal,Bhola,Bhola Bazar,Mustard,BARI Sarisha-14,Oil Seeds,22,5393,5843,5618,1/11/2021,Grade A,Medium,Low,Wholesale,Winter
Chattogram,Cox's Bazar,Cox's Bazar Market,Mustard,BARI Sarisha-14,Oil Seeds,64,6660,7216,6938,8/12/2022,Premium,Low,High,Retail,Winter
Dhaka,Gazipur,Joydebpur Market,Mustard,BARI Sarisha-14,Oil Seeds,192,6869,7441,7155,6/16/2021,Grade A,Medium,Medium,Wholesale,Winter
Barishal,Bhola,Bhola Bazar,Mustard,BARI Sarisha-14,Oil Seeds,5,2340,2534,2437,9/12/2023,Grade B,Low,Medium,Wholesale,Winter
Dhaka,Narayanganj,Chashara Market,Mustard,BARI Sarisha-14,Oil Seeds,222,5970,6468,6219,4/22/2021,Grade C,Medium,Low,Wholesale,Winter
Dhaka,Tangail,Tangail Sadar Market,Mustard,BARI Sarisha-14,Oil Seeds,167,8556,9270,8913,6/19/2023,Grade C,High,Low,Wholesale,Winter
Khulna,Khulna,Khulna New Market,Mustard,BARI Sarisha-14,Oil Seeds,111,8640,9360,9000,3/10/2022,Grade B,Medium,Low,Wholesale,Winter
Khulna,Khulna,Khulna New Market,Mustard,BARI Sarisha-14,Oil Seeds,35,5165,5595,5380,2/6/2020,Grade A,Medium,Medium,Retail,Winter
Dhaka,Narayanganj,Chashara Market,Mustard,BARI Sarisha-14,Oil Seeds,3,7080,7670,7375,10/12/2022,Grade B,Medium,High,Retail,Winter
Khulna,Jashore,Jashore Bazar,Mustard,BARI Sarisha-17,Oil Seeds,172,4768,5166,4967,11/2/2023,Premium,High,Medium,Wholesale,Winter
Khulna,Satkhira,Satkhira Market,Mustard,BARI Sarisha-17,Oil Seeds,4.7,4243,4597,4420,3/18/2024,Grade A,High,Medium,Wholesale,Winter
Barishal,Barishal,Nathullabad Market,Mustard,BARI Sarisha-14,Oil Seeds,4,2526,2736,2631,8/18/2023,Grade A,Medium,Medium,Wholesale,Winter
Dhaka,Dhaka,Karwan Bazar,Mustard,BARI Sarisha-17,Oil Seeds,250,5952,6448,6200,4/9/2022,Grade B,Low,Low,Retail,Winter
Dhaka,Tangail,Tangail Sadar Market,Mustard,BARI Sarisha-17,Oil Seeds,24,1987,2153,2070,3/21/2024,Grade C,Low,Low,Retail,Winter
Khulna,Kushtia,Kushtia Boro Bazar,Mustard,BARI Sarisha-14,Oil Seeds,12,6106,6614,6360,6/4/2021,Grade A,High,High,Wholesale,Winter
Dhaka,Tangail,Tangail Sadar Market,Mustard,BARI Sarisha-14,Oil Seeds,208,4173,4521,4347,2/5/2020,Grade C,Medium,High,Retail,Winter
Rajshahi,Bogura,Satmatha Market,Mustard,BARI Sarisha-17,Oil Seeds,500,2097,2271,2184,3/4/2023,Grade A,High,Medium,Retail,Winter
Dhaka,Dhaka,Karwan Bazar,Mustard,BARI Sarisha-17,Oil Seeds,47,3754,4066,3910,10/12/2023,Grade C,High,Medium,Retail,Winter
Dhaka,Dhaka,Karwan Bazar,Rice,BRRI Dhan-29,Rice,8.7,4080,4420,4250,9/3/2024,Grade B,Medium,Medium,Retail,Monsoon
Dhaka,Manikganj,Manikganj Bazar,Rice,BRRI Dhan-28,Rice,313,9716,10526,10121,5/30/2023,Grade A,High,High,Retail,Monsoon
Rajshahi,Bogura,Satmatha Market,Rice,BRRI Dhan-28,Rice,45,5096,5520,5308,12/30/2021,Grade C,High,Medium,Wholesale,Monsoon
Dhaka,Tangail,Tangail Sadar Market,Rice,BRRI Dhan-28,Rice,20,11040,11960,11500,10/23/2023,Grade B,Medium,Medium,Retail,Monsoon
Khulna,Jashore,Jashore Bazar,Rice,BRRI Dhan-29,Rice,100,4193,4543,4368,10/18/2024,Premium,Low,Medium,Retail,Monsoon
Dhaka,Gazipur,Joydebpur Market,Rice,BRRI Dhan-28,Rice,29,1833,1985,1909,5/29/2020,Grade C,Medium,Medium,Wholesale,Monsoon
Dhaka,Gazipur,Joydebpur Market,Rice,BRRI Dhan-28,Rice,6,5953,6449,6201,7/29/2022,Grade A,Low,Medium,Retail,Monsoon
Dhaka,Dhaka,Karwan Bazar,Rice,BRRI Dhan-29,Rice,85,3612,3914,3763,11/20/2020,Grade A,High,Low,Wholesale,Monsoon
Dhaka,Dhaka,Karwan Bazar,Rice,BRRI Dhan-28,Rice,8,1505,1631,1568,11/22/2021,Premium,High,High,Retail,Monsoon
Dhaka,Tangail,Tangail Sadar Market,Rice,Miniket,Rice,64,1634,1770,1702,3/17/2020,Grade C,Medium,High,Wholesale,Monsoon
Dhaka,Narayanganj,Chashara Market,Rice,BRRI Dhan-29,Rice,12,1832,1984,1908,3/7/2022,Grade A,High,Medium,Wholesale,Monsoon
Dhaka,Tangail,Tangail Sadar Market,Rice,BRRI Dhan-28,Rice,438.6,4591,4973,4782,5/7/2024,Grade A,Medium,Medium,Wholesale,Monsoon
Dhaka,Narayanganj,Chashara Market,Rice,Miniket,Rice,12,5904,6396,6150,6/27/2021,Grade B,Medium,Low,Wholesale,Monsoon
Barishal,Bhola,Bhola Bazar,Rice,Miniket,Rice,22.6,3996,4330,4163,7/22/2024,Grade B,Medium,High,Wholesale,Monsoon
Dhaka,Tangail,Tangail Sadar Market,Rice,BRRI Dhan-28,Rice,1,10157,11003,10580,9/12/2023,Grade C,Medium,Low,Wholesale,Monsoon
Dhaka,Tangail,Tangail Sadar Market,Rice,BRRI Dhan-28,Rice,150,7886,8544,8215,3/16/2023,Grade A,Medium,High,Wholesale,Monsoon
Dhaka,Tangail,Tangail Sadar Market,Rice,BRRI Dhan-28,Rice,483,6081,6587,6334,2/9/2022,Grade A,Low,Medium,Retail,Monsoon
Chattogram,Cumilla,Kandirpar Market,Rice,BRRI Dhan-29,Rice,7,1075,1165,1120,1/19/2021,Premium,Medium,Medium,Retail,Monsoon
Dhaka,Tangail,Tangail Sadar Market,Rice,Miniket,Rice,200,5929,6423,6176,1/27/2021,Grade A,Medium,Medium,Retail,Monsoon
Chattogram,Chattogram,Agrabad Market,Rice,Miniket,Rice,1,1024,1110,1067,2/26/2020,Grade C,Medium,Low,Retail,Monsoon
Chattogram,Cumilla,Kandirpar Market,Rice,BRRI Dhan-29,Rice,120,4952,5364,5158,1/12/2024,Premium,Medium,Medium,Retail,Monsoon
Dhaka,Gazipur,Joydebpur Market,Rice,BRRI Dhan-29,Rice,25,3986,4318,4152,1/1/2021,Grade B,High,High,Wholesale,Monsoon
Chattogram,Cox's Bazar,Cox's Bazar Market,Rice,BRRI Dhan-28,Rice,105,1728,1872,1800,6/1/2020,Grade B,Low,Medium,Retail,Monsoon
Dhaka,Tangail,Tangail Sadar Market,Rice,BRRI Dhan-29,Rice,1.9,2442,2646,2544,8/23/2024,Grade A,Medium,Low,Wholesale,Monsoon
Chattogram,Feni,Feni Sadar Market,Rice,BRRI Dhan-29,Rice,129,7042,7628,7335,1/18/2024,Grade A,High,Medium,Wholesale,Monsoon
Barishal,Patuakhali,Patuakhali Sadar Market,Rice,BRRI Dhan-28,Rice,110,4944,5356,5150,6/1/2020,Grade B,High,Medium,Retail,Monsoon
Dhaka,Dhaka,Karwan Bazar,Rice,BRRI Dhan-29,Rice,10,4935,5347,5141,7/25/2023,Grade A,High,Low,Retail,Monsoon
Chattogram,Feni,Feni Sadar Market,Rice,BRRI Dhan-29,Rice,77,5444,5898,5671,6/9/2020,Grade A,Medium,Low,Retail,Monsoon
Dhaka,Manikganj,Manikganj Bazar,Rice,Miniket,Rice,15.5,2340,2536,2438,7/3/2024,Grade C,Low,Medium,Wholesale,Monsoon
Dhaka,Dhaka,Karwan Bazar,Rice,BRRI Dhan-28,Rice,6,6451,6989,6720,9/9/2021,Premium,Medium,Low,Retail,Monsoon
Rajshahi,Bogura,Satmatha Market,Rice,BRRI Dhan-28,Rice,190,6081,6587,6334,3/22/2022,Grade A,Medium,Low,Wholesale,Monsoon
Chattogram,Chattogram,Agrabad Market,Rice,BRRI Dhan-29,Rice,8,3072,3328,3200,2/23/2023,Grade B,Medium,Medium,Retail,Monsoon
Barishal,Barishal,Nathullabad Market,Rice,BRRI Dhan-28,Rice,423,4248,4602,4425,5/11/2020,Grade B,High,High,Wholesale,Monsoon
Dhaka,Gazipur,Joydebpur Market,Rice,BRRI Dhan-28,Rice,2,1964,2128,2046,7/14/2022,Grade A,Medium,Medium,Wholesale,Monsoon
Khulna,Satkhira,Satkhira Market,Rice,BRRI Dhan-28,Rice,21,5967,6465,6216,1/21/2022,Premium,Medium,Low,Wholesale,Monsoon
Rajshahi,Bogura,Satmatha Market,Rice,BRRI Dhan-29,Rice,900,4368,4732,4550,10/26/2021,Grade B,Low,High,Retail,Monsoon
Dhaka,Dhaka,Karwan Bazar,Rice,BRRI Dhan-29,Rice,27,5083,5507,5295,1/25/2023,Grade A,Low,Medium,Wholesale,Monsoon
Dhaka,Manikganj,Manikganj Bazar,Rice,BRRI Dhan-29,Rice,1,6300,6826,6563,8/28/2021,Premium,Low,Medium,Retail,Monsoon
Barishal,Bhola,Bhola Bazar,Rice,BRRI Dhan-29,Rice,13,6614,7166,6890,3/15/2021,Grade A,Medium,High,Wholesale,Monsoon
Barishal,Patuakhali,Patuakhali Sadar Market,Rice,BRRI Dhan-28,Rice,42,6862,7434,7148,7/7/2022,Premium,High,Low,Retail,Monsoon
Barishal,Bhola,Bhola Bazar,Rice,Miniket,Rice,85,4827,5229,5028,1/22/2021,Grade C,Low,Medium,Retail,Monsoon
Dhaka,Narayanganj,Chashara Market,Rice,BRRI Dhan-29,Rice,12,9264,10036,9650,1/29/2022,Grade B,Medium,Low,Retail,Monsoon
Dhaka,Manikganj,Manikganj Bazar,Rice,Miniket,Rice,723,4778,5176,4977,12/14/2023,Grade A,High,Medium,Wholesale,Monsoon
Rajshahi,Naogaon,Naogaon Sadar Market,Rice,BRRI Dhan-28,Rice,150,7953,8615,8284,2/23/2023,Grade A,Low,Medium,Wholesale,Monsoon
Rajshahi,Rajshahi,Shaheb Bazar,Rice,BRRI Dhan-29,Rice,250,4467,4839,4653,4/3/2024,Grade A,High,Low,Wholesale,Monsoon
Barishal,Barishal,Nathullabad Market,Rice,BRRI Dhan-29,Rice,6,8333,9027,8680,6/14/2023,Grade C,Medium,Low,Wholesale,Monsoon
Dhaka,Dhaka,Karwan Bazar,Rice,BRRI Dhan-28,Rice,1,5862,6350,6106,8/20/2020,Grade A,Low,Medium,Wholesale,Monsoon
Barishal,Patuakhali,Patuakhali Sadar Market,Rice,Miniket,Rice,8,6085,6593,6339,11/26/2021,Premium,High,Low,Wholesale,Monsoon
Barishal,Patuakhali,Patuakhali Sadar Market,Rice,BRRI Dhan-29,Rice,8,6202,6718,6460,12/10/2021,Premium,High,Low,Retail,Monsoon
Chattogram,Feni,Feni Sadar Market,Rice,Miniket,Rice,11,2900,3142,3021,8/23/2022,Grade A,Medium,High,Wholesale,Monsoon
Khulna,Satkhira,Satkhira Market,Rice,Miniket,Rice,18,7507,8133,7820,1/19/2024,Grade C,Medium,Medium,Retail,Monsoon
Chattogram,Cumilla,Kandirpar Market,Rice,Miniket,Rice,43,5128,5556,5342,2/26/2020,Premium,Low,High,Retail,Monsoon
Chattogram,Feni,Feni Sadar Market,Rice,BRRI Dhan-28,Rice,10,9158,9922,9540,7/10/2023,Grade A,Medium,Medium,Wholesale,Monsoon
Rajshahi,Bogura,Satmatha Market,Rice,Miniket,Rice,63,2564,2778,2671,6/14/2024,Grade A,Low,Medium,Retail,Monsoon
Khulna,Satkhira,Satkhira Market,Rice,BRRI Dhan-29,Rice,6.1,6315,6841,6578,6/16/2024,Grade C,Medium,Medium,Retail,Monsoon
Dhaka,Gazipur,Joydebpur Market,Rice,Miniket,Rice,3,2279,2469,2374,12/15/2022,Grade A,Medium,Medium,Wholesale,Monsoon
Dhaka,Gazipur,Joydebpur Market,Rice,BRRI Dhan-29,Rice,400,6004,6504,6254,11/20/2021,Grade A,Medium,Medium,Wholesale,Monsoon
Chattogram,Feni,Feni Sadar Market,Rice,BRRI Dhan-29,Rice,18,1679,1819,1749,8/17/2020,Grade A,Medium,Medium,Wholesale,Monsoon
Dhaka,Dhaka,Karwan Bazar,Rice,BRRI Dhan-29,Rice,11,4224,4576,4400,2/12/2024,Grade B,Medium,Low,Wholesale,Monsoon
Khulna,Satkhira,Satkhira Market,Rice,BRRI Dhan-28,Rice,5,4086,4426,4256,1/29/2020,Premium,Medium,Medium,Wholesale,Monsoon
Dhaka,Manikganj,Manikganj Bazar,Rice,BRRI Dhan-29,Rice,13,1832,1984,1908,8/31/2021,Grade A,Low,Medium,Retail,Monsoon
Khulna,Satkhira,Satkhira Market,Rice,BRRI Dhan-29,Rice,16,4046,4384,4215,10/19/2022,Grade B,High,Low,Wholesale,Monsoon
Dhaka,Narayanganj,Chashara Market,Rice,Miniket,Rice,2,1801,1951,1876,5/18/2023,Grade B,Medium,High,Retail,Monsoon
Dhaka,Gazipur,Joydebpur Market,Rice,BRRI Dhan-29,Rice,3,1679,1819,1749,5/26/2020,Grade A,High,Low,Wholesale,Monsoon
Khulna,Jashore,Jashore Bazar,Rice,BRRI Dhan-29,Rice,4,2170,2350,2260,4/25/2023,Grade B,Low,Medium,Wholesale,Monsoon
Dhaka,Dhaka,Karwan Bazar,Rice,BRRI Dhan-28,Rice,7,11804,12788,12296,9/4/2023,Grade A,Low,Low,Wholesale,Monsoon
Khulna,Satkhira,Satkhira Market,Rice,BRRI Dhan-28,Rice,11,5088,5512,5300,3/3/2023,Grade A,Low,Medium,Retail,Monsoon
Khulna,Satkhira,Satkhira Market,Rice,Miniket,Rice,4,4834,5236,5035,6/22/2023,Grade A,Medium,Medium,Wholesale,Monsoon
Chattogram,Cox's Bazar,Cox's Bazar Market,Rice,Miniket,Rice,65,5559,6023,5791,6/18/2022,Grade C,Medium,Low,Retail,Monsoon
Khulna,Kushtia,Kushtia Boro Bazar,Rice,BRRI Dhan-28,Rice,41,5752,6232,5992,1/19/2020,Premium,High,Medium,Wholesale,Monsoon
Chattogram,Feni,Feni Sadar Market,Rice,BRRI Dhan-29,Rice,13,4059,4397,4228,12/24/2020,Premium,High,Low,Retail,Monsoon
Dhaka,Gazipur,Joydebpur Market,Rice,Miniket,Rice,5,1781,1929,1855,10/27/2021,Grade A,Medium,Low,Retail,Monsoon
Barishal,Barishal,Nathullabad Market,Rice,Miniket,Rice,29,4429,4799,4614,7/18/2023,Grade B,Medium,Low,Wholesale,Monsoon
Dhaka,Dhaka,Karwan Bazar,Rice,Miniket,Rice,375,3533,3827,3680,1/15/2020,Grade C,Medium,High,Wholesale,Monsoon
Barishal,Patuakhali,Patuakhali Sadar Market,Rice,BRRI Dhan-28,Rice,0.7,11258,12196,11727,7/15/2024,Grade A,Medium,Medium,Retail,Monsoon
Khulna,Kushtia,Kushtia Boro Bazar,Rice,Miniket,Rice,302,6576,7124,6850,12/20/2023,Grade B,Medium,Low,Retail,Monsoon
Dhaka,Tangail,Tangail Sadar Market,Rice,BRRI Dhan-29,Rice,5,2031,2201,2116,6/26/2023,Grade C,High,High,Wholesale,Monsoon
Rajshahi,Bogura,Satmatha Market,Rice,BRRI Dhan-28,Rice,450,5011,5429,5220,4/18/2023,Grade A,High,Medium,Wholesale,Monsoon
Dhaka,Narayanganj,Chashara Market,Rice,Miniket,Rice,80,6701,7259,6980,7/27/2022,Grade B,High,Medium,Retail,Monsoon
Chattogram,Chattogram,Agrabad Market,Rice,BRRI Dhan-29,Rice,5,1745,1891,1818,1/7/2022,Grade A,Low,High,Retail,Monsoon
Chattogram,Chattogram,Agrabad Market,Rice,Miniket,Rice,69.4,2274,2464,2369,3/15/2024,Grade C,Medium,Low,Wholesale,Monsoon
Chattogram,Noakhali,Maijdee Bazar,Rice,BRRI Dhan-28,Rice,2,6050,6554,6302,12/10/2022,Grade C,Medium,Low,Retail,Monsoon
Barishal,Barishal,Nathullabad Market,Rice,Miniket,Rice,20,4803,5203,5003,6/23/2023,Grade A,High,Medium,Wholesale,Monsoon
Dhaka,Manikganj,Manikganj Bazar,Rice,BRRI Dhan-28,Rice,22,3677,3983,3830,2/10/2020,Grade A,Low,Medium,Retail,Monsoon
Dhaka,Tangail,Tangail Sadar Market,Rice,Miniket,Rice,5,6528,7072,6800,10/3/2022,Grade B,High,High,Wholesale,Monsoon
Dhaka,Gazipur,Joydebpur Market,Rice,BRRI Dhan-29,Rice,0.4,2559,2773,2666,11/18/2024,Grade A,Low,Low,Wholesale,Monsoon
Dhaka,Tangail,Tangail Sadar Market,Rice,Miniket,Rice,13,2009,2177,2093,9/13/2022,Grade C,Medium,Medium,Retail,Monsoon
Khulna,Kushtia,Kushtia Boro Bazar,Rice,Miniket,Rice,137,5699,6173,5936,11/27/2020,Premium,Medium,Medium,Retail,Monsoon
Chattogram,Chattogram,Agrabad Market,Rice,Miniket,Rice,2,1344,1456,1400,11/17/2020,Grade C,Medium,High,Retail,Monsoon
Khulna,Satkhira,Satkhira Market,Rice,BRRI Dhan-28,Rice,148,4032,4368,4200,10/9/2023,Grade B,High,Low,Retail,Monsoon
Chattogram,Cumilla,Kandirpar Market,Rice,BRRI Dhan-29,Rice,3,1710,1852,1781,9/4/2021,Grade A,Medium,High,Retail,Monsoon
Dhaka,Narayanganj,Chashara Market,Rice,BRRI Dhan-29,Rice,20,1872,2028,1950,9/9/2020,Grade B,Medium,High,Wholesale,Monsoon
Barishal,Patuakhali,Patuakhali Sadar Market,Rice,BRRI Dhan-29,Rice,151,3950,4280,4115,10/15/2024,Grade B,Medium,High,Retail,Monsoon
Chattogram,Noakhali,Maijdee Bazar,Rice,BRRI Dhan-29,Rice,27,2634,2854,2744,3/7/2020,Premium,Low,High,Retail,Monsoon
Barishal,Barishal,Nathullabad Market,Rice,BRRI Dhan-28,Rice,42,1927,2087,2007,5/4/2022,Grade C,Low,Medium,Wholesale,Monsoon
Rajshahi,Pabna,Pabna Sadar Market,Rice,BRRI Dhan-29,Rice,3.5,2132,2310,2221,6/27/2024,Grade A,Low,Low,Wholesale,Monsoon
Dhaka,Tangail,Tangail Sadar Market,Rice,BRRI Dhan-28,Rice,70,6140,6652,6396,5/26/2022,Premium,Low,Medium,Wholesale,Monsoon
Chattogram,Chattogram,Agrabad Market,Rice,Miniket,Rice,152.9,9667,10473,10070,3/13/2024,Grade A,High,Low,Wholesale,Monsoon
Khulna,Jashore,Jashore Bazar,Rice,BRRI Dhan-29,Rice,9.7,11194,12126,11660,5/3/2024,Grade A,Low,Medium,Wholesale,Monsoon
Chattogram,Cox's Bazar,Cox's Bazar Market,Rice,BRRI Dhan-28,Rice,33,2112,2288,2200,5/2/2023,Grade B,Medium,Medium,Retail,Monsoon
Dhaka,Manikganj,Manikganj Bazar,Rice,BRRI Dhan-29,Rice,73,4063,4401,4232,2/26/2020,Grade C,Medium,Medium,Retail,Monsoon
Rajshahi,Naogaon,Naogaon Sadar Market,Rice,BRRI Dhan-29,Rice,200,2107,2283,2195,4/16/2022,Grade B,Medium,High,Wholesale,Monsoon
Chattogram,Cumilla,Kandirpar Market,Rice,Miniket,Rice,2,912,988,950,8/10/2020,Grade B,Medium,Low,Wholesale,Monsoon
Dhaka,Narayanganj,Chashara Market,Rice,BRRI Dhan-28,Rice,35,5136,5564,5350,11/11/2022,Grade B,Medium,Medium,Wholesale,Monsoon
Barishal,Bhola,Bhola Bazar,Rice,BRRI Dhan-28,Rice,3.2,2857,3095,2976,8/27/2024,Premium,Medium,Medium,Retail,Monsoon
Dhaka,Manikganj,Manikganj Bazar,Rice,BRRI Dhan-28,Rice,2,1484,1608,1546,2/15/2022,Grade C,High,Low,Wholesale,Monsoon
Rajshahi,Bogura,Satmatha Market,Rice,BRRI Dhan-28,Rice,3,7653,8291,7972,12/7/2023,Grade C,High,Medium,Wholesale,Monsoon
Chattogram,Cox's Bazar,Cox's Bazar Market,Rice,BRRI Dhan-29,Rice,7,2155,2335,2245,1/1/2024,Grade C,Medium,Low,Wholesale,Monsoon
Chattogram,Noakhali,Maijdee Bazar,Rice,BRRI Dhan-28,Rice,4,6867,7439,7153,3/11/2023,Grade C,Medium,Medium,Wholesale,Monsoon
Dhaka,Manikganj,Manikganj Bazar,Rice,BRRI Dhan-28,Rice,956,6207,6725,6466,2/4/2022,Grade A,Medium,Medium,Retail,Monsoon
Rajshahi,Rajshahi,Shaheb Bazar,Rice,BRRI Dhan-28,Rice,60,4884,5292,5088,7/27/2023,Grade A,Medium,Medium,Wholesale,Monsoon
Chattogram,Cox's Bazar,Cox's Bazar Market,Rice,Miniket,Rice,30,9962,10792,10377,7/14/2023,Grade A,Low,High,Retail,Monsoon
Dhaka,Tangail,Tangail Sadar Market,Rice,Miniket,Rice,10,4464,4836,4650,9/21/2023,Grade B,Medium,High,Retail,Monsoon
Dhaka,Gazipur,Joydebpur Market,Rice,Miniket,Rice,27,6411,6945,6678,5/28/2021,Grade A,Low,Low,Wholesale,Monsoon
Dhaka,Gazipur,Joydebpur Market,Rice,BRRI Dhan-28,Rice,10,1896,2054,1975,9/4/2021,Grade B,Medium,High,Wholesale,Monsoon
Barishal,Patuakhali,Patuakhali Sadar Market,Rice,BRRI Dhan-29,Rice,1,11054,11976,11515,10/9/2023,Grade A,High,High,Retail,Monsoon
Dhaka,Gazipur,Joydebpur Market,Rice,Miniket,Rice,43,4437,4807,4622,10/17/2023,Grade A,Low,Medium,Wholesale,Monsoon
Dhaka,Narayanganj,Chashara Market,Rice,BRRI Dhan-29,Rice,70,4325,4685,4505,2/16/2021,Grade A,Medium,Low,Wholesale,Monsoon
Khulna,Satkhira,Satkhira Market,Rice,BRRI Dhan-28,Rice,230,6797,7363,7080,12/4/2023,Grade B,High,Medium,Wholesale,Monsoon
Rajshahi,Bogura,Satmatha Market,Rice,Miniket,Rice,120,4360,4724,4542,7/18/2024,Grade A,Low,Medium,Wholesale,Monsoon
Chattogram,Cox's Bazar,Cox's Bazar Market,Rice,BRRI Dhan-29,Rice,1,968,1048,1008,9/16/2020,Premium,Medium,High,Wholesale,Monsoon
Barishal,Patuakhali,Patuakhali Sadar Market,Rice,Miniket,Rice,62.9,4267,4623,4445,5/7/2024,Grade B,High,High,Wholesale,Monsoon
Dhaka,Dhaka,Karwan Bazar,Rice,BRRI Dhan-28,Rice,1,7632,8268,7950,1/16/2024,Grade A,Low,Medium,Wholesale,Monsoon
Dhaka,Gazipur,Joydebpur Market,Rice,BRRI Dhan-29,Rice,2.01,1801,1951,1876,12/2/2024,Grade C,Medium,High,Retail,Monsoon
Dhaka,Gazipur,Joydebpur Market,Rice,BRRI Dhan-29,Rice,44.3,3560,3856,3708,11/22/2024,Grade C,Medium,High,Retail,Monsoon
Barishal,Barishal,Nathullabad Market,Rice,Miniket,Rice,2,6510,7052,6781,1/3/2023,Grade A,High,High,Retail,Monsoon
Chattogram,Cox's Bazar,Cox's Bazar Market,Rice,BRRI Dhan-29,Rice,"1,262.00",4732,5126,4929,10/31/2023,Grade A,Low,High,Retail,Monsoon
Chattogram,Chattogram,Agrabad Market,Rice,BRRI Dhan-29,Rice,80,4800,5200,5000,2/13/2020,Grade B,Medium,Low,Wholesale,Monsoon
Dhaka,Tangail,Tangail Sadar Market,Rice,BRRI Dhan-29,Rice,10,2188,2370,2279,5/9/2024,Grade A,Medium,Low,Wholesale,Monsoon
Dhaka,Narayanganj,Chashara Market,Rice,BRRI Dhan-28,Rice,40,1832,1984,1908,3/7/2020,Grade A,Medium,Low,Wholesale,Monsoon
Barishal,Barishal,Nathullabad Market,Rice,Miniket,Rice,51,5388,5836,5612,2/9/2022,Grade C,High,Low,Wholesale,Monsoon
Dhaka,Gazipur,Joydebpur Market,Rice,Miniket,Rice,70,3612,3914,3763,8/28/2020,Grade A,High,Medium,Wholesale,Monsoon
Dhaka,Manikganj,Manikganj Bazar,Rice,BRRI Dhan-29,Rice,18,1354,1466,1410,12/21/2020,Grade B,Medium,Medium,Retail,Monsoon
Chattogram,Cox's Bazar,Cox's Bazar Market,Rice,BRRI Dhan-28,Rice,572,3456,3744,3600,10/9/2020,Grade B,Medium,Medium,Wholesale,Monsoon
Chattogram,Chattogram,Agrabad Market,Rice,BRRI Dhan-28,Rice,5,1722,1866,1794,7/12/2022,Grade C,Low,Medium,Wholesale,Monsoon
Khulna,Khulna,Khulna New Market,Rice,BRRI Dhan-28,Rice,12.9,9202,9968,9585,3/6/2024,Grade B,Medium,High,Retail,Monsoon
Rajshahi,Bogura,Satmatha Market,Rice,BRRI Dhan-29,Rice,72.5,12263,13285,12774,5/4/2024,Premium,High,Low,Retail,Monsoon
Dhaka,Dhaka,Karwan Bazar,Rice,Miniket,Rice,"1,111.50",4036,4372,4204,11/5/2024,Grade A,Low,Low,Retail,Monsoon
Rajshahi,Rajshahi,Shaheb Bazar,Rice,Miniket,Rice,205,5349,5795,5572,3/7/2020,Premium,High,Low,Retail,Monsoon
Chattogram,Cumilla,Kandirpar Market,Rice,BRRI Dhan-28,Rice,4,4832,5234,5033,1/23/2021,Grade C,Medium,Low,Wholesale,Monsoon
Chattogram,Feni,Feni Sadar Market,Rice,Miniket,Rice,4,7532,8160,7846,2/26/2024,Premium,Medium,High,Wholesale,Monsoon
Khulna,Kushtia,Kushtia Boro Bazar,Rice,BRRI Dhan-29,Rice,125,4548,4928,4738,5/18/2020,Grade C,High,Low,Retail,Monsoon
Khulna,Satkhira,Satkhira Market,Rice,BRRI Dhan-28,Rice,4.8,3621,3923,3772,6/10/2024,Grade C,High,High,Retail,Monsoon
Dhaka,Manikganj,Manikganj Bazar,Rice,BRRI Dhan-28,Rice,3,5299,5741,5520,8/17/2022,Grade C,High,Low,Retail,Monsoon
Rajshahi,Pabna,Pabna Sadar Market,Rice,BRRI Dhan-29,Rice,190,7263,7869,7566,5/6/2021,Premium,High,Low,Retail,Monsoon
Dhaka,Gazipur,Joydebpur Market,Rice,BRRI Dhan-29,Rice,6.1,2316,2508,2412,7/2/2024,Grade A,Low,Medium,Wholesale,Monsoon
Dhaka,Manikganj,Manikganj Bazar,Rice,Miniket,Rice,0.2,2304,2496,2400,5/13/2024,Grade B,Medium,High,Wholesale,Monsoon
Dhaka,Manikganj,Manikganj Bazar,Rice,BRRI Dhan-29,Rice,4,7331,7941,7636,8/7/2022,Grade C,Low,Medium,Wholesale,Monsoon
Khulna,Jashore,Jashore Bazar,Rice,BRRI Dhan-29,Rice,32,2086,2260,2173,3/30/2022,Grade A,Low,Medium,Wholesale,Monsoon
Chattogram,Feni,Feni Sadar Market,Rice,BRRI Dhan-28,Rice,234,4800,5200,5000,2/25/2020,Grade B,Low,Medium,Wholesale,Monsoon
Chattogram,Cox's Bazar,Cox's Bazar Market,Rice,BRRI Dhan-29,Rice,181,6161,6675,6418,1/19/2022,Grade A,Medium,Medium,Retail,Monsoon
Chattogram,Noakhali,Maijdee Bazar,Rice,BRRI Dhan-28,Rice,3,1776,1924,1850,2/22/2022,Grade B,Medium,High,Wholesale,Monsoon
Rajshahi,Naogaon,Naogaon Sadar Market,Rice,BRRI Dhan-29,Rice,2,2453,2657,2555,8/10/2023,Grade B,Medium,High,Wholesale,Monsoon
Khulna,Satkhira,Satkhira Market,Rice,BRRI Dhan-29,Rice,5,5564,6028,5796,1/29/2023,Grade C,High,Low,Wholesale,Monsoon
Khulna,Kushtia,Kushtia Boro Bazar,Rice,BRRI Dhan-29,Rice,6,6156,6670,6413,3/2/2022,Grade A,Medium,Medium,Retail,Monsoon
Khulna,Jashore,Jashore Bazar,Rice,BRRI Dhan-28,Rice,13,6559,7105,6832,1/14/2022,Premium,Medium,Medium,Retail,Monsoon
Dhaka,Manikganj,Manikganj Bazar,Rice,Miniket,Rice,74,3524,3818,3671,12/3/2024,Grade C,Medium,Medium,Wholesale,Monsoon
Dhaka,Manikganj,Manikganj Bazar,Rice,BRRI Dhan-28,Rice,1,5349,5795,5572,1/4/2022,Grade A,Medium,Medium,Wholesale,Monsoon
Dhaka,Dhaka,Karwan Bazar,Rice,BRRI Dhan-28,Rice,32,5435,5887,5661,5/30/2022,Grade B,Low,Medium,Retail,Monsoon
Barishal,Bhola,Bhola Bazar,Rice,BRRI Dhan-28,Rice,115.4,3933,4261,4097,11/26/2024,Grade B,High,High,Wholesale,Monsoon
Khulna,Satkhira,Satkhira Market,Rice,BRRI Dhan-29,Rice,48,4548,4928,4738,12/28/2022,Grade C,Medium,Medium,Retail,Monsoon
Khulna,Kushtia,Kushtia Boro Bazar,Rice,Miniket,Rice,74,7248,7852,7550,8/11/2023,Grade B,Low,Medium,Retail,Monsoon
Dhaka,Narayanganj,Chashara Market,Rice,BRRI Dhan-29,Rice,20,1920,2080,2000,2/13/2023,Grade B,Medium,Medium,Retail,Monsoon
Rajshahi,Naogaon,Naogaon Sadar Market,Rice,BRRI Dhan-29,Rice,1,1333,1445,1389,9/18/2021,Premium,High,Medium,Wholesale,Monsoon
Barishal,Barishal,Nathullabad Market,Rice,Miniket,Rice,88,4571,4951,4761,1/7/2022,Grade C,Medium,Low,Retail,Monsoon
Khulna,Jashore,Jashore Bazar,Rice,Miniket,Rice,32.5,4570,4950,4760,5/18/2024,Premium,Medium,Medium,Wholesale,Monsoon
Dhaka,Manikganj,Manikganj Bazar,Rice,Miniket,Rice,50,6352,6882,6617,2/26/2022,Grade A,Medium,Medium,Wholesale,Monsoon
Dhaka,Narayanganj,Chashara Market,Rice,Miniket,Rice,5,4504,4880,4692,3/23/2021,Grade C,Low,High,Retail,Monsoon
Dhaka,Tangail,Tangail Sadar Market,Rice,BRRI Dhan-29,Rice,42,5587,6053,5820,1/3/2022,Grade B,Medium,Low,Wholesale,Monsoon
Khulna,Jashore,Jashore Bazar,Rice,BRRI Dhan-28,Rice,12,6469,7009,6739,3/10/2023,Grade C,Medium,Medium,Retail,Monsoon
Khulna,Kushtia,Kushtia Boro Bazar,Rice,BRRI Dhan-28,Rice,7.4,4223,4575,4399,6/26/2024,Grade A,Medium,Low,Wholesale,Monsoon
Dhaka,Tangail,Tangail Sadar Market,Rice,BRRI Dhan-28,Rice,4,2083,2257,2170,10/18/2022,Grade B,High,High,Retail,Monsoon
Chattogram,Chattogram,Agrabad Market,Rice,BRRI Dhan-29,Rice,14.9,2184,2366,2275,9/25/2024,Grade B,Low,Low,Wholesale,Monsoon
Chattogram,Noakhali,Maijdee Bazar,Rice,Miniket,Rice,8,8189,8871,8530,5/11/2023,Grade B,High,Medium,Retail,Monsoon
Khulna,Kushtia,Kushtia Boro Bazar,Rice,BRRI Dhan-28,Rice,97,5078,5502,5290,2/15/2021,Grade C,Medium,High,Retail,Monsoon
Dhaka,Tangail,Tangail Sadar Market,Rice,BRRI Dhan-29,Rice,16,5040,5460,5250,12/29/2022,Grade B,Medium,Low,Wholesale,Monsoon
Barishal,Barishal,Nathullabad Market,Rice,BRRI Dhan-28,Rice,21,9687,10495,10091,2/2/2024,Grade A,High,High,Retail,Monsoon
Khulna,Kushtia,Kushtia Boro Bazar,Rice,BRRI Dhan-28,Rice,6,7378,7992,7685,2/9/2023,Grade A,Medium,High,Wholesale,Monsoon
Khulna,Satkhira,Satkhira Market,Rice,BRRI Dhan-29,Rice,27,8548,9260,8904,4/21/2023,Premium,High,Medium,Retail,Monsoon
Barishal,Barishal,Nathullabad Market,Rice,BRRI Dhan-29,Rice,9,6505,7047,6776,8/4/2022,Premium,Medium,Medium,Retail,Monsoon
Dhaka,Dhaka,Karwan Bazar,Rice,BRRI Dhan-28,Rice,234,6756,7320,7038,2/23/2023,Grade C,High,High,Wholesale,Monsoon
Dhaka,Tangail,Tangail Sadar Market,Rice,BRRI Dhan-28,Rice,2,6564,7110,6837,3/20/2021,Grade A,Medium,Medium,Retail,Monsoon
Dhaka,Tangail,Tangail Sadar Market,Rice,BRRI Dhan-29,Rice,10,1872,2028,1950,2/25/2024,Grade B,Medium,High,Wholesale,Monsoon
Dhaka,Narayanganj,Chashara Market,Rice,BRRI Dhan-29,Rice,3,5240,5676,5458,7/31/2020,Grade B,High,Medium,Retail,Monsoon
Dhaka,Narayanganj,Chashara Market,Rice,Miniket,Rice,2,5953,6449,6201,2/11/2022,Grade A,Medium,Medium,Retail,Monsoon
Dhaka,Gazipur,Joydebpur Market,Rice,Miniket,Rice,39,6038,6542,6290,6/22/2021,Grade B,Low,Medium,Retail,Monsoon
Chattogram,Noakhali,Maijdee Bazar,Rice,BRRI Dhan-29,Rice,6,7187,7785,7486,12/4/2023,Grade A,High,Low,Retail,Monsoon
Chattogram,Cumilla,Kandirpar Market,Rice,BRRI Dhan-28,Rice,14,1997,2163,2080,6/17/2022,Grade B,High,Medium,Retail,Monsoon
Rajshahi,Pabna,Pabna Sadar Market,Rice,BRRI Dhan-28,Rice,2,3155,3417,3286,10/9/2023,Grade A,High,Low,Wholesale,Monsoon
Dhaka,Manikganj,Manikganj Bazar,Rice,BRRI Dhan-29,Rice,14,2967,3215,3091,2/28/2020,Grade C,Low,Medium,Wholesale,Monsoon
Dhaka,Dhaka,Karwan Bazar,Rice,BRRI Dhan-29,Rice,7,1883,2039,1961,8/10/2020,Grade A,Medium,Low,Retail,Monsoon
Chattogram,Cox's Bazar,Cox's Bazar Market,Rice,Miniket,Rice,144.7,9600,10400,10000,5/3/2024,Grade B,Low,Medium,Wholesale,Monsoon
Dhaka,Gazipur,Joydebpur Market,Rice,BRRI Dhan-28,Rice,20,10965,11879,11422,5/4/2022,Grade A,Medium,Low,Retail,Monsoon
Dhaka,Narayanganj,Chashara Market,Rice,Miniket,Rice,1,2352,2548,2450,1/28/2023,Grade B,Medium,High,Wholesale,Monsoon
Barishal,Bhola,Bhola Bazar,Rice,BRRI Dhan-29,Rice,78,5520,5980,5750,12/28/2021,Grade C,Low,Low,Retail,Monsoon
Khulna,Kushtia,Kushtia Boro Bazar,Rice,BRRI Dhan-29,Rice,4,7021,7607,7314,2/4/2023,Grade A,Low,Medium,Wholesale,Monsoon
Chattogram,Cox's Bazar,Cox's Bazar Market,Rice,BRRI Dhan-28,Rice,35,1730,1874,1802,5/15/2020,Grade A,Medium,Low,Retail,Monsoon
Dhaka,Gazipur,Joydebpur Market,Rice,Miniket,Rice,79,6908,7484,7196,3/11/2022,Premium,Medium,Low,Wholesale,Monsoon
Chattogram,Cox's Bazar,Cox's Bazar Market,Rice,BRRI Dhan-28,Rice,5,1546,1674,1610,2/17/2022,Grade C,High,Medium,Wholesale,Monsoon
Rajshahi,Rajshahi,Shaheb Bazar,Rice,BRRI Dhan-28,Rice,400,3734,4046,3890,2/6/2020,Grade B,Medium,Medium,Wholesale,Monsoon
Dhaka,Tangail,Tangail Sadar Market,Rice,Miniket,Rice,30,5220,5654,5437,7/15/2021,Grade C,Medium,Low,Wholesale,Monsoon
Dhaka,Manikganj,Manikganj Bazar,Rice,Miniket,Rice,100,3135,3397,3266,7/21/2020,Grade C,High,High,Wholesale,Monsoon
Dhaka,Dhaka,Karwan Bazar,Rice,Miniket,Rice,1.94,9450,10238,9844,7/26/2024,Grade C,Medium,Medium,Wholesale,Monsoon
Khulna,Khulna,Khulna New Market,Rice,BRRI Dhan-29,Rice,5,4234,4586,4410,1/18/2024,Grade B,Medium,Medium,Wholesale,Monsoon
Khulna,Kushtia,Kushtia Boro Bazar,Rice,BRRI Dhan-29,Rice,77,5141,5569,5355,5/5/2020,Grade B,Medium,Low,Retail,Monsoon
Dhaka,Tangail,Tangail Sadar Market,Rice,Miniket,Rice,40,4416,4784,4600,5/3/2020,Grade C,Medium,Low,Wholesale,Monsoon
Chattogram,Noakhali,Maijdee Bazar,Rice,BRRI Dhan-29,Rice,85,2365,2563,2464,4/11/2022,Premium,Medium,Medium,Retail,Monsoon
Dhaka,Narayanganj,Chashara Market,Rice,Miniket,Rice,8,1469,1591,1530,3/13/2020,Grade B,Medium,Low,Retail,Monsoon
Dhaka,Narayanganj,Chashara Market,Rice,Miniket,Rice,0.3,2076,2248,2162,7/27/2024,Grade C,High,High,Wholesale,Monsoon
Dhaka,Manikganj,Manikganj Bazar,Rice,BRRI Dhan-29,Rice,22,2959,3205,3082,10/7/2020,Grade C,Medium,Medium,Retail,Monsoon
Rajshahi,Bogura,Satmatha Market,Rice,BRRI Dhan-28,Rice,17.5,8920,9664,9292,9/21/2024,Grade C,Medium,Low,Retail,Monsoon
Dhaka,Gazipur,Joydebpur Market,Rice,Miniket,Rice,30,10074,10914,10494,8/7/2023,Grade A,Medium,Low,Retail,Monsoon
Dhaka,Tangail,Tangail Sadar Market,Rice,BRRI Dhan-28,Rice,8,1536,1664,1600,6/12/2021,Grade B,Low,Low,Retail,Monsoon
Dhaka,Narayanganj,Chashara Market,Rice,BRRI Dhan-28,Rice,13,5924,6418,6171,7/1/2022,Grade B,Medium,High,Wholesale,Monsoon
Dhaka,Gazipur,Joydebpur Market,Rice,BRRI Dhan-28,Rice,50,6029,6531,6280,7/31/2021,Grade B,Low,Low,Retail,Monsoon
Dhaka,Manikganj,Manikganj Bazar,Rice,Miniket,Rice,9,5393,5843,5618,5/5/2020,Grade A,Low,Low,Retail,Monsoon
Dhaka,Narayanganj,Chashara Market,Rice,BRRI Dhan-28,Rice,1,8162,8842,8502,12/28/2023,Grade A,Medium,Medium,Wholesale,Monsoon
Chattogram,Feni,Feni Sadar Market,Rice,BRRI Dhan-28,Rice,2,839,909,874,2/11/2021,Grade C,Medium,Medium,Retail,Monsoon
Dhaka,Narayanganj,Chashara Market,Rice,BRRI Dhan-29,Rice,23,7992,8658,8325,4/10/2023,Grade B,Medium,Low,Retail,Monsoon
Rajshahi,Bogura,Satmatha Market,Rice,BRRI Dhan-29,Rice,50,2323,2517,2420,8/24/2022,Grade B,Low,High,Retail,Monsoon
Dhaka,Tangail,Tangail Sadar Market,Rice,BRRI Dhan-28,Rice,19,3718,4028,3873,2/15/2024,Grade C,High,High,Wholesale,Monsoon
Khulna,Jashore,Jashore Bazar,Rice,BRRI Dhan-28,Rice,37,4858,5262,5060,6/30/2020,Grade C,High,Low,Wholesale,Monsoon
Khulna,Khulna,Khulna New Market,Rice,BRRI Dhan-28,Rice,3,6920,7496,7208,6/25/2021,Grade A,High,Medium,Wholesale,Monsoon
Barishal,Bhola,Bhola Bazar,Rice,BRRI Dhan-29,Rice,4.6,2561,2775,2668,7/26/2024,Grade A,Medium,Low,Retail,Monsoon
Chattogram,Noakhali,Maijdee Bazar,Rice,BRRI Dhan-29,Rice,4,2453,2657,2555,9/7/2024,Grade A,Low,Medium,Wholesale,Monsoon
Chattogram,Chattogram,Agrabad Market,Rice,BRRI Dhan-29,Rice,21,2477,2683,2580,5/21/2024,Grade B,Low,Medium,Retail,Monsoon
Chattogram,Cox's Bazar,Cox's Bazar Market,Rice,Miniket,Rice,4,2304,2496,2400,5/28/2020,Grade B,Medium,Low,Wholesale,Monsoon
Dhaka,Gazipur,Joydebpur Market,Rice,Miniket,Rice,24,6682,7238,6960,9/22/2021,Premium,High,Medium,Retail,Monsoon
Dhaka,Gazipur,Joydebpur Market,Rice,BRRI Dhan-28,Rice,2,2239,2425,2332,1/23/2020,Grade A,Medium,Medium,Retail,Monsoon
Khulna,Kushtia,Kushtia Boro Bazar,Rice,BRRI Dhan-28,Rice,64.9,6359,6889,6624,11/11/2024,Grade C,Medium,Medium,Retail,Monsoon
Barishal,Patuakhali,Patuakhali Sadar Market,Rice,BRRI Dhan-29,Rice,2,6760,7324,7042,9/24/2020,Grade A,Medium,Medium,Wholesale,Monsoon
Chattogram,Feni,Feni Sadar Market,Rice,BRRI Dhan-28,Rice,15,2252,2440,2346,7/23/2024,Grade C,High,High,Wholesale,Monsoon
Chattogram,Cumilla,Kandirpar Market,Rice,BRRI Dhan-29,Rice,24,8497,9205,8851,10/5/2020,Grade A,Medium,Medium,Wholesale,Monsoon
Dhaka,Tangail,Tangail Sadar Market,Rice,BRRI Dhan-28,Rice,11,1728,1872,1800,6/13/2023,Grade B,Medium,Medium,Retail,Monsoon
Dhaka,Narayanganj,Chashara Market,Rice,BRRI Dhan-29,Rice,"1,959.00",3864,4186,4025,10/20/2023,Grade C,Low,Medium,Retail,Monsoon
Rajshahi,Bogura,Satmatha Market,Rice,BRRI Dhan-28,Rice,110,6203,6719,6461,6/28/2022,Grade A,Medium,High,Wholesale,Monsoon
Dhaka,Tangail,Tangail Sadar Market,Rice,BRRI Dhan-28,Rice,15,4416,4784,4600,2/24/2023,Grade C,High,High,Retail,Monsoon
Chattogram,Cumilla,Kandirpar Market,Rice,BRRI Dhan-29,Rice,6,805,873,839,4/10/2021,Grade C,Low,High,Wholesale,Monsoon
Chattogram,Cumilla,Kandirpar Market,Rice,BRRI Dhan-29,Rice,15,2016,2184,2100,5/14/2022,Grade B,Medium,Medium,Retail,Monsoon
Barishal,Bhola,Bhola Bazar,Rice,BRRI Dhan-29,Rice,25,5515,5975,5745,6/19/2020,Grade A,High,Medium,Wholesale,Monsoon
Rajshahi,Naogaon,Naogaon Sadar Market,Rice,BRRI Dhan-28,Rice,20,2330,2524,2427,1/6/2020,Grade A,Medium,Medium,Wholesale,Monsoon
Dhaka,Dhaka,Karwan Bazar,Rice,BRRI Dhan-29,Rice,28,9480,10270,9875,8/10/2023,Grade B,High,Medium,Wholesale,Monsoon
Chattogram,Feni,Feni Sadar Market,Rice,BRRI Dhan-29,Rice,67,2208,2392,2300,4/13/2023,Grade B,Low,Medium,Wholesale,Monsoon
Chattogram,Chattogram,Agrabad Market,Rice,Miniket,Rice,73,5136,5564,5350,5/15/2020,Grade B,Medium,Low,Retail,Monsoon
Barishal,Patuakhali,Patuakhali Sadar Market,Rice,BRRI Dhan-28,Rice,11,5760,6240,6000,8/25/2020,Grade B,Medium,High,Wholesale,Monsoon
Rajshahi,Bogura,Satmatha Market,Rice,BRRI Dhan-29,Rice,350,4397,4763,4580,1/10/2024,Grade B,Medium,Low,Wholesale,Monsoon
Chattogram,Feni,Feni Sadar Market,Rice,Miniket,Rice,1,2636,2856,2746,10/18/2023,Grade C,Low,Low,Retail,Monsoon
Khulna,Khulna,Khulna New Market,Rice,Miniket,Rice,3,6432,6968,6700,4/23/2021,Grade B,Medium,High,Wholesale,Monsoon
Chattogram,Cumilla,Kandirpar Market,Rice,BRRI Dhan-29,Rice,9.3,3548,3844,3696,8/9/2024,Premium,Low,Medium,Wholesale,Monsoon
Khulna,Jashore,Jashore Bazar,Rice,BRRI Dhan-28,Rice,57,10176,11024,10600,3/7/2022,Grade A,High,Medium,Wholesale,Monsoon
Dhaka,Gazipur,Joydebpur Market,Rice,BRRI Dhan-29,Rice,12.7,3936,4264,4100,3/22/2024,Grade B,Low,High,Retail,Monsoon
Barishal,Bhola,Bhola Bazar,Rice,BRRI Dhan-28,Rice,1,2208,2392,2300,11/22/2023,Grade C,Low,Medium,Wholesale,Monsoon
Barishal,Patuakhali,Patuakhali Sadar Market,Rice,Miniket,Rice,26,6818,7386,7102,5/21/2022,Grade A,Medium,Low,Retail,Monsoon
Dhaka,Manikganj,Manikganj Bazar,Rice,Miniket,Rice,"1,481.00",8435,9137,8786,2/13/2024,Grade C,Medium,Medium,Retail,Monsoon
Chattogram,Cumilla,Kandirpar Market,Rice,Miniket,Rice,117,6920,7496,7208,4/15/2021,Grade A,Low,Medium,Retail,Monsoon
Dhaka,Tangail,Tangail Sadar Market,Rice,Miniket,Rice,8,3562,3858,3710,5/12/2020,Grade A,Medium,Medium,Retail,Monsoon
Rajshahi,Pabna,Pabna Sadar Market,Rice,BRRI Dhan-29,Rice,88,7838,8492,8165,4/10/2023,Grade B,High,Medium,Wholesale,Monsoon
Barishal,Bhola,Bhola Bazar,Rice,Miniket,Rice,2.6,9396,10178,9787,9/13/2024,Grade B,High,High,Wholesale,Monsoon
Barishal,Patuakhali,Patuakhali Sadar Market,Rice,BRRI Dhan-29,Rice,21,4019,4353,4186,2/15/2020,Grade C,Medium,High,Retail,Monsoon
Dhaka,Tangail,Tangail Sadar Market,Rice,Miniket,Rice,49,5093,5517,5305,5/13/2020,Grade A,Low,Medium,Retail,Monsoon
Dhaka,Tangail,Tangail Sadar Market,Rice,BRRI Dhan-29,Rice,9,2646,2866,2756,1/14/2023,Grade A,Medium,Low,Retail,Monsoon
Chattogram,Feni,Feni Sadar Market,Rice,BRRI Dhan-28,Rice,400.8,4123,4467,4295,6/11/2024,Grade B,High,Low,Wholesale,Monsoon
Chattogram,Feni,Feni Sadar Market,Rice,BRRI Dhan-28,Rice,378,5088,5512,5300,2/7/2023,Grade A,Medium,Medium,Wholesale,Monsoon
Dhaka,Narayanganj,Chashara Market,Rice,BRRI Dhan-28,Rice,3,1997,2163,2080,4/22/2022,Grade B,Low,Medium,Wholesale,Monsoon
Barishal,Bhola,Bhola Bazar,Rice,Miniket,Rice,27.2,2014,2182,2098,4/5/2024,Grade C,Medium,Medium,Wholesale,Monsoon
Dhaka,Dhaka,Karwan Bazar,Rice,BRRI Dhan-28,Rice,15.3,10888,11796,11342,6/20/2024,Grade A,High,Medium,Retail,Monsoon
Dhaka,Narayanganj,Chashara Market,Rice,BRRI Dhan-28,Rice,11,5952,6448,6200,8/11/2021,Grade B,Low,High,Wholesale,Monsoon
Rajshahi,Rajshahi,Shaheb Bazar,Rice,BRRI Dhan-28,Rice,"1,050.00",4050,4388,4219,12/7/2020,Grade A,Medium,High,Retail,Monsoon
Dhaka,Gazipur,Joydebpur Market,Rice,BRRI Dhan-28,Rice,163,2316,2508,2412,7/28/2022,Grade A,Medium,Medium,Retail,Monsoon
Chattogram,Noakhali,Maijdee Bazar,Rice,BRRI Dhan-28,Rice,16,2849,3087,2968,9/29/2022,Grade A,High,High,Wholesale,Monsoon
Dhaka,Narayanganj,Chashara Market,Rice,BRRI Dhan-29,Rice,35,5484,5940,5712,4/22/2020,Premium,High,Low,Retail,Monsoon
Dhaka,Manikganj,Manikganj Bazar,Rice,BRRI Dhan-28,Rice,27,10397,11263,10830,2/7/2024,Premium,Low,Medium,Retail,Monsoon
Dhaka,Manikganj,Manikganj Bazar,Rice,BRRI Dhan-29,Rice,22,1781,1929,1855,6/10/2020,Grade A,Low,Low,Wholesale,Monsoon
Barishal,Bhola,Bhola Bazar,Rice,BRRI Dhan-29,Rice,60,6882,7456,7169,2/16/2021,Premium,Medium,Low,Retail,Monsoon
Dhaka,Narayanganj,Chashara Market,Rice,BRRI Dhan-28,Rice,94,6131,6641,6386,2/15/2022,Grade A,Low,High,Wholesale,Monsoon
Barishal,Patuakhali,Patuakhali Sadar Market,Rice,BRRI Dhan-29,Rice,0.4,2519,2729,2624,7/11/2024,Grade A,High,Medium,Wholesale,Monsoon
Dhaka,Dhaka,Karwan Bazar,Rice,BRRI Dhan-28,Rice,8,5741,6219,5980,4/30/2021,Grade C,Medium,Medium,Retail,Monsoon
Dhaka,Dhaka,Karwan Bazar,Rice,Miniket,Rice,30,5034,5454,5244,12/14/2021,Grade C,Medium,Medium,Retail,Monsoon
Barishal,Barishal,Nathullabad Market,Rice,BRRI Dhan-28,Rice,134,3489,3779,3634,5/27/2020,Grade A,Low,Low,Retail,Monsoon
Dhaka,Narayanganj,Chashara Market,Rice,BRRI Dhan-28,Rice,50,6917,7493,7205,4/5/2022,Grade B,Medium,Medium,Retail,Monsoon
Dhaka,Dhaka,Karwan Bazar,Rice,BRRI Dhan-29,Rice,15,6271,6793,6532,11/12/2022,Grade C,Low,Low,Retail,Monsoon
Dhaka,Manikganj,Manikganj Bazar,Rice,BRRI Dhan-29,Rice,31,9312,10088,9700,2/7/2024,Grade B,High,Low,Retail,Monsoon
Chattogram,Feni,Feni Sadar Market,Rice,BRRI Dhan-28,Rice,9.8,2458,2662,2560,9/10/2024,Grade B,Low,Medium,Wholesale,Monsoon
Dhaka,Gazipur,Joydebpur Market,Rice,BRRI Dhan-28,Rice,6,1435,1555,1495,7/21/2020,Grade C,High,Low,Wholesale,Monsoon
Chattogram,Noakhali,Maijdee Bazar,Rice,Miniket,Rice,8,7143,7739,7441,7/23/2022,Grade A,Medium,High,Retail,Monsoon
Khulna,Satkhira,Satkhira Market,Rice,Miniket,Rice,27,5472,5928,5700,2/15/2022,Grade B,Low,Medium,Wholesale,Monsoon
Dhaka,Tangail,Tangail Sadar Market,Rice,BRRI Dhan-28,Rice,394,5928,6422,6175,4/7/2021,Grade B,Low,Medium,Retail,Monsoon
Khulna,Satkhira,Satkhira Market,Rice,BRRI Dhan-28,Rice,13,7488,8112,7800,2/28/2023,Grade B,Low,Low,Wholesale,Monsoon
Dhaka,Tangail,Tangail Sadar Market,Rice,BRRI Dhan-28,Rice,5,5947,6443,6195,5/5/2022,Grade A,Medium,Medium,Wholesale,Monsoon
Barishal,Barishal,Nathullabad Market,Rice,Miniket,Rice,31,4579,4961,4770,10/3/2023,Grade A,High,Medium,Retail,Monsoon
Dhaka,Narayanganj,Chashara Market,Rice,BRRI Dhan-28,Rice,19,5045,5465,5255,12/14/2022,Grade B,Medium,Low,Retail,Monsoon
Dhaka,Narayanganj,Chashara Market,Rice,BRRI Dhan-28,Rice,40,2392,2592,2492,5/15/2023,Premium,High,High,Retail,Monsoon
Dhaka,Gazipur,Joydebpur Market,Rice,BRRI Dhan-28,Rice,1.2,2304,2496,2400,3/16/2024,Grade B,Medium,Low,Wholesale,Monsoon
Chattogram,Feni,Feni Sadar Market,Rice,BRRI Dhan-28,Rice,5,1043,1129,1086,11/11/2021,Grade A,High,Low,Wholesale,Monsoon
Khulna,Khulna,Khulna New Market,Rice,BRRI Dhan-29,Rice,79,7872,8528,8200,11/14/2021,Grade B,Medium,Low,Wholesale,Monsoon
Dhaka,Dhaka,Karwan Bazar,Rice,BRRI Dhan-28,Rice,32.1,11092,12016,11554,5/15/2024,Grade A,Medium,Low,Retail,Monsoon
Dhaka,Tangail,Tangail Sadar Market,Rice,Miniket,Rice,6,1943,2105,2024,1/25/2020,Grade C,Medium,Medium,Retail,Monsoon
Rajshahi,Pabna,Pabna Sadar Market,Rice,BRRI Dhan-28,Rice,250,3624,3926,3775,1/24/2020,Grade B,Medium,High,Wholesale,Monsoon
Chattogram,Noakhali,Maijdee Bazar,Rice,BRRI Dhan-28,Rice,65,9375,10157,9766,5/9/2024,Grade C,High,Low,Retail,Monsoon
Dhaka,Manikganj,Manikganj Bazar,Rice,Miniket,Rice,0.3,2688,2912,2800,10/25/2024,Grade B,Medium,High,Retail,Monsoon
Dhaka,Manikganj,Manikganj Bazar,Rice,BRRI Dhan-28,Rice,4,2112,2288,2200,8/6/2022,Grade B,High,Medium,Retail,Monsoon
Chattogram,Noakhali,Maijdee Bazar,Rice,BRRI Dhan-28,Rice,3,1038,1124,1081,7/8/2020,Grade A,High,Low,Retail,Monsoon
Dhaka,Narayanganj,Chashara Market,Rice,BRRI Dhan-28,Rice,13,2365,2563,2464,8/11/2022,Grade A,Medium,Medium,Retail,Monsoon
Rajshahi,Pabna,Pabna Sadar Market,Rice,BRRI Dhan-29,Rice,26,2784,3016,2900,11/8/2024,Grade B,Medium,Medium,Retail,Monsoon
Rajshahi,Pabna,Pabna Sadar Market,Rice,BRRI Dhan-29,Rice,130,6096,6604,6350,9/2/2021,Grade B,High,Medium,Retail,Monsoon
Barishal,Barishal,Nathullabad Market,Rice,BRRI Dhan-28,Rice,66,5648,6118,5883,1/10/2022,Grade C,High,High,Wholesale,Monsoon
Rajshahi,Rajshahi,Shaheb Bazar,Rice,BRRI Dhan-28,Rice,400,3576,3874,3725,1/16/2020,Grade B,High,High,Retail,Monsoon
Dhaka,Dhaka,Karwan Bazar,Rice,Miniket,Rice,9.4,4704,5096,4900,6/1/2024,Premium,High,High,Wholesale,Monsoon
Dhaka,Manikganj,Manikganj Bazar,Rice,BRRI Dhan-29,Rice,14,2206,2390,2298,2/24/2020,Premium,High,Medium,Wholesale,Monsoon
Khulna,Jashore,Jashore Bazar,Rice,BRRI Dhan-28,Rice,11,7739,8383,8061,3/28/2023,Grade A,Low,Low,Wholesale,Monsoon
Khulna,Jashore,Jashore Bazar,Rice,BRRI Dhan-28,Rice,154,8548,9260,8904,12/8/2021,Grade A,Medium,Low,Retail,Monsoon
Dhaka,Manikganj,Manikganj Bazar,Rice,Miniket,Rice,5,5184,5616,5400,7/24/2022,Grade B,Medium,High,Retail,Monsoon
Dhaka,Dhaka,Karwan Bazar,Rice,BRRI Dhan-28,Rice,7.2,2340,2536,2438,7/12/2024,Grade C,Low,High,Wholesale,Monsoon
Khulna,Satkhira,Satkhira Market,Rice,Miniket,Rice,84,5539,6001,5770,2/17/2021,Grade B,High,Medium,Wholesale,Monsoon
Dhaka,Dhaka,Karwan Bazar,Rice,Miniket,Rice,16,4274,4630,4452,10/1/2023,Grade A,Medium,High,Retail,Monsoon
Chattogram,Noakhali,Maijdee Bazar,Rice,Miniket,Rice,15,2824,3060,2942,11/16/2021,Grade A,Medium,Medium,Retail,Monsoon
Chattogram,Chattogram,Agrabad Market,Rice,Miniket,Rice,23,6094,6602,6348,6/11/2021,Grade C,Medium,Low,Retail,Monsoon
Dhaka,Gazipur,Joydebpur Market,Rice,BRRI Dhan-29,Rice,2.8,2208,2392,2300,7/11/2024,Grade B,High,High,Wholesale,Monsoon
Barishal,Patuakhali,Patuakhali Sadar Market,Rice,BRRI Dhan-28,Rice,44,6530,7074,6802,3/5/2021,Grade A,Medium,Medium,Wholesale,Monsoon
Dhaka,Narayanganj,Chashara Market,Rice,Miniket,Rice,6,1624,1760,1692,2/25/2021,Premium,Medium,Medium,Wholesale,Monsoon
Khulna,Khulna,Khulna New Market,Rice,BRRI Dhan-29,Rice,39,6767,7331,7049,12/18/2023,Grade A,High,Low,Wholesale,Monsoon
Chattogram,Noakhali,Maijdee Bazar,Rice,BRRI Dhan-29,Rice,79,8817,9551,9184,5/4/2023,Premium,High,Medium,Wholesale,Monsoon
Dhaka,Gazipur,Joydebpur Market,Rice,Miniket,Rice,4,5927,6421,6174,8/23/2020,Grade A,High,High,Retail,Monsoon
Chattogram,Chattogram,Agrabad Market,Rice,BRRI Dhan-29,Rice,25,2798,3032,2915,5/19/2022,Grade A,Medium,Medium,Wholesale,Monsoon
Dhaka,Narayanganj,Chashara Market,Rice,BRRI Dhan-29,Rice,10,5967,6465,6216,1/20/2021,Premium,Medium,Low,Retail,Monsoon
Barishal,Barishal,Nathullabad Market,Rice,BRRI Dhan-29,Rice,14.8,11644,12614,12129,5/20/2024,Grade A,Medium,Medium,Retail,Monsoon
Dhaka,Tangail,Tangail Sadar Market,Rice,Miniket,Rice,15,6240,6760,6500,8/25/2021,Grade B,Medium,Medium,Retail,Monsoon
Rajshahi,Naogaon,Naogaon Sadar Market,Rice,Miniket,Rice,75,2422,2624,2523,7/24/2023,Grade A,Medium,Medium,Retail,Monsoon
Dhaka,Gazipur,Joydebpur Market,Rice,Miniket,Rice,229,3795,4111,3953,1/3/2020,Grade B,Low,Low,Wholesale,Monsoon
Chattogram,Chattogram,Agrabad Market,Rice,Miniket,Rice,280.6,4128,4472,4300,3/19/2024,Grade B,Medium,Medium,Wholesale,Monsoon
Chattogram,Cox's Bazar,Cox's Bazar Market,Rice,BRRI Dhan-29,Rice,543.1,4543,4921,4732,11/13/2024,Premium,High,Medium,Wholesale,Monsoon
Chattogram,Chattogram,Agrabad Market,Rice,BRRI Dhan-29,Rice,80,5396,5846,5621,12/31/2021,Grade C,Medium,High,Wholesale,Monsoon
Dhaka,Manikganj,Manikganj Bazar,Rice,BRRI Dhan-28,Rice,29,2555,2767,2661,7/12/2023,Grade A,Medium,High,Wholesale,Monsoon
Dhaka,Dhaka,Karwan Bazar,Rice,BRRI Dhan-28,Rice,56,4368,4732,4550,11/7/2023,Grade B,Low,Medium,Wholesale,Monsoon
Chattogram,Chattogram,Agrabad Market,Rice,BRRI Dhan-28,Rice,35,6094,6602,6348,6/26/2021,Grade C,High,Low,Retail,Monsoon
Dhaka,Manikganj,Manikganj Bazar,Rice,Miniket,Rice,9,5652,6124,5888,7/6/2022,Grade C,Low,Low,Wholesale,Monsoon
Rajshahi,Bogura,Satmatha Market,Rice,Miniket,Rice,350,4598,4982,4790,7/18/2023,Grade B,Low,Medium,Wholesale,Monsoon
Dhaka,Manikganj,Manikganj Bazar,Rice,Miniket,Rice,14,6614,7166,6890,1/21/2023,Grade A,Medium,High,Retail,Monsoon
Dhaka,Dhaka,Karwan Bazar,Rice,Miniket,Rice,27,6340,6868,6604,6/28/2022,Grade A,Low,Low,Retail,Monsoon
Dhaka,Gazipur,Joydebpur Market,Rice,Miniket,Rice,59,4320,4680,4500,2/2/2020,Grade B,Low,Medium,Wholesale,Monsoon
Rajshahi,Rajshahi,Shaheb Bazar,Rice,Miniket,Rice,250,4351,4713,4532,2/15/2024,Grade A,High,Low,Wholesale,Monsoon
Dhaka,Narayanganj,Chashara Market,Rice,BRRI Dhan-29,Rice,84,4261,4617,4439,2/24/2020,Grade C,Medium,Medium,Retail,Monsoon
Chattogram,Noakhali,Maijdee Bazar,Rice,Miniket,Rice,25,5856,6344,6100,6/18/2022,Grade B,Low,High,Retail,Monsoon
Chattogram,Cumilla,Kandirpar Market,Rice,BRRI Dhan-29,Rice,10,10186,11034,10610,10/12/2023,Grade B,Medium,Medium,Retail,Monsoon
Dhaka,Tangail,Tangail Sadar Market,Rice,Miniket,Rice,286,3432,3718,3575,2/11/2020,Grade B,High,Low,Wholesale,Monsoon
Chattogram,Cox's Bazar,Cox's Bazar Market,Rice,BRRI Dhan-28,Rice,5,1921,2081,2001,8/13/2024,Grade C,Medium,Low,Wholesale,Monsoon
Chattogram,Cumilla,Kandirpar Market,Rice,BRRI Dhan-29,Rice,39.9,10752,11648,11200,9/7/2024,Premium,Medium,Low,Retail,Monsoon
Chattogram,Feni,Feni Sadar Market,Rice,BRRI Dhan-29,Rice,33,6055,6559,6307,9/3/2020,Grade A,High,High,Retail,Monsoon
Dhaka,Dhaka,Karwan Bazar,Rice,BRRI Dhan-28,Rice,21,5945,6441,6193,1/22/2022,Grade A,Medium,Medium,Retail,Monsoon
Dhaka,Gazipur,Joydebpur Market,Rice,Miniket,Rice,502,4565,4945,4755,12/16/2022,Grade C,Medium,Low,Retail,Monsoon
Dhaka,Manikganj,Manikganj Bazar,Rice,Miniket,Rice,7,7056,7644,7350,4/4/2024,Grade B,Medium,Low,Wholesale,Monsoon
Barishal,Patuakhali,Patuakhali Sadar Market,Rice,Miniket,Rice,1,12305,13331,12818,9/2/2023,Premium,Medium,Medium,Retail,Monsoon
Barishal,Patuakhali,Patuakhali Sadar Market,Rice,BRRI Dhan-29,Rice,40,4524,4900,4712,7/12/2023,Grade B,High,High,Wholesale,Monsoon
Barishal,Patuakhali,Patuakhali Sadar Market,Rice,Miniket,Rice,12,5405,5855,5630,8/24/2020,Grade C,Medium,Medium,Wholesale,Monsoon
Dhaka,Manikganj,Manikganj Bazar,Rice,BRRI Dhan-29,Rice,24,4107,4449,4278,10/13/2022,Grade C,Medium,Medium,Wholesale,Monsoon
Khulna,Kushtia,Kushtia Boro Bazar,Rice,BRRI Dhan-28,Rice,9,1430,1550,1490,3/8/2021,Grade C,Medium,Low,Retail,Monsoon
Dhaka,Tangail,Tangail Sadar Market,Rice,Miniket,Rice,145,2264,2452,2358,5/13/2023,Grade A,Low,High,Wholesale,Monsoon
Barishal,Barishal,Nathullabad Market,Rice,BRRI Dhan-28,Rice,10,9701,10509,10105,2/27/2024,Premium,Medium,Medium,Retail,Monsoon
Khulna,Jashore,Jashore Bazar,Rice,BRRI Dhan-28,Rice,17,4800,5200,5000,12/28/2021,Grade B,High,Low,Retail,Monsoon
Dhaka,Tangail,Tangail Sadar Market,Rice,BRRI Dhan-28,Rice,40,4320,4680,4500,2/9/2020,Grade B,Low,Low,Retail,Monsoon
Dhaka,Narayanganj,Chashara Market,Rice,BRRI Dhan-28,Rice,32,7096,7688,7392,1/27/2023,Premium,High,Medium,Retail,Monsoon
Barishal,Patuakhali,Patuakhali Sadar Market,Rice,BRRI Dhan-29,Rice,109,5281,5721,5501,12/26/2022,Grade A,High,Medium,Retail,Monsoon
Dhaka,Gazipur,Joydebpur Market,Rice,BRRI Dhan-29,Rice,135,4880,5286,5083,6/27/2020,Grade C,Low,High,Wholesale,Monsoon
Khulna,Satkhira,Satkhira Market,Rice,BRRI Dhan-28,Rice,52,7849,8503,8176,6/11/2023,Premium,Low,High,Wholesale,Monsoon
Chattogram,Cox's Bazar,Cox's Bazar Market,Rice,BRRI Dhan-29,Rice,31,6182,6698,6440,6/30/2021,Grade C,Medium,High,Wholesale,Monsoon
Dhaka,Dhaka,Karwan Bazar,Rice,Miniket,Rice,29,1877,2033,1955,3/25/2023,Grade C,Medium,Medium,Retail,Monsoon
Khulna,Kushtia,Kushtia Boro Bazar,Rice,BRRI Dhan-28,Rice,426,6094,6602,6348,12/26/2023,Grade C,Medium,Low,Wholesale,Monsoon
Dhaka,Dhaka,Karwan Bazar,Rice,BRRI Dhan-29,Rice,4,6816,7384,7100,1/11/2023,Grade B,Medium,Low,Wholesale,Monsoon
Dhaka,Narayanganj,Chashara Market,Rice,BRRI Dhan-29,Rice,1,2832,3068,2950,12/8/2022,Grade B,Medium,Medium,Wholesale,Monsoon
Barishal,Bhola,Bhola Bazar,Rice,Miniket,Rice,1,2112,2288,2200,6/20/2023,Grade B,Low,High,Retail,Monsoon
Barishal,Patuakhali,Patuakhali Sadar Market,Rice,BRRI Dhan-29,Rice,5.6,2198,2382,2290,4/25/2024,Grade B,High,High,Wholesale,Monsoon
Chattogram,Feni,Feni Sadar Market,Rice,BRRI Dhan-29,Rice,62,3480,3770,3625,6/22/2020,Grade B,Medium,Medium,Wholesale,Monsoon
Chattogram,Cumilla,Kandirpar Market,Rice,BRRI Dhan-29,Rice,10,1476,1598,1537,10/9/2020,Grade A,High,Low,Wholesale,Monsoon
Khulna,Kushtia,Kushtia Boro Bazar,Rice,BRRI Dhan-29,Rice,18,5299,5741,5520,3/23/2021,Grade C,High,High,Wholesale,Monsoon
Khulna,Jashore,Jashore Bazar,Rice,BRRI Dhan-29,Rice,19,3974,4306,4140,12/21/2023,Grade C,High,High,Retail,Monsoon
Chattogram,Cox's Bazar,Cox's Bazar Market,Rice,BRRI Dhan-29,Rice,5,2232,2418,2325,1/23/2024,Grade B,High,Low,Wholesale,Monsoon
Dhaka,Tangail,Tangail Sadar Market,Rice,BRRI Dhan-29,Rice,11,4107,4449,4278,4/26/2023,Grade C,Medium,Medium,Retail,Monsoon
Khulna,Satkhira,Satkhira Market,Rice,BRRI Dhan-29,Rice,198.8,7225,7827,7526,11/27/2024,Grade A,Medium,High,Retail,Monsoon
Barishal,Barishal,Nathullabad Market,Rice,BRRI Dhan-29,Rice,82,4491,4865,4678,12/4/2023,Grade B,Low,Medium,Retail,Monsoon
Dhaka,Narayanganj,Chashara Market,Rice,BRRI Dhan-29,Rice,1,2493,2701,2597,11/4/2022,Grade A,Medium,Low,Retail,Monsoon
Barishal,Patuakhali,Patuakhali Sadar Market,Rice,BRRI Dhan-28,Rice,55,6665,7221,6943,2/18/2021,Grade A,Medium,Low,Retail,Monsoon
Dhaka,Manikganj,Manikganj Bazar,Rice,BRRI Dhan-29,Rice,120,7632,8268,7950,4/19/2023,Grade B,Medium,Medium,Retail,Monsoon
Chattogram,Noakhali,Maijdee Bazar,Rice,BRRI Dhan-28,Rice,50,1781,1929,1855,3/12/2021,Grade A,Low,Low,Wholesale,Monsoon
Dhaka,Narayanganj,Chashara Market,Rice,BRRI Dhan-29,Rice,1,10752,11648,11200,11/16/2023,Grade B,High,Medium,Wholesale,Monsoon
Dhaka,Narayanganj,Chashara Market,Rice,BRRI Dhan-29,Rice,4,2400,2600,2500,11/18/2022,Grade B,Medium,Medium,Wholesale,Monsoon
Rajshahi,Rajshahi,Shaheb Bazar,Rice,BRRI Dhan-29,Rice,25.5,8606,9324,8965,9/10/2024,Grade C,Medium,High,Wholesale,Monsoon
Dhaka,Gazipur,Joydebpur Market,Rice,BRRI Dhan-28,Rice,71,6094,6602,6348,1/19/2023,Grade C,Medium,Medium,Retail,Monsoon
Dhaka,Tangail,Tangail Sadar Market,Rice,BRRI Dhan-28,Rice,13,6004,6504,6254,4/19/2022,Grade A,High,Low,Wholesale,Monsoon
Dhaka,Dhaka,Karwan Bazar,Rice,BRRI Dhan-28,Rice,3,1024,1110,1067,8/26/2021,Grade C,Medium,Medium,Retail,Monsoon
Khulna,Kushtia,Kushtia Boro Bazar,Rice,BRRI Dhan-28,Rice,6,4824,5226,5025,2/7/2023,Grade B,High,Low,Retail,Monsoon
Dhaka,Dhaka,Karwan Bazar,Rice,BRRI Dhan-29,Rice,28,3900,4224,4062,12/7/2020,Grade B,Medium,Low,Wholesale,Monsoon
Chattogram,Cumilla,Kandirpar Market,Rice,Miniket,Rice,14,6667,7223,6945,12/28/2023,Grade B,Medium,Low,Wholesale,Monsoon
Rajshahi,Naogaon,Naogaon Sadar Market,Rice,Miniket,Rice,220,6360,6890,6625,6/28/2021,Grade A,High,High,Retail,Monsoon
Dhaka,Dhaka,Karwan Bazar,Rice,Miniket,Rice,8,1347,1459,1403,8/31/2020,Grade C,Medium,Low,Wholesale,Monsoon
Dhaka,Dhaka,Karwan Bazar,Rice,Miniket,Rice,4,4416,4784,4600,10/3/2023,Grade B,High,Low,Wholesale,Monsoon
Dhaka,Manikganj,Manikganj Bazar,Rice,BRRI Dhan-29,Rice,38,4712,5104,4908,12/27/2023,Grade A,Low,Medium,Wholesale,Monsoon
Chattogram,Noakhali,Maijdee Bazar,Rice,BRRI Dhan-28,Rice,14,2412,2612,2512,6/23/2023,Grade A,High,Low,Wholesale,Monsoon
Dhaka,Narayanganj,Chashara Market,Rice,Miniket,Rice,140,5381,5829,5605,1/16/2021,Grade B,High,Low,Wholesale,Monsoon
Chattogram,Cumilla,Kandirpar Market,Rice,BRRI Dhan-29,Rice,40,1632,1768,1700,4/2/2021,Grade B,High,Medium,Wholesale,Monsoon
Chattogram,Cox's Bazar,Cox's Bazar Market,Rice,Miniket,Rice,5,1979,2143,2061,8/18/2022,Grade C,Medium,High,Wholesale,Monsoon
Barishal,Barishal,Nathullabad Market,Rice,BRRI Dhan-28,Rice,2,2378,2576,2477,11/1/2022,Premium,Low,Medium,Wholesale,Monsoon
Rajshahi,Rajshahi,Shaheb Bazar,Rice,Miniket,Rice,60,10055,10893,10474,8/29/2023,Grade C,Medium,Low,Wholesale,Monsoon
Chattogram,Cox's Bazar,Cox's Bazar Market,Rice,BRRI Dhan-28,Rice,10,12313,13339,12826,9/2/2023,Grade A,Medium,High,Retail,Monsoon
Barishal,Bhola,Bhola Bazar,Rice,BRRI Dhan-29,Rice,111,5255,5693,5474,2/3/2021,Grade C,Medium,Low,Wholesale,Monsoon
Khulna,Jashore,Jashore Bazar,Rice,Miniket,Rice,18,10074,10914,10494,2/4/2022,Grade A,Medium,Medium,Retail,Monsoon
Dhaka,Tangail,Tangail Sadar Market,Rice,BRRI Dhan-29,Rice,0.3,2112,2288,2200,10/17/2024,Grade A,Low,Medium,Retail,Monsoon
Chattogram,Chattogram,Agrabad Market,Rice,BRRI Dhan-28,Rice,12,2510,2720,2615,9/15/2022,Premium,Low,Low,Retail,Monsoon
Khulna,Satkhira,Satkhira Market,Rice,BRRI Dhan-29,Rice,5,6259,6781,6520,4/26/2021,Grade B,Low,Low,Retail,Monsoon
Dhaka,Dhaka,Karwan Bazar,Rice,BRRI Dhan-29,Rice,1,2340,2536,2438,11/4/2022,Grade A,Medium,Low,Retail,Monsoon
Barishal,Patuakhali,Patuakhali Sadar Market,Rice,Miniket,Rice,27,4239,4593,4416,3/18/2020,Grade C,Low,High,Retail,Monsoon
Rajshahi,Naogaon,Naogaon Sadar Market,Rice,BRRI Dhan-28,Rice,20,12211,13229,12720,11/3/2023,Grade A,Medium,Medium,Wholesale,Monsoon
Dhaka,Narayanganj,Chashara Market,Rice,BRRI Dhan-28,Rice,5,4512,4888,4700,1/9/2020,Grade B,Medium,Low,Wholesale,Monsoon
Rajshahi,Naogaon,Naogaon Sadar Market,Rice,BRRI Dhan-29,Rice,25,2779,3011,2895,11/8/2023,Grade B,Medium,Medium,Retail,Monsoon
Dhaka,Tangail,Tangail Sadar Market,Rice,Miniket,Rice,9,5724,6200,5962,5/17/2022,Grade A,Medium,Medium,Wholesale,Monsoon
Dhaka,Dhaka,Karwan Bazar,Rice,BRRI Dhan-28,Rice,42,4512,4888,4700,1/25/2020,Grade B,Medium,Medium,Wholesale,Monsoon
Chattogram,Cox's Bazar,Cox's Bazar Market,Rice,Miniket,Rice,5,1814,1966,1890,5/2/2023,Grade B,Medium,Medium,Wholesale,Monsoon
Chattogram,Cox's Bazar,Cox's Bazar Market,Rice,Miniket,Rice,18.5,4118,4462,4290,6/6/2024,Grade B,Medium,Low,Retail,Monsoon
Khulna,Jashore,Jashore Bazar,Rice,Miniket,Rice,18,1944,2106,2025,3/14/2023,Grade B,High,Low,Wholesale,Monsoon
Chattogram,Chattogram,Agrabad Market,Rice,BRRI Dhan-29,Rice,101,6818,7386,7102,4/6/2021,Grade A,High,Medium,Retail,Monsoon
Khulna,Khulna,Khulna New Market,Rice,Miniket,Rice,8.3,3878,4202,4040,8/7/2024,Grade B,Medium,Low,Wholesale,Monsoon
Dhaka,Gazipur,Joydebpur Market,Rice,BRRI Dhan-29,Rice,3.1,2736,2964,2850,11/18/2024,Grade B,Medium,High,Wholesale,Monsoon
Dhaka,Gazipur,Joydebpur Market,Rice,Miniket,Rice,"1,252.00",5388,5836,5612,11/15/2021,Grade C,Medium,Medium,Wholesale,Monsoon
Dhaka,Narayanganj,Chashara Market,Rice,BRRI Dhan-28,Rice,70,4152,4498,4325,2/27/2024,Grade B,High,Low,Retail,Monsoon
Dhaka,Narayanganj,Chashara Market,Rice,Miniket,Rice,151.6,3840,4160,4000,10/22/2024,Grade B,High,Medium,Wholesale,Monsoon
Dhaka,Gazipur,Joydebpur Market,Rice,BRRI Dhan-29,Rice,3,5669,6141,5905,11/24/2020,Grade B,High,Low,Retail,Monsoon
Chattogram,Cumilla,Kandirpar Market,Rice,BRRI Dhan-29,Rice,1,1272,1378,1325,12/20/2021,Grade A,Low,High,Retail,Monsoon
Khulna,Jashore,Jashore Bazar,Rice,BRRI Dhan-28,Rice,7,7066,7654,7360,5/12/2023,Grade C,Medium,Medium,Wholesale,Monsoon
Dhaka,Manikganj,Manikganj Bazar,Rice,Miniket,Rice,172,5026,5444,5235,6/22/2020,Grade B,Medium,Low,Retail,Monsoon
Rajshahi,Bogura,Satmatha Market,Rice,BRRI Dhan-28,Rice,16,8352,9048,8700,10/11/2024,Grade B,Medium,Medium,Wholesale,Monsoon
Chattogram,Chattogram,Agrabad Market,Rice,BRRI Dhan-29,Rice,8,1608,1742,1675,7/2/2020,Grade B,Medium,Medium,Wholesale,Monsoon
Chattogram,Feni,Feni Sadar Market,Rice,BRRI Dhan-29,Rice,17,1369,1483,1426,11/6/2020,Grade C,High,Medium,Retail,Monsoon
Chattogram,Chattogram,Agrabad Market,Rice,Miniket,Rice,21,1568,1698,1633,12/31/2021,Grade C,Low,High,Wholesale,Monsoon
Khulna,Satkhira,Satkhira Market,Rice,Miniket,Rice,35,5699,6173,5936,11/19/2022,Premium,High,High,Retail,Monsoon
Chattogram,Noakhali,Maijdee Bazar,Rice,Miniket,Rice,11,10080,10920,10500,10/28/2023,Grade B,Low,High,Wholesale,Monsoon
Rajshahi,Naogaon,Naogaon Sadar Market,Rice,Miniket,Rice,75,2419,2621,2520,8/25/2023,Grade B,Low,Medium,Retail,Monsoon
Khulna,Jashore,Jashore Bazar,Rice,BRRI Dhan-29,Rice,5,4838,5242,5040,3/24/2021,Premium,Medium,High,Wholesale,Monsoon
Rajshahi,Naogaon,Naogaon Sadar Market,Rice,BRRI Dhan-28,Rice,350,5616,6084,5850,12/1/2021,Grade B,Medium,High,Wholesale,Monsoon
Dhaka,Gazipur,Joydebpur Market,Rice,BRRI Dhan-29,Rice,29,5591,6057,5824,6/1/2020,Premium,High,Low,Wholesale,Monsoon
Chattogram,Cumilla,Kandirpar Market,Rice,BRRI Dhan-29,Rice,2,6307,6833,6570,12/17/2022,Grade B,High,Medium,Wholesale,Monsoon
Khulna,Khulna,Khulna New Market,Rice,Miniket,Rice,5,7530,8158,7844,4/23/2023,Grade A,High,Medium,Retail,Monsoon
Barishal,Patuakhali,Patuakhali Sadar Market,Rice,BRRI Dhan-28,Rice,36,5760,6240,6000,12/28/2021,Grade B,Medium,High,Wholesale,Monsoon
Dhaka,Narayanganj,Chashara Market,Rice,BRRI Dhan-28,Rice,6,7634,8270,7952,10/15/2020,Premium,High,Low,Retail,Monsoon
Dhaka,Gazipur,Joydebpur Market,Rice,BRRI Dhan-29,Rice,14,6284,6808,6546,7/20/2022,Grade C,Medium,Low,Wholesale,Monsoon
Chattogram,Feni,Feni Sadar Market,Rice,Miniket,Rice,24,5749,6229,5989,9/7/2020,Grade A,Medium,Medium,Wholesale,Monsoon
Dhaka,Manikganj,Manikganj Bazar,Rice,BRRI Dhan-28,Rice,90,6156,6670,6413,7/16/2021,Grade A,High,Medium,Retail,Monsoon
Chattogram,Noakhali,Maijdee Bazar,Rice,BRRI Dhan-29,Rice,278,6360,6890,6625,2/28/2022,Grade A,High,High,Retail,Monsoon
Rajshahi,Bogura,Satmatha Market,Rice,Miniket,Rice,23,11376,12324,11850,10/30/2023,Grade B,Medium,Medium,Retail,Monsoon
Dhaka,Dhaka,Karwan Bazar,Rice,Miniket,Rice,4,2208,2392,2300,8/8/2023,Grade B,Low,Medium,Wholesale,Monsoon
Chattogram,Noakhali,Maijdee Bazar,Rice,BRRI Dhan-29,Rice,11,1970,2134,2052,6/10/2023,Grade C,High,High,Retail,Monsoon
Chattogram,Cox's Bazar,Cox's Bazar Market,Rice,Miniket,Rice,38,3665,3971,3818,7/31/2024,Grade C,Medium,High,Retail,Monsoon
Dhaka,Dhaka,Karwan Bazar,Rice,BRRI Dhan-28,Rice,85,8548,9260,8904,3/26/2023,Grade A,Medium,Medium,Retail,Monsoon
Dhaka,Manikganj,Manikganj Bazar,Rice,Miniket,Rice,3,6869,7441,7155,7/18/2022,Grade A,Medium,Low,Retail,Monsoon
Dhaka,Tangail,Tangail Sadar Market,Rice,BRRI Dhan-28,Rice,15,2256,2444,2350,9/4/2023,Grade B,Medium,Medium,Retail,Monsoon
Dhaka,Narayanganj,Chashara Market,Rice,BRRI Dhan-29,Rice,5,6767,7331,7049,8/25/2022,Grade A,High,Low,Retail,Monsoon
Khulna,Jashore,Jashore Bazar,Rice,Miniket,Rice,23,5699,6173,5936,2/7/2022,Grade A,High,Low,Wholesale,Monsoon
Dhaka,Manikganj,Manikganj Bazar,Rice,BRRI Dhan-28,Rice,30,1680,1820,1750,5/16/2020,Grade B,Low,Medium,Wholesale,Monsoon
Chattogram,Feni,Feni Sadar Market,Rice,Miniket,Rice,120,2345,2541,2443,4/18/2022,Grade A,High,High,Retail,Monsoon
Dhaka,Manikganj,Manikganj Bazar,Rice,BRRI Dhan-28,Rice,1,2493,2701,2597,2/11/2023,Grade A,Low,Medium,Retail,Monsoon
Chattogram,Cumilla,Kandirpar Market,Rice,BRRI Dhan-28,Rice,9,6576,7124,6850,1/6/2024,Grade B,Low,High,Wholesale,Monsoon
Chattogram,Noakhali,Maijdee Bazar,Rice,Miniket,Rice,3,2798,3032,2915,1/30/2020,Grade A,Medium,Medium,Retail,Monsoon
Dhaka,Narayanganj,Chashara Market,Rice,BRRI Dhan-28,Rice,55,11347,12293,11820,9/1/2023,Grade B,High,High,Wholesale,Monsoon
Barishal,Bhola,Bhola Bazar,Rice,BRRI Dhan-29,Rice,43,3074,3330,3202,7/13/2020,Grade C,Medium,Medium,Wholesale,Monsoon
Chattogram,Noakhali,Maijdee Bazar,Rice,BRRI Dhan-29,Rice,12,7123,7717,7420,5/6/2021,Grade B,Low,Medium,Wholesale,Monsoon
Rajshahi,Bogura,Satmatha Market,Rice,Miniket,Rice,49,2467,2673,2570,7/8/2024,Grade B,Medium,High,Wholesale,Monsoon
Barishal,Bhola,Bhola Bazar,Rice,BRRI Dhan-29,Rice,43,4944,5356,5150,12/6/2022,Grade B,High,High,Retail,Monsoon
Barishal,Bhola,Bhola Bazar,Rice,Miniket,Rice,126.8,4347,4709,4528,11/26/2024,Premium,Medium,High,Retail,Monsoon
Chattogram,Feni,Feni Sadar Market,Rice,BRRI Dhan-29,Rice,17,2179,2361,2270,7/6/2024,Grade B,Low,High,Retail,Monsoon
Dhaka,Manikganj,Manikganj Bazar,Rice,BRRI Dhan-29,Rice,144,1656,1794,1725,5/28/2021,Grade B,Low,Medium,Wholesale,Monsoon
Dhaka,Tangail,Tangail Sadar Market,Rice,Miniket,Rice,244.5,4554,4934,4744,9/25/2024,Grade A,High,Low,Wholesale,Monsoon
Dhaka,Manikganj,Manikganj Bazar,Rice,BRRI Dhan-28,Rice,23,5808,6292,6050,1/27/2022,Grade B,Medium,High,Retail,Monsoon
Chattogram,Cox's Bazar,Cox's Bazar Market,Rice,Miniket,Rice,4,7584,8216,7900,8/11/2022,Grade B,Medium,Medium,Retail,Monsoon
Rajshahi,Rajshahi,Shaheb Bazar,Rice,BRRI Dhan-29,Rice,150,6000,6500,6250,8/10/2021,Grade B,High,High,Retail,Monsoon
Khulna,Jashore,Jashore Bazar,Rice,BRRI Dhan-28,Rice,50,4320,4680,4500,11/9/2021,Grade B,High,High,Retail,Monsoon
Barishal,Bhola,Bhola Bazar,Rice,BRRI Dhan-29,Rice,61.1,3751,4063,3907,6/6/2024,Grade C,Medium,Low,Wholesale,Monsoon
Dhaka,Gazipur,Joydebpur Market,Rice,Miniket,Rice,6,6576,7124,6850,7/25/2022,Grade B,Medium,Medium,Retail,Monsoon
Dhaka,Dhaka,Karwan Bazar,Rice,BRRI Dhan-29,Rice,12.9,4335,4697,4516,7/10/2024,Grade A,High,High,Retail,Monsoon
Dhaka,Narayanganj,Chashara Market,Rice,BRRI Dhan-28,Rice,12,5860,6348,6104,7/23/2020,Premium,High,Low,Retail,Monsoon
Chattogram,Chattogram,Agrabad Market,Rice,Miniket,Rice,5,2400,2600,2500,4/17/2020,Grade B,High,Medium,Retail,Monsoon
Rajshahi,Pabna,Pabna Sadar Market,Rice,Miniket,Rice,150,7632,8268,7950,8/12/2022,Grade A,High,Medium,Wholesale,Monsoon
Dhaka,Manikganj,Manikganj Bazar,Rice,Miniket,Rice,7,5211,5645,5428,8/4/2021,Grade C,High,Medium,Wholesale,Monsoon
Barishal,Barishal,Nathullabad Market,Rice,BRRI Dhan-29,Rice,26,4368,4732,4550,2/22/2020,Grade B,Medium,Medium,Wholesale,Monsoon
Dhaka,Gazipur,Joydebpur Market,Rice,Miniket,Rice,40,9168,9932,9550,7/25/2023,Grade B,Medium,Medium,Wholesale,Monsoon
Chattogram,Chattogram,Agrabad Market,Rice,BRRI Dhan-28,Rice,14,2146,2324,2235,6/13/2023,Grade B,Medium,Low,Wholesale,Monsoon
Dhaka,Narayanganj,Chashara Market,Rice,BRRI Dhan-28,Rice,267,5432,5884,5658,9/21/2021,Grade C,Low,Medium,Retail,Monsoon
Khulna,Khulna,Khulna New Market,Rice,Miniket,Rice,30,2328,2522,2425,2/23/2024,Grade B,Low,High,Wholesale,Monsoon
Dhaka,Manikganj,Manikganj Bazar,Rice,Miniket,Rice,33,6055,6559,6307,10/9/2021,Grade A,Low,Medium,Retail,Monsoon
Dhaka,Gazipur,Joydebpur Market,Rice,BRRI Dhan-29,Rice,30.9,9911,10737,10324,3/22/2024,Grade A,High,Low,Retail,Monsoon
Khulna,Kushtia,Kushtia Boro Bazar,Rice,BRRI Dhan-29,Rice,374,6716,7276,6996,2/13/2024,Grade A,Medium,Medium,Wholesale,Monsoon
Rajshahi,Pabna,Pabna Sadar Market,Rice,BRRI Dhan-29,Rice,5,4477,4851,4664,1/6/2020,Grade A,Medium,Low,Retail,Monsoon
Chattogram,Feni,Feni Sadar Market,Rice,Miniket,Rice,5,936,1014,975,10/23/2021,Grade B,Low,Low,Wholesale,Monsoon
Dhaka,Narayanganj,Chashara Market,Rice,BRRI Dhan-29,Rice,40,4838,5242,5040,7/19/2023,Premium,Medium,Medium,Retail,Monsoon
Chattogram,Cumilla,Kandirpar Market,Rice,Miniket,Rice,10,1665,1803,1734,1/16/2020,Grade C,Medium,Medium,Retail,Monsoon
Barishal,Barishal,Nathullabad Market,Rice,Miniket,Rice,33,5785,6267,6026,6/30/2020,Premium,Medium,Medium,Retail,Monsoon
Chattogram,Cumilla,Kandirpar Market,Rice,BRRI Dhan-28,Rice,5,1466,1588,1527,9/21/2021,Grade C,High,High,Retail,Monsoon
Dhaka,Gazipur,Joydebpur Market,Rice,BRRI Dhan-28,Rice,9,2451,2655,2553,2/6/2023,Grade C,Medium,High,Retail,Monsoon
Khulna,Jashore,Jashore Bazar,Rice,BRRI Dhan-29,Rice,40,6624,7176,6900,2/4/2023,Grade B,Medium,Medium,Retail,Monsoon
Dhaka,Narayanganj,Chashara Market,Rice,BRRI Dhan-29,Rice,0.5,4447,4817,4632,3/30/2024,Grade A,High,Low,Retail,Monsoon
Dhaka,Dhaka,Karwan Bazar,Rice,BRRI Dhan-29,Rice,3,4243,4597,4420,9/13/2023,Grade B,Low,Medium,Wholesale,Monsoon
Khulna,Khulna,Khulna New Market,Rice,Miniket,Rice,6,8037,8707,8372,2/17/2023,Premium,High,Medium,Retail,Monsoon
Khulna,Satkhira,Satkhira Market,Rice,BRRI Dhan-29,Rice,42,1413,1531,1472,3/9/2021,Grade C,High,Medium,Retail,Monsoon
Khulna,Khulna,Khulna New Market,Soybean,BARI Soybean-6,Oil Seeds,11,5037,5457,5247,1/25/2023,Grade A,Medium,Low,Retail,Summer
Rajshahi,Pabna,Pabna Sadar Market,Soybean,BARI Soybean-6,Oil Seeds,165,1816,1968,1892,5/20/2020,Grade A,High,Medium,Retail,Summer
Barishal,Barishal,Nathullabad Market,Soybean,BARI Soybean-6,Oil Seeds,137,8064,8736,8400,5/10/2023,Grade B,Medium,Low,Wholesale,Summer
Khulna,Kushtia,Kushtia Boro Bazar,Soybean,BARI Soybean-6,Oil Seeds,17,4732,5126,4929,6/27/2023,Grade A,Low,Medium,Wholesale,Summer
Rajshahi,Pabna,Pabna Sadar Market,Soybean,BARI Soybean-6,Oil Seeds,63,1765,1913,1839,8/23/2021,Grade A,Medium,Low,Wholesale,Summer
Dhaka,Narayanganj,Chashara Market,Soybean,BARI Soybean-6,Oil Seeds,64,3828,4146,3987,11/10/2020,Grade B,Low,High,Retail,Summer
Dhaka,Manikganj,Manikganj Bazar,Soybean,BARI Soybean-6,Oil Seeds,133.5,2671,2893,2782,4/24/2024,Grade A,Medium,Medium,Wholesale,Summer
Chattogram,Cox's Bazar,Cox's Bazar Market,Soybean,BARI Soybean-6,Oil Seeds,1,2534,2746,2640,9/16/2023,Grade C,Low,Medium,Wholesale,Summer
Chattogram,Cumilla,Kandirpar Market,Soybean,BARI Soybean-6,Oil Seeds,5,2291,2481,2386,7/28/2022,Premium,Medium,Medium,Wholesale,Summer
Barishal,Bhola,Bhola Bazar,Soybean,BARI Soybean-6,Oil Seeds,22,4666,5054,4860,10/12/2022,Grade A,Medium,High,Retail,Summer
Dhaka,Manikganj,Manikganj Bazar,Soybean,BARI Soybean-6,Oil Seeds,306,4230,4582,4406,2/13/2024,Grade B,Medium,Medium,Retail,Summer
Chattogram,Noakhali,Maijdee Bazar,Soybean,BARI Soybean-6,Oil Seeds,23,4946,5358,5152,11/18/2021,Grade C,High,Medium,Wholesale,Summer
Khulna,Kushtia,Kushtia Boro Bazar,Soybean,BARI Soybean-6,Oil Seeds,90,5568,6032,5800,2/12/2021,Grade B,High,High,Retail,Summer
Rajshahi,Pabna,Pabna Sadar Market,Soybean,BARI Soybean-6,Oil Seeds,26.5,2398,2598,2498,10/14/2024,Grade C,Medium,High,Retail,Summer
Chattogram,Chattogram,Agrabad Market,Soybean,BARI Soybean-6,Oil Seeds,2,1586,1718,1652,12/24/2020,Premium,Medium,High,Wholesale,Summer
Barishal,Bhola,Bhola Bazar,Soybean,BARI Soybean-6,Oil Seeds,145,4988,5404,5196,3/14/2023,Grade A,High,Medium,Retail,Summer
Khulna,Khulna,Khulna New Market,Soybean,BARI Soybean-6,Oil Seeds,7,5741,6219,5980,6/21/2021,Grade C,High,Low,Wholesale,Summer
Chattogram,Feni,Feni Sadar Market,Soybean,BARI Soybean-6,Oil Seeds,51,5520,5980,5750,10/26/2021,Grade B,Medium,Medium,Retail,Summer
Chattogram,Cumilla,Kandirpar Market,Soybean,BARI Soybean-6,Oil Seeds,3,2615,2833,2724,12/21/2023,Grade A,Medium,Low,Retail,Summer
Khulna,Satkhira,Satkhira Market,Soybean,BARI Soybean-6,Oil Seeds,13,4512,4888,4700,5/28/2020,Grade B,Low,Low,Wholesale,Summer
Dhaka,Manikganj,Manikganj Bazar,Soybean,BARI Soybean-6,Oil Seeds,25,5195,5627,5411,2/20/2023,Grade A,High,High,Wholesale,Summer
Chattogram,Cumilla,Kandirpar Market,Soybean,BARI Soybean-6,Oil Seeds,286,4800,5200,5000,2/5/2020,Grade B,Medium,Medium,Retail,Summer
Chattogram,Feni,Feni Sadar Market,Soybean,BARI Soybean-6,Oil Seeds,90,2036,2206,2121,3/23/2023,Grade C,Medium,Low,Retail,Summer
Barishal,Barishal,Nathullabad Market,Soybean,BARI Soybean-6,Oil Seeds,37.1,3897,4221,4059,9/19/2024,Grade C,High,Medium,Wholesale,Summer
Rajshahi,Rajshahi,Shaheb Bazar,Soybean,BARI Soybean-6,Oil Seeds,150,2040,2210,2125,3/29/2023,Grade B,High,Low,Retail,Summer
Dhaka,Dhaka,Karwan Bazar,Soybean,BARI Soybean-6,Oil Seeds,1,6451,6989,6720,5/18/2022,Premium,Medium,Medium,Retail,Summer
Dhaka,Dhaka,Karwan Bazar,Soybean,BARI Soybean-6,Oil Seeds,120,5856,6344,6100,8/23/2021,Grade C,Medium,Medium,Wholesale,Summer
Chattogram,Chattogram,Agrabad Market,Soybean,BARI Soybean-6,Oil Seeds,119,6528,7072,6800,3/19/2022,Grade B,High,High,Wholesale,Summer
Dhaka,Gazipur,Joydebpur Market,Soybean,BARI Soybean-6,Oil Seeds,4,1933,2095,2014,2/22/2022,Grade A,Medium,Medium,Wholesale,Summer
Rajshahi,Pabna,Pabna Sadar Market,Soybean,BARI Soybean-6,Oil Seeds,500,4248,4602,4425,1/24/2024,Grade B,Medium,Low,Retail,Summer
Dhaka,Dhaka,Karwan Bazar,Soybean,BARI Soybean-6,Oil Seeds,727,4678,5068,4873,1/8/2024,Grade A,High,Medium,Wholesale,Summer
Khulna,Kushtia,Kushtia Boro Bazar,Soybean,BARI Soybean-6,Oil Seeds,28,6156,6670,6413,1/11/2022,Grade A,Medium,Medium,Retail,Summer
Khulna,Kushtia,Kushtia Boro Bazar,Soybean,BARI Soybean-6,Oil Seeds,5,6075,6581,6328,10/23/2021,Grade A,Low,Low,Retail,Summer
Khulna,Khulna,Khulna New Market,Soybean,BARI Soybean-6,Oil Seeds,13,5299,5741,5520,6/28/2022,Grade C,High,Medium,Wholesale,Summer
Dhaka,Dhaka,Karwan Bazar,Soybean,BARI Soybean-6,Oil Seeds,130,5016,5434,5225,1/27/2020,Grade B,High,Low,Retail,Summer
Dhaka,Manikganj,Manikganj Bazar,Soybean,BARI Soybean-6,Oil Seeds,8,6614,7166,6890,9/20/2021,Grade A,Medium,Medium,Wholesale,Summer
Dhaka,Tangail,Tangail Sadar Market,Soybean,BARI Soybean-6,Oil Seeds,0.5,2242,2428,2335,8/21/2024,Grade B,Low,High,Wholesale,Summer
Chattogram,Cumilla,Kandirpar Market,Soybean,BARI Soybean-6,Oil Seeds,60,6085,6593,6339,7/13/2021,Grade A,High,Low,Retail,Summer
Dhaka,Dhaka,Karwan Bazar,Soybean,BARI Soybean-6,Oil Seeds,125,3562,3858,3710,7/4/2020,Grade A,Medium,Medium,Wholesale,Summer
Barishal,Barishal,Nathullabad Market,Soybean,BARI Soybean-6,Oil Seeds,38,5224,5660,5442,8/17/2022,Grade C,High,Low,Retail,Summer
Chattogram,Cumilla,Kandirpar Market,Soybean,BARI Soybean-6,Oil Seeds,50,7301,7909,7605,8/13/2022,Grade B,Medium,High,Retail,Summer
Dhaka,Tangail,Tangail Sadar Market,Soybean,BARI Soybean-6,Oil Seeds,3,6724,7284,7004,3/2/2023,Grade C,High,Low,Retail,Summer
Chattogram,Noakhali,Maijdee Bazar,Soybean,BARI Soybean-6,Oil Seeds,9.5,2268,2458,2363,10/24/2024,Premium,Medium,Medium,Wholesale,Summer
Dhaka,Gazipur,Joydebpur Market,Soybean,BARI Soybean-6,Oil Seeds,3,4224,4576,4400,8/27/2023,Grade B,Medium,Medium,Retail,Summer
Dhaka,Dhaka,Karwan Bazar,Soybean,BARI Soybean-6,Oil Seeds,20,3264,3536,3400,6/10/2020,Grade B,Medium,High,Retail,Summer
Dhaka,Dhaka,Karwan Bazar,Soybean,BARI Soybean-6,Oil Seeds,18,3131,3391,3261,6/25/2020,Grade C,Medium,Medium,Wholesale,Summer
Dhaka,Gazipur,Joydebpur Market,Soybean,BARI Soybean-6,Oil Seeds,2.6,3984,4316,4150,4/2/2024,Grade B,Medium,Medium,Retail,Summer
Chattogram,Cox's Bazar,Cox's Bazar Market,Soybean,BARI Soybean-6,Oil Seeds,40,4869,5275,5072,9/5/2023,Grade A,Medium,Low,Wholesale,Summer
Dhaka,Manikganj,Manikganj Bazar,Soybean,BARI Soybean-6,Oil Seeds,94,5820,6304,6062,8/10/2022,Grade B,Medium,Medium,Retail,Summer
Khulna,Kushtia,Kushtia Boro Bazar,Soybean,BARI Soybean-6,Oil Seeds,1,4860,5264,5062,1/31/2020,Grade A,Low,Medium,Wholesale,Summer
Chattogram,Cumilla,Kandirpar Market,Soybean,BARI Soybean-6,Oil Seeds,135,3504,3796,3650,9/29/2020,Grade B,Low,Medium,Wholesale,Summer
Chattogram,Feni,Feni Sadar Market,Soybean,BARI Soybean-6,Oil Seeds,11,2646,2866,2756,12/28/2022,Grade A,High,Low,Wholesale,Summer
Chattogram,Feni,Feni Sadar Market,Soybean,BARI Soybean-6,Oil Seeds,60,8202,8886,8544,3/11/2023,Grade A,High,High,Wholesale,Summer
Chattogram,Cox's Bazar,Cox's Bazar Market,Soybean,BARI Soybean-6,Oil Seeds,2,2655,2877,2766,3/2/2024,Premium,Medium,Medium,Retail,Summer
Chattogram,Cumilla,Kandirpar Market,Soybean,BARI Soybean-6,Oil Seeds,120,6043,6547,6295,6/7/2022,Grade B,Medium,Low,Wholesale,Summer
Chattogram,Feni,Feni Sadar Market,Soybean,BARI Soybean-6,Oil Seeds,3,1332,1442,1387,9/17/2021,Grade B,Low,Medium,Retail,Summer
Dhaka,Manikganj,Manikganj Bazar,Soybean,BARI Soybean-6,Oil Seeds,4,4140,4486,4313,1/13/2024,Grade C,High,High,Wholesale,Summer
Khulna,Khulna,Khulna New Market,Soybean,BARI Soybean-6,Oil Seeds,3,3714,4024,3869,4/17/2020,Grade A,Medium,Low,Retail,Summer
Khulna,Jashore,Jashore Bazar,Soybean,BARI Soybean-6,Oil Seeds,78,6774,7338,7056,2/10/2021,Premium,High,Medium,Retail,Summer
Dhaka,Narayanganj,Chashara Market,Soybean,BARI Soybean-6,Oil Seeds,3,9413,10197,9805,12/25/2023,Grade A,Medium,Medium,Wholesale,Summer
Dhaka,Tangail,Tangail Sadar Market,Soybean,BARI Soybean-6,Oil Seeds,419,5940,6434,6187,3/4/2022,Grade C,Medium,Medium,Retail,Summer
Dhaka,Tangail,Tangail Sadar Market,Soybean,BARI Soybean-6,Oil Seeds,50,4783,5181,4982,5/31/2023,Grade A,Medium,Medium,Wholesale,Summer
Barishal,Barishal,Nathullabad Market,Soybean,BARI Soybean-6,Oil Seeds,1,1918,2078,1998,1/14/2022,Grade A,High,High,Retail,Summer
Dhaka,Manikganj,Manikganj Bazar,Soybean,BARI Soybean-6,Oil Seeds,7.6,9561,10357,9959,6/5/2024,Grade C,Low,Medium,Wholesale,Summer
Chattogram,Feni,Feni Sadar Market,Soybean,BARI Soybean-6,Oil Seeds,17,1496,1620,1558,1/4/2020,Grade A,Medium,Medium,Wholesale,Summer
Khulna,Kushtia,Kushtia Boro Bazar,Soybean,BARI Soybean-6,Oil Seeds,7,4151,4497,4324,5/29/2023,Grade C,Medium,Medium,Wholesale,Summer
Barishal,Barishal,Nathullabad Market,Soybean,BARI Soybean-6,Oil Seeds,2,8768,9498,9133,8/8/2024,Grade C,High,Medium,Retail,Summer
Barishal,Patuakhali,Patuakhali Sadar Market,Soybean,BARI Soybean-6,Oil Seeds,9,5712,6188,5950,7/24/2021,Grade B,Medium,Low,Retail,Summer
Khulna,Satkhira,Satkhira Market,Soybean,BARI Soybean-6,Oil Seeds,8,4003,4337,4170,11/27/2020,Grade B,High,Medium,Retail,Summer
Barishal,Patuakhali,Patuakhali Sadar Market,Soybean,BARI Soybean-6,Oil Seeds,73,5292,5732,5512,12/26/2022,Grade A,Low,Medium,Retail,Summer
Khulna,Jashore,Jashore Bazar,Soybean,BARI Soybean-6,Oil Seeds,64.1,4152,4498,4325,11/11/2024,Grade A,High,Medium,Retail,Summer
Khulna,Satkhira,Satkhira Market,Soybean,BARI Soybean-6,Oil Seeds,4.4,9009,9759,9384,9/6/2024,Grade C,Medium,Low,Wholesale,Summer
Chattogram,Cox's Bazar,Cox's Bazar Market,Soybean,BARI Soybean-6,Oil Seeds,246,4416,4784,4600,12/8/2023,Grade B,High,Medium,Wholesale,Summer
Dhaka,Gazipur,Joydebpur Market,Soybean,BARI Soybean-6,Oil Seeds,8,3621,3923,3772,1/2/2020,Grade C,Low,Low,Retail,Summer
Dhaka,Narayanganj,Chashara Market,Soybean,BARI Soybean-6,Oil Seeds,45,4128,4472,4300,6/22/2024,Grade B,Low,Medium,Retail,Summer
Chattogram,Cox's Bazar,Cox's Bazar Market,Soybean,BARI Soybean-6,Oil Seeds,173,8064,8736,8400,5/9/2023,Grade B,Medium,Medium,Retail,Summer
Khulna,Satkhira,Satkhira Market,Soybean,BARI Soybean-6,Oil Seeds,2,2141,2319,2230,6/20/2023,Grade B,Medium,Low,Retail,Summer
Dhaka,Narayanganj,Chashara Market,Soybean,BARI Soybean-6,Oil Seeds,1,2016,2184,2100,2/22/2020,Grade B,Medium,Medium,Wholesale,Summer
Chattogram,Cumilla,Kandirpar Market,Soybean,BARI Soybean-6,Oil Seeds,8,2035,2205,2120,1/28/2020,Grade A,Medium,Low,Retail,Summer
Dhaka,Dhaka,Karwan Bazar,Soybean,BARI Soybean-6,Oil Seeds,6.7,4027,4363,4195,8/26/2024,Grade B,Medium,High,Wholesale,Summer
Dhaka,Tangail,Tangail Sadar Market,Soybean,BARI Soybean-6,Oil Seeds,15,6207,6725,6466,6/27/2022,Grade A,High,Medium,Wholesale,Summer
Dhaka,Gazipur,Joydebpur Market,Soybean,BARI Soybean-6,Oil Seeds,10,8496,9204,8850,12/14/2023,Grade B,High,High,Retail,Summer
Chattogram,Cox's Bazar,Cox's Bazar Market,Soybean,BARI Soybean-6,Oil Seeds,9,6094,6602,6348,12/3/2022,Grade C,High,Low,Wholesale,Summer
Chattogram,Cox's Bazar,Cox's Bazar Market,Soybean,BARI Soybean-6,Oil Seeds,8,1501,1627,1564,7/29/2020,Grade C,Low,Medium,Retail,Summer
Dhaka,Gazipur,Joydebpur Market,Soybean,BARI Soybean-6,Oil Seeds,600,4274,4630,4452,10/19/2024,Grade A,High,Medium,Retail,Summer
Chattogram,Feni,Feni Sadar Market,Soybean,BARI Soybean-6,Oil Seeds,14,1877,2033,1955,5/8/2024,Grade B,Medium,Medium,Retail,Summer
Barishal,Patuakhali,Patuakhali Sadar Market,Soybean,BARI Soybean-6,Oil Seeds,25,4629,5015,4822,6/21/2023,Grade B,Medium,Low,Wholesale,Summer
Dhaka,Narayanganj,Chashara Market,Soybean,BARI Soybean-6,Oil Seeds,42,1705,1847,1776,12/13/2021,Grade A,Low,High,Wholesale,Summer
Dhaka,Gazipur,Joydebpur Market,Soybean,BARI Soybean-6,Oil Seeds,1,2874,3114,2994,11/9/2023,Grade A,Medium,Low,Retail,Summer
Chattogram,Cox's Bazar,Cox's Bazar Market,Soybean,BARI Soybean-6,Oil Seeds,41,9024,9776,9400,7/22/2023,Grade B,High,Low,Wholesale,Summer
Dhaka,Gazipur,Joydebpur Market,Soybean,BARI Soybean-6,Oil Seeds,19,4261,4617,4439,9/15/2023,Grade C,Medium,High,Retail,Summer
Chattogram,Chattogram,Agrabad Market,Soybean,BARI Soybean-6,Oil Seeds,220,4550,4930,4740,11/2/2023,Grade B,High,Medium,Retail,Summer
Chattogram,Feni,Feni Sadar Market,Soybean,BARI Soybean-6,Oil Seeds,6,1979,2143,2061,7/4/2023,Grade C,Medium,Medium,Retail,Summer
Dhaka,Gazipur,Joydebpur Market,Soybean,BARI Soybean-6,Oil Seeds,127,5299,5741,5520,2/11/2022,Grade C,Medium,Medium,Wholesale,Summer
Chattogram,Noakhali,Maijdee Bazar,Soybean,BARI Soybean-6,Oil Seeds,3,4498,4872,4685,1/9/2020,Grade A,High,High,Retail,Summer
Khulna,Kushtia,Kushtia Boro Bazar,Soybean,BARI Soybean-6,Oil Seeds,8,5462,5918,5690,2/10/2023,Premium,Low,Medium,Wholesale,Summer
Rajshahi,Rajshahi,Shaheb Bazar,Soybean,BARI Soybean-6,Oil Seeds,200,6586,7134,6860,8/3/2022,Premium,Medium,Medium,Wholesale,Summer
Chattogram,Feni,Feni Sadar Market,Soybean,BARI Soybean-6,Oil Seeds,18,2513,2723,2618,5/4/2024,Grade A,High,Low,Retail,Summer
Dhaka,Gazipur,Joydebpur Market,Soybean,BARI Soybean-6,Oil Seeds,303,6665,7221,6943,5/20/2022,Grade A,High,Medium,Wholesale,Summer
Chattogram,Feni,Feni Sadar Market,Soybean,BARI Soybean-6,Oil Seeds,5,1872,2028,1950,11/23/2021,Grade A,Medium,High,Retail,Summer
Khulna,Khulna,Khulna New Market,Soybean,BARI Soybean-6,Oil Seeds,10,6258,6780,6519,7/31/2021,Grade A,High,High,Retail,Summer
Chattogram,Feni,Feni Sadar Market,Soybean,BARI Soybean-6,Oil Seeds,3,1837,1991,1914,7/28/2022,Grade C,Low,Medium,Retail,Summer
Dhaka,Gazipur,Joydebpur Market,Soybean,BARI Soybean-6,Oil Seeds,5,2647,2867,2757,10/28/2023,Premium,Low,Low,Retail,Summer
Chattogram,Feni,Feni Sadar Market,Soybean,BARI Soybean-6,Oil Seeds,5,967,1047,1007,1/21/2021,Grade A,High,Medium,Retail,Summer
Dhaka,Dhaka,Karwan Bazar,Soybean,BARI Soybean-6,Oil Seeds,2.1,2160,2340,2250,10/11/2024,Grade B,High,Low,Retail,Summer
Barishal,Bhola,Bhola Bazar,Soybean,BARI Soybean-6,Oil Seeds,84,4487,4861,4674,2/3/2023,Grade C,Medium,Medium,Wholesale,Summer
Chattogram,Cox's Bazar,Cox's Bazar Market,Soybean,BARI Soybean-6,Oil Seeds,6.8,7607,8241,7924,3/6/2024,Grade A,Medium,Medium,Retail,Summer
Khulna,Jashore,Jashore Bazar,Soybean,BARI Soybean-6,Oil Seeds,21,9168,9932,9550,1/4/2022,Grade B,Medium,Low,Retail,Summer
Khulna,Satkhira,Satkhira Market,Soybean,BARI Soybean-6,Oil Seeds,36,4725,5119,4922,1/20/2020,Grade C,Medium,Medium,Wholesale,Summer
Dhaka,Dhaka,Karwan Bazar,Soybean,BARI Soybean-6,Oil Seeds,15,2436,2638,2537,9/1/2023,Premium,High,High,Wholesale,Summer
Rajshahi,Naogaon,Naogaon Sadar Market,Soybean,BARI Soybean-6,Oil Seeds,200,4340,4702,4521,7/19/2024,Grade A,High,Low,Retail,Summer
Chattogram,Cox's Bazar,Cox's Bazar Market,Soybean,BARI Soybean-6,Oil Seeds,148,3628,3930,3779,8/6/2020,Grade A,Low,High,Retail,Summer
Dhaka,Narayanganj,Chashara Market,Soybean,BARI Soybean-6,Oil Seeds,5,5646,6116,5881,7/18/2022,Grade B,High,High,Retail,Summer
Rajshahi,Pabna,Pabna Sadar Market,Soybean,BARI Soybean-6,Oil Seeds,450,4944,5356,5150,1/23/2023,Grade B,High,High,Wholesale,Summer
Khulna,Jashore,Jashore Bazar,Soybean,BARI Soybean-6,Oil Seeds,111,3155,3417,3286,11/9/2024,Grade A,Medium,High,Retail,Summer
Dhaka,Dhaka,Karwan Bazar,Soybean,BARI Soybean-6,Oil Seeds,95,5556,6020,5788,2/17/2022,Grade C,Medium,Medium,Wholesale,Summer
Barishal,Patuakhali,Patuakhali Sadar Market,Soybean,BARI Soybean-6,Oil Seeds,8,1825,1977,1901,5/12/2021,Premium,Low,Low,Retail,Summer
Rajshahi,Bogura,Satmatha Market,Soybean,BARI Soybean-6,Oil Seeds,150,1974,2138,2056,4/28/2022,Grade C,Medium,Low,Wholesale,Summer
Dhaka,Gazipur,Joydebpur Market,Soybean,BARI Soybean-6,Oil Seeds,550,4172,4520,4346,12/3/2024,Grade A,High,Low,Wholesale,Summer
Barishal,Bhola,Bhola Bazar,Soybean,BARI Soybean-6,Oil Seeds,7.9,10824,11726,11275,6/5/2024,Grade B,Medium,High,Wholesale,Summer
Dhaka,Gazipur,Joydebpur Market,Soybean,BARI Soybean-6,Oil Seeds,140.4,10333,11195,10764,6/14/2024,Grade C,Medium,Medium,Wholesale,Summer
Dhaka,Gazipur,Joydebpur Market,Soybean,BARI Soybean-6,Oil Seeds,246.9,11136,12064,11600,5/15/2024,Grade B,Medium,Medium,Retail,Summer
Khulna,Satkhira,Satkhira Market,Soybean,BARI Soybean-6,Oil Seeds,20,6411,6945,6678,5/17/2022,Grade A,Medium,Medium,Retail,Summer
Khulna,Satkhira,Satkhira Market,Soybean,BARI Soybean-6,Oil Seeds,7,7680,8320,8000,2/2/2023,Grade B,Medium,Medium,Wholesale,Summer
Rajshahi,Pabna,Pabna Sadar Market,Soybean,BARI Soybean-6,Oil Seeds,53,1898,2056,1977,8/26/2021,Premium,High,Medium,Retail,Summer
Dhaka,Narayanganj,Chashara Market,Soybean,BARI Soybean-6,Oil Seeds,19,2230,2416,2323,6/22/2023,Grade C,Medium,Medium,Wholesale,Summer
Dhaka,Manikganj,Manikganj Bazar,Soybean,BARI Soybean-6,Oil Seeds,10.2,2544,2756,2650,8/14/2024,Grade B,Low,Medium,Retail,Summer
Dhaka,Narayanganj,Chashara Market,Soybean,BARI Soybean-6,Oil Seeds,2,5765,6245,6005,7/4/2022,Grade B,Low,High,Retail,Summer
Dhaka,Narayanganj,Chashara Market,Soybean,BARI Soybean-6,Oil Seeds,2,1236,1340,1288,9/5/2020,Grade C,Medium,Low,Retail,Summer
Dhaka,Dhaka,Karwan Bazar,Soybean,BARI Soybean-6,Oil Seeds,10,1720,1864,1792,2/22/2021,Premium,High,Medium,Wholesale,Summer
Khulna,Khulna,Khulna New Market,Soybean,BARI Soybean-6,Oil Seeds,95,4504,4880,4692,11/16/2023,Grade C,Medium,Low,Retail,Summer
Dhaka,Manikganj,Manikganj Bazar,Soybean,BARI Soybean-6,Oil Seeds,1,5760,6240,6000,9/16/2020,Grade B,Medium,High,Wholesale,Summer
Rajshahi,Bogura,Satmatha Market,Soybean,BARI Soybean-6,Oil Seeds,23,1761,1907,1834,1/23/2021,Grade A,Medium,Medium,Retail,Summer
Khulna,Satkhira,Satkhira Market,Soybean,BARI Soybean-6,Oil Seeds,12,5299,5741,5520,6/2/2021,Grade C,High,High,Wholesale,Summer
Dhaka,Manikganj,Manikganj Bazar,Soybean,BARI Soybean-6,Oil Seeds,24,4785,5183,4984,1/4/2024,Premium,High,Medium,Retail,Summer
Chattogram,Cumilla,Kandirpar Market,Soybean,BARI Soybean-6,Oil Seeds,8,5256,5694,5475,6/30/2020,Grade B,Low,Low,Retail,Summer
Dhaka,Tangail,Tangail Sadar Market,Soybean,BARI Soybean-6,Oil Seeds,27,1728,1872,1800,11/11/2021,Grade B,High,Low,Wholesale,Summer
Dhaka,Tangail,Tangail Sadar Market,Soybean,BARI Soybean-6,Oil Seeds,4,5699,6173,5936,12/23/2022,Premium,Low,Low,Wholesale,Summer
Dhaka,Narayanganj,Chashara Market,Soybean,BARI Soybean-6,Oil Seeds,16,2363,2559,2461,6/13/2023,Grade A,Medium,Low,Retail,Summer
Dhaka,Gazipur,Joydebpur Market,Soybean,BARI Soybean-6,Oil Seeds,3,2400,2600,2500,10/1/2024,Grade B,High,Medium,Retail,Summer
Barishal,Barishal,Nathullabad Market,Soybean,BARI Soybean-6,Oil Seeds,14,5659,6131,5895,1/20/2022,Grade B,Low,Low,Wholesale,Summer
Dhaka,Gazipur,Joydebpur Market,Soybean,BARI Soybean-6,Oil Seeds,20.3,4094,4436,4265,3/4/2024,Grade B,Medium,High,Wholesale,Summer
Barishal,Bhola,Bhola Bazar,Soybean,BARI Soybean-6,Oil Seeds,3,7785,8433,8109,8/10/2022,Grade A,High,High,Wholesale,Summer
Rajshahi,Pabna,Pabna Sadar Market,Soybean,BARI Soybean-6,Oil Seeds,27,5736,6214,5975,8/29/2020,Grade B,Low,Medium,Wholesale,Summer
Rajshahi,Naogaon,Naogaon Sadar Market,Soybean,BARI Soybean-6,Oil Seeds,5,4239,4593,4416,1/4/2020,Grade C,Medium,High,Retail,Summer
Barishal,Barishal,Nathullabad Market,Soybean,BARI Soybean-6,Oil Seeds,42,9348,10126,9737,6/8/2023,Grade B,High,Medium,Wholesale,Summer
Dhaka,Narayanganj,Chashara Market,Soybean,BARI Soybean-6,Oil Seeds,35,4608,4992,4800,7/4/2023,Grade B,Low,High,Retail,Summer
Dhaka,Narayanganj,Chashara Market,Soybean,BARI Soybean-6,Oil Seeds,1,2239,2425,2332,10/20/2023,Grade A,Medium,Low,Wholesale,Summer
Dhaka,Gazipur,Joydebpur Market,Soybean,BARI Soybean-6,Oil Seeds,1,4656,5044,4850,9/20/2022,Grade B,Low,Low,Retail,Summer
Dhaka,Narayanganj,Chashara Market,Soybean,BARI Soybean-6,Oil Seeds,100,2473,2679,2576,5/23/2022,Premium,Medium,Medium,Wholesale,Summer
Barishal,Bhola,Bhola Bazar,Soybean,BARI Soybean-6,Oil Seeds,18.9,4069,4409,4239,7/2/2024,Grade A,Medium,Low,Wholesale,Summer
Barishal,Barishal,Nathullabad Market,Soybean,BARI Soybean-6,Oil Seeds,49,6513,7055,6784,2/21/2022,Grade A,Medium,High,Retail,Summer
Barishal,Bhola,Bhola Bazar,Soybean,BARI Soybean-6,Oil Seeds,106,4579,4961,4770,2/5/2021,Grade A,Low,Medium,Retail,Summer
Chattogram,Noakhali,Maijdee Bazar,Soybean,BARI Soybean-6,Oil Seeds,22.2,8744,9472,9108,11/7/2024,Grade C,Low,Low,Retail,Summer
Rajshahi,Pabna,Pabna Sadar Market,Soybean,BARI Soybean-6,Oil Seeds,33,1517,1643,1580,9/19/2020,Grade B,Low,Low,Wholesale,Summer
Chattogram,Cumilla,Kandirpar Market,Soybean,BARI Soybean-6,Oil Seeds,4,2351,2547,2449,8/20/2022,Grade A,High,Low,Retail,Summer
Chattogram,Cox's Bazar,Cox's Bazar Market,Soybean,BARI Soybean-6,Oil Seeds,16.3,3091,3349,3220,10/3/2024,Grade C,High,Medium,Retail,Summer
Barishal,Barishal,Nathullabad Market,Soybean,BARI Soybean-6,Oil Seeds,8,4221,4573,4397,9/17/2024,Grade B,Medium,Low,Wholesale,Summer
Barishal,Bhola,Bhola Bazar,Soybean,BARI Soybean-6,Oil Seeds,13,6207,6725,6466,7/28/2021,Grade A,High,Medium,Wholesale,Summer
Dhaka,Dhaka,Karwan Bazar,Soybean,BARI Soybean-6,Oil Seeds,5,3256,3528,3392,9/24/2020,Grade A,Low,Low,Retail,Summer
Barishal,Patuakhali,Patuakhali Sadar Market,Soybean,BARI Soybean-6,Oil Seeds,19,4356,4718,4537,2/15/2024,Grade A,Medium,High,Wholesale,Summer
Rajshahi,Pabna,Pabna Sadar Market,Soybean,BARI Soybean-6,Oil Seeds,250,3427,3713,3570,5/30/2020,Grade B,Medium,Low,Wholesale,Summer
Chattogram,Feni,Feni Sadar Market,Soybean,BARI Soybean-6,Oil Seeds,54,5805,6289,6047,8/7/2020,Grade A,Low,Low,Retail,Summer
Dhaka,Tangail,Tangail Sadar Market,Soybean,BARI Soybean-6,Oil Seeds,5,6261,6783,6522,10/18/2021,Grade A,Low,Low,Retail,Summer
Chattogram,Cumilla,Kandirpar Market,Soybean,BARI Soybean-6,Oil Seeds,5.7,1899,2057,1978,10/14/2024,Grade C,High,High,Retail,Summer
Barishal,Patuakhali,Patuakhali Sadar Market,Soybean,BARI Soybean-6,Oil Seeds,1,1613,1747,1680,11/2/2020,Premium,Low,Low,Retail,Summer
Chattogram,Noakhali,Maijdee Bazar,Soybean,BARI Soybean-6,Oil Seeds,37,5472,5928,5700,7/28/2020,Grade B,Medium,Low,Wholesale,Summer
Dhaka,Dhaka,Karwan Bazar,Soybean,BARI Soybean-6,Oil Seeds,14.3,10125,10969,10547,4/22/2024,Grade A,Low,Low,Wholesale,Summer
Khulna,Kushtia,Kushtia Boro Bazar,Soybean,BARI Soybean-6,Oil Seeds,13,6889,7463,7176,3/20/2023,Grade C,Medium,Medium,Retail,Summer
Chattogram,Cumilla,Kandirpar Market,Soybean,BARI Soybean-6,Oil Seeds,19,9999,10833,10416,8/3/2021,Premium,Low,High,Retail,Summer
Rajshahi,Bogura,Satmatha Market,Soybean,BARI Soybean-6,Oil Seeds,100,9769,10583,10176,3/13/2024,Grade A,Low,High,Wholesale,Summer
Chattogram,Cox's Bazar,Cox's Bazar Market,Soybean,BARI Soybean-6,Oil Seeds,27.5,11075,11997,11536,9/14/2024,Premium,Medium,High,Wholesale,Summer
Dhaka,Manikganj,Manikganj Bazar,Soybean,BARI Soybean-6,Oil Seeds,20,9362,10142,9752,10/11/2024,Grade A,Medium,Medium,Retail,Summer
Chattogram,Chattogram,Agrabad Market,Soybean,BARI Soybean-6,Oil Seeds,44,5568,6032,5800,1/7/2022,Grade B,High,Low,Retail,Summer
Khulna,Kushtia,Kushtia Boro Bazar,Soybean,BARI Soybean-6,Oil Seeds,16,4070,4410,4240,2/3/2024,Grade A,High,Low,Retail,Summer
Chattogram,Cox's Bazar,Cox's Bazar Market,Soybean,BARI Soybean-6,Oil Seeds,84,3917,4243,4080,12/3/2024,Grade B,Medium,Medium,Retail,Summer
Chattogram,Cox's Bazar,Cox's Bazar Market,Soybean,BARI Soybean-6,Oil Seeds,55,6716,7276,6996,9/14/2021,Grade A,High,Medium,Retail,Summer
Chattogram,Feni,Feni Sadar Market,Soybean,BARI Soybean-6,Oil Seeds,5,2064,2236,2150,5/4/2023,Grade B,High,Medium,Wholesale,Summer
Dhaka,Narayanganj,Chashara Market,Soybean,BARI Soybean-6,Oil Seeds,36,6048,6552,6300,5/25/2021,Grade B,Medium,Low,Retail,Summer
Khulna,Satkhira,Satkhira Market,Soybean,BARI Soybean-6,Oil Seeds,24,4107,4449,4278,6/2/2023,Grade C,Medium,High,Wholesale,Summer
Dhaka,Tangail,Tangail Sadar Market,Soybean,BARI Soybean-6,Oil Seeds,30,2188,2370,2279,8/3/2024,Grade A,High,Medium,Retail,Summer
Dhaka,Tangail,Tangail Sadar Market,Soybean,BARI Soybean-6,Oil Seeds,77,7093,7685,7389,3/23/2023,Grade C,High,High,Retail,Summer
Rajshahi,Rajshahi,Shaheb Bazar,Soybean,BARI Soybean-6,Oil Seeds,300,2045,2215,2130,4/19/2022,Grade B,High,Low,Wholesale,Summer
Dhaka,Tangail,Tangail Sadar Market,Soybean,BARI Soybean-6,Oil Seeds,12,1781,1929,1855,8/21/2021,Grade A,Low,Low,Retail,Summer
Chattogram,Cox's Bazar,Cox's Bazar Market,Soybean,BARI Soybean-6,Oil Seeds,148,3497,3789,3643,12/14/2020,Grade C,High,Medium,Retail,Summer
Dhaka,Narayanganj,Chashara Market,Soybean,BARI Soybean-6,Oil Seeds,5,4504,4880,4692,12/28/2020,Grade C,Low,Low,Wholesale,Summer
Khulna,Jashore,Jashore Bazar,Soybean,BARI Soybean-6,Oil Seeds,92,3656,3960,3808,10/9/2020,Premium,Medium,Low,Wholesale,Summer
Dhaka,Manikganj,Manikganj Bazar,Soybean,BARI Soybean-6,Oil Seeds,34,5520,5980,5750,7/23/2021,Grade B,Medium,Medium,Retail,Summer
Dhaka,Dhaka,Karwan Bazar,Soybean,BARI Soybean-6,Oil Seeds,23,5568,6032,5800,7/9/2021,Grade B,Medium,Medium,Wholesale,Summer
Dhaka,Tangail,Tangail Sadar Market,Soybean,BARI Soybean-6,Oil Seeds,18,4108,4450,4279,1/25/2023,Grade C,Medium,Low,Retail,Summer
Dhaka,Tangail,Tangail Sadar Market,Soybean,BARI Soybean-6,Oil Seeds,160,5476,5932,5704,6/21/2022,Grade C,Medium,Low,Retail,Summer
Chattogram,Noakhali,Maijdee Bazar,Soybean,BARI Soybean-6,Oil Seeds,3,1008,1092,1050,1/2/2021,Grade B,High,Medium,Retail,Summer
Dhaka,Narayanganj,Chashara Market,Soybean,BARI Soybean-6,Oil Seeds,66,1675,1815,1745,3/22/2021,Grade B,Low,Low,Retail,Summer
Dhaka,Manikganj,Manikganj Bazar,Soybean,BARI Soybean-6,Oil Seeds,2,1200,1300,1250,10/29/2020,Grade B,Medium,Medium,Wholesale,Summer
Chattogram,Cumilla,Kandirpar Market,Soybean,BARI Soybean-6,Oil Seeds,330.1,4176,4524,4350,3/23/2024,Grade B,High,Medium,Wholesale,Summer
Dhaka,Tangail,Tangail Sadar Market,Soybean,BARI Soybean-6,Oil Seeds,6,1344,1456,1400,10/6/2020,Grade B,Medium,High,Retail,Summer
Chattogram,Cox's Bazar,Cox's Bazar Market,Soybean,BARI Soybean-6,Oil Seeds,6,2493,2701,2597,2/9/2021,Grade A,High,Low,Retail,Summer
Barishal,Bhola,Bhola Bazar,Soybean,BARI Soybean-6,Oil Seeds,79,3872,4194,4033,12/21/2020,Grade B,High,High,Wholesale,Summer
Rajshahi,Rajshahi,Shaheb Bazar,Soybean,BARI Soybean-6,Oil Seeds,39,2443,2647,2545,8/9/2023,Grade B,Low,High,Retail,Summer
Rajshahi,Naogaon,Naogaon Sadar Market,Soybean,BARI Soybean-6,Oil Seeds,101,2217,2401,2309,8/28/2023,Grade C,High,Low,Wholesale,Summer
Chattogram,Feni,Feni Sadar Market,Soybean,BARI Soybean-6,Oil Seeds,23.1,2275,2465,2370,5/27/2024,Grade B,Medium,Medium,Wholesale,Summer
Dhaka,Gazipur,Joydebpur Market,Soybean,BARI Soybean-6,Oil Seeds,8,4477,4851,4664,7/16/2023,Grade A,Medium,Medium,Wholesale,Summer
Barishal,Patuakhali,Patuakhali Sadar Market,Soybean,BARI Soybean-6,Oil Seeds,50,3969,4299,4134,12/10/2020,Grade A,Low,Low,Retail,Summer
Dhaka,Narayanganj,Chashara Market,Soybean,BARI Soybean-6,Oil Seeds,1,2365,2563,2464,10/18/2023,Premium,Low,Medium,Retail,Summer
Khulna,Satkhira,Satkhira Market,Soybean,BARI Soybean-6,Oil Seeds,30,4223,4575,4399,8/6/2024,Grade A,Medium,High,Wholesale,Summer
Dhaka,Dhaka,Karwan Bazar,Soybean,BARI Soybean-6,Oil Seeds,8,1998,2164,2081,9/8/2022,Grade C,High,Low,Retail,Summer
Dhaka,Dhaka,Karwan Bazar,Soybean,BARI Soybean-6,Oil Seeds,16,1766,1914,1840,2/28/2022,Grade C,Medium,High,Retail,Summer
Dhaka,Narayanganj,Chashara Market,Soybean,BARI Soybean-6,Oil Seeds,25,7225,7827,7526,11/16/2022,Grade A,Medium,Medium,Retail,Summer
Dhaka,Dhaka,Karwan Bazar,Soybean,BARI Soybean-6,Oil Seeds,55,3688,3996,3842,2/13/2020,Grade A,High,Medium,Retail,Summer
Chattogram,Cumilla,Kandirpar Market,Soybean,BARI Soybean-6,Oil Seeds,100,6048,6552,6300,2/17/2022,Grade B,Low,Medium,Wholesale,Summer
Chattogram,Feni,Feni Sadar Market,Soybean,BARI Soybean-6,Oil Seeds,6,1594,1726,1660,7/19/2021,Grade B,Medium,Medium,Wholesale,Summer
Dhaka,Dhaka,Karwan Bazar,Soybean,BARI Soybean-6,Oil Seeds,4,2646,2866,2756,6/27/2024,Grade A,High,High,Retail,Summer
Dhaka,Dhaka,Karwan Bazar,Soybean,BARI Soybean-6,Oil Seeds,40.5,2671,2893,2782,5/28/2024,Grade A,High,Low,Retail,Summer
Khulna,Khulna,Khulna New Market,Soybean,BARI Soybean-6,Oil Seeds,68,5758,6238,5998,5/6/2020,Premium,Medium,Medium,Retail,Summer
Chattogram,Chattogram,Agrabad Market,Soybean,BARI Soybean-6,Oil Seeds,32,8390,9090,8740,7/19/2023,Grade C,Low,Medium,Retail,Summer
Barishal,Patuakhali,Patuakhali Sadar Market,Soybean,BARI Soybean-6,Oil Seeds,90,5444,5898,5671,5/8/2020,Grade A,Medium,Low,Wholesale,Summer
Dhaka,Tangail,Tangail Sadar Market,Soybean,BARI Soybean-6,Oil Seeds,70,2120,2296,2208,4/21/2022,Grade A,High,Medium,Retail,Summer
Barishal,Bhola,Bhola Bazar,Soybean,BARI Soybean-6,Oil Seeds,55.1,3728,4038,3883,5/14/2024,Grade C,Low,Medium,Retail,Summer
Dhaka,Dhaka,Karwan Bazar,Soybean,BARI Soybean-6,Oil Seeds,47,6869,7441,7155,1/27/2023,Grade A,Low,High,Wholesale,Summer
Khulna,Satkhira,Satkhira Market,Soybean,BARI Soybean-6,Oil Seeds,49,6240,6760,6500,3/2/2021,Grade B,High,Low,Retail,Summer
Barishal,Bhola,Bhola Bazar,Soybean,BARI Soybean-6,Oil Seeds,81,6359,6889,6624,3/4/2022,Grade C,Medium,Medium,Wholesale,Summer
Barishal,Patuakhali,Patuakhali Sadar Market,Soybean,BARI Soybean-6,Oil Seeds,55,4496,4870,4683,2/2/2023,Grade C,Low,High,Retail,Summer
Dhaka,Tangail,Tangail Sadar Market,Soybean,BARI Soybean-6,Oil Seeds,24,1584,1716,1650,8/20/2020,Grade B,High,Low,Retail,Summer
Dhaka,Dhaka,Karwan Bazar,Soybean,BARI Soybean-6,Oil Seeds,2,2340,2536,2438,9/27/2022,Grade A,Medium,Medium,Retail,Summer
Chattogram,Chattogram,Agrabad Market,Soybean,BARI Soybean-6,Oil Seeds,3,6129,6639,6384,12/9/2021,Premium,Medium,Low,Retail,Summer
Dhaka,Manikganj,Manikganj Bazar,Soybean,BARI Soybean-6,Oil Seeds,242,6106,6614,6360,11/23/2021,Grade A,Low,High,Wholesale,Summer
Chattogram,Chattogram,Agrabad Market,Soybean,BARI Soybean-6,Oil Seeds,8,1632,1768,1700,8/3/2020,Grade B,Medium,High,Wholesale,Summer
Khulna,Satkhira,Satkhira Market,Soybean,BARI Soybean-6,Oil Seeds,27,8293,8985,8639,4/3/2023,Grade A,Medium,High,Retail,Summer
Dhaka,Gazipur,Joydebpur Market,Soybean,BARI Soybean-6,Oil Seeds,40,8700,9424,9062,7/18/2023,Grade C,High,High,Retail,Summer
Chattogram,Cox's Bazar,Cox's Bazar Market,Soybean,BARI Soybean-6,Oil Seeds,8,1440,1560,1500,12/15/2020,Grade B,Medium,Medium,Wholesale,Summer
Dhaka,Gazipur,Joydebpur Market,Soybean,BARI Soybean-6,Oil Seeds,10,2646,2866,2756,1/23/2023,Grade A,Medium,Medium,Wholesale,Summer
Rajshahi,Naogaon,Naogaon Sadar Market,Soybean,BARI Soybean-6,Oil Seeds,35,2407,2607,2507,8/4/2022,Grade A,Low,High,Wholesale,Summer
Khulna,Satkhira,Satkhira Market,Soybean,BARI Soybean-6,Oil Seeds,86,9616,10418,10017,2/10/2024,Grade A,Medium,Medium,Retail,Summer
Khulna,Khulna,Khulna New Market,Soybean,BARI Soybean-6,Oil Seeds,22,4355,4717,4536,2/6/2024,Premium,High,High,Wholesale,Summer
Dhaka,Narayanganj,Chashara Market,Soybean,BARI Soybean-6,Oil Seeds,3,4512,4888,4700,5/12/2023,Grade B,Medium,High,Wholesale,Summer
Barishal,Barishal,Nathullabad Market,Soybean,BARI Soybean-6,Oil Seeds,4.4,2159,2339,2249,6/20/2024,Grade A,Medium,Medium,Wholesale,Summer
Barishal,Patuakhali,Patuakhali Sadar Market,Soybean,BARI Soybean-6,Oil Seeds,10,4884,5292,5088,10/3/2022,Grade A,Low,Medium,Wholesale,Summer
Dhaka,Narayanganj,Chashara Market,Soybean,BARI Soybean-6,Oil Seeds,15,7877,8533,8205,12/22/2023,Grade B,Low,Low,Wholesale,Summer
Dhaka,Tangail,Tangail Sadar Market,Soybean,BARI Soybean-6,Oil Seeds,32,3192,3458,3325,2/27/2020,Grade B,Medium,High,Wholesale,Summer
Chattogram,Cox's Bazar,Cox's Bazar Market,Soybean,BARI Soybean-6,Oil Seeds,10,3384,3666,3525,2/1/2023,Grade B,Low,Medium,Wholesale,Summer
Rajshahi,Pabna,Pabna Sadar Market,Soybean,BARI Soybean-6,Oil Seeds,4,1858,2012,1935,10/24/2024,Grade B,Medium,Low,Wholesale,Summer
Dhaka,Dhaka,Karwan Bazar,Soybean,BARI Soybean-6,Oil Seeds,5,2290,2480,2385,7/10/2024,Grade A,Medium,Medium,Retail,Summer
Chattogram,Cox's Bazar,Cox's Bazar Market,Soybean,BARI Soybean-6,Oil Seeds,88,6005,6505,6255,7/4/2022,Grade B,Medium,Low,Retail,Summer
Chattogram,Noakhali,Maijdee Bazar,Soybean,BARI Soybean-6,Oil Seeds,1,2088,2262,2175,9/29/2022,Grade B,High,Medium,Retail,Summer
Dhaka,Manikganj,Manikganj Bazar,Soybean,BARI Soybean-6,Oil Seeds,23.4,8837,9573,9205,11/21/2024,Grade C,High,Medium,Retail,Summer
Chattogram,Cox's Bazar,Cox's Bazar Market,Soybean,BARI Soybean-6,Oil Seeds,2,2635,2855,2745,10/18/2024,Grade A,High,Medium,Retail,Summer
Dhaka,Narayanganj,Chashara Market,Soybean,BARI Soybean-6,Oil Seeds,9,4560,4940,4750,1/27/2023,Grade B,High,Low,Wholesale,Summer
Chattogram,Cox's Bazar,Cox's Bazar Market,Soybean,BARI Soybean-6,Oil Seeds,20,1338,1450,1394,9/21/2020,Grade C,Medium,Medium,Wholesale,Summer
Dhaka,Manikganj,Manikganj Bazar,Soybean,BARI Soybean-6,Oil Seeds,206.2,11652,12622,12137,4/22/2024,Grade A,Medium,High,Wholesale,Summer
Dhaka,Dhaka,Karwan Bazar,Soybean,BARI Soybean-6,Oil Seeds,20,4368,4732,4550,2/10/2020,Grade B,Low,Medium,Wholesale,Summer
Chattogram,Feni,Feni Sadar Market,Soybean,BARI Soybean-6,Oil Seeds,50,7276,7882,7579,1/21/2023,Grade A,Medium,Medium,Retail,Summer
Chattogram,Cox's Bazar,Cox's Bazar Market,Soybean,BARI Soybean-6,Oil Seeds,5,1920,2080,2000,1/21/2020,Grade B,Medium,High,Wholesale,Summer
Khulna,Khulna,Khulna New Market,Soybean,BARI Soybean-6,Oil Seeds,10,11194,12126,11660,4/7/2022,Grade A,Medium,Low,Wholesale,Summer
Barishal,Bhola,Bhola Bazar,Soybean,BARI Soybean-6,Oil Seeds,1.8,2388,2586,2487,7/31/2024,Grade B,High,Medium,Retail,Summer
Dhaka,Manikganj,Manikganj Bazar,Soybean,BARI Soybean-6,Oil Seeds,1.7,2580,2796,2688,12/4/2024,Premium,Low,Low,Retail,Summer
Dhaka,Gazipur,Joydebpur Market,Soybean,BARI Soybean-6,Oil Seeds,2,1552,1682,1617,9/1/2021,Grade B,Low,Low,Retail,Summer
Khulna,Satkhira,Satkhira Market,Soybean,BARI Soybean-6,Oil Seeds,7,3709,4019,3864,2/8/2024,Grade C,High,Low,Wholesale,Summer
Rajshahi,Rajshahi,Shaheb Bazar,Soybean,BARI Soybean-6,Oil Seeds,120,2136,2314,2225,4/27/2022,Grade B,High,Low,Retail,Summer
Chattogram,Noakhali,Maijdee Bazar,Soybean,BARI Soybean-6,Oil Seeds,123,4725,5119,4922,6/1/2020,Grade C,Medium,Medium,Retail,Summer
Dhaka,Narayanganj,Chashara Market,Soybean,BARI Soybean-6,Oil Seeds,29,6158,6672,6415,1/20/2022,Grade B,Medium,Medium,Wholesale,Summer
Khulna,Jashore,Jashore Bazar,Soybean,BARI Soybean-6,Oil Seeds,21,4195,4545,4370,10/10/2022,Grade C,Low,Medium,Retail,Summer
Rajshahi,Bogura,Satmatha Market,Soybean,BARI Soybean-6,Oil Seeds,85,6232,6752,6492,7/5/2022,Grade A,High,Medium,Retail,Summer
Dhaka,Tangail,Tangail Sadar Market,Soybean,BARI Soybean-6,Oil Seeds,5,4178,4526,4352,2/27/2021,Grade C,Medium,Low,Wholesale,Summer
Chattogram,Cox's Bazar,Cox's Bazar Market,Soybean,BARI Soybean-6,Oil Seeds,204,7419,8037,7728,2/6/2023,Premium,High,High,Retail,Summer
Barishal,Barishal,Nathullabad Market,Soybean,BARI Soybean-6,Oil Seeds,23,4465,4837,4651,7/4/2023,Grade B,High,Low,Retail,Summer
Rajshahi,Bogura,Satmatha Market,Soybean,BARI Soybean-6,Oil Seeds,8,9464,10252,9858,11/26/2024,Grade A,High,Low,Retail,Summer
Chattogram,Noakhali,Maijdee Bazar,Soybean,BARI Soybean-6,Oil Seeds,83,4610,4994,4802,7/20/2023,Grade A,High,Low,Wholesale,Summer
Dhaka,Dhaka,Karwan Bazar,Soybean,BARI Soybean-6,Oil Seeds,288,6086,6594,6340,6/11/2021,Grade B,Medium,Low,Wholesale,Summer
Dhaka,Narayanganj,Chashara Market,Soybean,BARI Soybean-6,Oil Seeds,1,6626,7178,6902,12/29/2022,Grade A,High,Low,Retail,Summer
Dhaka,Tangail,Tangail Sadar Market,Soybean,BARI Soybean-6,Oil Seeds,14,10049,10887,10468,6/6/2023,Grade A,Low,Medium,Wholesale,Summer
Dhaka,Gazipur,Joydebpur Market,Soybean,BARI Soybean-6,Oil Seeds,5,10510,11386,10948,12/4/2023,Premium,Medium,Medium,Wholesale,Summer
Dhaka,Narayanganj,Chashara Market,Soybean,BARI Soybean-6,Oil Seeds,50,7404,8020,7712,7/21/2022,Grade A,Low,Low,Retail,Summer
Dhaka,Tangail,Tangail Sadar Market,Soybean,BARI Soybean-6,Oil Seeds,486,4880,5286,5083,6/8/2023,Grade A,High,High,Wholesale,Summer
Chattogram,Feni,Feni Sadar Market,Soybean,BARI Soybean-6,Oil Seeds,6,2016,2184,2100,1/23/2020,Grade B,High,Medium,Retail,Summer
Dhaka,Tangail,Tangail Sadar Market,Soybean,BARI Soybean-6,Oil Seeds,1,2328,2522,2425,12/11/2023,Grade B,High,Low,Wholesale,Summer
Barishal,Barishal,Nathullabad Market,Soybean,BARI Soybean-6,Oil Seeds,6,5342,5788,5565,9/14/2022,Grade A,Medium,Medium,Wholesale,Summer
Barishal,Patuakhali,Patuakhali Sadar Market,Soybean,BARI Soybean-6,Oil Seeds,98,4151,4497,4324,5/26/2023,Grade C,Low,High,Retail,Summer
Barishal,Barishal,Nathullabad Market,Soybean,BARI Soybean-6,Oil Seeds,2,1294,1402,1348,1/28/2021,Grade C,High,Medium,Retail,Summer
Chattogram,Cox's Bazar,Cox's Bazar Market,Soybean,BARI Soybean-6,Oil Seeds,1,2208,2392,2300,4/18/2020,Grade B,Low,High,Retail,Summer
Dhaka,Narayanganj,Chashara Market,Soybean,BARI Soybean-6,Oil Seeds,4,5242,5678,5460,7/24/2021,Grade C,Medium,Low,Retail,Summer
Chattogram,Feni,Feni Sadar Market,Soybean,BARI Soybean-6,Oil Seeds,15,4803,5203,5003,5/16/2023,Grade A,Medium,Low,Wholesale,Summer
Dhaka,Dhaka,Karwan Bazar,Soybean,BARI Soybean-6,Oil Seeds,6,7402,8018,7710,3/1/2023,Grade B,Medium,Medium,Retail,Summer
Dhaka,Gazipur,Joydebpur Market,Soybean,BARI Soybean-6,Oil Seeds,60,3842,4162,4002,8/31/2024,Grade C,Medium,Medium,Wholesale,Summer
Barishal,Barishal,Nathullabad Market,Soybean,BARI Soybean-6,Oil Seeds,2.5,10339,11201,10770,7/22/2024,Grade B,Low,High,Retail,Summer
Khulna,Kushtia,Kushtia Boro Bazar,Soybean,BARI Soybean-6,Oil Seeds,3,9247,10017,9632,5/23/2023,Premium,Medium,Medium,Retail,Summer
Rajshahi,Bogura,Satmatha Market,Soybean,BARI Soybean-6,Oil Seeds,6,6207,6725,6466,11/6/2020,Grade A,Medium,High,Wholesale,Summer
Dhaka,Gazipur,Joydebpur Market,Soybean,BARI Soybean-6,Oil Seeds,6,5650,6120,5885,7/26/2021,Grade B,Low,Medium,Wholesale,Summer
Dhaka,Manikganj,Manikganj Bazar,Soybean,BARI Soybean-6,Oil Seeds,310,4846,5250,5048,6/3/2023,Grade A,High,Low,Wholesale,Summer
Dhaka,Manikganj,Manikganj Bazar,Soybean,BARI Soybean-6,Oil Seeds,3,4935,5347,5141,7/10/2023,Grade A,Medium,Medium,Retail,Summer
Chattogram,Feni,Feni Sadar Market,Soybean,BARI Soybean-6,Oil Seeds,10,5568,6032,5800,8/6/2022,Grade B,Medium,High,Retail,Summer
Dhaka,Tangail,Tangail Sadar Market,Soybean,BARI Soybean-6,Oil Seeds,86,6660,7216,6938,2/24/2021,Grade A,Medium,Medium,Wholesale,Summer
Chattogram,Noakhali,Maijdee Bazar,Soybean,BARI Soybean-6,Oil Seeds,53,1608,1742,1675,3/8/2021,Grade B,Medium,Medium,Wholesale,Summer
Dhaka,Narayanganj,Chashara Market,Soybean,BARI Soybean-6,Oil Seeds,236,1656,1794,1725,4/6/2021,Grade C,Medium,Low,Retail,Summer
Dhaka,Manikganj,Manikganj Bazar,Soybean,BARI Soybean-6,Oil Seeds,27,5190,5622,5406,5/7/2020,Grade A,High,Low,Retail,Summer
Barishal,Bhola,Bhola Bazar,Soybean,BARI Soybean-6,Oil Seeds,20,4350,4712,4531,8/10/2023,Grade B,High,Medium,Wholesale,Summer
Chattogram,Noakhali,Maijdee Bazar,Soybean,BARI Soybean-6,Oil Seeds,23,1488,1612,1550,3/1/2021,Grade B,Medium,Low,Retail,Summer
Rajshahi,Pabna,Pabna Sadar Market,Soybean,BARI Soybean-6,Oil Seeds,200,6907,7483,7195,5/20/2021,Grade B,Low,Medium,Wholesale,Summer
Dhaka,Gazipur,Joydebpur Market,Soybean,BARI Soybean-6,Oil Seeds,3,5280,5720,5500,11/28/2021,Grade B,Medium,Low,Wholesale,Summer
Barishal,Barishal,Nathullabad Market,Soybean,BARI Soybean-6,Oil Seeds,1,9034,9786,9410,7/20/2023,Grade B,Medium,High,Wholesale,Summer
Barishal,Bhola,Bhola Bazar,Soybean,BARI Soybean-6,Oil Seeds,23,4320,4680,4500,3/5/2020,Grade B,Low,Low,Wholesale,Summer
Dhaka,Gazipur,Joydebpur Market,Soybean,BARI Soybean-6,Oil Seeds,75,5424,5876,5650,1/28/2022,Grade B,High,Low,Retail,Summer
Dhaka,Dhaka,Karwan Bazar,Soybean,BARI Soybean-6,Oil Seeds,40,5088,5512,5300,1/22/2022,Grade B,Medium,Medium,Wholesale,Summer
Chattogram,Feni,Feni Sadar Market,Soybean,BARI Soybean-6,Oil Seeds,54,4356,4718,4537,3/19/2024,Grade A,High,Medium,Retail,Summer
Khulna,Khulna,Khulna New Market,Soybean,BARI Soybean-6,Oil Seeds,18.1,9769,10583,10176,3/5/2024,Grade A,Low,Medium,Wholesale,Summer
Khulna,Satkhira,Satkhira Market,Soybean,BARI Soybean-6,Oil Seeds,236,3621,3923,3772,6/5/2020,Grade C,Medium,Medium,Wholesale,Summer
Barishal,Barishal,Nathullabad Market,Soybean,BARI Soybean-6,Oil Seeds,17,4175,4523,4349,9/2/2023,Grade C,High,Low,Wholesale,Summer
Khulna,Jashore,Jashore Bazar,Soybean,BARI Soybean-6,Oil Seeds,36,7688,8328,8008,5/22/2023,Premium,Low,High,Retail,Summer
Khulna,Satkhira,Satkhira Market,Soybean,BARI Soybean-6,Oil Seeds,370,5505,5963,5734,2/11/2020,Premium,Medium,Low,Wholesale,Summer
Chattogram,Feni,Feni Sadar Market,Soybean,BARI Soybean-6,Oil Seeds,15,1730,1874,1802,10/8/2021,Grade A,High,Low,Wholesale,Summer
Barishal,Patuakhali,Patuakhali Sadar Market,Soybean,BARI Soybean-6,Oil Seeds,155,6532,7076,6804,4/8/2022,Premium,Medium,High,Retail,Summer
Khulna,Kushtia,Kushtia Boro Bazar,Soybean,BARI Soybean-6,Oil Seeds,7.1,10896,11804,11350,5/16/2024,Grade B,Medium,Low,Retail,Summer
Barishal,Patuakhali,Patuakhali Sadar Market,Soybean,BARI Soybean-6,Oil Seeds,22.1,4137,4481,4309,8/2/2024,Grade A,Medium,Medium,Wholesale,Summer
Rajshahi,Naogaon,Naogaon Sadar Market,Soybean,BARI Soybean-6,Oil Seeds,80,11702,12678,12190,4/30/2024,Grade A,Low,Low,Retail,Summer
Khulna,Jashore,Jashore Bazar,Soybean,BARI Soybean-6,Oil Seeds,6,6048,6552,6300,3/24/2022,Grade B,High,Low,Retail,Summer
Chattogram,Feni,Feni Sadar Market,Soybean,BARI Soybean-6,Oil Seeds,26,1776,1924,1850,5/8/2021,Grade B,High,Medium,Wholesale,Summer
Khulna,Satkhira,Satkhira Market,Soybean,BARI Soybean-6,Oil Seeds,83,5476,5932,5704,3/5/2022,Grade C,Medium,Medium,Retail,Summer
Chattogram,Cumilla,Kandirpar Market,Soybean,BARI Soybean-6,Oil Seeds,10,4493,4867,4680,6/15/2023,Grade B,High,Low,Retail,Summer
Barishal,Bhola,Bhola Bazar,Soybean,BARI Soybean-6,Oil Seeds,7,6309,6835,6572,9/16/2020,Grade A,Medium,Medium,Wholesale,Summer
Dhaka,Manikganj,Manikganj Bazar,Soybean,BARI Soybean-6,Oil Seeds,31,4896,5304,5100,6/7/2020,Grade B,Medium,Medium,Wholesale,Summer
Rajshahi,Bogura,Satmatha Market,Soybean,BARI Soybean-6,Oil Seeds,40,7037,7623,7330,10/19/2022,Grade B,Medium,Medium,Wholesale,Summer
Dhaka,Narayanganj,Chashara Market,Soybean,BARI Soybean-6,Oil Seeds,40,4834,5236,5035,3/3/2020,Grade A,High,Medium,Wholesale,Summer
Dhaka,Dhaka,Karwan Bazar,Soybean,BARI Soybean-6,Oil Seeds,2,2496,2704,2600,11/16/2022,Grade B,Low,Medium,Wholesale,Summer
Chattogram,Cumilla,Kandirpar Market,Soybean,BARI Soybean-6,Oil Seeds,27,2208,2392,2300,6/6/2024,Grade A,Low,Medium,Retail,Summer
Dhaka,Narayanganj,Chashara Market,Soybean,BARI Soybean-6,Oil Seeds,7.9,7404,8020,7712,3/18/2024,Grade A,Low,Medium,Retail,Summer
Chattogram,Feni,Feni Sadar Market,Soybean,BARI Soybean-6,Oil Seeds,161,7123,7717,7420,1/25/2023,Grade A,High,Medium,Wholesale,Summer
Barishal,Patuakhali,Patuakhali Sadar Market,Soybean,BARI Soybean-6,Oil Seeds,98.9,4108,4450,4279,12/5/2024,Grade A,Low,High,Retail,Summer
Rajshahi,Naogaon,Naogaon Sadar Market,Soybean,BARI Soybean-6,Oil Seeds,200,2009,2177,2093,5/18/2023,Grade C,Low,Medium,Wholesale,Summer
Barishal,Bhola,Bhola Bazar,Soybean,BARI Soybean-6,Oil Seeds,4,6336,6864,6600,12/4/2021,Grade B,Medium,Medium,Retail,Summer
Dhaka,Manikganj,Manikganj Bazar,Soybean,BARI Soybean-6,Oil Seeds,9,2208,2392,2300,1/3/2024,Grade C,High,Low,Retail,Summer
Dhaka,Manikganj,Manikganj Bazar,Soybean,BARI Soybean-6,Oil Seeds,69,4637,5023,4830,3/6/2020,Grade C,High,Low,Retail,Summer
Barishal,Patuakhali,Patuakhali Sadar Market,Soybean,BARI Soybean-6,Oil Seeds,1,6096,6604,6350,8/25/2021,Grade C,Medium,Medium,Retail,Summer
Khulna,Khulna,Khulna New Market,Soybean,BARI Soybean-6,Oil Seeds,102,4272,4628,4450,10/25/2023,Grade B,Medium,Medium,Wholesale,Summer
Chattogram,Feni,Feni Sadar Market,Soybean,BARI Soybean-6,Oil Seeds,41,7225,7827,7526,7/5/2021,Grade A,Medium,Medium,Wholesale,Summer
Chattogram,Cumilla,Kandirpar Market,Soybean,BARI Soybean-6,Oil Seeds,48.3,2491,2699,2595,4/2/2024,Grade B,Medium,High,Wholesale,Summer
Dhaka,Manikganj,Manikganj Bazar,Soybean,BARI Soybean-6,Oil Seeds,10,5808,6292,6050,5/29/2021,Grade B,Low,Medium,Retail,Summer
Khulna,Satkhira,Satkhira Market,Soybean,BARI Soybean-6,Oil Seeds,6,11702,12678,12190,5/18/2022,Grade A,Medium,High,Retail,Summer
Khulna,Khulna,Khulna New Market,Soybean,BARI Soybean-6,Oil Seeds,125,7949,8611,8280,3/11/2022,Grade C,Low,Medium,Retail,Summer
Chattogram,Chattogram,Agrabad Market,Soybean,BARI Soybean-6,Oil Seeds,2,864,936,900,3/26/2021,Grade B,Medium,Medium,Retail,Summer
Dhaka,Manikganj,Manikganj Bazar,Soybean,BARI Soybean-6,Oil Seeds,21.9,2534,2746,2640,5/15/2024,Grade B,Low,High,Wholesale,Summer
Chattogram,Cox's Bazar,Cox's Bazar Market,Soybean,BARI Soybean-6,Oil Seeds,48,7174,7772,7473,5/27/2021,Grade A,Medium,Medium,Retail,Summer
Dhaka,Gazipur,Joydebpur Market,Soybean,BARI Soybean-6,Oil Seeds,5,4944,5356,5150,12/19/2022,Grade B,Medium,Medium,Wholesale,Summer
Dhaka,Tangail,Tangail Sadar Market,Soybean,BARI Soybean-6,Oil Seeds,15,6768,7332,7050,12/16/2022,Grade B,Low,High,Wholesale,Summer
Dhaka,Gazipur,Joydebpur Market,Soybean,BARI Soybean-6,Oil Seeds,19,3168,3432,3300,2/29/2020,Grade B,Low,Low,Retail,Summer
Khulna,Khulna,Khulna New Market,Soybean,BARI Soybean-6,Oil Seeds,125,9552,10348,9950,2/5/2024,Grade B,Low,High,Retail,Summer
Rajshahi,Naogaon,Naogaon Sadar Market,Soybean,BARI Soybean-6,Oil Seeds,300,3638,3942,3790,1/27/2020,Grade A,High,High,Wholesale,Summer
Dhaka,Tangail,Tangail Sadar Market,Soybean,BARI Soybean-6,Oil Seeds,15,10560,11440,11000,11/1/2023,Grade B,Medium,Low,Wholesale,Summer
Chattogram,Feni,Feni Sadar Market,Soybean,BARI Soybean-6,Oil Seeds,394,4416,4784,4600,2/13/2021,Grade B,Low,Low,Wholesale,Summer
Dhaka,Narayanganj,Chashara Market,Soybean,BARI Soybean-6,Oil Seeds,380,3252,3522,3387,6/9/2020,Grade B,High,Low,Retail,Summer
Chattogram,Cox's Bazar,Cox's Bazar Market,Soybean,BARI Soybean-6,Oil Seeds,4,1022,1108,1065,12/29/2020,Grade B,High,Low,Retail,Summer
Khulna,Jashore,Jashore Bazar,Soybean,BARI Soybean-6,Oil Seeds,10,6240,6760,6500,4/26/2021,Grade B,Medium,High,Retail,Summer
Barishal,Barishal,Nathullabad Market,Soybean,BARI Soybean-6,Oil Seeds,3,10456,11328,10892,11/1/2023,Grade B,High,Low,Retail,Summer
Dhaka,Tangail,Tangail Sadar Market,Soybean,BARI Soybean-6,Oil Seeds,6,4528,4906,4717,8/13/2023,Grade A,Medium,High,Retail,Summer
Barishal,Patuakhali,Patuakhali Sadar Market,Soybean,BARI Soybean-6,Oil Seeds,24,6869,7441,7155,5/2/2022,Grade A,Medium,Medium,Wholesale,Summer
Barishal,Patuakhali,Patuakhali Sadar Market,Soybean,BARI Soybean-6,Oil Seeds,3,6240,6760,6500,10/18/2021,Grade B,Low,Low,Retail,Summer
Rajshahi,Pabna,Pabna Sadar Market,Soybean,BARI Soybean-6,Oil Seeds,55,8024,8692,8358,4/6/2023,Grade A,High,Medium,Retail,Summer
Barishal,Barishal,Nathullabad Market,Soybean,BARI Soybean-6,Oil Seeds,3,2473,2679,2576,8/30/2022,Premium,Low,Low,Retail,Summer
Chattogram,Feni,Feni Sadar Market,Soybean,BARI Soybean-6,Oil Seeds,49,6336,6864,6600,6/19/2021,Grade B,Medium,Medium,Wholesale,Summer
Dhaka,Tangail,Tangail Sadar Market,Soybean,BARI Soybean-6,Oil Seeds,12,9871,10693,10282,1/8/2022,Grade A,Medium,High,Retail,Summer
Chattogram,Cox's Bazar,Cox's Bazar Market,Soybean,BARI Soybean-6,Oil Seeds,15,1730,1874,1802,7/11/2020,Grade A,Low,Medium,Wholesale,Summer
Dhaka,Dhaka,Karwan Bazar,Soybean,BARI Soybean-6,Oil Seeds,5,1908,2068,1988,7/1/2020,Grade A,Medium,Medium,Wholesale,Summer
Rajshahi,Rajshahi,Shaheb Bazar,Soybean,BARI Soybean-6,Oil Seeds,160,5990,6490,6240,2/23/2022,Grade B,Medium,Medium,Wholesale,Summer
Chattogram,Noakhali,Maijdee Bazar,Soybean,BARI Soybean-6,Oil Seeds,70,6924,7502,7213,1/28/2023,Grade A,Medium,Low,Wholesale,Summer
Rajshahi,Pabna,Pabna Sadar Market,Soybean,BARI Soybean-6,Oil Seeds,28,1445,1565,1505,12/11/2020,Grade A,High,Low,Retail,Summer
Rajshahi,Pabna,Pabna Sadar Market,Soybean,BARI Soybean-6,Oil Seeds,18,11702,12678,12190,10/31/2023,Grade A,Medium,Medium,Wholesale,Summer
Chattogram,Cox's Bazar,Cox's Bazar Market,Soybean,BARI Soybean-6,Oil Seeds,10,1440,1560,1500,9/9/2020,Grade B,Low,Medium,Wholesale,Summer
Dhaka,Tangail,Tangail Sadar Market,Soybean,BARI Soybean-6,Oil Seeds,29.6,2605,2823,2714,5/27/2024,Grade A,Medium,Low,Wholesale,Summer
Dhaka,Manikganj,Manikganj Bazar,Soybean,BARI Soybean-6,Oil Seeds,4,11194,12126,11660,8/28/2023,Grade A,Medium,High,Wholesale,Summer
Barishal,Patuakhali,Patuakhali Sadar Market,Soybean,BARI Soybean-6,Oil Seeds,28,6004,6504,6254,6/17/2022,Grade A,Low,Medium,Wholesale,Summer
Chattogram,Noakhali,Maijdee Bazar,Soybean,BARI Soybean-6,Oil Seeds,380,5510,5970,5740,11/18/2022,Grade A,Medium,Medium,Wholesale,Summer
Barishal,Bhola,Bhola Bazar,Soybean,BARI Soybean-6,Oil Seeds,64,4272,4628,4450,5/14/2024,Grade B,Medium,Low,Retail,Summer
Dhaka,Tangail,Tangail Sadar Market,Soybean,BARI Soybean-6,Oil Seeds,3,7204,7804,7504,4/27/2022,Premium,Low,High,Retail,Summer
Khulna,Jashore,Jashore Bazar,Soybean,BARI Soybean-6,Oil Seeds,5,8928,9672,9300,6/30/2023,Grade B,High,High,Retail,Summer
Dhaka,Gazipur,Joydebpur Market,Soybean,BARI Soybean-6,Oil Seeds,35,2219,2403,2311,5/19/2023,Grade A,Medium,Medium,Wholesale,Summer
Dhaka,Manikganj,Manikganj Bazar,Soybean,BARI Soybean-6,Oil Seeds,296,4500,4876,4688,12/6/2023,Grade B,Medium,High,Retail,Summer
Dhaka,Dhaka,Karwan Bazar,Soybean,BARI Soybean-6,Oil Seeds,3,7358,7972,7665,8/12/2022,Grade B,Low,Medium,Wholesale,Summer
Dhaka,Dhaka,Karwan Bazar,Soybean,BARI Soybean-6,Oil Seeds,4,6624,7176,6900,10/18/2022,Grade B,High,Low,Wholesale,Summer
Rajshahi,Rajshahi,Shaheb Bazar,Soybean,BARI Soybean-6,Oil Seeds,160,1886,2044,1965,3/2/2022,Grade B,Medium,Low,Retail,Summer
Rajshahi,Bogura,Satmatha Market,Soybean,BARI Soybean-6,Oil Seeds,3.5,2437,2641,2539,8/8/2024,Grade A,Medium,High,Retail,Summer
Dhaka,Tangail,Tangail Sadar Market,Soybean,BARI Soybean-6,Oil Seeds,55,5857,6345,6101,1/3/2022,Grade B,Low,Low,Retail,Summer
Khulna,Jashore,Jashore Bazar,Soybean,BARI Soybean-6,Oil Seeds,17,11194,12126,11660,4/3/2022,Grade A,Medium,Medium,Wholesale,Summer
Dhaka,Narayanganj,Chashara Market,Soybean,BARI Soybean-6,Oil Seeds,100,7123,7717,7420,3/4/2022,Grade A,Medium,Low,Retail,Summer
Chattogram,Chattogram,Agrabad Market,Soybean,BARI Soybean-6,Oil Seeds,10,817,885,851,3/15/2021,Grade C,Medium,Low,Retail,Summer
Dhaka,Narayanganj,Chashara Market,Soybean,BARI Soybean-6,Oil Seeds,20,4764,5160,4962,6/17/2020,Grade C,Low,High,Wholesale,Summer
Dhaka,Gazipur,Joydebpur Market,Soybean,BARI Soybean-6,Oil Seeds,78,2184,2366,2275,9/15/2022,Grade B,Medium,Medium,Retail,Summer
Barishal,Patuakhali,Patuakhali Sadar Market,Soybean,BARI Soybean-6,Oil Seeds,1,2442,2646,2544,11/6/2023,Grade A,Medium,Low,Wholesale,Summer
Dhaka,Dhaka,Karwan Bazar,Soybean,BARI Soybean-6,Oil Seeds,15,2076,2248,2162,3/11/2024,Grade C,Medium,Low,Wholesale,Summer
Chattogram,Cumilla,Kandirpar Market,Soybean,BARI Soybean-6,Oil Seeds,5.2,2064,2236,2150,10/19/2024,Grade B,High,Medium,Retail,Summer
Dhaka,Dhaka,Karwan Bazar,Soybean,BARI Soybean-6,Oil Seeds,70,5376,5824,5600,8/24/2022,Grade B,Low,Medium,Wholesale,Summer
Chattogram,Chattogram,Agrabad Market,Soybean,BARI Soybean-6,Oil Seeds,10.8,3168,3432,3300,8/5/2024,Grade B,Medium,Low,Wholesale,Summer
Barishal,Barishal,Nathullabad Market,Soybean,BARI Soybean-6,Oil Seeds,114,6288,6812,6550,2/12/2021,Grade B,Low,Low,Retail,Summer
Dhaka,Dhaka,Karwan Bazar,Soybean,BARI Soybean-6,Oil Seeds,4,2208,2392,2300,12/13/2023,Grade B,Low,High,Wholesale,Summer
Rajshahi,Bogura,Satmatha Market,Soybean,BARI Soybean-6,Oil Seeds,28,2419,2621,2520,10/12/2023,Grade B,High,Low,Wholesale,Summer
Chattogram,Cox's Bazar,Cox's Bazar Market,Soybean,BARI Soybean-6,Oil Seeds,14,2615,2833,2724,6/6/2024,Grade A,High,High,Retail,Summer
Barishal,Bhola,Bhola Bazar,Soybean,BARI Soybean-6,Oil Seeds,34.9,3656,3960,3808,7/4/2024,Grade C,High,Low,Retail,Summer
Dhaka,Gazipur,Joydebpur Market,Soybean,BARI Soybean-6,Oil Seeds,6,2137,2315,2226,3/25/2022,Grade A,High,Low,Wholesale,Summer
Chattogram,Cox's Bazar,Cox's Bazar Market,Soybean,BARI Soybean-6,Oil Seeds,550,3944,4272,4108,10/26/2024,Grade A,High,High,Retail,Summer
Chattogram,Noakhali,Maijdee Bazar,Soybean,BARI Soybean-6,Oil Seeds,106.3,7100,7692,7396,11/22/2024,Grade B,Low,Medium,Wholesale,Summer
Khulna,Kushtia,Kushtia Boro Bazar,Soybean,BARI Soybean-6,Oil Seeds,6,9999,10833,10416,6/26/2023,Premium,High,Low,Wholesale,Summer
Dhaka,Gazipur,Joydebpur Market,Soybean,BARI Soybean-6,Oil Seeds,22,1131,1225,1178,11/29/2021,Grade C,Medium,Medium,Wholesale,Summer
Dhaka,Tangail,Tangail Sadar Market,Soybean,BARI Soybean-6,Oil Seeds,3,1344,1456,1400,10/5/2020,Grade B,Medium,Medium,Retail,Summer
Chattogram,Cumilla,Kandirpar Market,Soybean,BARI Soybean-6,Oil Seeds,10,8611,9329,8970,8/7/2021,Grade C,Medium,Medium,Wholesale,Summer
Chattogram,Cox's Bazar,Cox's Bazar Market,Soybean,BARI Soybean-6,Oil Seeds,153,5136,5564,5350,3/19/2020,Grade B,Medium,Low,Retail,Summer
Khulna,Khulna,Khulna New Market,Soybean,BARI Soybean-6,Oil Seeds,93,5476,5932,5704,4/19/2021,Grade C,High,Low,Wholesale,Summer
Dhaka,Narayanganj,Chashara Market,Soybean,BARI Soybean-6,Oil Seeds,48,2671,2893,2782,5/25/2024,Grade A,Low,Medium,Retail,Summer
Chattogram,Feni,Feni Sadar Market,Soybean,BARI Soybean-6,Oil Seeds,7,2312,2504,2408,2/12/2022,Premium,Low,High,Retail,Summer
Dhaka,Manikganj,Manikganj Bazar,Soybean,BARI Soybean-6,Oil Seeds,9,5075,5497,5286,9/25/2023,Premium,High,Low,Retail,Summer
Dhaka,Tangail,Tangail Sadar Market,Soybean,BARI Soybean-6,Oil Seeds,100,8446,9150,8798,4/18/2023,Grade A,High,Low,Retail,Summer
Barishal,Barishal,Nathullabad Market,Soybean,BARI Soybean-6,Oil Seeds,1.4,2333,2527,2430,7/23/2024,Grade A,Medium,High,Wholesale,Summer
Dhaka,Gazipur,Joydebpur Market,Soybean,BARI Soybean-6,Oil Seeds,6,5112,5538,5325,6/18/2020,Grade B,Low,Medium,Wholesale,Summer
Dhaka,Manikganj,Manikganj Bazar,Soybean,BARI Soybean-6,Oil Seeds,9,6612,7164,6888,6/2/2022,Premium,Low,Medium,Wholesale,Summer
Chattogram,Feni,Feni Sadar Market,Soybean,BARI Soybean-6,Oil Seeds,2,1908,2066,1987,10/11/2024,Grade C,High,Medium,Wholesale,Summer
Rajshahi,Rajshahi,Shaheb Bazar,Soybean,BARI Soybean-6,Oil Seeds,40,1653,1791,1722,11/12/2020,Grade A,Medium,Medium,Wholesale,Summer
Dhaka,Gazipur,Joydebpur Market,Soybean,BARI Soybean-6,Oil Seeds,99,10620,11504,11062,2/19/2024,Premium,Low,Low,Retail,Summer
Khulna,Khulna,Khulna New Market,Soybean,BARI Soybean-6,Oil Seeds,60,6614,7166,6890,1/31/2024,Grade A,Low,Medium,Wholesale,Summer
Chattogram,Noakhali,Maijdee Bazar,Soybean,BARI Soybean-6,Oil Seeds,24,2595,2811,2703,11/10/2021,Grade A,Medium,Low,Wholesale,Summer
Barishal,Patuakhali,Patuakhali Sadar Market,Soybean,BARI Soybean-6,Oil Seeds,159,4849,5253,5051,11/10/2022,Grade C,High,Medium,Wholesale,Summer
Chattogram,Cox's Bazar,Cox's Bazar Market,Soybean,BARI Soybean-6,Oil Seeds,2,1323,1433,1378,9/30/2021,Grade A,High,High,Retail,Summer
Dhaka,Narayanganj,Chashara Market,Soybean,BARI Soybean-6,Oil Seeds,2,2016,2184,2100,7/9/2022,Grade B,Low,Medium,Wholesale,Summer
Chattogram,Cumilla,Kandirpar Market,Soybean,BARI Soybean-6,Oil Seeds,727,4416,4784,4600,11/10/2021,Grade B,High,Medium,Retail,Summer
Dhaka,Dhaka,Karwan Bazar,Soybean,BARI Soybean-6,Oil Seeds,55,7224,7826,7525,2/22/2023,Grade B,Medium,Low,Wholesale,Summer
Dhaka,Narayanganj,Chashara Market,Soybean,BARI Soybean-6,Oil Seeds,6.6,3586,3884,3735,8/16/2024,Grade C,High,Low,Wholesale,Summer
Dhaka,Tangail,Tangail Sadar Market,Soybean,BARI Soybean-6,Oil Seeds,60,7824,8476,8150,8/10/2022,Grade B,Medium,Low,Retail,Summer
Dhaka,Tangail,Tangail Sadar Market,Soybean,BARI Soybean-6,Oil Seeds,250,4579,4961,4770,1/12/2024,Grade A,Medium,High,Retail,Summer
Rajshahi,Bogura,Satmatha Market,Soybean,BARI Soybean-6,Oil Seeds,420,4632,5018,4825,2/12/2020,Grade B,High,High,Retail,Summer
Dhaka,Gazipur,Joydebpur Market,Soybean,BARI Soybean-6,Oil Seeds,15,6869,7441,7155,2/12/2021,Grade A,High,Medium,Retail,Summer
Rajshahi,Naogaon,Naogaon Sadar Market,Soybean,BARI Soybean-6,Oil Seeds,350,4670,5060,4865,4/8/2024,Grade A,Medium,Medium,Wholesale,Summer
Dhaka,Narayanganj,Chashara Market,Soybean,BARI Soybean-6,Oil Seeds,10,1632,1768,1700,8/26/2021,Grade B,Low,Medium,Wholesale,Summer
Chattogram,Feni,Feni Sadar Market,Soybean,BARI Soybean-6,Oil Seeds,40,6240,6760,6500,7/15/2022,Grade B,High,High,Retail,Summer
Barishal,Patuakhali,Patuakhali Sadar Market,Soybean,BARI Soybean-6,Oil Seeds,34,3657,3961,3809,9/30/2020,Grade A,High,Medium,Wholesale,Summer
Chattogram,Cox's Bazar,Cox's Bazar Market,Soybean,BARI Soybean-6,Oil Seeds,90,2296,2488,2392,3/14/2020,Grade C,Low,High,Retail,Summer
Dhaka,Tangail,Tangail Sadar Market,Soybean,BARI Soybean-6,Oil Seeds,84,3886,4210,4048,11/1/2023,Grade C,Medium,Medium,Retail,Summer
Rajshahi,Bogura,Satmatha Market,Soybean,BARI Soybean-6,Oil Seeds,150,2232,2418,2325,5/2/2023,Grade B,Low,High,Retail,Summer
Dhaka,Dhaka,Karwan Bazar,Soybean,BARI Soybean-6,Oil Seeds,13,2208,2392,2300,10/21/2023,Grade C,High,Low,Retail,Summer
Dhaka,Manikganj,Manikganj Bazar,Soybean,BARI Soybean-6,Oil Seeds,30,10583,11465,11024,9/3/2024,Grade A,Low,Low,Wholesale,Summer
Chattogram,Noakhali,Maijdee Bazar,Soybean,BARI Soybean-6,Oil Seeds,119,10051,10889,10470,4/15/2024,Grade B,Medium,Low,Retail,Summer
Khulna,Jashore,Jashore Bazar,Soybean,BARI Soybean-6,Oil Seeds,19,4477,4851,4664,3/11/2023,Grade A,Low,Low,Retail,Summer
Dhaka,Gazipur,Joydebpur Market,Soybean,BARI Soybean-6,Oil Seeds,297,5305,5747,5526,8/30/2022,Grade A,High,Medium,Wholesale,Summer
Dhaka,Tangail,Tangail Sadar Market,Soybean,BARI Soybean-6,Oil Seeds,14,3946,4274,4110,2/6/2020,Premium,High,Low,Retail,Summer
Dhaka,Manikganj,Manikganj Bazar,Soybean,BARI Soybean-6,Oil Seeds,15,5648,6118,5883,2/7/2024,Grade A,Low,Low,Wholesale,Summer
Dhaka,Gazipur,Joydebpur Market,Soybean,BARI Soybean-6,Oil Seeds,500,6055,6559,6307,11/23/2021,Grade A,Medium,Low,Retail,Summer
Khulna,Khulna,Khulna New Market,Soybean,BARI Soybean-6,Oil Seeds,46,4824,5226,5025,11/16/2023,Grade B,Medium,Medium,Wholesale,Summer
Dhaka,Tangail,Tangail Sadar Market,Soybean,BARI Soybean-6,Oil Seeds,20,4325,4685,4505,2/6/2020,Grade A,Low,High,Retail,Summer
Dhaka,Manikganj,Manikganj Bazar,Soybean,BARI Soybean-6,Oil Seeds,4,2569,2783,2676,1/31/2023,Grade A,Low,Low,Wholesale,Summer
Rajshahi,Rajshahi,Shaheb Bazar,Soybean,BARI Soybean-6,Oil Seeds,30,11550,12512,12031,10/10/2023,Grade A,Medium,Low,Wholesale,Summer
Dhaka,Gazipur,Joydebpur Market,Soybean,BARI Soybean-6,Oil Seeds,5.4,3806,4124,3965,9/24/2024,Grade C,Medium,Low,Wholesale,Summer
Dhaka,Narayanganj,Chashara Market,Soybean,BARI Soybean-6,Oil Seeds,540,6314,6840,6577,3/21/2022,Grade A,Medium,Low,Wholesale,Summer
Chattogram,Noakhali,Maijdee Bazar,Soybean,BARI Soybean-6,Oil Seeds,305,3979,4311,4145,12/5/2024,Grade A,Medium,Low,Wholesale,Summer
Rajshahi,Rajshahi,Shaheb Bazar,Soybean,BARI Soybean-6,Oil Seeds,180,4925,5335,5130,8/1/2023,Grade A,Medium,Medium,Wholesale,Summer
Chattogram,Chattogram,Agrabad Market,Soybean,BARI Soybean-6,Oil Seeds,5,2661,2883,2772,11/22/2023,Premium,Low,Low,Retail,Summer
Dhaka,Tangail,Tangail Sadar Market,Soybean,BARI Soybean-6,Oil Seeds,130,9677,10483,10080,5/27/2023,Premium,High,Medium,Wholesale,Summer
Chattogram,Cox's Bazar,Cox's Bazar Market,Soybean,BARI Soybean-6,Oil Seeds,10.7,2539,2751,2645,7/27/2024,Grade A,Low,Medium,Retail,Summer
Chattogram,Cumilla,Kandirpar Market,Soybean,BARI Soybean-6,Oil Seeds,16,4328,4688,4508,6/6/2020,Grade C,High,Low,Retail,Summer
Chattogram,Feni,Feni Sadar Market,Soybean,BARI Soybean-6,Oil Seeds,25,10080,10920,10500,9/20/2023,Grade B,High,Medium,Retail,Summer
Khulna,Kushtia,Kushtia Boro Bazar,Soybean,BARI Soybean-6,Oil Seeds,148,4128,4472,4300,10/15/2023,Grade B,High,Medium,Wholesale,Summer
Dhaka,Manikganj,Manikganj Bazar,Soybean,BARI Soybean-6,Oil Seeds,170,4460,4832,4646,4/15/2023,Grade C,Medium,High,Retail,Summer
Dhaka,Manikganj,Manikganj Bazar,Soybean,BARI Soybean-6,Oil Seeds,99,5329,5773,5551,1/17/2021,Grade B,Low,Medium,Wholesale,Summer
Chattogram,Feni,Feni Sadar Market,Soybean,BARI Soybean-6,Oil Seeds,1,4981,5397,5189,1/16/2020,Grade A,Medium,Medium,Retail,Summer
Chattogram,Cumilla,Kandirpar Market,Soybean,BARI Soybean-6,Oil Seeds,192,5128,5556,5342,5/22/2023,Premium,High,Medium,Wholesale,Summer
Barishal,Patuakhali,Patuakhali Sadar Market,Soybean,BARI Soybean-6,Oil Seeds,22,6106,6614,6360,12/18/2021,Grade A,High,Low,Wholesale,Summer
Khulna,Jashore,Jashore Bazar,Soybean,BARI Soybean-6,Oil Seeds,9,6462,7000,6731,2/16/2022,Grade A,Medium,Low,Wholesale,Summer
Khulna,Kushtia,Kushtia Boro Bazar,Soybean,BARI Soybean-6,Oil Seeds,11,4416,4784,4600,3/25/2021,Grade C,Medium,Medium,Retail,Summer
Chattogram,Chattogram,Agrabad Market,Soybean,BARI Soybean-6,Oil Seeds,84,1704,1846,1775,3/26/2021,Grade B,Low,Medium,Retail,Summer
Barishal,Barishal,Nathullabad Market,Soybean,BARI Soybean-6,Oil Seeds,30.4,2128,2306,2217,3/13/2024,Grade B,High,Low,Wholesale,Summer
Barishal,Bhola,Bhola Bazar,Soybean,BARI Soybean-6,Oil Seeds,10,4515,4891,4703,10/10/2022,Grade B,Medium,Medium,Retail,Summer
Barishal,Barishal,Nathullabad Market,Soybean,BARI Soybean-6,Oil Seeds,30,6505,7047,6776,2/15/2022,Premium,Medium,Medium,Retail,Summer
Chattogram,Cox's Bazar,Cox's Bazar Market,Soybean,BARI Soybean-6,Oil Seeds,8,2621,2839,2730,10/22/2024,Grade B,High,Medium,Retail,Summer
Rajshahi,Pabna,Pabna Sadar Market,Soybean,BARI Soybean-6,Oil Seeds,10,9362,10142,9752,10/9/2023,Grade C,Medium,High,Retail,Summer
Chattogram,Noakhali,Maijdee Bazar,Soybean,BARI Soybean-6,Oil Seeds,41,5902,6394,6148,8/22/2020,Grade A,High,Low,Wholesale,Summer
Dhaka,Narayanganj,Chashara Market,Soybean,BARI Soybean-6,Oil Seeds,0.9,2338,2532,2435,9/18/2024,Grade B,Medium,Medium,Retail,Summer
Dhaka,Narayanganj,Chashara Market,Soybean,BARI Soybean-6,Oil Seeds,11.7,12109,13119,12614,6/7/2024,Grade A,High,High,Wholesale,Summer
Chattogram,Chattogram,Agrabad Market,Soybean,BARI Soybean-6,Oil Seeds,3.2,3118,3378,3248,11/12/2024,Premium,Low,Medium,Retail,Summer
Chattogram,Chattogram,Agrabad Market,Soybean,BARI Soybean-6,Oil Seeds,4,936,1014,975,1/21/2021,Grade B,Low,Medium,Wholesale,Summer
Chattogram,Feni,Feni Sadar Market,Soybean,BARI Soybean-6,Oil Seeds,10.8,3256,3528,3392,7/24/2024,Grade A,Low,High,Wholesale,Summer
Chattogram,Noakhali,Maijdee Bazar,Soybean,BARI Soybean-6,Oil Seeds,52,2208,2392,2300,4/19/2021,Grade B,Medium,Medium,Wholesale,Summer
Dhaka,Tangail,Tangail Sadar Market,Soybean,BARI Soybean-6,Oil Seeds,133,6303,6829,6566,2/28/2022,Grade B,High,High,Wholesale,Summer
Chattogram,Chattogram,Agrabad Market,Soybean,BARI Soybean-6,Oil Seeds,28,11855,12843,12349,11/4/2023,Grade A,High,Medium,Retail,Summer
Khulna,Khulna,Khulna New Market,Soybean,BARI Soybean-6,Oil Seeds,17,7968,8632,8300,1/11/2023,Grade B,High,Low,Wholesale,Summer
Dhaka,Dhaka,Karwan Bazar,Soybean,BARI Soybean-6,Oil Seeds,30,6960,7540,7250,9/18/2024,Grade B,Low,Medium,Retail,Summer
Dhaka,Gazipur,Joydebpur Market,Soybean,BARI Soybean-6,Oil Seeds,119,1832,1984,1908,5/28/2021,Grade A,High,Medium,Retail,Summer
Rajshahi,Rajshahi,Shaheb Bazar,Soybean,BARI Soybean-6,Oil Seeds,300,4650,5038,4844,10/9/2023,Premium,Medium,Medium,Wholesale,Summer
Dhaka,Manikganj,Manikganj Bazar,Soybean,BARI Soybean-6,Oil Seeds,28,6364,6894,6629,12/29/2022,Grade C,High,Low,Retail,Summer
Dhaka,Tangail,Tangail Sadar Market,Soybean,BARI Soybean-6,Oil Seeds,44,6106,6614,6360,7/20/2022,Grade A,High,Low,Wholesale,Summer
Chattogram,Feni,Feni Sadar Market,Soybean,BARI Soybean-6,Oil Seeds,70,4838,5242,5040,8/29/2023,Grade A,Medium,Low,Retail,Summer
Chattogram,Cumilla,Kandirpar Market,Soybean,BARI Soybean-6,Oil Seeds,257,6801,7367,7084,3/13/2023,Grade C,High,High,Retail,Summer
Barishal,Barishal,Nathullabad Market,Soybean,BARI Soybean-6,Oil Seeds,41,4098,4440,4269,9/25/2023,Grade C,High,Medium,Wholesale,Summer
Khulna,Kushtia,Kushtia Boro Bazar,Soybean,BARI Soybean-6,Oil Seeds,14,4961,5375,5168,4/19/2023,Grade A,High,Low,Wholesale,Summer
Dhaka,Gazipur,Joydebpur Market,Soybean,BARI Soybean-6,Oil Seeds,1,1987,2153,2070,9/3/2022,Grade C,High,Medium,Wholesale,Summer
Dhaka,Tangail,Tangail Sadar Market,Soybean,BARI Soybean-6,Oil Seeds,136,7365,7979,7672,6/24/2021,Premium,Medium,Medium,Wholesale,Summer
Dhaka,Tangail,Tangail Sadar Market,Soybean,BARI Soybean-6,Oil Seeds,1,9654,10458,10056,7/4/2024,Grade C,High,Low,Wholesale,Summer
Barishal,Patuakhali,Patuakhali Sadar Market,Soybean,BARI Soybean-6,Oil Seeds,2,2748,2976,2862,10/16/2024,Grade A,Medium,Medium,Retail,Summer
Dhaka,Dhaka,Karwan Bazar,Soybean,BARI Soybean-6,Oil Seeds,15,9117,9877,9497,2/1/2024,Grade B,Low,Medium,Wholesale,Summer
Khulna,Satkhira,Satkhira Market,Soybean,BARI Soybean-6,Oil Seeds,328,5021,5439,5230,1/17/2020,Grade B,High,High,Wholesale,Summer
Dhaka,Gazipur,Joydebpur Market,Soybean,BARI Soybean-6,Oil Seeds,4,1584,1716,1650,6/26/2021,Grade B,High,Medium,Retail,Summer
Dhaka,Narayanganj,Chashara Market,Soybean,BARI Soybean-6,Oil Seeds,4,3523,3817,3670,9/9/2020,Grade B,Medium,Low,Wholesale,Summer
Rajshahi,Naogaon,Naogaon Sadar Market,Soybean,BARI Soybean-6,Oil Seeds,700,4272,4628,4450,10/7/2021,Grade B,Medium,Medium,Retail,Summer
Khulna,Satkhira,Satkhira Market,Soybean,BARI Soybean-6,Oil Seeds,14,4176,4524,4350,1/10/2024,Grade B,High,Medium,Wholesale,Summer
Chattogram,Chattogram,Agrabad Market,Soybean,BARI Soybean-6,Oil Seeds,51,6912,7488,7200,11/22/2022,Grade B,High,Low,Retail,Summer
Khulna,Jashore,Jashore Bazar,Soybean,BARI Soybean-6,Oil Seeds,9,5299,5741,5520,4/24/2021,Grade C,High,Medium,Retail,Summer
Chattogram,Cumilla,Kandirpar Market,Soybean,BARI Soybean-6,Oil Seeds,11,3763,4077,3920,6/29/2024,Premium,High,Medium,Retail,Summer
Dhaka,Tangail,Tangail Sadar Market,Soybean,BARI Soybean-6,Oil Seeds,50,5800,6284,6042,7/4/2020,Grade A,Medium,High,Wholesale,Summer
Chattogram,Cox's Bazar,Cox's Bazar Market,Wheat,BARI Gom-33,Wheat Flour,424,4800,5200,5000,2/29/2020,Grade B,Low,Medium,Wholesale,Winter
Dhaka,Tangail,Tangail Sadar Market,Wheat,BARI Gom-33,Wheat Flour,130,6818,7386,7102,2/25/2022,Grade A,Medium,High,Wholesale,Winter
Barishal,Bhola,Bhola Bazar,Wheat,BARI Gom-33,Wheat Flour,43,6568,7116,6842,4/19/2021,Grade B,High,High,Retail,Winter
Dhaka,Tangail,Tangail Sadar Market,Wheat,BARI Gom-33,Wheat Flour,12,4992,5408,5200,1/25/2023,Grade B,High,Medium,Retail,Winter
Dhaka,Tangail,Tangail Sadar Market,Wheat,BARI Gom-33,Wheat Flour,8,1800,1950,1875,12/12/2020,Grade B,High,Medium,Wholesale,Winter
Barishal,Patuakhali,Patuakhali Sadar Market,Wheat,BARI Gom-33,Wheat Flour,46,4223,4575,4399,7/10/2024,Grade A,Low,High,Retail,Winter
Khulna,Jashore,Jashore Bazar,Wheat,BARI Gom-33,Wheat Flour,5,4593,4975,4784,5/20/2022,Grade C,Medium,Medium,Wholesale,Winter
Barishal,Barishal,Nathullabad Market,Wheat,BARI Gom-33,Wheat Flour,1,5739,6217,5978,6/23/2022,Grade A,Medium,Low,Wholesale,Winter
Dhaka,Tangail,Tangail Sadar Market,Wheat,BARI Gom-33,Wheat Flour,1,1416,1534,1475,5/20/2022,Grade B,Medium,High,Wholesale,Winter
Chattogram,Noakhali,Maijdee Bazar,Wheat,BARI Gom-33,Wheat Flour,12,1547,1675,1611,2/15/2021,Grade A,High,Low,Retail,Winter
Chattogram,Cox's Bazar,Cox's Bazar Market,Wheat,BARI Gom-33,Wheat Flour,10,2093,2267,2180,6/15/2023,Grade B,Low,Medium,Retail,Winter
Chattogram,Feni,Feni Sadar Market,Wheat,BARI Gom-33,Wheat Flour,4,2496,2704,2600,12/17/2022,Grade B,High,High,Wholesale,Winter
Dhaka,Tangail,Tangail Sadar Market,Wheat,BARI Gom-33,Wheat Flour,29,6108,6618,6363,6/11/2021,Grade B,Medium,Low,Retail,Winter
Dhaka,Narayanganj,Chashara Market,Wheat,BARI Gom-33,Wheat Flour,16,6924,7502,7213,9/23/2020,Grade A,High,Medium,Wholesale,Winter
Chattogram,Cox's Bazar,Cox's Bazar Market,Wheat,BARI Gom-33,Wheat Flour,39,7099,7691,7395,9/29/2022,Grade B,Low,Medium,Wholesale,Winter
Dhaka,Manikganj,Manikganj Bazar,Wheat,BARI Gom-33,Wheat Flour,18,5472,5928,5700,8/7/2020,Grade B,High,Low,Retail,Winter
Khulna,Satkhira,Satkhira Market,Wheat,BARI Gom-33,Wheat Flour,44,3912,4238,4075,4/30/2024,Grade B,High,Low,Retail,Winter
Dhaka,Tangail,Tangail Sadar Market,Wheat,BARI Gom-33,Wheat Flour,10,1908,2066,1987,8/5/2022,Grade C,Low,Medium,Wholesale,Winter
Dhaka,Tangail,Tangail Sadar Market,Wheat,BARI Gom-33,Wheat Flour,9,1668,1808,1738,1/21/2022,Grade A,Medium,Medium,Retail,Winter
Dhaka,Dhaka,Karwan Bazar,Wheat,BARI Gom-33,Wheat Flour,18,3409,3693,3551,2/29/2020,Grade A,Medium,Medium,Wholesale,Winter
Dhaka,Narayanganj,Chashara Market,Wheat,BARI Gom-33,Wheat Flour,5,1908,2068,1988,7/23/2020,Premium,Medium,Low,Wholesale,Winter
Barishal,Bhola,Bhola Bazar,Wheat,BARI Gom-33,Wheat Flour,34,4388,4754,4571,3/1/2024,Grade A,Medium,Medium,Wholesale,Winter
Dhaka,Gazipur,Joydebpur Market,Wheat,BARI Gom-33,Wheat Flour,8.7,2539,2751,2645,9/18/2024,Grade C,Low,Medium,Retail,Winter
Dhaka,Dhaka,Karwan Bazar,Wheat,BARI Gom-33,Wheat Flour,5,6106,6614,6360,7/9/2021,Grade A,High,Low,Wholesale,Winter
Chattogram,Feni,Feni Sadar Market,Wheat,BARI Gom-33,Wheat Flour,9,3216,3484,3350,5/30/2020,Grade B,High,Medium,Retail,Winter
Barishal,Bhola,Bhola Bazar,Wheat,BARI Gom-33,Wheat Flour,18,3918,4244,4081,8/28/2020,Grade A,High,Medium,Retail,Winter
Khulna,Khulna,Khulna New Market,Wheat,BARI Gom-33,Wheat Flour,5,6451,6989,6720,5/6/2021,Premium,Low,Low,Wholesale,Winter
Rajshahi,Rajshahi,Shaheb Bazar,Wheat,BARI Gom-33,Wheat Flour,"1,200.00",3696,4004,3850,11/9/2020,Grade B,High,Medium,Retail,Winter
Chattogram,Cox's Bazar,Cox's Bazar Market,Wheat,BARI Gom-33,Wheat Flour,187,4373,4737,4555,8/19/2023,Grade B,Medium,Low,Wholesale,Winter
Dhaka,Manikganj,Manikganj Bazar,Wheat,BARI Gom-33,Wheat Flour,2,1259,1363,1311,9/5/2020,Grade C,High,High,Wholesale,Winter
Khulna,Kushtia,Kushtia Boro Bazar,Wheat,BARI Gom-33,Wheat Flour,7,9168,9932,9550,8/4/2023,Grade B,Low,Medium,Wholesale,Winter
Barishal,Barishal,Nathullabad Market,Wheat,BARI Gom-33,Wheat Flour,6,5790,6272,6031,1/3/2022,Grade A,Low,Low,Wholesale,Winter
Dhaka,Tangail,Tangail Sadar Market,Wheat,BARI Gom-33,Wheat Flour,154,2285,2475,2380,3/14/2023,Premium,Medium,Low,Wholesale,Winter
Dhaka,Dhaka,Karwan Bazar,Wheat,BARI Gom-33,Wheat Flour,8,5303,5745,5524,1/16/2021,Grade A,High,Low,Wholesale,Winter
Chattogram,Feni,Feni Sadar Market,Wheat,BARI Gom-33,Wheat Flour,251,4986,5402,5194,4/26/2023,Grade A,Medium,Medium,Wholesale,Winter
Dhaka,Narayanganj,Chashara Market,Wheat,BARI Gom-33,Wheat Flour,11,4911,5321,5116,7/14/2022,Grade C,Medium,Medium,Wholesale,Winter
Barishal,Patuakhali,Patuakhali Sadar Market,Wheat,BARI Gom-33,Wheat Flour,31.4,3929,4257,4093,8/16/2024,Grade A,Low,Low,Retail,Winter
Rajshahi,Pabna,Pabna Sadar Market,Wheat,BARI Gom-33,Wheat Flour,20,7865,8521,8193,12/18/2023,Grade C,High,Medium,Retail,Winter
Khulna,Satkhira,Satkhira Market,Wheat,BARI Gom-33,Wheat Flour,53,4848,5252,5050,11/22/2023,Grade B,Low,Low,Wholesale,Winter
Chattogram,Chattogram,Agrabad Market,Wheat,BARI Gom-33,Wheat Flour,24,6614,7166,6890,8/31/2021,Grade A,High,High,Wholesale,Winter
Dhaka,Manikganj,Manikganj Bazar,Wheat,BARI Gom-33,Wheat Flour,3,2102,2278,2190,9/1/2022,Grade B,Medium,Low,Retail,Winter
Dhaka,Tangail,Tangail Sadar Market,Wheat,BARI Gom-33,Wheat Flour,14,5597,6063,5830,1/5/2021,Grade A,Medium,Low,Wholesale,Winter
Barishal,Patuakhali,Patuakhali Sadar Market,Wheat,BARI Gom-33,Wheat Flour,170,6521,7065,6793,2/9/2021,Grade B,Medium,Medium,Retail,Winter
Chattogram,Cumilla,Kandirpar Market,Wheat,BARI Gom-33,Wheat Flour,55,4482,4856,4669,5/17/2024,Grade A,High,Low,Wholesale,Winter
Barishal,Patuakhali,Patuakhali Sadar Market,Wheat,BARI Gom-33,Wheat Flour,75,4783,5181,4982,5/31/2023,Grade A,High,Low,Retail,Winter
Chattogram,Noakhali,Maijdee Bazar,Wheat,BARI Gom-33,Wheat Flour,14,1536,1664,1600,8/24/2020,Grade B,High,Low,Retail,Winter
Chattogram,Chattogram,Agrabad Market,Wheat,BARI Gom-33,Wheat Flour,16,4488,4862,4675,5/11/2024,Grade A,High,Low,Retail,Winter
Dhaka,Dhaka,Karwan Bazar,Wheat,BARI Gom-33,Wheat Flour,23,11509,12469,11989,8/31/2023,Grade A,Medium,High,Wholesale,Winter
Dhaka,Dhaka,Karwan Bazar,Wheat,BARI Gom-33,Wheat Flour,1,5953,6449,6201,6/25/2022,Grade A,Medium,Medium,Wholesale,Winter
Barishal,Barishal,Nathullabad Market,Wheat,BARI Gom-33,Wheat Flour,125,4477,4851,4664,1/20/2021,Grade A,Medium,High,Wholesale,Winter
Chattogram,Cumilla,Kandirpar Market,Wheat,BARI Gom-33,Wheat Flour,88,4834,5236,5035,7/28/2023,Grade A,Medium,Medium,Wholesale,Winter
Barishal,Barishal,Nathullabad Market,Wheat,BARI Gom-33,Wheat Flour,21,1781,1929,1855,5/6/2021,Grade A,High,Medium,Retail,Winter
Chattogram,Feni,Feni Sadar Market,Wheat,BARI Gom-33,Wheat Flour,15,2062,2234,2148,9/20/2022,Grade C,Medium,Low,Retail,Winter
Khulna,Kushtia,Kushtia Boro Bazar,Wheat,BARI Gom-33,Wheat Flour,24,5368,5816,5592,12/22/2022,Grade A,Medium,High,Wholesale,Winter
Chattogram,Noakhali,Maijdee Bazar,Wheat,BARI Gom-33,Wheat Flour,18,9542,10338,9940,10/6/2020,Premium,Low,Medium,Wholesale,Winter
Dhaka,Gazipur,Joydebpur Market,Wheat,BARI Gom-33,Wheat Flour,6,3533,3827,3680,2/22/2020,Grade B,Low,High,Retail,Winter
Khulna,Satkhira,Satkhira Market,Wheat,BARI Gom-33,Wheat Flour,2,10176,11024,10600,7/26/2024,Grade A,Medium,Medium,Wholesale,Winter
Dhaka,Dhaka,Karwan Bazar,Wheat,BARI Gom-33,Wheat Flour,70,4946,5358,5152,3/18/2020,Grade A,High,High,Wholesale,Winter
Dhaka,Tangail,Tangail Sadar Market,Wheat,BARI Gom-33,Wheat Flour,1,5280,5720,5500,12/6/2021,Grade B,Medium,Low,Wholesale,Winter
Dhaka,Gazipur,Joydebpur Market,Wheat,BARI Gom-33,Wheat Flour,31,9667,10473,10070,1/27/2024,Grade A,Low,Medium,Wholesale,Winter
Barishal,Bhola,Bhola Bazar,Wheat,BARI Gom-33,Wheat Flour,65,6451,6989,6720,11/24/2021,Premium,High,Medium,Wholesale,Winter
Chattogram,Noakhali,Maijdee Bazar,Wheat,BARI Gom-33,Wheat Flour,276,2879,3119,2999,10/6/2020,Grade C,Medium,Low,Wholesale,Winter
Dhaka,Gazipur,Joydebpur Market,Wheat,BARI Gom-33,Wheat Flour,16,2162,2342,2252,2/22/2023,Grade A,Low,Medium,Wholesale,Winter
Chattogram,Chattogram,Agrabad Market,Wheat,BARI Gom-33,Wheat Flour,76,3739,4051,3895,1/21/2020,Grade B,Medium,High,Retail,Winter
Khulna,Kushtia,Kushtia Boro Bazar,Wheat,BARI Gom-33,Wheat Flour,10,4063,4401,4232,9/11/2023,Grade C,High,Low,Wholesale,Winter
Khulna,Kushtia,Kushtia Boro Bazar,Wheat,BARI Gom-33,Wheat Flour,6,4562,4942,4752,3/20/2020,Grade C,Medium,Low,Wholesale,Winter
Dhaka,Dhaka,Karwan Bazar,Wheat,BARI Gom-33,Wheat Flour,11.3,2076,2248,2162,5/31/2024,Grade C,High,High,Wholesale,Winter
Rajshahi,Naogaon,Naogaon Sadar Market,Wheat,BARI Gom-33,Wheat Flour,65,8430,9132,8781,7/21/2023,Grade C,Low,Low,Wholesale,Winter
Dhaka,Manikganj,Manikganj Bazar,Wheat,BARI Gom-33,Wheat Flour,8,1440,1560,1500,9/21/2020,Grade B,Low,Medium,Wholesale,Winter
Khulna,Khulna,Khulna New Market,Wheat,BARI Gom-33,Wheat Flour,67,6580,7128,6854,6/7/2023,Grade C,High,Medium,Retail,Winter
Dhaka,Manikganj,Manikganj Bazar,Wheat,BARI Gom-33,Wheat Flour,3,6867,7439,7153,8/4/2022,Grade C,Medium,Low,Wholesale,Winter
Barishal,Patuakhali,Patuakhali Sadar Market,Wheat,BARI Gom-33,Wheat Flour,5,4981,5397,5189,8/13/2020,Grade C,Low,High,Wholesale,Winter
Dhaka,Narayanganj,Chashara Market,Wheat,BARI Gom-33,Wheat Flour,2,1968,2132,2050,3/2/2023,Grade B,Medium,High,Wholesale,Winter
Dhaka,Manikganj,Manikganj Bazar,Wheat,BARI Gom-33,Wheat Flour,2,1865,2021,1943,7/30/2020,Premium,Medium,Low,Wholesale,Winter
Dhaka,Dhaka,Karwan Bazar,Wheat,BARI Gom-33,Wheat Flour,3,4032,4368,4200,9/27/2024,Grade B,Low,High,Wholesale,Winter
Rajshahi,Naogaon,Naogaon Sadar Market,Wheat,BARI Gom-33,Wheat Flour,250,6161,6675,6418,12/29/2021,Grade A,High,Medium,Retail,Winter
Dhaka,Tangail,Tangail Sadar Market,Wheat,BARI Gom-33,Wheat Flour,90,4630,5016,4823,10/27/2023,Grade A,Low,Medium,Retail,Winter
Chattogram,Noakhali,Maijdee Bazar,Wheat,BARI Gom-33,Wheat Flour,114,5755,6235,5995,7/18/2022,Grade B,Low,High,Wholesale,Winter
Chattogram,Feni,Feni Sadar Market,Wheat,BARI Gom-33,Wheat Flour,14,1536,1664,1600,6/23/2021,Grade B,Medium,Medium,Retail,Winter
Dhaka,Manikganj,Manikganj Bazar,Wheat,BARI Gom-33,Wheat Flour,4.9,2208,2392,2300,5/4/2024,Grade C,Medium,Low,Retail,Winter
Barishal,Barishal,Nathullabad Market,Wheat,BARI Gom-33,Wheat Flour,15,4783,5181,4982,6/28/2023,Grade A,Low,High,Wholesale,Winter
Chattogram,Cox's Bazar,Cox's Bazar Market,Wheat,BARI Gom-33,Wheat Flour,15,3003,3253,3128,3/21/2020,Grade C,Low,Medium,Wholesale,Winter
Barishal,Patuakhali,Patuakhali Sadar Market,Wheat,BARI Gom-33,Wheat Flour,4.6,2275,2465,2370,4/29/2024,Grade B,Medium,Low,Wholesale,Winter
Dhaka,Narayanganj,Chashara Market,Wheat,BARI Gom-33,Wheat Flour,30,2400,2600,2500,11/17/2023,Grade B,Low,Low,Retail,Winter
Barishal,Patuakhali,Patuakhali Sadar Market,Wheat,BARI Gom-33,Wheat Flour,130,4976,5390,5183,4/19/2023,Grade A,Medium,Low,Wholesale,Winter
Dhaka,Dhaka,Karwan Bazar,Wheat,BARI Gom-33,Wheat Flour,20,2035,2205,2120,3/10/2022,Grade A,Medium,Low,Wholesale,Winter
Dhaka,Tangail,Tangail Sadar Market,Wheat,BARI Gom-33,Wheat Flour,10,1935,2097,2016,8/6/2020,Premium,Low,Medium,Retail,Winter
Barishal,Patuakhali,Patuakhali Sadar Market,Wheat,BARI Gom-33,Wheat Flour,88,6199,6715,6457,2/8/2022,Premium,Medium,High,Wholesale,Winter
Barishal,Bhola,Bhola Bazar,Wheat,BARI Gom-33,Wheat Flour,47,3568,3866,3717,12/30/2020,Grade C,Medium,Medium,Retail,Winter
Khulna,Jashore,Jashore Bazar,Wheat,BARI Gom-33,Wheat Flour,35,3709,4019,3864,6/7/2024,Grade C,High,Low,Retail,Winter
Dhaka,Manikganj,Manikganj Bazar,Wheat,BARI Gom-33,Wheat Flour,8,5476,5932,5704,1/5/2022,Grade C,Medium,Low,Wholesale,Winter
Dhaka,Tangail,Tangail Sadar Market,Wheat,BARI Gom-33,Wheat Flour,3.8,2442,2646,2544,9/4/2024,Grade A,Low,Medium,Retail,Winter
Dhaka,Dhaka,Karwan Bazar,Wheat,BARI Gom-33,Wheat Flour,4,5775,6257,6016,8/10/2020,Grade A,High,Low,Retail,Winter
Barishal,Patuakhali,Patuakhali Sadar Market,Wheat,BARI Gom-33,Wheat Flour,24,5677,6151,5914,9/14/2021,Grade C,Low,Low,Retail,Winter
Dhaka,Dhaka,Karwan Bazar,Wheat,BARI Gom-33,Wheat Flour,12,4998,5414,5206,2/1/2023,Grade A,Medium,Low,Wholesale,Winter
Barishal,Barishal,Nathullabad Market,Wheat,BARI Gom-33,Wheat Flour,12,6344,6872,6608,8/20/2022,Premium,High,High,Retail,Winter
Chattogram,Cumilla,Kandirpar Market,Wheat,BARI Gom-33,Wheat Flour,3,1899,2057,1978,1/11/2020,Grade C,High,Low,Wholesale,Winter
Chattogram,Feni,Feni Sadar Market,Wheat,BARI Gom-33,Wheat Flour,25,9605,10405,10005,8/17/2023,Grade B,High,Low,Wholesale,Winter
Chattogram,Cumilla,Kandirpar Market,Wheat,BARI Gom-33,Wheat Flour,9,5000,5416,5208,8/12/2023,Premium,Medium,Low,Wholesale,Winter
Chattogram,Noakhali,Maijdee Bazar,Wheat,BARI Gom-33,Wheat Flour,27,8073,8745,8409,5/27/2023,Grade C,Medium,Low,Retail,Winter
Dhaka,Tangail,Tangail Sadar Market,Wheat,BARI Gom-33,Wheat Flour,80.4,9387,10169,9778,10/17/2024,Grade A,Medium,High,Wholesale,Winter
Dhaka,Tangail,Tangail Sadar Market,Wheat,BARI Gom-33,Wheat Flour,109,5640,6110,5875,10/26/2021,Grade B,Medium,Medium,Retail,Winter
Khulna,Satkhira,Satkhira Market,Wheat,BARI Gom-33,Wheat Flour,5,8141,8819,8480,4/1/2023,Grade A,Low,High,Wholesale,Winter
Dhaka,Tangail,Tangail Sadar Market,Wheat,BARI Gom-33,Wheat Flour,15,7280,7886,7583,12/21/2022,Grade A,High,Low,Retail,Winter
Chattogram,Feni,Feni Sadar Market,Wheat,BARI Gom-33,Wheat Flour,200,4397,4763,4580,10/21/2023,Grade B,Medium,Low,Retail,Winter
Dhaka,Manikganj,Manikganj Bazar,Wheat,BARI Gom-33,Wheat Flour,1,1750,1896,1823,4/14/2022,Grade A,High,Medium,Wholesale,Winter
Dhaka,Manikganj,Manikganj Bazar,Wheat,BARI Gom-33,Wheat Flour,3,2402,2602,2502,9/12/2023,Grade A,Low,Medium,Wholesale,Winter
Barishal,Bhola,Bhola Bazar,Wheat,BARI Gom-33,Wheat Flour,13,6360,6890,6625,5/28/2021,Grade A,Low,High,Retail,Winter
Dhaka,Narayanganj,Chashara Market,Wheat,BARI Gom-33,Wheat Flour,61,5699,6173,5936,12/19/2022,Premium,Low,Low,Wholesale,Winter
Khulna,Khulna,Khulna New Market,Wheat,BARI Gom-33,Wheat Flour,26.4,4091,4431,4261,11/14/2024,Grade A,Medium,Medium,Wholesale,Winter
Barishal,Barishal,Nathullabad Market,Wheat,BARI Gom-33,Wheat Flour,9,1537,1665,1601,6/25/2020,Grade C,Medium,Medium,Retail,Winter
Rajshahi,Bogura,Satmatha Market,Wheat,BARI Gom-33,Wheat Flour,75,1781,1929,1855,7/16/2020,Grade A,Medium,Medium,Retail,Winter
Dhaka,Tangail,Tangail Sadar Market,Wheat,BARI Gom-33,Wheat Flour,16,1730,1874,1802,6/13/2020,Grade A,Medium,High,Retail,Winter
Khulna,Satkhira,Satkhira Market,Wheat,BARI Gom-33,Wheat Flour,10,10560,11440,11000,4/17/2022,Grade B,Medium,Medium,Wholesale,Winter
Rajshahi,Bogura,Satmatha Market,Wheat,BARI Gom-33,Wheat Flour,41,8457,9161,8809,1/1/2024,Grade A,Medium,Medium,Retail,Winter
Dhaka,Narayanganj,Chashara Market,Wheat,BARI Gom-33,Wheat Flour,218,4918,5328,5123,7/8/2023,Grade A,Medium,Medium,Wholesale,Winter
Barishal,Barishal,Nathullabad Market,Wheat,BARI Gom-33,Wheat Flour,15,6869,7441,7155,2/28/2022,Grade A,High,Low,Wholesale,Winter
Dhaka,Gazipur,Joydebpur Market,Wheat,BARI Gom-33,Wheat Flour,100,7021,7607,7314,7/11/2022,Grade A,Low,Medium,Wholesale,Winter
Khulna,Kushtia,Kushtia Boro Bazar,Wheat,BARI Gom-33,Wheat Flour,17,7419,8037,7728,12/14/2022,Grade C,Medium,Low,Retail,Winter
Dhaka,Dhaka,Karwan Bazar,Wheat,BARI Gom-33,Wheat Flour,5,1413,1531,1472,6/2/2021,Grade C,Medium,Low,Wholesale,Winter
Chattogram,Noakhali,Maijdee Bazar,Wheat,BARI Gom-33,Wheat Flour,12.1,3307,3583,3445,9/9/2024,Grade A,Medium,High,Retail,Winter
Chattogram,Cox's Bazar,Cox's Bazar Market,Wheat,BARI Gom-33,Wheat Flour,25,11612,12580,12096,9/4/2023,Premium,High,Low,Wholesale,Winter
Dhaka,Tangail,Tangail Sadar Market,Wheat,BARI Gom-33,Wheat Flour,5,4340,4702,4521,5/24/2023,Grade B,High,Low,Retail,Winter
Dhaka,Dhaka,Karwan Bazar,Wheat,BARI Gom-33,Wheat Flour,92,5444,5898,5671,6/2/2020,Grade A,Low,High,Wholesale,Winter
Dhaka,Manikganj,Manikganj Bazar,Wheat,BARI Gom-33,Wheat Flour,15,2442,2646,2544,6/11/2024,Grade A,Medium,Low,Retail,Winter
Dhaka,Narayanganj,Chashara Market,Wheat,BARI Gom-33,Wheat Flour,44,1766,1914,1840,4/3/2023,Grade C,Medium,Medium,Retail,Winter
Dhaka,Dhaka,Karwan Bazar,Wheat,BARI Gom-33,Wheat Flour,4.8,11194,12126,11660,6/4/2024,Grade A,Medium,Medium,Wholesale,Winter
Dhaka,Tangail,Tangail Sadar Market,Wheat,BARI Gom-33,Wheat Flour,271,6360,6890,6625,6/1/2021,Grade B,Medium,High,Retail,Winter
Rajshahi,Pabna,Pabna Sadar Market,Wheat,BARI Gom-33,Wheat Flour,8,2671,2893,2782,12/8/2022,Grade A,Medium,Medium,Retail,Winter
Barishal,Patuakhali,Patuakhali Sadar Market,Wheat,BARI Gom-33,Wheat Flour,95.4,4253,4607,4430,11/18/2024,Premium,High,Low,Retail,Winter
Rajshahi,Naogaon,Naogaon Sadar Market,Wheat,BARI Gom-33,Wheat Flour,350,3537,3831,3684,7/6/2020,Grade A,Low,Low,Retail,Winter
Dhaka,Narayanganj,Chashara Market,Wheat,BARI Gom-33,Wheat Flour,0.3,2148,2328,2238,3/2/2024,Grade B,High,High,Wholesale,Winter
Khulna,Khulna,Khulna New Market,Wheat,BARI Gom-33,Wheat Flour,2,5568,6032,5800,5/31/2021,Grade B,High,High,Retail,Winter
Chattogram,Cox's Bazar,Cox's Bazar Market,Wheat,BARI Gom-33,Wheat Flour,1.5,2148,2326,2237,10/16/2024,Grade A,High,Low,Wholesale,Winter
Dhaka,Narayanganj,Chashara Market,Wheat,BARI Gom-33,Wheat Flour,19,1720,1864,1792,9/30/2020,Premium,Low,Medium,Wholesale,Winter
Dhaka,Gazipur,Joydebpur Market,Wheat,BARI Gom-33,Wheat Flour,15,2137,2315,2226,5/26/2022,Grade A,Low,Medium,Retail,Winter
Dhaka,Gazipur,Joydebpur Market,Wheat,BARI Gom-33,Wheat Flour,73,4224,4576,4400,10/20/2021,Grade B,Medium,Low,Wholesale,Winter
Chattogram,Chattogram,Agrabad Market,Wheat,BARI Gom-33,Wheat Flour,18,7008,7592,7300,10/3/2022,Grade B,Medium,Low,Wholesale,Winter
Dhaka,Gazipur,Joydebpur Market,Wheat,BARI Gom-33,Wheat Flour,13,6182,6698,6440,1/19/2023,Grade C,Medium,Medium,Wholesale,Winter
Chattogram,Feni,Feni Sadar Market,Wheat,BARI Gom-33,Wheat Flour,56,7021,7607,7314,6/8/2021,Grade A,Medium,Medium,Retail,Winter
Chattogram,Cox's Bazar,Cox's Bazar Market,Wheat,BARI Gom-33,Wheat Flour,111,5444,5898,5671,5/9/2020,Grade A,Medium,Medium,Wholesale,Winter
Rajshahi,Bogura,Satmatha Market,Wheat,BARI Gom-33,Wheat Flour,32,1656,1794,1725,1/20/2021,Grade B,High,Low,Retail,Winter
Dhaka,Gazipur,Joydebpur Market,Wheat,BARI Gom-33,Wheat Flour,11,2473,2679,2576,11/26/2022,Premium,Medium,Medium,Wholesale,Winter
Dhaka,Manikganj,Manikganj Bazar,Wheat,BARI Gom-33,Wheat Flour,58.2,10435,11305,10870,8/8/2024,Grade B,Medium,High,Retail,Winter
Dhaka,Narayanganj,Chashara Market,Wheat,BARI Gom-33,Wheat Flour,10,1920,2080,2000,6/10/2024,Grade B,Medium,Medium,Retail,Winter
Barishal,Barishal,Nathullabad Market,Wheat,BARI Gom-33,Wheat Flour,37,7215,7817,7516,4/12/2023,Grade C,High,Medium,Wholesale,Winter
Dhaka,Narayanganj,Chashara Market,Wheat,BARI Gom-33,Wheat Flour,2,1511,1637,1574,6/16/2021,Grade A,High,Medium,Retail,Winter
Chattogram,Cumilla,Kandirpar Market,Wheat,BARI Gom-33,Wheat Flour,1,3226,3494,3360,2/15/2022,Premium,High,Low,Wholesale,Winter
Dhaka,Dhaka,Karwan Bazar,Wheat,BARI Gom-33,Wheat Flour,24.26,4108,4450,4279,7/10/2024,Grade B,Low,Low,Wholesale,Winter
Chattogram,Chattogram,Agrabad Market,Wheat,BARI Gom-33,Wheat Flour,114,4151,4497,4324,10/12/2021,Grade C,Medium,High,Retail,Winter
Chattogram,Cumilla,Kandirpar Market,Wheat,BARI Gom-33,Wheat Flour,273,4416,4784,4600,4/18/2023,Grade C,Low,High,Retail,Winter
Chattogram,Cox's Bazar,Cox's Bazar Market,Wheat,BARI Gom-33,Wheat Flour,146,5472,5928,5700,1/19/2022,Grade B,Medium,High,Wholesale,Winter
Chattogram,Cumilla,Kandirpar Market,Wheat,BARI Gom-33,Wheat Flour,6,1997,2163,2080,7/15/2022,Grade B,High,Medium,Wholesale,Winter
Rajshahi,Pabna,Pabna Sadar Market,Wheat,BARI Gom-33,Wheat Flour,4,1085,1175,1130,8/17/2021,Grade B,Medium,Medium,Wholesale,Winter
Chattogram,Cumilla,Kandirpar Market,Wheat,BARI Gom-33,Wheat Flour,9,2150,2330,2240,6/9/2022,Premium,Low,High,Wholesale,Winter
Khulna,Satkhira,Satkhira Market,Wheat,BARI Gom-33,Wheat Flour,23,8090,8764,8427,10/15/2022,Grade A,Low,High,Retail,Winter
Barishal,Patuakhali,Patuakhali Sadar Market,Wheat,BARI Gom-33,Wheat Flour,23.5,9264,10036,9650,3/7/2024,Grade B,Medium,Medium,Retail,Winter
Barishal,Bhola,Bhola Bazar,Wheat,BARI Gom-33,Wheat Flour,139,5731,6209,5970,4/12/2022,Grade B,High,Medium,Wholesale,Winter
Chattogram,Chattogram,Agrabad Market,Wheat,BARI Gom-33,Wheat Flour,1,2323,2517,2420,1/14/2023,Grade C,Medium,Low,Wholesale,Winter
Dhaka,Narayanganj,Chashara Market,Wheat,BARI Gom-33,Wheat Flour,10,5738,6216,5977,1/22/2022,Grade B,Low,Low,Retail,Winter
Dhaka,Gazipur,Joydebpur Market,Wheat,BARI Gom-33,Wheat Flour,5,2340,2536,2438,7/28/2023,Grade A,Medium,Medium,Retail,Winter
Dhaka,Dhaka,Karwan Bazar,Wheat,BARI Gom-33,Wheat Flour,7,1465,1587,1526,11/6/2020,Grade A,Medium,Medium,Retail,Winter
Barishal,Bhola,Bhola Bazar,Wheat,BARI Gom-33,Wheat Flour,4,6236,6756,6496,10/14/2021,Premium,Medium,Low,Retail,Winter
Dhaka,Narayanganj,Chashara Market,Wheat,BARI Gom-33,Wheat Flour,23,1594,1726,1660,7/7/2021,Grade B,Medium,Medium,Wholesale,Winter
Chattogram,Cox's Bazar,Cox's Bazar Market,Wheat,BARI Gom-33,Wheat Flour,266,5760,6240,6000,3/16/2022,Grade B,Low,Medium,Wholesale,Winter
Rajshahi,Naogaon,Naogaon Sadar Market,Wheat,BARI Gom-33,Wheat Flour,63,1855,2009,1932,7/31/2021,Premium,Medium,Medium,Retail,Winter
Dhaka,Narayanganj,Chashara Market,Wheat,BARI Gom-33,Wheat Flour,7,7473,8095,7784,1/23/2023,Premium,Medium,High,Retail,Winter
Barishal,Patuakhali,Patuakhali Sadar Market,Wheat,BARI Gom-33,Wheat Flour,1,1429,1549,1489,7/10/2020,Grade A,Medium,Low,Retail,Winter
Dhaka,Gazipur,Joydebpur Market,Wheat,BARI Gom-33,Wheat Flour,98,4394,4760,4577,11/2/2022,Grade C,Medium,Medium,Retail,Winter
Chattogram,Cumilla,Kandirpar Market,Wheat,BARI Gom-33,Wheat Flour,3,905,981,943,12/17/2020,Grade C,Medium,Medium,Wholesale,Winter
Dhaka,Dhaka,Karwan Bazar,Wheat,BARI Gom-33,Wheat Flour,212,1899,2057,1978,4/3/2023,Grade C,Medium,High,Retail,Winter
Dhaka,Narayanganj,Chashara Market,Wheat,BARI Gom-33,Wheat Flour,314,5546,6008,5777,2/28/2020,Grade A,Medium,Medium,Wholesale,Winter
Barishal,Bhola,Bhola Bazar,Wheat,BARI Gom-33,Wheat Flour,4,2417,2619,2518,9/8/2022,Grade A,High,High,Wholesale,Winter
Dhaka,Dhaka,Karwan Bazar,Wheat,BARI Gom-33,Wheat Flour,20,2086,2260,2173,4/18/2023,Grade A,High,Medium,Wholesale,Winter
Chattogram,Cox's Bazar,Cox's Bazar Market,Wheat,BARI Gom-33,Wheat Flour,140,5398,5848,5623,12/20/2022,Grade A,Low,High,Wholesale,Winter
Dhaka,Narayanganj,Chashara Market,Wheat,BARI Gom-33,Wheat Flour,3,1119,1213,1166,9/10/2020,Grade A,Low,High,Wholesale,Winter
Khulna,Jashore,Jashore Bazar,Wheat,BARI Gom-33,Wheat Flour,10,6818,7386,7102,2/12/2023,Grade A,High,Low,Retail,Winter
Rajshahi,Bogura,Satmatha Market,Wheat,BARI Gom-33,Wheat Flour,125,5976,6474,6225,9/1/2021,Grade B,Medium,Medium,Retail,Winter
Rajshahi,Bogura,Satmatha Market,Wheat,BARI Gom-33,Wheat Flour,29,2442,2646,2544,11/16/2023,Grade C,High,Low,Wholesale,Winter
Chattogram,Chattogram,Agrabad Market,Wheat,BARI Gom-33,Wheat Flour,40,8387,9085,8736,8/10/2022,Premium,Medium,Medium,Retail,Winter
Chattogram,Cox's Bazar,Cox's Bazar Market,Wheat,BARI Gom-33,Wheat Flour,11.7,3268,3540,3404,11/13/2024,Grade C,Medium,Medium,Wholesale,Winter
Dhaka,Gazipur,Joydebpur Market,Wheat,BARI Gom-33,Wheat Flour,671.7,3892,4216,4054,5/6/2024,Grade C,Medium,Medium,Wholesale,Winter
Chattogram,Chattogram,Agrabad Market,Wheat,BARI Gom-33,Wheat Flour,55.5,3548,3844,3696,3/26/2024,Premium,Medium,High,Retail,Winter
Khulna,Jashore,Jashore Bazar,Wheat,BARI Gom-33,Wheat Flour,6,6432,6968,6700,2/20/2021,Grade B,Medium,Medium,Wholesale,Winter
Dhaka,Manikganj,Manikganj Bazar,Wheat,BARI Gom-33,Wheat Flour,956.4,3857,4179,4018,12/4/2024,Grade B,Low,High,Wholesale,Winter
Dhaka,Dhaka,Karwan Bazar,Wheat,BARI Gom-33,Wheat Flour,26.4,11550,12512,12031,5/31/2024,Grade A,Medium,Low,Retail,Winter
Rajshahi,Bogura,Satmatha Market,Wheat,BARI Gom-33,Wheat Flour,28,5621,6089,5855,11/8/2021,Grade B,Medium,Medium,Wholesale,Winter
Dhaka,Narayanganj,Chashara Market,Wheat,BARI Gom-33,Wheat Flour,1.9,2330,2524,2427,9/23/2024,Grade A,Medium,Medium,Retail,Winter
Chattogram,Cumilla,Kandirpar Market,Wheat,BARI Gom-33,Wheat Flour,188,7734,8378,8056,2/28/2023,Grade A,Medium,Medium,Wholesale,Winter
Rajshahi,Naogaon,Naogaon Sadar Market,Wheat,BARI Gom-33,Wheat Flour,600,5462,5918,5690,11/21/2023,Premium,Low,High,Wholesale,Winter
Dhaka,Narayanganj,Chashara Market,Wheat,BARI Gom-33,Wheat Flour,16,5123,5549,5336,5/13/2022,Grade C,High,Medium,Retail,Winter
Rajshahi,Naogaon,Naogaon Sadar Market,Wheat,BARI Gom-33,Wheat Flour,15,2477,2683,2580,12/15/2023,Grade B,High,Low,Retail,Winter
Khulna,Khulna,Khulna New Market,Wheat,BARI Gom-33,Wheat Flour,16,4320,4680,4500,3/1/2021,Grade B,Low,High,Retail,Winter
Dhaka,Gazipur,Joydebpur Market,Wheat,BARI Gom-33,Wheat Flour,22,2442,2646,2544,5/19/2023,Grade A,High,Medium,Wholesale,Winter
Chattogram,Feni,Feni Sadar Market,Wheat,BARI Gom-33,Wheat Flour,121,4725,5119,4922,5/30/2020,Grade C,High,Medium,Wholesale,Winter
Khulna,Khulna,Khulna New Market,Wheat,BARI Gom-33,Wheat Flour,12,4512,4888,4700,6/2/2023,Grade B,High,Medium,Wholesale,Winter
Chattogram,Cox's Bazar,Cox's Bazar Market,Wheat,BARI Gom-33,Wheat Flour,6,1000,1084,1042,1/30/2021,Premium,Low,High,Wholesale,Winter
Chattogram,Chattogram,Agrabad Market,Wheat,BARI Gom-33,Wheat Flour,15,6349,6879,6614,7/2/2022,Grade A,High,High,Retail,Winter
Dhaka,Gazipur,Joydebpur Market,Wheat,BARI Gom-33,Wheat Flour,60,4185,4533,4359,10/25/2024,Grade A,Low,Low,Retail,Winter
Dhaka,Dhaka,Karwan Bazar,Wheat,BARI Gom-33,Wheat Flour,89,1933,2095,2014,5/8/2021,Grade A,Medium,High,Wholesale,Winter
Dhaka,Dhaka,Karwan Bazar,Wheat,BARI Gom-33,Wheat Flour,691,3842,4162,4002,10/12/2023,Grade C,Medium,Low,Retail,Winter
Khulna,Khulna,Khulna New Market,Wheat,BARI Gom-33,Wheat Flour,6,6380,6912,6646,2/28/2022,Grade A,Medium,Low,Retail,Winter
Rajshahi,Naogaon,Naogaon Sadar Market,Wheat,BARI Gom-33,Wheat Flour,160,4685,5075,4880,10/3/2022,Grade B,Low,High,Wholesale,Winter
Chattogram,Noakhali,Maijdee Bazar,Wheat,BARI Gom-33,Wheat Flour,2,795,861,828,9/15/2020,Grade C,Low,Medium,Retail,Winter
Chattogram,Chattogram,Agrabad Market,Wheat,BARI Gom-33,Wheat Flour,60,3803,4119,3961,6/20/2024,Grade C,Medium,Medium,Wholesale,Winter
Dhaka,Narayanganj,Chashara Market,Wheat,BARI Gom-33,Wheat Flour,15,1413,1531,1472,9/16/2020,Grade C,High,High,Retail,Winter
Chattogram,Noakhali,Maijdee Bazar,Wheat,BARI Gom-33,Wheat Flour,6,1501,1627,1564,9/7/2021,Grade C,Medium,Low,Retail,Winter
Dhaka,Gazipur,Joydebpur Market,Wheat,BARI Gom-33,Wheat Flour,106,9648,10452,10050,8/12/2023,Grade B,Medium,Low,Wholesale,Winter
Dhaka,Manikganj,Manikganj Bazar,Wheat,BARI Gom-33,Wheat Flour,4,7968,8632,8300,7/27/2021,Grade B,Medium,Medium,Retail,Winter
Dhaka,Tangail,Tangail Sadar Market,Wheat,BARI Gom-33,Wheat Flour,13,8700,9424,9062,1/20/2022,Grade C,High,High,Wholesale,Winter
Dhaka,Gazipur,Joydebpur Market,Wheat,BARI Gom-33,Wheat Flour,2,1661,1799,1730,6/5/2021,Premium,Medium,Low,Retail,Winter
Dhaka,Tangail,Tangail Sadar Market,Wheat,BARI Gom-33,Wheat Flour,144,4560,4940,4750,2/24/2021,Grade B,Low,Low,Wholesale,Winter
Chattogram,Noakhali,Maijdee Bazar,Wheat,BARI Gom-33,Wheat Flour,66.6,2646,2866,2756,4/13/2024,Grade A,Medium,Low,Wholesale,Winter
Barishal,Bhola,Bhola Bazar,Wheat,BARI Gom-33,Wheat Flour,5,9718,10528,10123,7/20/2023,Grade A,Medium,Medium,Wholesale,Winter
Dhaka,Gazipur,Joydebpur Market,Wheat,BARI Gom-33,Wheat Flour,226,7553,8183,7868,3/26/2022,Premium,High,Low,Retail,Winter
Rajshahi,Pabna,Pabna Sadar Market,Wheat,BARI Gom-33,Wheat Flour,150,3485,3775,3630,9/24/2020,Grade B,Low,High,Retail,Winter
Dhaka,Narayanganj,Chashara Market,Wheat,BARI Gom-33,Wheat Flour,599,5279,5719,5499,1/7/2023,Grade A,High,High,Retail,Winter
Dhaka,Tangail,Tangail Sadar Market,Wheat,BARI Gom-33,Wheat Flour,75,6336,6864,6600,3/9/2021,Grade B,Medium,Medium,Retail,Winter
Barishal,Patuakhali,Patuakhali Sadar Market,Wheat,BARI Gom-33,Wheat Flour,7,6279,6803,6541,9/18/2020,Grade A,Medium,High,Retail,Winter
Chattogram,Chattogram,Agrabad Market,Wheat,BARI Gom-33,Wheat Flour,23,1524,1650,1587,10/1/2021,Grade C,High,High,Wholesale,Winter
Barishal,Patuakhali,Patuakhali Sadar Market,Wheat,BARI Gom-33,Wheat Flour,46,6881,7455,7168,2/24/2021,Premium,High,Medium,Retail,Winter
Dhaka,Tangail,Tangail Sadar Market,Wheat,BARI Gom-33,Wheat Flour,120,5432,5884,5658,4/19/2023,Premium,High,Medium,Wholesale,Winter
Dhaka,Manikganj,Manikganj Bazar,Wheat,BARI Gom-33,Wheat Flour,52,6960,7540,7250,2/20/2023,Grade B,High,Medium,Retail,Winter
Khulna,Kushtia,Kushtia Boro Bazar,Wheat,BARI Gom-33,Wheat Flour,7,5964,6460,6212,2/8/2022,Grade A,Medium,Medium,Wholesale,Winter
Chattogram,Feni,Feni Sadar Market,Wheat,BARI Gom-33,Wheat Flour,8,5652,6124,5888,6/1/2021,Grade C,Low,Low,Wholesale,Winter
Barishal,Bhola,Bhola Bazar,Wheat,BARI Gom-33,Wheat Flour,29,5451,5905,5678,3/2/2023,Premium,Low,Medium,Retail,Winter
Dhaka,Dhaka,Karwan Bazar,Wheat,BARI Gom-33,Wheat Flour,18,2208,2392,2300,8/19/2023,Grade B,Medium,Medium,Wholesale,Winter
Khulna,Khulna,Khulna New Market,Wheat,BARI Gom-33,Wheat Flour,23,4477,4851,4664,7/22/2020,Grade A,Medium,Medium,Retail,Winter
Dhaka,Dhaka,Karwan Bazar,Wheat,BARI Gom-33,Wheat Flour,266.5,11397,12347,11872,5/8/2024,Grade A,Low,Medium,Retail,Winter
Barishal,Patuakhali,Patuakhali Sadar Market,Wheat,BARI Gom-33,Wheat Flour,26,3856,4178,4017,9/2/2020,Grade A,Low,Medium,Wholesale,Winter
Dhaka,Manikganj,Manikganj Bazar,Wheat,BARI Gom-33,Wheat Flour,5,2031,2201,2116,11/9/2022,Grade C,Low,Medium,Wholesale,Winter
Barishal,Barishal,Nathullabad Market,Wheat,BARI Gom-33,Wheat Flour,51,4416,4784,4600,5/30/2020,Grade C,High,High,Wholesale,Winter
Dhaka,Gazipur,Joydebpur Market,Wheat,BARI Gom-33,Wheat Flour,2.8,2697,2921,2809,8/1/2024,Grade A,Medium,High,Wholesale,Winter
Dhaka,Narayanganj,Chashara Market,Wheat,BARI Gom-33,Wheat Flour,400,9408,10192,9800,2/23/2024,Grade B,Medium,Medium,Wholesale,Winter
Chattogram,Cox's Bazar,Cox's Bazar Market,Wheat,BARI Gom-33,Wheat Flour,20,3422,3708,3565,2/11/2020,Grade B,Low,Medium,Retail,Winter
Barishal,Bhola,Bhola Bazar,Wheat,BARI Gom-33,Wheat Flour,2,11194,12126,11660,9/13/2024,Grade A,Medium,High,Retail,Winter
Dhaka,Gazipur,Joydebpur Market,Wheat,BARI Gom-33,Wheat Flour,12,5342,5788,5565,12/31/2022,Grade A,Medium,Medium,Retail,Winter
Dhaka,Gazipur,Joydebpur Market,Wheat,BARI Gom-33,Wheat Flour,10,5749,6229,5989,11/15/2021,Grade A,Medium,Medium,Wholesale,Winter
Khulna,Jashore,Jashore Bazar,Wheat,BARI Gom-33,Wheat Flour,26,3511,3803,3657,12/18/2020,Grade A,Low,Medium,Wholesale,Winter
Dhaka,Manikganj,Manikganj Bazar,Wheat,BARI Gom-33,Wheat Flour,181,6131,6641,6386,4/18/2022,Grade A,Medium,Medium,Retail,Winter
Barishal,Patuakhali,Patuakhali Sadar Market,Wheat,BARI Gom-33,Wheat Flour,3.9,2059,2231,2145,7/3/2024,Grade C,Low,Medium,Wholesale,Winter
Dhaka,Narayanganj,Chashara Market,Wheat,BARI Gom-33,Wheat Flour,7,2376,2574,2475,10/18/2022,Grade B,Medium,High,Retail,Winter
Rajshahi,Bogura,Satmatha Market,Wheat,BARI Gom-33,Wheat Flour,27,1236,1340,1288,12/22/2020,Grade C,Low,Medium,Wholesale,Winter
Rajshahi,Pabna,Pabna Sadar Market,Wheat,BARI Gom-33,Wheat Flour,135,7428,8048,7738,9/28/2022,Grade A,Medium,High,Retail,Winter
Barishal,Patuakhali,Patuakhali Sadar Market,Wheat,BARI Gom-33,Wheat Flour,2,5988,6488,6238,11/30/2021,Grade A,High,Medium,Retail,Winter
Khulna,Satkhira,Satkhira Market,Wheat,BARI Gom-33,Wheat Flour,37.6,2208,2392,2300,4/1/2024,Grade B,High,Medium,Wholesale,Winter
Rajshahi,Rajshahi,Shaheb Bazar,Wheat,BARI Gom-33,Wheat Flour,12,2363,2559,2461,11/22/2022,Grade C,High,Medium,Wholesale,Winter
Khulna,Satkhira,Satkhira Market,Wheat,BARI Gom-33,Wheat Flour,4,4630,5016,4823,3/8/2021,Grade A,Medium,High,Wholesale,Winter
Chattogram,Cox's Bazar,Cox's Bazar Market,Wheat,BARI Gom-33,Wheat Flour,5,2381,2579,2480,1/19/2023,Grade B,Low,Low,Wholesale,Winter
Dhaka,Tangail,Tangail Sadar Market,Wheat,BARI Gom-33,Wheat Flour,22,2016,2184,2100,4/20/2022,Grade B,High,Low,Wholesale,Winter
Dhaka,Gazipur,Joydebpur Market,Wheat,BARI Gom-33,Wheat Flour,20,2391,2591,2491,5/8/2024,Grade A,Low,High,Wholesale,Winter
Chattogram,Cumilla,Kandirpar Market,Wheat,BARI Gom-33,Wheat Flour,35.4,11087,12011,11549,7/16/2024,Grade A,High,Medium,Retail,Winter
Chattogram,Noakhali,Maijdee Bazar,Wheat,BARI Gom-33,Wheat Flour,60,11855,12843,12349,6/8/2024,Grade A,High,Low,Retail,Winter
Barishal,Bhola,Bhola Bazar,Wheat,BARI Gom-33,Wheat Flour,13,1850,2004,1927,3/1/2023,Grade C,High,High,Wholesale,Winter
Chattogram,Cumilla,Kandirpar Market,Wheat,BARI Gom-33,Wheat Flour,210,5578,6042,5810,11/30/2021,Grade B,Medium,High,Retail,Winter
Dhaka,Tangail,Tangail Sadar Market,Wheat,BARI Gom-33,Wheat Flour,130,5167,5597,5382,6/29/2020,Grade C,Low,High,Retail,Winter
Dhaka,Tangail,Tangail Sadar Market,Wheat,BARI Gom-33,Wheat Flour,104,8602,9318,8960,8/5/2022,Premium,Medium,Medium,Wholesale,Winter
Dhaka,Tangail,Tangail Sadar Market,Wheat,BARI Gom-33,Wheat Flour,78,10698,11590,11144,11/16/2024,Premium,Medium,High,Wholesale,Winter
Barishal,Barishal,Nathullabad Market,Wheat,BARI Gom-33,Wheat Flour,26,5851,6339,6095,7/3/2021,Grade A,Medium,Low,Wholesale,Winter
Chattogram,Cumilla,Kandirpar Market,Wheat,BARI Gom-33,Wheat Flour,70,8451,9155,8803,4/17/2023,Grade A,Medium,Medium,Retail,Winter
Dhaka,Manikganj,Manikganj Bazar,Wheat,BARI Gom-33,Wheat Flour,1,1577,1709,1643,7/8/2022,Grade A,Low,Low,Retail,Winter
Barishal,Barishal,Nathullabad Market,Wheat,BARI Gom-33,Wheat Flour,29,6492,7034,6763,5/19/2021,Grade A,High,Medium,Wholesale,Winter
Dhaka,Dhaka,Karwan Bazar,Wheat,BARI Gom-33,Wheat Flour,8,2459,2663,2561,7/8/2022,Premium,Medium,Medium,Wholesale,Winter
Rajshahi,Naogaon,Naogaon Sadar Market,Wheat,BARI Gom-33,Wheat Flour,300,5113,5539,5326,4/15/2023,Grade A,Low,High,Retail,Winter
Rajshahi,Bogura,Satmatha Market,Wheat,BARI Gom-33,Wheat Flour,150,5693,6167,5930,4/27/2022,Grade B,Low,Low,Retail,Winter
Dhaka,Narayanganj,Chashara Market,Wheat,BARI Gom-33,Wheat Flour,2,4167,4515,4341,12/28/2023,Grade C,Medium,Medium,Retail,Winter
Dhaka,Narayanganj,Chashara Market,Wheat,BARI Gom-33,Wheat Flour,104,9336,10114,9725,6/20/2023,Grade B,Low,Low,Wholesale,Winter
Dhaka,Gazipur,Joydebpur Market,Wheat,BARI Gom-33,Wheat Flour,120,8497,9205,8851,4/25/2023,Grade A,High,Low,Wholesale,Winter
Dhaka,Narayanganj,Chashara Market,Wheat,BARI Gom-33,Wheat Flour,10,1296,1404,1350,1/24/2022,Grade B,Medium,Low,Wholesale,Winter
Dhaka,Gazipur,Joydebpur Market,Wheat,BARI Gom-33,Wheat Flour,112,3852,4174,4013,10/11/2022,Grade C,Low,Low,Retail,Winter
Chattogram,Cumilla,Kandirpar Market,Wheat,BARI Gom-33,Wheat Flour,9,3024,3276,3150,11/4/2022,Grade B,Medium,Medium,Retail,Winter
Barishal,Bhola,Bhola Bazar,Wheat,BARI Gom-33,Wheat Flour,17,9301,10077,9689,2/8/2024,Grade A,Medium,Medium,Retail,Winter
Khulna,Kushtia,Kushtia Boro Bazar,Wheat,BARI Gom-33,Wheat Flour,55.5,3533,3827,3680,10/23/2024,Grade C,High,Low,Retail,Winter
Khulna,Satkhira,Satkhira Market,Wheat,BARI Gom-33,Wheat Flour,31,4460,4832,4646,1/28/2023,Grade C,Low,Low,Retail,Winter
Dhaka,Manikganj,Manikganj Bazar,Wheat,BARI Gom-33,Wheat Flour,50,2043,2213,2128,5/2/2024,Premium,Medium,Low,Retail,Winter
Dhaka,Tangail,Tangail Sadar Market,Wheat,BARI Gom-33,Wheat Flour,140,5597,6063,5830,1/28/2020,Grade A,Medium,Medium,Wholesale,Winter
Barishal,Bhola,Bhola Bazar,Wheat,BARI Gom-33,Wheat Flour,86,5016,5434,5225,12/19/2022,Grade B,High,Medium,Retail,Winter
Khulna,Jashore,Jashore Bazar,Wheat,BARI Gom-33,Wheat Flour,14,11397,12347,11872,4/29/2022,Grade A,Medium,Low,Wholesale,Winter
Barishal,Patuakhali,Patuakhali Sadar Market,Wheat,BARI Gom-33,Wheat Flour,40,3745,4057,3901,1/3/2020,Grade B,Medium,Medium,Retail,Winter
Barishal,Patuakhali,Patuakhali Sadar Market,Wheat,BARI Gom-33,Wheat Flour,28.4,4098,4440,4269,8/5/2024,Grade A,Medium,High,Retail,Winter
Dhaka,Narayanganj,Chashara Market,Wheat,BARI Gom-33,Wheat Flour,10.55,4317,4677,4497,7/5/2023,Grade C,Medium,Low,Retail,Winter
Chattogram,Feni,Feni Sadar Market,Wheat,BARI Gom-33,Wheat Flour,4,3235,3505,3370,6/16/2020,Grade B,Medium,Low,Retail,Winter
Dhaka,Manikganj,Manikganj Bazar,Wheat,BARI Gom-33,Wheat Flour,20,5186,5618,5402,7/14/2022,Grade C,Medium,Medium,Retail,Winter
Dhaka,Narayanganj,Chashara Market,Wheat,BARI Gom-33,Wheat Flour,4,6935,7513,7224,5/5/2021,Premium,Low,High,Retail,Winter
Dhaka,Dhaka,Karwan Bazar,Wheat,BARI Gom-33,Wheat Flour,160,3974,4306,4140,1/15/2024,Grade C,Medium,Medium,Retail,Winter
Barishal,Barishal,Nathullabad Market,Wheat,BARI Gom-33,Wheat Flour,21,2035,2205,2120,4/11/2023,Grade B,Medium,Low,Retail,Winter
Barishal,Bhola,Bhola Bazar,Wheat,BARI Gom-33,Wheat Flour,60,5393,5843,5618,12/10/2022,Grade A,Medium,Low,Wholesale,Winter
Dhaka,Tangail,Tangail Sadar Market,Wheat,BARI Gom-33,Wheat Flour,24,4800,5200,5000,11/15/2021,Grade B,Medium,High,Wholesale,Winter
Khulna,Khulna,Khulna New Market,Wheat,BARI Gom-33,Wheat Flour,38,2231,2417,2324,3/5/2023,Premium,Medium,Low,Wholesale,Winter
Barishal,Barishal,Nathullabad Market,Wheat,BARI Gom-33,Wheat Flour,34.7,4099,4441,4270,6/15/2024,Grade A,Medium,Medium,Wholesale,Winter
Dhaka,Dhaka,Karwan Bazar,Wheat,BARI Gom-33,Wheat Flour,40,6253,6775,6514,6/20/2022,Grade A,Medium,Low,Retail,Winter
Barishal,Bhola,Bhola Bazar,Wheat,BARI Gom-33,Wheat Flour,69,4192,4542,4367,1/13/2020,Grade A,High,Low,Wholesale,Winter
Dhaka,Gazipur,Joydebpur Market,Wheat,BARI Gom-33,Wheat Flour,3,6138,6650,6394,3/23/2022,Grade C,High,Medium,Wholesale,Winter
Dhaka,Tangail,Tangail Sadar Market,Wheat,BARI Gom-33,Wheat Flour,88.8,11779,12761,12270,7/4/2024,Grade A,High,Low,Wholesale,Winter
Dhaka,Dhaka,Karwan Bazar,Wheat,BARI Gom-33,Wheat Flour,578,4984,5400,5192,12/26/2023,Premium,Medium,Medium,Retail,Winter
Khulna,Satkhira,Satkhira Market,Wheat,BARI Gom-33,Wheat Flour,11,4849,5253,5051,7/15/2023,Premium,Medium,Medium,Retail,Winter
Khulna,Jashore,Jashore Bazar,Wheat,BARI Gom-33,Wheat Flour,86,6989,7571,7280,2/9/2021,Premium,Medium,High,Retail,Winter
Chattogram,Feni,Feni Sadar Market,Wheat,BARI Gom-33,Wheat Flour,57,2849,3087,2968,4/5/2023,Grade A,High,Low,Wholesale,Winter
Chattogram,Noakhali,Maijdee Bazar,Wheat,BARI Gom-33,Wheat Flour,80,1565,1695,1630,3/8/2021,Grade B,Low,Low,Retail,Winter
Dhaka,Dhaka,Karwan Bazar,Wheat,BARI Gom-33,Wheat Flour,150,12365,13395,12880,4/8/2024,Premium,Medium,Low,Retail,Winter
Dhaka,Tangail,Tangail Sadar Market,Wheat,BARI Gom-33,Wheat Flour,10,3552,3848,3700,12/31/2020,Grade C,High,High,Wholesale,Winter
Rajshahi,Pabna,Pabna Sadar Market,Wheat,BARI Gom-33,Wheat Flour,1,1126,1220,1173,8/21/2021,Grade C,Low,Medium,Wholesale,Winter
Rajshahi,Bogura,Satmatha Market,Wheat,BARI Gom-33,Wheat Flour,35,1532,1660,1596,1/18/2021,Grade C,Medium,Medium,Retail,Winter
Chattogram,Cumilla,Kandirpar Market,Wheat,BARI Gom-33,Wheat Flour,170.8,4411,4779,4595,9/28/2024,Grade B,Medium,Low,Wholesale,Winter
Khulna,Khulna,Khulna New Market,Wheat,BARI Gom-33,Wheat Flour,5,5338,5782,5560,6/7/2022,Grade B,High,High,Wholesale,Winter
Khulna,Khulna,Khulna New Market,Wheat,BARI Gom-33,Wheat Flour,361,4944,5356,5150,2/6/2020,Grade B,High,High,Retail,Winter
Khulna,Satkhira,Satkhira Market,Wheat,BARI Gom-33,Wheat Flour,29,3840,4160,4000,3/1/2024,Grade B,Medium,Low,Wholesale,Winter
Dhaka,Tangail,Tangail Sadar Market,Wheat,BARI Gom-33,Wheat Flour,1,6094,6602,6348,12/12/2022,Grade C,Medium,High,Retail,Winter
Khulna,Kushtia,Kushtia Boro Bazar,Wheat,BARI Gom-33,Wheat Flour,27,4063,4401,4232,12/20/2023,Grade C,High,Low,Retail,Winter
Barishal,Patuakhali,Patuakhali Sadar Market,Wheat,BARI Gom-33,Wheat Flour,19.4,3980,4312,4146,7/1/2024,Grade B,High,High,Retail,Winter
Khulna,Jashore,Jashore Bazar,Wheat,BARI Gom-33,Wheat Flour,3,7872,8528,8200,4/26/2023,Grade B,Low,Low,Retail,Winter
Chattogram,Feni,Feni Sadar Market,Wheat,BARI Gom-33,Wheat Flour,1,1055,1143,1099,7/12/2021,Grade A,High,Medium,Retail,Winter
Dhaka,Narayanganj,Chashara Market,Wheat,BARI Gom-33,Wheat Flour,177,2544,2756,2650,5/8/2023,Grade A,Low,Low,Retail,Winter
Barishal,Patuakhali,Patuakhali Sadar Market,Wheat,BARI Gom-33,Wheat Flour,3.7,11042,11962,11502,6/28/2024,Grade B,High,Low,Retail,Winter
Barishal,Bhola,Bhola Bazar,Wheat,BARI Gom-33,Wheat Flour,2.2,1992,2158,2075,8/5/2024,Grade C,Low,High,Retail,Winter
Dhaka,Dhaka,Karwan Bazar,Wheat,BARI Gom-33,Wheat Flour,3,2568,2782,2675,12/12/2023,Grade B,High,High,Retail,Winter
Khulna,Jashore,Jashore Bazar,Wheat,BARI Gom-33,Wheat Flour,79.5,4408,4776,4592,10/21/2024,Premium,Medium,Medium,Retail,Winter
Khulna,Kushtia,Kushtia Boro Bazar,Wheat,BARI Gom-33,Wheat Flour,21,5299,5741,5520,1/18/2022,Grade C,High,Medium,Wholesale,Winter
Barishal,Bhola,Bhola Bazar,Wheat,BARI Gom-33,Wheat Flour,22,10901,11809,11355,4/22/2024,Grade A,High,Low,Wholesale,Winter
Chattogram,Feni,Feni Sadar Market,Wheat,BARI Gom-33,Wheat Flour,135,4099,4441,4270,1/18/2021,Grade B,High,Low,Retail,Winter
Dhaka,Dhaka,Karwan Bazar,Wheat,BARI Gom-33,Wheat Flour,4,4560,4940,4750,7/18/2023,Grade B,Low,High,Retail,Winter
Dhaka,Tangail,Tangail Sadar Market,Wheat,BARI Gom-33,Wheat Flour,1,9120,9880,9500,11/23/2023,Grade B,Low,Low,Retail,Winter
Dhaka,Dhaka,Karwan Bazar,Wheat,BARI Gom-33,Wheat Flour,9.8,4128,4472,4300,3/15/2024,Grade B,High,Medium,Wholesale,Winter
Rajshahi,Bogura,Satmatha Market,Wheat,BARI Gom-33,Wheat Flour,1.5,2213,2397,2305,9/12/2024,Grade B,Medium,High,Retail,Winter
Dhaka,Dhaka,Karwan Bazar,Wheat,BARI Gom-33,Wheat Flour,11,6096,6604,6350,11/28/2022,Grade B,High,Low,Retail,Winter
Rajshahi,Pabna,Pabna Sadar Market,Wheat,BARI Gom-33,Wheat Flour,700,4368,4732,4550,10/21/2023,Grade B,Medium,Low,Wholesale,Winter
Dhaka,Dhaka,Karwan Bazar,Wheat,BARI Gom-33,Wheat Flour,63.3,4032,4368,4200,10/11/2024,Grade B,Medium,Low,Wholesale,Winter
Khulna,Kushtia,Kushtia Boro Bazar,Wheat,BARI Gom-33,Wheat Flour,26,5902,6394,6148,3/27/2021,Grade A,Medium,High,Retail,Winter
Khulna,Khulna,Khulna New Market,Wheat,BARI Gom-33,Wheat Flour,28,4992,5408,5200,11/27/2021,Grade B,Low,Low,Wholesale,Winter
Khulna,Satkhira,Satkhira Market,Wheat,BARI Gom-33,Wheat Flour,77,7937,8599,8268,4/28/2023,Grade A,High,Medium,Retail,Winter
Chattogram,Cox's Bazar,Cox's Bazar Market,Wheat,BARI Gom-33,Wheat Flour,333,4704,5096,4900,4/25/2023,Grade B,High,Low,Retail,Winter
Rajshahi,Pabna,Pabna Sadar Market,Wheat,BARI Gom-33,Wheat Flour,200,4090,4430,4260,9/27/2023,Grade C,Low,Low,Wholesale,Winter
Dhaka,Manikganj,Manikganj Bazar,Wheat,BARI Gom-33,Wheat Flour,1.9,2208,2392,2300,10/18/2024,Grade B,High,Low,Wholesale,Winter
Chattogram,Chattogram,Agrabad Market,Wheat,BARI Gom-33,Wheat Flour,83,6096,6604,6350,9/3/2021,Grade B,Low,High,Retail,Winter
Chattogram,Chattogram,Agrabad Market,Wheat,BARI Gom-33,Wheat Flour,5,1196,1296,1246,11/24/2021,Grade A,Medium,Low,Retail,Winter
Chattogram,Feni,Feni Sadar Market,Wheat,BARI Gom-33,Wheat Flour,59.8,2417,2619,2518,3/14/2024,Grade A,Medium,Low,Retail,Winter
Khulna,Satkhira,Satkhira Market,Wheat,BARI Gom-33,Wheat Flour,8.5,3533,3827,3680,3/18/2024,Grade C,Medium,Low,Wholesale,Winter
Chattogram,Feni,Feni Sadar Market,Wheat,BARI Gom-33,Wheat Flour,5,1567,1697,1632,2/18/2021,Grade A,High,Medium,Retail,Winter
Dhaka,Dhaka,Karwan Bazar,Wheat,BARI Gom-33,Wheat Flour,53,7536,8164,7850,3/8/2023,Grade B,Medium,High,Retail,Winter
Barishal,Barishal,Nathullabad Market,Wheat,BARI Gom-33,Wheat Flour,20,6144,6656,6400,7/30/2021,Grade B,Medium,Medium,Retail,Winter
Dhaka,Manikganj,Manikganj Bazar,Wheat,BARI Gom-33,Wheat Flour,18,1104,1196,1150,11/1/2021,Grade B,Medium,Medium,Wholesale,Winter
Dhaka,Dhaka,Karwan Bazar,Wheat,BARI Gom-33,Wheat Flour,3,3888,4212,4050,8/21/2024,Grade B,High,Medium,Wholesale,Winter
Dhaka,Tangail,Tangail Sadar Market,Wheat,BARI Gom-33,Wheat Flour,52,5268,5708,5488,11/30/2023,Premium,Medium,Low,Wholesale,Winter
Rajshahi,Bogura,Satmatha Market,Wheat,BARI Gom-33,Wheat Flour,590,2266,2454,2360,2/22/2024,Grade B,High,High,Retail,Winter
Rajshahi,Naogaon,Naogaon Sadar Market,Wheat,BARI Gom-33,Wheat Flour,280,5159,5589,5374,6/10/2020,Grade A,High,High,Retail,Winter
Barishal,Bhola,Bhola Bazar,Wheat,BARI Gom-33,Wheat Flour,114,5652,6124,5888,12/6/2021,Grade C,Low,Medium,Wholesale,Winter
Dhaka,Narayanganj,Chashara Market,Wheat,BARI Gom-33,Wheat Flour,34,2400,2600,2500,7/17/2023,Grade B,Medium,High,Retail,Winter
Dhaka,Tangail,Tangail Sadar Market,Wheat,BARI Gom-33,Wheat Flour,2,5308,5750,5529,7/30/2022,Grade C,High,Medium,Retail,Winter
Dhaka,Dhaka,Karwan Bazar,Wheat,BARI Gom-33,Wheat Flour,5,5107,5533,5320,1/1/2024,Premium,High,High,Wholesale,Winter
Dhaka,Manikganj,Manikganj Bazar,Wheat,BARI Gom-33,Wheat Flour,7,3903,4229,4066,9/23/2022,Grade C,Medium,High,Retail,Winter
Chattogram,Feni,Feni Sadar Market,Wheat,BARI Gom-33,Wheat Flour,75,5444,5898,5671,5/26/2020,Grade A,Low,Medium,Wholesale,Winter
Chattogram,Cumilla,Kandirpar Market,Wheat,BARI Gom-33,Wheat Flour,415,4574,4956,4765,10/29/2021,Grade B,Medium,Medium,Wholesale,Winter
Dhaka,Narayanganj,Chashara Market,Wheat,BARI Gom-33,Wheat Flour,100,3408,3692,3550,11/7/2020,Grade B,High,Low,Wholesale,Winter
Chattogram,Chattogram,Agrabad Market,Wheat,BARI Gom-33,Wheat Flour,5,1946,2108,2027,12/20/2021,Premium,High,Medium,Retail,Winter
Dhaka,Gazipur,Joydebpur Market,Wheat,BARI Gom-33,Wheat Flour,24,9667,10473,10070,2/5/2024,Grade A,Medium,Medium,Wholesale,Winter
Chattogram,Noakhali,Maijdee Bazar,Wheat,BARI Gom-33,Wheat Flour,3,2148,2326,2237,1/9/2020,Grade A,Medium,Low,Retail,Winter
Barishal,Patuakhali,Patuakhali Sadar Market,Wheat,BARI Gom-33,Wheat Flour,3,5232,5668,5450,12/30/2021,Grade B,Medium,Medium,Retail,Winter
Dhaka,Manikganj,Manikganj Bazar,Wheat,BARI Gom-33,Wheat Flour,24.2,8479,9185,8832,5/17/2024,Grade C,High,High,Wholesale,Winter
Chattogram,Chattogram,Agrabad Market,Wheat,BARI Gom-33,Wheat Flour,5,1104,1196,1150,2/29/2020,Grade B,Medium,Medium,Wholesale,Winter
Khulna,Jashore,Jashore Bazar,Wheat,BARI Gom-33,Wheat Flour,17,4416,4784,4600,2/14/2023,Grade C,High,Medium,Wholesale,Winter
Chattogram,Cumilla,Kandirpar Market,Wheat,BARI Gom-33,Wheat Flour,4,2568,2782,2675,1/5/2024,Grade B,Medium,Low,Retail,Winter
Dhaka,Tangail,Tangail Sadar Market,Wheat,BARI Gom-33,Wheat Flour,10,1883,2039,1961,6/22/2023,Grade A,Medium,Low,Wholesale,Winter
Barishal,Bhola,Bhola Bazar,Wheat,BARI Gom-33,Wheat Flour,95,5075,5497,5286,5/16/2023,Premium,High,Medium,Retail,Winter
Dhaka,Manikganj,Manikganj Bazar,Wheat,BARI Gom-33,Wheat Flour,24,5699,6173,5936,1/25/2021,Grade A,Medium,High,Wholesale,Winter
Khulna,Jashore,Jashore Bazar,Wheat,BARI Gom-33,Wheat Flour,2,3984,4316,4150,5/31/2024,Grade B,Low,Medium,Wholesale,Winter
Rajshahi,Pabna,Pabna Sadar Market,Wheat,BARI Gom-33,Wheat Flour,175,7728,8372,8050,3/23/2023,Grade B,Medium,Medium,Wholesale,Winter
Chattogram,Feni,Feni Sadar Market,Wheat,BARI Gom-33,Wheat Flour,23,2059,2231,2145,5/18/2023,Grade B,High,High,Wholesale,Winter
Khulna,Jashore,Jashore Bazar,Wheat,BARI Gom-33,Wheat Flour,6,7225,7827,7526,5/7/2021,Grade A,Medium,Medium,Wholesale,Winter
Dhaka,Narayanganj,Chashara Market,Wheat,BARI Gom-33,Wheat Flour,6,5902,6394,6148,7/13/2021,Grade A,Medium,Medium,Retail,Winter
Chattogram,Chattogram,Agrabad Market,Wheat,BARI Gom-33,Wheat Flour,220,9206,9974,9590,2/5/2024,Grade B,High,Medium,Wholesale,Winter
Dhaka,Manikganj,Manikganj Bazar,Wheat,BARI Gom-33,Wheat Flour,65,4579,4961,4770,10/22/2021,Grade A,High,Low,Wholesale,Winter
Khulna,Jashore,Jashore Bazar,Wheat,BARI Gom-33,Wheat Flour,2.5,3709,4019,3864,6/24/2024,Grade C,Medium,Medium,Retail,Winter
Chattogram,Cumilla,Kandirpar Market,Wheat,BARI Gom-33,Wheat Flour,60,4895,5303,5099,12/2/2023,Grade A,Medium,Medium,Retail,Winter
Dhaka,Manikganj,Manikganj Bazar,Wheat,BARI Gom-33,Wheat Flour,1,6276,6798,6537,9/29/2020,Grade B,Medium,Medium,Wholesale,Winter
Rajshahi,Rajshahi,Shaheb Bazar,Wheat,BARI Gom-33,Wheat Flour,165,6461,6999,6730,4/6/2021,Grade B,Medium,High,Wholesale,Winter
Rajshahi,Naogaon,Naogaon Sadar Market,Wheat,BARI Gom-33,Wheat Flour,380,1775,1923,1849,2/28/2023,Grade C,Medium,Medium,Wholesale,Winter
Chattogram,Cumilla,Kandirpar Market,Wheat,BARI Gom-33,Wheat Flour,11,6590,7140,6865,12/28/2022,Grade B,Low,Low,Retail,Winter
Dhaka,Tangail,Tangail Sadar Market,Wheat,BARI Gom-33,Wheat Flour,11,3968,4298,4133,2/1/2020,Premium,Medium,Medium,Wholesale,Winter
Dhaka,Manikganj,Manikganj Bazar,Wheat,BARI Gom-33,Wheat Flour,1,2164,2344,2254,10/29/2023,Grade C,Low,High,Retail,Winter
Barishal,Barishal,Nathullabad Market,Wheat,BARI Gom-33,Wheat Flour,4,9027,9779,9403,6/24/2023,Grade A,Medium,Medium,Wholesale,Winter
Chattogram,Noakhali,Maijdee Bazar,Wheat,BARI Gom-33,Wheat Flour,24,2117,2293,2205,3/1/2023,Grade A,Low,Medium,Wholesale,Winter
Barishal,Barishal,Nathullabad Market,Wheat,BARI Gom-33,Wheat Flour,13,4808,5208,5008,7/18/2023,Grade A,Medium,Medium,Wholesale,Winter
Rajshahi,Bogura,Satmatha Market,Wheat,BARI Gom-33,Wheat Flour,170,4231,4583,4407,10/7/2022,Grade C,High,Medium,Wholesale,Winter
Dhaka,Manikganj,Manikganj Bazar,Wheat,BARI Gom-33,Wheat Flour,4.7,10080,10920,10500,5/6/2024,Grade B,Medium,Medium,Retail,Winter
Barishal,Barishal,Nathullabad Market,Wheat,BARI Gom-33,Wheat Flour,25,4820,5222,5021,7/31/2023,Grade A,Medium,Medium,Retail,Winter
Rajshahi,Naogaon,Naogaon Sadar Market,Wheat,BARI Gom-33,Wheat Flour,500,6334,6862,6598,12/8/2021,Grade A,Low,Medium,Retail,Winter
Chattogram,Feni,Feni Sadar Market,Wheat,BARI Gom-33,Wheat Flour,5,1634,1770,1702,10/23/2021,Grade C,Medium,Medium,Wholesale,Winter
Dhaka,Tangail,Tangail Sadar Market,Wheat,BARI Gom-33,Wheat Flour,1,2256,2444,2350,1/30/2023,Grade B,High,Low,Retail,Winter
Barishal,Barishal,Nathullabad Market,Wheat,BARI Gom-33,Wheat Flour,18,4107,4449,4278,7/18/2023,Grade C,High,Medium,Retail,Winter
Chattogram,Cox's Bazar,Cox's Bazar Market,Wheat,BARI Gom-33,Wheat Flour,2,922,998,960,7/16/2020,Grade B,Low,Medium,Wholesale,Winter
Dhaka,Manikganj,Manikganj Bazar,Wheat,BARI Gom-33,Wheat Flour,1,9715,10525,10120,9/29/2023,Grade C,High,High,Wholesale,Winter
Dhaka,Dhaka,Karwan Bazar,Wheat,BARI Gom-33,Wheat Flour,80,4372,4736,4554,5/11/2023,Grade C,Medium,Medium,Wholesale,Winter
Khulna,Satkhira,Satkhira Market,Wheat,BARI Gom-33,Wheat Flour,17,5800,6284,6042,7/11/2022,Grade A,Medium,High,Wholesale,Winter
Rajshahi,Bogura,Satmatha Market,Wheat,BARI Gom-33,Wheat Flour,150,6284,6808,6546,6/29/2022,Grade A,Medium,Medium,Wholesale,Winter
Chattogram,Cumilla,Kandirpar Market,Wheat,BARI Gom-33,Wheat Flour,2,914,990,952,6/18/2020,Premium,Medium,Medium,Retail,Winter
Khulna,Khulna,Khulna New Market,Wheat,BARI Gom-33,Wheat Flour,13,6106,6614,6360,3/22/2021,Grade A,Low,Medium,Retail,Winter
Dhaka,Tangail,Tangail Sadar Market,Wheat,BARI Gom-33,Wheat Flour,219,4632,5018,4825,9/2/2023,Grade B,Medium,Medium,Wholesale,Winter
Dhaka,Narayanganj,Chashara Market,Wheat,BARI Gom-33,Wheat Flour,5,1425,1543,1484,3/4/2020,Grade A,Medium,Medium,Retail,Winter
Dhaka,Dhaka,Karwan Bazar,Wheat,BARI Gom-33,Wheat Flour,18,3663,3969,3816,6/5/2020,Grade A,Medium,Low,Wholesale,Winter
Khulna,Jashore,Jashore Bazar,Wheat,BARI Gom-33,Wheat Flour,16,4848,5252,5050,1/27/2023,Grade B,Medium,Low,Wholesale,Winter
Chattogram,Cumilla,Kandirpar Market,Wheat,BARI Gom-33,Wheat Flour,12,2473,2679,2576,12/22/2023,Grade C,Medium,Medium,Retail,Winter
Barishal,Barishal,Nathullabad Market,Wheat,BARI Gom-33,Wheat Flour,4,1943,2105,2024,5/31/2023,Grade C,Medium,Medium,Wholesale,Winter
Chattogram,Noakhali,Maijdee Bazar,Wheat,BARI Gom-33,Wheat Flour,135,5844,6330,6087,1/29/2022,Grade B,Medium,High,Retail,Winter
Dhaka,Manikganj,Manikganj Bazar,Wheat,BARI Gom-33,Wheat Flour,16,4630,5016,4823,6/9/2023,Grade A,High,Low,Wholesale,Winter
Rajshahi,Pabna,Pabna Sadar Market,Wheat,BARI Gom-33,Wheat Flour,450,6060,6564,6312,7/22/2022,Grade A,Medium,High,Retail,Winter
Chattogram,Feni,Feni Sadar Market,Wheat,BARI Gom-33,Wheat Flour,55,5281,5721,5501,12/24/2022,Grade A,Medium,Low,Wholesale,Winter
Chattogram,Feni,Feni Sadar Market,Wheat,BARI Gom-33,Wheat Flour,3,1148,1244,1196,2/17/2020,Grade C,Low,Low,Retail,Winter
Dhaka,Dhaka,Karwan Bazar,Wheat,BARI Gom-33,Wheat Flour,60,8782,9514,9148,5/8/2023,Grade A,Medium,Medium,Wholesale,Winter
Chattogram,Feni,Feni Sadar Market,Wheat,BARI Gom-33,Wheat Flour,5,1800,1950,1875,12/9/2021,Grade B,High,Low,Retail,Winter
Chattogram,Feni,Feni Sadar Market,Wheat,BARI Gom-33,Wheat Flour,42,5933,6427,6180,8/3/2021,Grade B,Low,Medium,Retail,Winter
Dhaka,Dhaka,Karwan Bazar,Wheat,BARI Gom-33,Wheat Flour,6,2274,2464,2369,2/7/2024,Grade C,High,Medium,Retail,Winter
Dhaka,Gazipur,Joydebpur Market,Wheat,BARI Gom-33,Wheat Flour,2.8,9715,10525,10120,6/19/2024,Grade C,High,Medium,Wholesale,Winter
Rajshahi,Rajshahi,Shaheb Bazar,Wheat,BARI Gom-33,Wheat Flour,207,6149,6661,6405,3/2/2022,Grade B,Medium,Low,Wholesale,Winter
Chattogram,Noakhali,Maijdee Bazar,Wheat,BARI Gom-33,Wheat Flour,151,6304,6830,6567,1/7/2022,Grade A,High,Medium,Wholesale,Winter
Chattogram,Noakhali,Maijdee Bazar,Wheat,BARI Gom-33,Wheat Flour,304.4,7100,7692,7396,11/27/2024,Grade B,Medium,Medium,Retail,Winter
Chattogram,Noakhali,Maijdee Bazar,Wheat,BARI Gom-33,Wheat Flour,1,888,962,925,3/25/2021,Grade B,High,Medium,Retail,Winter
Chattogram,Cumilla,Kandirpar Market,Wheat,BARI Gom-33,Wheat Flour,221,5388,5836,5612,3/8/2022,Grade C,Low,Medium,Wholesale,Winter
Dhaka,Gazipur,Joydebpur Market,Wheat,BARI Gom-33,Wheat Flour,7,1980,2146,2063,6/19/2023,Grade C,Medium,Low,Wholesale,Winter
Khulna,Jashore,Jashore Bazar,Wheat,BARI Gom-33,Wheat Flour,242.5,6720,7280,7000,3/17/2024,Grade B,Low,Medium,Wholesale,Winter
Rajshahi,Rajshahi,Shaheb Bazar,Wheat,BARI Gom-33,Wheat Flour,33,11866,12854,12360,10/18/2023,Grade A,Low,Low,Wholesale,Winter
Barishal,Barishal,Nathullabad Market,Wheat,BARI Gom-33,Wheat Flour,6,5038,5458,5248,8/12/2020,Grade B,Medium,High,Retail,Winter
Dhaka,Dhaka,Karwan Bazar,Wheat,BARI Gom-33,Wheat Flour,4,2506,2714,2610,11/11/2022,Grade A,High,Low,Retail,Winter
Rajshahi,Rajshahi,Shaheb Bazar,Wheat,BARI Gom-33,Wheat Flour,200,5928,6422,6175,6/3/2021,Grade B,Medium,Medium,Retail,Winter
Dhaka,Dhaka,Karwan Bazar,Wheat,BARI Gom-33,Wheat Flour,1,1068,1158,1113,11/2/2020,Grade A,High,Medium,Retail,Winter
Dhaka,Dhaka,Karwan Bazar,Wheat,BARI Gom-33,Wheat Flour,37,1848,2002,1925,10/30/2021,Grade B,High,Low,Retail,Winter
Dhaka,Tangail,Tangail Sadar Market,Wheat,BARI Gom-33,Wheat Flour,300,4408,4776,4592,10/10/2023,Premium,High,Medium,Wholesale,Winter
Khulna,Khulna,Khulna New Market,Wheat,BARI Gom-33,Wheat Flour,5,4783,5181,4982,6/24/2023,Grade A,High,Low,Retail,Winter
Dhaka,Gazipur,Joydebpur Market,Wheat,BARI Gom-33,Wheat Flour,16,3629,3931,3780,5/23/2020,Premium,Low,Low,Wholesale,Winter
Dhaka,Gazipur,Joydebpur Market,Wheat,BARI Gom-33,Wheat Flour,1,1633,1769,1701,6/19/2020,Grade A,High,High,Wholesale,Winter
Dhaka,Narayanganj,Chashara Market,Wheat,BARI Gom-33,Wheat Flour,10,2849,3087,2968,1/12/2023,Premium,High,High,Wholesale,Winter
Chattogram,Cumilla,Kandirpar Market,Wheat,BARI Gom-33,Wheat Flour,8,2051,2221,2136,5/31/2024,Grade A,Medium,High,Retail,Winter
Khulna,Khulna,Khulna New Market,Wheat,BARI Gom-33,Wheat Flour,9,2256,2444,2350,5/21/2024,Grade B,Medium,Medium,Retail,Winter
Chattogram,Cox's Bazar,Cox's Bazar Market,Wheat,BARI Gom-33,Wheat Flour,7.5,1930,2090,2010,7/30/2024,Grade C,Medium,High,Wholesale,Winter
Barishal,Bhola,Bhola Bazar,Wheat,BARI Gom-33,Wheat Flour,14,1603,1737,1670,5/29/2020,Grade A,Medium,Medium,Wholesale,Winter
Rajshahi,Pabna,Pabna Sadar Market,Wheat,BARI Gom-33,Wheat Flour,47,6146,6658,6402,12/20/2021,Grade A,Low,High,Retail,Winter
Rajshahi,Rajshahi,Shaheb Bazar,Wheat,BARI Gom-33,Wheat Flour,250,8928,9672,9300,2/15/2024,Grade B,High,Medium,Retail,Winter
Dhaka,Narayanganj,Chashara Market,Wheat,BARI Gom-33,Wheat Flour,66,4197,4547,4372,12/10/2020,Grade A,High,Medium,Wholesale,Winter
Chattogram,Cumilla,Kandirpar Market,Wheat,BARI Gom-33,Wheat Flour,29,5476,5932,5704,8/24/2020,Grade C,Medium,Medium,Retail,Winter
Dhaka,Gazipur,Joydebpur Market,Wheat,BARI Gom-33,Wheat Flour,40,6207,6725,6466,7/12/2022,Grade A,Medium,Low,Retail,Winter
Dhaka,Narayanganj,Chashara Market,Wheat,BARI Gom-33,Wheat Flour,13,2340,2536,2438,4/28/2023,Grade A,Medium,Low,Retail,Winter
Chattogram,Feni,Feni Sadar Market,Wheat,BARI Gom-33,Wheat Flour,50,5220,5654,5437,7/23/2022,Grade C,Medium,Low,Retail,Winter
Rajshahi,Rajshahi,Shaheb Bazar,Wheat,BARI Gom-33,Wheat Flour,135,5184,5616,5400,11/16/2021,Grade C,Low,Medium,Wholesale,Winter
Dhaka,Manikganj,Manikganj Bazar,Wheat,BARI Gom-33,Wheat Flour,83,4579,4961,4770,12/23/2023,Grade A,Medium,High,Wholesale,Winter
Chattogram,Feni,Feni Sadar Market,Wheat,BARI Gom-33,Wheat Flour,2,9120,9880,9500,12/5/2023,Grade B,Medium,Medium,Wholesale,Winter
Rajshahi,Naogaon,Naogaon Sadar Market,Wheat,BARI Gom-33,Wheat Flour,320,2076,2248,2162,3/2/2023,Grade A,Medium,High,Retail,Winter
Dhaka,Narayanganj,Chashara Market,Wheat,BARI Gom-33,Wheat Flour,70,5424,5876,5650,8/22/2022,Grade B,Low,Medium,Retail,Winter
Dhaka,Narayanganj,Chashara Market,Wheat,BARI Gom-33,Wheat Flour,61,4569,4949,4759,12/20/2023,Grade A,High,High,Wholesale,Winter
Khulna,Kushtia,Kushtia Boro Bazar,Wheat,BARI Gom-33,Wheat Flour,28,7225,7827,7526,6/23/2023,Grade A,Medium,Low,Wholesale,Winter
Rajshahi,Rajshahi,Shaheb Bazar,Wheat,BARI Gom-33,Wheat Flour,120,4958,5372,5165,9/13/2022,Grade B,Medium,Medium,Wholesale,Winter
Khulna,Satkhira,Satkhira Market,Wheat,BARI Gom-33,Wheat Flour,7.4,10301,11159,10730,3/16/2024,Premium,Medium,Low,Wholesale,Winter
Dhaka,Manikganj,Manikganj Bazar,Wheat,BARI Gom-33,Wheat Flour,8,2340,2536,2438,11/16/2022,Grade A,High,Low,Wholesale,Winter
Barishal,Bhola,Bhola Bazar,Wheat,BARI Gom-33,Wheat Flour,7,5029,5449,5239,1/7/2022,Grade C,Medium,Medium,Retail,Winter
Chattogram,Cumilla,Kandirpar Market,Wheat,BARI Gom-33,Wheat Flour,30,1680,1820,1750,4/12/2021,Grade B,Medium,Medium,Wholesale,Winter
Chattogram,Cox's Bazar,Cox's Bazar Market,Wheat,BARI Gom-33,Wheat Flour,12,1541,1669,1605,7/4/2020,Grade C,Low,Medium,Retail,Winter
Dhaka,Tangail,Tangail Sadar Market,Wheat,BARI Gom-33,Wheat Flour,30,10161,11007,10584,6/26/2023,Premium,Medium,Low,Wholesale,Winter
Dhaka,Dhaka,Karwan Bazar,Wheat,BARI Gom-33,Wheat Flour,30,9504,10296,9900,11/5/2024,Grade B,Low,Medium,Wholesale,Winter
Rajshahi,Pabna,Pabna Sadar Market,Wheat,BARI Gom-33,Wheat Flour,5,1784,1932,1858,5/4/2024,Grade C,High,Medium,Wholesale,Winter
Barishal,Patuakhali,Patuakhali Sadar Market,Wheat,BARI Gom-33,Wheat Flour,37,1679,1819,1749,4/6/2021,Grade A,Low,Medium,Wholesale,Winter
Chattogram,Feni,Feni Sadar Market,Wheat,BARI Gom-33,Wheat Flour,1,1032,1118,1075,7/2/2021,Grade B,Medium,High,Wholesale,Winter
Dhaka,Tangail,Tangail Sadar Market,Wheat,BARI Gom-33,Wheat Flour,3,1776,1924,1850,7/24/2020,Grade B,Low,High,Retail,Winter
Barishal,Bhola,Bhola Bazar,Wheat,BARI Gom-33,Wheat Flour,142,4681,5071,4876,10/18/2021,Grade A,High,High,Wholesale,Winter
Khulna,Khulna,Khulna New Market,Wheat,BARI Gom-33,Wheat Flour,66,7886,8544,8215,3/26/2023,Grade A,High,Low,Wholesale,Winter
Chattogram,Cox's Bazar,Cox's Bazar Market,Wheat,BARI Gom-33,Wheat Flour,3,1099,1191,1145,12/22/2020,Grade A,Medium,High,Wholesale,Winter
Khulna,Satkhira,Satkhira Market,Wheat,BARI Gom-33,Wheat Flour,114,9972,10804,10388,1/28/2022,Grade A,Medium,Low,Retail,Winter
Dhaka,Dhaka,Karwan Bazar,Wheat,BARI Gom-33,Wheat Flour,10,1678,1818,1748,1/18/2021,Grade C,High,Medium,Retail,Winter
Chattogram,Cox's Bazar,Cox's Bazar Market,Wheat,BARI Gom-33,Wheat Flour,6,2083,2257,2170,6/15/2023,Grade B,Medium,Low,Wholesale,Winter
Rajshahi,Rajshahi,Shaheb Bazar,Wheat,BARI Gom-33,Wheat Flour,100,5016,5434,5225,9/17/2022,Grade B,Low,Low,Retail,Winter
Barishal,Bhola,Bhola Bazar,Wheat,BARI Gom-33,Wheat Flour,33,3958,4288,4123,9/6/2023,Grade C,Medium,Medium,Wholesale,Winter
Khulna,Satkhira,Satkhira Market,Wheat,BARI Gom-33,Wheat Flour,50,2064,2236,2150,4/19/2022,Grade B,High,Medium,Retail,Winter
Rajshahi,Bogura,Satmatha Market,Wheat,BARI Gom-33,Wheat Flour,20,2712,2938,2825,11/1/2023,Grade A,Medium,Medium,Retail,Winter
Chattogram,Cox's Bazar,Cox's Bazar Market,Wheat,BARI Gom-33,Wheat Flour,20,2128,2306,2217,5/3/2024,Grade C,High,Low,Wholesale,Winter
Barishal,Patuakhali,Patuakhali Sadar Market,Wheat,BARI Gom-33,Wheat Flour,196,4668,5056,4862,11/7/2023,Grade A,Medium,Medium,Wholesale,Winter
Rajshahi,Pabna,Pabna Sadar Market,Wheat,BARI Gom-33,Wheat Flour,100,7352,7964,7658,5/28/2021,Grade A,Medium,Low,Retail,Winter
Chattogram,Cumilla,Kandirpar Market,Wheat,BARI Gom-33,Wheat Flour,130,4968,5382,5175,4/11/2023,Grade B,High,High,Wholesale,Winter
Chattogram,Chattogram,Agrabad Market,Wheat,BARI Gom-33,Wheat Flour,15,6767,7331,7049,7/14/2022,Grade A,Medium,Low,Wholesale,Winter
Rajshahi,Rajshahi,Shaheb Bazar,Wheat,BARI Gom-33,Wheat Flour,75,5976,6474,6225,7/31/2021,Grade B,Medium,High,Retail,Winter
Chattogram,Feni,Feni Sadar Market,Wheat,BARI Gom-33,Wheat Flour,8,1800,1950,1875,12/27/2021,Grade B,High,High,Retail,Winter
Dhaka,Tangail,Tangail Sadar Market,Wheat,BARI Gom-33,Wheat Flour,200,6816,7384,7100,2/28/2022,Grade B,High,Medium,Wholesale,Winter
Chattogram,Chattogram,Agrabad Market,Wheat,BARI Gom-33,Wheat Flour,82,7230,7832,7531,7/28/2022,Grade A,Low,High,Wholesale,Winter
Dhaka,Manikganj,Manikganj Bazar,Wheat,BARI Gom-33,Wheat Flour,30,4608,4992,4800,11/24/2023,Grade B,Low,Medium,Retail,Winter
Barishal,Patuakhali,Patuakhali Sadar Market,Wheat,BARI Gom-33,Wheat Flour,146,4284,4640,4462,11/1/2022,Grade C,Low,Medium,Retail,Winter
Chattogram,Cumilla,Kandirpar Market,Wheat,BARI Gom-33,Wheat Flour,242,4477,4851,4664,2/10/2024,Grade A,Medium,High,Retail,Winter
Chattogram,Noakhali,Maijdee Bazar,Wheat,BARI Gom-33,Wheat Flour,80,9662,10468,10065,6/13/2023,Grade A,Medium,High,Retail,Winter
Khulna,Satkhira,Satkhira Market,Wheat,BARI Gom-33,Wheat Flour,99,7937,8599,8268,3/22/2023,Grade A,Medium,Medium,Wholesale,Winter
Dhaka,Dhaka,Karwan Bazar,Wheat,BARI Gom-33,Wheat Flour,8,2340,2534,2437,9/6/2023,Grade B,Low,Medium,Wholesale,Winter
Khulna,Kushtia,Kushtia Boro Bazar,Wheat,BARI Gom-33,Wheat Flour,46,3888,4212,4050,10/18/2024,Grade B,Medium,High,Retail,Winter
Barishal,Barishal,Nathullabad Market,Wheat,BARI Gom-33,Wheat Flour,21.3,3893,4217,4055,3/26/2024,Grade B,Medium,High,Retail,Winter
Chattogram,Cumilla,Kandirpar Market,Wheat,BARI Gom-33,Wheat Flour,5,2285,2475,2380,9/4/2023,Grade B,High,Low,Wholesale,Winter
Chattogram,Cox's Bazar,Cox's Bazar Market,Wheat,BARI Gom-33,Wheat Flour,111,6436,6972,6704,2/12/2022,Grade A,Low,Low,Retail,Winter
Khulna,Khulna,Khulna New Market,Wheat,BARI Gom-33,Wheat Flour,12,4860,5264,5062,7/3/2023,Grade A,Low,Medium,Retail,Winter
Khulna,Khulna,Khulna New Market,Wheat,BARI Gom-33,Wheat Flour,15,2040,2210,2125,5/22/2023,Grade B,Medium,High,Wholesale,Winter
Rajshahi,Rajshahi,Shaheb Bazar,Wheat,BARI Gom-33,Wheat Flour,400,4195,4545,4370,6/7/2024,Grade B,Medium,Medium,Wholesale,Winter
Dhaka,Tangail,Tangail Sadar Market,Wheat,BARI Gom-33,Wheat Flour,2,6614,7166,6890,6/5/2021,Grade A,High,Medium,Retail,Winter
Chattogram,Feni,Feni Sadar Market,Wheat,BARI Gom-33,Wheat Flour,5,2544,2756,2650,11/22/2023,Grade B,Medium,Low,Wholesale,Winter
Barishal,Barishal,Nathullabad Market,Wheat,BARI Gom-33,Wheat Flour,23,6227,6745,6486,5/19/2021,Grade C,Low,High,Retail,Winter
Chattogram,Noakhali,Maijdee Bazar,Wheat,BARI Gom-33,Wheat Flour,103,7242,7846,7544,1/8/2024,Grade C,Medium,High,Wholesale,Winter
Dhaka,Narayanganj,Chashara Market,Wheat,BARI Gom-33,Wheat Flour,2,5393,5843,5618,3/25/2021,Grade A,Medium,Low,Retail,Winter
Dhaka,Tangail,Tangail Sadar Market,Wheat,BARI Gom-33,Wheat Flour,11,1824,1976,1900,11/24/2021,Grade B,Medium,Low,Retail,Winter
Dhaka,Manikganj,Manikganj Bazar,Wheat,BARI Gom-33,Wheat Flour,5,2164,2344,2254,11/21/2022,Grade C,High,Low,Retail,Winter
Dhaka,Dhaka,Karwan Bazar,Wheat,BARI Gom-33,Wheat Flour,4,1710,1852,1781,2/18/2022,Grade A,Low,High,Retail,Winter
