call_failure,complains,subscription_length,charge_amount,seconds_of_use,frequency_of_use,frequency_of_sms,distinct_called_numbers,age_group,tariff_plan,status,age,customer_value,seconds_of_use_phase,frequency_of_use_phase,frequency_of_sms_phase,distinct_called_numbers_phase,customer_value_phase,in_pocket,target_real,target
8,0,38,0,4370,71,5,17,3,1,1,30,197.64,0.856732,0.69912,-1.62814,-0.577315,-0.351178,0,0,0
0,0,39,0,318,5,7,4,2,1,2,25,46.035,-2.68171,-2.73049,-1.13908,-2.51813,-2.4449,0,0,0
10,0,37,0,2453,60,359,24,3,1,1,30,1536.52,-0.565663,0.321297,2.8435,0.457118,2.76701,0,0,0
10,0,38,0,4198,66,1,35,1,1,1,15,240.02,0.778859,0.500704,-1.90907,1.66242,0.102865,0,0,0
3,0,38,0,2393,58,2,33,1,1,1,15,145.805,-0.658172,0.175815,-1.84149,1.55827,-1.11687,0,0,0
11,0,38,1,3775,82,32,28,3,1,1,30,282.28,0.511882,1.05371,0.598595,0.913583,0.521876,0,0,0
4,0,38,0,2360,39,285,18,3,1,1,30,1235.96,-0.68186,-0.866262,2.65627,-0.483925,2.49759,0,0,0
13,0,37,2,9115,121,144,43,3,1,1,30,945.44,2.26873,2.05285,1.89367,2.38292,2.06523,1,0,0
7,0,38,0,13773,169,0,44,3,1,1,30,557.68,2.70597,2.63124,-2.28346,2.49984,1.20702,1,0,0
7,0,38,1,4515,83,2,25,3,1,1,30,191.92,0.91353,1.1711,-1.81176,0.520743,-0.371889,0,0,0
6,0,38,0,5918,95,7,12,3,1,1,30,268.52,1.31676,1.54083,-1.17037,-1.3578,0.402138,0,0,0
9,0,38,0,2238,54,8,17,3,1,2,30,123.68,-0.741321,0.00565097,-1.04682,-0.63246,-1.42274,0,0,0
25,0,38,3,15140,225,54,32,3,1,1,30,830.6,2.85942,2.94782,1.27215,1.36953,1.68487,1,0,1
4,0,38,1,3095,27,483,8,3,1,1,30,2056.88,0.0688812,-1.58673,3.10366,-1.92439,3.05888,0,0,0
9,0,37,0,15485,182,150,30,2,1,1,25,1380.02,2.95207,2.76764,1.9086,1.20981,2.63316,1,0,0
3,0,37,1,6500,86,186,26,3,1,1,30,1007.44,1.60653,1.21918,2.2097,0.72205,2.24754,0,0,0
0,0,37,0,875,14,0,11,2,1,2,25,40.005,-2.17377,-2.28896,-2.23794,-1.41164,-2.54614,0,1,1
2,0,38,0,710,14,13,8,3,1,2,30,80.96,-2.32113,-2.26517,-0.660129,-1.88258,-1.99656,0,0,0
0,0,37,0,0,0,0,0,2,1,2,25,0,-2.87778,-2.84399,-2.2478,-2.82235,-2.97515,0,1,1
3,0,37,0,7508,127,384,43,2,1,1,25,2071.57,2.06717,2.12742,2.95205,2.40072,3.04404,1,0,1
7,0,37,1,11465,154,11,47,4,1,1,45,317.975,2.56802,2.43643,-0.835474,2.74666,0.688479,1,0,1
8,0,37,1,6718,75,108,37,2,1,1,25,791.685,1.71191,0.816933,1.70034,1.84054,1.57865,0,0,0
23,1,33,0,955,47,16,17,2,1,2,25,117.09,-2.05541,-0.347644,-0.384699,-0.660819,-1.51623,0,1,1
21,1,36,8,10435,93,1,42,5,2,1,55,159.42,2.42536,1.51815,-1.93902,2.30632,-0.892746,1,0,1
13,1,36,1,5818,98,26,24,2,1,1,25,383.22,1.26341,1.64674,0.315776,0.314098,0.913866,0,1,1
1,0,34,0,2840,22,0,14,3,1,1,30,114.48,-0.125388,-1.92055,-2.27194,-1.00134,-1.53571,0,0,0
9,0,35,0,2990,41,9,16,3,1,2,30,157.24,-0.0199019,-0.747378,-0.987731,-0.777738,-0.907522,0,1,1
9,1,36,0,2268,44,34,31,3,1,2,30,228.48,-0.696225,-0.532894,0.733544,1.3043,-0.022495,0,1,1
0,0,36,0,133,2,0,2,3,1,2,30,5.4,-2.77754,-2.81834,-2.29788,-2.7316,-2.87586,0,1,1
1,0,36,0,1668,25,0,6,3,1,1,30,67.72,-1.34502,-1.6414,-2.29794,-2.11996,-2.18289,0,0,0
3,0,33,1,6785,97,14,22,5,1,1,55,124.23,1.74441,1.62011,-0.580681,0.12682,-1.40477,0,0,0
0,1,36,0,628,7,9,4,4,1,2,45,38.375,-2.40059,-2.60168,-0.964599,-2.42534,-2.57357,0,1,1
0,0,36,1,338,4,4,2,5,1,1,55,11.13,-2.65703,-2.76683,-1.68627,-2.74282,-2.81964,0,0,0
25,0,31,3,16075,238,0,80,2,2,1,25,734.085,3.05415,3.03756,-2.27218,3.07231,1.42661,1,0,1
6,0,34,3,6965,116,271,33,2,2,1,25,1538.14,1.835,2.00675,2.59723,1.52206,2.75141,0,0,0
2,0,36,0,3718,82,2,28,2,1,1,25,180,0.471351,1.14073,-1.80634,0.892461,-0.580125,0,0,0
3,0,35,0,1665,44,38,20,3,1,2,30,220.36,-1.33827,-0.547721,0.889256,-0.200517,-0.0917913,0,0,0
6,0,36,0,2780,53,175,23,2,1,1,25,914.985,-0.206003,-0.0173604,2.12496,0.337769,1.95846,0,0,0
4,0,27,1,1315,36,193,11,2,2,1,25,929.295,-1.69019,-1.0292,2.3082,-1.42601,2.02644,0,0,0
4,0,26,0,1568,39,30,68,4,1,1,45,115.175,-1.39161,-0.832105,0.559978,2.94797,-1.51457,0,0,0
11,0,27,0,700,25,10,7,2,1,2,25,77.625,-2.33974,-1.65329,-0.862786,-2.00811,-2.0259,0,0,0
0,0,26,0,825,10,21,3,4,1,2,45,73.375,-2.17342,-2.44941,-0.080648,-2.57373,-2.12766,0,1,1
10,0,25,0,1225,32,19,13,2,1,1,25,142.065,-1.77251,-1.26877,-0.20342,-1.22603,-1.17665,0,0,0
2,0,25,0,3225,61,8,23,3,1,1,30,163.44,0.185394,0.343152,-1.11524,0.225141,-0.873015,0,0,0
2,0,18,0,1695,26,28,14,2,1,1,25,203.445,-1.29288,-1.676,0.385012,-0.974252,-0.267515,0,0,0
16,0,17,1,6393,141,85,42,2,2,1,25,676.53,1.53504,2.31098,1.53569,2.29084,1.28378,1,0,1
12,0,15,0,8933,171,73,40,4,1,1,45,410.1,2.25089,2.64422,1.46821,2.18596,1.03684,1,0,0
8,0,16,3,2853,45,31,19,3,2,1,30,239.92,-0.146538,-0.483899,0.597606,-0.270557,0.0936744,0,0,0
2,0,9,1,4390,40,215,10,3,1,1,30,1037.2,0.869445,-0.805939,2.43682,-1.68686,2.2671,0,0,0
3,0,9,1,1488,19,0,7,3,1,1,30,60.28,-1.45396,-2.01205,-2.23116,-2.07931,-2.3103,0,1,1
11,0,40,1,4430,74,10,19,3,1,1,30,220.16,0.831572,0.796238,-0.901844,-0.26734,-0.120192,0,0,0
3,0,41,1,378,8,12,6,3,1,1,30,63.44,-2.64279,-2.50762,-0.691987,-2.12834,-2.23808,0,0,0
13,0,39,1,2513,63,364,26,3,1,1,30,1559.04,-0.504879,0.431995,2.8704,0.639614,2.77666,0,0,0
13,0,40,1,4258,69,6,37,1,1,1,15,270.985,0.819058,0.601668,-1.53695,1.89045,0.421113,0,0,0
6,0,40,1,2453,61,7,35,2,1,1,25,144.63,-0.573612,0.29365,-1.41867,1.75758,-1.14922,0,0,0
14,0,40,2,3835,85,37,30,3,2,1,30,304.8,0.570948,1.21135,0.792468,1.19881,0.628089,0,0,0
7,0,40,1,2420,42,290,20,3,1,1,30,1258.48,-0.595737,-0.710693,2.70037,-0.210013,2.52208,0,0,0
16,0,39,3,9175,124,149,45,3,1,1,30,967.96,2.30155,2.11323,1.93648,2.50915,2.12151,1,0,1
10,0,40,1,13833,172,5,46,3,1,1,30,580.2,2.67341,2.71321,-1.60138,2.67024,1.21516,1,0,0
10,0,40,2,4575,86,7,27,3,1,1,30,214.44,0.966622,1.23402,-1.46015,0.836678,-0.149511,0,0,0
9,0,40,1,5978,98,12,14,3,1,1,30,291.04,1.34771,1.65571,-0.728224,-1.05779,0.558771,0,0,0
12,0,40,1,2298,57,13,19,3,1,1,30,146.2,-0.66508,0.160731,-0.675837,-0.291163,-1.14019,0,0,0
28,0,40,4,15200,228,59,34,3,1,1,30,853.12,2.87197,3.00049,1.32159,1.5842,1.76983,1,0,0
7,0,40,2,3155,30,488,10,3,1,1,30,2079.4,0.128853,-1.46303,3.09001,-1.63975,3.1164,0,0,0
12,0,39,1,15545,185,155,32,2,1,1,25,1405.35,2.93968,2.83897,1.99024,1.36905,2.62391,1,0,0
6,0,39,2,6560,89,191,28,3,1,1,30,1029.96,1.62848,1.36132,2.24706,0.989595,2.30325,0,0,0
3,0,39,1,935,17,5,13,2,1,1,25,65.34,-2.09058,-2.11142,-1.63757,-1.19939,-2.246,0,0,0
5,0,40,1,770,17,18,10,3,1,1,30,103.48,-2.26514,-2.07778,-0.194637,-1.60701,-1.68592,0,0,0
3,1,39,1,60,3,5,2,2,1,1,25,25.335,-2.82025,-2.77448,-1.57563,-2.69374,-2.69568,0,1,1
6,0,39,1,7568,130,389,45,3,1,1,30,1863.92,2.0404,2.20593,2.99465,2.55341,2.90434,0,0,0
10,0,39,2,11525,157,16,49,4,2,1,45,332.05,2.56698,2.47227,-0.354191,2.7575,0.773231,1,0,1
11,0,39,2,6778,78,113,39,2,1,1,25,817.02,1.75625,0.938497,1.7156,2.08556,1.65289,0,0,0
26,1,35,1,1015,50,21,19,3,1,1,30,126.6,-1.98359,-0.188977,0.0148314,-0.229267,-1.39508,0,1,1
24,1,38,9,10495,96,6,44,5,2,1,55,167.865,2.46817,1.55779,-1.61892,2.45557,-0.744844,1,0,0
16,0,38,2,5878,101,31,26,2,1,1,25,408.555,1.27857,1.71013,0.572022,0.639677,1.00309,0,0,0
4,0,36,1,2900,25,5,16,3,1,1,30,137,-0.0376239,-1.66819,-1.62628,-0.818284,-1.23083,0,0,0
12,0,37,1,3050,44,14,18,3,1,1,30,179.76,0.0393494,-0.56857,-0.599063,-0.408985,-0.573164,0,1,1
12,1,38,1,2328,47,39,33,3,1,1,30,251,-0.659924,-0.34632,0.889114,1.53321,0.221758,0,1,1
3,0,38,1,193,5,5,4,3,1,1,30,27.92,-2.79532,-2.73249,-1.63469,-2.46735,-2.62804,0,1,1
4,0,38,1,1728,28,5,8,4,1,1,45,56.4,-1.26345,-1.50064,-1.58667,-1.97048,-2.33448,0,0,0
6,0,35,2,6845,100,19,24,5,1,1,55,132.675,1.80369,1.73422,-0.15016,0.448439,-1.27537,0,0,0
3,0,38,1,688,10,14,6,4,1,1,45,52.45,-2.35702,-2.47903,-0.599244,-2.2038,-2.40066,0,1,1
3,0,38,2,398,7,9,4,5,1,1,55,19.575,-2.57508,-2.5801,-1.00936,-2.4262,-2.74159,0,0,0
28,0,33,4,16135,241,5,82,2,1,1,25,759.42,3.05623,3.14147,-1.60622,3.13046,1.48006,1,0,1
9,1,36,4,7025,119,276,35,3,2,1,30,1389.76,1.89721,2.00013,2.6223,1.71015,2.59495,1,0,0
5,0,38,1,3778,85,7,30,3,1,1,30,182.52,0.543049,1.18858,-1.34833,1.20771,-0.552727,0,0,0
6,0,37,1,1725,47,43,22,3,1,1,30,242.88,-1.26261,-0.380733,1.02567,0.186393,0.132054,0,0,0
9,0,38,1,2840,56,180,25,2,1,1,25,940.32,-0.168409,0.133676,2.18087,0.53091,2.04759,0,0,0
7,0,29,2,1375,39,198,13,3,2,1,30,848.56,-1.60574,-0.886224,2.34185,-1.16627,1.79225,0,0,0
7,0,28,1,1628,42,35,70,4,1,1,45,129.25,-1.36499,-0.667463,0.74445,2.97193,-1.31569,0,0,0
14,0,29,1,760,28,15,9,3,1,1,30,91.52,-2.25607,-1.48692,-0.490635,-1.71818,-1.88799,0,0,0
3,0,28,1,885,13,26,5,4,1,1,45,87.45,-2.14821,-2.28965,0.309997,-2.2757,-1.97026,0,0,0
13,0,27,1,1285,35,24,15,2,1,1,25,167.4,-1.68542,-1.12767,0.148379,-0.89579,-0.746829,0,0,0
5,0,27,1,3285,64,13,25,3,1,1,30,185.96,0.199895,0.416068,-0.660139,0.55287,-0.488085,0,0,0
5,0,20,1,1755,29,33,16,2,1,1,25,228.78,-1.25184,-1.46555,0.690849,-0.758122,0.0156369,0,0,0
19,0,19,2,6453,144,90,44,2,2,1,25,701.865,1.5394,2.32846,1.55403,2.53354,1.33102,0,0,0
15,0,17,1,8993,174,78,42,5,1,1,55,254.505,2.25984,2.70514,1.50817,2.3537,0.306446,1,0,0
11,0,18,4,2913,48,36,21,3,1,1,30,262.44,-0.0935837,-0.329351,0.762666,-0.0356702,0.372981,0,0,0
5,0,11,2,4450,43,220,12,3,1,1,30,1059.72,0.920987,-0.656521,2.43061,-1.30861,2.35061,0,0,0
6,1,11,2,1548,22,5,9,3,1,1,30,82.8,-1.48557,-1.85148,-1.6342,-1.70158,-2.00924,0,1,1
5,0,36,0,4310,68,0,15,2,1,1,25,197.01,0.827063,0.553313,-2.43408,-0.856916,-0.329662,0,0,0
0,0,37,0,258,2,2,2,2,1,2,25,20.7,-2.77164,-2.81093,-1.83008,-2.76549,-2.72632,0,0,0
7,0,35,0,2393,57,354,22,2,1,1,25,1703.25,-0.613045,0.142737,2.79702,0.147277,2.89049,0,0,0
7,0,36,0,4138,63,0,33,1,1,1,15,231.055,0.764834,0.443248,-2.41528,1.52754,0.027623,0,0,0
0,0,36,0,2333,55,0,31,1,1,1,15,131.34,-0.68934,0.0479832,-2.41172,1.32054,-1.28939,0,0,0
8,0,36,0,3715,79,27,26,3,1,1,30,259.76,0.485617,0.979393,0.350394,0.642696,0.301184,0,0,0
1,0,36,0,2300,36,280,16,3,1,1,30,1213.44,-0.699885,-1.03324,2.65858,-0.667303,2.43317,0,0,0
10,0,35,1,9055,118,139,41,3,1,1,30,922.92,2.27027,1.99473,1.82575,2.26902,1.95415,0,0,0
4,0,36,0,13713,166,0,42,3,1,1,30,555.16,2.69562,2.59907,-2.40573,2.2744,1.16639,1,0,1
4,0,36,0,4455,80,0,23,3,1,1,30,181.4,0.889038,1.00889,-2.41163,0.317988,-0.587575,0,0,0
3,0,36,0,5858,92,2,10,2,1,1,25,276.75,1.2803,1.45398,-1.79105,-1.65937,0.4768,0,0,0
6,1,36,0,2178,51,3,15,3,1,2,30,101.16,-0.842127,-0.105484,-1.73548,-0.948778,-1.73866,0,0,0
22,0,36,2,15080,222,49,30,3,1,1,30,808.08,2.82633,2.93594,1.20455,1.18247,1.62879,1,0,1
1,0,36,0,3035,24,478,6,3,1,1,30,2034.36,-0.00335847,-1.7615,3.08819,-2.18889,3.05551,0,0,0
6,0,35,0,15425,179,145,28,2,1,1,25,1354.68,2.88604,2.79841,1.87902,0.865897,2.58764,1,0,0
0,0,35,0,6440,83,181,24,3,1,1,30,984.92,1.52699,1.122,2.1545,0.451312,2.14981,0,0,0
0,0,35,0,815,11,0,9,2,1,2,25,37.17,-2.21564,-2.35963,-2.36271,-1.70451,-2.58094,0,0,0
0,0,36,0,650,11,8,6,2,1,2,25,65.745,-2.39188,-2.41048,-1.14939,-2.20915,-2.21087,0,0,0
0,0,35,0,0,0,0,0,2,1,2,25,0,-2.84344,-3.08224,-2.39172,-2.84472,-3.00524,0,1,1
0,0,35,0,7448,124,379,41,2,1,1,25,2046.24,2.06096,2.1173,2.92098,2.24625,3.04076,0,0,0
4,0,35,0,11405,151,6,45,3,1,1,30,486.24,2.53334,2.42815,-1.54796,2.55435,1.07009,1,0,0
5,0,35,0,6658,72,103,35,2,1,1,25,766.35,1.66522,0.738993,1.64726,1.68726,1.49429,0,0,0
20,0,31,0,895,44,11,15,2,1,2,25,91.755,-2.11734,-0.513984,-0.830828,-0.952749,-1.86683,0,1,1
18,0,34,7,10375,90,0,40,4,1,1,45,261.625,2.38726,1.39876,-2.40766,2.19082,0.388067,1,0,1
10,0,34,0,5758,95,21,22,2,1,1,25,357.885,1.26637,1.58902,-0.0448244,0.196256,0.853899,0,1,1
0,0,32,0,2780,19,0,12,3,1,1,30,111.96,-0.197278,-2.0274,-2.38137,-1.28875,-1.59371,0,0,0
6,0,33,0,2930,38,4,14,2,1,2,25,151.56,-0.0488889,-0.901651,-1.66914,-0.988888,-1.06553,0,1,1
6,1,34,0,2208,41,29,29,3,1,2,30,205.96,-0.78862,-0.7749,0.493452,1.07508,-0.278524,0,1,1
0,1,34,0,0,0,0,0,3,1,2,30,0,-3.09507,-3.04609,-2.46362,-2.89379,-3.03007,0,1,1
0,0,34,0,1608,22,0,4,3,1,1,30,65.2,-1.36743,-1.81425,-2.45796,-2.45779,-2.22785,0,0,0
0,0,31,0,6725,94,9,20,4,1,1,45,192.975,1.75429,1.53661,-1.03137,-0.0846692,-0.413976,0,0,0
0,0,34,0,568,4,4,2,4,1,2,45,24.3,-2.45289,-2.77037,-1.69896,-2.64845,-2.70481,0,1,1
0,0,34,0,0,0,0,0,5,1,1,55,0,-3.05645,-3.06149,-2.45324,-2.82914,-3.01404,0,0,0
22,0,29,2,16015,235,0,78,2,1,1,25,731.25,3.0968,3.0521,-2.43809,3.07752,1.41472,1,0,1
3,0,32,2,6905,113,266,31,2,2,1,25,1512.81,1.80459,1.95212,2.58713,1.28493,2.71472,0,0,0
0,0,34,0,3658,79,0,26,2,1,1,25,168.165,0.431035,1.00765,-2.45165,0.646436,-0.740755,0,0,0
0,0,33,0,1605,41,33,18,3,1,2,30,197.84,-1.36693,-0.759683,0.709103,-0.513475,-0.337351,0,0,0
3,0,34,0,2720,50,170,21,2,1,1,25,889.65,-0.28877,-0.161871,2.0769,-0.0117942,1.88688,0,0,0
1,0,25,0,1255,33,188,9,2,2,1,25,903.96,-1.75076,-1.22966,2.20311,-1.73516,1.92626,0,0,0
1,0,24,0,1508,36,25,66,4,1,1,45,101.1,-1.41443,-1.061,0.278021,2.9454,-1.70717,0,0,0
8,0,25,0,640,22,5,5,2,1,2,25,52.29,-2.3853,-1.83743,-1.58047,-2.34481,-2.35324,0,0,0
0,1,24,0,765,7,16,1,4,1,2,45,59.3,-2.25915,-2.54959,-0.395658,-2.79816,-2.2692,0,1,1
7,0,23,0,1165,29,14,11,2,1,1,25,116.73,-1.89259,-1.48224,-0.609262,-1.48034,-1.51127,0,0,0
0,0,23,0,3165,58,3,21,3,1,1,30,140.92,0.135792,0.154686,-1.72501,0.0499988,-1.20041,0,0,0
0,0,16,0,1635,23,23,12,2,1,1,25,178.11,-1.35749,-1.79305,0.102412,-1.24327,-0.600313,0,0,0
13,0,15,0,6333,138,80,40,1,2,1,15,795.905,1.51922,2.34044,1.5154,2.13714,1.58084,1,0,0
9,0,13,0,8873,168,68,38,4,1,1,45,396.025,2.2049,2.60397,1.41681,1.95761,0.983237,1,0,1
5,0,14,2,2793,42,26,17,3,1,1,30,217.4,-0.212719,-0.641321,0.311969,-0.621626,-0.124133,0,0,0
0,0,7,0,4330,37,210,8,3,1,1,30,1014.68,0.837933,-0.984647,2.37889,-1.95436,2.26993,0,0,0
0,0,7,0,1428,16,0,5,3,1,1,30,57.76,-1.50526,-2.11483,-2.32263,-2.36025,-2.27797,0,1,1
9,0,42,1,4450,73,15,21,3,1,1,30,240.92,0.905451,0.759586,-0.457615,0.0566924,0.125935,0,0,0
1,1,43,0,398,7,17,8,3,1,2,30,84.2,-2.60172,-2.61575,-0.285729,-1.90417,-1.96713,0,1,1
11,0,41,1,2533,62,369,28,3,1,1,30,1579.8,-0.496457,0.398609,2.89745,0.874325,2.81332,0,0,0
11,0,42,1,4278,68,11,39,1,1,1,15,299.53,0.841164,0.586841,-0.78246,2.09057,0.58584,0,0,0
4,0,42,1,2473,60,12,37,2,1,1,25,167.985,-0.549869,0.279822,-0.679296,1.79705,-0.770377,0,0,0
12,0,42,2,3855,84,42,32,3,1,1,30,325.56,0.550914,1.18912,1.02641,1.485,0.707542,0,0,0
5,0,42,1,2440,41,295,22,3,1,1,30,1279.24,-0.566434,-0.760845,2.71239,0.225218,2.49387,0,0,0
14,0,41,3,9195,123,154,47,3,1,1,30,988.72,2.2593,2.09397,1.92581,2.64092,2.18062,1,0,1
8,0,42,1,13853,171,10,48,3,1,1,30,600.96,2.71798,2.68763,-0.896604,2.68706,1.21658,1,0,0
8,0,42,2,4595,85,12,29,3,1,1,30,235.2,0.95401,1.16346,-0.748267,1.02133,0.0292684,0,0,0
7,0,42,1,5998,97,17,16,3,1,1,30,311.8,1.3354,1.61445,-0.279097,-0.704993,0.687826,0,0,0
10,0,42,0,2318,56,18,21,3,1,2,30,166.96,-0.686401,0.147396,-0.189969,0.0387586,-0.776702,0,0,0
26,0,42,4,15220,227,64,36,3,2,1,30,873.88,2.84617,2.97374,1.37811,1.79037,1.81889,1,0,0
5,0,42,2,3175,29,493,12,3,1,1,30,2100.16,0.181285,-1.46499,3.08645,-1.43144,3.10904,0,0,0
10,0,41,1,15565,184,160,34,2,1,1,25,1428.7,2.95729,2.80908,1.9995,1.56595,2.67091,1,0,0
4,0,41,2,6580,88,196,30,3,1,1,30,1050.72,1.62013,1.30274,2.3284,1.20535,2.28667,0,0,0
1,0,41,0,955,16,10,15,2,1,2,25,88.695,-2.07277,-2.20793,-0.864957,-0.893632,-1.93154,0,0,0
3,0,42,0,790,16,23,12,3,1,2,30,124.24,-2.23362,-2.20672,0.0775946,-1.37087,-1.43727,0,0,0
1,0,41,0,80,2,10,4,2,1,2,25,48.69,-2.85036,-2.7958,-0.861721,-2.46413,-2.44004,0,1,1
4,0,41,1,7588,129,394,47,3,1,1,30,1884.68,2.06019,2.20112,2.99413,2.66828,2.92139,1,0,0
8,0,41,2,11545,156,21,51,4,1,1,45,345.025,2.5987,2.45881,-0.0323609,2.8074,0.84977,1,0,0
9,0,41,2,6798,77,118,41,2,1,1,25,840.375,1.77467,0.935743,1.72876,2.27971,1.73031,0,0,0
24,1,37,0,1035,49,26,21,3,1,2,30,147.36,-1.97687,-0.200603,0.321524,0.0129152,-1.10175,0,1,1
22,1,40,9,10515,95,11,46,5,1,1,55,175.65,2.46893,1.59899,-0.83657,2.6071,-0.646877,0,0,0
14,0,40,2,5898,100,36,28,2,1,1,25,431.91,1.28786,1.71261,0.841153,0.970753,1.05448,0,1,1
2,0,38,1,2920,24,10,18,3,1,1,30,157.76,-0.0828595,-1.73695,-0.818772,-0.426359,-0.915465,0,0,0
10,0,39,0,3070,43,19,20,3,1,2,30,200.52,0.0559383,-0.605541,-0.165151,-0.158803,-0.283014,0,1,1
10,1,40,0,2348,46,44,35,3,1,2,30,271.76,-0.654329,-0.44857,1.07229,1.7288,0.432259,0,1,1
1,0,40,0,213,4,10,6,3,1,2,30,48.68,-2.78021,-2.76649,-0.932927,-2.10577,-2.4259,0,1,1
2,0,40,1,1748,27,10,10,4,1,1,45,69.375,-1.2465,-1.56348,-0.919993,-1.55916,-2.18641,0,0,0
4,0,37,2,6865,99,24,26,5,1,1,55,140.46,1.82886,1.73873,0.268834,0.66682,-1.18897,0,0,0
1,1,40,0,708,9,19,8,4,1,2,45,65.425,-2.3064,-2.50425,-0.103685,-1.96819,-2.19796,0,1,1
1,0,40,2,418,6,14,6,5,1,1,55,27.36,-2.58307,-2.61376,-0.587673,-2.18863,-2.64835,0,0,0
26,0,35,4,16155,240,10,84,2,1,1,25,782.775,3.09547,3.08546,-0.920749,3.10822,1.51615,1,0,1
7,1,38,4,7045,118,281,37,2,2,1,25,1586.84,1.91792,2.03956,2.66285,1.87735,2.84417,0,0,0
3,0,40,1,3798,84,12,32,3,1,1,30,203.28,0.52443,1.16372,-0.766729,1.47689,-0.296024,0,0,0
4,0,39,0,1745,46,48,24,3,1,2,30,263.64,-1.22183,-0.456597,1.15783,0.37327,0.364083,0,0,0
7,0,40,1,2860,55,185,27,2,1,1,25,963.675,-0.136708,0.0636358,2.22571,0.884538,2.10281,0,0,0
5,0,31,2,1395,38,203,15,2,2,1,25,977.985,-1.56068,-0.890298,2.35577,-0.849607,2.14861,0,0,0
5,0,30,1,1648,41,40,72,4,1,1,45,142.225,-1.34814,-0.766817,0.957781,2.99558,-1.18517,0,0,0
12,0,31,0,780,27,20,11,3,1,2,30,112.28,-2.24553,-1.56449,-0.0625446,-1.50722,-1.56471,0,0,0
1,0,30,0,905,12,31,7,4,1,2,45,100.425,-2.11553,-2.32723,0.554965,-2.03734,-1.77264,0,0,0
11,0,29,1,1305,34,29,17,2,1,1,25,190.755,-1.64538,-1.11591,0.432653,-0.654677,-0.410579,0,0,0
3,0,29,1,3305,63,18,27,3,1,1,30,206.72,0.266127,0.410672,-0.247758,0.859826,-0.227296,0,0,0
3,0,22,1,1775,28,38,18,2,1,1,25,252.135,-1.22528,-1.4944,0.817501,-0.449088,0.219676,0,0,0
17,0,21,2,6473,143,95,46,2,2,1,25,725.22,1.58798,2.34414,1.60688,2.62747,1.38103,1,0,0
13,0,19,1,9013,173,83,44,5,1,1,55,262.29,2.24269,2.65247,1.54234,2.4883,0.376508,1,0,1
9,0,20,4,2933,47,41,23,3,1,1,30,283.2,-0.0536984,-0.355037,0.974752,0.232507,0.533075,0,0,0
3,0,13,2,4470,42,225,14,3,1,1,30,1080.48,0.933726,-0.69,2.47549,-1.02947,2.35236,0,0,0
4,0,13,2,1568,21,10,11,3,1,1,30,103.56,-1.42125,-1.88534,-0.946497,-1.4678,-1.72893,0,1,1
7,0,34,0,4290,69,0,13,2,1,1,25,196.155,0.833963,0.645126,-2.3691,-1.20126,-0.348626,0,0,0
0,0,35,0,0,0,0,0,2,1,2,25,0,-2.99734,-2.93192,-2.37193,-3.06446,-3.07403,0,0,0
9,0,33,0,2373,58,349,20,2,1,1,25,1679.89,-0.64006,0.195469,2.79578,-0.154852,2.87479,0,0,0
9,0,34,0,4118,64,0,31,1,1,1,15,230.01,0.680697,0.435291,-2.37121,1.29918,0.0165579,0,0,0
2,0,34,0,2313,56,0,29,1,1,1,15,130.295,-0.685697,0.0920369,-2.38967,1.04283,-1.35831,0,0,0
10,0,34,0,3695,80,22,24,3,1,1,30,239,0.458385,1.05209,0.0556628,0.363091,0.083271,0,0,0
3,0,34,0,2280,37,275,14,3,1,1,30,1192.68,-0.70312,-1.01071,2.62278,-0.980969,2.47958,0,0,0
12,0,33,1,9035,119,134,39,3,1,1,30,902.16,2.26684,2.03405,1.79268,2.04722,1.92292,1,0,0
6,0,34,0,13693,167,0,40,3,1,1,30,554.4,2.70844,2.60515,-2.31789,2.06371,1.16593,1,0,1
6,0,34,0,4435,81,0,21,3,1,1,30,180.64,0.916225,1.05714,-2.36655,-0.0262616,-0.59508,0,0,0
5,0,34,0,5838,93,0,8,2,1,1,25,266.895,1.27597,1.57772,-2.32581,-1.95002,0.3685,0,0,0
8,0,34,0,2158,52,0,13,3,1,2,30,88.4,-0.830893,-0.0527168,-2.32326,-1.25748,-1.90616,0,0,0
24,0,34,2,15060,223,44,28,3,1,1,30,787.32,2.84872,2.94163,1.03781,0.877574,1.55283,1,0,1
3,0,34,0,3015,25,473,4,3,1,1,30,2013.6,-0.0336399,-1.68944,3.03823,-2.38497,3.06227,0,0,0
8,0,33,0,15405,180,140,26,2,1,1,25,1331.33,2.93866,2.76053,1.86145,0.710318,2.54323,1,0,0
2,0,33,0,6420,84,176,22,3,1,1,30,964.16,1.53178,1.16369,2.09927,0.213921,2.06923,0,0,0
0,0,33,0,795,12,0,7,2,1,2,25,36.315,-2.25317,-2.38203,-2.0002,-2.03622,-2.57866,0,0,0
1,0,34,0,630,12,3,4,2,1,2,25,42.39,-2.39288,-2.3559,-1.80308,-2.42651,-2.52258,0,0,0
0,0,33,0,0,0,0,0,2,1,2,25,0,-3.0801,-3.02448,-2.01789,-3.06365,-2.91331,0,1,1
2,0,33,0,7428,125,374,39,2,1,1,25,2022.88,2.04453,2.12168,2.94602,2.0578,3.00962,1,0,1
6,0,33,0,11385,152,1,43,3,1,1,30,465.48,2.57017,2.47868,-1.85033,2.39702,1.08393,1,0,0
7,0,33,0,6638,73,98,33,2,1,1,25,742.995,1.65771,0.762697,1.62561,1.51389,1.44714,0,0,0
22,0,29,0,875,45,6,13,2,1,2,25,68.4,-2.17203,-0.511738,-1.58575,-1.23961,-2.1768,0,1,1
20,0,32,7,10355,91,0,38,4,1,1,45,261.15,2.46131,1.44048,-1.95564,1.99879,0.341273,0,0,0
12,1,32,0,5738,96,16,20,2,1,1,25,334.53,1.23714,1.58658,-0.394721,-0.172282,0.807725,0,1,1
0,0,30,0,2760,20,0,10,3,1,1,30,111.2,-0.219729,-1.97273,-1.97951,-1.62822,-1.61147,0,0,0
8,1,31,0,2910,39,0,12,3,1,2,30,117.96,-0.0891567,-0.813918,-1.98736,-1.30109,-1.50563,0,1,1
8,0,32,0,2188,42,24,27,3,1,2,30,185.2,-0.841027,-0.699926,0.217657,0.803839,-0.536388,0,1,1
0,1,32,0,0,0,0,0,3,1,2,30,0,-3.14159,-2.97736,-2.03716,-3.04876,-2.88211,0,1,1
0,0,32,0,1588,23,0,2,3,1,1,30,64.44,-1.34023,-1.7563,-2.03875,-2.60492,-2.21669,0,0,0
2,0,29,0,6705,95,4,18,4,1,1,45,180,1.70016,1.56358,-1.6994,-0.462757,-0.582673,0,0,0
0,0,32,0,0,0,0,0,4,1,2,45,0,-3.1287,-2.96013,-2.12438,-3.04729,-2.90253,0,1,1
0,0,32,0,0,0,0,0,5,1,1,55,0,-3.11988,-2.98402,-2.11916,-3.05928,-2.92607,0,0,0
24,0,27,2,15995,236,0,76,2,1,1,25,730.395,3.0363,3.06356,-2.11044,3.00859,1.40576,1,0,1
5,0,30,2,6885,114,261,29,2,2,1,25,1489.45,1.81477,1.96983,2.54828,1.05515,2.68734,0,0,0
1,0,32,0,3638,80,0,24,2,1,1,25,167.31,0.430758,1.03866,-2.1611,0.427083,-0.770542,0,0,0
2,0,31,0,1585,42,28,16,3,1,2,30,177.08,-1.39876,-0.661436,0.414665,-0.769042,-0.62298,0,0,0
5,0,32,0,2700,51,165,19,2,1,1,25,866.295,-0.317804,-0.129609,2.02244,-0.31913,1.81868,0,0,0
3,0,23,0,1235,34,183,7,2,2,1,25,880.605,-1.75146,-1.13398,2.17123,-2.0051,1.88749,0,0,0
3,0,22,0,1488,37,20,64,4,1,1,45,88.125,-1.45631,-0.980506,-0.0757188,2.90972,-1.90935,0,0,0
10,0,23,0,620,23,0,3,2,1,2,25,28.935,-2.44386,-1.77605,-2.1459,-2.52364,-2.67078,0,0,0
0,0,22,0,0,0,11,0,4,1,2,45,27.5,-3.13646,-2.93954,-0.777104,-3.01907,-2.64952,0,0,0
9,0,21,0,1145,30,9,9,2,1,1,25,93.375,-1.8678,-1.44579,-0.954377,-1.72535,-1.85389,0,0,0
1,0,21,0,3145,59,0,19,3,1,1,30,128.16,0.143743,0.23572,-2.17122,-0.335366,-1.36858,0,0,0
1,0,14,0,1615,24,18,10,2,1,1,25,154.755,-1.38929,-1.73219,-0.201914,-1.59123,-0.971293,0,0,0
15,0,13,0,6313,139,75,38,1,2,1,15,767.36,1.51023,2.30561,1.46353,1.93705,1.50867,1,0,1
11,0,11,0,8853,169,63,36,4,1,1,45,383.05,2.23585,2.64563,1.39957,1.83187,0.961738,1,0,1
7,0,12,2,2773,43,21,15,3,1,1,30,196.64,-0.197209,-0.643977,-0.0335365,-0.84245,-0.355731,0,0,0
1,0,5,0,4310,38,205,6,3,1,1,30,993.92,0.849002,-0.913778,2.36012,-2.19018,2.19648,0,0,0
2,0,5,0,1408,17,0,3,3,1,1,30,57,-1.55644,-2.10279,-2.10805,-2.53538,-2.36396,0,1,1
13,0,44,1,4630,81,20,23,3,1,1,30,268.44,0.976838,1.03507,-0.0984732,0.288213,0.421779,0,0,0
5,0,45,0,578,15,22,10,3,1,2,30,111.72,-2.46014,-2.23976,0.0854406,-1.59977,-1.62538,0,0,0
15,0,43,1,2713,70,374,30,3,1,1,30,1607.32,-0.267518,0.673733,2.88713,1.2535,2.82965,0,0,0
15,0,44,1,4458,76,16,41,1,1,1,15,337.37,0.892104,0.862274,-0.422413,2.19641,0.795501,0,0,0
8,0,44,1,2653,68,17,39,2,1,1,25,198.945,-0.353928,0.661869,-0.284448,2.10313,-0.323185,0,0,0
16,0,44,2,4035,92,47,34,3,1,1,30,353.08,0.666674,1.49348,1.17379,1.646,0.853307,0,0,0
9,0,44,1,2620,49,300,24,3,1,1,30,1306.76,-0.391991,-0.271056,2.74986,0.473382,2.56816,0,0,0
18,0,43,3,9375,131,159,49,3,1,1,30,1016.24,2.34711,2.24026,2.01802,2.78685,2.2073,1,0,1
12,0,44,1,14033,179,15,50,3,1,1,30,628.48,2.70611,2.74083,-0.477804,2.77658,1.27828,1,0,0
12,0,44,2,4775,93,17,31,3,1,1,30,262.72,1.0639,1.54127,-0.27814,1.33138,0.356036,0,0,0
11,0,44,1,6178,105,22,18,3,1,1,30,339.32,1.40894,1.82563,0.046233,-0.508294,0.831049,0,0,0
14,1,44,0,2498,64,23,23,3,1,2,30,194.48,-0.553652,0.444993,0.128469,0.289975,-0.359197,0,0,0
30,0,44,4,15400,235,69,38,3,1,1,30,901.4,2.91205,3.06031,1.38741,2.00783,1.90979,1,0,0
9,0,44,2,3355,37,498,14,3,1,1,30,2127.68,0.290704,-1.00665,3.06894,-1.0314,3.13304,0,0,0
14,0,43,1,15745,192,165,36,2,1,1,25,1459.66,3.02806,2.87906,2.03871,1.77592,2.7284,1,0,1
8,0,43,2,6760,96,201,32,3,1,1,30,1078.24,1.77848,1.59131,2.35429,1.33895,2.36439,0,0,0
5,0,43,0,1135,24,15,17,2,1,2,25,119.655,-1.81595,-1.72201,-0.504309,-0.550656,-1.49475,0,0,0
7,0,44,0,970,24,28,14,3,1,2,30,151.76,-2.02278,-1.76304,0.439599,-1.09448,-1.02256,0,0,0
5,0,43,0,260,10,15,6,2,1,2,25,79.65,-2.75329,-2.44869,-0.538829,-2.28474,-2.03632,0,1,1
8,0,43,1,7768,137,399,49,3,1,1,30,1912.2,2.08119,2.25673,2.96767,2.74981,2.91405,1,0,0
12,0,43,2,11725,164,26,53,4,1,1,45,362.225,2.57708,2.52346,0.34174,2.85554,0.910813,1,0,0
13,0,43,2,6978,85,123,43,2,1,1,25,871.335,1.83606,1.18221,1.77854,2.40422,1.83154,0,0,0
28,1,39,0,1215,57,31,23,3,1,2,30,174.88,-1.75204,0.153802,0.546352,0.251917,-0.648533,0,1,1
26,0,42,9,10695,103,16,48,5,2,1,55,185.97,2.48846,1.76876,-0.391712,2.75036,-0.482134,0,0,0
18,0,42,2,6078,108,41,30,2,1,1,25,462.87,1.34051,1.88643,1.00378,1.21998,1.07985,0,0,0
6,0,40,1,3100,32,15,20,3,1,1,30,185.28,0.091081,-1.32694,-0.562388,-0.132321,-0.4926,0,0,0
14,1,41,0,3250,51,24,22,3,1,2,30,228.04,0.232072,-0.164493,0.240762,0.0602357,0.0121581,0,1,1
14,1,42,0,2528,54,49,37,4,1,2,45,187.05,-0.472984,0.0505776,1.19081,1.8727,-0.475164,0,1,1
5,0,42,0,393,12,15,8,3,1,2,30,76.2,-2.62831,-2.41912,-0.486967,-1.90769,-2.04307,0,1,1
6,0,42,1,1928,35,15,12,4,1,1,45,86.575,-1.09036,-1.08866,-0.465871,-1.30633,-1.94422,0,0,0
8,0,39,2,7045,107,29,28,5,1,1,55,150.78,1.87387,1.8485,0.443639,0.898464,-1.05832,0,0,0
5,0,42,0,888,17,24,10,4,1,2,45,82.625,-2.16509,-2.11863,0.196289,-1.51024,-1.96572,0,1,1
5,0,42,2,598,14,19,8,5,1,1,55,37.68,-2.43139,-2.21284,-0.134277,-1.84881,-2.54793,0,0,0
30,1,37,4,16335,248,15,86,2,1,1,25,813.735,3.07786,3.12105,-0.561984,3.13098,1.67525,1,0,1
11,1,40,4,7225,126,286,39,3,2,1,30,1438.04,1.96267,2.14379,2.66787,2.06243,2.64713,1,0,1
7,0,42,1,3978,92,17,34,3,1,1,30,230.8,0.656416,1.53028,-0.274578,1.63027,0.0410258,0,0,0
8,0,41,0,1925,54,53,26,3,1,2,30,291.16,-1.08081,0.0529292,1.26944,0.678793,0.585611,0,0,0
11,0,42,1,3040,63,190,29,2,1,1,25,994.635,0.0213221,0.40381,2.22652,1.07726,2.15671,0,0,0
9,0,33,2,1575,46,208,17,3,2,1,30,896.84,-1.40215,-0.468949,2.40659,-0.630224,1.88548,0,0,0
9,0,32,1,1828,49,45,74,5,1,1,55,95.655,-1.18215,-0.253239,1.10302,3.04507,-1.81706,0,0,0
16,0,33,0,960,35,25,13,3,1,2,30,139.8,-2.06249,-1.07475,0.238,-1.19773,-1.22289,0,0,0
5,0,32,0,1085,20,36,9,4,1,2,45,117.625,-1.97946,-1.92868,0.834412,-1.73106,-1.4976,0,0,0
15,0,31,1,1485,42,34,19,2,1,1,25,221.715,-1.49929,-0.663175,0.681431,-0.337762,-0.0594566,0,0,0
7,0,31,1,3485,71,23,29,3,1,1,30,234.24,0.382442,0.741066,0.144213,1.13906,0.0505119,0,0,0
7,0,24,1,1955,36,43,20,3,1,1,30,251.64,-1.03702,-1.06458,1.01914,-0.0741599,0.215517,0,0,0
21,0,23,2,6653,151,100,48,2,2,1,25,756.18,1.68114,2.42128,1.62371,2.70278,1.47275,1,0,0
17,0,21,1,9193,181,88,46,5,1,1,55,272.61,2.2891,2.80461,1.58983,2.62839,0.431654,1,0,1
13,0,22,4,3113,55,46,25,3,1,1,30,310.72,0.102388,0.0847675,1.14057,0.596651,0.682078,0,0,0
7,0,15,2,4650,50,230,16,3,1,1,30,1108,0.995639,-0.173984,2.4752,-0.807022,2.36256,0,0,0
8,1,15,2,1748,29,15,13,3,1,1,30,131.08,-1.25158,-1.47163,-0.512713,-1.2337,-1.31145,0,1,1
3,0,32,0,4110,61,0,11,2,1,1,25,187.695,0.696705,0.35104,-1.96956,-1.46521,-0.459789,0,0,0
0,0,33,0,0,0,0,0,2,1,2,25,0,-2.9233,-3.12761,-1.96137,-3.0825,-3.02345,0,0,0
5,0,31,0,2193,50,344,18,2,1,1,25,1648.93,-0.769353,-0.152542,2.79796,-0.462417,2.89691,0,0,0
5,0,32,0,3938,56,0,29,1,1,1,15,219.67,0.589979,0.121047,-1.95956,1.09022,-0.115356,0,0,0
0,0,32,0,2133,48,0,27,1,1,1,15,119.955,-0.857638,-0.313158,-1.93653,0.809737,-1.43252,0,0,0
6,0,32,0,3515,72,17,22,2,1,1,25,237.915,0.415622,0.74392,-0.309522,0.118851,0.103975,0,0,0
0,0,32,0,2100,29,270,12,3,1,1,30,1165.16,-0.864236,-1.48354,2.61323,-1.32752,2.38864,0,0,0
8,0,31,1,8855,111,129,37,3,1,1,30,874.64,2.24544,1.92743,1.78792,1.948,1.82777,1,0,0
2,0,32,0,13513,159,0,38,3,1,1,30,546.88,2.67719,2.53035,-2.0376,1.95715,1.16226,1,0,1
2,0,32,0,4255,73,0,19,3,1,1,30,173.12,0.793716,0.80671,-2.0502,-0.322151,-0.706911,0,0,0
1,0,32,0,5658,85,0,6,2,1,1,25,258.435,1.23349,1.18367,-2.0707,-2.14339,0.292224,0,0,0
4,0,32,0,1978,44,0,11,3,1,2,30,80.88,-0.997491,-0.533856,-2.03459,-1.50483,-1.98599,0,0,0
20,0,32,2,14880,215,39,26,3,1,1,30,759.8,2.80788,2.93891,0.903253,0.700934,1.49364,1,0,0
0,0,32,0,2835,17,468,2,3,1,1,30,1986.08,-0.125314,-2.11793,3.04088,-2.73069,3.00464,0,0,0
4,0,31,0,15225,172,135,24,2,1,1,25,1300.37,2.86541,2.71556,1.81629,0.374677,2.52242,1,0,1
0,0,31,0,6240,76,171,20,3,1,1,30,936.64,1.47004,0.857931,2.0826,-0.184289,2.03405,0,0,0
0,0,31,0,615,4,0,5,2,1,2,25,27.855,-2.45494,-2.79835,-2.07099,-2.31469,-2.63821,0,0,0
0,0,32,0,450,4,0,2,2,1,2,25,20.43,-2.52911,-2.74027,-1.97728,-2.68394,-2.71796,0,0,0
0,0,31,0,0,0,0,0,2,1,2,25,0,-2.94443,-3.03578,-2.11294,-3.14159,-3.00545,0,1,1
0,0,31,0,7248,117,369,37,2,1,1,25,1991.92,1.97631,1.97318,2.88173,1.89808,3.00592,0,0,0
2,0,31,0,11205,144,0,41,3,1,1,30,453.96,2.51037,2.3494,-2.09421,2.27102,1.05477,1,0,1
3,0,31,0,6458,65,93,31,2,1,1,25,712.035,1.57582,0.44076,1.60609,1.29444,1.34313,0,0,0
18,1,27,0,695,37,1,11,2,1,2,25,37.44,-2.34126,-0.990224,-1.93374,-1.54499,-2.56557,0,1,1
16,0,30,7,10175,83,0,36,4,1,1,45,256.45,2.44409,1.07272,-2.16428,1.79943,0.26594,1,0,1
8,1,30,0,5558,88,11,18,2,1,1,25,303.57,1.17625,1.32019,-0.844539,-0.398226,0.625844,0,1,1
0,0,28,0,2580,12,0,8,3,1,1,30,103.68,-0.411648,-2.35969,-2.01891,-1.83445,-1.70183,0,0,0
4,0,29,0,2730,31,0,10,2,1,2,25,124.245,-0.267379,-1.38263,-2.06428,-1.57922,-1.37562,0,1,1
4,1,30,0,2008,34,19,25,3,1,2,30,157.68,-0.979183,-1.17415,-0.13583,0.56928,-0.918689,0,1,1
0,0,30,0,0,0,0,0,3,1,2,30,0,-2.92814,-3.07555,-2.08592,-3.07712,-3.08694,0,1,1
0,0,30,0,0,0,0,0,3,1,1,30,0,-2.94175,-3.07407,-2.07676,-3.10554,-3.10489,0,0,0
0,0,27,0,6525,87,0,16,4,1,1,45,165.3,1.64985,1.2639,-2.03453,-0.719525,-0.796724,0,0,0
0,1,30,0,0,0,0,0,4,1,2,45,0,-2.95604,-3.04739,-2.06286,-3.11952,-3.14159,0,1,1
0,1,30,0,0,0,0,0,5,1,1,55,0,-2.90756,-3.07853,-2.06825,-3.11777,-3.1292,0,1,1
20,0,25,2,15815,228,0,74,2,1,1,25,721.935,3.03105,2.96159,-2.07412,3.01875,1.38621,1,0,1
1,0,28,2,6705,106,256,27,2,2,1,25,1458.49,1.70688,1.83458,2.5295,0.863519,2.7194,0,0,0
0,0,30,0,3458,72,0,22,2,1,1,25,158.85,0.326908,0.751537,-2.03264,0.0996498,-0.886923,0,0,0
0,0,29,0,1405,34,23,14,3,1,2,30,149.56,-1.59413,-1.20849,0.0789241,-1.11224,-1.07864,0,0,0
1,0,30,0,2520,43,160,17,2,1,1,25,835.335,-0.509966,-0.591423,1.95894,-0.603452,1.69002,0,0,0
0,0,21,0,1055,26,178,5,2,2,1,25,849.645,-1.97098,-1.62493,2.12213,-2.32627,1.74416,0,0,0
0,0,20,0,1308,29,15,62,4,1,1,45,70.925,-1.68074,-1.47323,-0.530266,2.88135,-2.16707,0,0,0
6,0,21,0,440,15,0,1,2,1,2,25,20.475,-2.57457,-2.1961,-2.06633,-2.76078,-2.73939,0,0,0
0,0,20,0,0,0,6,0,4,1,2,45,15,-2.93486,-3.07995,-1.55613,-3.09784,-2.75651,0,0,0
5,0,19,0,965,22,4,7,2,1,1,25,62.415,-2.05082,-1.82147,-1.63964,-2.05749,-2.23017,0,0,0
0,0,19,0,2965,51,0,17,3,1,1,30,120.64,-0.0276226,-0.126918,-2.39507,-0.61714,-1.44554,0,0,0
0,0,12,0,1435,16,13,8,2,1,1,25,123.795,-1.56513,-2.14025,-0.676199,-1.86843,-1.45136,0,0,0
11,0,11,0,6133,131,70,36,1,2,1,15,729.52,1.39121,2.22604,1.42788,1.80398,1.36366,1,0,1
7,0,9,0,8673,161,58,34,4,1,1,45,365.85,2.19858,2.511,1.34288,1.53394,0.892494,1,0,0
3,0,10,2,2593,35,16,13,3,1,1,30,169.12,-0.408658,-1.10385,-0.368577,-1.1583,-0.6842,0,0,0
0,0,3,0,4130,30,200,4,3,1,1,30,966.4,0.716439,-1.43731,2.33919,-2.40906,2.14513,0,0,0
0,1,3,0,1228,9,0,1,2,1,1,25,55.665,-1.73576,-2.52835,-2.95371,-2.80998,-2.30062,0,1,1
10,0,41,0,4550,79,16,22,3,1,1,30,249.16,0.968884,0.999517,-0.405312,0.0973605,0.182755,0,0,0
2,0,42,0,498,13,18,9,2,1,2,25,103.995,-2.55061,-2.27923,-0.245816,-1.67281,-1.69697,0,0,0
12,0,40,0,2633,68,370,29,3,1,1,30,1588.04,-0.382818,0.619343,2.92529,1.12175,2.80309,0,0,0
12,0,41,0,4378,74,12,40,1,1,1,15,310.86,0.876095,0.832358,-0.710989,2.08391,0.687543,0,0,0
5,0,41,0,2573,66,13,38,1,1,1,15,216.645,-0.42705,0.523489,-0.668825,1.9606,-0.124725,0,0,0
13,0,41,1,3955,90,43,33,3,1,1,30,333.8,0.615552,1.41828,1.06837,1.52756,0.785061,0,0,0
6,0,41,0,2540,47,296,23,3,1,1,30,1287.48,-0.459783,-0.378844,2.7503,0.215403,2.50323,0,0,0
15,0,40,2,9295,129,155,48,3,1,1,30,996.96,2.33939,2.16983,1.91457,2.73225,2.18064,1,0,1
9,0,41,0,13953,177,11,49,3,1,1,30,609.2,2.7136,2.72767,-0.813405,2.72452,1.23047,1,0,0
9,0,41,1,4695,91,13,30,3,1,1,30,243.44,1.02767,1.38322,-0.658155,1.10634,0.139244,0,0,0
8,0,41,0,6098,103,18,17,3,1,1,30,320.04,1.38289,1.77874,-0.271085,-0.538568,0.693885,0,0,0
11,0,41,0,2418,62,19,22,3,1,2,30,175.2,-0.59445,0.370018,-0.110402,0.0856331,-0.627106,0,0,0
27,0,41,3,15320,233,65,37,3,1,1,30,882.12,2.88041,3.05333,1.37602,1.90464,1.90791,1,0,0
6,0,41,1,3275,35,494,13,3,1,1,30,2108.4,0.224755,-1.11382,3.14159,-1.13272,3.10433,0,0,0
11,0,40,0,15665,190,161,35,2,1,1,25,1437.97,2.99173,2.84369,2.03618,1.68667,2.6584,1,0,1
5,0,40,1,6680,94,197,31,3,1,1,30,1058.96,1.68191,1.5484,2.32107,1.32385,2.33215,0,0,0
2,0,40,0,1055,22,11,16,2,1,2,25,97.965,-2.00059,-1.85272,-0.796968,-0.714568,-1.79404,0,0,0
4,0,41,0,890,22,24,13,3,1,2,30,132.48,-2.16583,-1.81434,0.22678,-1.14298,-1.3109,0,0,0
2,0,40,0,180,8,11,5,2,1,2,25,57.96,-2.81519,-2.54097,-0.820134,-2.27562,-2.2816,0,1,1
5,0,40,0,7688,135,395,48,2,1,1,25,2129.53,2.10208,2.29415,2.97909,2.70999,3.14159,1,0,0
9,0,40,1,11645,162,22,52,4,1,1,45,350.175,2.60025,2.5567,0.0790103,2.85334,0.851694,1,0,0
10,0,40,1,6898,83,119,42,2,1,1,25,849.645,1.83246,1.15999,1.75229,2.3454,1.77079,0,0,0
25,1,36,0,1135,55,27,22,2,1,2,25,175.05,-1.8462,0.0805175,0.416691,0.0946163,-0.633544,0,1,1
23,0,39,8,10615,101,12,47,5,1,1,55,178.74,2.47058,1.73142,-0.672447,2.69159,-0.62494,1,0,1
15,0,39,1,5998,106,37,29,2,1,1,25,441.18,1.30918,1.83772,0.869891,1.08026,1.06689,0,0,0
3,0,37,0,3020,30,11,19,3,1,1,30,166,-0.00507203,-1.41813,-0.767481,-0.270148,-0.810793,0,0,0
11,1,38,0,3170,49,20,21,3,1,2,30,208.76,0.156683,-0.252257,-0.113186,0.0564587,-0.223685,0,1,1
11,1,39,0,2448,52,45,36,3,1,2,30,280,-0.623962,-0.0747944,1.11086,1.80537,0.460924,0,1,1
2,1,39,0,313,10,11,7,3,1,2,30,56.92,-2.63826,-2.43315,-0.770549,-2.01333,-2.32722,0,1,1
3,0,39,0,1848,33,11,11,3,1,1,30,119.24,-1.13966,-1.20461,-0.800113,-1.48075,-1.48106,0,0,0
5,0,36,1,6965,105,25,27,5,1,1,55,143.55,1.87632,1.83457,0.253239,0.837214,-1.15706,0,0,0
2,0,39,0,808,15,20,9,4,1,2,45,70.575,-2.24294,-2.21914,-0.0957921,-1.72373,-2.1596,0,1,1
2,0,39,1,518,12,15,7,5,1,1,55,30.45,-2.51651,-2.31861,-0.499012,-2.03453,-2.62704,0,0,0
27,1,34,3,16255,246,11,85,2,1,1,25,792.045,3.13654,3.12511,-0.794615,3.12671,1.59487,1,0,1
8,0,37,3,7145,124,282,38,2,2,1,25,1596.11,1.97001,2.11695,2.70386,1.95009,2.84331,0,0,0
4,0,39,0,3898,90,13,33,2,1,1,25,237.96,0.567391,1.44757,-0.677815,1.53373,0.113231,0,0,0
5,0,38,0,1845,52,49,25,3,1,2,30,271.88,-1.13279,-0.107011,1.1789,0.485727,0.436585,0,0,0
8,0,39,0,2960,61,186,28,2,1,1,25,972.945,-0.036934,0.349068,2.19939,0.99061,2.12036,0,0,0
6,1,30,1,1495,44,204,16,2,2,1,25,987.255,-1.46447,-0.533173,2.33803,-0.737352,2.16283,0,1,1
6,0,29,0,1748,47,41,73,4,1,1,45,147.375,-1.22984,-0.414976,1.00138,2.98816,-1.08413,0,0,0
13,0,30,0,880,33,21,12,2,1,2,25,135.585,-2.15125,-1.26685,0.00640643,-1.29248,-1.28472,0,0,0
2,0,29,0,1005,18,32,8,4,1,2,45,105.575,-1.9997,-2.08763,0.652165,-1.90016,-1.66411,0,0,0
12,0,28,0,1405,40,30,18,2,1,1,25,200.025,-1.58466,-0.810494,0.562523,-0.383521,-0.322943,0,0,0
4,0,28,0,3405,69,19,28,3,1,1,30,214.96,0.290545,0.606591,-0.122661,0.872898,-0.145984,0,0,0
4,0,21,0,1875,34,39,19,2,1,1,25,261.405,-1.14162,-1.20006,0.936864,-0.371706,0.350628,0,0,0
18,0,20,1,6573,149,96,47,2,2,1,25,734.49,1.64322,2.42083,1.6219,2.69068,1.41466,1,0,0
14,0,18,0,9113,179,84,45,4,1,1,45,442.3,2.30986,2.78857,1.5248,2.54028,1.07044,1,0,0
10,0,19,3,3033,53,42,24,3,1,1,30,291.44,0.0325268,-0.0242538,1.05968,0.355234,0.573676,0,0,0
4,0,12,1,4570,48,226,15,3,1,1,30,1088.72,0.936794,-0.329117,2.48538,-0.870456,2.36263,0,0,0
5,0,12,1,1668,27,11,12,3,1,1,30,111.8,-1.35535,-1.57825,-0.800604,-1.33661,-1.61407,0,1,1
6,0,35,0,4190,63,0,12,3,1,1,30,170.12,0.753651,0.416739,-2.83074,-1.32728,-0.703322,0,0,0
0,0,36,0,0,0,0,0,2,1,2,25,0,-2.9978,-2.94513,-2.85303,-2.9369,-2.92012,0,0,0
8,0,34,0,2273,52,348,19,3,1,1,30,1485,-0.753423,-0.0981646,2.81386,-0.361595,2.72452,0,0,0
8,0,35,0,4018,58,0,30,1,1,1,15,224.18,0.626927,0.224674,-2.78148,1.25836,-0.0680135,0,0,0
1,0,35,0,2213,50,0,28,1,1,1,15,124.465,-0.799835,-0.145026,-2.78519,0.942426,-1.36434,0,0,0
9,0,35,1,3595,74,21,23,3,1,1,30,230.76,0.425673,0.78909,-0.026905,0.350546,-0.00564292,0,0,0
2,0,35,0,2180,31,274,13,3,1,1,30,1184.44,-0.784038,-1.35086,2.59901,-1.14511,2.4415,0,0,0
11,0,34,2,8935,113,133,38,3,1,1,30,893.92,2.2359,1.90436,1.82433,1.99079,1.89238,1,0,0
5,0,35,0,13593,161,0,39,3,1,1,30,550.16,2.72609,2.52902,-2.82654,2.01763,1.14707,1,0,1
5,0,35,1,4335,75,0,20,3,1,1,30,176.4,0.835489,0.828531,-2.82057,-0.197515,-0.599926,0,0,0
4,0,35,0,5738,87,0,7,3,1,1,30,233,1.25887,1.28566,-2.79691,-2.04781,0.0839849,0,0,0
7,0,35,0,2058,46,0,12,3,1,2,30,84.16,-0.920927,-0.384761,-2.82452,-1.30861,-1.99531,0,0,0
23,0,35,3,14960,217,43,27,3,1,1,30,779.08,2.81258,2.92158,1.06725,0.759665,1.53899,1,0,1
2,0,35,1,2915,19,472,3,3,1,1,30,2005.36,-0.0779947,-2.05032,3.02505,-2.56891,2.98627,0,0,0
7,0,34,0,15305,174,139,25,2,1,1,25,1322.06,2.89547,2.70418,1.82692,0.525322,2.5185,1,0,1
1,0,34,1,6320,78,175,21,3,1,1,30,955.92,1.52844,0.927606,2.15048,-0.0548179,2.08412,0,0,0
0,0,34,0,695,6,0,6,2,1,2,25,31.545,-2.35191,-2.64103,-2.8467,-2.16593,-2.62197,0,0,0
0,0,35,0,530,6,2,3,3,1,2,30,29.44,-2.46132,-2.68309,-1.7542,-2.56557,-2.61912,0,0,0
0,1,34,0,0,0,0,0,2,1,2,25,0,-3.00006,-2.83538,-2.8939,-2.95537,-2.90774,0,1,1
1,0,34,0,7328,119,373,38,2,1,1,25,2013.62,2.00883,2.07386,2.89047,1.95152,3.03877,0,0,0
5,0,34,1,11285,146,0,42,4,1,1,45,285.775,2.58589,2.3674,-2.85452,2.30921,0.535626,1,0,1
6,0,34,1,6538,67,97,32,2,1,1,25,733.725,1.61822,0.560076,1.61232,1.46143,1.39149,0,0,0
21,1,30,0,775,39,5,12,2,1,2,25,59.13,-2.21758,-0.831635,-1.62053,-1.33877,-2.29141,0,1,1
19,0,33,8,10255,85,0,37,5,1,1,55,155.1,2.44195,1.22263,-2.86358,1.85792,-0.983546,0,0,0
11,1,33,1,5638,90,15,19,2,1,1,25,325.26,1.22243,1.35193,-0.524284,-0.331042,0.726721,0,1,1
0,0,31,0,2660,14,0,9,3,1,1,30,106.96,-0.318854,-2.23116,-2.92166,-1.69766,-1.70162,0,0,0
7,0,32,0,2810,33,0,11,3,1,2,30,113.72,-0.143226,-1.19788,-2.87371,-1.44165,-1.57781,0,1,1
7,1,33,0,2088,36,23,26,3,1,2,30,176.96,-0.871632,-1.05126,0.1544,0.605578,-0.593894,0,1,1
0,0,33,0,0,0,0,0,3,1,2,30,0,-2.92186,-2.89769,-2.83618,-2.86104,-3.01575,0,1,1
0,0,33,0,1488,17,0,1,3,1,1,30,60.2,-1.49508,-2.12857,-2.85838,-2.8025,-2.30274,0,0,0
1,0,30,1,6605,89,3,17,5,1,1,55,104.91,1.66391,1.3556,-1.72319,-0.56015,-1.66011,0,0,0
0,0,33,0,0,0,0,0,4,1,2,45,0,-3.04507,-2.86814,-2.84409,-2.84343,-3.03099,0,1,1
0,0,33,0,0,0,0,0,5,1,1,55,0,-2.94541,-2.8526,-2.85898,-2.90068,-3.02637,0,0,0
23,0,28,3,15895,230,0,75,2,1,1,25,725.625,3.03322,2.98922,-2.84149,2.99546,1.43387,1,0,1
4,0,31,3,6785,108,260,28,2,2,1,25,1480.18,1.76772,1.86504,2.53998,0.872878,2.69114,0,0,0
0,0,33,0,3538,74,0,23,2,1,1,25,162.54,0.403005,0.800978,-2.9726,0.309805,-0.85604,0,0,0
1,0,32,0,1485,36,27,15,3,1,2,30,168.84,-1.51087,-1.05896,0.417276,-0.888089,-0.74329,0,0,0
4,0,33,0,2600,45,164,18,2,1,1,25,857.025,-0.428438,-0.506016,1.98985,-0.47517,1.76892,0,0,0
2,0,24,1,1135,28,182,6,2,2,1,25,871.335,-1.86675,-1.54534,2.17501,-2.14515,1.82638,0,0,0
2,0,23,0,1388,31,19,63,4,1,1,45,82.975,-1.58958,-1.36352,-0.147068,2.8887,-2.00635,0,0,0
9,0,24,0,520,17,0,2,2,1,2,25,24.165,-2.52008,-2.13952,-3.0853,-2.65637,-2.71968,0,0,0
0,0,23,0,0,0,10,0,4,1,2,45,25,-2.95401,-2.92214,-0.942577,-2.8948,-2.70044,0,0,0
8,0,22,0,1045,24,8,8,2,1,1,25,84.105,-1.97955,-1.69375,-1.17807,-1.90227,-1.96509,0,0,0
0,0,22,0,3045,53,0,18,3,1,1,30,123.92,0.0273036,-0.0159592,-3.07318,-0.468683,-1.3949,0,0,0
0,0,15,0,1515,18,17,9,2,1,1,25,145.485,-1.44923,-2.10013,-0.290576,-1.66286,-1.11036,0,0,0
14,0,14,1,6213,133,74,37,2,2,1,25,618.57,1.45144,2.21084,1.47069,1.83381,1.22993,0,0,0
10,0,12,0,8753,163,62,35,4,1,1,45,377.9,2.22244,2.5341,1.35477,1.62837,0.915373,1,0,1
6,0,13,3,2673,37,20,14,3,1,1,30,188.4,-0.318343,-0.982504,-0.10316,-1.02642,-0.48197,0,0,0
0,0,6,1,4210,32,204,5,3,1,1,30,985.68,0.761892,-1.28778,2.39663,-2.33461,2.16587,0,0,0
1,0,6,1,1308,11,0,2,3,1,1,30,52.76,-1.69285,-2.39517,-3.06744,-2.72797,-2.32564,0,1,1
12,0,38,2,4970,81,26,32,3,1,1,30,306.04,1.13238,1.03963,0.311125,1.3943,0.666384,0,0,0
4,0,39,0,918,15,28,19,3,1,2,30,149.32,-2.14036,-2.1735,0.392425,-0.381376,-1.07407,0,0,0
14,0,37,2,3053,70,380,39,3,1,1,30,1644.92,0.040593,0.647465,2.89721,2.0586,2.89438,0,0,0
14,0,38,2,4798,76,22,50,1,1,1,15,389.07,1.09941,0.883672,0.0925343,2.77521,0.958887,0,0,0
7,0,38,2,2993,68,23,48,2,1,1,25,241.245,0.00864729,0.573781,0.136782,2.72167,0.134218,0,0,0
15,0,38,3,4375,92,53,43,3,1,1,30,390.68,0.84541,1.47082,1.25037,2.3851,0.964315,0,0,0
8,0,38,2,2960,49,306,33,3,1,1,30,1344.36,-0.0389181,-0.277697,2.7482,1.52552,2.56408,0,0,0
17,0,37,4,9715,131,165,58,3,2,1,30,1053.84,2.39562,2.23,2.05729,2.84344,2.30495,1,0,1
11,0,38,2,14373,179,21,59,3,1,1,30,666.08,2.75332,2.77701,-0.0519284,2.87302,1.29524,1,0,0
11,0,38,3,5115,93,23,40,3,1,1,30,300.32,1.12755,1.4996,0.143378,2.14325,0.593901,0,0,0
10,0,38,2,6518,105,28,27,3,1,1,30,376.92,1.62333,1.8134,0.478294,0.82642,0.90049,0,0,0
13,0,38,0,2838,64,29,32,3,1,2,30,232.08,-0.15407,0.436474,0.511484,1.41672,0.0436013,0,0,0
29,0,38,5,15740,235,75,47,3,1,1,30,939,2.98385,2.97562,1.48289,2.6419,2.04841,1,0,1
8,0,38,3,3695,37,504,23,3,1,1,30,2165.28,0.498343,-0.970909,3.12283,0.218807,3.13793,0,0,0
13,0,37,2,16085,192,171,45,2,1,1,25,1501.96,3.06379,2.86363,2.06495,2.54601,2.73936,1,0,0
7,0,37,3,7100,96,207,41,3,1,1,30,1115.84,1.94497,1.5997,2.39404,2.18573,2.39786,0,0,0
4,0,37,0,1475,24,21,26,2,1,2,25,161.955,-1.48844,-1.75151,-0.00051102,0.679541,-0.827513,0,0,0
6,0,38,0,1310,24,34,23,3,1,2,30,189.36,-1.67812,-1.75414,0.774306,0.34589,-0.43513,0,0,0
4,0,37,0,600,10,21,15,2,1,2,25,121.95,-2.43449,-2.40338,0.0268088,-0.901618,-1.44058,0,1,1
7,0,37,2,8108,137,405,58,3,1,1,30,1949.8,2.107,2.26218,3.0131,2.88314,2.97622,0,0,0
11,0,37,3,12065,164,32,62,4,1,1,45,385.725,2.60852,2.5353,0.616775,2.86812,0.968435,1,0,0
12,0,37,3,7318,85,129,52,2,1,1,25,913.635,2.03068,1.26634,1.80977,2.82356,1.94432,0,0,0
27,1,33,0,1555,57,37,32,3,1,2,30,212.48,-1.48824,0.144683,0.845189,1.40066,-0.168285,0,1,1
25,0,36,10,11035,103,22,57,5,2,1,55,200.07,2.53202,1.7865,0.0680714,2.89827,-0.327478,1,0,0
17,0,36,3,6418,108,47,39,2,1,1,25,505.17,1.53771,1.84023,1.19227,2.07545,1.13106,0,0,0
5,0,34,2,3440,32,21,29,3,1,1,30,222.88,0.318114,-1.31402,-0.0156634,1.07175,-0.0626049,0,0,0
13,1,35,0,3590,51,30,31,3,1,2,30,265.64,0.440249,-0.140542,0.532712,1.26645,0.378111,0,1,1
13,1,36,0,2868,54,55,46,3,1,2,30,336.88,-0.108951,0.0161215,1.29585,2.60858,0.788803,0,1,1
4,0,36,0,733,12,21,17,3,1,2,30,113.8,-2.28675,-2.39437,-0.0267578,-0.676409,-1.55721,0,1,1
5,0,36,2,2268,35,21,21,4,1,1,45,110.075,-0.720646,-1.13517,-0.0418322,0.0146513,-1.64506,0,0,0
7,0,33,3,7385,107,35,37,5,1,1,55,164.88,2.00194,1.87083,0.7462,1.92957,-0.825424,0,0,0
4,0,36,0,1228,17,30,19,4,1,2,45,106.125,-1.76216,-2.13834,0.558972,-0.270608,-1.6796,0,1,1
4,0,36,3,938,14,25,17,5,1,1,55,51.78,-2.09257,-2.30861,0.245704,-0.63638,-2.37782,0,0,0
29,0,31,5,16675,248,21,95,2,1,1,25,856.035,3.11922,3.13549,0.044648,3.13255,1.78897,1,0,1
10,0,34,5,7565,126,292,48,2,2,1,25,1660.1,2.07302,2.09393,2.71621,2.71556,2.903,0,0,0
6,0,36,2,4318,92,23,43,3,1,1,30,268.4,0.833676,1.47346,0.120296,2.38396,0.384742,0,0,0
7,1,35,0,2265,54,59,35,3,1,2,30,328.76,-0.738081,-0.0380538,1.32693,1.76782,0.788379,0,1,1
10,0,36,2,3380,63,196,38,2,1,1,25,1036.93,0.310338,0.407363,2.33449,1.97016,2.3042,0,0,0
8,0,27,3,1915,46,214,26,2,2,1,25,1051.24,-1.05646,-0.418244,2.43566,0.700718,2.31686,0,0,0
8,0,26,2,2168,49,51,83,4,1,1,45,182.925,-0.810813,-0.281936,1.17766,3.09525,-0.582071,0,0,0
15,0,27,0,1300,35,31,22,3,1,2,30,177.4,-1.68712,-1.08999,0.539954,0.170344,-0.598016,0,0,0
4,0,26,0,1425,20,42,18,4,1,2,45,141.125,-1.54494,-1.93239,1.06169,-0.517799,-1.16908,0,0,0
14,0,25,2,1825,42,40,28,2,1,1,25,264.015,-1.16305,-0.672811,0.973135,0.95602,0.358162,0,0,0
6,0,25,2,3825,71,29,38,3,1,1,30,271.84,0.529007,0.684031,0.48373,1.95266,0.41093,0,0,0
6,0,18,2,2295,36,49,29,2,1,1,25,325.395,-0.687578,-1.04562,1.20346,0.986474,0.721351,0,0,0
20,0,17,3,6993,151,106,57,2,2,1,25,798.48,1.85889,2.42117,1.66678,2.88599,1.60354,0,0,0
16,0,15,2,9533,181,94,55,5,1,1,55,286.71,2.369,2.79778,1.63482,2.84593,0.569983,1,0,1
12,0,16,5,3453,55,52,34,3,1,1,30,348.32,0.355275,0.05195,1.24052,1.63905,0.851085,0,0,0
6,0,9,3,4990,50,236,25,3,1,1,30,1145.6,1.12495,-0.212893,2.52183,0.510009,2.43759,0,0,0
7,1,9,3,2088,29,21,22,3,1,1,30,168.68,-0.88317,-1.51855,0.0437123,0.0909195,-0.762444,0,1,1
4,0,38,0,3770,61,0,2,2,1,1,25,172.395,0.505672,0.340365,-2.95896,-2.71575,-0.718535,0,0,0
0,0,39,0,0,0,0,0,2,1,2,25,0,-3.008,-2.99498,-2.96064,-2.98412,-3.14159,0,0,0
6,0,37,0,1853,50,338,9,2,1,1,25,1606.63,-1.14861,-0.223381,2.77123,-1.75923,2.84594,0,0,0
6,0,38,0,3598,56,0,20,1,1,1,15,200.97,0.47329,0.0924694,-2.96957,-0.0841795,-0.241249,0,0,0
0,0,38,0,1793,48,0,18,1,1,1,15,101.255,-1.18309,-0.295975,-2.95293,-0.395393,-1.75219,0,0,0
7,0,38,0,3175,72,11,13,3,1,1,30,173.88,0.164801,0.730803,-0.868541,-1.12724,-0.676201,0,0,0
0,0,38,0,1760,29,264,3,3,1,1,30,1127.56,-1.24189,-1.46828,2.54292,-2.57326,2.38859,0,0,0
9,0,37,0,8515,111,123,28,3,1,1,30,837.04,2.14683,1.92329,1.78474,0.94696,1.73225,0,0,0
3,0,38,0,13173,159,0,29,3,1,1,30,533.28,2.65795,2.48461,-2.98044,1.07522,1.15724,1,0,0
3,0,38,0,3915,73,0,10,3,1,1,30,159.52,0.608498,0.763288,-3.00981,-1.57047,-0.903962,0,0,0
2,0,38,0,5318,85,0,15,2,1,1,25,243.135,1.15407,1.20937,-2.99727,-0.915989,0.173006,0,0,0
5,0,38,0,1638,44,0,2,3,1,2,30,67.28,-1.35527,-0.510332,-2.985,-2.72989,-2.19664,0,0,0
21,0,38,1,14540,215,33,17,3,1,1,30,722.2,2.75454,2.89639,0.66201,-0.626635,1.42127,1,0,0
0,0,38,0,2495,17,462,7,3,1,1,30,1948.48,-0.526782,-2.09909,3.03002,-1.98406,2.9947,0,0,0
5,0,37,0,14885,172,129,15,2,1,1,25,1258.07,2.81333,2.72813,1.79308,-0.892627,2.52243,1,0,0
0,0,37,0,5900,76,165,11,3,1,1,30,899.04,1.28131,0.842643,1.97771,-1.43708,1.93623,0,0,0
0,0,37,0,275,4,0,1,2,1,2,25,12.555,-2.73965,-2.74404,-2.9851,-2.78048,-2.79073,0,0,0
0,0,38,0,110,4,0,1,2,1,2,25,5.13,-2.82635,-2.75871,-3.03169,-2.76775,-2.89399,0,0,0
0,0,37,0,0,0,0,0,2,1,2,25,0,-2.95385,-2.99465,-3.06721,-2.9484,-2.97515,0,1,1
0,0,37,0,6908,117,363,28,2,1,1,25,1949.62,1.80069,1.98939,2.89274,0.900211,2.98348,0,0,0
3,0,37,0,10865,144,0,32,3,1,1,30,440.36,2.51849,2.36349,-3.07136,1.38285,1.04902,1,0,0
4,0,37,0,6118,65,87,22,2,1,1,25,669.735,1.39731,0.464822,1.54753,0.182616,1.30966,0,0,0
19,0,33,0,355,37,0,2,2,1,2,25,17.64,-2.62057,-0.976595,-3.03472,-2.69958,-2.73688,0,1,1
17,0,36,6,9835,83,0,27,4,1,1,45,247.95,2.36163,1.12233,-3.04404,0.814567,0.202782,0,0,0
9,1,36,0,5218,88,5,9,2,1,1,25,261.27,1.13067,1.31924,-1.5928,-1.73281,0.346996,0,1,1
0,0,34,0,2240,12,0,4,3,1,1,30,90.08,-0.744357,-2.37495,-3.01534,-2.52034,-1.93406,0,0,0
5,0,35,0,2390,31,0,1,3,1,2,30,96.84,-0.62254,-1.31834,-2.99248,-2.8171,-1.82963,0,1,1
5,0,36,0,1668,34,13,16,3,1,2,30,120.08,-1.30135,-1.20274,-0.718872,-0.678862,-1.46255,0,1,1
0,0,36,0,0,0,0,0,3,1,2,30,0,-2.89691,-3.00366,-2.99664,-2.94343,-2.93074,0,1,1
0,0,36,0,1068,15,0,3,3,1,1,30,43.32,-1.96634,-2.25289,-3.00236,-2.48278,-2.4861,0,0,0
0,0,33,0,6185,87,0,7,4,1,1,45,156.8,1.41574,1.28689,-3.04266,-1.96289,-0.935284,0,0,0
0,0,36,0,0,0,0,0,4,1,2,45,0,-2.90309,-3.05728,-3.00594,-2.93701,-2.9342,0,1,1
0,0,36,0,0,0,0,0,5,1,1,55,0,-2.93858,-2.99276,-2.98116,-2.95549,-2.94969,0,0,0
21,0,31,1,15475,228,0,65,2,1,1,25,706.635,2.95099,3.00017,-3.01042,2.89481,1.35144,1,0,0
2,0,34,1,6365,106,250,18,2,2,1,25,1416.19,1.48329,1.82558,2.5392,-0.421804,2.66411,0,0,0
0,0,36,0,3118,72,0,13,2,1,1,25,143.55,0.163693,0.764539,-3.00646,-1.19377,-1.17475,0,0,0
0,0,35,0,1065,34,17,5,3,1,2,30,111.96,-1.97106,-1.19847,-0.343973,-2.34595,-1.59492,0,0,0
2,0,36,0,2180,43,154,8,2,1,1,25,793.035,-0.826852,-0.637751,1.92056,-1.96065,1.59393,0,0,0
0,0,27,0,715,26,172,1,2,2,1,25,807.345,-2.26836,-1.59778,2.08858,-2.76417,1.59385,0,0,0
0,0,26,0,968,29,9,53,4,1,1,45,47.425,-2.00585,-1.44516,-1.03255,2.82212,-2.41492,0,0,0
7,0,27,0,100,15,0,3,2,1,2,25,5.175,-2.85087,-2.24462,-2.95807,-2.52074,-2.87515,0,0,0
0,0,26,0,0,0,0,0,4,1,2,45,0,-2.89818,-3.03969,-2.79581,-2.96904,-2.98999,0,0,0
6,0,25,0,625,22,0,2,2,1,1,25,29.115,-2.3953,-1.87589,-2.76147,-2.69751,-2.59415,0,0,0
0,0,25,0,2625,51,0,8,3,1,1,30,107.04,-0.397873,-0.106563,-2.8215,-1.91278,-1.66734,0,0,0
0,0,18,0,1095,16,7,6,2,1,1,25,81.495,-1.90432,-2.22061,-1.4394,-2.239,-1.99503,0,0,0
12,0,17,0,5793,131,64,27,1,2,1,15,677.82,1.25925,2.22298,1.34535,0.803308,1.31475,0,0,0
8,0,15,0,8333,161,52,25,4,1,1,45,342.35,2.13475,2.50177,1.19782,0.568178,0.821729,1,0,0
4,0,16,1,2253,35,10,4,3,1,1,30,131.52,-0.751828,-1.14463,-0.93307,-2.41517,-1.29816,0,0,0
0,0,9,0,3790,30,194,23,3,1,1,30,928.8,0.513904,-1.38421,2.30011,0.332997,1.99946,0,0,0
0,1,9,0,888,9,0,3,3,1,1,30,35.88,-2.1783,-2.51175,-2.5917,-2.5426,-2.58294,0,1,1
8,0,39,1,4485,77,37,21,3,1,1,30,330.48,0.927582,0.89707,0.847153,-0.0690197,0.717868,0,0,0
0,0,40,0,433,11,39,8,3,1,2,30,173.76,-2.58253,-2.42365,0.899505,-1.90142,-0.698071,0,0,0
10,0,38,1,2568,66,391,28,3,1,1,30,1669.36,-0.466023,0.541539,2.97336,0.979224,2.88727,0,0,0
10,0,39,1,4313,72,33,39,1,1,1,15,422.675,0.830377,0.714635,0.68997,2.06522,1.00278,0,0,0
3,0,39,1,2508,64,34,37,2,1,1,25,268.74,-0.486313,0.477352,0.759012,1.86152,0.448216,0,0,0
11,0,39,2,3890,88,64,32,3,1,1,30,415.12,0.573798,1.30043,1.38069,1.43722,1.00733,0,0,0
4,0,39,1,2475,45,317,22,4,1,1,45,855.5,-0.549078,-0.464018,2.74715,0.0778729,1.7961,0,0,0
13,0,38,3,9230,127,176,47,3,1,1,30,1078.28,2.3209,2.17911,2.09988,2.67951,2.35835,1,0,1
7,0,39,1,13888,175,32,48,3,1,1,30,690.52,2.75098,2.68678,0.649638,2.71816,1.28169,1,0,0
7,0,39,2,4630,89,34,29,3,1,1,30,324.76,0.974057,1.40185,0.721664,1.01579,0.748409,0,0,0
6,0,39,1,6033,101,39,16,3,1,1,30,401.36,1.36119,1.76207,0.874823,-0.742177,1.00298,1,0,0
9,1,39,0,2353,60,40,21,3,1,2,30,256.52,-0.676346,0.263269,0.976994,-0.0275956,0.269176,0,0,0
25,0,39,4,15255,231,86,36,3,1,1,30,963.44,2.83133,2.97994,1.54057,1.79543,2.11968,1,0,0
4,0,39,2,3210,33,515,12,4,1,1,45,1368.58,0.167614,-1.25169,3.14159,-1.35466,2.59312,0,0,0
9,0,38,1,15600,188,182,34,2,1,1,25,1529.46,2.95423,2.91295,2.19151,1.62391,2.73968,1,0,1
3,0,38,2,6615,92,218,30,3,1,1,30,1140.28,1.6478,1.43617,2.43783,1.19101,2.42424,0,0,0
0,0,38,0,990,20,32,15,2,1,2,25,189.45,-2.05007,-1.96759,0.622453,-0.902181,-0.443145,0,0,0
2,0,39,0,825,20,45,12,3,1,2,30,213.8,-2.2094,-1.9271,1.07152,-1.28632,-0.159417,0,0,0
0,0,38,0,115,6,32,4,2,1,2,25,149.445,-2.80957,-2.67013,0.627451,-2.43561,-1.04617,0,1,1
3,0,38,1,7623,133,416,47,3,1,1,30,1974.24,2.07758,2.26024,3.00478,2.67041,2.98572,1,0,0
7,0,38,2,11580,160,43,51,4,1,1,45,401,2.60757,2.51514,1.04351,2.81089,0.991506,1,0,0
8,0,38,2,6833,81,140,41,2,1,1,25,941.13,1.80066,1.03155,1.87639,2.24814,2.04972,0,0,0
23,1,34,0,1070,53,48,21,3,1,2,30,236.92,-1.91226,-0.0283889,1.17609,-0.0022456,0.0633736,0,1,1
21,0,37,9,10550,99,33,46,5,1,1,55,209.235,2.45358,1.64527,0.707579,2.59598,-0.194817,1,0,0
13,0,37,2,5933,104,58,28,3,1,1,30,473.48,1.28889,1.7826,1.31357,0.995678,1.10831,0,0,0
1,0,35,1,2955,28,32,18,3,1,1,30,247.32,-0.00346328,-1.52772,0.638961,-0.395942,0.208754,0,0,0
9,1,36,0,3105,47,41,20,3,1,2,30,290.08,0.0918278,-0.365311,0.996409,-0.209683,0.569309,0,1,1
9,0,37,0,2383,50,66,35,4,1,2,45,225.825,-0.625277,-0.232583,1.38444,1.7134,-0.0528803,0,1,1
0,0,37,0,248,8,32,6,3,1,2,30,138.24,-2.77796,-2.4912,0.571183,-2.22095,-1.21197,0,1,1
1,0,37,1,1783,31,32,10,4,1,1,45,125.35,-1.24676,-1.29144,0.56558,-1.64579,-1.34417,0,0,0
3,0,34,2,6900,103,46,26,5,1,1,55,174.045,1.84045,1.77979,1.14111,0.683179,-0.649033,0,0,0
0,0,37,0,743,13,41,8,4,1,2,45,121.4,-2.29133,-2.33425,1.01626,-1.86635,-1.45242,0,1,1
0,0,37,2,453,10,36,6,5,1,1,55,60.945,-2.54689,-2.47129,0.808187,-2.20826,-2.29725,0,0,0
25,0,32,4,16190,244,32,84,2,2,1,25,883.53,3.0858,3.09916,0.618159,3.11819,1.85979,1,0,1
6,0,35,4,7080,122,303,37,3,2,1,30,1500.08,1.9232,2.07332,2.76728,1.85915,2.75279,0,0,0
2,0,37,1,3833,88,34,32,3,1,1,30,292.84,0.542692,1.32532,0.717968,1.42677,0.6002,0,0,0
3,0,36,0,1780,50,70,24,4,1,2,45,220.75,-1.17735,-0.198589,1.43816,0.355817,-0.0750044,0,0,0
6,0,37,1,2895,59,207,27,2,1,1,25,1064.43,-0.0873226,0.27561,2.40948,0.804068,2.31302,0,0,0
4,0,28,2,1430,42,225,15,3,2,1,30,958.88,-1.51553,-0.671026,2.47373,-0.830986,2.08764,0,0,0
4,0,27,1,1683,45,62,72,5,1,1,55,118.92,-1.30312,-0.480961,1.32412,3.02025,-1.50721,0,0,0
11,0,28,0,815,31,42,11,3,1,2,30,201.84,-2.22844,-1.35629,1.03281,-1.53028,-0.279942,0,0,0
0,0,27,0,940,16,53,7,4,1,2,45,156.4,-2.11502,-2.18491,1.21614,-2.0713,-0.945117,0,0,0
10,0,26,1,1340,38,51,17,2,1,1,25,291.51,-1.64295,-0.913583,1.23627,-0.539608,0.580301,0,0,0
2,0,26,1,3340,67,40,27,3,1,1,30,296.28,0.260438,0.58281,0.972485,0.820711,0.612507,0,0,0
2,0,19,1,1810,32,60,18,3,1,1,30,313.68,-1.17356,-1.26236,1.35073,-0.45274,0.667692,0,0,0
16,0,18,2,6508,147,117,46,2,2,1,25,825.975,1.6392,2.38967,1.70601,2.63892,1.67127,1,0,0
12,0,16,1,9048,177,105,44,5,1,1,55,295.875,2.23007,2.69985,1.64247,2.47981,0.588461,1,0,1
8,0,17,4,2968,51,63,23,3,2,1,30,372.76,-0.0299165,-0.136925,1.38934,0.286072,0.896562,0,0,0
2,0,10,2,4505,46,247,14,3,1,1,30,1170.04,0.919936,-0.432572,2.5133,-1.05863,2.42517,0,0,0
3,0,10,2,1603,25,32,11,3,1,1,30,193.12,-1.41239,-1.69615,0.653675,-1.4383,-0.431677,0,1,1
8,0,37,0,4255,65,0,13,2,1,1,25,194.4,0.810351,0.493643,-2.53491,-1.2541,-0.360021,0,0,0
0,0,38,0,0,0,0,0,2,1,2,25,0,-3.03862,-3.14159,-2.55437,-3.12681,-3.04254,0,0,0
10,0,36,0,2338,54,327,20,2,1,1,25,1579.14,-0.662716,0.00453667,2.78625,-0.0931167,2.83339,0,0,0
10,0,37,0,4083,60,0,31,1,1,1,15,227.865,0.673046,0.234804,-2.47881,1.22983,-0.017001,0,0,0
3,0,37,0,2278,52,0,29,1,1,1,15,128.15,-0.717048,-0.108495,-2.5014,1.13589,-1.392,0,0,0
11,0,37,0,3660,76,0,24,2,1,1,25,168.12,0.483431,0.902611,-2.48986,0.355668,-0.732474,0,0,0
4,0,37,0,2245,33,253,14,3,1,1,30,1103.12,-0.712418,-1.25945,2.53797,-1.08583,2.38783,0,0,0
13,0,36,1,9000,115,112,39,3,1,1,30,812.6,2.26214,1.99888,1.7,2.08042,1.62521,0,0,0
7,0,37,0,13658,163,0,40,3,1,1,30,552.84,2.67652,2.55133,-2.48919,2.13178,1.20127,1,0,1
7,0,37,0,4400,77,0,21,3,1,1,30,179.08,0.88592,0.860948,-2.46232,0.0179463,-0.587236,0,0,0
6,0,37,0,5803,89,0,8,2,1,1,25,265.14,1.2553,1.36238,-2.47894,-1.92738,0.380802,0,0,0
9,0,37,0,2123,48,0,13,3,1,2,30,86.84,-0.822029,-0.376863,-2.47904,-1.24295,-1.96285,0,0,0
25,0,37,2,15025,219,22,28,3,1,1,30,697.76,2.80003,2.96835,0.083327,0.944164,1.33617,1,0,0
4,0,37,0,2980,21,451,4,3,1,1,30,1924.04,-0.00944782,-1.8884,3.03362,-2.39294,2.9658,0,0,0
9,0,36,0,15370,176,118,26,2,1,1,25,1230.57,2.91211,2.73123,1.76339,0.749378,2.44835,1,0,0
3,0,36,0,6385,80,154,22,3,1,1,30,874.6,1.50223,1.01093,1.93932,0.198918,1.83093,0,0,0
0,0,36,0,760,8,0,7,2,1,2,25,34.56,-2.2602,-2.51577,-2.45248,-2.10917,-2.55854,0,0,0
2,0,37,0,595,8,0,4,2,1,2,25,27.135,-2.43601,-2.46237,-2.45036,-2.38266,-2.66986,0,0,0
0,1,36,0,0,0,0,0,2,1,2,25,0,-3.14159,-3.07787,-2.46483,-3.00241,-3.04652,0,1,1
3,0,36,0,7393,121,352,39,2,1,1,25,1922.13,2.06569,2.07242,2.82795,1.9668,2.95787,0,0,0
7,0,36,0,11350,148,0,43,3,1,1,30,459.92,2.55327,2.40425,-2.46458,2.37973,1.10304,1,0,1
8,0,36,0,6603,69,76,33,2,1,1,25,642.24,1.66647,0.621305,1.5072,1.50705,1.26119,0,0,0
23,0,32,0,840,41,0,13,2,1,2,25,39.645,-2.20433,-0.770711,-2.43542,-1.22547,-2.54614,0,1,1
21,0,35,7,10320,87,0,38,4,2,1,45,260.175,2.42779,1.29616,-2.45992,1.9969,0.310152,1,0,1
13,1,35,0,5703,92,0,20,2,1,1,25,260.775,1.273,1.49159,-2.50844,-0.170654,0.317597,0,1,1
1,0,33,0,2725,16,0,10,3,1,1,30,109.64,-0.247904,-2.1281,-2.48273,-1.64755,-1.64073,0,0,0
9,1,34,0,2875,35,0,12,2,1,2,25,130.95,-0.120892,-1.084,-2.49086,-1.22805,-1.32661,0,1,1
9,0,35,0,2153,38,2,27,3,1,2,30,95.64,-0.833527,-0.938781,-1.835,0.844911,-1.85506,0,1,1
0,0,35,0,0,0,0,0,2,1,2,25,0,-3.10068,-2.93027,-2.52414,-3.03276,-3.10877,0,1,1
1,0,35,0,1553,19,0,2,3,1,1,30,62.88,-1.41674,-2.04698,-2.54327,-2.62293,-2.22859,0,0,0
3,0,32,0,6670,91,0,18,4,1,1,45,169.025,1.6877,1.44416,-2.5427,-0.486006,-0.753057,0,0,0
0,0,35,0,513,1,0,3,4,1,2,45,12.85,-2.49297,-2.82448,-2.50241,-2.57498,-2.78421,0,1,1
0,0,35,0,0,0,0,0,4,1,1,45,0,-3.07823,-2.85542,-2.54439,-3.05852,-3.11606,0,0,0
25,0,30,2,15960,232,0,76,2,1,1,25,728.64,3.02912,3.02841,-2.50975,3.02327,1.44868,1,0,1
6,0,33,2,6850,110,239,29,2,2,1,25,1388.7,1.79636,1.89985,2.50352,1.03203,2.62436,0,0,0
2,0,35,0,3603,76,0,24,2,1,1,25,165.555,0.442218,0.883951,-2.51409,0.428635,-0.805288,0,0,0
3,0,34,0,1550,38,6,16,3,1,2,30,87.52,-1.45347,-0.960225,-1.58381,-0.644188,-1.93443,0,0,0
6,0,35,0,2665,47,143,19,2,1,1,25,765.54,-0.294807,-0.37525,1.88272,-0.245717,1.50316,0,0,0
4,0,26,0,1200,30,161,7,2,2,1,25,779.85,-1.78512,-1.39078,1.98943,-2.1015,1.60128,0,0,0
4,0,25,0,1453,33,0,64,4,1,1,45,37.15,-1.51674,-1.23083,-2.51615,2.88822,-2.55432,0,0,0
11,0,26,0,585,19,0,3,2,1,2,25,27.18,-2.43725,-2.03355,-2.48136,-2.50797,-2.67366,0,0,0
0,0,25,0,710,4,0,1,4,1,2,45,17.85,-2.28175,-2.76509,-2.50827,-2.80188,-2.75207,0,0,0
10,0,24,0,1110,26,0,9,2,1,1,25,51.12,-1.87208,-1.61431,-2.50733,-1.68144,-2.35866,0,0,0
2,0,24,0,3110,55,0,19,3,1,1,30,126.6,0.102008,0.0534657,-2.47711,-0.224127,-1.3611,0,0,0
2,0,17,0,1580,20,0,10,2,1,1,25,72,-1.41435,-1.93865,-2.53122,-1.6005,-2.1261,0,0,0
16,0,16,0,6278,135,53,38,1,2,1,15,644.215,1.42612,2.25738,1.27067,2.00303,1.24657,0,0,0
12,0,14,0,8818,165,41,36,4,1,1,45,327.075,2.24449,2.55625,0.953867,1.78859,0.746761,1,0,1
8,0,15,2,2738,39,0,15,3,1,1,30,111.08,-0.224638,-0.81739,-2.50006,-0.834658,-1.62977,0,0,0
2,0,8,0,4275,34,183,6,3,1,1,30,904.36,0.800893,-1.19534,2.1517,-2.19287,1.94875,0,0,0
3,1,8,0,1373,13,0,3,2,1,1,25,62.37,-1.59968,-2.33151,-2.64672,-2.5613,-2.27367,0,1,1
10,0,38,0,4560,72,14,20,3,1,1,30,241.28,0.981596,0.751662,-0.592558,-0.130494,0.136137,0,0,0
2,0,39,0,508,6,16,7,2,1,2,25,95.13,-2.48801,-2.60434,-0.432891,-2.07748,-1.85556,0,0,0
12,0,37,0,2643,61,368,27,3,1,1,30,1580.16,-0.380736,0.295121,2.88646,0.807772,2.81791,0,0,0
12,0,38,0,4388,67,10,38,1,1,1,15,300.025,0.864468,0.598234,-0.917041,1.95726,0.626313,0,0,0
5,0,38,0,2583,59,11,36,1,1,1,15,205.81,-0.385467,0.237161,-0.877545,1.81811,-0.238072,0,0,0
13,0,38,1,3965,83,41,31,3,1,1,30,325.92,0.621692,1.16904,0.974979,1.33304,0.728476,0,0,0
6,0,38,0,2550,40,294,21,3,1,1,30,1279.6,-0.427325,-0.818316,2.74432,-0.0039746,2.48608,0,0,0
15,0,37,2,9305,122,153,46,3,1,1,30,989.08,2.30457,2.07129,1.92131,2.67192,2.20196,1,0,1
9,0,38,0,13963,170,9,47,3,1,1,30,601.32,2.72917,2.62723,-0.980749,2.64217,1.26477,1,0,0
9,0,38,1,4705,84,11,28,3,1,1,30,235.56,1.03656,1.17966,-0.828797,0.854379,0.0553878,0,0,0
8,0,38,0,6108,96,16,15,3,1,1,30,312.16,1.35299,1.61012,-0.36409,-0.974468,0.669416,0,0,0
11,1,38,0,2428,55,17,20,3,1,2,30,167.32,-0.558093,0.0695756,-0.318556,-0.109287,-0.786914,0,0,0
27,0,38,3,15330,226,63,35,3,1,1,30,874.24,2.89067,2.98168,1.40597,1.6888,1.84769,1,0,0
6,0,38,1,3285,28,492,11,3,1,1,30,2100.52,0.227223,-1.5266,3.10494,-1.5417,3.13674,0,0,0
11,0,37,0,15675,183,159,33,2,1,1,25,1429.11,2.97172,2.81691,1.99167,1.51909,2.65846,1,0,0
5,0,37,1,6690,87,195,29,3,1,1,30,1051.08,1.72043,1.29137,2.30632,1.02124,2.28876,0,0,0
2,0,37,0,1065,15,9,14,2,1,2,25,89.1,-1.97037,-2.25602,-0.956577,-1.04252,-1.94109,0,0,0
4,0,38,0,900,15,22,11,3,1,2,30,124.6,-2.12853,-2.22252,-0.00629358,-1.47916,-1.38465,0,0,0
2,0,37,0,190,1,9,3,2,1,2,25,49.095,-2.79164,-2.8061,-0.955044,-2.58619,-2.35668,0,1,1
5,0,37,0,7698,128,393,46,2,1,1,25,2120.67,2.06593,2.17722,2.99797,2.60258,3.1226,1,0,0
9,0,37,1,11655,155,20,50,4,1,1,45,345.25,2.60378,2.51244,-0.0926558,2.79457,0.837967,1,0,1
10,0,37,1,6908,76,117,40,2,1,1,25,840.78,1.83172,0.828661,1.74053,2.16935,1.75324,0,0,0
25,1,33,0,1145,48,25,20,2,1,2,25,166.185,-1.83739,-0.281927,0.268459,-0.114465,-0.816842,0,1,1
23,0,36,8,10625,94,10,45,5,1,1,55,175.785,2.47169,1.53531,-0.866722,2.57806,-0.655796,1,0,0
15,0,36,1,6008,99,35,27,2,1,1,25,432.315,1.36212,1.71955,0.751178,0.788917,1.03553,0,1,1
3,0,34,0,3030,23,9,17,3,1,1,30,158.12,0.0442065,-1.81143,-0.966862,-0.559987,-0.908041,0,0,0
11,1,35,0,3180,42,18,19,3,1,2,30,200.88,0.134579,-0.655698,-0.230701,-0.215696,-0.287631,0,1,1
11,1,36,0,2458,45,43,34,3,1,2,30,272.12,-0.539598,-0.503992,1.07265,1.58027,0.456001,0,1,1
2,0,36,0,323,3,9,5,3,1,2,30,49.04,-2.65838,-2.77568,-0.992904,-2.35392,-2.44296,0,1,1
3,0,36,0,1858,26,9,9,3,1,1,30,111.36,-1.13349,-1.66651,-0.964219,-1.7399,-1.62877,0,0,0
5,0,33,1,6975,98,23,25,5,1,1,55,140.595,1.83053,1.69534,0.100881,0.489973,-1.2125,0,0,0
2,0,36,0,818,8,18,7,4,1,2,45,65.65,-2.25107,-2.55692,-0.187209,-2.07714,-2.19625,0,1,1
2,0,36,1,528,5,13,5,5,1,1,55,27.495,-2.49159,-2.72158,-0.670921,-2.28001,-2.61193,0,0,0
27,0,31,3,16265,239,9,83,2,1,1,25,783.18,3.10396,3.08464,-1.03663,3.09557,1.5901,1,0,1
8,0,34,3,7155,117,280,36,2,2,1,25,1587.24,1.92355,1.99734,2.65394,1.75376,2.86456,1,0,1
4,0,36,0,3908,83,11,31,2,1,1,25,229.095,0.548082,1.13321,-0.822507,1.25717,-0.0019209,0,0,0
5,0,35,0,1855,45,47,23,3,1,2,30,264,-1.13728,-0.479041,1.13151,0.198799,0.387465,0,0,0
8,0,36,0,2970,54,184,26,2,1,1,25,964.08,0.0115256,-0.0057033,2.15883,0.698246,2.11137,0,0,0
6,1,27,1,1505,37,202,14,2,2,1,25,978.39,-1.45058,-0.981246,2.35516,-0.981436,2.18071,0,1,1
6,0,26,0,1758,40,39,71,4,1,1,45,142.45,-1.20301,-0.831646,0.917769,3.02654,-1.17921,0,0,0
13,0,27,0,890,26,19,10,2,1,2,25,126.72,-2.17047,-1.64251,-0.11686,-1.61463,-1.36496,0,0,0
2,0,26,0,1015,11,30,6,4,1,2,45,100.65,-1.98989,-2.43164,0.564186,-2.18744,-1.76409,0,0,0
12,0,25,0,1415,33,28,16,2,1,1,25,191.16,-1.55772,-1.22554,0.419366,-0.779115,-0.407158,0,0,0
4,0,25,0,3415,62,17,26,3,1,1,30,207.08,0.342228,0.39775,-0.26613,0.770911,-0.205486,0,0,0
4,0,18,0,1885,27,37,17,2,1,1,25,252.54,-1.10686,-1.611,0.852417,-0.503293,0.244449,0,0,0
18,0,17,1,6582,142,94,45,2,2,1,25,725.58,1.60708,2.3001,1.62563,2.5995,1.41931,0,0,0
14,0,15,0,9122,172,82,43,4,1,1,45,437.35,2.26114,2.69459,1.52022,2.38241,1.05254,1,0,0
10,0,16,3,3042,46,40,22,3,1,1,30,283.52,0.0188569,-0.42173,0.901017,0.056465,0.489543,0,0,0
4,0,9,1,4580,41,224,13,3,1,1,30,1080.84,0.977156,-0.707874,2.49266,-1.16673,2.34001,0,0,0
5,0,9,1,1677,20,9,10,3,1,1,30,103.88,-1.29659,-1.95161,-0.99612,-1.5984,-1.7262,0,1,1
6,0,38,0,4180,70,0,14,3,1,1,30,170,0.755024,0.660342,-2.78372,-0.960484,-0.686809,0,0,0
0,0,39,0,128,4,0,1,2,1,2,25,5.94,-2.81484,-2.77261,-2.82053,-2.7961,-2.86408,0,0,0
8,0,37,0,2263,59,350,21,3,1,1,30,1492.88,-0.782246,0.262084,2.81532,-0.0755193,2.72424,0,0,0
8,0,38,0,4008,65,0,32,1,1,1,15,224.015,0.623949,0.488983,-2.80193,1.44086,-0.00186913,0,0,0
1,0,38,0,2203,57,0,30,1,1,1,15,124.3,-0.785862,0.181897,-2.77252,1.20024,-1.39193,0,0,0
9,0,38,1,3585,81,23,25,3,1,1,30,238.64,0.435984,1.02974,0.141472,0.520572,0.130103,0,0,0
2,0,38,0,2170,38,276,15,3,1,1,30,1192.32,-0.842485,-0.967967,2.59569,-0.917065,2.45467,0,0,0
11,0,37,2,8925,120,135,40,3,1,1,30,901.8,2.25108,2.03195,1.79081,2.17672,1.92787,1,0,0
5,0,38,0,13583,168,0,41,3,1,1,30,550.04,2.66274,2.61884,-2.72478,2.2675,1.14509,1,0,0
5,0,38,1,4325,82,0,22,3,1,1,30,176.28,0.802486,1.06296,-2.71045,0.123454,-0.643867,0,0,0
4,0,38,0,5728,94,0,9,3,1,1,30,232.88,1.22386,1.55319,-2.65295,-1.72392,0.0334281,0,0,0
7,0,38,0,2048,53,0,14,3,1,2,30,84.04,-0.952892,-0.0495826,-2.73185,-1.07936,-1.9803,0,0,0
23,0,38,3,14950,224,45,29,3,1,1,30,786.96,2.84148,2.95492,1.1113,1.02562,1.55861,1,0,1
2,0,38,1,2905,26,474,5,3,1,1,30,2013.24,-0.106634,-1.64615,3.08153,-2.35812,3.03757,0,0,0
7,0,37,0,15295,181,141,27,2,1,1,25,1330.92,2.90337,2.79134,1.84396,0.77731,2.56759,1,0,0
1,0,37,1,6310,85,177,23,3,1,1,30,963.8,1.49219,1.19367,2.13637,0.328681,2.10811,0,0,0
0,0,37,0,685,13,0,8,2,1,2,25,31.41,-2.35358,-2.31865,-2.70192,-1.8943,-2.57025,0,0,0
0,0,38,0,520,13,4,5,3,1,2,30,37.32,-2.49717,-2.35944,-1.71278,-2.3329,-2.57533,0,0,0
0,0,37,0,0,0,0,0,2,1,2,25,0,-3.0266,-2.90323,-2.66534,-2.77241,-2.98558,0,1,1
1,0,37,0,7318,126,375,40,2,1,1,25,2022.48,1.99489,2.13147,2.91683,2.17937,3.05231,1,0,0
5,0,37,1,11275,153,2,44,4,1,1,45,290.7,2.55499,2.41184,-1.83343,2.48416,0.563754,1,0,0
6,0,37,1,6528,74,99,34,2,1,1,25,742.59,1.58303,0.771434,1.62607,1.59999,1.42404,0,0,0
21,0,33,0,765,46,7,14,2,1,2,25,67.995,-2.24398,-0.401432,-1.21421,-1.00284,-2.19632,0,1,1
19,0,36,8,10245,92,0,39,5,2,1,55,155.055,2.44665,1.43047,-2.63882,2.05819,-0.98502,1,0,1
11,0,36,1,5628,97,17,21,2,1,1,25,334.125,1.23268,1.62401,-0.323359,-0.0398341,0.817705,0,1,1
0,0,34,0,2650,21,0,11,3,1,1,30,106.84,-0.337783,-1.89732,-2.67248,-1.43723,-1.65292,0,0,0
7,1,35,0,2800,40,0,13,3,1,2,30,113.6,-0.180415,-0.786069,-2.63725,-1.19098,-1.55933,0,1,1
7,0,36,0,2078,43,25,28,3,1,2,30,184.84,-0.904213,-0.629704,0.262848,0.972689,-0.527723,0,1,1
0,0,36,0,0,0,0,0,3,1,2,30,0,-3.02377,-3.09407,-2.6217,-2.82907,-2.97832,0,1,1
0,0,36,0,1478,24,0,3,3,1,1,30,60.08,-1.55311,-1.74359,-2.64342,-2.54229,-2.28458,0,0,0
1,0,33,1,6595,96,5,19,5,1,1,55,107.865,1.61678,1.59792,-1.58555,-0.190068,-1.67301,0,0,0
0,0,36,0,438,6,0,1,4,1,2,45,11.1,-2.57623,-2.62287,-2.6516,-2.75405,-2.82044,0,1,1
0,0,36,1,0,0,0,0,5,1,1,55,0,-3.06252,-2.9733,-2.63599,-2.87009,-2.85011,0,0,0
23,0,31,3,15885,237,0,77,2,1,1,25,725.49,3.03124,3.08854,-2.67946,3.00932,1.41129,1,0,1
4,0,34,3,6775,115,262,30,2,2,1,25,1489.05,1.76486,2.02162,2.59662,1.14189,2.71696,0,0,0
0,0,36,0,3528,81,0,25,2,1,1,25,162.405,0.387522,1.06025,-2.69246,0.516113,-0.903609,0,0,0
1,0,35,0,1475,43,29,17,3,1,2,30,176.72,-1.49741,-0.631889,0.52505,-0.496456,-0.640915,0,0,0
4,0,36,0,2590,52,166,20,2,1,1,25,865.89,-0.394619,-0.107294,2.03547,-0.223853,1.84088,0,0,0
2,0,27,1,1125,35,184,8,2,2,1,25,880.2,-1.87409,-1.11958,2.19791,-1.8889,1.87192,0,0,0
2,0,26,0,1378,38,21,65,4,1,1,45,87.9,-1.57911,-0.95764,-0.0476515,2.92707,-1.91143,0,0,0
9,0,27,0,510,24,1,4,2,1,2,25,28.53,-2.52885,-1.79668,-1.84911,-2.47503,-2.61839,0,0,0
0,0,26,0,635,9,12,1,4,1,2,45,46.1,-2.37976,-2.48668,-0.668231,-2.76978,-2.41099,0,0,0
8,0,25,0,1035,31,10,10,2,1,1,25,92.97,-1.99008,-1.3593,-0.899679,-1.57602,-1.84415,0,0,0
0,0,25,0,3035,60,0,20,3,1,1,30,123.8,0.0712666,0.278489,-2.69771,-0.172361,-1.40486,0,0,0
0,0,18,0,1505,25,19,11,2,1,1,25,154.35,-1.46832,-1.74932,-0.102847,-1.47655,-0.97811,0,0,0
14,0,17,1,6202,140,76,39,2,2,1,25,627.39,1.39481,2.33873,1.46246,2.07237,1.21986,1,0,1
10,0,15,0,8742,170,64,37,4,1,1,45,382.8,2.18832,2.66749,1.3632,1.87333,0.922936,1,0,1
6,0,16,3,2662,44,22,16,3,1,1,30,196.24,-0.386278,-0.509459,0.083445,-0.830991,-0.340584,0,0,0
0,0,9,1,4200,39,206,7,3,1,1,30,993.56,0.759012,-0.852839,2.38276,-2.115,2.22701,0,0,0
1,0,9,1,1297,18,0,4,3,1,1,30,52.6,-1.72357,-2.06267,-2.67401,-2.502,-2.39334,0,1,1
6,0,33,0,4370,65,0,16,2,1,1,25,199.575,0.86995,0.452134,-2.68413,-0.738175,-0.319608,0,0,0
0,0,34,0,318,4,0,3,2,1,2,25,14.49,-2.67717,-2.79226,-2.68571,-2.52885,-2.77728,0,0,0
8,0,32,0,2453,54,351,23,2,1,1,25,1692.32,-0.566838,0.00721723,2.83997,0.355771,2.90623,0,0,0
8,0,33,0,4198,60,0,34,1,1,1,15,234.19,0.743258,0.302021,-2.69675,1.56849,0.0403497,0,0,0
1,0,33,0,2393,52,0,32,1,1,1,15,134.475,-0.604666,-0.0722098,-2.67651,1.39911,-1.2378,0,0,0
9,0,33,0,3775,76,24,27,2,1,1,25,281.295,0.523364,0.80993,0.177688,0.803706,0.522959,0,0,0
2,0,33,0,2360,33,277,17,3,1,1,30,1203.72,-0.663256,-1.21277,2.6187,-0.508293,2.44349,0,0,0
11,0,32,1,9115,115,136,42,3,1,1,30,913.2,2.27082,1.96087,1.83525,2.27024,1.92624,0,0,0
5,0,33,0,13773,163,0,43,3,1,1,30,557.44,2.71023,2.53415,-2.67069,2.43398,1.19993,1,0,0
5,0,33,0,4515,77,0,24,3,1,1,30,183.68,0.967358,0.8851,-2.95044,0.425983,-0.492047,0,0,0
4,0,33,0,5918,89,0,11,2,1,1,25,270.315,1.30636,1.40321,-2.16161,-1.48013,0.448516,0,0,0
7,1,33,0,2238,48,0,16,3,1,2,30,91.44,-0.755112,-0.311496,-2.67872,-0.684241,-1.87728,0,0,0
23,0,33,2,15140,219,46,31,3,1,1,30,798.36,2.81557,2.94093,1.10743,1.33606,1.63726,1,0,1
2,0,33,0,3095,21,475,7,3,1,1,30,2024.64,0.0972003,-1.92463,3.01969,-2.10413,3.05164,0,0,0
7,0,32,0,15485,176,142,29,2,1,1,25,1343.74,2.93952,2.70078,1.84022,1.08891,2.57443,1,0,0
1,0,32,0,6500,80,178,25,3,1,1,30,975.2,1.61312,1.01884,2.1366,0.590134,2.15235,0,0,0
0,0,32,0,875,8,0,10,2,1,2,25,39.735,-2.17144,-2.53519,-2.63935,-1.60459,-2.52853,0,0,0
0,0,33,0,710,8,5,7,2,1,2,25,54.81,-2.31353,-2.55133,-1.68088,-2.07994,-2.3129,0,0,0
0,0,32,0,0,0,0,0,2,1,2,25,0,-3.01484,-3.01493,-2.67407,-2.8543,-3.08677,0,1,1
1,0,32,0,7508,121,376,42,2,1,1,25,2035.31,2.0483,2.08172,2.8975,2.34145,3.03315,0,0,0
5,0,32,0,11465,148,3,46,3,1,1,30,476.52,2.53653,2.36837,-1.76168,2.60052,1.1207,1,0,0
6,0,32,0,6718,69,100,36,2,1,1,25,755.415,1.71839,0.633687,1.66976,1.78547,1.47094,0,0,0
21,1,28,0,955,41,8,16,2,1,2,25,80.82,-2.03292,-0.709389,-1.11794,-0.762095,-2.0501,0,1,1
19,0,31,7,10435,87,0,41,4,1,1,45,263.05,2.43472,1.27741,-2.68359,2.24752,0.359485,1,0,1
11,0,31,0,5818,92,18,23,2,1,1,25,346.95,1.285,1.51924,-0.199084,0.277693,0.820695,0,1,1
0,0,29,0,2840,16,0,13,3,1,1,30,114.24,-0.144758,-2.17879,-2.7038,-1.20195,-1.52579,0,0,0
7,1,30,0,2990,35,1,15,2,1,2,25,140.625,-0.00302629,-1.12736,-1.86623,-0.873847,-1.19618,0,1,1
7,1,31,0,2268,38,26,30,3,1,2,30,196.24,-0.698438,-0.951235,0.310317,1.12815,-0.356921,0,1,1
0,1,31,0,0,0,0,0,2,1,2,25,0,-3.02608,-2.96424,-2.66703,-2.87752,-3.0595,0,1,1
0,0,31,0,1668,19,0,5,3,1,1,30,67.48,-1.29079,-2.02095,-2.69812,-2.36176,-2.18988,0,0,0
1,0,28,0,6785,91,6,21,4,1,1,45,186.9,1.74383,1.49851,-1.56509,0.0626169,-0.512624,0,0,0
0,0,31,0,628,1,1,3,4,1,2,45,18.225,-2.40816,-2.84528,-1.85435,-2.58533,-2.7344,0,1,1
0,0,31,0,338,5,0,1,4,1,1,45,8.575,-2.65163,-2.72576,-2.68,-2.83889,-2.88141,0,0,0
23,0,26,2,16075,232,0,79,2,1,1,25,733.815,3.07891,2.9941,-2.71654,3.07904,1.40482,1,0,1
4,0,29,2,6965,110,263,32,2,2,1,25,1501.88,1.8756,1.88829,2.59595,1.46765,2.72825,0,0,0
0,0,31,0,3718,76,0,27,2,1,1,25,170.73,0.485425,0.844058,-2.70575,0.867723,-0.742027,0,0,0
1,0,30,0,1665,38,30,19,3,1,2,30,188.12,-1.30311,-0.976935,0.520367,-0.294063,-0.42166,0,0,0
4,0,31,0,2780,47,167,22,2,1,1,25,878.715,-0.201284,-0.389051,2.03998,0.132043,1.81796,0,0,0
2,0,22,0,1315,30,185,10,2,2,1,25,893.025,-1.66601,-1.35911,2.20145,-1.65622,1.91137,0,0,0
2,0,21,0,1568,33,22,67,4,1,1,45,95.025,-1.42546,-1.20332,0.0720784,2.951,-1.83465,0,0,0
9,0,22,0,700,19,2,6,2,1,2,25,41.355,-2.33177,-2.02525,-1.80505,-2.15406,-2.49579,0,0,0
0,0,21,0,825,4,13,2,4,1,2,45,53.225,-2.20199,-2.80855,-0.672847,-2.67669,-2.36705,0,0,0
8,0,20,0,1225,26,11,12,2,1,1,25,105.795,-1.81621,-1.68339,-0.836189,-1.28691,-1.69169,0,0,0
0,0,20,0,3225,55,0,22,3,1,1,30,131.2,0.190909,0.105271,-2.67421,0.11468,-1.31449,0,0,0
0,0,13,0,1695,20,20,13,2,1,1,25,167.175,-1.25095,-1.96636,-0.102633,-1.22772,-0.794721,0,0,0
14,0,12,0,6392,135,77,41,1,2,1,15,782.485,1.53052,2.25051,1.51683,2.20235,1.56269,1,0,0
10,0,10,0,8932,165,65,39,4,1,1,45,389.925,2.25607,2.59406,1.37018,2.03701,1.00922,1,0,1
6,0,11,2,2852,39,23,18,3,1,1,30,207.64,-0.146829,-0.840268,0.157948,-0.427051,-0.238647,0,0,0
0,0,4,0,4390,34,207,9,3,1,1,30,1004.96,0.856174,-1.16713,2.40701,-1.81008,2.20817,0,0,0
1,0,4,0,1487,13,0,6,2,1,1,25,67.5,-1.46413,-2.33945,-2.63259,-2.26851,-2.19165,0,1,1
10,0,43,1,4370,77,13,18,3,1,1,30,229.88,0.877706,0.935947,-0.679034,-0.388543,0.0074669,0,0,0
2,0,44,0,318,11,15,5,3,1,2,30,73.16,-2.6784,-2.42194,-0.546866,-2.26485,-2.11154,0,0,0
12,0,42,1,2453,66,367,25,3,1,1,30,1568.76,-0.573483,0.530333,2.86901,0.559584,2.77668,0,0,0
12,0,43,1,4198,72,9,36,1,1,1,15,284.35,0.773785,0.722002,-1.03525,1.77038,0.539386,0,0,0
5,0,43,1,2393,64,10,34,2,1,1,25,155.565,-0.650281,0.426506,-0.906629,1.65608,-0.961204,0,0,0
13,0,43,2,3775,88,40,29,3,1,1,30,314.52,0.53547,1.33552,0.978337,1.07971,0.674511,0,0,0
6,0,43,1,2360,45,293,19,4,1,1,45,792.625,-0.666189,-0.493049,2.72308,-0.243921,1.59083,0,0,0
15,0,42,3,9115,127,152,44,3,1,1,30,977.68,2.27385,2.16784,1.94198,2.44842,2.15342,0,0,0
9,0,43,1,13773,175,8,45,3,1,1,30,589.92,2.68885,2.70309,-1.11816,2.59042,1.20536,1,0,0
9,0,43,2,4515,89,10,26,3,1,1,30,224.16,0.940147,1.39895,-0.883859,0.662864,-0.0295964,0,0,0
8,0,43,1,5918,101,15,13,3,1,1,30,300.76,1.27045,1.75067,-0.485649,-1.19507,0.624008,1,0,1
11,1,43,0,2238,60,16,18,3,1,2,30,155.92,-0.749115,0.306425,-0.328901,-0.391079,-0.966891,0,0,0
27,0,43,4,15140,231,62,33,3,1,1,30,862.84,2.85142,3.03305,1.37395,1.54639,1.76568,1,0,0
6,0,43,2,3095,33,491,9,4,1,1,45,1305.7,0.100656,-1.21282,3.13338,-1.8205,2.52124,0,0,0
11,0,42,1,15485,188,158,31,2,1,1,25,1416.29,2.94069,2.83761,1.99222,1.31494,2.66912,1,0,0
5,0,42,2,6500,92,194,27,3,1,1,30,1039.68,1.62596,1.43042,2.3067,0.778913,2.25669,0,0,0
2,0,42,0,875,20,8,12,2,1,2,25,76.275,-2.16758,-1.93421,-1.12526,-1.31998,-2.05642,0,0,0
4,0,43,0,710,20,21,9,3,1,2,30,113.2,-2.26647,-1.91589,-0.0060358,-1.8204,-1.60427,0,0,0
0,0,42,0,0,0,8,0,2,1,2,25,36,-2.89453,-2.86563,-1.10537,-2.81396,-2.57352,0,1,1
5,0,42,1,7508,133,392,44,3,1,1,30,1873.64,2.05803,2.27424,2.95212,2.48743,2.91767,0,0,0
9,0,42,2,11465,160,19,48,4,1,1,45,338.125,2.56301,2.52815,-0.136999,2.75053,0.827276,1,0,0
10,0,42,2,6718,81,116,38,2,1,1,25,827.955,1.73181,1.02651,1.73872,1.95404,1.66316,0,0,0
25,1,38,0,955,53,24,18,3,1,2,30,136.32,-2.0585,-0.00881634,0.184846,-0.344572,-1.2134,0,1,1
23,0,41,9,10435,99,9,43,5,2,1,55,171.51,2.43194,1.70693,-0.971156,2.43211,-0.718467,1,0,1
15,0,41,2,5818,104,34,25,3,1,1,30,372.88,1.28208,1.80795,0.740487,0.566574,0.875453,0,0,0
3,0,39,1,2840,28,8,15,3,1,1,30,146.72,-0.105307,-1.5563,-1.04061,-0.887997,-1.09855,0,0,0
11,0,40,0,2990,47,17,17,3,1,2,30,189.48,0.0316083,-0.341264,-0.252245,-0.549296,-0.420406,0,1,1
11,1,41,0,2268,50,42,32,4,1,2,45,162.95,-0.737876,-0.207134,1.01247,1.45805,-0.815585,0,1,1
2,0,41,0,133,8,8,3,3,1,2,30,37.64,-2.83459,-2.52735,-1.09643,-2.5488,-2.57659,0,1,1
3,0,41,1,1668,31,8,7,4,1,1,45,62.475,-1.30036,-1.37529,-1.06276,-2.0751,-2.26291,0,0,0
5,0,38,2,6785,103,22,23,5,1,1,55,136.32,1.76127,1.75781,0.0330359,0.287402,-1.25079,0,0,0
2,0,41,0,628,13,17,5,4,1,2,45,58.525,-2.37019,-2.37622,-0.325255,-2.31265,-2.30256,0,1,1
2,0,41,2,338,10,12,3,5,1,1,55,23.22,-2.63358,-2.47795,-0.750337,-2.57959,-2.7152,0,0,0
27,0,36,4,16075,244,8,81,2,1,1,25,770.355,3.04352,3.08181,-1.04982,3.0397,1.50743,1,0,1
8,0,39,4,6965,122,279,34,3,2,1,30,1399.48,1.88519,2.10506,2.63332,1.5868,2.64525,1,0,0
4,0,41,1,3718,88,10,29,3,1,1,30,192.24,0.515847,1.30747,-0.881391,1.02532,-0.383826,0,0,0
5,0,40,0,1665,50,46,21,4,1,2,45,157.875,-1.29964,-0.215308,1.09699,-0.0090379,-0.883009,0,0,0
8,0,41,1,2780,59,183,24,2,1,1,25,951.255,-0.190741,0.248949,2.24115,0.456921,2.09949,0,0,0
6,1,32,2,1315,42,201,12,3,2,1,30,858.28,-1.67595,-0.662232,2.35649,-1.26125,1.76949,0,1,1
6,0,31,1,1568,45,38,69,5,1,1,55,81.195,-1.42193,-0.527533,0.896371,2.96188,-1.99919,0,0,0
13,0,32,0,700,31,18,8,3,1,2,30,101.24,-2.34225,-1.38251,-0.209605,-1.96524,-1.72982,0,0,0
2,0,31,0,825,16,29,4,4,1,2,45,93.525,-2.18456,-2.15831,0.478441,-2.39284,-1.8606,0,0,0
12,0,30,1,1225,38,27,14,2,1,1,25,178.335,-1.75858,-0.942838,0.352875,-1.0731,-0.620922,0,0,0
4,0,30,1,3225,67,16,24,3,1,1,30,195.68,0.203351,0.578801,-0.38665,0.446437,-0.346815,0,0,0
4,0,23,1,1695,32,36,15,3,1,1,30,213.08,-1.2936,-1.25969,0.799667,-0.924384,-0.17824,0,0,0
18,0,22,2,6392,147,93,43,2,2,1,25,712.755,1.5501,2.37271,1.60184,2.37448,1.34967,0,0,0
14,0,20,1,8932,177,81,41,5,1,1,55,258.135,2.26149,2.7363,1.50647,2.15484,0.298716,1,0,0
10,0,21,4,2852,51,39,20,3,1,1,30,272.12,-0.164003,-0.181088,0.910509,-0.10052,0.407463,0,0,0
4,0,14,2,4390,46,223,11,3,1,1,30,1069.44,0.901662,-0.424652,2.45472,-1.51622,2.30222,0,0,0
5,1,14,2,1487,25,8,8,3,1,1,30,92.48,-1.51111,-1.71927,-1.08439,-1.90628,-1.90265,0,1,1
14,0,39,1,5080,82,30,17,3,1,1,30,326.48,1.09299,1.07903,0.525513,-0.556323,0.760258,0,0,0
6,0,40,0,1028,16,15,4,3,1,2,30,101.76,-1.99193,-2.189,-0.513735,-2.4278,-1.75304,0,0,0
16,0,38,1,3163,71,367,24,3,1,1,30,1597.36,0.144109,0.739345,2.86155,0.482437,2.85829,0,0,0
16,0,39,1,4908,77,9,35,1,1,1,15,323.675,1.07892,0.90537,-1.00249,1.67624,0.737071,0,0,0
9,0,39,1,3103,69,10,33,2,1,1,25,187.74,0.0835041,0.61389,-0.877443,1.51997,-0.502137,0,0,0
17,0,39,2,4485,93,40,28,3,1,1,30,343.12,0.917952,1.5286,0.954442,0.971458,0.799437,0,0,0
10,0,39,1,3070,50,293,18,3,1,1,30,1296.8,0.0412035,-0.214599,2.71868,-0.494191,2.53301,0,0,0
19,0,38,3,9825,132,152,43,3,1,1,30,1006.28,2.36351,2.21573,1.90965,2.39458,2.22443,1,0,1
13,0,39,1,14483,180,8,44,3,1,1,30,618.52,2.75763,2.78976,-1.13112,2.46364,1.20518,1,0,0
13,0,39,2,5225,94,10,25,3,1,1,30,252.76,1.12166,1.52408,-0.845828,0.528405,0.244035,0,0,0
12,0,39,1,6628,106,15,12,3,1,1,30,329.36,1.68048,1.85105,-0.535622,-1.30698,0.750807,0,0,0
15,0,39,0,2948,65,16,17,3,1,2,30,184.52,-0.0496112,0.485388,-0.417113,-0.538672,-0.494365,0,0,0
31,1,39,4,15850,236,62,32,3,1,1,30,891.44,3.04707,3.0483,1.33479,1.43713,1.89251,1,0,0
10,0,39,2,3805,38,491,8,3,1,1,30,2117.72,0.556742,-0.921119,3.0976,-1.95198,3.11218,0,0,0
15,0,38,1,16195,193,158,30,2,1,1,25,1448.46,3.08462,2.91059,2.00452,1.15757,2.68824,1,0,1
9,0,38,2,7210,97,194,26,3,1,1,30,1068.28,1.94944,1.63087,2.29308,0.666688,2.32146,0,0,0
6,0,38,0,1585,25,8,11,2,1,2,25,108.45,-1.39445,-1.72701,-1.13859,-1.4834,-1.64431,0,0,0
8,0,39,0,1420,25,21,8,3,1,2,30,141.8,-1.58489,-1.74071,-0.0694644,-1.98053,-1.17363,0,0,0
6,0,38,0,710,11,8,2,2,1,2,25,68.445,-2.2898,-2.42346,-1.09569,-2.77169,-2.1985,0,1,1
9,0,38,1,8218,138,392,43,3,1,1,30,1902.24,2.11025,2.28473,3.00243,2.39479,2.96697,0,0,0
13,0,38,2,12175,165,19,47,4,1,1,45,356,2.65948,2.56152,-0.150561,2.6706,0.855226,1,0,0
14,0,38,2,7428,86,116,37,2,1,1,25,860.13,2.0477,1.23089,1.74927,1.92857,1.80204,0,0,0
29,1,34,0,1665,58,24,17,3,1,2,30,164.92,-1.32592,0.198217,0.216327,-0.566812,-0.807753,0,1,1
27,0,37,9,11145,104,9,42,5,2,1,55,182.235,2.5333,1.7959,-0.998297,2.31432,-0.567909,0,0,0
19,0,37,2,6528,109,34,24,2,1,1,25,451.665,1.61521,1.84026,0.718191,0.392387,1.0498,0,0,0
7,0,35,1,3550,33,8,14,3,1,1,30,175.32,0.412185,-1.23636,-1.11499,-1.03716,-0.622692,0,0,0
15,1,36,0,3700,52,17,16,3,1,2,30,218.08,0.490395,-0.0852192,-0.290972,-0.743859,-0.124043,0,1,1
15,1,37,0,2978,55,42,31,3,1,2,30,289.32,0.0144928,0.0754897,1.02556,1.31146,0.575962,0,1,1
6,0,37,0,843,13,8,2,3,1,2,30,66.24,-2.20149,-2.33373,-1.14664,-2.75229,-2.21761,0,1,1
7,0,37,1,2378,36,8,6,4,1,1,45,80.35,-0.609262,-1.05888,-1.14131,-2.12878,-2.05089,0,0,0
9,0,34,2,7495,108,22,22,5,1,1,55,147.045,2.04722,1.88181,0.0749586,0.138853,-1.11385,0,0,0
6,1,37,0,1338,18,17,4,4,1,2,45,76.4,-1.63954,-2.0525,-0.244246,-2.42539,-2.06411,0,1,1
6,0,37,2,1048,15,12,2,5,1,1,55,33.945,-1.97788,-2.21829,-0.704124,-2.59543,-2.61471,0,0,0
31,1,32,4,16785,249,8,80,2,1,1,25,802.53,3.13916,3.10414,-1.1633,3.08473,1.61245,1,0,1
12,1,35,4,7675,127,279,33,3,2,1,30,1428.08,2.04593,2.14108,2.65113,1.57081,2.67762,1,0,0
8,0,37,1,4428,93,10,28,3,1,1,30,220.84,0.909406,1.46613,-0.907683,0.928914,-0.0740727,0,0,0
9,0,36,0,2375,55,46,20,3,1,2,30,281.2,-0.630141,0.0530165,1.15598,-0.0624069,0.498617,0,0,0
12,0,37,1,3490,64,183,23,2,1,1,25,983.43,0.363218,0.483705,2.17892,0.273089,2.19224,0,0,0
10,0,28,2,2025,47,201,11,3,2,1,30,886.88,-0.976471,-0.381327,2.3406,-1.48388,1.89318,0,0,0
10,0,27,1,2278,50,38,68,4,1,1,45,153.2,-0.67935,-0.169887,0.881294,2.98641,-1.02289,0,0,0
17,0,28,0,1410,36,18,7,3,1,2,30,129.84,-1.5673,-0.986653,-0.208078,-2.09238,-1.31976,0,0,0
6,0,27,0,1535,21,29,3,4,1,2,45,111.4,-1.46146,-1.9672,0.48569,-2.55308,-1.6167,0,0,0
16,0,26,1,1935,43,27,13,2,1,1,25,210.51,-1.06679,-0.640145,0.371292,-1.12395,-0.153687,0,0,0
8,0,26,1,3935,72,16,23,3,1,1,30,224.28,0.614942,0.760762,-0.409272,0.236703,-0.0557596,0,0,0
8,0,19,1,2405,37,36,14,2,1,1,25,271.89,-0.593109,-0.994093,0.800443,-1.01524,0.422985,0,0,0
22,0,18,2,7102,152,93,42,2,2,1,25,744.93,1.89624,2.43692,1.57986,2.28403,1.45196,0,0,0
18,0,16,1,9642,182,81,40,5,1,1,55,268.86,2.36134,2.80356,1.54395,2.10517,0.412665,1,0,0
14,0,17,4,3562,56,39,19,3,2,1,30,300.72,0.421158,0.120701,0.894408,-0.286055,0.589533,0,0,0
8,0,10,2,5100,51,223,10,3,1,1,30,1098.04,1.09217,-0.15567,2.45947,-1.62414,2.3895,0,0,0
9,0,10,2,2197,30,8,7,3,1,1,30,121.08,-0.838577,-1.43779,-1.0521,-2.07523,-1.42935,0,1,1
2,0,37,0,3660,60,0,17,2,1,1,25,167.4,0.46262,0.264327,-2.66561,-0.510544,-0.752939,0,0,0
0,0,38,0,0,0,0,0,2,1,2,25,0,-2.85521,-2.88983,-2.64386,-2.9055,-3.04306,0,0,0
4,0,36,0,1743,49,334,24,2,1,1,25,1583.64,-1.21847,-0.205801,2.77023,0.491234,2.80977,0,0,0
4,0,37,0,3488,55,0,35,1,1,1,15,194.865,0.364596,0.0288586,-2.63195,1.65589,-0.326383,0,0,0
0,0,37,0,1683,47,0,33,1,1,1,15,95.15,-1.28808,-0.381373,-2.69119,1.53979,-1.8465,0,0,0
5,0,37,0,3065,71,7,28,3,1,1,30,153.44,0.0424907,0.669797,-1.17045,0.963091,-1.02357,0,0,0
0,0,37,0,1650,28,260,18,3,1,1,30,1107.12,-1.33272,-1.54415,2.57627,-0.472784,2.41394,0,0,0
7,0,36,1,8405,110,119,43,3,1,1,30,816.6,2.14127,1.90062,1.73586,2.33872,1.63531,1,0,0
1,0,37,0,13063,158,0,44,3,1,1,30,528.84,2.66294,2.49052,-2.67338,2.45633,1.09049,1,0,1
1,0,37,0,3805,72,0,25,3,1,1,30,155.08,0.532756,0.764378,-2.64901,0.594776,-0.957228,0,0,0
0,0,37,0,5208,84,0,12,2,1,1,25,238.14,1.16229,1.16224,-2.65014,-1.42152,0.0624024,0,0,0
3,0,37,0,1528,43,0,17,3,1,2,30,62.84,-1.44393,-0.635511,-2.66294,-0.550287,-2.25791,0,0,0
19,0,37,2,14430,214,29,32,3,1,1,30,701.76,2.77877,2.93654,0.500265,1.35721,1.35988,1,0,0
0,0,37,0,2385,16,458,8,3,1,1,30,1928.04,-0.618301,-2.15858,3.02951,-1.90633,2.96555,0,0,0
3,0,36,0,14775,171,125,30,2,1,1,25,1235.07,2.7968,2.63175,1.75964,1.12319,2.47275,1,0,1
0,0,36,0,5790,75,161,26,3,1,1,30,878.6,1.2556,0.824729,2.03924,0.684766,1.84799,0,0,0
0,0,36,0,165,3,0,11,2,1,2,25,7.56,-2.78978,-2.80761,-2.65747,-1.49732,-2.85825,0,0,0
0,0,37,0,0,0,0,0,2,1,2,25,0,-2.82815,-2.84876,-2.759,-3.02719,-3.09734,0,0,0
0,0,36,0,0,0,0,0,2,1,2,25,0,-2.873,-2.86681,-2.77574,-3.05642,-3.09563,0,1,1
0,0,36,0,6798,116,359,43,2,1,1,25,1926.63,1.74854,1.9521,2.86523,2.37029,2.95174,1,0,1
1,0,36,0,10755,143,0,47,3,1,1,30,435.92,2.47325,2.3637,-2.77685,2.67128,1.00048,1,0,0
2,0,36,0,6008,64,83,37,2,1,1,25,646.74,1.35187,0.452697,1.54892,1.93164,1.26274,0,0,0
17,0,32,0,245,36,0,17,2,1,2,25,12.645,-2.77394,-1.0448,-2.76603,-0.539471,-2.80361,0,1,1
15,0,35,7,9725,82,0,42,4,1,1,45,245.175,2.37153,1.10341,-2.76185,2.31791,0.215169,0,0,0
7,0,35,0,5108,87,1,24,2,1,1,25,238.275,1.09021,1.26595,-1.86063,0.360591,0.0716888,0,1,1
0,0,33,0,2130,11,0,14,3,1,1,30,85.64,-0.831712,-2.38064,-2.80645,-1.02765,-1.96925,0,0,0
3,1,34,0,2280,30,0,16,2,1,2,25,103.95,-0.738921,-1.45114,-2.79415,-0.728075,-1.71073,0,1,1
3,0,35,0,1558,33,9,31,3,1,2,30,99.64,-1.4383,-1.22747,-1.05161,1.32547,-1.78831,0,1,1
0,0,35,0,0,0,0,0,3,1,2,30,0,-2.89697,-3.08422,-2.79142,-3.03894,-3.12054,0,1,1
0,0,35,0,958,14,0,6,3,1,1,30,38.88,-2.0713,-2.26694,-2.81174,-2.11591,-2.5588,0,0,0
0,0,32,0,6075,86,0,22,4,1,1,45,154.025,1.36585,1.25521,-2.79604,0.160217,-1.02665,0,0,0
0,0,35,0,0,0,0,0,4,1,2,45,0,-2.8857,-3.10784,-2.7103,-3.05363,-3.08392,0,1,1
0,0,35,0,0,0,0,0,5,1,1,55,0,-2.90851,-3.10433,-2.82768,-3.08183,-2.9249,0,0,0
19,0,30,2,15365,227,0,80,2,1,1,25,701.64,2.88012,3.00899,-2.77452,3.05447,1.32137,1,0,0
0,0,33,2,6255,105,246,33,2,2,1,25,1393.2,1.42972,1.79709,2.52821,1.48863,2.6301,0,0,0
0,0,35,0,3008,71,0,28,2,1,1,25,138.555,0.0133845,0.692949,-2.7553,0.929974,-1.22249,0,0,0
0,0,34,0,955,33,13,20,3,1,2,30,91.52,-2.0428,-1.1981,-0.649509,-0.154235,-1.85723,0,0,0
0,0,35,0,2070,42,150,23,2,1,1,25,770.04,-0.873615,-0.734071,1.90639,0.258101,1.5325,0,0,0
0,0,26,0,605,25,168,11,2,2,1,25,784.35,-2.44225,-1.68249,2.05853,-1.44423,1.57054,0,0,0
0,0,25,0,858,28,5,68,4,1,1,45,34.65,-2.17481,-1.56248,-1.63229,2.9758,-2.6207,0,0,0
0,0,26,0,0,0,0,0,2,1,2,25,0,-2.84991,-3.00682,-2.7757,-3.0897,-2.94073,0,0,0
0,0,25,0,0,0,0,0,4,1,2,45,0,-2.85011,-2.99163,-2.74792,-3.04571,-2.89497,0,0,0
4,0,24,0,515,21,0,13,2,1,1,25,24.12,-2.52967,-1.87868,-2.79717,-1.18961,-2.68806,0,0,0
0,0,24,0,2515,50,0,23,3,1,1,30,102.6,-0.491373,-0.1778,-2.72495,0.23208,-1.73551,0,0,0
0,0,17,0,985,15,3,14,2,1,1,25,58.5,-2.03504,-2.23136,-1.75335,-1.04319,-2.31913,0,0,0
10,0,16,0,5682,130,60,42,1,2,1,15,649.66,1.23976,2.20535,1.3132,2.27227,1.25941,0,0,0
6,0,14,0,8222,160,48,40,4,1,1,45,329.55,2.15138,2.4919,1.17756,2.09929,0.728834,1,0,1
2,0,15,2,2142,34,6,19,3,1,1,30,111.04,-0.841172,-1.13877,-1.61686,-0.258781,-1.60553,0,0,0
0,0,8,0,3680,29,190,10,3,1,1,30,908.36,0.463008,-1.47086,2.26051,-1.58371,1.96923,0,0,0
0,0,8,0,777,8,0,7,3,1,1,30,31.4,-2.22394,-2.55465,-2.72499,-2.0875,-2.6481,0,1,1
8,0,38,0,4370,71,5,17,3,1,1,30,197.64,0.840271,0.713783,-1.67335,-0.538402,-0.333231,0,0,0
0,0,39,0,318,5,7,4,2,1,2,25,46.035,-2.66752,-2.69382,-1.1871,-2.46892,-2.43739,0,0,0
10,0,37,0,2453,60,359,24,3,1,1,30,1536.52,-0.570927,0.290419,2.87434,0.42006,2.75219,0,0,0
10,0,38,0,4198,66,1,35,1,1,1,15,240.02,0.761409,0.526549,-1.87056,1.71189,0.171858,0,0,0
3,0,38,0,2393,58,2,33,1,1,1,15,145.805,-0.652809,0.232253,-1.82814,1.49007,-1.12581,0,0,0
11,0,38,1,3775,82,32,28,3,1,1,30,282.28,0.500883,1.0863,0.656705,0.915216,0.543181,0,0,0
4,0,38,0,2360,39,285,18,3,1,1,30,1235.96,-0.657535,-0.845286,2.68733,-0.441772,2.48897,0,0,0
13,0,37,2,9115,121,144,43,3,1,1,30,945.44,2.30192,2.07583,1.85657,2.4253,2.07901,0,0,0
7,0,38,0,13773,169,0,44,3,1,1,30,557.68,2.74713,2.59504,-2.72838,2.49696,1.15601,1,0,1
7,0,38,1,4515,83,2,25,3,1,1,30,191.92,0.935226,1.19967,-1.82233,0.471377,-0.381978,0,0,0
6,0,38,0,5918,95,7,12,3,1,1,30,268.52,1.3226,1.5937,-1.16687,-1.2934,0.383852,0,0,0
9,1,38,0,2238,54,8,17,3,1,2,30,123.68,-0.769955,0.0230357,-1.11182,-0.489147,-1.41852,0,0,0
25,0,38,3,15140,225,54,32,3,1,1,30,830.6,2.80466,2.95577,1.27855,1.39436,1.69524,1,0,1
4,0,38,1,3095,27,483,8,3,1,1,30,2056.88,0.0577392,-1.57933,3.06289,-1.91217,3.06646,0,0,0
9,0,37,0,15485,182,150,30,2,1,1,25,1380.02,2.91858,2.82926,1.86308,1.15826,2.61815,1,0,0
3,0,37,1,6500,86,186,26,3,1,1,30,1007.44,1.58308,1.23823,2.22254,0.629718,2.26183,0,0,0
0,0,37,0,875,14,0,11,2,1,2,25,40.005,-2.16411,-2.27057,-2.74785,-1.50046,-2.53165,0,0,0
2,0,38,0,710,14,13,8,3,1,2,30,80.96,-2.29001,-2.29527,-0.693633,-1.91853,-2.04812,0,0,0
0,0,37,0,0,0,0,0,2,1,2,25,0,-2.87457,-3.11413,-2.74502,-3.05614,-3.00872,0,1,1
3,0,37,0,7508,127,384,43,2,1,1,25,2071.57,2.04106,2.2069,2.95762,2.42425,3.08746,0,0,0
7,0,37,1,11465,154,11,47,4,1,1,45,317.975,2.5991,2.47177,-0.806778,2.72096,0.702326,1,0,1
8,0,37,1,6718,75,108,37,2,1,1,25,791.685,1.72534,0.837502,1.61595,1.84585,1.58494,0,0,0
23,0,33,0,955,47,16,17,2,1,2,25,117.09,-2.04899,-0.385687,-0.351446,-0.492082,-1.52135,0,1,1
21,1,36,8,10435,93,1,42,5,1,1,55,159.42,2.48079,1.53391,-1.91866,2.33896,-0.863329,1,0,1
13,0,36,1,5818,98,26,24,2,1,1,25,383.22,1.26425,1.63897,0.298477,0.373168,0.959897,0,1,1
1,0,34,0,2840,22,0,14,3,1,1,30,114.48,-0.119125,-1.80375,-2.71809,-1.05411,-1.55604,0,0,0
9,1,35,0,2990,41,9,16,3,1,2,30,157.24,0.0105263,-0.739182,-0.888068,-0.749852,-0.942238,0,1,1
9,0,36,0,2268,44,34,31,3,1,2,30,228.48,-0.712055,-0.524601,0.716522,1.25502,0.00952739,0,1,1
0,0,36,0,133,2,0,2,3,1,2,30,5.4,-2.78479,-2.77628,-2.73772,-2.5914,-2.84446,0,1,1
1,0,36,0,1668,25,0,6,3,1,1,30,67.72,-1.29619,-1.78013,-2.75149,-2.18272,-2.19175,0,0,0
3,0,33,1,6785,97,14,22,5,1,1,55,124.23,1.75789,1.64308,-0.608984,0.144069,-1.40079,0,0,0
0,0,36,0,628,7,9,4,4,1,2,45,38.375,-2.36739,-2.59235,-0.946361,-2.3553,-2.55124,0,1,1
0,0,36,1,338,4,4,2,5,1,1,55,11.13,-2.67283,-2.74214,-1.68227,-2.62823,-2.79843,0,0,0
25,0,31,3,16075,238,0,80,2,1,1,25,734.085,3.08217,3.06151,-2.69989,3.08547,1.42928,1,0,0
6,0,34,3,6965,116,271,33,2,2,1,25,1538.14,1.86604,2.01269,2.59924,1.50377,2.77608,0,0,0
2,0,36,0,3718,82,2,28,2,1,1,25,180,0.474594,1.05493,-1.81605,0.937684,-0.585913,0,0,0
3,0,35,0,1665,44,38,20,3,1,2,30,220.36,-1.32616,-0.529115,0.867135,-0.0854653,-0.102867,0,0,0
6,0,36,0,2780,53,175,23,2,1,1,25,914.985,-0.181823,-0.0706898,2.13803,0.283762,1.95049,0,0,0
4,1,27,1,1315,36,193,11,2,2,1,25,929.295,-1.65069,-1.05515,2.26349,-1.46157,1.99669,0,1,1
4,0,26,0,1568,39,30,68,4,1,1,45,115.175,-1.4037,-0.905,0.530509,2.94808,-1.53208,0,0,0
11,0,27,0,700,25,10,7,2,1,2,25,77.625,-2.29928,-1.6956,-0.838492,-2.10125,-2.10659,0,0,0
0,0,26,0,825,10,21,3,4,1,2,45,73.375,-2.24073,-2.43762,0.00722525,-2.54118,-2.12032,0,0,0
10,0,25,0,1225,32,19,13,2,1,1,25,142.065,-1.7961,-1.29442,-0.108392,-1.20188,-1.18382,0,0,0
2,0,25,0,3225,61,8,23,3,1,1,30,163.44,0.143484,0.368947,-1.10543,0.321386,-0.813394,0,0,0
2,0,18,0,1695,26,28,14,2,1,1,25,203.445,-1.28684,-1.62934,0.431744,-1.06323,-0.254146,0,0,0
16,0,17,1,6392,141,85,42,2,2,1,25,676.485,1.50892,2.34735,1.57204,2.30609,1.31172,1,0,1
12,0,15,0,8932,171,73,40,4,1,1,45,410.075,2.25628,2.65836,1.477,2.1088,1.00666,1,0,1
8,0,16,3,2852,45,31,19,3,1,1,30,239.88,-0.145668,-0.505601,0.575803,-0.375806,0.108401,0,0,0
2,0,9,1,4390,40,215,10,3,1,1,30,1037.2,0.870022,-0.808185,2.42613,-1.61183,2.30549,0,0,0
3,0,9,1,1487,19,0,7,3,1,1,30,60.24,-1.48379,-2.05772,-2.73306,-2.05451,-2.27852,0,1,1
8,0,38,0,4370,71,5,17,3,1,1,30,197.64,0.887001,0.731573,-1.62207,-0.534661,-0.350182,0,0,0
0,0,39,0,318,5,7,4,2,1,2,25,46.035,-2.66484,-2.70433,-1.19314,-2.41193,-2.43632,0,0,0
10,0,37,0,2453,60,359,24,3,1,1,30,1536.52,-0.565974,0.320127,2.80114,0.444629,2.75384,0,0,0
10,0,38,0,4198,66,1,35,1,1,1,15,240.02,0.767096,0.50437,-1.93873,1.67926,0.138387,0,0,0
3,0,38,0,2393,58,2,33,1,1,1,15,145.805,-0.613514,0.189828,-1.83354,1.5326,-1.08965,0,0,0
11,0,38,1,3775,82,32,28,3,1,1,30,282.28,0.504812,1.06456,0.661222,0.894908,0.51477,0,0,0
4,0,38,0,2360,39,285,18,3,1,1,30,1235.96,-0.623978,-0.875797,2.69486,-0.42293,2.46121,0,0,0
13,0,37,2,9115,121,144,43,3,1,1,30,945.44,2.31302,2.08157,1.89148,2.35174,2.08616,1,0,0
7,0,38,0,13773,169,0,44,3,1,1,30,557.68,2.71039,2.62157,-2.69365,2.49804,1.17342,1,0,0
7,0,38,1,4515,83,2,25,3,1,1,30,191.92,0.954703,1.14855,-1.83106,0.561538,-0.38917,0,0,0
6,0,38,0,5918,95,7,12,3,1,1,30,268.52,1.32532,1.54648,-1.27893,-1.28801,0.406254,0,0,0
9,1,38,0,2238,54,8,17,3,1,2,30,123.68,-0.733701,0.028417,-1.08467,-0.537053,-1.39225,0,0,0
25,0,38,3,15140,225,54,32,3,1,1,30,830.6,2.84114,2.95954,1.27809,1.3712,1.71445,1,0,1
4,0,38,1,3095,27,483,8,3,1,1,30,2056.88,0.0780568,-1.59493,3.05959,-1.99067,3.05925,0,0,0
9,0,37,0,15485,182,150,30,2,1,1,25,1380.02,2.94255,2.81129,1.91285,1.25796,2.63254,1,0,0
3,0,37,1,6500,86,186,26,3,1,1,30,1007.44,1.58075,1.20906,2.25577,0.697179,2.24305,0,0,0
0,0,37,0,875,14,0,11,2,1,2,25,40.005,-2.12485,-2.30331,-2.74665,-1.42313,-2.55708,0,0,0
2,0,38,0,710,14,13,8,3,1,2,30,80.96,-2.31202,-2.25062,-0.631809,-1.99225,-2.01534,0,0,0
0,0,37,0,0,0,0,0,2,1,2,25,0,-2.85628,-2.92015,-2.71357,-3.09329,-3.11139,0,1,1
3,0,37,0,7508,127,384,43,2,1,1,25,2071.57,2.06508,2.1337,2.9616,2.45794,3.07194,0,0,0
7,0,37,1,11465,154,11,47,4,1,1,45,317.975,2.58267,2.42863,-0.812264,2.68398,0.713805,1,0,1
8,0,37,1,6718,75,108,37,2,1,1,25,791.685,1.74612,0.842585,1.71579,1.87509,1.56315,0,0,0
23,1,33,0,955,47,16,17,2,1,2,25,117.09,-2.06784,-0.351853,-0.386566,-0.508509,-1.5132,0,1,1
21,0,36,8,10435,93,1,42,5,1,1,55,159.42,2.46218,1.47546,-1.92999,2.31321,-0.900745,0,0,0
13,1,36,1,5818,98,26,24,2,1,1,25,383.22,1.2716,1.61057,0.351757,0.431885,0.89722,0,1,1
1,0,34,0,2840,22,0,14,3,1,1,30,114.48,-0.16344,-1.8903,-2.7344,-1.00625,-1.54878,0,0,0
9,0,35,0,2990,41,9,16,3,1,2,30,157.24,-0.0198148,-0.690521,-0.965111,-0.727456,-0.954425,0,1,1
9,0,36,0,2268,44,34,31,3,1,2,30,228.48,-0.713417,-0.572283,0.725018,1.34336,-0.0325375,0,1,1
0,0,36,0,133,2,0,2,3,1,2,30,5.4,-2.82588,-2.81851,-2.77739,-2.63428,-2.87823,0,1,1
1,0,36,0,1668,25,0,6,3,1,1,30,67.72,-1.34407,-1.68621,-2.73843,-2.25503,-2.196,0,0,0
3,0,33,1,6785,97,14,22,5,1,1,55,124.23,1.75674,1.62628,-0.599173,0.218932,-1.38205,0,0,0
0,0,36,0,628,7,9,4,4,1,2,45,38.375,-2.38672,-2.60595,-0.926438,-2.37549,-2.56396,0,1,1
0,0,36,1,338,4,4,2,5,1,1,55,11.13,-2.6421,-2.73362,-1.6823,-2.73945,-2.81632,0,0,0
25,1,31,3,16075,238,0,80,2,1,1,25,734.085,3.05095,3.07035,-2.78286,3.0681,1.38348,1,0,1
6,0,34,3,6965,116,271,33,2,2,1,25,1538.14,1.89784,2.02397,2.6268,1.47529,2.79971,0,0,0
2,0,36,0,3718,82,2,28,2,1,1,25,180,0.523283,1.09461,-1.76769,0.936355,-0.57472,0,0,0
3,0,35,0,1665,44,38,20,3,1,2,30,220.36,-1.336,-0.578991,0.855948,-0.157878,-0.0695817,0,0,0
6,0,36,0,2780,53,175,23,2,1,1,25,914.985,-0.221727,0.0140696,2.14283,0.252784,1.95856,0,0,0
4,0,27,1,1315,36,193,11,2,2,1,25,929.295,-1.66991,-1.01453,2.27929,-1.43329,2.02652,0,0,0
4,0,26,0,1568,39,30,68,4,1,1,45,115.175,-1.45447,-0.865817,0.536841,2.96522,-1.53123,0,0,0
11,0,27,0,700,25,10,7,2,1,2,25,77.625,-2.31289,-1.69386,-0.93358,-2.11995,-2.06597,0,0,0
0,0,26,0,825,10,21,3,4,1,2,45,73.375,-2.1926,-2.40731,0.0434935,-2.51783,-2.12441,0,0,0
10,0,25,0,1225,32,19,13,2,1,1,25,142.065,-1.79483,-1.29928,-0.128805,-1.24296,-1.17895,0,0,0
2,0,25,0,3225,61,8,23,3,1,1,30,163.44,0.173195,0.361727,-1.12618,0.287213,-0.844666,0,0,0
2,0,18,0,1695,26,28,14,2,1,1,25,203.445,-1.25183,-1.66177,0.45963,-0.943563,-0.261251,0,0,0
16,0,17,1,6392,141,85,42,2,2,1,25,676.485,1.5426,2.32629,1.53827,2.3274,1.27938,0,0,0
12,0,15,0,8932,171,73,40,4,1,1,45,410.075,2.25123,2.66217,1.47644,2.20169,0.929939,1,0,1
8,0,16,3,2852,45,31,19,3,1,1,30,239.88,-0.114447,-0.521734,0.600734,-0.337691,0.120767,0,0,0
2,0,9,1,4390,40,215,10,3,1,1,30,1037.2,0.903963,-0.809082,2.44029,-1.63819,2.23906,0,0,0
3,1,9,1,1487,19,0,7,3,1,1,30,60.24,-1.47606,-2.00495,-2.76381,-2.11182,-2.21066,0,1,1
3,0,36,0,4065,65,0,15,2,1,1,25,185.85,0.66931,0.423763,-2.73435,-0.836114,-0.509345,0,0,0
0,0,37,0,0,0,0,0,2,1,2,25,0,-2.89683,-3.13361,-2.61913,-3.04256,-3.09401,0,0,0
5,0,35,0,2148,54,352,22,2,1,1,25,1683.09,-0.853072,-0.00869066,2.82645,0.0884796,2.87652,0,0,0
5,0,36,0,3893,60,0,33,1,1,1,15,217.415,0.575854,0.296521,-2.5852,1.49661,-0.111336,0,0,0
0,0,36,0,2088,52,0,31,1,1,1,15,117.7,-0.876089,-0.121786,-2.50251,1.35066,-1.5044,0,0,0
6,0,36,0,3470,76,25,26,2,1,1,25,272.07,0.367399,0.905202,0.266951,0.661383,0.441626,0,0,0
0,0,36,0,2055,33,278,16,3,1,1,30,1195.52,-0.877513,-1.23582,2.64437,-0.721223,2.44946,0,0,0
8,0,35,1,8810,115,137,41,3,1,1,30,905,2.22819,1.99113,1.84916,2.2507,1.93738,1,0,0
2,0,36,0,13468,163,0,42,3,1,1,30,545.24,2.66982,2.5391,-2.51636,2.31641,1.13128,1,0,1
2,0,36,0,4210,77,0,23,3,1,1,30,171.48,0.801785,0.952591,-2.48617,0.299783,-0.72639,0,0,0
1,0,36,0,5613,89,0,10,2,1,1,25,256.59,1.23816,1.33109,-2.52531,-1.5598,0.278758,1,0,0
4,0,36,0,1933,48,1,15,3,1,2,30,83.24,-1.05132,-0.306539,-1.92689,-0.858271,-1.96926,0,0,0
20,0,36,2,14835,219,47,30,3,1,1,30,790.16,2.79023,2.94408,1.17241,1.22207,1.56668,1,0,1
0,0,36,0,2790,21,476,6,3,1,1,30,2016.44,-0.194877,-1.94549,3.04045,-2.15545,3.02673,0,0,0
4,0,35,0,15180,176,143,28,2,1,1,25,1334.52,2.82831,2.72492,1.87439,0.914363,2.54168,1,0,0
0,0,35,0,6195,80,179,24,3,1,1,30,967,1.44697,1.03664,2.1288,0.331022,2.13485,0,0,0
0,0,35,0,570,8,0,9,2,1,2,25,26.01,-2.47826,-2.55124,-2.53726,-1.71917,-2.72242,0,0,0
0,0,36,0,405,8,6,6,2,1,2,25,45.585,-2.63212,-2.58866,-1.55052,-2.18225,-2.48261,0,0,0
0,0,35,0,0,0,0,0,2,1,2,25,0,-2.87143,-2.89307,-2.46932,-3.14122,-3.02014,0,1,1
0,0,35,0,7203,121,377,41,2,1,1,25,2026.08,1.98993,2.06054,2.92985,2.26996,3.03922,1,0,1
2,0,35,0,11160,148,4,45,3,1,1,30,468.32,2.52188,2.39772,-1.66656,2.54131,1.11267,1,0,0
3,0,35,0,6413,69,101,35,2,1,1,25,746.19,1.55263,0.652702,1.62705,1.74952,1.44929,0,0,0
18,0,31,0,650,41,9,15,2,1,2,25,71.595,-2.38084,-0.746092,-0.94817,-0.816214,-2.15361,0,1,1
16,0,34,7,10130,87,0,40,4,1,1,45,255.425,2.38979,1.29381,-2.48357,2.14853,0.24903,1,0,1
8,1,34,0,5513,92,19,22,2,1,1,25,337.725,1.14125,1.45199,-0.140409,0.135297,0.809941,0,1,1
0,0,32,0,2535,16,0,12,3,1,1,30,102.04,-0.442239,-2.15211,-2.46931,-1.31676,-1.7255,0,0,0
4,0,33,0,2685,35,2,14,2,1,2,25,131.4,-0.291107,-1.14915,-1.77856,-1.08549,-1.26923,0,1,1
4,0,34,0,1963,38,27,29,3,1,2,30,188.04,-1.02757,-0.939685,0.365252,1.09332,-0.504484,0,1,1
0,1,34,0,0,0,0,0,3,1,2,30,0,-2.89191,-3.07334,-2.43729,-3.13372,-3.13536,0,1,1
0,0,34,0,1363,19,0,4,3,1,1,30,55.28,-1.63686,-1.98788,-2.48056,-2.41248,-2.313,0,0,0
0,0,31,0,6480,91,7,20,4,1,1,45,181.775,1.58202,1.3838,-1.42828,-0.0940189,-0.565338,0,0,0
0,0,34,0,323,1,2,2,4,1,2,45,13.1,-2.65626,-2.79047,-1.77345,-2.64331,-2.82049,0,1,1
0,0,34,0,0,0,0,0,5,1,1,55,0,-2.90236,-2.99283,-2.56437,-3.13705,-3.14078,0,0,0
20,0,29,2,15770,232,0,78,2,1,1,25,720.09,3.03604,3.04616,-2.55696,3.05323,1.36698,1,0,0
1,0,32,2,6660,110,264,31,2,2,1,25,1492.65,1.66856,1.90824,2.56187,1.33404,2.71984,1,0,0
0,0,34,0,3413,76,0,26,2,1,1,25,157.005,0.312647,0.908598,-2.59494,0.648392,-0.948782,0,0,0
0,0,33,0,1360,38,31,18,3,1,2,30,179.92,-1.67364,-0.899619,0.55451,-0.476024,-0.618444,0,0,0
1,0,34,0,2475,47,168,21,2,1,1,25,869.49,-0.576853,-0.333937,2.066,-0.0527195,1.80184,0,0,0
0,1,25,0,1010,30,186,9,2,2,1,25,883.8,-1.98387,-1.41858,2.20579,-1.78603,1.87042,0,1,1
0,0,24,0,1263,33,23,66,4,1,1,45,89.9,-1.71331,-1.23242,0.163879,2.95302,-1.9461,0,0,0
6,0,25,0,395,19,3,5,2,1,2,25,32.13,-2.62936,-2.0492,-1.75617,-2.28671,-2.64665,0,0,0
0,0,24,0,520,4,14,1,4,1,2,45,48.1,-2.47193,-2.72079,-0.616723,-2.8172,-2.41443,0,0,0
5,0,23,0,920,26,12,11,2,1,1,25,96.57,-2.12808,-1.61332,-0.706821,-1.48043,-1.82481,0,0,0
0,0,23,0,2920,55,1,21,3,1,1,30,123,-0.0339796,0.00476867,-1.88234,-0.0530156,-1.4554,0,0,0
0,0,16,0,1390,20,21,12,2,1,1,25,157.95,-1.56007,-2.01002,-0.0470053,-1.41157,-0.921382,0,0,0
11,0,15,0,6088,135,78,40,1,2,1,15,771.265,1.36884,2.26683,1.49336,2.17835,1.52309,0,0,0
7,0,13,0,8628,165,66,38,4,1,1,45,384.825,2.15977,2.59865,1.42165,2.01812,0.984207,1,0,1
3,0,14,2,2548,39,24,17,3,1,1,30,199.48,-0.474567,-0.823549,0.235223,-0.539549,-0.311251,0,0,0
0,0,7,0,4085,34,208,8,3,1,1,30,996.76,0.647052,-1.17736,2.43235,-1.89775,2.18042,0,0,0
0,1,7,0,1183,13,0,5,2,1,2,25,53.82,-1.81238,-2.31526,-2.56143,-2.33809,-2.33789,0,1,1
6,0,38,0,4125,68,3,17,2,1,1,25,202.185,0.746242,0.565144,-1.74313,-0.509839,-0.251925,0,0,0
0,0,39,0,73,2,5,4,2,1,1,25,25.875,-2.81265,-2.85777,-1.64521,-2.40083,-2.68201,0,0,0
8,0,37,0,2208,57,357,24,2,1,1,25,1708.42,-0.784214,0.216255,2.82514,0.376548,2.89811,0,0,0
8,0,38,0,3953,63,0,35,1,1,1,15,220.88,0.60505,0.407697,-2.59779,1.76979,-0.074039,0,0,0
1,0,38,0,2148,55,0,33,1,1,1,15,121.165,-0.864779,0.0741404,-2.58856,1.48365,-1.43013,0,0,0
9,0,38,1,3530,79,30,28,3,1,1,30,264.36,0.42744,0.948593,0.529995,0.962207,0.403208,0,0,0
2,0,38,0,2115,36,283,18,3,1,1,30,1218.04,-0.865811,-1.05817,2.65239,-0.398971,2.4735,0,0,0
11,0,37,2,8870,118,142,43,3,1,1,30,927.52,2.23197,2.03786,1.85354,2.3672,1.99936,0,0,0
5,0,38,0,13528,166,0,44,3,1,1,30,547.76,2.6853,2.60474,-2.60121,2.52258,1.12647,1,0,0
5,0,38,1,4270,80,0,25,3,1,1,30,174,0.80109,1.04517,-2.5668,0.602413,-0.669282,0,0,0
4,0,38,0,5673,92,5,12,2,1,1,25,281.925,1.19637,1.46238,-1.639,-1.40296,0.522809,0,0,0
7,0,38,0,1993,51,6,17,3,1,1,30,105.76,-0.968568,-0.143774,-1.58537,-0.542682,-1.71445,0,0,0
23,0,38,3,14895,222,52,32,3,1,1,30,812.68,2.83925,2.94782,1.21043,1.46206,1.66369,1,0,1
2,0,38,1,2850,24,481,8,3,1,1,30,2038.96,-0.141664,-1.69028,3.0507,-1.85176,3.08047,0,0,0
7,0,37,0,15240,179,148,30,2,1,1,25,1359.86,2.83388,2.79161,1.90062,1.20745,2.56454,1,0,0
1,0,37,1,6255,83,184,26,3,1,1,30,989.52,1.46573,1.1018,2.18174,0.746025,2.15263,0,0,0
0,0,37,0,630,11,0,11,2,1,1,25,28.845,-2.35915,-2.43912,-2.61913,-1.52925,-2.63787,0,0,0
0,0,38,0,465,11,11,8,2,1,1,25,70.92,-2.52635,-2.39817,-0.784973,-1.86172,-2.15453,0,0,0
0,0,37,0,0,0,0,0,2,1,1,25,0,-2.87482,-2.83941,-2.61635,-3.14159,-2.91423,0,1,1
1,0,37,0,7263,124,382,43,2,1,1,25,2051.41,2.00272,2.12061,2.94594,2.40411,3.04478,1,0,0
5,0,37,1,11220,151,9,47,3,1,1,30,490.84,2.53954,2.41408,-1.0607,2.63273,1.10577,1,0,0
6,0,37,1,6473,72,106,37,2,1,1,25,771.525,1.57834,0.735108,1.68094,1.84454,1.52077,0,0,0
21,1,33,0,710,44,14,17,2,1,1,25,96.93,-2.2973,-0.595992,-0.592099,-0.533314,-1.82635,0,1,1
19,0,36,8,10190,90,0,42,4,1,1,45,257,2.43428,1.37888,-2.59556,2.32997,0.274054,1,0,1
11,1,36,1,5573,95,24,24,2,1,1,25,363.06,1.19407,1.55426,0.19167,0.343046,0.864803,0,1,1
0,0,34,0,2595,19,0,14,3,1,1,30,104.56,-0.384727,-2.02818,-2.59483,-1.08129,-1.68538,0,0,0
7,0,35,0,2745,38,7,16,3,1,1,30,139.32,-0.22495,-0.928902,-1.43905,-0.709838,-1.2149,0,1,1
7,1,36,0,2023,41,32,31,3,1,1,30,210.56,-0.910338,-0.718802,0.606628,1.28426,-0.199136,0,1,1
0,0,36,0,0,0,0,0,3,1,1,30,0,-2.86843,-2.86801,-2.65162,-3.0928,-2.97524,0,1,1
0,0,36,0,1423,22,0,6,3,1,1,30,57.8,-1.54368,-1.83527,-2.59095,-2.22954,-2.29748,0,0,0
1,0,33,1,6540,94,12,22,4,1,1,45,195.85,1.60759,1.52336,-0.758847,0.105519,-0.401424,0,0,0
0,0,36,0,383,4,7,4,4,1,1,45,27.175,-2.61848,-2.76983,-1.43623,-2.49503,-2.65585,0,1,1
0,0,36,1,93,1,2,2,5,1,1,55,4.41,-2.83218,-2.82674,-1.84363,-2.72722,-2.84234,0,0,0
23,0,31,3,15830,235,0,80,2,1,1,25,722.925,3.02816,3.05416,-2.63563,3.09741,1.37793,1,0,1
4,0,34,3,6720,113,269,33,2,2,1,25,1517.98,1.74242,1.95791,2.57288,1.54746,2.75194,0,0,0
0,0,36,0,3473,79,0,28,2,1,1,25,159.84,0.37159,0.987425,-2.61842,1.00472,-0.873314,0,0,0
1,0,35,0,1420,41,36,20,3,1,1,30,202.44,-1.56094,-0.713779,0.785508,-0.198351,-0.289724,0,0,0
4,0,36,0,2535,50,173,23,2,1,1,25,894.825,-0.489619,-0.198173,2.12307,0.212551,1.90648,0,0,0
2,1,27,1,1070,33,191,11,2,2,1,25,909.135,-1.98405,-1.28254,2.2528,-1.58195,1.91263,0,0,0
2,0,26,0,1323,36,28,68,4,1,1,45,103.975,-1.65349,-1.05262,0.395659,2.93702,-1.65736,0,0,0
9,0,27,0,455,22,8,7,2,1,1,25,57.465,-2.54941,-1.88325,-1.07247,-2.07114,-2.31823,0,0,0
0,0,26,0,580,7,19,3,4,1,1,45,62.175,-2.42459,-2.59491,-0.149702,-2.57939,-2.28351,0,0,0
8,0,25,0,980,29,17,13,2,1,1,25,121.905,-2.0281,-1.4519,-0.34831,-1.15321,-1.42004,0,0,0
0,0,25,0,2980,58,6,23,3,1,1,30,145.52,-0.0163634,0.209371,-1.53975,0.250902,-1.15851,0,0,0
0,0,18,0,1450,23,26,14,2,1,1,25,183.285,-1.50818,-1.79338,0.317529,-1.0378,-0.522297,0,0,0
14,1,17,1,6148,138,83,42,1,2,1,15,802.23,1.4148,2.33063,1.53107,2.33756,1.64738,0,0,0
10,0,15,0,8688,168,71,40,4,1,1,45,398.9,2.20281,2.65479,1.46217,2.14161,1.00113,1,0,1
6,0,16,3,2608,42,29,19,3,1,1,30,222,-0.381434,-0.688865,0.486798,-0.288962,-0.0537792,0,0,0
0,0,9,1,4145,37,213,10,3,1,1,30,1019.28,0.729096,-0.988612,2.4371,-1.70698,2.2383,0,0,0
1,1,9,1,1243,16,0,7,3,1,1,30,50.36,-1.76795,-2.19131,-2.61301,-2.06706,-2.35076,0,1,1
0,0,34,0,4005,62,0,13,2,1,1,25,183.015,0.665178,0.394441,-2.59912,-1.10526,-0.54709,0,0,0
0,0,35,0,0,0,0,0,2,1,2,25,0,-3.0589,-3.11221,-2.62656,-3.01406,-2.95123,0,0,0
2,0,33,0,2088,51,347,20,2,1,1,25,1657.76,-0.889992,-0.159335,2.80795,-0.204891,2.87543,0,0,0
2,0,34,0,3833,57,0,31,2,1,1,25,175.05,0.556303,0.189031,-2.6019,1.3333,-0.683427,0,0,0
0,0,34,0,2028,49,0,29,1,1,1,15,114.235,-0.998843,-0.315071,-2.55734,1.0356,-1.55138,0,0,0
3,0,34,0,3410,73,20,24,2,1,1,25,246.735,0.349688,0.767765,-0.0721238,0.522646,0.207402,0,0,0
0,0,34,0,1995,30,273,14,3,1,1,30,1173,-0.928935,-1.3868,2.59944,-1.04968,2.42368,0,0,0
5,0,33,0,8750,112,132,39,3,1,1,30,882.48,2.17511,1.91835,1.8485,2.00289,1.87162,0,0,0
0,0,34,0,13408,160,0,40,3,1,1,30,542.72,2.64674,2.51518,-2.59069,2.11928,1.12589,1,0,1
0,0,34,0,4150,74,0,21,3,1,1,30,168.96,0.718949,0.782208,-2.578,0.0906438,-0.71371,0,0,0
0,0,34,0,5553,86,0,8,2,1,1,25,253.755,1.22855,1.22773,-2.54963,-1.90417,0.262661,0,0,0
1,0,34,0,1873,45,0,13,3,1,2,30,76.72,-1.16257,-0.465439,-2.51727,-1.1011,-2.04653,0,0,0
17,0,34,1,14775,216,42,28,2,1,1,25,863.595,2.78227,2.88208,1.0071,0.944926,1.83269,1,0,1
0,0,34,0,2730,18,471,4,3,1,1,30,1993.92,-0.21239,-2.10179,3.04011,-2.50875,3.01041,0,0,0
1,0,33,0,15120,173,138,26,2,1,1,25,1309.18,2.82097,2.69014,1.84381,0.771165,2.51856,1,0,0
0,0,33,0,6135,77,174,22,3,1,1,30,944.48,1.39349,0.866301,2.12216,0.1028,2.05453,0,0,0
0,0,33,0,510,5,0,7,2,1,2,25,23.175,-2.52272,-2.72885,-2.5728,-2.13418,-2.67253,0,0,0
0,0,34,0,345,5,1,4,2,1,2,25,20.25,-2.62428,-2.71782,-1.83741,-2.47779,-2.72204,0,0,0
0,0,33,0,0,0,0,0,2,1,2,25,0,-3.06577,-2.82702,-2.54352,-2.92226,-2.88378,0,1,1
0,0,33,0,7143,118,372,39,2,1,1,25,2000.74,1.94603,2.04749,2.85435,2.06951,3.0112,1,0,1
0,0,33,0,11100,145,0,43,3,1,1,30,449.8,2.52287,2.3238,-2.54089,2.34641,1.06425,1,0,1
0,0,33,0,6353,66,96,33,2,1,1,25,720.855,1.49355,0.492845,1.61838,1.48275,1.36311,0,0,0
15,0,29,0,590,38,4,13,2,1,2,25,46.26,-2.44213,-0.93593,-1.6947,-1.12409,-2.3811,0,1,1
13,0,32,6,10070,84,0,38,4,1,1,45,253.85,2.41593,1.1441,-2.56974,1.91934,0.261407,0,0,0
5,1,32,0,5453,89,14,20,2,1,1,25,312.39,1.15447,1.35688,-0.575723,-0.196924,0.677094,0,1,1
0,0,30,0,2475,13,0,10,3,1,1,30,99.52,-0.539946,-2.32645,-2.53162,-1.62239,-1.7571,0,0,0
1,1,31,0,2625,32,0,12,2,1,2,25,119.565,-0.435686,-1.31625,-2.54028,-1.27931,-1.47577,0,1,1
1,0,32,0,1903,35,22,27,3,1,2,30,165.52,-1.12373,-1.12947,0.0615208,0.775692,-0.814525,0,1,1
0,1,32,0,0,0,0,0,2,1,2,25,0,-3.03898,-2.90442,-2.53104,-2.94342,-2.86414,0,1,1
0,0,32,0,1303,16,0,2,3,1,1,30,52.76,-1.70716,-2.16803,-2.59231,-2.6707,-2.34703,0,0,0
0,0,29,0,6420,88,2,18,4,1,1,45,167.7,1.56737,1.33599,-1.81276,-0.385703,-0.79796,0,0,0
0,0,32,0,263,1,0,1,3,1,2,30,10.56,-2.73896,-2.8024,-2.57519,-2.80495,-2.81665,0,1,1
0,0,32,0,0,0,0,0,4,1,1,45,0,-3.02661,-2.90375,-2.56845,-2.91259,-2.91252,0,0,0
17,0,27,1,15710,229,0,76,2,1,1,25,717.255,2.97991,2.99128,-2.57631,3.03925,1.38511,1,0,0
0,0,30,1,6600,107,259,29,2,2,1,25,1467.32,1.65618,1.8704,2.56618,1.12064,2.70205,0,0,0
0,0,32,0,3353,73,0,24,2,1,1,25,154.17,0.286562,0.73131,-2.54814,0.422942,-0.974674,0,0,0
0,0,31,0,1300,35,26,16,3,1,2,30,157.4,-1.68529,-1.10288,0.309832,-0.683146,-0.906081,0,0,0
0,0,32,0,2415,44,163,19,2,1,1,25,844.155,-0.596725,-0.524238,2.0242,-0.329045,1.77166,0,0,0
0,0,23,0,950,27,181,7,2,2,1,25,858.465,-2.06984,-1.62474,2.15814,-2.10223,1.82714,0,0,0
0,0,22,0,1203,30,18,64,4,1,1,45,75.825,-1.78547,-1.40803,-0.155546,2.91403,-2.08492,0,0,0
3,0,23,0,335,16,0,3,2,1,2,25,15.795,-2.63772,-2.21005,-2.55588,-2.54058,-2.76618,0,0,0
0,0,22,0,0,0,9,0,4,1,2,45,22.5,-3.07459,-2.91183,-0.981203,-2.90499,-2.73587,0,0,0
2,0,21,0,860,23,7,9,2,1,1,25,71.235,-2.15969,-1.82103,-1.50041,-1.794,-2.16193,0,0,0
0,0,21,0,2860,52,0,19,3,1,1,30,116.48,-0.117115,-0.116616,-2.57032,-0.355343,-1.54174,0,0,0
0,0,14,0,1330,17,16,10,2,1,1,25,132.615,-1.66259,-2.09957,-0.325755,-1.65329,-1.26647,0,0,0
8,0,13,0,6028,132,73,38,1,2,1,15,740.3,1.27262,2.20218,1.45796,1.93313,1.41794,0,0,0
4,0,11,0,8568,162,61,36,4,1,1,45,370.75,2.19682,2.54346,1.34214,1.83057,0.890861,1,0,1
0,0,12,1,2488,36,19,15,3,1,1,30,176.96,-0.541591,-1.02491,-0.134538,-0.919644,-0.638819,0,0,0
0,0,5,0,4025,31,203,6,3,1,1,30,974.24,0.664135,-1.39969,2.39311,-2.20771,2.17365,0,0,0
0,1,5,0,1123,10,0,3,2,1,2,25,50.985,-1.87282,-2.49197,-2.57625,-2.49338,-2.38519,0,1,1
4,0,40,0,4145,67,8,19,2,1,1,25,225.54,0.722406,0.555026,-1.10087,-0.356646,-0.0105597,0,0,0
0,0,41,0,93,1,10,6,2,1,2,25,49.23,-2.81397,-2.83048,-0.923033,-2.1244,-2.3745,0,0,0
6,0,39,0,2228,56,362,26,2,1,1,25,1731.78,-0.757668,0.11005,2.88589,0.660578,2.91186,0,0,0
6,0,40,0,3973,62,4,37,2,1,1,25,199.575,0.630372,0.395356,-1.69394,1.89051,-0.31325,0,0,0
0,0,40,0,2168,54,5,35,1,1,1,15,149.71,-0.795956,0.00331073,-1.59422,1.71787,-1.04483,0,0,0
7,0,40,1,3550,78,35,30,3,1,1,30,285.12,0.428601,0.937467,0.743094,1.14435,0.509534,0,0,0
0,0,40,0,2135,35,288,20,3,1,1,30,1238.8,-0.876644,-1.12027,2.66814,-0.152309,2.47834,0,0,0
9,0,39,2,8890,117,147,45,3,1,1,30,948.28,2.23949,2.02258,1.90382,2.56603,2.0656,1,0,1
3,0,40,0,13548,165,3,46,3,1,1,30,560.52,2.67681,2.5946,-1.70022,2.6729,1.19265,1,0,0
3,0,40,1,4290,79,5,27,3,1,1,30,194.76,0.82628,0.956273,-1.61227,0.837136,-0.380545,0,0,0
2,0,40,0,5693,91,10,14,2,1,1,25,305.28,1.24537,1.47044,-0.921114,-1.05346,0.638991,0,0,0
5,0,40,0,2013,50,11,19,3,1,2,30,126.52,-0.9936,-0.182456,-0.815507,-0.300045,-1.37909,0,0,0
21,0,40,3,14915,221,57,34,3,1,1,30,833.44,2.80423,2.91743,1.30826,1.65152,1.72746,1,0,0
0,0,40,1,2870,23,486,10,3,1,1,30,2059.72,-0.0852482,-1.79336,3.09709,-1.6349,3.08056,0,0,0
5,0,39,0,15260,178,153,32,2,1,1,25,1383.21,2.91775,2.71741,1.94183,1.44096,2.63615,1,0,0
0,0,39,1,6275,82,189,28,3,1,1,30,1010.28,1.44274,1.09058,2.26577,0.875272,2.19041,0,0,0
0,0,39,0,650,10,3,13,2,1,2,25,43.2,-2.36235,-2.47092,-1.70583,-1.21726,-2.46116,0,0,0
0,0,40,0,485,10,16,10,2,1,2,25,94.275,-2.52586,-2.46102,-0.398506,-1.63897,-1.85069,0,0,0
0,0,39,0,0,0,3,0,2,1,2,25,13.5,-3.01548,-3.10945,-1.73028,-2.99035,-2.78183,0,1,1
0,0,39,0,7283,123,387,45,2,1,1,25,2074.77,2.04727,2.07281,2.98527,2.59713,3.05467,1,0,0
3,0,39,1,11240,150,14,49,3,1,1,30,511.6,2.52103,2.39656,-0.576486,2.7426,1.1162,1,0,0
4,0,39,1,6493,71,111,39,2,1,1,25,794.88,1.60244,0.714991,1.70849,2.06856,1.61875,0,0,0
19,0,35,0,730,43,19,19,2,1,2,25,120.285,-2.29692,-0.582321,-0.177775,-0.316626,-1.45262,0,1,1
17,0,38,8,10210,89,4,44,4,2,1,45,267.475,2.43704,1.3093,-1.69851,2.45886,0.374866,1,0,0
9,0,38,1,5593,94,29,26,2,1,1,25,386.415,1.21502,1.53509,0.466364,0.64514,0.992582,0,1,1
0,0,36,0,2615,18,3,16,3,1,1,30,117.32,-0.38443,-2.08552,-1.73705,-0.765674,-1.50299,0,0,0
5,1,37,0,2765,37,12,18,2,1,2,25,180.09,-0.211077,-0.957593,-0.762211,-0.471772,-0.56761,0,1,1
5,0,38,0,2043,40,37,33,3,1,2,30,231.32,-0.947695,-0.797646,0.855763,1.54591,0.0213444,0,1,1
0,0,38,0,0,0,3,0,3,1,2,30,12,-3.0749,-3.11356,-1.74736,-3.04944,-2.8217,0,1,1
0,0,38,0,1443,21,3,8,3,1,1,30,70.56,-1.51266,-1.89397,-1.79336,-1.84364,-2.13028,0,0,0
0,0,35,1,6560,93,17,24,4,1,1,45,208.825,1.62471,1.54262,-0.288966,0.442371,-0.161614,0,0,0
0,1,38,0,403,3,12,6,4,1,2,45,40.15,-2.6156,-2.78763,-0.75577,-2.17446,-2.56335,0,1,1
0,0,38,1,0,0,7,0,5,1,1,55,10.5,-3.07975,-2.94029,-1.45969,-2.99517,-2.79342,0,0,0
21,0,33,3,15850,234,3,82,2,1,1,25,737.28,3.01206,3.05932,-1.76326,3.09611,1.43485,1,0,1
2,0,36,3,6740,112,274,35,2,2,1,25,1541.34,1.73996,1.93579,2.60538,1.70406,2.79338,0,0,0
0,0,38,0,3493,78,5,30,2,1,1,25,183.195,0.384798,0.924185,-1.65774,1.145,-0.533739,0,0,0
0,0,37,0,1440,40,41,22,3,1,2,30,223.2,-1.53041,-0.812099,0.988135,0.0820088,-0.0793729,0,0,0
2,0,38,0,2555,49,178,25,2,1,1,25,918.18,-0.506625,-0.254592,2.11499,0.479527,1.96035,0,0,0
0,0,29,1,1090,32,196,13,2,2,1,25,932.49,-1.90853,-1.32498,2.31903,-1.2029,1.99952,0,0,0
0,0,28,0,1343,35,33,70,4,1,1,45,116.95,-1.67147,-1.11814,0.705442,2.99507,-1.48576,0,0,0
7,0,29,0,475,21,13,9,2,1,2,25,80.82,-2.52826,-1.90576,-0.687156,-1.77766,-2.02616,0,0,0
0,0,28,0,600,6,24,5,4,1,2,45,75.15,-2.44597,-2.56775,0.177572,-2.31535,-2.0842,0,0,0
6,0,27,0,1000,28,22,15,2,1,1,25,145.26,-2.02624,-1.54783,0.0852192,-0.911543,-1.15322,0,0,0
0,0,27,0,3000,57,11,25,3,1,1,30,166.28,0.00428022,0.16259,-0.83566,0.51946,-0.813932,0,0,0
0,0,20,0,1470,22,31,16,2,1,1,25,206.64,-1.49806,-1.87215,0.596035,-0.771495,-0.237504,0,0,0
12,0,19,1,6168,137,88,44,1,2,1,15,830.775,1.38567,2.2654,1.55566,2.50774,1.71533,0,0,0
8,0,17,0,8708,167,76,42,4,1,1,45,411.875,2.21263,2.59794,1.49262,2.31232,0.955924,1,0,1
4,0,18,3,2628,41,34,21,3,1,1,30,242.76,-0.389426,-0.778388,0.677941,-0.0645939,0.161063,0,0,0
0,0,11,1,4165,36,218,12,3,1,1,30,1040.04,0.736749,-1.07398,2.50053,-1.38012,2.28026,0,0,0
0,1,11,1,1263,15,3,9,3,1,1,30,63.12,-1.70916,-2.2465,-1.73293,-1.80929,-2.26544,0,1,1
2,0,32,0,3985,63,0,11,2,1,1,25,182.16,0.62619,0.378279,-3.01116,-1.46557,-0.566563,0,0,0
0,0,33,0,0,0,0,0,2,1,2,25,0,-3.13433,-2.98427,-3.02538,-2.96474,-2.97154,0,0,0
4,0,31,0,2068,52,342,18,2,1,1,25,1634.4,-0.922581,-0.097819,2.80202,-0.47068,2.85287,0,0,0
4,0,32,0,3813,58,0,29,1,1,1,15,212.905,0.531643,0.210893,-3.07203,1.03643,-0.204134,0,0,0
0,0,32,0,2008,50,0,27,1,1,1,15,113.19,-0.957583,-0.246915,-2.97654,0.889806,-1.56154,0,0,0
5,0,32,0,3390,74,15,22,2,1,1,25,223.38,0.295174,0.774369,-0.448178,0.171306,-0.0385807,0,0,0
0,0,32,0,1975,31,268,12,3,1,1,30,1152.24,-1.00557,-1.31307,2.56925,-1.35016,2.38513,0,0,0
7,0,31,0,8730,113,127,37,3,1,1,30,861.72,2.18115,1.96681,1.77032,1.914,1.81693,0,0,0
1,0,32,0,13388,161,0,38,3,1,1,30,541.96,2.65546,2.552,-3.06407,1.97407,1.15703,1,0,1
1,0,32,0,4130,75,0,19,3,1,1,30,168.2,0.703266,0.787946,-2.99646,-0.318487,-0.756716,0,0,0
0,0,32,0,5533,87,0,6,2,1,1,25,252.9,1.2007,1.27991,-2.96857,-2.22144,0.257197,0,0,0
3,0,32,0,1853,46,0,11,3,1,2,30,75.96,-1.12742,-0.400488,-3.03177,-1.40728,-2.08332,0,0,0
19,0,32,1,14755,217,37,26,3,1,1,30,746.88,2.76645,2.93989,0.787009,0.681537,1.4574,1,0,0
0,0,32,0,2710,19,466,2,3,1,1,30,1973.16,-0.243985,-2.02554,3.00931,-2.76079,3.00251,0,0,0
3,0,31,0,15100,174,133,24,2,1,1,25,1285.83,2.8531,2.71783,1.78722,0.40267,2.53385,1,0,1
0,0,31,0,6115,78,169,20,3,1,1,30,923.72,1.37281,0.944688,2.05332,-0.0609601,2.01647,0,0,0
0,0,31,0,490,6,0,5,2,1,2,25,22.32,-2.54583,-2.71955,-2.96542,-2.37277,-2.71565,0,0,0
0,0,32,0,325,6,0,2,2,1,2,25,14.895,-2.66107,-2.70392,-2.98963,-2.72262,-2.75401,0,0,0
0,0,31,0,0,0,0,0,2,1,2,25,0,-3.08251,-3.10556,-2.97768,-2.84764,-3.14159,0,1,1
0,0,31,0,7123,119,367,37,2,1,1,25,1977.39,1.91545,2.07049,2.86293,1.86438,2.99605,0,0,0
1,0,31,0,11080,146,0,41,3,1,1,30,449.04,2.52247,2.35951,-2.98918,2.24693,1.0576,1,0,1
2,0,31,0,6333,67,91,31,2,1,1,25,697.5,1.46641,0.565374,1.56201,1.3495,1.34683,0,0,0
17,0,27,0,570,39,0,11,2,1,2,25,27.405,-2.41933,-0.882258,-3.02728,-1.38685,-2.69774,0,1,1
15,0,30,6,10050,85,0,36,4,1,1,45,253.375,2.38962,1.223,-2.99324,1.74765,0.224083,0,0,0
7,0,30,0,5433,90,9,18,2,1,1,25,289.035,1.17779,1.3912,-1.01326,-0.402817,0.54496,0,1,1
0,0,28,0,2455,14,0,8,3,1,1,30,98.76,-0.602859,-2.26593,-3.02297,-1.99879,-1.81189,0,0,0
3,1,29,0,2605,33,0,10,2,1,2,25,118.71,-0.388098,-1.24884,-2.99964,-1.59519,-1.46863,0,1,1
3,0,30,0,1883,36,17,25,3,1,2,30,144.76,-1.11684,-1.09823,-0.33652,0.468702,-1.12474,0,1,1
0,0,30,0,0,0,0,0,2,1,2,25,0,-3.06296,-3.10878,-3.07659,-2.93751,-3.04046,0,1,1
0,0,30,0,1283,17,0,5,3,1,1,30,52,-1.71503,-2.10491,-3.02809,-2.36373,-2.35384,0,0,0
0,0,27,0,6400,89,0,16,4,1,1,45,162.225,1.56032,1.3649,-3.06308,-0.721147,-0.833785,0,0,0
0,1,30,0,0,0,0,0,4,1,2,45,0,-3.11205,-3.10078,-3.07476,-2.93294,-3.06013,0,1,1
0,0,30,0,0,0,0,0,4,1,1,45,0,-3.14159,-3.07969,-3.10049,-2.93495,-3.04217,0,0,0
19,0,25,1,15690,230,0,74,2,1,1,25,716.4,2.97111,2.98721,-3.13022,2.99902,1.35511,1,0,0
0,0,28,1,6580,108,254,27,2,2,1,25,1443.96,1.62196,1.8971,2.51475,0.79687,2.66707,0,0,0
0,0,30,0,3333,74,0,22,2,1,1,25,153.315,0.286883,0.793082,-3.11912,0.13388,-1.01396,0,0,0
0,0,29,0,1280,36,21,14,3,1,2,30,136.64,-1.71291,-1.0366,0.000188079,-1.07262,-1.21166,0,0,0
0,0,30,0,2395,45,158,17,2,1,1,25,820.8,-0.594916,-0.472063,1.95718,-0.502459,1.66305,0,0,0
0,0,21,0,930,28,176,5,2,2,1,25,835.11,-2.08887,-1.53797,2.11267,-2.36963,1.72941,0,0,0
0,0,20,0,1183,31,13,62,4,1,1,45,62.85,-1.79534,-1.33806,-0.673031,2.92586,-2.26645,0,0,0
5,0,21,0,315,17,0,1,2,1,2,25,14.94,-2.67351,-2.1245,-3.0901,-2.79515,-2.78959,0,0,0
0,0,20,0,0,0,4,0,4,1,2,45,10,-3.14159,-2.90366,-1.68745,-2.9618,-2.84467,0,0,0
4,0,19,0,840,24,2,7,2,1,1,25,47.88,-2.16726,-1.7876,-1.82389,-1.99655,-2.43282,0,0,0
0,0,19,0,2840,53,0,17,3,1,1,30,115.72,-0.153906,-0.0606977,-3.11743,-0.53306,-1.53355,0,0,0
0,0,12,0,1310,18,11,8,2,1,1,25,109.26,-1.67287,-2.10258,-0.858747,-1.87382,-1.6211,0,0,0
10,0,11,0,6008,133,68,36,1,2,1,15,711.755,1.35358,2.23142,1.4342,1.79655,1.35404,0,0,0
6,0,9,0,8548,163,56,34,4,1,1,45,357.775,2.17218,2.56193,1.34027,1.62096,0.873918,1,0,1
2,0,10,1,2468,37,14,13,3,1,1,30,156.2,-0.558977,-1.02307,-0.595277,-1.14434,-0.977246,0,0,0
0,0,3,0,4005,32,198,4,3,1,1,30,953.48,0.633004,-1.27573,2.2981,-2.424,2.08528,0,0,0
0,0,3,0,1103,11,0,1,2,1,1,25,50.13,-1.90732,-2.41053,-3.08149,-2.79144,-2.40031,0,1,1
8,0,42,0,4325,75,13,21,3,1,1,30,228,0.87657,0.818219,-0.668262,-0.0709793,0.0118124,0,0,0
0,0,43,0,273,9,15,8,2,1,2,25,80.19,-2.75285,-2.48361,-0.447117,-1.88724,-2.04771,0,0,0
10,0,41,0,2408,64,367,28,3,1,1,30,1566.88,-0.619438,0.439799,2.87916,0.916336,2.78787,0,0,0
10,0,42,0,4153,70,9,39,1,1,1,15,281.765,0.738774,0.652423,-1.00354,2.01657,0.524334,0,0,0
3,0,42,0,2348,62,10,37,1,1,1,15,187.55,-0.639326,0.358693,-0.870852,1.81339,-0.493903,0,0,0
11,0,42,1,3730,86,40,32,3,1,1,30,312.64,0.468299,1.25649,0.948092,1.36156,0.703308,0,0,0
4,0,42,0,2315,43,293,22,3,1,1,30,1266.32,-0.682665,-0.64419,2.71104,0.0571646,2.49611,0,0,0
13,0,41,2,9070,125,152,47,3,1,1,30,975.8,2.31429,2.11871,1.93963,2.68442,2.15864,0,0,0
7,0,42,0,13728,173,8,48,3,1,1,30,588.04,2.70397,2.68667,-1.12984,2.69708,1.22899,1,0,1
7,0,42,1,4470,87,10,29,3,1,1,30,222.28,0.909223,1.2935,-0.886655,1.08859,-0.0549039,0,0,0
6,0,42,0,5873,99,15,16,3,1,1,30,298.88,1.2854,1.69051,-0.453628,-0.707856,0.585195,0,0,0
9,1,42,0,2193,58,16,21,3,1,2,30,154.04,-0.788524,0.209914,-0.46497,-0.00433094,-1.0146,0,0,0
25,0,42,3,15095,229,62,36,3,1,1,30,860.96,2.82437,2.99847,1.35521,1.79043,1.81933,1,0,0
4,0,42,1,3050,31,491,12,3,1,1,30,2087.24,0.0432542,-1.41835,3.08977,-1.35972,3.09913,0,0,0
9,0,41,0,15440,186,158,34,2,1,1,25,1414.17,2.90478,2.83717,1.9932,1.63133,2.65825,1,0,0
3,0,41,1,6455,90,194,30,3,1,1,30,1037.8,1.54409,1.3914,2.28945,1.13112,2.23905,0,0,0
0,0,41,0,830,18,8,15,2,1,2,25,74.16,-2.19224,-2.0964,-1.02711,-0.912123,-2.06855,0,0,0
2,0,42,0,665,18,21,12,3,1,2,30,111.32,-2.32712,-2.07547,-0.000374833,-1.39962,-1.59899,0,0,0
0,0,41,0,0,0,8,0,2,1,2,25,36,-3.12491,-2.92719,-1.04935,-2.92641,-2.58694,0,1,1
3,0,41,0,7463,131,392,47,2,1,1,25,2105.73,2.08972,2.26122,2.95133,2.66298,3.09948,1,0,0
7,0,41,1,11420,158,19,51,4,1,1,45,336.95,2.56503,2.47743,-0.170215,2.83819,0.803131,1,0,0
8,0,41,1,6673,79,116,41,2,1,1,25,825.84,1.69728,0.996061,1.73039,2.23322,1.68754,0,0,0
23,1,37,0,910,51,24,21,2,1,2,25,151.245,-2.12153,-0.150941,0.146337,0.0283391,-1.02193,0,1,1
21,1,40,8,10390,97,9,46,5,2,1,55,170.805,2.44778,1.59042,-0.957948,2.63113,-0.770499,0,0,0
13,0,40,1,5773,102,34,28,2,1,1,25,417.375,1.24306,1.77198,0.730378,1.00663,1.02629,0,0,0
1,0,38,0,2795,26,8,18,3,1,1,30,144.84,-0.178326,-1.65204,-1.07449,-0.41859,-1.12283,0,0,0
9,1,39,0,2945,45,17,20,3,1,2,30,187.6,-0.067461,-0.46815,-0.26523,-0.11883,-0.516495,0,1,1
9,0,40,0,2223,48,42,35,3,1,2,30,258.84,-0.777742,-0.299454,1.00056,1.67076,0.318352,0,1,1
0,0,40,0,88,6,8,6,3,1,2,30,35.76,-2.846,-2.6811,-1.07438,-2.22206,-2.57962,0,1,1
1,0,40,0,1623,29,8,10,3,1,1,30,98.08,-1.36205,-1.47688,-1.05375,-1.57516,-1.77211,0,0,0
3,0,37,1,6740,101,22,26,5,1,1,55,135.615,1.72171,1.75823,0.0379977,0.705286,-1.25145,0,0,0
0,1,40,0,583,11,17,8,4,1,2,45,57.35,-2.45519,-2.40377,-0.280763,-1.86716,-2.31933,0,1,1
0,0,40,1,293,8,12,6,5,1,1,55,22.515,-2.7474,-2.58346,-0.713203,-2.19844,-2.69593,0,0,0
25,0,35,3,16030,242,8,84,2,1,1,25,768.24,3.06798,3.08805,-1.10562,3.11059,1.48024,1,0,1
6,0,38,3,6920,120,279,37,2,2,1,25,1572.3,1.81342,2.06396,2.62952,1.9193,2.77896,1,0,1
2,0,40,0,3673,86,10,32,2,1,1,25,214.155,0.478034,1.21226,-0.875419,1.34851,-0.156001,0,0,0
3,0,39,0,1620,48,46,24,3,1,2,30,250.72,-1.36667,-0.291415,1.13989,0.441559,0.208471,0,0,0
6,0,40,0,2735,57,183,27,2,1,1,25,949.14,-0.231045,0.164012,2.18233,0.877975,2.03421,0,0,0
4,0,31,1,1270,40,201,15,2,2,1,25,963.45,-1.72613,-0.834957,2.35025,-0.93129,2.18462,0,0,0
4,0,30,0,1523,43,38,72,4,1,1,45,134.15,-1.45047,-0.572038,0.900151,2.99201,-1.25835,0,0,0
11,0,31,0,655,29,18,11,2,1,2,25,111.78,-2.31787,-1.46786,-0.18459,-1.39551,-1.62876,0,0,0
0,0,30,0,780,14,29,7,4,1,2,45,92.35,-2.25135,-2.28244,0.472339,-2.04003,-1.88462,0,0,0
10,0,29,0,1180,36,27,17,2,1,1,25,176.22,-1.84475,-1.04945,0.405445,-0.64541,-0.634259,0,0,0
2,0,29,0,3180,65,16,27,3,1,1,30,193.8,0.128284,0.44661,-0.37786,0.790927,-0.386879,0,0,0
2,0,22,0,1650,30,36,18,2,1,1,25,237.6,-1.34881,-1.43559,0.833358,-0.415636,0.0734404,0,0,0
16,0,21,1,6348,145,93,46,2,2,1,25,710.685,1.48728,2.3675,1.66089,2.5497,1.34667,0,0,0
12,0,19,0,8888,175,81,44,4,1,1,45,429.075,2.22589,2.73826,1.51322,2.40901,1.06017,1,0,0
8,0,20,3,2808,49,39,23,3,1,1,30,270.28,-0.188584,-0.271864,0.894963,0.244131,0.405609,0,0,0
2,0,13,1,4345,44,223,14,3,1,1,30,1067.56,0.871313,-0.545193,2.46006,-1.08256,2.32291,0,0,0
3,0,13,1,1443,23,8,11,3,1,1,30,90.64,-1.52316,-1.81155,-1.07226,-1.41197,-1.90104,0,1,1
0,0,30,0,3805,55,0,9,2,1,1,25,173.7,0.541388,0.0840641,-3.13501,-1.73857,-0.684879,0,0,0
0,0,31,0,0,0,0,0,2,1,2,25,0,-3.0802,-3.10716,-3.09692,-3.00901,-2.87699,0,0,0
0,0,29,0,1888,44,337,16,2,1,1,25,1603.44,-1.10684,-0.606475,2.77957,-0.760559,2.84489,0,0,0
0,0,30,0,3633,50,0,27,1,1,1,15,202.565,0.426747,-0.220211,-3.09669,0.786339,-0.278435,0,0,0
0,0,30,0,1828,42,0,25,1,1,1,15,102.85,-1.17431,-0.616763,-3.13103,0.545118,-1.73645,0,0,0
1,0,30,0,3210,66,10,20,2,1,1,25,192.42,0.151983,0.540958,-0.876853,-0.103761,-0.391813,0,0,0
0,0,30,0,1795,23,263,10,3,1,1,30,1124.72,-1.17566,-1.81698,2.5679,-1.53814,2.38631,0,0,0
3,0,29,0,8550,105,122,35,3,1,1,30,834.2,2.15296,1.81615,1.74828,1.65745,1.71094,1,0,1
0,0,30,0,13208,153,0,36,3,1,1,30,534.44,2.61758,2.43733,-3.12896,1.73508,1.15424,1,0,1
0,0,30,0,3950,67,0,17,3,1,1,30,160.68,0.645185,0.597133,-3.14159,-0.624632,-0.872973,0,0,0
0,0,30,0,5353,79,0,4,2,1,1,25,244.44,1.14422,0.973872,-3.13142,-2.41556,0.180681,0,0,0
0,0,30,0,1673,38,0,9,3,1,2,30,68.44,-1.3144,-0.914561,-3.14155,-1.76328,-2.13482,0,0,0
15,0,30,1,14575,209,32,24,2,1,1,25,809.28,2.74991,2.89254,0.642933,0.468081,1.63386,1,0,0
0,0,30,0,2530,11,461,7,3,1,1,30,1945.64,-0.485417,-2.43138,3.00766,-1.9906,2.97865,0,0,0
0,0,29,0,14920,166,128,22,2,1,1,25,1254.87,2.82313,2.57944,1.776,0.196908,2.48179,1,0,1
0,0,29,0,5935,70,164,18,3,1,1,30,896.2,1.28481,0.676507,2.04284,-0.500829,1.93215,0,0,0
0,0,29,0,0,0,0,0,2,1,2,25,0,-3.0775,-3.0028,-3.13515,-2.96857,-2.88338,0,0,0
0,0,30,0,0,0,0,0,2,1,2,25,0,-3.07621,-3.00751,-3.14159,-2.94935,-2.89569,0,0,0
0,0,29,0,0,0,0,0,2,1,2,25,0,-3.07716,-2.96911,-3.10895,-2.96571,-2.91824,0,1,1
0,0,29,0,6943,111,362,35,2,1,1,25,1946.43,1.82717,1.94157,2.87724,1.62851,2.98233,0,0,0
0,0,29,0,10900,138,0,39,3,1,1,30,441.52,2.50212,2.29042,-3.10453,2.00807,1.03044,1,0,1
0,0,29,0,6153,59,86,29,2,1,1,25,666.54,1.41358,0.264376,1.54492,0.986809,1.3267,0,0,0
13,1,25,0,390,31,0,9,2,1,2,25,18.945,-2.59494,-1.36689,-3.12375,-1.78844,-2.73356,0,1,1
11,0,28,6,9870,77,0,34,4,2,1,45,248.675,2.37094,0.939563,-3.09868,1.62974,0.185435,0,0,0
3,0,28,0,5253,82,4,16,2,1,1,25,258.075,1.11536,1.05388,-1.69368,-0.806779,0.30179,0,1,1
0,0,26,0,2275,6,0,6,3,1,1,30,91.24,-0.713536,-2.68404,-3.07012,-2.25355,-1.9106,0,0,0
0,1,27,0,2425,25,0,8,2,1,2,25,110.25,-0.594324,-1.66828,-3.0744,-1.89365,-1.63437,0,1,1
0,1,28,0,1703,28,12,23,3,1,2,30,117.24,-1.27028,-1.51655,-0.747691,0.257129,-1.4911,0,1,1
0,0,28,0,0,0,0,0,2,1,2,25,0,-3.00002,-2.99943,-3.04849,-2.98226,-2.99284,0,1,1
0,0,28,0,0,0,0,0,3,1,1,30,0,-2.94146,-3.02071,-3.0686,-3.01422,-2.99114,0,0,0
0,0,25,0,6220,81,0,14,4,1,1,45,157.525,1.42061,1.02184,-3.05806,-1.09922,-0.934403,0,0,0
0,0,28,0,0,0,0,0,3,1,2,30,0,-2.96281,-3.0141,-3.04349,-2.98939,-2.97781,0,1,1
0,1,28,0,0,0,0,0,4,1,1,45,0,-2.98142,-3.01092,-3.07979,-2.98771,-2.99116,0,1,1
15,0,23,1,15510,222,0,72,2,1,1,25,707.94,2.94928,2.9731,-3.07803,2.9936,1.33509,1,0,0
0,0,26,1,6400,100,249,25,2,2,1,25,1413,1.58008,1.75144,2.53654,0.606604,2.62934,0,0,0
0,0,28,0,3153,66,0,20,2,1,1,25,144.855,0.121026,0.50316,-3.07506,-0.0962398,-1.14991,0,0,0
0,0,27,0,1100,28,16,12,3,1,2,30,109.12,-1.9024,-1.51144,-0.47783,-1.38411,-1.62227,0,0,0
0,0,28,0,2215,37,153,15,2,1,1,25,789.84,-0.790209,-1.00222,1.91064,-0.856951,1.5503,0,0,0
0,0,19,0,750,20,171,3,2,2,1,25,804.15,-2.28812,-1.94864,2.12731,-2.54682,1.59329,0,0,0
0,0,18,0,1003,23,8,60,4,1,1,45,45.65,-2.01714,-1.77237,-1.0482,2.86577,-2.47434,0,0,0
0,0,19,0,0,0,0,0,2,1,2,25,0,-2.9559,-3.0141,-3.05441,-2.96235,-2.99896,0,0,0
0,0,18,0,0,0,0,0,4,1,2,45,0,-2.9639,-3.0261,-3.0629,-2.97628,-2.97194,0,0,0
0,0,17,0,660,16,0,5,2,1,1,25,30.42,-2.36934,-2.14252,-3.06473,-2.27417,-2.63205,0,0,0
0,0,17,0,2660,45,0,15,3,1,1,30,108.2,-0.31284,-0.529962,-3.096,-0.934408,-1.66426,0,0,0
0,0,10,0,1130,10,6,6,2,1,1,25,78.3,-1.89375,-2.49361,-1.58044,-2.25441,-2.03518,0,0,0
6,0,9,0,5828,125,63,34,1,2,1,15,673.915,1.26936,2.12668,1.40161,1.6442,1.29598,1,0,1
2,0,7,0,8368,155,51,32,4,1,1,45,340.575,2.14429,2.46704,1.22639,1.38494,0.8247,1,0,0
0,0,8,1,2288,29,9,11,3,1,1,30,128.68,-0.672911,-1.43109,-1.01453,-1.47893,-1.34059,0,0,0
0,0,3,0,3825,24,193,2,2,1,1,25,1041.7,0.549961,-1.71473,2.27075,-2.72625,2.32208,0,0,0
0,0,3,0,0,0,0,0,2,1,1,25,0,-2.95484,-2.92682,-3.06959,-3.01365,-2.94025,0,1,1
5,0,39,0,4245,73,9,20,2,1,1,25,234.81,0.789356,0.739802,-1.04314,-0.102093,0.0743599,0,0,0
0,0,40,0,193,7,11,7,2,1,2,25,58.5,-2.79374,-2.57732,-0.862158,-2.00851,-2.30276,0,0,0
7,0,38,0,2328,62,363,27,2,1,1,25,1741.05,-0.714022,0.344835,2.8634,0.799173,2.88437,0,0,0
7,0,39,0,4073,68,5,38,1,1,1,15,255.255,0.680603,0.60581,-1.59933,1.95973,0.281778,0,0,0
0,0,39,0,2268,60,6,36,1,1,1,15,161.04,-0.690122,0.265006,-1.5526,1.77685,-0.844856,0,0,0
8,0,39,0,3650,84,36,31,2,1,1,25,330.03,0.45699,1.14248,0.801589,1.31951,0.782072,0,0,0
1,0,39,0,2235,41,289,21,3,1,1,30,1247.04,-0.742027,-0.760137,2.68852,-0.00263959,2.48708,0,0,0
10,0,38,1,8990,123,148,46,3,1,1,30,956.52,2.26035,2.08737,1.90427,2.66053,2.09919,0,0,0
4,0,39,0,13648,171,4,47,3,1,1,30,568.76,2.73021,2.70759,-1.71756,2.64816,1.16355,1,0,0
4,0,39,0,4390,85,6,28,3,1,1,30,203,0.85123,1.20992,-1.60282,0.897411,-0.276158,0,0,0
3,0,39,0,5793,97,11,15,2,1,1,25,314.55,1.26877,1.62707,-0.836379,-0.871177,0.705814,0,0,0
6,0,39,0,2113,56,12,20,3,1,2,30,134.76,-0.860303,0.136713,-0.767461,-0.0791326,-1.27266,0,0,0
22,0,39,2,15015,227,58,35,3,1,1,30,841.68,2.84502,2.99048,1.29438,1.73213,1.72278,1,0,0
1,0,39,0,2970,29,487,11,3,1,1,30,2067.96,0.0014622,-1.45366,3.07501,-1.4677,3.07618,0,0,0
6,0,38,0,15360,184,154,33,2,1,1,25,1392.48,2.90018,2.81088,1.96425,1.45889,2.62125,1,0,0
0,0,38,0,6375,88,190,29,3,1,1,30,1018.52,1.50839,1.30201,2.26246,1.02674,2.19326,0,0,0
0,0,38,0,750,16,4,14,2,1,2,25,52.47,-2.27761,-2.17828,-1.67527,-1.08828,-2.33227,0,0,0
0,0,39,0,585,16,17,11,2,1,2,25,103.545,-2.41474,-2.15426,-0.278723,-1.42886,-1.72598,0,0,0
0,0,38,0,0,0,4,0,2,1,2,25,18,-2.90901,-2.94859,-1.68637,-2.99443,-2.78114,0,1,1
0,0,38,0,7383,129,388,46,2,1,1,25,2084.04,2.03431,2.20146,2.93681,2.61736,3.11634,1,0,0
4,0,38,0,11340,156,15,50,3,1,1,30,519.84,2.5534,2.48324,-0.493369,2.77378,1.12144,1,0,0
5,0,38,0,6593,77,112,40,2,1,1,25,804.15,1.64956,0.928038,1.73963,2.11081,1.61476,0,0,0
20,1,34,0,830,49,20,20,2,1,2,25,129.555,-2.17562,-0.22279,-0.0500834,-0.0958484,-1.33341,0,1,1
18,0,37,7,10310,95,5,45,4,2,1,45,272.625,2.41308,1.58235,-1.65538,2.57294,0.469674,1,0,0
10,0,37,0,5693,100,30,27,2,1,1,25,395.685,1.23474,1.6809,0.531553,0.880865,0.945797,0,1,1
0,0,35,0,2715,24,4,17,3,1,1,30,125.56,-0.275622,-1.77094,-1.67151,-0.558521,-1.36851,0,0,0
6,1,36,0,2865,43,13,19,2,1,2,25,189.36,-0.118019,-0.62384,-0.670482,-0.324327,-0.451962,0,1,1
6,1,37,0,2143,46,38,34,3,1,2,30,239.56,-0.826932,-0.470002,0.883794,1.60072,0.136362,0,1,1
0,0,37,0,8,4,4,5,3,1,2,30,16.48,-2.83239,-2.73139,-1.64762,-2.37425,-2.75866,0,1,1
0,0,37,0,1543,27,4,9,3,1,1,30,78.8,-1.43716,-1.56532,-1.71713,-1.78625,-2.04909,0,0,0
0,0,34,0,6660,99,18,25,4,1,1,45,213.975,1.66832,1.67602,-0.213634,0.598456,-0.152381,0,0,0
0,1,37,0,503,9,13,7,4,1,2,45,45.3,-2.48367,-2.51823,-0.661004,-1.99073,-2.51597,0,1,1
0,0,37,0,213,6,8,5,5,1,1,55,15.285,-2.77575,-2.67044,-1.06344,-2.31444,-2.76337,0,0,0
22,0,32,2,15950,240,4,83,2,1,1,25,746.55,3.08097,3.09456,-1.7087,3.12537,1.44192,1,0,1
3,0,35,2,6840,118,275,36,2,2,1,25,1550.61,1.79721,2.00423,2.60892,1.84739,2.77982,0,0,0
0,0,37,0,3593,84,6,31,2,1,1,25,192.465,0.422398,1.15007,-1.59364,1.34923,-0.425949,0,0,0
0,0,36,0,1540,46,42,23,3,1,2,30,231.44,-1.46232,-0.419135,1.00197,0.268282,0.0565088,0,0,0
3,0,37,0,2655,55,179,26,2,1,1,25,927.45,-0.348807,0.058563,2.14242,0.680229,1.99515,0,0,0
1,0,28,0,1190,38,197,14,2,2,1,25,941.76,-1.81226,-0.896779,2.33306,-1.08614,2.03621,0,0,0
1,0,27,0,1443,41,34,71,4,1,1,45,122.1,-1.51404,-0.781752,0.727468,2.98567,-1.45602,0,0,0
8,0,28,0,575,27,14,10,2,1,2,25,90.09,-2.47303,-1.55091,-0.633038,-1.68359,-1.91571,0,0,0
0,0,27,0,700,12,25,6,4,1,2,45,80.3,-2.3182,-2.38282,0.252784,-2.20029,-2.0338,0,0,0
7,0,26,0,1100,34,23,16,2,1,1,25,154.53,-1.92414,-1.18229,0.0802254,-0.75342,-0.983525,0,0,0
0,0,26,0,3100,63,12,26,3,1,1,30,174.52,0.0814138,0.41039,-0.784207,0.720288,-0.664041,0,0,0
0,0,19,0,1570,28,32,17,2,1,1,25,215.91,-1.42007,-1.49326,0.610494,-0.585874,-0.153413,0,0,0
13,0,18,0,6268,143,89,45,1,2,1,15,842.105,1.46781,2.37059,1.59259,2.52295,1.74835,0,0,0
9,0,16,0,8808,173,77,43,4,1,1,45,417.025,2.19643,2.66126,1.47174,2.40994,1.0194,1,0,1
5,0,17,2,2728,47,35,22,3,1,1,30,251,-0.294566,-0.356993,0.7714,0.191093,0.205078,0,0,0
0,0,10,0,4265,42,219,13,3,1,1,30,1048.28,0.831615,-0.692757,2.46756,-1.12803,2.26302,0,0,0
0,1,10,0,1363,21,4,10,2,1,1,25,80.28,-1.60929,-1.92136,-1.67575,-1.69332,-2.03742,0,1,1
1,0,33,0,3885,57,0,10,2,1,1,25,177.39,0.538277,0.141478,-3.08392,-1.67341,-0.637319,0,0,0
0,0,34,0,0,0,0,0,2,1,2,25,0,-2.97415,-3.06277,-3.09733,-2.99685,-2.9097,0,0,0
3,0,32,0,1968,46,341,17,2,1,1,25,1625.13,-1.05184,-0.483315,2.79182,-0.567353,2.82168,0,0,0
3,0,33,0,3713,52,0,28,1,1,1,15,207.075,0.470752,-0.0887425,-3.04199,0.917405,-0.211191,0,0,0
0,0,33,0,1908,44,0,26,1,1,1,15,107.36,-1.08906,-0.511401,-2.96489,0.632885,-1.64289,0,0,0
4,0,33,0,3290,68,14,21,2,1,1,25,214.11,0.242679,0.606681,-0.581054,0.0870842,-0.181179,0,0,0
0,0,33,0,1875,25,267,11,3,1,1,30,1144,-1.10625,-1.74565,2.56235,-1.39077,2.39976,0,0,0
6,0,32,1,8630,107,126,36,3,1,1,30,853.48,2.18259,1.82428,1.8026,1.80589,1.77376,1,0,0
0,0,33,0,13288,155,0,37,3,1,1,30,537.72,2.65806,2.46485,-2.86154,1.90013,1.11114,1,0,1
0,0,33,0,4030,69,0,18,3,1,1,30,163.96,0.660218,0.648463,-2.84022,-0.513879,-0.826813,0,0,0
0,0,33,0,5433,81,0,5,2,1,1,25,248.13,1.16417,1.0701,-2.89438,-2.38623,0.215495,0,0,0
2,0,33,0,1753,40,0,10,3,1,2,30,71.72,-1.24404,-0.795971,-2.831,-1.69458,-2.13056,0,0,0
18,0,33,2,14655,211,36,25,3,1,1,30,738.64,2.76468,2.88303,0.809369,0.535083,1.398,1,0,0
0,0,33,0,2610,13,465,1,3,1,1,30,1964.92,-0.361265,-2.31683,3.05485,-2.77318,2.98793,0,0,0
2,0,32,0,15000,168,132,23,2,1,1,25,1276.56,2.83456,2.62406,1.77268,0.319824,2.48932,1,0,1
0,0,32,0,6015,72,168,19,3,1,1,30,915.48,1.33741,0.781001,2.06905,-0.295533,1.96893,0,0,0
0,0,32,0,0,0,0,0,2,1,2,25,0,-2.98497,-2.87229,-2.86513,-3.01367,-2.9411,0,0,0
0,0,33,0,0,0,0,0,2,1,2,25,0,-3.01035,-2.89784,-2.89177,-2.98642,-2.93717,0,0,0
0,0,32,0,0,0,0,0,2,1,2,25,0,-3.03226,-2.88695,-2.8764,-3.00805,-2.92621,0,1,1
0,0,32,0,7023,113,366,36,2,1,1,25,1968.12,1.8863,1.98795,2.85883,1.77595,2.9913,1,0,1
0,0,32,0,10980,140,0,40,3,1,1,30,444.8,2.51435,2.31589,-2.88068,2.11752,1.05958,1,0,1
1,0,32,0,6233,61,90,30,2,1,1,25,688.23,1.44832,0.299273,1.59403,1.24044,1.33588,0,0,0
16,0,28,0,470,33,0,10,2,1,2,25,22.635,-2.55027,-1.26573,-2.84484,-1.71024,-2.70361,0,1,1
14,0,31,7,9950,79,0,35,4,1,1,45,250.725,2.37353,0.96593,-2.84976,1.7078,0.210432,1,0,0
6,1,31,0,5333,84,8,17,2,1,1,25,279.765,1.12619,1.16077,-1.14322,-0.58841,0.474461,0,1,1
0,0,29,0,2355,8,0,7,3,1,1,30,94.52,-0.706877,-2.54735,-2.81635,-2.01167,-1.84636,0,0,0
2,1,30,0,2505,27,0,9,2,1,2,25,113.94,-0.506734,-1.57788,-2.84132,-1.77047,-1.5483,0,1,1
2,0,31,0,1783,30,16,24,3,1,2,30,136.52,-1.20073,-1.41492,-0.394231,0.385466,-1.23234,0,1,1
0,0,31,0,0,0,0,0,3,1,2,30,0,-3.00668,-2.92879,-2.83571,-2.95327,-2.99391,0,1,1
0,0,31,0,0,0,0,0,3,1,1,30,0,-3.01146,-2.97987,-2.81699,-2.98325,-2.98993,0,0,0
0,0,28,0,6300,83,0,15,4,1,1,45,159.575,1.48701,1.15099,-2.83618,-0.898327,-0.892631,0,0,0
0,0,31,0,0,0,0,0,4,1,2,45,0,-3.00249,-2.94192,-2.82827,-2.9238,-2.9953,0,1,1
0,0,31,0,0,0,0,0,5,1,1,55,0,-3.02085,-2.96668,-2.83322,-2.91377,-3.084,0,0,0
18,0,26,2,15590,224,0,73,2,1,1,25,711.63,2.99277,2.98278,-2.82974,3.02443,1.38312,1,0,0
0,0,29,2,6480,102,253,26,2,2,1,25,1434.69,1.57985,1.7697,2.54878,0.67872,2.65653,0,0,0
0,0,31,0,3233,68,0,21,2,1,1,25,148.545,0.176356,0.585814,-2.84904,0.0564485,-1.09019,0,0,0
0,0,30,0,1180,30,20,13,3,1,2,30,128.4,-1.80976,-1.39571,-0.110161,-1.17678,-1.34278,0,0,0
0,0,31,0,2295,39,157,16,2,1,1,25,811.53,-0.676545,-0.882425,1.96127,-0.743724,1.6204,0,0,0
0,0,22,0,830,22,175,4,2,2,1,25,825.84,-2.18043,-1.8642,2.11099,-2.46054,1.65393,0,0,0
0,0,21,0,1083,25,12,61,4,1,1,45,57.7,-1.9187,-1.69911,-0.710663,2.9008,-2.29675,0,0,0
4,0,22,0,215,11,0,3,2,1,2,25,10.17,-2.78763,-2.36408,-2.84311,-2.51275,-2.84515,0,0,0
0,0,21,0,0,0,3,0,4,1,2,45,7.5,-2.96708,-2.89755,-1.70078,-2.9165,-2.84872,0,0,0
3,0,20,0,740,18,1,6,2,1,1,25,38.61,-2.28321,-2.05696,-1.8887,-2.13892,-2.54475,0,0,0
0,0,20,0,2740,47,0,16,3,1,1,30,111.48,-0.266184,-0.383355,-2.82594,-0.789643,-1.58939,0,0,0
0,0,13,0,1210,12,10,7,2,1,1,25,99.99,-1.7989,-2.36516,-0.902989,-2.04055,-1.78635,0,0,0
9,0,12,0,5908,127,67,35,1,2,1,15,700.425,1.2872,2.16543,1.42453,1.71648,1.31591,1,0,1
5,0,10,0,8448,157,55,33,4,1,1,45,352.625,2.1344,2.46418,1.28956,1.49908,0.849642,1,0,0
1,0,11,2,2368,31,13,12,3,1,1,30,147.96,-0.617774,-1.38979,-0.651264,-1.3415,-1.05072,0,0,0
0,0,4,0,3905,26,197,3,3,1,1,30,945.24,0.553764,-1.64184,2.32451,-2.51979,2.10691,0,0,0
0,0,4,0,1003,5,0,4,2,1,1,25,45.36,-2.00611,-2.69583,-2.90088,-2.4636,-2.48599,0,1,1
7,0,36,1,4665,75,19,30,2,1,1,25,298.8,0.998581,0.828014,-0.130319,1.25108,0.625633,0,0,0
0,0,37,0,613,9,21,17,2,1,2,25,122.49,-2.40348,-2.49472,-0.0438733,-0.567397,-1.4093,0,0,0
9,0,35,1,2748,64,373,37,2,1,1,25,1805.04,-0.240427,0.426435,2.91126,1.87233,2.92585,0,0,0
9,0,36,1,4493,70,15,48,1,1,1,15,333.465,0.901855,0.631597,-0.537577,2.70996,0.774667,0,0,0
2,0,36,1,2688,62,16,46,1,1,1,15,239.25,-0.288477,0.339002,-0.36283,2.6391,0.122769,0,0,0
10,0,36,2,4070,86,46,41,3,1,1,30,350.24,0.684957,1.20694,1.12191,2.17281,0.823472,0,0,0
3,0,36,1,2655,43,299,31,3,1,1,30,1303.92,-0.364744,-0.584682,2.75462,1.29755,2.55108,0,0,0
12,0,35,3,9410,125,158,56,3,1,1,30,1013.4,2.34474,2.12998,1.98224,2.87804,2.2202,1,0,1
6,0,36,1,14068,173,14,57,3,1,1,30,625.64,2.7264,2.69677,-0.600041,2.87665,1.24802,1,0,0
6,0,36,2,4810,87,16,38,3,1,1,30,259.88,1.05329,1.25173,-0.338455,2.01796,0.328245,0,0,0
5,0,36,1,6213,99,21,25,2,1,1,25,378.54,1.41705,1.72038,-0.0218256,0.526637,0.942258,0,0,0
8,0,36,0,2533,58,22,30,3,1,2,30,191.64,-0.510661,0.201766,0.0814969,1.19732,-0.378431,0,0,0
24,0,36,4,15435,229,68,45,3,2,1,30,898.56,2.9367,2.96186,1.42513,2.54172,1.9373,1,0,1
3,0,36,2,3390,31,497,21,3,1,1,30,2124.84,0.29972,-1.33275,3.11928,-0.0277681,3.12716,0,0,0
8,0,35,1,15780,186,164,43,2,1,1,25,1456.47,3.0048,2.84077,2.0371,2.40338,2.69373,1,0,0
2,0,35,2,6795,90,200,39,3,1,1,30,1075.4,1.764,1.38217,2.35448,2.06926,2.33189,0,0,0
0,0,35,0,1170,18,14,24,2,1,2,25,116.46,-1.864,-2.07525,-0.598188,0.372898,-1.52572,0,0,0
1,0,36,0,1005,18,27,21,2,1,2,25,167.535,-2.05345,-2.073,0.37397,-0.0117528,-0.765075,0,0,0
0,1,35,0,295,4,14,13,2,1,2,25,76.455,-2.73056,-2.72789,-0.562432,-1.1945,-2.08037,0,1,1
2,0,35,1,7803,131,398,56,2,1,1,25,2148.03,2.08998,2.22727,3.01893,2.87169,3.12384,1,0,0
6,0,35,2,11760,158,25,60,3,1,1,30,576.72,2.61115,2.49511,0.270884,2.8714,1.14839,1,0,0
7,0,35,2,7013,79,122,50,2,1,1,25,868.14,1.86994,0.986078,1.75428,2.74629,1.82421,0,0,0
22,0,31,0,1250,51,30,30,2,1,2,25,193.545,-1.78482,-0.119418,0.547102,1.22319,-0.381038,0,1,1
20,0,34,9,10730,97,15,55,4,1,1,45,308.175,2.46974,1.62517,-0.501253,2.83931,0.659688,1,0,1
12,0,34,2,6113,102,40,37,2,1,1,25,459.675,1.3523,1.78732,0.967544,1.83482,1.04824,0,0,0
0,0,32,1,3135,26,14,27,3,1,1,30,182.44,0.13291,-1.63544,-0.596944,0.885463,-0.542418,0,0,0
8,0,33,0,3285,45,23,29,2,1,2,25,253.35,0.224256,-0.51525,0.109678,1.07692,0.259119,0,1,1
8,1,34,0,2563,48,48,44,3,1,2,30,296.44,-0.48022,-0.279054,1.18235,2.44806,0.586755,0,1,1
0,0,34,0,428,6,14,15,3,1,2,30,73.36,-2.593,-2.62111,-0.554134,-0.912099,-2.12252,0,1,1
0,0,34,1,1963,29,14,19,3,1,1,30,135.68,-1.0412,-1.4712,-0.569359,-0.306033,-1.26274,0,0,0
2,0,31,2,7080,101,28,35,4,1,1,45,249.525,1.92063,1.73328,0.415654,1.68401,0.216734,0,0,0
0,0,34,0,923,11,23,17,4,1,2,45,80.85,-2.12206,-2.38858,0.131703,-0.606319,-1.99185,0,1,1
0,0,34,2,633,8,18,15,5,1,1,55,36.615,-2.37381,-2.52546,-0.19905,-0.881872,-2.5689,0,0,0
24,0,29,4,16370,242,14,93,2,1,1,25,810.54,3.10788,3.13124,-0.535536,3.11927,1.62477,1,0,1
5,0,32,4,7260,120,285,46,2,2,1,25,1614.6,1.97767,2.03584,2.64582,2.64286,2.84496,0,0,0
1,0,34,1,4013,86,16,41,2,1,1,25,256.455,0.649118,1.27404,-0.380597,2.26387,0.295357,0,0,0
2,1,33,0,1960,48,52,33,3,1,2,30,288.32,-1.04633,-0.324219,1.25006,1.5447,0.578486,0,1,1
5,0,34,1,3075,57,189,36,2,1,1,25,991.44,0.0407673,0.156377,2.21821,1.79796,2.16598,0,0,0
3,0,25,2,1610,40,207,24,2,2,1,25,1005.75,-1.34775,-0.76294,2.39817,0.506404,2.23621,0,0,0
3,0,24,1,1863,43,44,81,4,1,1,45,157.65,-1.12246,-0.63431,1.04893,3.08219,-0.931215,0,0,0
10,0,25,0,995,29,24,20,2,1,2,25,154.08,-2.04772,-1.46656,0.143401,-0.110566,-1.0198,0,0,0
0,0,24,0,1120,14,35,16,4,1,2,45,115.85,-1.90658,-2.26617,0.740267,-0.769537,-1.51721,0,0,0
9,0,23,1,1520,36,33,26,2,1,1,25,218.52,-1.46499,-1.09046,0.662269,0.724064,-0.0825203,0,0,0
1,0,23,1,3520,65,22,36,3,1,1,30,231.4,0.396964,0.479783,0.069636,1.80104,0.0612966,0,0,0
1,0,16,1,1990,30,42,27,2,1,1,25,279.9,-1.00443,-1.42607,0.987044,0.815622,0.488658,0,0,0
15,0,15,2,6688,145,99,55,1,2,1,15,920.315,1.73916,2.35837,1.63038,2.83995,2.00781,1,0,1
11,0,13,1,9228,175,87,53,4,1,1,45,452.575,2.27203,2.73592,1.57148,2.83183,1.05903,1,0,0
7,0,14,4,3148,49,45,32,3,1,1,30,307.88,0.14264,-0.221062,1.08363,1.47112,0.678287,0,0,0
1,0,7,2,4685,44,229,23,3,1,1,30,1105.16,1.00254,-0.572255,2.46322,0.333299,2.37709,0,0,0
2,1,7,2,1783,23,14,20,3,1,1,30,128.24,-1.21969,-1.81022,-0.641402,-0.202052,-1.35597,0,1,1
0,0,36,0,3465,55,0,10,2,1,1,25,158.4,0.36423,0.0471811,-2.83962,-1.64211,-0.895884,0,0,0
0,0,37,0,0,0,0,0,2,1,2,25,0,-2.98339,-2.96899,-2.87272,-2.88831,-3.08069,0,0,0
1,0,35,0,1548,44,331,7,2,1,1,25,1561.14,-1.4266,-0.560062,2.79278,-2.04408,2.81831,0,0,0
1,0,36,0,3293,50,0,18,1,1,1,15,183.865,0.2426,-0.195735,-2.88914,-0.420509,-0.542744,0,0,0
0,0,36,0,1488,42,0,16,1,1,1,15,84.15,-1.44526,-0.713005,-2.95267,-0.812993,-1.95503,0,0,0
2,0,36,0,2870,66,4,11,2,1,1,25,150.12,-0.0935981,0.501844,-1.6604,-1.42942,-1.03948,0,0,0
0,0,36,0,1455,23,257,1,3,1,1,30,1087.12,-1.45709,-1.79848,2.50091,-2.7962,2.33809,0,0,0
4,0,35,0,8210,105,116,26,3,1,1,30,796.6,2.13905,1.822,1.70087,0.609189,1.59565,0,0,0
0,0,36,0,12868,153,0,27,3,1,1,30,520.84,2.63816,2.38246,-2.91844,0.827383,1.12978,1,0,0
0,0,36,0,3610,67,0,8,3,1,1,30,147.08,0.451519,0.54178,-2.94011,-1.8839,-1.08328,0,0,0
0,0,36,0,5013,79,0,13,2,1,1,25,229.14,1.12094,0.967008,-2.957,-1.18625,0.0231051,0,0,0
0,0,36,0,1333,38,0,4,3,1,2,30,54.84,-1.66076,-0.972547,-2.95998,-2.51178,-2.31058,0,0,0
16,0,36,0,14235,209,26,15,3,1,1,30,681.76,2.75729,2.88078,0.338698,-0.854063,1.32917,1,0,1
0,0,36,0,2190,11,455,5,3,1,1,30,1908.04,-0.823042,-2.40313,2.99891,-2.41226,2.95251,0,0,0
0,0,35,0,14580,166,122,13,2,1,1,25,1212.57,2.82074,2.62456,1.75316,-1.16127,2.46236,1,0,0
0,0,35,0,5595,70,158,9,3,1,1,30,858.6,1.22004,0.634602,1.94506,-1.75133,1.7977,0,0,0
0,0,35,0,0,0,0,0,2,1,2,25,0,-2.94551,-3.12795,-2.9161,-2.90328,-2.92735,0,0,0
0,0,36,0,0,0,0,0,2,1,2,25,0,-2.9485,-3.1185,-2.46349,-2.86765,-3.09386,0,0,0
0,0,35,0,0,0,0,0,2,1,2,25,0,-3.00914,-2.90089,-2.92149,-2.85454,-3.09563,0,1,1
0,0,35,0,6603,111,356,26,2,1,1,25,1904.13,1.66576,1.93927,2.81635,0.667906,2.96521,0,0,0
0,0,35,0,10560,138,0,30,3,1,1,30,427.92,2.48594,2.3047,-2.98539,1.22214,1.04631,1,0,0
0,0,35,0,5813,59,80,20,2,1,1,25,624.24,1.27554,0.252153,1.50606,-0.172701,1.23691,0,0,0
7,0,31,0,50,2,0,1,2,1,2,25,2.34,-2.83364,-2.83268,-2.94798,-2.83973,-2.85838,0,1,1
12,0,34,5,9530,77,0,25,4,1,1,45,240.175,2.38098,0.914361,-2.91857,0.489306,0.139606,0,0,0
4,0,34,0,4913,82,0,7,2,1,1,25,224.775,1.11563,1.12556,-3.14159,-2.05152,-0.00262903,0,1,1
0,0,32,0,1935,6,0,2,3,1,1,30,77.64,-1.02751,-2.73015,-2.97057,-2.70773,-2.06838,0,0,0
0,0,33,0,2085,25,0,9,2,1,2,25,94.95,-0.867861,-1.71599,-2.93457,-1.77901,-1.87309,0,1,1
0,1,34,0,1363,28,6,14,3,1,2,30,79.64,-1.63648,-1.54027,-1.54692,-1.06027,-2.04319,0,1,1
0,0,34,0,0,0,0,0,2,1,2,25,0,-2.96685,-2.92671,-3.02204,-2.89002,-3.0297,0,1,1
0,0,34,0,0,0,0,0,3,1,1,30,0,-2.99622,-2.87555,-2.95462,-2.83864,-3.01102,0,0,0
0,0,31,0,5880,81,0,5,4,1,1,45,149.025,1.26904,1.02331,-2.92574,-2.38343,-1.06787,0,0,0
0,1,34,0,0,0,0,0,4,1,2,45,0,-2.9666,-3.08315,-2.9855,-2.85419,-3.00603,0,1,1
0,0,34,0,0,0,0,0,4,1,1,45,0,-2.95727,-3.0825,-2.94438,-2.90272,-3.03739,0,0,0
16,0,29,0,15170,222,0,63,2,1,1,25,692.64,2.87252,2.92607,-2.92329,2.88534,1.31503,1,0,0
0,0,32,0,6060,100,243,16,2,2,1,25,1370.7,1.34016,1.71612,2.51892,-0.704801,2.59166,0,0,0
0,0,34,0,2813,66,0,11,2,1,1,25,129.555,-0.20397,0.555678,-2.94163,-1.41811,-1.34,0,0,0
0,0,33,0,760,28,10,3,3,1,2,30,71.52,-2.23698,-1.55697,-0.908455,-2.57249,-2.11035,0,0,0
0,0,34,0,1875,37,147,6,2,1,1,25,747.54,-1.09025,-0.979953,1.87398,-2.12543,1.49883,0,0,0
0,0,25,0,1903,20,165,8,2,2,1,25,829.035,-1.07131,-1.9317,2.04312,-1.92211,1.71215,0,0,0
0,0,24,0,663,23,2,51,4,1,1,45,22.15,-2.31921,-1.83678,-1.82969,2.83247,-2.70188,0,0,0
0,0,25,0,0,0,0,0,2,1,2,25,0,-2.99135,-2.93873,-2.90653,-2.88733,-3.06016,0,0,0
0,0,24,0,0,0,0,0,4,1,2,45,0,-2.99031,-3.02367,-2.91345,-2.89287,-3.09975,0,0,0
0,0,23,0,0,0,0,0,2,1,1,25,0,-2.99084,-2.97493,-2.90295,-2.89059,-3.10136,0,0,0
0,0,23,0,2320,45,0,6,3,1,1,30,94.6,-0.67188,-0.524187,-2.88276,-2.19407,-1.83695,0,0,0
0,0,16,0,0,0,0,0,2,1,1,25,0,-3.01036,-3.07054,-2.89136,-2.89927,-3.08903,0,0,0
7,0,15,0,5488,125,57,25,1,2,1,15,622.215,1.17396,2.14352,1.3185,0.55042,1.23576,1,0,0
3,0,13,0,8028,155,45,23,4,1,1,45,317.075,2.1452,2.48325,1.09501,0.356368,0.712173,1,0,1
0,0,14,0,1948,29,3,2,3,1,1,30,91.08,-1.06946,-1.48942,-1.71966,-2.70876,-1.9265,0,0,0
0,0,7,0,3485,24,187,21,3,1,1,30,888.36,0.380658,-1.78232,2.26512,-0.00514785,1.8905,0,0,0
0,0,7,0,0,0,0,0,2,1,1,25,0,-3.02866,-3.07517,-2.90969,-2.9323,-3.11322,0,1,1
3,0,37,0,4180,71,30,19,3,1,1,30,290.04,0.743696,0.733738,0.531258,-0.362784,0.550645,0,0,0
0,0,38,0,128,5,32,6,3,1,2,30,133.32,-2.83193,-2.67438,0.616633,-2.10203,-1.29863,0,0,0
5,0,36,0,2263,60,384,26,3,1,1,30,1628.92,-0.738544,0.329378,2.90604,0.634996,2.88181,0,0,0
5,0,37,0,4008,66,26,37,1,1,1,15,367.07,0.649374,0.537521,0.310247,1.89965,0.891728,0,0,0
0,0,37,0,2203,58,27,35,2,1,1,25,223.245,-0.758876,0.211618,0.37145,1.67887,-0.0111813,0,0,0
6,0,37,1,3585,82,57,30,3,1,1,30,374.68,0.415038,1.11464,1.29917,1.15595,0.903426,0,0,0
0,0,37,0,2170,39,310,20,3,1,1,30,1328.36,-0.824516,-0.891921,2.71932,-0.204104,2.55547,0,0,0
8,0,36,2,8925,121,169,45,3,1,1,30,1037.84,2.25953,2.04581,2.06889,2.57181,2.2981,1,0,1
2,0,37,0,13583,169,25,46,3,1,1,30,650.08,2.68028,2.62564,0.285739,2.60018,1.2647,1,0,0
2,0,37,1,4325,83,27,27,3,1,1,30,284.32,0.815584,1.13119,0.369541,0.821015,0.52772,0,0,0
1,0,37,0,5728,95,32,14,3,1,1,30,360.92,1.2523,1.5818,0.668275,-1.11504,0.900031,0,0,0
4,0,37,0,2048,54,33,19,3,1,2,30,216.08,-0.941511,0.0176125,0.681793,-0.339136,-0.138675,0,0,0
20,0,37,3,14950,225,79,34,3,1,1,30,923,2.7705,2.96977,1.51089,1.57484,1.99711,1,0,0
0,0,37,1,2905,27,508,10,3,1,1,30,2149.28,-0.031127,-1.58061,3.12773,-1.57654,3.12374,0,0,0
4,0,36,0,15295,182,175,32,2,1,1,25,1483.96,2.88896,2.79338,2.10343,1.42023,2.72976,1,0,0
0,0,36,1,6310,86,211,28,3,1,1,30,1099.84,1.46744,1.24782,2.41689,0.905259,2.37262,0,0,0
0,0,36,0,685,14,25,13,2,1,2,25,143.955,-2.35015,-2.29258,0.25386,-1.15544,-1.14908,0,0,0
0,0,37,0,520,14,38,10,3,1,2,30,173.36,-2.49745,-2.26431,0.853386,-1.66924,-0.679668,0,0,0
0,0,36,0,0,0,25,0,2,1,2,25,112.5,-2.93229,-3.0802,0.23006,-2.88869,-1.56851,0,1,1
0,0,36,0,7318,127,409,45,3,1,1,30,1933.8,2.0124,2.18833,3.01593,2.54975,2.97133,1,0,0
2,0,36,1,11275,154,36,49,4,1,1,45,375.725,2.6026,2.46636,0.801771,2.7725,0.926821,1,0,0
3,0,36,1,6528,75,133,39,2,1,1,25,895.635,1.65916,0.839668,1.82562,2.04462,1.92298,0,0,0
18,0,32,0,765,47,41,19,3,1,2,30,196.48,-2.2158,-0.337022,0.990617,-0.31578,-0.298258,0,1,1
16,0,35,8,10245,93,26,44,5,2,1,55,194.07,2.43699,1.51369,0.369615,2.45753,-0.385491,1,0,1
8,1,35,1,5628,98,51,26,2,1,1,25,487.17,1.19916,1.66954,1.21477,0.724176,1.10614,0,1,1
0,0,33,0,2650,22,25,16,3,1,1,30,206.88,-0.369075,-1.87314,0.232628,-0.698518,-0.21965,0,0,0
4,1,34,0,2800,41,34,18,3,1,2,30,249.64,-0.158965,-0.719695,0.702584,-0.361443,0.192237,0,1,1
4,0,35,0,2078,44,59,33,3,1,2,30,320.88,-0.898451,-0.583965,1.32457,1.46354,0.700191,0,1,1
0,0,35,0,0,0,25,0,3,1,2,30,100,-2.86896,-2.90583,0.286765,-2.90011,-1.76361,0,1,1
0,0,35,0,1478,25,25,8,4,1,1,45,100.075,-1.47602,-1.6917,0.267732,-1.84901,-1.77054,0,0,0
0,0,32,1,6595,97,39,24,5,1,1,55,158.88,1.63755,1.64226,0.924257,0.457287,-0.894586,0,0,0
0,0,35,0,438,7,34,6,4,1,2,45,96.125,-2.56814,-2.59051,0.736917,-2.17293,-1.8423,0,1,1
0,0,35,1,148,4,29,4,5,1,1,55,45.78,-2.84198,-2.73621,0.465879,-2.45171,-2.40789,0,0,0
20,0,30,3,15885,238,25,82,2,1,1,25,838.035,3.02734,3.0811,0.268733,3.10273,1.73345,1,0,0
1,0,33,3,6775,116,296,35,2,2,1,25,1642.1,1.73904,2.03217,2.7231,1.64528,2.85753,1,0,0
0,0,35,0,3528,82,27,30,3,1,1,30,252.4,0.410828,1.08114,0.39963,1.20707,0.285694,0,0,0
0,0,34,0,1475,44,63,22,3,1,2,30,312.76,-1.5148,-0.574184,1.33774,0.137082,0.689695,0,0,0
1,0,35,0,2590,53,200,25,2,1,1,25,1018.93,-0.399556,-0.0314592,2.3415,0.556214,2.23695,0,0,0
0,0,26,1,1125,36,218,13,2,2,1,25,1033.24,-1.88156,-1.06686,2.46325,-1.09239,2.28828,0,0,0
0,0,25,0,1378,39,55,70,4,1,1,45,172.925,-1.62285,-0.886167,1.28696,2.97117,-0.662562,0,0,0
6,0,26,0,510,25,35,9,3,1,2,30,161.4,-2.50138,-1.71397,0.769783,-1.76744,-0.870842,0,0,0
0,0,25,0,635,10,46,5,4,1,2,45,131.125,-2.38815,-2.4106,1.13352,-2.28108,-1.2979,0,0,0
5,0,24,0,1035,32,44,15,2,1,1,25,246.015,-1.95485,-1.29949,1.05662,-0.876315,0.132154,0,0,0
0,0,24,0,3035,61,33,25,3,1,1,30,255.84,0.0392591,0.361212,0.683155,0.53385,0.303601,0,0,0
0,0,17,0,1505,26,53,16,2,1,1,25,307.395,-1.46936,-1.64524,1.29618,-0.662805,0.661773,0,0,0
11,0,16,1,6203,141,110,44,2,2,1,25,780.48,1.43517,2.33809,1.70625,2.49614,1.57412,0,0,0
7,0,14,0,8743,171,98,42,5,1,1,55,280.71,2.16876,2.66726,1.64773,2.3311,0.498177,1,0,1
3,0,15,3,2663,45,56,21,3,1,1,30,332.32,-0.35085,-0.500678,1.31658,-0.0285123,0.781074,0,0,0
0,0,8,1,4200,40,240,12,3,1,1,30,1129.6,0.763703,-0.819448,2.52369,-1.27201,2.36209,0,0,0
0,1,8,1,1298,19,25,9,3,1,1,30,152.68,-1.68285,-2.05001,0.2765,-1.78516,-1.01419,0,1,1
3,0,35,0,3950,59,0,11,2,1,1,25,180.405,0.626819,0.258225,-2.91306,-1.51967,-0.548002,0,0,0
0,0,36,0,0,0,0,0,2,1,2,25,0,-2.93085,-2.92012,-2.92587,-2.90247,-3.10383,0,0,0
5,0,34,0,2033,48,320,18,2,1,1,25,1533.64,-0.964114,-0.332147,2.74768,-0.408189,2.7885,0,0,0
5,0,35,0,3778,54,0,29,1,1,1,15,210.76,0.539279,0.0666384,-2.8763,1.08548,-0.184773,0,0,0
0,0,35,0,1973,46,0,27,1,1,1,15,111.045,-0.965179,-0.397437,-2.91576,0.750241,-1.6092,0,0,0
6,0,35,0,3355,70,0,22,2,1,1,25,154.125,0.276362,0.642769,-2.89943,0.0622579,-1.03915,0,0,0
0,0,35,0,1940,27,246,12,3,1,1,30,1062.68,-1.05213,-1.58187,2.53092,-1.29903,2.32875,0,0,0
8,0,34,0,8695,109,105,37,3,1,1,30,772.16,2.18511,1.87571,1.64154,1.87207,1.54642,0,0,0
2,0,35,0,13353,157,0,38,3,1,1,30,540.4,2.6668,2.51401,-2.91366,1.92016,1.16018,1,0,1
2,0,35,0,4095,71,0,19,3,1,1,30,166.64,0.733342,0.679258,-2.94357,-0.342731,-0.772878,0,0,0
1,0,35,0,5498,83,0,6,2,1,1,25,251.145,1.1509,1.12591,-2.9296,-2.20731,0.205654,0,0,0
4,0,35,0,1818,42,0,11,3,1,2,30,74.4,-1.17278,-0.701856,-2.92961,-1.57035,-2.06563,0,0,0
20,0,35,1,14720,213,15,26,2,1,1,25,739.485,2.7639,2.89699,-0.5689,0.630917,1.41866,1,0,0
0,0,35,0,2675,15,444,2,3,1,1,30,1883.6,-0.31602,-2.22631,3.03478,-2.71639,2.92506,0,0,0
4,0,34,0,15065,170,111,24,2,1,1,25,1185.08,2.83123,2.68022,1.67659,0.369869,2.42425,1,0,1
0,0,34,0,6080,74,147,20,3,1,1,30,834.16,1.36159,0.791659,1.89888,-0.195195,1.71601,0,0,0
0,0,34,0,455,2,0,5,2,1,2,25,20.565,-2.55915,-2.80739,-2.95259,-2.3074,-2.74216,0,0,0
0,0,35,0,290,2,0,2,2,1,2,25,13.14,-2.75629,-2.78524,-2.91568,-2.68461,-2.77227,0,0,0
0,0,34,0,0,0,0,0,2,1,2,25,0,-2.97848,-2.98061,-2.92546,-2.92887,-2.95993,0,1,1
0,0,34,0,7088,115,345,37,2,1,1,25,1876.63,1.92253,1.99978,2.81529,1.84456,2.93949,0,0,0
2,0,34,0,11045,142,0,41,3,1,1,30,447.48,2.53999,2.37367,-2.47676,2.19995,1.06608,1,0,1
3,0,34,0,6298,63,69,31,2,1,1,25,596.745,1.47636,0.402385,1.4218,1.33232,1.20863,0,0,0
18,0,30,0,535,35,0,11,2,1,2,25,25.65,-2.49556,-1.10515,-2.46728,-1.52351,-2.72137,0,1,1
16,0,33,6,10015,81,0,36,4,1,1,45,252.4,2.41383,1.05813,-2.01197,1.79314,0.246439,1,0,1
8,0,33,0,5398,86,0,18,2,1,1,25,246.78,1.13864,1.26605,-2.04807,-0.349355,0.225488,0,1,1
0,0,31,0,2420,10,0,8,3,1,1,30,97.2,-0.607184,-2.47651,-2.0531,-1.89777,-1.8125,0,0,0
4,1,32,0,2570,29,0,10,2,1,2,25,116.955,-0.458765,-1.45785,-2.0858,-1.6615,-1.49829,0,1,1
4,0,33,0,1848,32,0,25,3,1,2,30,75.2,-1.15013,-1.22372,-2.01474,0.546964,-2.0965,0,1,1
0,0,33,0,0,0,0,0,2,1,2,25,0,-2.95583,-3.09213,-2.05057,-2.91707,-2.88359,0,1,1
0,0,33,0,1248,13,0,3,3,1,1,30,50.44,-1.78036,-2.33625,-2.06837,-2.53409,-2.38768,0,0,0
0,0,30,0,6365,85,0,16,4,1,1,45,161.25,1.5024,1.18861,-2.01316,-0.769048,-0.849584,0,0,0
0,0,33,0,0,0,0,0,3,1,2,30,0,-2.95567,-2.9802,-2.10573,-2.92867,-2.95148,0,1,1
0,0,33,0,0,0,0,0,4,1,1,45,0,-2.98778,-2.94403,-2.08038,-3.01695,-3.00132,0,0,0
20,0,28,1,15655,226,0,74,2,1,1,25,714.645,2.99724,2.97803,-1.98633,3.01174,1.34614,1,0,1
1,0,31,1,6545,104,232,27,2,2,1,25,1343.2,1.63729,1.78794,2.51353,0.79288,2.55045,0,0,0
0,0,33,0,3298,70,0,22,2,1,1,25,151.56,0.2206,0.670298,-2.03509,0.108883,-1.03159,0,0,0
0,0,32,0,1245,32,0,14,3,1,2,30,51.08,-1.75192,-1.26959,-1.96845,-1.05634,-2.36744,0,0,0
1,0,33,0,2360,41,136,17,2,1,1,25,720.045,-0.688143,-0.74391,1.81585,-0.634708,1.34702,0,0,0
0,0,24,0,895,24,154,5,2,2,1,25,734.355,-2.15509,-1.76053,1.96611,-2.27276,1.42282,0,0,0
0,0,23,0,1148,27,0,62,4,1,1,45,29.375,-1.8633,-1.55326,-2.02098,2.89819,-2.66489,0,0,0
6,0,24,0,280,13,0,1,2,1,2,25,13.185,-2.74082,-2.31438,-1.98076,-2.79836,-2.78455,0,0,0
0,0,23,0,0,0,0,0,4,1,2,45,0,-2.91206,-2.94522,-1.98707,-2.90734,-2.95146,0,0,0
5,0,22,0,805,20,0,7,1,1,1,15,45.375,-2.20664,-1.93904,-1.93572,-2.02801,-2.50489,0,0,0
0,0,22,0,2805,49,0,17,3,1,1,30,114.16,-0.182147,-0.308948,-1.96521,-0.655459,-1.56101,0,0,0
0,0,15,0,1275,14,0,8,2,1,1,25,58.005,-1.70974,-2.28636,-1.96772,-1.88739,-2.32756,0,0,0
11,0,14,0,5973,129,46,36,1,2,1,15,588.61,1.31818,2.20082,1.12232,1.83446,1.21129,0,0,0
7,0,12,0,8513,159,34,34,4,1,1,45,301.8,2.17572,2.50775,0.699826,1.60641,0.630258,1,0,0
3,0,13,1,2433,33,0,13,3,1,1,30,98.64,-0.582784,-1.23849,-2.1207,-1.13134,-1.8034,0,0,0
0,0,6,0,3970,28,176,4,2,1,1,25,971.91,0.627077,-1.5458,2.12147,-2.48262,2.13637,0,0,0
0,1,6,0,1068,7,0,1,2,1,1,25,48.375,-1.9179,-2.54521,-2.11073,-2.79364,-2.41514,0,1,1
5,0,36,0,4255,66,7,18,2,1,1,25,225.945,0.804701,0.532594,-1.22806,-0.400491,-0.0646606,0,0,0
0,0,37,0,0,0,9,0,2,1,2,25,40.5,-2.9615,-2.82091,-1.00013,-3.01547,-2.52004,0,0,0
7,0,35,0,2338,55,361,25,2,1,1,25,1732.18,-0.66814,0.0569289,2.84258,0.499183,2.85304,0,0,0
7,0,36,0,4083,61,3,36,1,1,1,15,244.42,0.700937,0.331093,-1.78458,1.84425,0.167518,0,0,0
0,0,36,0,2278,53,4,34,1,1,1,15,150.205,-0.709539,-0.0383083,-1.68096,1.62941,-1.07316,0,0,0
8,0,36,0,3660,77,34,29,2,1,1,25,321.165,0.455086,0.941045,0.754257,1.09019,0.706642,0,0,0
1,0,36,0,2245,34,287,19,3,1,1,30,1239.16,-0.741226,-1.18534,2.67794,-0.383861,2.52127,0,0,0
10,0,35,1,9000,116,146,44,3,1,1,30,948.64,2.2769,1.97108,1.85327,2.42995,2.0772,0,0,0
4,0,36,0,13658,164,2,45,3,1,1,30,560.88,2.69789,2.55502,-1.88388,2.51998,1.19695,1,0,0
4,0,36,0,4400,78,4,26,3,1,1,30,195.12,0.886054,0.942287,-1.65994,0.709431,-0.392331,0,0,0
3,0,36,0,5803,90,9,13,2,1,1,25,305.685,1.25889,1.37753,-0.940308,-1.11148,0.61337,0,0,0
6,1,36,0,2123,49,10,18,3,1,2,30,126.88,-0.857169,-0.238582,-0.932889,-0.429173,-1.32195,0,0,0
22,0,36,2,15025,220,56,33,3,1,1,30,833.8,2.79864,2.92331,1.2672,1.47314,1.66106,1,0,1
1,0,36,0,2980,22,485,9,3,1,1,30,2060.08,-0.0451832,-1.88706,3.09082,-1.78942,3.08645,0,0,0
6,0,35,0,15370,177,152,31,2,1,1,25,1383.62,2.92902,2.76066,1.94763,1.26583,2.61035,1,0,0
0,0,35,0,6385,81,188,27,3,1,1,30,1010.64,1.57854,1.07395,2.25261,0.890517,2.24777,0,0,0
0,0,35,0,760,9,2,12,2,1,2,25,43.605,-2.25947,-2.45658,-1.84603,-1.28577,-2.45029,0,0,0
0,0,36,0,595,9,15,9,2,1,2,25,94.68,-2.47386,-2.48982,-0.565955,-1.8116,-1.85045,0,0,0
0,0,35,0,0,0,2,0,2,1,2,25,9,-3.10023,-3.07595,-1.85575,-3.08339,-2.86532,0,1,1
0,0,35,0,7393,122,386,44,2,1,1,25,2075.18,2.02135,2.06153,2.9674,2.47624,3.10777,0,0,0
4,0,35,0,11350,149,13,48,3,1,1,30,511.96,2.5534,2.394,-0.630606,2.73522,1.08207,1,0,0
5,0,35,0,6603,70,110,38,2,1,1,25,795.285,1.65983,0.613407,1.70113,1.9333,1.56852,0,0,0
20,0,31,0,840,42,18,18,2,1,2,25,120.69,-2.17422,-0.661929,-0.199348,-0.417166,-1.42132,0,1,1
18,0,34,7,10320,88,3,43,4,1,1,45,267.7,2.46521,1.28884,-1.76905,2.45402,0.388659,1,0,0
10,0,34,0,5703,93,28,25,2,1,1,25,386.82,1.23626,1.5113,0.415265,0.597402,0.934836,0,1,1
0,0,32,0,2725,17,2,15,3,1,1,30,117.68,-0.291239,-2.13372,-1.82125,-0.916997,-1.50081,0,0,0
6,0,33,0,2875,36,11,17,2,1,2,25,180.495,-0.0946474,-1.0466,-0.780448,-0.613619,-0.579553,0,1,1
6,1,34,0,2153,39,36,32,3,1,2,30,231.68,-0.837151,-0.860722,0.859967,1.39819,-0.000467692,0,1,1
0,0,34,0,0,0,2,0,3,1,2,30,8,-3.08319,-2.88341,-1.82993,-3.05874,-2.84862,0,1,1
0,0,34,0,1553,20,2,7,3,1,1,30,70.92,-1.44817,-1.97546,-1.81169,-2.05919,-2.14805,0,0,0
0,0,31,0,6670,92,16,23,4,1,1,45,209.05,1.66452,1.45947,-0.473683,0.338267,-0.221902,0,0,0
0,0,34,0,513,2,11,5,4,1,2,45,40.375,-2.49901,-2.78729,-0.80908,-2.32458,-2.4958,0,1,1
0,0,34,0,0,0,6,0,5,1,1,55,9,-3.09403,-2.84972,-1.56122,-3.0563,-2.82382,0,0,0
22,0,29,2,15960,233,2,81,2,1,1,25,737.685,3.05981,3.04963,-1.84577,3.06808,1.4325,1,0,0
3,0,32,2,6850,111,273,34,2,2,1,25,1541.74,1.8055,1.92968,2.62363,1.56881,2.77649,0,0,0
0,0,34,0,3603,77,4,29,2,1,1,25,183.6,0.410903,0.940685,-1.64536,1.07004,-0.518175,0,0,0
0,0,33,0,1550,39,40,21,3,1,2,30,223.56,-1.41982,-0.869734,0.92721,-0.00363339,-0.0593779,0,0,0
3,0,34,0,2665,48,177,24,2,1,1,25,918.585,-0.304397,-0.301887,2.12785,0.423126,1.97535,0,0,0
1,0,25,0,1200,31,195,12,2,2,1,25,932.895,-1.78987,-1.40127,2.24968,-1.26687,2.02576,0,0,0
1,0,24,0,1453,34,32,69,4,1,1,45,117.175,-1.52554,-1.13508,0.662144,2.92469,-1.51482,0,0,0
8,0,25,0,585,20,12,8,2,1,2,25,81.225,-2.41886,-1.95368,-0.77772,-1.82753,-2.01151,0,0,0
0,0,24,0,710,5,23,4,4,1,2,45,75.375,-2.3153,-2.72797,0.0936738,-2.47381,-2.12238,0,0,0
7,0,23,0,1110,27,21,14,2,1,1,25,145.665,-1.88641,-1.63012,-0.0325349,-1.09199,-1.13283,0,0,0
0,0,23,0,3110,56,10,24,3,1,1,30,166.64,0.114648,0.148563,-0.861079,0.465444,-0.787271,0,0,0
0,0,16,0,1580,21,30,15,2,1,1,25,207.045,-1.39115,-1.9021,0.525066,-0.923009,-0.230386,0,0,0
13,0,15,0,6277,136,87,43,1,2,1,15,831.215,1.48742,2.28194,1.58183,2.4034,1.6936,0,0,0
9,0,13,0,8817,166,75,41,4,1,1,45,412.075,2.19072,2.5936,1.471,2.26118,0.976617,1,0,1
5,0,14,2,2737,40,33,20,3,1,1,30,243.08,-0.182193,-0.815791,0.717776,-0.190176,0.105654,0,0,0
0,0,7,0,4275,35,217,11,3,1,1,30,1040.4,0.815029,-1.07112,2.39743,-1.48414,2.27202,0,0,0
0,1,7,0,1372,14,2,8,2,1,1,25,71.37,-1.60858,-2.23706,-1.82208,-1.84468,-2.16072,0,1,1
1,0,36,0,3875,64,0,12,2,1,1,25,177.255,0.549958,0.467272,-1.946,-1.32512,-0.608824,0,0,0
0,0,37,0,0,0,0,0,2,1,2,25,0,-3.11025,-2.93421,-2.01498,-3.05693,-2.90798,0,0,0
3,0,35,0,1958,53,343,19,2,1,1,25,1633.99,-1.02297,-0.0420073,2.83737,-0.377628,2.86848,0,0,0
3,0,36,0,3703,59,0,30,2,1,1,25,169.29,0.49196,0.237111,-2.04651,1.20834,-0.732374,0,0,0
0,0,36,0,1898,51,0,28,1,1,1,15,107.195,-1.09071,-0.163516,-2.04953,0.951047,-1.64654,0,0,0
4,0,36,0,3280,75,16,23,2,1,1,25,222.975,0.20853,0.794203,-0.413146,0.273294,-0.045739,0,0,0
0,0,36,0,1865,32,269,13,3,1,1,30,1151.88,-1.13397,-1.24618,2.63529,-1.11124,2.38926,0,0,0
6,0,35,1,8620,114,128,38,3,1,1,30,861.36,2.16677,1.96092,1.77464,1.98054,1.79161,1,0,0
0,0,36,0,13278,162,0,39,3,1,1,30,537.6,2.62746,2.54425,-2.02942,2.04038,1.10499,1,0,1
0,0,36,0,4020,76,0,20,3,1,1,30,163.84,0.642876,0.880947,-2.02642,-0.110817,-0.907741,0,0,0
0,0,36,0,5423,88,0,7,2,1,1,25,247.995,1.1492,1.29188,-1.99918,-2.09271,0.190995,0,0,0
2,0,36,0,1743,47,0,12,3,1,2,30,71.6,-1.26179,-0.346299,-1.97636,-1.39595,-2.13705,0,0,0
18,0,36,2,14645,218,38,27,3,1,1,30,746.52,2.77239,2.91817,0.863741,0.805685,1.48686,1,0,0
0,0,36,0,2600,20,467,3,3,1,1,30,1972.8,-0.382063,-1.9783,3.06478,-2.58438,2.97449,0,0,0
2,0,35,0,14990,175,134,25,2,1,1,25,1285.42,2.78559,2.693,1.80809,0.598602,2.53907,1,0,1
0,0,35,0,6005,79,170,21,3,1,1,30,923.36,1.31313,0.973389,2.09011,0.041762,1.98926,0,0,0
0,0,35,0,380,7,0,6,2,1,2,25,17.415,-2.61602,-2.54333,-1.98006,-2.207,-2.80012,0,0,0
0,0,36,0,215,7,0,3,2,1,2,25,9.99,-2.74779,-2.56,-1.95205,-2.59621,-2.86321,0,0,0
0,0,35,0,0,0,0,0,2,1,2,25,0,-3.11547,-2.94607,-1.92857,-3.11384,-3.11049,0,1,1
0,0,35,0,7013,120,368,38,2,1,1,25,1976.98,1.87788,2.07451,2.85904,1.98984,3.02464,1,0,1
0,0,35,0,10970,147,0,42,3,1,1,30,444.68,2.51577,2.35234,-1.95521,2.3387,1.03131,1,0,1
1,0,35,0,6223,68,92,32,2,1,1,25,697.095,1.41936,0.603311,1.57886,1.46795,1.29709,0,0,0
16,1,31,0,460,40,0,12,2,1,2,25,22.5,-2.5818,-0.827193,-1.93064,-1.38145,-2.71465,0,1,1
14,0,34,7,9940,86,0,37,4,1,1,45,250.65,2.39674,1.23182,-1.94266,1.90467,0.226555,1,0,1
6,0,34,0,5323,91,10,19,2,1,1,25,288.63,1.10745,1.4013,-0.93863,-0.326717,0.550143,0,1,1
0,0,32,0,2345,15,0,9,3,1,1,30,94.4,-0.657485,-2.18408,-1.97956,-1.80633,-1.84976,0,0,0
2,1,33,0,2495,34,0,11,2,1,2,25,113.805,-0.493729,-1.20109,-2.11353,-1.49272,-1.57625,0,1,1
2,0,34,0,1773,37,18,26,3,1,2,30,144.4,-1.21014,-1.01092,-0.258511,0.7536,-1.14917,0,1,1
0,0,34,0,0,0,0,0,3,1,2,30,0,-3.13065,-3.0343,-2.12408,-3.09887,-3.00632,0,1,1
0,0,34,0,1173,18,0,1,3,1,1,30,47.64,-1.8385,-2.0465,-2.11266,-2.80501,-2.42331,0,0,0
0,0,31,0,6290,90,0,17,4,1,1,45,159.5,1.47272,1.3767,-2.04102,-0.61252,-0.880195,0,0,0
0,0,34,0,0,0,0,0,4,1,2,45,0,-3.10612,-2.99304,-2.0827,-3.10132,-3.06145,0,1,1
0,0,34,0,0,0,0,0,5,1,1,55,0,-3.14159,-2.98007,-2.04228,-3.0809,-3.06875,0,0,0
18,0,29,2,15580,231,0,75,2,1,1,25,711.495,2.96098,2.97705,-2.05817,3.03079,1.32908,1,0,1
0,0,32,2,6470,109,255,28,2,2,1,25,1443.56,1.56831,1.87747,2.53119,0.983891,2.66368,0,0,0
0,0,34,0,3223,75,0,23,2,1,1,25,148.41,0.159027,0.825415,-2.07674,0.262139,-1.08837,0,0,0
0,0,33,0,1170,37,22,15,3,1,2,30,136.28,-1.85883,-0.950109,0.00900817,-0.797481,-1.23521,0,0,0
0,0,34,0,2285,46,159,18,2,1,1,25,820.395,-0.704339,-0.436649,1.9807,-0.420269,1.6322,0,0,0
0,0,25,0,820,29,177,6,2,2,1,25,834.705,-2.21192,-1.51277,2.15547,-2.22129,1.64501,0,0,0
0,0,24,0,1073,32,14,63,4,1,1,45,62.625,-1.96747,-1.30863,-0.549865,2.90687,-2.24511,0,0,0
4,0,25,0,205,18,0,2,2,1,2,25,10.035,-2.76919,-2.05072,-1.90458,-2.66988,-2.8167,0,0,0
0,0,24,0,0,0,5,0,4,1,2,45,12.5,-3.14159,-3.13779,-1.64959,-3.06939,-2.76531,0,0,0
3,0,23,0,730,25,3,8,2,1,1,25,47.475,-2.2706,-1.73696,-1.7511,-1.84998,-2.41707,0,0,0
0,0,23,0,2730,54,0,18,3,1,1,30,111.36,-0.235042,0.0095988,-2.1449,-0.367115,-1.61713,0,0,0
0,0,16,0,1200,19,12,9,2,1,1,25,108.855,-1.81385,-1.97579,-0.778758,-1.83007,-1.67558,0,0,0
9,0,15,0,5897,134,69,37,1,2,1,15,711.205,1.28623,2.27263,1.45473,1.85414,1.33955,1,0,1
5,0,13,0,8437,164,57,35,4,1,1,45,357.525,2.18323,2.54853,1.34018,1.74058,0.864977,1,0,1
1,0,14,2,2357,38,15,14,3,1,1,30,155.8,-0.664405,-0.933015,-0.559279,-1.07221,-0.965588,0,0,0
0,0,7,0,3895,33,199,5,3,1,1,30,953.12,0.569976,-1.20613,2.33201,-2.27662,2.08097,0,0,0
0,0,7,0,992,12,0,2,2,1,1,25,45.18,-2.04457,-2.34032,-2.08606,-2.69615,-2.49072,0,1,1
1,0,31,0,4065,59,0,14,2,1,1,25,185.58,0.687982,0.233893,-2.0849,-1.09966,-0.502816,0,0,0
0,0,32,0,0,0,0,0,2,1,2,25,0,-3.02354,-2.88086,-2.11261,-3.1245,-3.06396,0,0,0
3,0,30,0,2148,48,344,21,2,1,1,25,1646.82,-0.823205,-0.286493,2.81705,0.0692161,2.88982,0,0,0
3,0,31,0,3893,54,0,32,1,1,1,15,217.085,0.578229,-0.00987613,-2.10872,1.44896,-0.138972,0,0,0
0,0,31,0,2088,46,0,30,1,1,1,15,117.37,-0.862768,-0.391193,-2.07931,1.16885,-1.49994,0,0,0
4,0,31,0,3470,70,17,25,2,1,1,25,235.8,0.350076,0.606398,-0.279828,0.574178,0.0660022,0,0,0
0,0,31,0,2055,27,270,15,3,1,1,30,1163.28,-0.931841,-1.58289,2.59219,-0.813646,2.40539,0,0,0
6,0,30,0,8810,109,129,40,3,1,1,30,872.76,2.22632,1.84407,1.78695,2.1904,1.82773,0,0,0
0,0,31,0,13468,157,0,41,3,1,1,30,545,2.63149,2.49258,-2.06749,2.26804,1.16672,1,0,1
0,0,31,0,4210,71,0,22,3,1,1,30,171.24,0.780252,0.712518,-2.08221,0.113684,-0.728275,0,0,0
0,0,31,0,5613,83,0,9,2,1,1,25,256.32,1.20459,1.16641,-2.14775,-1.80094,0.282747,0,0,0
2,0,31,0,1933,42,0,14,3,1,2,30,79,-1.06706,-0.690399,-2.17832,-1.07617,-2.05477,0,0,0
18,0,31,1,14835,213,39,29,2,1,1,25,852.66,2.80139,2.87078,0.903197,1.10097,1.82883,1,0,1
0,0,31,0,2790,15,468,5,3,1,1,30,1984.2,-0.211325,-2.22288,3.06108,-2.28873,2.96247,0,0,0
2,0,30,0,15180,170,135,27,2,1,1,25,1298.25,2.86387,2.65886,1.79322,0.891694,2.51519,1,0,0
0,0,30,0,6195,74,171,23,3,1,1,30,934.76,1.39679,0.777358,2.06969,0.212146,2.0735,0,0,0
0,0,30,0,570,2,0,8,2,1,2,25,25.74,-2.46804,-2.81692,-2.13683,-1.86603,-2.65389,0,0,0
0,0,31,0,405,2,0,5,2,1,2,25,18.315,-2.59595,-2.78312,-2.14398,-2.29212,-2.74837,0,0,0
0,0,30,0,0,0,0,0,2,1,2,25,0,-3.03753,-2.85854,-2.15736,-3.11812,-3.13005,0,1,1
0,0,30,0,7203,115,369,40,2,1,1,25,1989.81,1.96851,1.98908,2.90526,2.13004,3.01551,0,0,0
0,0,30,0,11160,142,0,44,3,1,1,30,452.08,2.52815,2.32849,-2.1366,2.45268,1.07897,1,0,1
1,0,30,0,6413,63,93,34,2,1,1,25,709.92,1.54117,0.388962,1.61022,1.59696,1.33712,0,0,0
16,0,26,0,650,35,1,14,2,1,2,25,35.325,-2.34352,-1.09114,-1.89465,-1.1149,-2.60251,0,1,1
14,0,29,6,10130,81,0,39,4,1,1,45,255.275,2.44373,1.07776,-2.14587,2.10663,0.269163,0,0,0
6,0,29,0,5513,86,11,21,2,1,1,25,301.455,1.16956,1.25362,-0.815507,0.0151988,0.638425,0,1,1
0,0,27,0,2535,10,0,11,3,1,1,30,101.8,-0.522459,-2.4702,-2.15807,-1.4742,-1.73685,0,0,0
2,0,28,0,2685,29,0,13,2,1,2,25,122.13,-0.311454,-1.53284,-2.12603,-1.22102,-1.44949,0,1,1
2,0,29,0,1963,32,19,28,3,1,2,30,155.8,-1.03014,-1.2545,-0.147397,0.976939,-0.983709,0,1,1
0,0,29,0,0,0,0,0,2,1,2,25,0,-3.04182,-3.04272,-2.07084,-3.0614,-3.08868,0,1,1
0,0,29,0,1363,13,0,3,3,1,1,30,55.04,-1.57739,-2.33696,-2.09269,-2.57142,-2.34549,0,0,0
0,0,26,0,6480,85,0,19,4,1,1,45,164.125,1.59791,1.20192,-1.95801,-0.359192,-0.823884,0,0,0
0,0,29,0,0,0,0,0,3,1,2,30,0,-3.06168,-3.10251,-2.0058,-3.09065,-3.08903,0,1,1
0,0,29,0,0,0,0,0,4,1,1,45,0,-3.04677,-3.14159,-1.97333,-3.08954,-3.08912,0,0,0
18,0,24,1,15770,226,0,77,2,1,1,25,719.82,2.994,2.97838,-1.94395,3.04306,1.3856,1,0,1
0,0,27,1,6660,104,256,30,2,2,1,25,1456.38,1.68667,1.8291,2.5204,1.2027,2.68451,0,0,0
0,0,29,0,3413,70,0,25,2,1,1,25,156.735,0.329924,0.678113,-2.01839,0.610229,-0.932092,0,0,0
0,0,28,0,1360,32,23,17,3,1,2,30,147.68,-1.63375,-1.32419,0.170033,-0.614418,-1.09557,0,0,0
0,0,29,0,2475,41,160,20,2,1,1,25,833.22,-0.54521,-0.789547,1.99152,-0.103097,1.72003,0,0,0
0,0,20,0,1010,24,178,8,2,2,1,25,847.53,-2.00485,-1.74585,2.1112,-1.85992,1.76519,0,0,0
0,0,19,0,1263,27,15,65,4,1,1,45,69.75,-1.69981,-1.5593,-0.504316,2.93988,-2.18514,0,0,0
4,0,20,0,395,13,0,4,2,1,2,25,18.36,-2.58445,-2.27989,-1.967,-2.40134,-2.73281,0,0,0
0,0,19,0,520,4,6,2,4,1,2,45,28.1,-2.46938,-2.75266,-1.57613,-2.6606,-2.65725,0,0,0
3,0,18,0,920,20,4,10,1,1,1,15,73.7,-2.13383,-1.9552,-1.70792,-1.56679,-2.09068,0,0,0
0,0,18,0,2920,49,0,20,3,1,1,30,118.76,-0.0796827,-0.257567,-2.09318,-0.12945,-1.49242,0,0,0
0,0,11,0,1390,14,13,11,2,1,1,25,121.68,-1.59462,-2.24682,-0.616976,-1.54145,-1.42607,0,0,0
9,0,10,0,6087,129,70,39,1,2,1,15,726.88,1.38118,2.17845,1.42813,2.00145,1.39221,0,0,0
5,0,8,0,8627,159,58,37,4,1,1,45,364.65,2.18067,2.50931,1.32203,1.86502,0.88094,1,0,0
1,0,9,1,2547,33,16,16,3,1,1,30,167.2,-0.486247,-1.17716,-0.398458,-0.712649,-0.742031,0,0,0
0,0,3,0,4085,28,200,7,2,1,1,25,1085.09,0.720593,-1.51999,2.37051,-2.04598,2.32578,0,0,0
0,0,3,0,1182,7,0,4,2,1,1,25,53.505,-1.81187,-2.59446,-2.17527,-2.36078,-2.33679,0,1,1
5,0,41,0,4065,71,6,16,3,1,1,30,189.44,0.654742,0.684712,-1.55784,-0.637917,-0.482389,0,0,0
0,0,42,0,13,5,8,3,3,1,2,30,32.72,-2.82606,-2.73464,-1.17151,-2.56886,-2.63676,0,0,0
7,0,40,0,2148,60,360,23,3,1,1,30,1528.32,-0.852684,0.300376,2.85596,0.244183,2.76788,0,0,0
7,0,41,0,3893,66,2,34,1,1,1,15,228.745,0.588933,0.535173,-1.84825,1.62821,0.0222414,0,0,0
0,0,41,0,2088,58,3,32,2,1,1,25,110.07,-0.906191,0.178594,-1.75205,1.45378,-1.64179,0,0,0
8,0,41,1,3470,82,33,27,3,1,1,30,274.08,0.348789,1.1281,0.679186,0.846279,0.472132,0,0,0
1,0,41,0,2055,39,286,17,3,1,1,30,1227.76,-0.910992,-0.896275,2.7479,-0.576104,2.48306,0,0,0
10,0,40,2,8810,121,145,42,3,1,1,30,937.24,2.23383,2.11807,1.90018,2.34145,2.04261,1,0,1
4,0,41,0,13468,169,1,43,3,1,1,30,549.48,2.66411,2.61768,-1.85813,2.41028,1.16361,1,0,0
4,0,41,1,4210,83,3,24,3,1,1,30,183.72,0.780202,1.15097,-1.8086,0.406883,-0.522582,0,0,0
3,0,41,0,5613,95,8,11,3,1,1,30,260.32,1.20998,1.54116,-1.09231,-1.49408,0.31206,0,0,0
6,0,41,0,1933,54,9,16,3,1,2,30,115.48,-1.05272,0.00594606,-1.05332,-0.727999,-1.54856,0,0,0
22,0,41,3,14835,225,55,31,3,1,1,30,822.4,2.80052,2.9792,1.27681,1.27475,1.67398,1,0,1
1,0,41,1,2790,27,484,7,3,1,1,30,2048.68,-0.198825,-1.59459,3.122,-2.01543,3.08781,0,0,0
6,0,40,0,15180,182,151,29,2,1,1,25,1370.79,2.8696,2.84119,1.91223,1.13302,2.60542,1,0,0
0,0,40,1,6195,86,187,25,3,1,1,30,999.24,1.41764,1.22073,2.21488,0.572788,2.1902,0,0,0
0,0,40,0,570,14,1,10,2,1,2,25,30.78,-2.44062,-2.25784,-1.89439,-1.60112,-2.625,0,0,0
0,0,41,0,405,14,14,7,3,1,2,30,72.76,-2.61085,-2.23197,-0.594554,-1.98622,-2.1334,0,0,0
0,0,40,0,0,0,1,0,2,1,2,25,4.5,-3.07769,-3.01421,-1.91114,-3.12052,-2.86666,0,1,1
0,0,40,0,7203,127,385,42,3,1,1,30,1833.2,1.95484,2.17786,2.9309,2.29418,2.89223,0,0,0
4,0,40,1,11160,154,12,46,4,1,1,45,312.85,2.51407,2.4728,-0.787787,2.56943,0.709183,1,0,1
5,0,40,1,6413,75,109,36,2,1,1,25,782.46,1.53061,0.768514,1.69424,1.81332,1.56266,0,0,0
20,0,36,0,650,47,17,16,3,1,2,30,95.88,-2.32799,-0.353608,-0.323427,-0.712025,-1.82598,0,1,1
18,0,39,8,10130,93,2,41,5,1,1,55,156.345,2.44754,1.5158,-1.81801,2.23499,-0.960932,1,0,0
10,0,39,1,5513,98,27,23,2,1,1,25,373.995,1.15144,1.68873,0.350423,0.302249,0.887803,0,1,1
0,0,37,0,2535,22,1,13,3,1,1,30,106.28,-0.451661,-1.87219,-1.8883,-1.17705,-1.67335,0,0,0
6,1,38,0,2685,41,10,15,3,1,2,30,149.04,-0.32242,-0.747933,-0.894096,-0.8127,-1.11595,0,1,1
6,0,39,0,1963,44,35,30,3,1,2,30,220.28,-1.02504,-0.630367,0.803279,1.20214,-0.100887,0,1,1
0,0,39,0,0,0,1,0,3,1,2,30,4,-3.0107,-2.96647,-1.92033,-3.09764,-2.87914,0,1,1
0,0,39,0,1363,25,1,5,4,1,1,45,37.2,-1.64042,-1.68584,-1.87668,-2.29107,-2.56232,0,0,0
0,0,36,1,6480,97,15,21,5,1,1,55,121.155,1.55814,1.64214,-0.495874,-0.0278085,-1.42249,0,0,0
0,0,39,0,323,7,10,3,4,1,2,45,33.25,-2.66026,-2.57492,-0.891048,-2.60657,-2.6352,0,1,1
0,0,39,1,33,4,5,1,5,1,1,55,8.055,-2.84266,-2.74303,-1.64061,-2.82689,-2.84765,0,0,0
22,0,34,3,15770,238,1,79,2,1,1,25,724.86,3.00574,3.06757,-1.84543,3.07366,1.39721,1,0,1
3,0,37,3,6660,116,272,32,2,2,1,25,1528.92,1.68468,1.98377,2.62685,1.37634,2.7912,1,0,0
0,0,39,0,3413,82,3,27,3,1,1,30,151.8,0.332687,1.11652,-1.78827,0.846932,-1.0319,0,0,0
0,0,38,0,1360,44,39,19,3,1,2,30,212.16,-1.62521,-0.588724,0.916512,-0.334242,-0.184379,0,0,0
3,0,39,0,2475,53,176,22,2,1,1,25,905.76,-0.537568,-0.00111647,2.12417,0.0741669,1.94402,0,0,0
1,0,30,1,1010,36,194,10,2,2,1,25,920.07,-2.03921,-1.09659,2.31839,-1.5445,1.97795,0,0,0
1,0,29,0,1263,39,31,67,4,1,1,45,110.05,-1.72994,-0.879336,0.55563,2.96173,-1.63848,0,0,0
8,0,30,0,395,25,11,6,3,1,2,30,60.8,-2.57235,-1.73638,-0.755879,-2.20359,-2.24754,0,0,0
0,0,29,0,520,10,22,2,4,1,2,45,68.25,-2.51868,-2.42477,0.0731357,-2.7829,-2.17905,0,0,0
7,0,28,0,920,32,20,12,2,1,1,25,132.84,-2.10475,-1.29635,-0.066207,-1.33791,-1.32893,0,0,0
0,0,28,0,2920,61,9,22,3,1,1,30,155.24,-0.0736775,0.299551,-1.00286,0.154163,-0.995906,0,0,0
0,0,21,0,1390,26,29,13,2,1,1,25,194.22,-1.59318,-1.64659,0.477095,-1.20104,-0.376422,0,0,0
13,0,20,1,6087,141,86,41,2,2,1,25,667.26,1.3711,2.35478,1.55397,2.22216,1.26493,0,0,0
9,0,18,0,8627,171,74,39,5,1,1,55,242.97,2.17747,2.67965,1.49749,2.03797,0.141567,1,0,0
5,0,19,3,2547,45,32,18,3,1,1,30,231.68,-0.473884,-0.492394,0.630906,-0.457431,-0.00720471,0,0,0
0,0,12,1,4085,40,216,9,3,1,1,30,1029,0.662899,-0.789673,2.41353,-1.75848,2.23304,0,0,0
0,0,12,1,1182,19,1,6,3,1,1,30,52.04,-1.80531,-2.02072,-1.91128,-2.14153,-2.36642,0,1,1
9,0,37,0,4775,76,23,15,2,1,1,25,321.795,1.06069,0.914312,0.141861,-0.826699,0.702313,0,0,0
1,0,38,0,723,10,8,2,2,1,2,25,68.985,-2.28837,-2.4657,-1.09933,-2.77437,-2.15287,0,0,0
11,0,36,0,2858,65,360,22,2,1,1,25,1751.54,-0.112626,0.4723,2.84486,0.156236,2.88267,0,0,0
11,0,37,0,4603,71,2,33,1,1,1,15,268.07,1.00931,0.717385,-1.80978,1.56444,0.41695,0,0,0
4,0,37,0,2798,63,3,31,1,1,1,15,173.855,-0.162413,0.410065,-1.77048,1.28404,-0.665489,0,0,0
12,0,37,1,4180,87,33,26,3,1,1,30,302.68,0.752172,1.28473,0.744651,0.707311,0.621929,0,0,0
5,0,37,0,2765,44,286,16,3,1,1,30,1256.36,-0.188716,-0.528835,2.71408,-0.705021,2.47662,0,0,0
14,0,36,2,9520,126,145,41,3,1,1,30,965.84,2.37856,2.14286,1.91572,2.23315,2.1248,0,0,0
8,0,37,0,14178,174,1,42,3,1,1,30,578.08,2.76002,2.69791,-1.90991,2.33682,1.20065,1,0,0
8,0,37,1,4920,88,3,23,3,1,1,30,212.32,1.08802,1.3302,-1.79297,0.281979,-0.17367,0,0,0
7,0,37,0,6323,100,8,10,2,1,1,25,325.035,1.49919,1.71076,-1.15678,-1.5861,0.775518,0,0,0
10,0,37,0,2643,59,9,15,3,1,2,30,144.08,-0.393588,0.294259,-1.02705,-0.806688,-1.15745,0,0,0
26,1,37,3,15545,230,55,30,3,1,1,30,851,2.9472,3.02141,1.3036,1.17379,1.75183,1,0,0
5,0,37,1,3500,32,484,6,3,1,1,30,2077.28,0.433145,-1.24776,3.08932,-2.1654,3.10433,0,0,0
10,0,36,0,15890,187,151,28,2,1,1,25,1402.96,3.04227,2.87706,1.90233,0.95065,2.62005,1,0,0
4,0,36,1,6905,91,187,24,3,1,1,30,1027.84,1.85402,1.45704,2.23298,0.426468,2.28288,1,0,0
1,0,36,0,1280,19,1,9,2,1,2,25,62.955,-1.70864,-2.0265,-1.88929,-1.71645,-2.24534,0,0,0
3,0,37,0,1115,19,14,6,2,1,2,25,114.03,-1.8689,-1.98315,-0.627207,-2.15647,-1.56419,0,0,0
0,0,36,0,0,0,1,0,2,1,2,25,4.5,-2.81793,-2.86584,-1.9122,-3.12804,-2.86459,0,1,1
4,0,36,0,7913,132,385,41,2,1,1,25,2094.53,2.091,2.23126,2.94837,2.24898,3.14159,1,0,1
8,0,36,1,11870,159,12,45,3,1,1,30,529.16,2.60147,2.48483,-0.77597,2.50697,1.122,1,0,0
9,0,36,1,7123,80,109,35,2,1,1,25,814.635,1.93874,1.02594,1.6683,1.69347,1.6096,0,0,0
24,0,32,0,1360,52,17,15,2,1,2,25,140.04,-1.6007,-0.0803157,-0.342994,-0.869521,-1.2033,0,1,1
22,0,35,8,10840,98,2,40,4,1,1,45,278.45,2.52602,1.68671,-1.81239,2.17872,0.484144,1,0,0
14,0,35,1,6223,103,27,22,2,1,1,25,406.17,1.43393,1.83026,0.351917,0.104302,0.980876,0,0,0
2,0,33,0,3245,27,1,12,3,1,1,30,134.88,0.169509,-1.5606,-1.88208,-1.29701,-1.2332,0,0,0
10,0,34,0,3395,46,10,14,3,1,2,30,177.64,0.345955,-0.438341,-0.961755,-1.08132,-0.614172,0,1,1
10,1,35,0,2673,49,35,29,3,1,2,30,248.88,-0.345891,-0.27544,0.773619,1.07241,0.222454,0,1,1
1,0,35,0,538,7,1,1,3,1,2,30,25.8,-2.50048,-2.53675,-1.88077,-2.78378,-2.68896,0,1,1
2,0,35,0,2073,30,1,4,3,1,1,30,88.12,-0.869871,-1.4501,-1.86368,-2.38322,-1.94389,0,0,0
4,0,32,1,7190,102,15,20,4,1,1,45,219.8,1.94459,1.79365,-0.493677,-0.0859791,-0.0927483,1,0,1
1,0,35,0,1033,12,10,2,4,1,2,45,51.125,-1.96983,-2.36228,-0.944579,-2.74499,-2.38132,0,1,1
1,0,35,1,743,9,5,1,5,1,1,55,18.78,-2.26167,-2.53353,-1.63214,-2.80937,-2.72249,0,0,0
26,0,30,3,16480,243,1,78,2,1,1,25,757.035,3.14159,3.13156,-1.90338,3.07488,1.48333,1,0,1
7,0,33,3,7370,121,272,31,2,2,1,25,1561.1,2.0329,2.04934,2.60898,1.32042,2.80037,1,0,0
3,0,35,0,4123,87,3,26,2,1,1,25,202.95,0.737892,1.2663,-1.73298,0.617666,-0.262443,0,0,0
4,0,34,0,2070,49,39,18,3,1,2,30,240.76,-0.909118,-0.257663,0.918762,-0.517803,0.0965108,0,0,0
7,0,35,0,3185,58,176,21,2,1,1,25,937.935,0.156328,0.160479,2.13793,0.0198247,1.99683,0,0,0
5,0,26,1,1720,41,194,9,2,2,1,25,952.245,-1.28957,-0.742897,2.3255,-1.75625,2.09182,0,0,0
5,0,25,0,1973,44,31,66,4,1,1,45,127.925,-0.984292,-0.538092,0.640243,2.95531,-1.36839,0,0,0
12,0,26,0,1105,30,11,5,2,1,2,25,100.575,-1.91548,-1.42706,-0.849155,-2.31815,-1.77094,0,0,0
1,0,25,0,1230,15,22,1,4,1,2,45,86.125,-1.77845,-2.19526,0.0329717,-2.83551,-1.95827,0,0,0
11,0,24,0,1630,37,20,11,2,1,1,25,165.015,-1.34475,-0.952019,-0.0737002,-1.50119,-0.800998,0,0,0
3,0,24,0,3630,66,9,21,3,1,1,30,183.84,0.408499,0.515147,-1.01756,-0.0402941,-0.539386,0,0,0
3,0,17,0,2100,31,29,12,2,1,1,25,226.395,-0.832829,-1.38124,0.489078,-1.26836,0.000290203,0,0,0
17,0,16,1,6797,146,86,40,1,2,1,15,854.865,1.73573,2.37029,1.55032,2.11527,1.79524,0,0,0
13,0,14,0,9337,176,74,38,4,1,1,45,422.825,2.32103,2.73509,1.5023,1.92252,1.01263,1,0,1
9,0,15,3,3257,50,32,17,3,1,1,30,260.28,0.215762,-0.215726,0.628439,-0.610053,0.331102,0,0,0
3,0,8,1,4795,45,216,8,3,1,1,30,1057.6,1.04746,-0.450063,2.46486,-1.85327,2.31298,0,0,0
4,0,8,1,1892,24,1,5,3,1,1,30,80.64,-1.08899,-1.74334,-1.91862,-2.35123,-2.01721,0,1,1
0,0,35,0,3355,54,0,15,2,1,1,25,153.405,0.29796,-0.0126567,-2.3432,-0.79848,-0.998068,0,0,0
0,0,36,0,0,0,0,0,2,1,2,25,0,-2.87879,-2.94257,-2.36406,-3.10448,-3.07968,0,0,0
0,0,34,0,1438,43,327,22,2,1,1,25,1538.14,-1.5251,-0.602988,2.77601,0.124531,2.78134,0,0,0
0,0,35,0,3183,49,0,33,1,1,1,15,177.76,0.180428,-0.236512,-2.35144,1.5048,-0.613114,0,0,0
0,0,35,0,1378,41,0,31,1,1,1,15,78.045,-1.58777,-0.740041,-2.38236,1.29195,-2.08132,0,0,0
0,0,35,0,2760,65,0,26,2,1,1,25,127.125,-0.21986,0.507856,-2.35488,0.660537,-1.37235,0,0,0
0,0,35,0,1345,22,253,16,3,1,1,30,1066.68,-1.61917,-1.8718,2.54565,-0.771761,2.33026,0,0,0
2,0,34,0,8100,104,112,41,3,1,1,30,776.16,2.18176,1.83121,1.7291,2.16701,1.54106,0,0,0
0,0,35,0,12758,152,0,42,3,1,1,30,516.4,2.64271,2.42417,-2.34395,2.29771,1.1321,1,0,1
0,0,35,0,3500,66,0,23,3,1,1,30,142.64,0.392194,0.494138,-2.33807,0.240337,-1.16764,0,0,0
0,0,35,0,4903,78,0,10,2,1,1,25,224.145,1.09336,0.895819,-2.47971,-1.69847,-0.0193225,0,0,0
0,0,35,0,1223,37,0,15,3,1,2,30,50.4,-1.76146,-0.988655,-2.34023,-0.855678,-2.38062,0,0,0
14,0,35,1,14125,208,22,30,2,1,1,25,743.985,2.73489,2.91658,0.087698,1.18285,1.47306,1,0,1
0,0,35,0,2080,10,451,6,3,1,1,30,1887.6,-0.882479,-2.48567,3.02213,-2.15671,2.96088,0,0,0
0,0,34,0,14470,165,118,28,2,1,1,25,1189.58,2.74301,2.57933,1.7253,0.958487,2.4513,1,0,1
0,0,34,0,5485,69,154,24,3,1,1,30,838.16,1.15801,0.645307,1.93101,0.409833,1.72484,0,0,0
0,0,34,0,0,0,0,0,2,1,2,25,0,-2.82133,-2.98801,-2.3906,-3.09535,-3.10535,0,0,0
0,0,35,0,0,0,0,0,2,1,2,25,0,-2.81614,-3.04518,-2.29962,-3.08807,-2.8943,0,0,0
0,0,34,0,0,0,0,0,2,1,2,25,0,-2.92436,-2.93661,-2.39997,-3.10968,-2.88674,0,1,1
0,0,34,0,6493,110,352,41,2,1,1,25,1881.13,1.59373,1.89516,2.85773,2.27181,2.95358,0,0,0
0,0,34,0,10450,137,0,45,3,1,1,30,423.48,2.4493,2.29899,-2.29904,2.5538,1.03379,1,0,1
0,0,34,0,5703,58,76,35,2,1,1,25,601.245,1.22939,0.230091,1.51306,1.73068,1.22283,0,0,0
0,1,30,0,0,0,0,0,2,1,2,25,0,-2.88793,-3.10587,-2.31977,-3.03778,-2.90532,0,1,1
10,0,33,6,9420,76,0,40,4,1,1,45,237.4,2.36274,0.89779,-2.30853,2.08867,0.0541672,0,0,0
2,1,33,0,4803,81,0,22,2,1,1,25,219.78,1.08011,1.04876,-2.32251,0.110161,-0.131466,0,1,1
0,0,31,0,1825,5,0,12,3,1,1,30,73.2,-1.17648,-2.77153,-2.32565,-1.39625,-2.0764,0,0,0
0,0,32,0,1975,24,0,14,2,1,2,25,89.955,-0.98184,-1.75532,-2.31611,-1.05586,-1.92004,0,1,1
0,0,33,0,1253,27,2,29,3,1,2,30,59.2,-1.75168,-1.60664,-1.74597,1.09889,-2.32383,0,1,1
0,1,33,0,0,0,0,0,2,1,2,25,0,-2.86762,-2.78107,-2.34106,-2.96222,-2.95107,0,1,1
0,0,33,0,653,8,0,4,3,1,1,30,26.44,-2.33086,-2.56841,-2.329,-2.45646,-2.68227,0,0,0
0,0,30,0,5770,80,0,20,4,1,1,45,146.25,1.20295,1.05105,-2.34908,-0.0838523,-1.10795,0,0,0
0,0,33,0,0,0,0,0,3,1,2,30,0,-2.89136,-2.89499,-2.32944,-3.03981,-2.95081,0,1,1
0,0,33,0,0,0,0,0,4,1,1,45,0,-2.86902,-2.92895,-2.35619,-3.04512,-2.95535,0,0,0
14,0,28,1,15060,221,0,78,2,1,1,25,687.645,2.86313,2.96864,-2.32506,3.07157,1.31125,1,0,0
0,0,31,1,5950,99,239,31,2,2,1,25,1347.7,1.33547,1.68236,2.51959,1.35071,2.57718,0,0,0
0,0,33,0,2703,65,0,26,2,1,1,25,124.56,-0.23791,0.462163,-2.33351,0.636248,-1.36629,0,0,0
0,0,32,0,650,27,6,18,3,1,2,30,51.08,-2.32203,-1.59601,-1.65082,-0.487787,-2.36475,0,0,0
0,0,33,0,1765,36,143,21,2,1,1,25,724.545,-1.26137,-1.02811,1.85978,-0.0716027,1.41036,0,0,0
0,0,24,0,300,19,161,9,2,2,1,25,738.855,-2.73343,-1.9856,1.99079,-1.74598,1.43114,0,0,0
0,0,23,0,553,22,0,66,4,1,1,45,14.375,-2.46336,-1.85137,-2.30734,2.95204,-2.82959,0,0,0
0,0,24,0,0,0,0,0,2,1,2,25,0,-2.81341,-2.87495,-2.38898,-3.02373,-2.92808,0,0,0
0,0,23,0,0,0,0,0,4,1,2,45,0,-2.85038,-3.09282,-2.40083,-2.99378,-2.87403,0,0,0
0,0,22,0,210,15,0,11,2,1,1,25,10.125,-2.78764,-2.22616,-2.36226,-1.4412,-2.82604,0,0,0
0,0,22,0,2210,44,0,21,3,1,1,30,90.16,-0.766919,-0.568925,-2.36717,-0.0958621,-1.86856,0,0,0
0,0,15,0,680,9,0,12,2,1,1,25,31.005,-2.37244,-2.49847,-2.4375,-1.3433,-2.60555,0,0,0
5,0,14,0,5377,124,53,40,1,2,1,15,594.055,1.1563,2.12353,1.26229,2.12467,1.17683,0,0,0
1,0,12,0,7917,154,41,38,4,1,1,45,304.275,2.07218,2.40537,0.984208,1.97579,0.623249,0,0,0
0,0,13,1,1837,28,0,17,3,1,1,30,74.6,-1.15639,-1.54896,-2.44653,-0.681783,-2.13616,0,0,0
0,0,6,0,3375,23,183,8,3,1,1,30,867.92,0.320344,-1.78049,2.16167,-1.93879,1.83207,0,0,0
0,0,6,0,472,2,0,5,2,1,1,25,21.33,-2.50221,-2.82331,-2.42413,-2.29991,-2.75926,0,1,1
3,0,36,0,4065,65,0,15,2,1,1,25,185.85,0.658598,0.475606,-2.44485,-0.781977,-0.478864,0,0,0
0,0,37,0,0,0,0,0,2,1,2,25,0,-2.85656,-2.97249,-2.41372,-2.99507,-3.01107,0,0,0
5,0,35,0,2148,54,352,22,2,1,1,25,1683.09,-0.853168,-0.0029821,2.81449,0.0915246,2.90681,0,0,0
5,0,36,0,3893,60,0,33,1,1,1,15,217.415,0.590195,0.292107,-2.44617,1.52169,-0.0909299,0,0,0
0,0,36,0,2088,52,0,31,1,1,1,15,117.7,-0.876611,-0.128704,-2.41147,1.38327,-1.48164,0,0,0
6,0,36,0,3470,76,25,26,2,1,1,25,272.07,0.364852,0.870436,0.291145,0.655285,0.44345,0,0,0
0,0,36,0,2055,33,278,16,3,1,1,30,1195.52,-0.939911,-1.24801,2.61276,-0.673858,2.44274,0,0,0
8,0,35,1,8810,115,137,41,3,1,1,30,905,2.22761,1.98637,1.85452,2.25559,1.93379,1,0,0
2,0,36,0,13468,163,0,42,3,1,1,30,545.24,2.65097,2.55229,-2.44179,2.31827,1.14584,1,0,1
2,0,36,0,4210,77,0,23,3,1,1,30,171.48,0.796978,0.918484,-2.49098,0.275807,-0.695689,0,0,0
1,0,36,0,5613,89,0,10,2,1,1,25,256.59,1.23079,1.33784,-2.45471,-1.56834,0.289963,0,0,0
4,0,36,0,1933,48,1,15,3,1,2,30,83.24,-1.06749,-0.277934,-1.90406,-0.846109,-2.00239,0,0,0
20,0,36,2,14835,219,47,30,3,1,1,30,790.16,2.82298,2.9126,1.13155,1.22201,1.59749,1,0,1
0,0,36,0,2790,21,476,6,3,1,1,30,2016.44,-0.20611,-1.89553,3.05613,-2.25216,2.99545,0,0,0
4,0,35,0,15180,176,143,28,2,1,1,25,1334.52,2.88043,2.75023,1.8675,0.976438,2.56896,1,0,0
0,0,35,0,6195,80,179,24,3,1,1,30,967,1.42689,1.00701,2.14874,0.362791,2.13818,0,0,0
0,0,35,0,570,8,0,9,2,1,2,25,26.01,-2.45658,-2.58671,-2.42895,-1.69731,-2.68961,0,0,0
0,0,36,0,405,8,6,6,2,1,2,25,45.585,-2.58855,-2.53095,-1.52461,-2.25393,-2.45914,0,0,0
0,1,35,0,0,0,0,0,2,1,2,25,0,-2.92326,-2.84613,-2.36908,-3.1263,-3.11583,0,1,1
0,0,35,0,7203,121,377,41,2,1,1,25,2026.08,1.99243,2.06867,2.89967,2.21405,3.03028,0,0,0
2,0,35,0,11160,148,4,45,3,1,1,30,468.32,2.52453,2.38579,-1.66014,2.52215,1.05494,1,0,0
3,0,35,0,6413,69,101,35,2,1,1,25,746.19,1.55197,0.62078,1.6796,1.69384,1.4781,0,0,0
18,0,31,0,650,41,9,15,2,1,2,25,71.595,-2.36465,-0.678043,-1.02481,-0.85508,-2.1299,0,1,1
16,0,34,7,10130,87,0,40,4,1,1,45,255.425,2.3545,1.24824,-2.38394,2.15682,0.306471,0,0,0
8,0,34,0,5513,92,19,22,2,1,1,25,337.725,1.19456,1.4796,-0.116778,0.107624,0.77705,0,1,1
0,0,32,0,2535,16,0,12,3,1,1,30,102.04,-0.49011,-2.12364,-2.38009,-1.32908,-1.73067,0,0,0
4,0,33,0,2685,35,2,14,2,1,2,25,131.4,-0.342878,-1.08426,-1.77403,-1.09133,-1.26117,0,1,1
4,1,34,0,1963,38,27,29,3,1,2,30,188.04,-0.999276,-0.9481,0.35225,1.06436,-0.456388,0,1,1
0,0,34,0,0,0,0,0,3,1,2,30,0,-2.82242,-3.12796,-2.42193,-3.03655,-3.13612,0,1,1
0,0,34,0,1363,19,0,4,3,1,1,30,55.28,-1.64386,-2.05526,-2.43112,-2.42618,-2.31993,0,0,0
0,0,31,0,6480,91,7,20,4,1,1,45,181.775,1.59177,1.41488,-1.33724,-0.130788,-0.547674,1,0,1
0,1,34,0,323,1,2,2,4,1,2,45,13.1,-2.65595,-2.83027,-1.78649,-2.75442,-2.79876,0,1,1
0,0,34,0,0,0,0,0,5,1,1,55,0,-2.86836,-2.8476,-2.43674,-3.00938,-3.14159,0,0,0
20,0,29,2,15770,232,0,78,2,1,1,25,720.09,3.03412,3.04484,-2.42326,3.03561,1.35608,1,0,0
1,0,32,2,6660,110,264,31,2,2,1,25,1492.65,1.67333,1.91837,2.62277,1.29931,2.75127,0,0,0
0,0,34,0,3413,76,0,26,2,1,1,25,157.005,0.312146,0.860393,-2.39045,0.632529,-0.933771,0,0,0
0,0,33,0,1360,38,31,18,3,1,2,30,179.92,-1.63668,-0.952622,0.594563,-0.480971,-0.62163,0,0,0
1,0,34,0,2475,47,168,21,2,1,1,25,869.49,-0.547681,-0.407633,2.04165,0.0284585,1.8507,0,0,0
0,0,25,0,1010,30,186,9,2,2,1,25,883.8,-1.9655,-1.38534,2.19867,-1.73481,1.85262,0,0,0
0,0,24,0,1263,33,23,66,4,1,1,45,89.9,-1.71523,-1.1916,0.134755,2.95305,-1.91292,0,0,0
6,0,25,0,395,19,3,5,2,1,2,25,32.13,-2.65251,-2.07033,-1.72841,-2.32693,-2.58589,0,0,0
0,0,24,0,520,4,14,1,4,1,2,45,48.1,-2.49551,-2.76606,-0.574198,-2.75971,-2.41399,0,0,0
5,0,23,0,920,26,12,11,2,1,1,25,96.57,-2.13585,-1.62236,-0.720604,-1.45523,-1.84428,0,0,0
0,0,23,0,2920,55,1,21,3,1,1,30,123,-0.0590021,0.0434573,-1.97108,0.012074,-1.43214,0,0,0
0,0,16,0,1390,20,21,12,2,1,1,25,157.95,-1.56911,-1.92615,0.0142449,-1.33859,-0.92664,0,0,0
11,0,15,0,6087,135,78,40,1,2,1,15,771.21,1.37702,2.24089,1.50956,2.17466,1.51663,0,0,0
7,0,13,0,8627,165,66,38,4,1,1,45,384.8,2.18527,2.53737,1.40561,1.91913,0.946869,1,0,1
3,0,14,2,2547,39,24,17,3,1,1,30,199.44,-0.453702,-0.900241,0.186824,-0.67693,-0.308878,0,0,0
0,0,7,0,4085,34,208,8,3,1,1,30,996.76,0.695283,-1.15478,2.3713,-1.95761,2.16817,0,0,0
0,0,7,0,1182,13,0,5,2,1,1,25,53.775,-1.80437,-2.35194,-2.33353,-2.34768,-2.3288,0,1,1
3,0,36,0,4065,65,0,15,2,1,1,25,185.85,0.67129,0.515741,-2.29105,-0.822785,-0.46541,0,0,0
0,0,37,0,0,0,0,0,2,1,2,25,0,-2.88962,-3.08797,-2.19366,-3.04728,-3.02109,0,0,0
5,0,35,0,2148,54,352,22,2,1,1,25,1683.09,-0.838958,0.0675294,2.80737,0.177533,2.88609,0,0,0
5,0,36,0,3893,60,0,33,1,1,1,15,217.415,0.53437,0.318595,-2.32324,1.58571,-0.0845137,0,0,0
0,0,36,0,2088,52,0,31,1,1,1,15,117.7,-0.87683,-0.143225,-2.19539,1.34303,-1.47823,0,0,0
6,0,36,0,3470,76,25,26,2,1,1,25,272.07,0.351962,0.838272,0.261374,0.731997,0.47816,0,0,0
0,0,36,0,2055,33,278,16,3,1,1,30,1195.52,-0.945019,-1.22314,2.63498,-0.748506,2.4413,0,0,0
8,0,35,1,8810,115,137,41,3,1,1,30,905,2.20831,1.9617,1.82495,2.23853,1.9487,0,0,0
2,0,36,0,13468,163,0,42,3,1,1,30,545.24,2.64242,2.53538,-2.18581,2.28351,1.15758,1,0,1
2,0,36,0,4210,77,0,23,3,1,1,30,171.48,0.79029,0.917408,-2.20678,0.287326,-0.722725,0,0,0
1,0,36,0,5613,89,0,10,2,1,1,25,256.59,1.21713,1.36228,-2.16956,-1.57121,0.293612,0,0,0
4,0,36,0,1933,48,1,15,3,1,2,30,83.24,-1.046,-0.327869,-1.936,-0.867758,-1.99656,0,0,0
20,0,36,2,14835,219,47,30,3,1,1,30,790.16,2.77463,2.90286,1.17511,1.21685,1.56647,1,0,1
0,0,36,0,2790,21,476,6,3,1,1,30,2016.44,-0.201691,-1.88961,3.09941,-2.26992,3.04412,0,0,0
4,0,35,0,15180,176,143,28,2,1,1,25,1334.52,2.86778,2.72548,1.88035,0.88453,2.5792,1,0,0
0,0,35,0,6195,80,179,24,3,1,1,30,967,1.42372,0.997847,2.19186,0.44927,2.14912,0,0,0
0,0,35,0,570,8,0,9,2,1,2,25,26.01,-2.49021,-2.54576,-2.2178,-1.72552,-2.64611,0,0,0
0,0,36,0,405,8,6,6,2,1,2,25,45.585,-2.63506,-2.55574,-1.57138,-2.20459,-2.44729,0,0,0
0,0,35,0,0,0,0,0,2,1,2,25,0,-3.10479,-3.05083,-2.23029,-3.03085,-3.05995,0,1,1
0,0,35,0,7203,121,377,41,2,1,1,25,2026.08,1.94593,2.06719,2.89213,2.25058,3.07065,0,0,0
2,0,35,0,11160,148,4,45,3,1,1,30,468.32,2.5489,2.37013,-1.70669,2.57241,1.08732,1,0,0
3,0,35,0,6413,69,101,35,2,1,1,25,746.19,1.58252,0.654038,1.64183,1.70521,1.48811,0,0,0
18,1,31,0,650,41,9,15,2,1,2,25,71.595,-2.35837,-0.708154,-1.03546,-0.86412,-2.1653,0,1,1
16,0,34,7,10130,87,0,40,4,1,1,45,255.425,2.41202,1.29798,-2.2388,2.10433,0.287504,0,0,0
8,0,34,0,5513,92,19,22,2,1,1,25,337.725,1.11829,1.50235,-0.169568,0.211455,0.830904,0,1,1
0,0,32,0,2535,16,0,12,3,1,1,30,102.04,-0.517367,-2.19068,-2.16723,-1.34524,-1.73099,0,0,0
4,1,33,0,2685,35,2,14,2,1,2,25,131.4,-0.305525,-1.07246,-1.7631,-0.984114,-1.30239,0,1,1
4,0,34,0,1963,38,27,29,3,1,2,30,188.04,-1.03298,-0.916331,0.386818,1.08687,-0.428531,0,1,1
0,1,34,0,0,0,0,0,3,1,2,30,0,-3.08634,-3.0619,-2.17916,-2.9866,-3.04603,0,1,1
0,0,34,0,1363,19,0,4,3,1,1,30,55.28,-1.62675,-2.03616,-2.22027,-2.37827,-2.32987,0,0,0
0,0,31,0,6480,91,7,20,4,1,1,45,181.775,1.54302,1.42406,-1.31886,-0.147482,-0.58413,0,0,0
0,0,34,0,323,1,2,2,4,1,2,45,13.1,-2.65935,-2.85767,-1.79376,-2.66323,-2.79422,0,1,1
0,0,34,0,0,0,0,0,5,1,1,55,0,-3.07186,-2.85144,-2.24381,-3.04895,-3.13547,0,0,0
20,0,29,2,15770,232,0,78,2,1,1,25,720.09,2.99931,3.05113,-2.25452,3.06174,1.40475,1,0,1
1,0,32,2,6660,110,264,31,2,2,1,25,1492.65,1.64247,1.91337,2.53918,1.37004,2.75788,0,0,0
0,0,34,0,3413,76,0,26,2,1,1,25,157.005,0.326049,0.872552,-2.23724,0.711029,-0.915334,0,0,0
0,0,33,0,1360,38,31,18,3,1,2,30,179.92,-1.6244,-0.965274,0.583443,-0.492802,-0.622886,0,0,0
1,0,34,0,2475,47,168,21,2,1,1,25,869.49,-0.542317,-0.358083,2.06566,0.0221986,1.83649,0,0,0
0,0,25,0,1010,30,186,9,2,2,1,25,883.8,-1.9792,-1.4255,2.21071,-1.76057,1.88119,0,0,0
0,0,24,0,1263,33,23,66,4,1,1,45,89.9,-1.7264,-1.23774,0.139775,2.93558,-1.92281,0,0,0
6,0,25,0,395,19,3,5,2,1,2,25,32.13,-2.59165,-2.00515,-1.73249,-2.34596,-2.648,0,0,0
0,0,24,0,520,4,14,1,4,1,2,45,48.1,-2.49985,-2.79084,-0.61148,-2.76816,-2.41108,0,0,0
5,0,23,0,920,26,12,11,2,1,1,25,96.57,-2.10026,-1.6582,-0.783025,-1.46445,-1.82533,0,0,0
0,0,23,0,2920,55,1,21,3,1,1,30,123,-0.0997617,0.0547439,-1.92939,-0.0336846,-1.38946,0,0,0
0,0,16,0,1390,20,21,12,2,1,1,25,157.95,-1.56018,-1.98717,0.00717173,-1.33706,-0.937906,0,0,0
11,0,15,0,6087,135,78,40,1,2,1,15,771.21,1.38457,2.27944,1.49839,2.12827,1.59685,0,0,0
7,0,13,0,8627,165,66,38,4,1,1,45,384.8,2.19243,2.58742,1.43213,1.96793,0.950837,1,0,1
3,0,14,2,2547,39,24,17,3,1,1,30,199.44,-0.443302,-0.883306,0.219174,-0.676699,-0.309389,0,0,0
0,0,7,0,4085,34,208,8,3,1,1,30,996.76,0.714625,-1.18972,2.44197,-1.99715,2.21466,0,0,0
0,0,7,0,1182,13,0,5,2,1,1,25,53.775,-1.8348,-2.31825,-2.23836,-2.30151,-2.31943,0,1,1
13,0,40,1,4675,77,12,19,3,1,1,30,238.08,1.04357,0.920845,-0.678644,-0.310806,0.0921374,0,0,0
5,0,41,0,623,11,14,6,3,1,2,30,81.36,-2.3958,-2.38102,-0.580226,-2.28481,-2.00757,0,0,0
15,0,39,1,2758,66,366,26,3,1,1,30,1576.96,-0.209651,0.520319,2.87085,0.720551,2.78876,0,0,0
15,0,40,1,4503,72,8,37,1,1,1,15,295.625,0.916399,0.738227,-1.16143,1.86507,0.606805,0,0,0
8,0,40,1,2698,64,9,35,2,1,1,25,164.79,-0.310028,0.406354,-0.935942,1.69556,-0.82277,0,0,0
16,0,40,2,4080,88,39,30,3,1,1,30,322.72,0.747889,1.36194,0.905191,1.22967,0.724039,0,0,0
9,0,40,1,2665,45,292,20,3,1,1,30,1276.4,-0.311931,-0.469766,2.69568,-0.169604,2.53725,0,0,0
18,0,39,3,9420,127,151,45,3,1,1,30,985.88,2.3812,2.15134,1.95024,2.57142,2.18983,1,0,1
12,0,40,1,14078,175,7,46,3,1,1,30,598.12,2.73574,2.72997,-1.3351,2.63068,1.2239,1,0,0
12,0,40,2,4820,89,9,27,3,1,1,30,232.36,1.07402,1.34808,-0.971893,0.814344,0.0414638,0,0,0
11,0,40,1,6223,101,14,14,3,1,1,30,308.96,1.40851,1.70043,-0.632319,-0.976312,0.681848,0,0,0
14,1,40,0,2543,60,15,19,3,1,2,30,164.12,-0.508555,0.276354,-0.522723,-0.286795,-0.824542,0,0,0
30,0,40,4,15445,231,61,34,3,2,1,30,871.04,2.93652,3.03544,1.38395,1.63062,1.82096,1,0,0
9,0,40,2,3400,33,490,10,3,1,1,30,2097.32,0.2837,-1.22248,3.06345,-1.58875,3.10555,0,0,0
14,0,39,1,15790,188,157,32,2,1,1,25,1425.51,3.01837,2.86617,2.01204,1.4184,2.68101,1,0,0
8,0,39,2,6805,92,193,28,3,1,1,30,1047.88,1.78928,1.4827,2.24623,1.02204,2.28635,0,0,0
5,0,39,0,1180,20,7,13,2,1,2,25,85.5,-1.85269,-1.95429,-1.33265,-1.22171,-1.96674,0,0,0
7,0,40,0,1015,20,20,10,3,1,2,30,121.4,-1.97748,-1.93125,-0.0574655,-1.65569,-1.44753,0,0,0
5,0,39,0,305,6,7,2,2,1,2,25,45.495,-2.6442,-2.69359,-1.3662,-2.67383,-2.43126,0,1,1
8,0,39,1,7813,133,391,45,3,1,1,30,1881.84,2.09361,2.22893,2.96278,2.54246,2.93239,1,0,1
12,0,39,2,11770,160,18,49,4,1,1,45,343.25,2.62325,2.48573,-0.21064,2.77645,0.801944,1,0,0
13,0,39,2,7023,81,115,39,2,1,1,25,837.18,1.91506,1.04635,1.75355,2.01618,1.76139,0,0,0
28,0,35,0,1260,53,23,19,3,1,2,30,144.52,-1.73256,-0.0923683,0.14701,-0.347441,-1.16594,0,1,1
26,0,38,9,10740,99,8,44,5,1,1,55,174.585,2.48876,1.66131,-1.07521,2.49671,-0.661948,1,0,0
18,0,38,2,6123,104,33,26,2,1,1,25,428.715,1.41926,1.80974,0.678393,0.702343,1.02984,0,0,0
6,0,36,1,3145,28,7,16,3,1,1,30,154.92,0.143459,-1.52208,-1.35994,-0.663315,-0.980291,0,0,0
14,1,37,0,3295,47,16,18,3,1,2,30,197.68,0.242682,-0.354129,-0.400141,-0.434869,-0.369822,0,1,1
14,1,38,0,2573,50,41,33,4,1,2,45,168.075,-0.433189,-0.193495,1.01238,1.46968,-0.730941,0,1,1
5,0,38,0,438,8,7,4,3,1,2,30,45.84,-2.54916,-2.53791,-1.28988,-2.43562,-2.45378,0,1,1
6,0,38,1,1973,31,7,8,4,1,1,45,67.6,-0.998695,-1.39487,-1.31044,-1.96051,-2.19852,0,0,0
8,0,35,2,7090,103,21,24,5,1,1,55,139.395,1.93535,1.78613,-0.000211335,0.445936,-1.2395,0,0,0
5,0,38,0,933,13,16,6,4,1,2,45,63.65,-2.13046,-2.32005,-0.473283,-2.24374,-2.22374,0,1,1
5,0,38,2,643,10,11,4,5,1,1,55,26.295,-2.3869,-2.4551,-0.821353,-2.39987,-2.66224,0,0,0
30,0,33,4,16380,244,7,82,2,2,1,25,779.58,3.1311,3.08464,-1.50718,3.14159,1.54044,1,0,1
11,0,36,4,7270,122,278,35,3,2,1,30,1407.68,1.96904,2.08698,2.63294,1.65203,2.63234,0,0,0
7,0,38,1,4023,88,9,30,3,1,1,30,200.44,0.663632,1.30006,-0.974457,1.15295,-0.326188,0,0,0
8,0,37,0,1970,50,45,22,3,1,2,30,260.8,-0.999209,-0.208763,1.10598,0.193582,0.309886,0,0,0
11,0,38,1,3085,59,182,25,2,1,1,25,960.48,0.0747013,0.24229,2.18335,0.543742,2.14569,0,0,0
9,0,29,2,1620,42,200,13,3,2,1,30,866.48,-1.36196,-0.671974,2.34375,-1.23056,1.76646,0,0,0
9,0,28,1,1873,45,37,70,5,1,1,55,84.27,-1.13516,-0.484876,0.857217,2.97033,-1.94196,0,0,0
16,0,29,0,1005,31,17,9,3,1,2,30,109.44,-1.99008,-1.33715,-0.294066,-1.74884,-1.63493,0,0,0
5,0,28,0,1130,16,28,5,4,1,2,45,98.65,-1.8469,-2.11759,0.428993,-2.36102,-1.80169,0,0,0
15,0,27,1,1530,38,26,15,2,1,1,25,187.56,-1.42605,-0.927117,0.29919,-0.834006,-0.475146,0,0,0
7,0,27,1,3530,67,15,25,3,1,1,30,203.88,0.406223,0.532975,-0.507531,0.556851,-0.249411,0,0,0
7,0,20,1,2000,32,35,16,3,1,1,30,221.28,-0.97716,-1.32717,0.77592,-0.767713,-0.0694068,0,0,0
21,0,19,2,6698,147,92,44,2,2,1,25,722.025,1.70473,2.36982,1.56643,2.44624,1.37328,0,0,0
17,0,17,1,9238,177,80,42,5,1,1,55,261.225,2.33502,2.73491,1.51131,2.29116,0.344598,1,0,0
13,0,18,4,3158,51,38,21,3,2,1,30,280.36,0.14761,-0.140634,0.851479,-0.0405137,0.476838,0,0,0
7,0,11,2,4695,46,222,12,3,1,1,30,1077.64,1.05071,-0.439402,2.47341,-1.23602,2.33629,0,0,0
8,1,11,2,1793,25,7,9,3,1,1,30,100.72,-1.19345,-1.67531,-1.33607,-1.78168,-1.73478,0,1,1
16,0,42,2,4735,80,17,21,3,1,1,30,260.6,1.05752,1.01012,-0.268473,0.0643861,0.323493,0,0,0
8,0,43,2,683,14,19,8,3,1,1,30,103.88,-2.37144,-2.2627,-0.107263,-1.97909,-1.71373,0,0,0
18,0,41,2,2818,69,371,28,3,1,1,30,1599.48,-0.15701,0.626734,2.90073,0.930041,2.81679,0,0,0
18,0,42,2,4563,75,13,39,1,1,1,15,326.59,0.968647,0.833655,-0.630918,2.04155,0.724958,0,0,0
11,0,42,2,2758,67,14,37,2,1,1,25,190.125,-0.243664,0.572656,-0.589026,1.90133,-0.415494,0,0,0
19,0,42,3,4140,91,44,32,3,1,1,30,345.24,0.752363,1.44645,1.07788,1.40902,0.841735,0,0,0
12,0,42,2,2725,48,297,22,4,1,1,45,811.825,-0.287141,-0.334379,2.69667,0.111391,1.61871,0,0,0
21,0,41,4,9480,130,156,47,3,1,1,30,1008.4,2.32825,2.21015,1.98264,2.69435,2.21901,1,0,1
15,0,42,2,14138,178,12,48,3,1,1,30,620.64,2.74167,2.75706,-0.695645,2.7136,1.23506,1,0,0
15,0,42,3,4880,92,14,29,4,1,1,45,159.3,1.06893,1.46327,-0.610392,1.01849,-0.868558,0,0,0
14,0,42,2,6283,104,19,16,3,1,1,30,331.48,1.46491,1.8385,-0.189937,-0.770264,0.775316,0,0,0
17,0,42,2,2603,63,20,21,4,1,1,45,116.65,-0.383366,0.419418,-0.018978,-0.0287613,-1.52038,0,0,0
33,0,42,5,15505,234,66,36,3,2,1,30,893.56,2.93434,3.07495,1.41523,1.79723,1.86763,1,0,0
12,0,42,3,3460,36,495,12,4,1,1,45,1324.9,0.358073,-1.04693,3.12327,-1.24055,2.53379,0,0,0
17,0,41,2,15850,191,162,34,2,1,1,25,1450.85,3.03195,2.88968,2.02355,1.5848,2.66518,1,0,1
11,0,41,3,6865,95,198,30,3,1,1,30,1070.4,1.79538,1.55192,2.3493,1.1846,2.31298,0,0,0
8,0,41,2,1240,23,12,15,2,1,1,25,110.835,-1.76173,-1.84341,-0.804391,-0.833774,-1.59847,0,0,0
10,0,42,2,1075,23,25,12,3,1,1,30,143.92,-1.9628,-1.80797,0.283037,-1.26469,-1.17643,0,0,0
8,0,41,2,365,9,12,4,3,1,1,30,62.96,-2.63565,-2.51647,-0.751485,-2.42963,-2.24503,0,1,1
11,0,41,2,7873,136,396,47,3,1,1,30,1904.36,2.0987,2.27601,2.95429,2.7174,2.91284,1,0,0
15,0,41,3,11830,163,23,51,4,1,1,45,357.325,2.61693,2.55958,0.14155,2.82129,0.884623,1,0,0
16,0,41,3,7083,84,120,41,2,1,1,25,862.515,1.88793,1.15909,1.75184,2.17779,1.79285,1,0,0
31,1,37,2,1320,56,28,21,3,1,1,30,167.04,-1.63221,0.118941,0.392903,-0.0318957,-0.784612,0,1,1
29,1,40,10,10800,102,13,46,5,2,1,55,183.03,2.50211,1.76667,-0.683135,2.59731,-0.527422,1,0,1
21,0,40,3,6183,107,38,28,3,1,1,30,403.6,1.43716,1.84366,0.888236,0.991864,1.00018,1,0,1
9,0,38,2,3205,31,12,18,3,1,1,30,177.44,0.168279,-1.36677,-0.803652,-0.417094,-0.627981,0,0,0
17,1,39,2,3355,50,21,20,3,1,1,30,220.2,0.268998,-0.172771,-0.018951,-0.110154,-0.0606859,0,1,1
17,0,40,2,2633,53,46,35,4,1,1,45,182.15,-0.353393,-0.0294003,1.1317,1.66667,-0.549626,0,1,1
8,0,40,2,498,11,12,6,3,1,1,30,68.36,-2.52084,-2.39754,-0.753442,-2.27564,-2.15674,0,1,1
9,0,40,2,2033,34,12,10,4,1,1,45,81.675,-0.922347,-1.22315,-0.729693,-1.61136,-1.98687,0,0,0
11,0,37,3,7150,106,26,26,5,1,1,55,147.84,1.92371,1.82085,0.347538,0.67822,-1.10926,0,0,0
8,1,40,2,993,16,21,8,4,1,1,45,77.725,-2.03637,-2.19219,-0.0201978,-1.96516,-2.0579,0,1,1
8,0,40,3,703,13,16,6,5,1,1,55,34.74,-2.32404,-2.26856,-0.364767,-2.12851,-2.57359,0,0,0
33,0,35,5,16440,247,12,84,2,2,1,25,804.915,3.1193,3.11902,-0.705802,3.09452,1.63592,1,0,1
14,0,38,5,7330,125,283,37,3,2,1,30,1430.2,2.03447,2.13887,2.66472,1.92609,2.63019,1,0,1
10,0,40,2,4083,91,14,32,3,1,1,30,222.96,0.69694,1.43731,-0.541901,1.37653,-0.0641743,0,0,0
11,0,39,2,2030,53,50,24,4,1,1,45,177.075,-0.968687,-0.0334297,1.21481,0.410337,-0.622771,0,0,0
14,0,40,2,3145,62,187,27,2,1,1,25,985.815,0.107151,0.370263,2.22184,0.78063,2.11788,0,0,0
12,0,31,3,1680,45,205,15,3,2,1,30,889,-1.33069,-0.487034,2.39023,-0.86586,1.89522,0,0,0
12,0,30,2,1933,48,42,72,5,1,1,55,92.715,-1.03678,-0.330437,1.05124,3.00695,-1.88775,0,0,0
19,0,31,2,1065,34,22,11,3,1,1,30,131.96,-1.92196,-1.22167,0.0448854,-1.42496,-1.27919,0,0,0
8,0,30,2,1190,19,33,7,4,1,1,45,112.725,-1.81558,-2.0914,0.679616,-2.04884,-1.5341,0,0,0
18,0,29,2,1590,41,31,17,2,1,1,25,212.895,-1.35978,-0.746217,0.556233,-0.574342,-0.199238,0,0,0
10,0,29,2,3590,70,20,27,3,1,1,30,226.4,0.438187,0.660834,-0.0783929,0.80014,-0.019153,0,0,0
10,0,22,2,2060,35,40,18,3,1,1,30,243.8,-0.929489,-1.11529,0.970245,-0.457529,0.149735,0,0,0
24,0,21,3,6758,150,97,46,2,2,1,25,747.36,1.74417,2.42406,1.64977,2.62947,1.48249,1,0,0
20,0,19,2,9298,180,85,44,5,1,1,55,269.67,2.301,2.82594,1.57408,2.4572,0.438602,1,0,1
16,0,20,5,3218,54,43,23,3,2,1,30,302.88,0.145449,0.00391445,1.0404,0.319996,0.598342,0,0,0
10,0,13,3,4755,49,227,14,3,1,1,30,1100.16,1.03615,-0.212091,2.49743,-1.00363,2.41204,0,0,0
11,1,13,3,1853,28,12,11,3,1,1,30,123.24,-1.17786,-1.50373,-0.727271,-1.41682,-1.42037,0,1,1
10,0,38,1,4615,74,7,17,3,1,1,30,215.56,0.962164,0.807331,-1.32922,-0.568709,-0.146658,0,0,0
5,0,39,0,563,8,9,4,3,1,2,30,58.84,-2.45193,-2.54677,-1.03327,-2.42237,-2.26428,0,0,0
12,0,37,1,2698,63,361,24,3,1,1,30,1554.44,-0.326832,0.402529,2.86196,0.348213,2.7764,0,0,0
12,0,38,1,4443,69,7,35,1,1,1,15,286.66,0.915501,0.617238,-1.33381,1.69465,0.527178,0,0,0
5,0,38,1,2638,61,7,33,2,1,1,25,152.955,-0.382819,0.304667,-1.34084,1.4909,-0.986245,0,0,0
13,0,38,1,4020,85,34,28,3,1,1,30,300.2,0.675458,1.18105,0.76602,1.00175,0.600033,0,0,0
6,0,38,1,2605,42,287,18,3,1,1,30,1253.88,-0.373814,-0.693412,2.67891,-0.48827,2.4726,0,0,0
15,0,37,2,9360,124,146,43,3,1,1,30,963.36,2.33683,2.11448,1.86956,2.40402,2.08456,0,0,0
9,0,38,1,14018,172,7,44,3,1,1,30,595.6,2.74545,2.6685,-1.31515,2.43251,1.21974,1,0,0
9,0,38,1,4760,86,7,25,3,1,1,30,221.84,1.02894,1.18549,-1.3157,0.526735,-0.0503179,0,0,0
8,0,38,1,6163,98,9,12,3,1,1,30,286.44,1.409,1.65468,-1.02822,-1.35434,0.521608,0,0,0
11,0,38,0,2483,57,10,17,3,1,2,30,141.6,-0.507844,0.176624,-0.919319,-0.635179,-1.1761,0,0,0
27,0,38,3,15385,228,56,32,3,1,1,30,848.52,2.92094,2.95095,1.28643,1.4447,1.7837,1,0,1
6,0,38,1,3340,30,485,8,3,1,1,30,2074.8,0.273149,-1.44913,3.07927,-2.00028,3.07457,0,0,0
11,0,37,1,15730,185,152,30,2,1,1,25,1400.17,2.95509,2.83648,1.92701,1.14781,2.66592,1,0,0
5,0,37,1,6745,89,188,26,3,1,1,30,1025.36,1.75015,1.3496,2.25058,0.661555,2.26986,0,0,0
5,0,37,0,1120,17,7,11,2,1,2,25,82.665,-1.89261,-2.13701,-1.30209,-1.43621,-1.99874,0,0,0
5,0,38,0,955,17,15,8,3,1,2,30,98.88,-2.08688,-2.09339,-0.465341,-1.95804,-1.79549,0,0,0
5,0,37,0,305,6,7,2,2,1,2,25,45.495,-2.70217,-2.64453,-1.29886,-2.64929,-2.46759,0,1,1
5,0,37,1,7753,130,386,43,3,1,1,30,1859.32,2.12418,2.20792,2.91702,2.42593,2.90311,1,0,1
9,0,37,1,11710,157,13,47,4,1,1,45,329.175,2.578,2.47288,-0.644677,2.69253,0.735352,1,0,1
10,0,37,1,6963,78,110,37,2,1,1,25,811.845,1.81125,0.947892,1.71595,1.87292,1.64894,0,0,0
25,1,33,0,1200,50,18,17,3,1,2,30,122,-1.79103,-0.211282,-0.186295,-0.588266,-1.44304,0,1,1
23,0,36,8,10680,96,7,42,5,1,1,55,172.14,2.46016,1.60401,-1.28226,2.32532,-0.665362,1,0,0
15,0,36,1,6063,101,28,24,2,1,1,25,403.38,1.30707,1.71283,0.407798,0.396249,0.97266,0,0,0
5,0,34,1,3085,25,7,14,3,1,1,30,152.4,0.0823357,-1.74711,-1.3052,-1.03293,-1.02697,0,0,0
11,0,35,0,3235,44,11,16,3,1,2,30,175.16,0.140355,-0.569927,-0.796672,-0.76658,-0.641313,0,1,1
11,1,36,0,2513,47,36,31,3,1,2,30,246.4,-0.541228,-0.350217,0.810881,1.35106,0.197767,0,1,1
5,0,36,0,305,6,7,2,3,1,2,30,40.44,-2.72326,-2.64606,-1.2904,-2.66202,-2.45919,0,1,1
5,0,36,1,1913,28,7,6,4,1,1,45,66.025,-1.07707,-1.51209,-1.36017,-2.18789,-2.21243,0,0,0
5,0,33,1,7030,100,16,22,5,1,1,55,130.95,1.86683,1.69185,-0.42013,0.168796,-1.36199,0,0,0
5,0,36,0,873,10,11,4,4,1,2,45,49.575,-2.21002,-2.49051,-0.854089,-2.39043,-2.41934,0,1,1
5,0,36,1,305,6,7,2,5,1,1,55,15.165,-2.7039,-2.68797,-1.33559,-2.65673,-2.7459,0,0,0
27,0,31,3,16320,241,7,80,2,1,1,25,776.745,3.11185,3.10651,-1.36114,3.0651,1.51364,1,0,1
8,0,34,3,7210,119,273,33,2,2,1,25,1558.31,1.96066,2.02962,2.60669,1.55115,2.80402,1,0,0
5,0,36,1,3963,85,7,28,3,1,1,30,189.92,0.630536,1.19238,-1.35187,1.00858,-0.412533,0,0,0
5,0,35,0,1910,47,40,20,3,1,2,30,238.28,-1.07204,-0.335359,0.951112,-0.165397,0.077819,0,0,0
8,0,36,1,3025,56,177,23,2,1,1,25,935.145,0.0561023,0.132423,2.14615,0.310821,2.02239,0,0,0
6,0,27,1,1560,39,195,11,2,2,1,25,949.455,-1.35778,-0.917004,2.30358,-1.504,2.05682,0,0,0
6,0,26,1,1813,42,32,68,4,1,1,45,126.375,-1.20328,-0.675294,0.640392,2.94538,-1.34908,0,0,0
13,0,27,0,945,28,12,7,3,1,2,30,86.92,-2.10101,-1.51882,-0.715634,-2.0157,-1.9606,0,0,0
5,0,26,0,1070,13,23,3,4,1,2,45,84.575,-1.99688,-2.28793,0.150558,-2.57984,-1.93215,0,0,0
12,0,25,1,1470,35,21,13,2,1,1,25,162.225,-1.51705,-1.13779,-0.0596588,-1.21734,-0.865313,0,0,0
5,0,25,1,3470,64,10,23,3,1,1,30,181.36,0.349966,0.451447,-0.870371,0.276271,-0.551656,0,0,0
5,0,18,1,1940,29,30,14,2,1,1,25,223.605,-1.03745,-1.48172,0.517734,-1.03914,-0.0498675,0,0,0
18,0,17,1,6638,144,87,42,2,2,1,25,696.69,1.66902,2.37169,1.55498,2.39831,1.30523,0,0,0
14,0,15,1,9178,174,75,40,5,1,1,55,252.78,2.28607,2.73915,1.52673,2.12208,0.246585,1,0,0
10,0,16,3,3098,48,33,19,3,1,1,30,257.84,0.0593256,-0.273351,0.664694,-0.372971,0.314299,0,0,0
5,0,9,1,4635,43,217,10,3,1,1,30,1055.12,1.01975,-0.587676,2.49261,-1.64335,2.32362,0,0,0
5,1,9,1,1733,22,7,7,3,1,1,30,98.2,-1.2563,-1.83107,-1.36693,-2.02037,-1.7731,0,1,1
14,0,44,2,4755,79,22,23,3,1,1,30,281.36,1.04467,0.9977,0.0751685,0.300877,0.479724,0,0,0
6,0,45,0,703,13,24,10,3,1,2,30,124.64,-2.27829,-2.29117,0.19965,-1.54018,-1.38624,0,0,0
16,0,43,2,2838,68,376,30,3,1,1,30,1620.24,-0.182703,0.593729,2.88871,1.15398,2.8432,0,0,0
16,0,44,2,4583,74,18,41,1,1,1,15,355.135,0.993075,0.778509,-0.171041,2.23104,0.845122,0,0,0
9,0,44,2,2778,66,19,39,2,1,1,25,213.48,-0.23639,0.537424,-0.149177,2.03586,-0.164381,0,0,0
17,0,44,3,4160,90,49,34,3,1,1,30,366,0.742698,1.39076,1.19879,1.67688,0.875254,1,0,0
10,0,44,2,2745,47,302,24,4,1,1,45,824.8,-0.266856,-0.404244,2.7816,0.365755,1.69429,0,0,0
19,0,43,4,9500,129,161,49,3,1,1,30,1029.16,2.3579,2.20793,2.0055,2.74602,2.25072,1,0,1
13,0,44,2,14158,177,17,50,3,1,1,30,641.4,2.78989,2.74701,-0.249007,2.78481,1.255,1,0,0
13,0,44,3,4900,91,19,31,3,1,1,30,275.64,1.09454,1.45462,-0.100218,1.28925,0.458175,0,0,0
12,0,44,2,6303,103,24,18,3,1,1,30,352.24,1.46581,1.75,0.174275,-0.456457,0.80155,1,0,0
15,1,44,0,2623,62,25,23,3,1,2,30,207.4,-0.34984,0.399183,0.268397,0.279145,-0.22579,0,0,0
31,0,44,5,15525,233,71,38,3,1,1,30,914.32,2.94959,3.05547,1.43234,2.00012,1.96274,1,0,0
10,0,44,3,3480,35,500,14,4,1,1,45,1337.88,0.368509,-1.15038,3.0924,-1.06896,2.55268,0,0,0
15,0,43,2,15870,190,167,36,2,1,1,25,1474.2,3.02845,2.88936,2.09576,1.84649,2.71572,1,0,1
9,0,43,3,6885,94,203,32,3,1,1,30,1091.16,1.84978,1.54062,2.36019,1.50942,2.34141,0,0,0
6,0,43,0,1260,22,17,17,2,1,2,25,134.19,-1.74856,-1.84526,-0.276921,-0.611209,-1.24992,0,0,0
8,0,44,0,1095,22,30,14,3,1,2,30,164.68,-1.92793,-1.86047,0.56629,-1.0288,-0.847826,0,0,0
6,0,43,0,385,8,17,6,2,1,2,25,94.185,-2.63522,-2.57792,-0.288824,-2.15988,-1.85716,0,1,1
9,0,43,2,7893,135,401,49,3,1,1,30,1925.12,2.12524,2.26149,3.01061,2.76956,2.93255,1,0,1
13,0,43,3,11850,162,28,53,4,1,1,45,370.3,2.60604,2.53654,0.447714,2.86464,0.858961,1,0,0
14,0,43,3,7103,83,125,43,2,1,1,25,885.87,1.92556,1.15992,1.74914,2.40169,1.87391,0,0,0
29,1,39,0,1340,55,33,23,3,1,2,30,187.8,-1.66706,0.0773967,0.635581,0.320328,-0.479881,0,1,1
27,0,42,10,10820,101,18,48,5,1,1,55,190.815,2.48165,1.73476,-0.211082,2.68696,-0.416351,1,0,0
19,0,42,3,6203,106,43,30,3,1,1,30,424.36,1.38997,1.87498,1.05706,1.19377,1.00277,0,0,0
7,0,40,2,3225,30,17,20,3,1,1,30,198.2,0.134327,-1.4395,-0.335309,-0.196238,-0.336331,0,0,0
15,1,41,0,3375,49,26,22,3,1,2,30,240.96,0.288708,-0.227228,0.30331,0.218787,0.114367,0,1,1
15,1,42,0,2653,52,51,37,4,1,2,45,195.125,-0.348616,-0.0829749,1.20228,1.8523,-0.335182,0,1,1
6,0,42,0,518,10,17,8,3,1,2,30,89.12,-2.50773,-2.41338,-0.332066,-1.96295,-1.9033,0,1,1
7,0,42,2,2053,33,17,12,4,1,1,45,94.65,-0.938903,-1.25362,-0.314652,-1.34193,-1.83986,0,0,0
9,0,39,3,7170,105,31,28,5,1,1,55,155.625,1.92612,1.83467,0.609929,0.976675,-0.959272,1,0,0
6,1,42,0,1013,15,26,10,4,1,2,45,90.7,-2.00972,-2.21308,0.313227,-1.5242,-1.89477,0,1,1
6,0,42,3,723,12,21,8,5,1,1,55,42.525,-2.26051,-2.36837,-0.00462,-1.94951,-2.50225,0,0,0
31,0,37,5,16460,246,17,86,2,1,1,25,828.27,3.09962,3.13414,-0.328336,3.11195,1.67191,1,0,1
12,0,40,5,7350,124,288,39,3,2,1,30,1450.96,2.00706,2.08989,2.68158,2.00861,2.70374,0,0,0
8,0,42,2,4103,90,19,34,3,1,1,30,243.72,0.745031,1.37673,-0.116148,1.61527,0.152448,0,0,0
9,1,41,0,2050,52,55,26,4,1,2,45,190.05,-0.943741,-0.0517815,1.28847,0.627923,-0.438988,0,0,0
12,0,42,2,3165,61,192,29,2,1,1,25,1009.17,0.17032,0.324144,2.27365,1.0179,2.21148,0,0,0
10,0,33,3,1700,44,210,17,3,2,1,30,909.76,-1.27739,-0.53118,2.42151,-0.59973,1.92445,0,0,0
10,0,32,2,1953,47,47,74,5,1,1,55,100.5,-1.09201,-0.357806,1.1246,3.04478,-1.7637,0,0,0
17,0,33,0,1085,33,27,13,3,1,2,30,152.72,-1.94082,-1.20431,0.352916,-1.23515,-1.04054,0,0,0
6,0,32,0,1210,18,38,9,4,1,2,45,125.7,-1.77518,-2.04929,0.848492,-1.70842,-1.38241,0,0,0
16,0,31,2,1610,40,36,19,2,1,1,25,236.25,-1.37006,-0.835246,0.772691,-0.212061,0.105523,0,0,0
8,0,31,2,3610,69,25,29,3,1,1,30,247.16,0.471007,0.583711,0.255118,1.04488,0.194341,0,0,0
8,0,24,2,2080,34,45,20,3,1,1,30,264.56,-0.892384,-1.19992,1.07518,-0.157142,0.367282,0,0,0
22,0,23,3,6778,149,102,48,2,2,1,25,770.715,1.75999,2.39119,1.65727,2.71934,1.5135,0,0,0
18,0,21,2,9318,179,90,46,5,1,1,55,277.455,2.3474,2.78253,1.59688,2.58946,0.462731,1,0,1
14,0,22,5,3238,53,48,25,3,2,1,30,323.64,0.213044,-0.0797986,1.15546,0.480528,0.751926,0,0,0
8,0,15,3,4775,48,232,16,3,1,1,30,1120.92,1.04137,-0.334495,2.51285,-0.664992,2.40267,0,0,0
9,1,15,3,1873,27,17,13,3,1,1,30,144,-1.10418,-1.56837,-0.344462,-1.22435,-1.16587,0,1,1
12,0,36,1,4595,75,7,15,3,1,1,30,214.8,0.962655,0.818359,-1.39136,-0.850801,-0.136335,0,0,0
5,0,37,0,305,6,7,2,3,1,2,30,40.44,-2.70867,-2.69106,-1.40293,-2.63819,-2.56416,0,0,0
14,0,35,1,2678,64,356,22,3,1,1,30,1533.68,-0.313907,0.402069,2.79797,0.187077,2.78319,0,0,0
14,0,36,1,4423,70,7,33,2,1,1,25,233.685,0.886545,0.663379,-1.38695,1.48842,0.0722595,0,0,0
7,0,36,1,2618,62,7,31,2,1,1,25,152.1,-0.369929,0.37044,-1.40389,1.28652,-1.05772,0,0,0
15,0,36,1,4000,86,29,26,3,1,1,30,279.44,0.630258,1.24365,0.493493,0.77533,0.493344,0,0,0
8,0,36,1,2585,43,282,16,3,1,1,30,1233.12,-0.390738,-0.598692,2.71934,-0.660542,2.52534,0,0,0
17,0,35,2,9340,125,141,41,3,1,1,30,942.6,2.34046,2.13763,1.87115,2.24484,2.06377,1,0,0
11,0,36,1,13998,173,7,42,3,1,1,30,594.84,2.70604,2.70865,-1.37854,2.30111,1.21338,1,0,0
11,0,36,1,4740,87,7,23,3,1,1,30,221.08,1.00277,1.28565,-1.35598,0.206832,-0.0961633,0,0,0
10,0,36,1,6143,99,7,10,3,1,1,30,277.68,1.39127,1.67759,-1.41127,-1.53965,0.493965,0,0,0
13,0,36,0,2463,58,7,15,3,1,2,30,128.84,-0.569809,0.17024,-1.36806,-0.823009,-1.31287,0,0,0
29,0,36,3,15365,229,51,30,3,1,1,30,827.76,2.92632,2.97417,1.22838,1.20371,1.72207,1,0,1
8,0,36,1,3320,31,480,6,3,1,1,30,2054.04,0.265713,-1.37952,3.03183,-2.19152,3.07154,0,0,0
13,0,35,1,15710,186,147,28,2,1,1,25,1376.82,2.98278,2.8537,1.93208,0.957769,2.56595,1,0,0
7,0,35,1,6725,90,183,24,3,1,1,30,1004.6,1.72718,1.38299,2.16905,0.416386,2.20165,0,0,0
5,0,35,0,1100,18,7,9,2,1,2,25,81.81,-1.93522,-2.092,-1.38773,-1.73583,-1.99862,0,0,0
6,0,36,0,935,18,10,6,3,1,2,30,78.12,-2.07971,-2.09488,-0.851845,-2.26381,-2.04991,0,0,0
5,0,35,0,305,6,7,2,2,1,2,25,45.495,-2.71522,-2.64324,-1.38702,-2.56883,-2.48618,0,1,1
7,0,35,1,7733,131,381,41,3,1,1,30,1838.56,2.0912,2.19941,2.92319,2.24086,2.90876,0,0,0
11,0,35,1,11690,158,8,45,4,1,1,45,316.2,2.59126,2.46654,-1.16663,2.53254,0.736914,1,0,1
12,0,35,1,6943,79,105,35,2,1,1,25,788.49,1.81514,0.962647,1.67413,1.74071,1.53666,0,0,0
27,1,31,0,1180,51,13,15,3,1,2,30,101.24,-1.86334,-0.148378,-0.662747,-0.889295,-1.78065,0,1,1
25,0,34,8,10660,97,7,40,5,1,1,55,171.855,2.45884,1.62732,-1.37052,2.14787,-0.695615,1,0,1
17,0,34,1,6043,102,23,22,2,1,1,25,380.025,1.3444,1.77621,0.103995,0.176901,0.909923,0,0,0
5,0,32,1,3065,26,7,12,3,1,1,30,151.64,0.0365044,-1.61366,-1.37251,-1.39663,-1.02944,0,0,0
13,1,33,0,3215,45,7,14,3,1,2,30,158.4,0.183081,-0.4623,-1.38092,-1.00273,-0.859034,0,1,1
13,1,34,0,2493,48,31,29,3,1,2,30,225.64,-0.542439,-0.31747,0.585383,1.04307,-0.0466552,0,1,1
5,0,34,0,305,6,7,2,3,1,2,30,40.44,-2.69793,-2.61743,-1.3466,-2.58085,-2.50977,0,1,1
5,0,34,1,1893,29,7,4,4,1,1,45,65.55,-1.10408,-1.45183,-1.37405,-2.50573,-2.241,0,0,0
7,0,31,1,7010,101,11,20,5,1,1,55,123.165,1.89804,1.75807,-0.792664,-0.143339,-1.417,0,0,0
5,0,34,0,305,6,7,2,4,1,2,45,25.275,-2.67232,-2.62156,-1.35855,-2.59854,-2.72032,0,1,1
5,0,34,1,305,6,7,2,5,1,1,55,15.165,-2.68439,-2.6484,-1.32226,-2.58665,-2.75383,0,0,0
29,0,29,3,16300,242,7,78,2,1,1,25,775.89,3.12037,3.13424,-1.33715,3.02442,1.5262,1,0,1
10,0,32,3,7190,120,268,31,3,2,1,30,1364.4,1.90612,2.03065,2.56261,1.27482,2.59725,0,0,0
6,0,34,1,3943,86,7,26,3,1,1,30,189.16,0.58621,1.2334,-1.34842,0.711314,-0.457999,0,0,0
7,0,33,0,1890,48,35,18,3,1,2,30,217.52,-1.14678,-0.303688,0.794096,-0.455277,-0.145017,0,0,0
10,0,34,1,3005,57,172,21,2,1,1,25,911.79,0.000848547,0.163211,2.07123,0.0636541,1.94103,0,0,0
8,0,25,1,1540,40,190,9,3,2,1,30,823.2,-1.44248,-0.809729,2.30277,-1.75545,1.65639,0,0,0
8,0,24,1,1793,43,27,66,4,1,1,45,113.4,-1.17622,-0.607546,0.359187,2.88337,-1.57354,0,0,0
15,0,25,0,925,29,7,5,3,1,2,30,66.16,-2.10449,-1.51755,-1.32299,-2.29637,-2.20975,0,0,0
5,0,24,0,305,6,18,2,4,1,2,45,52.775,-2.75272,-2.65922,-0.256453,-2.69706,-2.34364,0,0,0
14,0,23,1,1450,36,16,11,2,1,1,25,138.87,-1.50031,-1.03372,-0.460789,-1.4797,-1.2417,0,0,0
6,0,23,1,3450,65,7,21,3,1,1,30,168.6,0.34665,0.494512,-1.31081,0.0535496,-0.720984,0,0,0
6,0,16,1,1920,30,25,12,2,1,1,25,200.25,-1.04283,-1.40848,0.297894,-1.34895,-0.324133,0,0,0
20,0,15,1,6618,145,82,40,2,2,1,25,673.335,1.68539,2.37172,1.5349,2.15354,1.28748,1,0,1
16,0,13,1,9158,175,70,38,5,1,1,55,244.995,2.269,2.74843,1.45433,1.93428,0.195013,1,0,0
12,0,14,3,3078,49,28,17,3,1,1,30,237.08,0.0817369,-0.245175,0.432788,-0.628648,0.0988314,0,0,0
6,0,7,1,4615,44,212,8,3,1,1,30,1034.36,0.974465,-0.487714,2.41255,-1.92833,2.27736,0,0,0
7,1,7,1,1713,23,7,5,3,1,1,30,97.44,-1.27912,-1.79226,-1.30202,-2.30592,-1.80298,0,1,1
18,0,46,2,4935,87,27,25,3,1,1,30,308.88,1.08221,1.28672,0.363728,0.528444,0.623408,0,0,0
10,0,47,0,883,21,29,12,3,1,2,30,152.16,-2.14666,-1.93208,0.496569,-1.32075,-1.02793,0,0,0
20,0,45,2,3018,76,381,32,3,1,1,30,1647.76,0.0086214,0.900216,2.95453,1.48526,2.83128,0,0,0
20,0,46,2,4763,82,23,43,1,1,1,15,392.975,1.05192,1.08491,0.142252,2.36814,0.946325,0,0,0
13,0,46,2,2958,74,24,41,2,1,1,25,244.44,-0.0823989,0.779985,0.196405,2.28748,0.157283,0,0,0
21,0,46,3,4340,98,54,36,3,1,1,30,393.52,0.828518,1.63015,1.25775,1.81849,0.974536,0,0,0
14,0,46,2,2925,55,307,26,4,1,1,45,842,-0.0865946,0.0268159,2.70746,0.733579,1.71611,0,0,0
23,0,45,4,9680,137,166,51,3,1,1,30,1056.68,2.32287,2.31325,2.05281,2.81967,2.32299,1,0,1
17,0,46,2,14338,185,22,52,3,1,1,30,668.92,2.73808,2.85207,0.0390521,2.87083,1.28926,1,0,0
17,0,46,3,5080,99,24,33,4,1,1,45,189.475,1.07631,1.70105,0.255067,1.47513,-0.419309,0,0,0
16,0,46,2,6483,111,29,20,3,1,1,30,379.76,1.57771,1.90251,0.451208,-0.118697,0.916814,1,0,0
19,0,46,0,2803,70,30,25,4,1,2,45,146.825,-0.163744,0.651719,0.532552,0.622947,-1.11655,0,0,0
35,0,46,5,15705,241,76,40,3,1,1,30,941.84,2.97819,3.06672,1.49243,2.17602,2.04351,1,0,0
14,0,46,3,3660,43,505,16,4,1,1,45,1355.08,0.463222,-0.652519,3.14159,-0.732218,2.57822,0,0,0
19,0,45,2,16050,198,172,38,2,1,1,25,1505.16,3.09577,2.87999,2.05758,1.92051,2.73573,1,0,1
13,0,45,3,7065,102,208,34,4,1,1,45,699.175,1.9369,1.76006,2.40134,1.64655,1.35291,0,0,0
10,0,45,0,1440,30,22,19,3,1,2,30,146.8,-1.5488,-1.36718,0.0594466,-0.228018,-1.15818,0,0,0
12,0,46,0,1275,30,35,16,3,1,2,30,192.2,-1.70514,-1.36591,0.75483,-0.669299,-0.407046,0,0,0
10,0,45,0,565,16,22,8,3,1,2,30,111.24,-2.48944,-2.17782,0.0402261,-1.92364,-1.61774,0,1,1
13,0,45,2,8073,143,406,51,3,1,1,30,1952.64,2.15693,2.32899,3.00905,2.79978,2.96637,1,0,0
17,0,45,3,12030,170,33,55,4,1,1,45,387.5,2.63351,2.63216,0.691533,2.85267,0.961021,1,0,0
18,0,45,3,7283,91,130,45,2,1,1,25,916.83,2.01657,1.45612,1.81434,2.57176,1.96822,0,0,0
33,1,41,0,1520,63,38,25,3,1,2,30,215.32,-1.49357,0.382457,0.864096,0.544313,-0.109822,0,1,1
31,0,44,10,11000,109,23,50,5,1,1,55,201.135,2.48065,1.89666,0.15537,2.79431,-0.23043,1,0,0
23,0,44,3,6383,114,48,32,3,1,1,30,451.88,1.51291,1.95179,1.20901,1.41454,1.04265,0,0,0
11,0,42,2,3405,38,22,22,4,1,1,45,141.075,0.295365,-0.957913,0.0633053,0.172935,-1.22305,0,0,0
19,1,43,0,3555,57,31,24,3,1,2,30,268.48,0.426513,0.223291,0.580491,0.412769,0.413574,0,1,1
19,1,44,0,2833,60,56,39,4,1,2,45,212.325,-0.128624,0.262278,1.27758,2.03261,-0.160731,0,1,1
10,0,44,0,698,18,22,10,3,1,2,30,116.64,-2.30897,-2.12378,-0.0228894,-1.59434,-1.55978,0,1,1
11,0,44,2,2233,41,22,14,4,1,1,45,111.85,-0.759092,-0.709082,0.0622439,-0.994627,-1.5927,0,0,0
13,0,41,3,7350,113,36,30,5,1,1,55,165.945,2.04111,1.92924,0.776038,1.21597,-0.780246,0,0,0
10,1,44,0,1193,23,31,12,4,1,2,45,107.9,-1.84347,-1.77049,0.582491,-1.35202,-1.65557,0,1,1
10,0,44,3,903,20,26,10,5,1,1,55,52.845,-2.1353,-1.96653,0.352056,-1.5676,-2.33003,0,0,0
35,0,39,5,16640,254,22,88,2,2,1,25,859.23,3.14159,3.14159,-0.0095321,3.09635,1.80782,1,0,0
16,1,42,5,7530,132,293,41,3,2,1,30,1478.48,2.04913,2.20858,2.69976,2.22925,2.70547,0,0,0
12,0,44,2,4283,98,24,36,3,1,1,30,271.24,0.809669,1.65277,0.179823,1.76773,0.450257,0,0,0
13,0,43,0,2230,60,60,28,4,1,2,45,207.25,-0.814562,0.320782,1.31531,0.985791,-0.212281,0,0,0
16,0,44,2,3345,69,197,31,2,1,1,25,1040.13,0.269743,0.622054,2.32013,1.24529,2.29543,0,0,0
14,0,35,3,1880,52,215,19,3,2,1,30,937.28,-1.08721,-0.106423,2.39949,-0.241102,2.0437,0,0,0
14,0,34,2,2133,55,52,76,5,1,1,55,110.82,-0.847031,0.0669136,1.23861,3.04075,-1.66586,0,0,0
21,0,35,0,1265,41,32,15,3,1,2,30,180.24,-1.6715,-0.720524,0.64643,-0.832297,-0.577006,0,0,0
10,0,34,0,1390,26,43,11,4,1,2,45,142.9,-1.57801,-1.62293,1.06668,-1.46289,-1.12785,0,0,0
20,0,33,2,1790,48,41,21,2,1,1,25,267.21,-1.21424,-0.280073,0.962709,0.066904,0.388328,0,0,0
12,0,33,2,3790,77,30,31,4,1,1,45,171.675,0.547165,0.955325,0.484967,1.33149,-0.688969,0,0,0
12,0,26,2,2260,42,50,22,3,1,1,30,292.08,-0.749849,-0.724592,1.20327,0.111316,0.580948,0,0,0
26,0,25,3,6958,157,107,50,2,2,1,25,801.675,1.84229,2.51532,1.67553,2.82314,1.63425,1,0,0
22,0,23,2,9498,187,95,48,5,1,1,55,287.775,2.40259,2.84405,1.63796,2.68241,0.528599,1,0,1
18,0,24,5,3418,61,53,27,4,2,1,45,219.475,0.332267,0.32143,1.21858,0.860017,-0.0925817,0,0,0
12,0,17,3,4955,56,237,18,3,1,1,30,1148.44,1.0925,0.133266,2.48787,-0.41969,2.4528,0,0,0
13,0,17,3,2053,35,22,15,3,1,1,30,171.52,-0.932471,-1.13449,0.0708544,-0.809158,-0.713007,0,1,1
8,0,34,1,4415,67,7,13,3,1,1,30,207.28,0.862825,0.561241,-1.25268,-1.16023,-0.169286,0,0,0
5,0,35,0,305,6,7,2,2,1,2,25,45.495,-2.73585,-2.66244,-1.22065,-2.66902,-2.45475,0,0,0
10,0,33,1,2498,56,351,20,3,1,1,30,1506.16,-0.53905,0.112997,2.79225,-0.148124,2.73192,0,0,0
10,0,34,1,4243,62,7,31,2,1,1,25,225.225,0.75849,0.39365,-1.24913,1.29969,-0.0375933,0,0,0
5,0,34,1,2438,54,7,29,1,1,1,15,175.56,-0.629723,0.053476,-1.2536,1.07889,-0.614767,0,0,0
11,0,34,1,3820,78,24,24,3,1,1,30,251.92,0.566653,0.944577,0.200596,0.374247,0.254931,0,0,0
5,0,34,1,2405,35,277,14,3,1,1,30,1205.6,-0.593545,-1.14319,2.64314,-0.990619,2.46865,0,0,0
13,0,33,2,9160,117,136,39,3,1,1,30,915.08,2.29703,2.04568,1.83021,2.08368,1.97657,1,0,0
7,0,34,1,13818,165,7,40,3,1,1,30,587.32,2.69593,2.55865,-1.24497,2.12232,1.22977,1,0,1
7,0,34,1,4560,79,7,21,3,1,1,30,213.56,0.954572,0.96968,-1.25014,0.0414199,-0.164403,0,0,0
6,0,34,1,5963,91,7,8,3,1,1,30,270.16,1.30319,1.44235,-1.26482,-1.94143,0.412991,0,0,0
9,0,34,0,2283,50,7,13,3,1,2,30,121.32,-0.709883,-0.214188,-1.21557,-1.10944,-1.4783,0,0,0
25,0,34,3,15185,221,46,28,3,1,1,30,800.24,2.87177,2.94637,1.14835,0.987778,1.58723,1,0,1
5,0,34,1,3140,23,475,4,3,1,1,30,2026.52,0.104616,-1.75091,3.05624,-2.45899,3.08524,0,0,0
9,0,33,1,15530,178,142,26,2,1,1,25,1345.86,2.90729,2.71517,1.87663,0.675117,2.54567,1,0,0
5,0,33,1,6545,82,178,22,3,1,1,30,977.08,1.63327,1.07895,2.1537,0.193935,2.13596,0,0,0
5,0,33,0,920,10,7,7,2,1,2,25,73.35,-2.12535,-2.47134,-1.23844,-2.02499,-2.10047,0,0,0
5,0,34,0,755,10,7,4,3,1,2,30,58.6,-2.29323,-2.43394,-1.20234,-2.46262,-2.2686,0,0,0
5,0,33,0,305,6,7,2,2,1,2,25,45.495,-2.7284,-2.68134,-1.24889,-2.62979,-2.49667,0,1,1
5,0,33,1,7553,123,376,39,2,1,1,25,2037.42,2.08998,2.07233,2.87182,2.07834,3.05128,0,0,0
7,0,33,1,11510,150,7,43,4,1,1,45,309,2.58443,2.41732,-1.22827,2.3545,0.663565,1,0,1
8,0,33,1,6763,71,100,33,2,1,1,25,757.53,1.75146,0.693275,1.68334,1.49189,1.4884,0,0,0
23,0,29,0,1000,43,8,13,2,1,2,25,82.935,-2.02008,-0.638486,-1.09472,-1.15358,-1.96386,0,1,1
21,0,32,8,10480,89,7,38,5,1,1,55,169.035,2.45289,1.38388,-1.24078,1.9689,-0.744903,1,0,1
13,0,32,1,5863,94,18,20,2,1,1,25,349.065,1.2603,1.55515,-0.203385,-0.128349,0.799447,0,1,1
5,0,30,1,2885,18,7,10,3,1,1,30,144.12,-0.0823127,-2.02244,-1.19579,-1.55474,-1.1659,0,0,0
9,0,31,0,3035,37,7,12,3,1,2,30,150.88,0.018769,-0.964233,-1.21785,-1.3502,-1.04589,0,1,1
9,1,32,0,2313,40,26,27,3,1,2,30,198.12,-0.715095,-0.810034,0.314927,0.737418,-0.330159,0,1,1
5,0,32,0,305,6,7,2,3,1,2,30,40.44,-2.66546,-2.62389,-1.20879,-2.63959,-2.48516,0,1,1
5,0,32,1,305,6,7,2,3,1,1,30,40.44,-2.69489,-2.66688,-1.19777,-2.61582,-2.52394,0,0,0
5,0,29,1,6830,93,7,18,5,1,1,55,114.345,1.78106,1.47152,-1.2169,-0.448049,-1.5427,1,0,1
5,0,32,0,305,6,7,2,4,1,2,45,25.275,-2.68861,-2.68825,-1.24476,-2.61599,-2.7033,0,1,1
5,0,32,1,305,6,7,2,5,1,1,55,15.165,-2.72982,-2.73,-1.22264,-2.6149,-2.75895,0,1,1
25,0,27,3,16120,234,7,76,2,1,1,25,767.43,3.0527,3.04463,-1.20992,3.00273,1.48465,1,0,1
6,0,30,3,7010,112,263,29,2,2,1,25,1503.99,1.8342,1.92197,2.51378,1.04186,2.72247,0,0,0
5,0,32,1,3763,78,7,24,2,1,1,25,204.345,0.491301,0.94355,-1.22595,0.432683,-0.249376,0,0,0
5,0,31,0,1710,40,30,16,3,1,2,30,190,-1.25812,-0.766444,0.531553,-0.796246,-0.452335,0,0,0
6,0,32,1,2825,49,167,19,2,1,1,25,880.83,-0.170533,-0.248045,2.05161,-0.258074,1.89045,0,0,0
5,0,23,1,1360,32,185,7,2,2,1,25,895.14,-1.63275,-1.27279,2.23217,-2.07136,1.92352,0,0,0
5,0,22,1,1613,35,22,64,4,1,1,45,96.2,-1.4282,-1.10177,0.0732506,2.92732,-1.85859,0,0,0
11,0,23,0,745,21,7,3,2,1,2,25,65.97,-2.21534,-1.89316,-1.25459,-2.50121,-2.21306,0,0,0
5,0,22,0,305,6,13,2,4,1,2,45,40.275,-2.72317,-2.59255,-0.662035,-2.63671,-2.5334,0,0,0
10,0,21,1,1270,28,11,9,2,1,1,25,107.91,-1.69136,-1.57164,-0.791338,-1.74431,-1.61618,0,0,0
5,0,21,1,3270,57,7,19,3,1,1,30,161.08,0.199101,0.206532,-1.23925,-0.222225,-0.885554,0,0,0
5,0,14,1,1740,22,20,10,2,1,1,25,169.29,-1.24024,-1.85829,-0.0818263,-1.5825,-0.740876,0,0,0
16,0,13,1,6438,137,77,38,2,2,1,25,642.375,1.58475,2.29606,1.51615,1.97963,1.26599,1,0,1
12,0,11,1,8978,167,65,36,4,1,1,45,391.125,2.25552,2.59563,1.41824,1.8097,0.97101,1,0,1
8,0,12,3,2898,41,23,15,3,1,1,30,209.56,-0.113086,-0.730713,0.140775,-0.938766,-0.183256,0,0,0
5,0,5,1,4435,36,207,6,3,1,1,30,1006.84,0.878251,-1.05428,2.39747,-2.11772,2.20247,0,0,0
5,1,5,0,1533,15,7,3,3,1,1,30,89.92,-1.43661,-2.2212,-1.30067,-2.59194,-1.94732,0,1,1
15,0,43,1,4855,85,23,24,3,1,1,30,289.6,1.09037,1.20387,0.0832955,0.42274,0.553312,0,0,0
7,0,44,0,803,19,25,11,3,1,2,30,132.88,-2.23636,-1.99828,0.285463,-1.53294,-1.27267,0,0,0
17,0,42,1,2938,74,377,31,3,1,1,30,1628.48,-0.0646226,0.782009,2.90716,1.34865,2.84205,0,0,0
17,0,43,1,4683,80,19,42,1,1,1,15,366.465,1.01941,1.01663,-0.146924,2.36395,0.860717,0,0,0
10,0,43,1,2878,72,20,40,2,1,1,25,222.75,-0.0874959,0.781331,-0.111333,2.13444,-0.0318442,0,0,0
18,0,43,2,4260,96,50,35,3,1,1,30,374.24,0.817733,1.56293,1.23478,1.68836,0.897374,0,0,0
11,0,43,1,2845,53,303,25,3,1,1,30,1327.92,-0.104589,-0.0577122,2.77138,0.602137,2.56111,0,0,0
20,0,42,3,9600,135,162,50,3,1,1,30,1037.4,2.35064,2.25085,1.99887,2.79293,2.2827,1,0,1
14,0,43,1,14258,183,18,51,3,1,1,30,649.64,2.75211,2.82527,-0.186242,2.81909,1.23158,1,0,0
14,0,43,2,5000,97,20,32,3,1,1,30,283.88,1.10213,1.63026,-0.0420424,1.41637,0.548978,0,0,0
13,0,43,1,6403,109,25,19,3,1,1,30,360.48,1.52823,1.9071,0.256751,-0.233916,0.875616,1,0,0
16,1,43,0,2723,68,26,24,3,1,2,30,215.64,-0.255932,0.577672,0.317277,0.460054,-0.127073,0,0,0
32,0,43,4,15625,239,72,39,3,1,1,30,922.56,2.9439,3.09859,1.4682,2.13076,1.99286,1,0,0
11,0,43,2,3580,41,501,15,3,1,1,30,2148.84,0.421953,-0.737079,3.12937,-0.932713,3.11407,0,0,0
16,0,42,1,15970,196,168,37,2,1,1,25,1483.47,3.02824,2.8717,2.06152,1.85771,2.69201,1,0,1
10,0,42,2,6985,100,204,33,3,1,1,30,1099.4,1.86219,1.72755,2.37074,1.48092,2.39051,0,0,0
7,0,42,0,1360,28,18,18,2,1,2,25,143.46,-1.60298,-1.55148,-0.218708,-0.471931,-1.17984,0,0,0
9,0,43,0,1195,28,31,15,3,1,2,30,172.92,-1.79661,-1.5631,0.591136,-0.903224,-0.692706,0,0,0
7,0,42,0,485,14,18,7,2,1,2,25,103.455,-2.51339,-2.26796,-0.229865,-2.07109,-1.71823,0,1,1
10,0,42,1,7993,141,402,50,3,1,1,30,1933.36,2.12151,2.30916,3.04312,2.79548,2.97291,0,0,0
14,0,42,2,11950,168,29,54,4,1,1,45,375.45,2.63988,2.62357,0.496934,2.83801,0.879116,1,0,0
15,0,42,2,7203,89,126,44,2,1,1,25,895.14,1.99227,1.34654,1.74427,2.44392,1.87518,0,0,0
30,0,38,0,1440,61,34,24,3,1,2,30,196.04,-1.49018,0.347546,0.735875,0.499439,-0.346432,0,1,1
28,0,41,9,10920,107,19,49,5,2,1,55,193.905,2.52198,1.83928,-0.152317,2.7393,-0.387091,1,0,0
20,0,41,2,6303,112,44,31,2,1,1,25,486.675,1.46277,1.96767,1.08574,1.34921,1.07192,0,0,0
8,0,39,1,3325,36,18,21,3,1,1,30,206.44,0.270293,-1.0102,-0.21981,0.00916664,-0.235516,0,0,0
16,1,40,0,3475,55,27,23,3,1,2,30,249.2,0.391452,0.0456429,0.387553,0.183356,0.214042,0,1,1
16,1,41,0,2753,58,52,38,4,1,2,45,200.275,-0.19873,0.218293,1.24749,1.98311,-0.300334,0,1,1
7,1,41,0,618,16,18,9,3,1,2,30,97.36,-2.37058,-2.12802,-0.228815,-1.76008,-1.8038,0,1,1
8,0,41,1,2153,39,18,13,4,1,1,45,99.8,-0.782034,-0.882367,-0.203703,-1.15934,-1.8022,0,0,0
10,0,38,2,7270,111,32,29,5,1,1,55,158.715,2.01468,1.91631,0.599369,1.00017,-0.918261,0,0,0
7,0,41,0,1113,21,27,11,4,1,2,45,95.85,-1.91428,-1.9313,0.396484,-1.47325,-1.81223,0,1,1
7,0,41,2,823,18,22,9,5,1,1,55,45.615,-2.2141,-2.08833,0.0522727,-1.73038,-2.42786,0,0,0
32,1,36,4,16560,252,18,87,2,2,1,25,837.54,3.13593,3.12139,-0.252851,3.11633,1.71747,1,0,0
13,0,39,4,7450,130,289,40,3,2,1,30,1459.2,2.03057,2.17793,2.73557,2.11485,2.65675,1,0,1
9,0,41,1,4203,96,20,35,3,1,1,30,251.96,0.756694,1.57145,-0.0719414,1.71616,0.218301,0,0,0
10,0,40,0,2150,58,56,27,3,1,2,30,312.32,-0.820182,0.214792,1.31691,0.840586,0.6875,0,0,0
13,0,41,1,3265,67,193,30,2,1,1,25,1018.44,0.223038,0.549468,2.27331,1.11632,2.24765,0,0,0
11,0,32,2,1800,50,211,18,3,2,1,30,918,-1.18725,-0.176346,2.41498,-0.435609,1.96062,0,0,0
11,0,31,1,2053,53,48,75,5,1,1,55,103.59,-0.943222,0.00822244,1.16514,3.05522,-1.73383,0,0,0
18,0,32,0,1185,39,28,14,3,1,2,30,160.96,-1.84361,-0.832182,0.435612,-1.01363,-0.861983,0,0,0
7,0,31,0,1310,24,39,10,4,1,2,45,130.85,-1.65559,-1.74452,0.900335,-1.68354,-1.34694,0,0,0
17,0,30,1,1710,46,37,20,2,1,1,25,245.52,-1.27512,-0.426156,0.881348,-0.188325,0.163369,0,0,0
9,0,30,1,3710,75,26,30,3,1,1,30,255.4,0.463419,0.852962,0.29684,1.14197,0.316007,0,0,0
9,0,23,1,2180,40,46,21,3,1,1,30,272.8,-0.791553,-0.805819,1.11281,0.0460532,0.46493,0,0,0
23,0,22,2,6878,155,103,49,2,2,1,25,779.985,1.80568,2.44638,1.68338,2.75749,1.56723,1,0,0
19,0,20,1,9418,185,91,47,5,1,1,55,280.545,2.35077,2.81999,1.62389,2.66177,0.506382,1,0,1
15,0,21,4,3338,59,49,26,3,1,1,30,331.88,0.249509,0.229717,1.18477,0.731643,0.771754,0,0,0
9,0,14,2,4875,54,233,17,3,1,1,30,1129.16,1.10858,0.0405598,2.53131,-0.612849,2.43001,0,0,0
10,0,14,2,1973,33,18,14,3,1,1,30,152.24,-0.989865,-1.22134,-0.273762,-0.972387,-1.04232,0,1,1
11,0,37,1,4495,69,7,14,3,1,1,30,210.56,0.947887,0.613928,-1.27711,-1.00999,-0.234398,0,0,0
5,0,38,0,305,6,7,2,3,1,2,30,40.44,-2.71332,-2.61487,-1.29305,-2.70305,-2.55439,0,0,0
13,0,36,1,2578,58,355,21,3,1,1,30,1525.44,-0.436615,0.206171,2.8259,0.0103797,2.72304,0,0,0
13,0,37,1,4323,64,7,32,1,1,1,15,279.785,0.84685,0.44909,-1.27364,1.43254,0.496709,0,0,0
6,0,37,1,2518,56,7,30,2,1,1,25,147.33,-0.519603,0.104141,-1.28773,1.25673,-1.12086,0,0,0
14,0,37,2,3900,80,28,25,3,1,1,30,271.2,0.586973,1.00717,0.41066,0.589991,0.485987,0,0,0
7,0,37,1,2485,37,281,15,3,1,1,30,1224.88,-0.530866,-0.967964,2.66017,-0.91763,2.47373,0,0,0
16,0,36,3,9240,119,140,40,3,1,1,30,934.36,2.33985,2.04871,1.8944,2.14708,1.99333,1,0,0
10,0,37,1,13898,167,7,41,3,1,1,30,590.6,2.72379,2.61162,-1.3319,2.24167,1.20254,1,0,0
10,0,37,2,4640,81,7,22,3,1,1,30,216.84,0.979609,1.05484,-1.3216,0.209552,-0.113016,0,0,0
9,0,37,1,6043,93,7,9,3,1,1,30,273.44,1.35057,1.5024,-1.2834,-1.76557,0.480877,0,0,0
12,0,37,0,2363,52,7,14,3,1,2,30,124.6,-0.635027,-0.0266682,-1.28887,-0.977057,-1.39479,0,0,0
28,0,37,4,15265,223,50,29,3,2,1,30,819.52,2.88394,2.92624,1.2144,1.03913,1.67115,1,0,0
7,0,37,2,3220,25,479,5,3,1,1,30,2045.8,0.206579,-1.7254,3.07454,-2.31259,3.05775,0,0,0
12,0,36,1,15610,180,146,27,2,1,1,25,1367.55,2.95818,2.79484,1.89618,0.816645,2.6089,1,0,0
6,0,36,2,6625,84,182,23,3,1,1,30,996.36,1.64926,1.18292,2.19404,0.209233,2.19456,0,0,0
5,0,36,0,1000,12,7,8,2,1,2,25,77.04,-2.04585,-2.35719,-1.2446,-1.94418,-2.08671,0,0,0
5,0,37,0,835,12,9,5,3,1,2,30,69.88,-2.17409,-2.3622,-0.947877,-2.36214,-2.17945,0,0,0
5,0,36,0,305,6,7,2,2,1,2,25,45.495,-2.72314,-2.6909,-1.25265,-2.70833,-2.4869,0,1,1
6,0,36,1,7633,125,380,40,3,1,1,30,1830.32,2.04796,2.11829,2.94737,2.14353,2.93193,1,0,1
10,0,36,2,11590,152,7,44,4,1,1,45,311.05,2.60431,2.38989,-1.24944,2.45148,0.661264,1,0,1
11,0,36,2,6843,73,104,34,2,1,1,25,779.22,1.79047,0.758189,1.67855,1.55871,1.57575,0,0,0
26,1,32,0,1080,45,12,14,3,1,2,30,93,-1.91968,-0.451896,-0.739616,-0.99024,-1.87069,0,1,1
24,0,35,9,10560,91,7,39,5,1,1,55,170.265,2.50993,1.39626,-1.26418,2.06372,-0.721404,1,0,1
16,0,35,2,5943,96,22,21,2,1,1,25,370.755,1.31604,1.59184,0.100364,0.0208922,0.900719,0,1,1
5,0,33,1,2965,20,7,11,3,1,1,30,147.4,-0.0139686,-1.99038,-1.30769,-1.51843,-1.10064,0,0,0
12,1,34,0,3115,39,7,13,3,1,2,30,154.16,0.148866,-0.901004,-1.37441,-1.11086,-0.95188,0,1,1
12,0,35,0,2393,42,30,28,4,1,2,45,135.875,-0.620822,-0.643965,0.545825,0.971202,-1.26562,0,1,1
5,1,35,0,305,6,7,2,3,1,2,30,40.44,-2.74722,-2.64105,-1.26171,-2.63287,-2.5277,0,1,1
5,0,35,1,1793,23,7,3,4,1,1,45,62.9,-1.20493,-1.80865,-1.26624,-2.51699,-2.22655,0,0,0
6,0,32,2,6910,95,10,19,5,1,1,55,120.075,1.80151,1.59358,-0.834956,-0.308494,-1.47589,0,0,0
5,0,35,0,305,6,7,2,4,1,2,45,25.275,-2.71615,-2.65559,-1.25148,-2.63216,-2.67759,0,1,1
5,0,35,1,305,6,7,2,5,1,1,55,15.165,-2.66884,-2.6758,-1.2242,-2.6153,-2.7964,0,0,0
28,0,30,4,16200,236,7,77,2,2,1,25,771.12,3.07523,3.05234,-1.26356,3.05551,1.52425,1,0,1
9,0,33,4,7090,114,267,30,3,2,1,30,1356.16,1.95442,1.98022,2.61206,1.18075,2.57576,1,0,0
5,0,35,1,3843,80,7,25,3,1,1,30,184.92,0.571458,1.00241,-1.24482,0.5927,-0.523792,0,0,0
6,0,34,0,1790,42,34,17,3,1,2,30,209.28,-1.1734,-0.670011,0.712176,-0.629411,-0.2057,0,0,0
9,0,35,1,2905,51,171,20,2,1,1,25,902.52,-0.0668877,-0.14775,2.06046,-0.115707,1.926,0,0,0
7,0,26,2,1440,34,189,8,3,2,1,30,814.96,-1.50452,-1.15551,2.26337,-1.93871,1.6646,0,0,0
7,0,25,1,1693,37,26,65,5,1,1,55,64.95,-1.30137,-0.945478,0.336554,2.89861,-2.23455,0,0,0
14,0,26,0,825,23,7,4,3,1,2,30,61.92,-2.20548,-1.7964,-1.37918,-2.5222,-2.25004,0,0,0
5,0,25,0,305,6,17,2,4,1,2,45,50.275,-2.70266,-2.71847,-0.307055,-2.61682,-2.41401,0,0,0
13,0,24,1,1350,30,15,10,2,1,1,25,129.6,-1.62106,-1.42273,-0.526351,-1.5951,-1.30098,0,0,0
5,0,24,1,3350,59,7,20,3,1,1,30,164.36,0.264378,0.280732,-1.20646,-0.12367,-0.87394,0,0,0
5,0,17,1,1820,24,24,11,3,1,1,30,169.76,-1.16066,-1.7542,0.2357,-1.53063,-0.699457,0,0,0
19,0,16,2,6518,139,81,39,2,2,1,25,664.065,1.63431,2.34707,1.4645,2.06977,1.28503,0,0,0
15,0,14,1,9058,169,69,37,5,1,1,55,241.905,2.21117,2.62391,1.42609,1.89302,0.1306,1,0,0
11,0,15,4,2978,43,27,16,3,1,1,30,228.84,-0.0122014,-0.591904,0.373988,-0.728338,0.0274902,0,0,0
5,0,8,2,4515,38,211,7,3,1,1,30,1026.12,0.962587,-0.943006,2.44163,-2.02381,2.24624,0,0,0
6,1,8,2,1613,17,7,4,3,1,1,30,93.2,-1.34812,-2.12656,-1.38499,-2.47379,-1.85523,0,1,1
17,0,40,3,5275,87,33,34,3,1,1,30,346.48,1.12605,1.27937,0.691646,1.60076,0.8348,0,0,0
9,0,41,0,1223,21,35,21,3,1,2,30,189.76,-1.7871,-1.8839,0.769326,0.036436,-0.429287,0,0,0
19,0,39,3,3358,76,387,41,3,1,1,30,1685.36,0.297241,0.891065,2.94424,2.25294,2.89489,0,0,0
19,0,40,3,5103,82,29,52,1,1,1,15,444.675,1.1121,1.07581,0.489507,2.84034,1.09565,0,0,0
12,0,40,3,3298,74,30,50,2,1,1,25,286.74,0.253247,0.826117,0.534014,2.84946,0.551092,0,0,0
20,0,40,4,4680,98,60,45,3,1,1,30,431.12,1.00986,1.66794,1.33846,2.55626,1.04254,0,0,0
13,0,40,3,3265,55,313,35,4,1,1,45,865.5,0.21936,0.038341,2.76617,1.74166,1.81115,0,0,0
22,1,39,5,10020,137,172,60,3,1,1,30,1094.28,2.40564,2.28466,2.12034,2.9006,2.3646,1,0,1
16,0,40,3,14678,185,28,61,3,1,1,30,706.52,2.78277,2.85781,0.465171,2.92222,1.33847,1,0,0
16,0,40,4,5420,99,30,42,3,1,1,30,340.76,1.16246,1.73034,0.520723,2.33614,0.823531,0,0,0
15,0,40,3,6823,111,35,29,3,1,1,30,417.36,1.77962,1.89799,0.787508,1.03017,1.00019,0,0,0
18,0,40,0,3143,70,36,34,3,1,2,30,272.52,0.074313,0.672842,0.820858,1.63515,0.457668,0,0,0
34,1,40,6,16045,241,82,49,3,2,1,30,979.44,3.06768,3.09067,1.54122,2.76418,2.10402,1,0,0
13,0,40,4,4000,43,511,25,4,1,1,45,1378.58,0.650039,-0.594861,3.13915,0.633031,2.57839,0,0,0
18,0,39,3,16390,198,178,47,2,1,1,25,1547.46,3.06126,2.91892,2.15159,2.63532,2.78353,1,0,0
12,0,39,4,7405,102,214,43,3,1,1,30,1156.28,2.04595,1.75025,2.43962,2.42079,2.45221,0,0,0
9,0,39,0,1780,30,28,28,2,1,2,25,207.45,-1.22025,-1.38277,0.437046,0.939216,-0.228905,0,0,0
11,0,40,0,1615,30,41,25,3,1,2,30,229.8,-1.38499,-1.42583,1.01681,0.611177,-0.00325013,0,0,0
9,1,39,0,905,16,28,17,2,1,2,25,167.445,-2.13159,-2.12561,0.484062,-0.615503,-0.760982,0,1,1
12,0,39,3,8413,143,412,60,3,1,1,30,1990.24,2.16902,2.33793,2.98968,2.86999,3.01522,1,0,0
16,0,39,4,12370,170,39,64,4,1,1,45,411,2.62269,2.62625,0.886004,2.93178,1.01395,1,0,0
17,0,39,4,7623,91,136,54,2,2,1,25,959.13,2.06898,1.45316,1.81456,2.85192,2.07232,0,0,0
32,1,35,0,1860,63,44,34,3,1,2,30,252.92,-1.12047,0.419433,1.03279,1.62221,0.292007,0,1,1
30,0,38,1,11340,109,29,59,5,1,1,55,215.235,2.57451,1.89615,0.494894,2.85157,-0.15904,0,0,0
22,0,38,4,6723,114,54,41,3,1,1,30,489.48,1.70404,1.9473,1.26997,2.25947,1.13198,0,0,0
10,0,36,3,3745,38,28,31,3,1,1,30,263.32,0.525044,-0.853317,0.433968,1.27316,0.376055,0,0,0
18,1,37,0,3895,57,37,33,3,1,2,30,306.08,0.570922,0.138837,0.860753,1.45744,0.648538,0,1,1
18,0,38,0,3173,60,62,48,4,1,2,45,235.825,0.172826,0.27795,1.3159,2.74718,0.0560007,0,1,1
9,0,38,0,1038,18,28,19,3,1,2,30,154.24,-1.96244,-2.06856,0.441713,-0.253957,-0.972301,0,1,1
10,0,38,3,2573,41,28,23,4,1,1,45,135.35,-0.441127,-0.746476,0.36237,0.202951,-1.2697,0,0,0
12,0,35,4,7690,113,42,39,5,1,1,55,180.045,2.08704,1.93402,1.01602,2.02134,-0.608713,0,0,0
9,0,38,0,1533,23,37,21,4,1,2,45,131.4,-1.47394,-1.77051,0.802757,0.0755304,-1.31427,0,1,1
9,0,38,4,1243,20,32,19,5,1,1,55,66.945,-1.74653,-1.97191,0.623332,-0.249754,-2.21582,0,0,0
34,0,33,6,16980,254,28,97,2,2,1,25,901.53,3.1201,3.13061,0.391214,3.14159,1.92212,1,0,1
15,0,36,6,7870,132,299,50,3,2,1,30,1516.08,2.11192,2.23973,2.72468,2.83165,2.71342,1,0,0
11,0,38,3,4623,98,30,45,3,1,1,30,308.84,0.989296,1.67075,0.520547,2.54659,0.66742,0,0,0
12,1,37,0,2570,60,66,37,4,1,2,45,230.75,-0.445992,0.268131,1.37455,1.93004,0.00552463,0,1,1
15,0,38,3,3685,69,203,40,2,1,1,25,1082.43,0.499876,0.638675,2.36074,2.15612,2.3383,0,0,0
13,0,29,4,2220,52,221,28,3,2,1,30,974.88,-0.782913,-0.104635,2.47214,0.900999,2.13665,0,0,0
13,0,28,3,2473,55,58,85,5,1,1,55,124.92,-0.552551,0.0770738,1.2792,3.08701,-1.39689,0,0,0
20,0,29,0,1605,41,38,24,3,1,2,30,217.84,-1.38584,-0.704435,0.860421,0.431949,-0.0998167,0,0,0
9,0,28,0,1730,26,49,20,4,1,2,45,166.4,-1.2461,-1.64848,1.21719,-0.0851702,-0.777737,0,0,0
19,0,27,3,2130,48,47,30,2,1,1,25,309.51,-0.859149,-0.288004,1.18401,1.16777,0.61807,0,0,0
11,0,27,3,4130,77,36,40,3,1,1,30,312.28,0.747108,0.942858,0.784051,2.13021,0.733721,0,0,0
11,0,20,3,2600,42,56,31,3,1,1,30,329.68,-0.409424,-0.697688,1.29176,1.28727,0.744546,0,0,0
25,0,19,4,7298,157,113,59,2,2,1,25,843.975,1.99562,2.47816,1.70559,2.88152,1.75117,1,0,1
21,0,17,3,9838,187,101,57,5,1,1,55,301.875,2.36719,2.84649,1.63717,2.88951,0.598489,1,0,1
17,0,18,6,3758,61,59,36,3,2,1,30,388.76,0.500577,0.279704,1.32421,1.75308,0.987723,0,0,0
11,0,11,4,5295,56,243,27,3,2,1,30,1186.04,1.13519,0.104745,2.47917,0.823745,2.43472,0,0,0
12,1,11,4,2393,35,28,24,3,1,1,30,209.12,-0.652652,-1.06981,0.399504,0.410463,-0.204846,0,1,1
9,0,40,0,4075,67,7,4,3,1,1,30,193.68,0.681762,0.590377,-1.42501,-2.4955,-0.37067,0,0,0
5,0,41,0,305,6,7,2,3,1,2,30,40.44,-2.73391,-2.66984,-1.54194,-2.67117,-2.50737,0,0,0
11,0,39,0,2158,56,345,11,3,1,1,30,1468.56,-0.830119,0.0630007,2.79628,-1.47052,2.71454,0,0,0
11,0,40,0,3903,62,7,22,1,1,1,15,256.575,0.591715,0.416561,-1.54319,0.154876,0.308587,0,0,0
5,0,40,0,2098,54,7,20,2,1,1,25,128.34,-0.895468,0.0288565,-1.48387,-0.141977,-1.3228,0,0,0
12,0,40,0,3480,78,18,15,3,1,1,30,214.32,0.398483,0.959988,-0.262491,-0.947445,-0.173633,0,0,0
5,0,40,0,2065,35,271,5,3,1,1,30,1168,-0.917482,-1.10644,2.58814,-2.32273,2.42514,0,0,0
14,0,39,1,8820,117,130,30,3,1,1,30,877.48,2.21963,1.99226,1.78027,1.23968,1.85366,1,0,1
8,0,40,0,13478,165,7,31,3,1,1,30,573.72,2.66203,2.56181,-1.49828,1.29476,1.1898,1,0,1
8,0,40,0,4220,79,7,12,3,1,1,30,199.96,0.767002,0.984438,-1.5219,-1.26096,-0.288201,0,0,0
7,0,40,1,5623,91,7,17,3,1,1,30,256.56,1.2297,1.46103,-1.53536,-0.632309,0.300111,0,0,0
10,0,40,0,1943,50,7,4,3,1,2,30,107.72,-1.06015,-0.189836,-1.53005,-2.50603,-1.66474,0,0,0
26,0,40,2,14845,221,40,19,3,1,1,30,762.64,2.83875,2.94126,0.93643,-0.251867,1.4871,1,0,1
5,0,40,1,2800,23,469,9,3,1,1,30,1988.92,-0.155535,-1.76378,3.10051,-1.78007,3.00683,0,0,0
10,0,39,0,15190,178,136,17,2,1,1,25,1303.56,2.86839,2.77267,1.83328,-0.646962,2.51944,1,0,0
5,0,39,0,6205,82,172,13,3,1,1,30,939.48,1.43436,1.11418,2.07093,-1.14082,2.06703,0,0,0
5,0,39,0,580,10,7,2,2,1,2,25,58.05,-2.4308,-2.40414,-1.53048,-2.66644,-2.29514,0,0,0
5,0,40,0,415,10,7,2,3,1,2,30,45,-2.57623,-2.4674,-1.50662,-2.637,-2.49743,0,0,0
5,0,39,0,305,6,7,2,2,1,2,25,45.495,-2.74496,-2.62899,-1.51353,-2.65803,-2.47112,0,1,1
5,0,39,0,7213,123,370,30,3,1,1,30,1773.44,1.96457,2.13212,2.8964,1.14872,2.93289,1,0,0
8,0,39,0,11170,150,7,34,4,1,1,45,300.5,2.5309,2.40984,-1.50147,1.60095,0.599306,1,0,0
9,0,39,0,6423,71,94,24,2,1,1,25,715.23,1.55378,0.66291,1.6085,0.423988,1.36796,0,0,0
24,0,35,0,660,43,7,4,3,1,2,30,56.12,-2.34169,-0.581093,-1.48492,-2.42795,-2.3238,0,1,1
22,0,38,7,10140,89,7,29,5,1,1,55,163.935,2.41979,1.34906,-1.50137,1.08434,-0.860575,0,0,0
14,0,38,0,5523,94,12,11,2,1,1,25,306.765,1.19721,1.54979,-0.739629,-1.49367,0.6512,0,1,1
5,0,36,1,2545,18,7,6,3,1,1,30,130.52,-0.478672,-2.01002,-1.48015,-2.14427,-1.32531,0,0,0
10,0,37,0,2695,37,7,3,3,1,2,30,137.28,-0.309107,-1.01207,-1.49055,-2.59176,-1.24825,0,1,1
10,0,38,0,1973,40,20,18,3,1,2,30,160.52,-1.01665,-0.801275,-0.0624708,-0.501134,-0.867177,0,1,1
5,1,38,0,305,6,7,2,3,1,2,30,40.44,-2.70639,-2.61731,-1.24429,-2.64565,-2.51232,0,1,1
5,0,38,1,1373,21,7,2,4,1,1,45,52.35,-1.59701,-1.8875,-1.48582,-2.64713,-2.41354,0,0,0
5,0,35,0,6490,93,7,9,5,1,1,55,109.245,1.59582,1.49031,-1.50981,-1.76683,-1.6486,1,0,0
5,0,38,0,305,6,7,2,4,1,2,45,25.275,-2.66653,-2.67743,-1.48599,-2.62558,-2.6932,0,1,1
5,0,38,0,305,6,7,2,5,1,1,55,15.165,-2.67953,-2.62434,-1.51286,-2.62504,-2.76771,0,0,0
26,0,33,2,15780,234,7,67,2,1,1,25,752.13,3.02713,3.055,-1.491,2.95503,1.45892,1,0,1
7,0,36,2,6670,112,257,20,3,2,1,30,1299.28,1.67783,1.93866,2.56729,-0.129182,2.54481,1,0,0
5,0,38,0,3423,78,7,15,3,1,1,30,168.04,0.35169,0.933172,-1.53409,-0.975705,-0.755827,0,0,0
5,0,37,0,1370,40,24,7,3,1,2,30,152.4,-1.60923,-0.787161,0.199236,-2.00838,-1.07024,0,0,0
7,0,38,0,2485,49,161,10,2,1,1,25,838.53,-0.538066,-0.24787,2.04476,-1.68504,1.72833,0,0,0
5,0,29,1,1020,32,179,2,3,2,1,30,758.08,-1.99743,-1.30762,2.14052,-2.69602,1.43558,0,0,0
5,0,28,0,1273,35,16,55,4,1,1,45,72.7,-1.70995,-1.1714,-0.382994,2.84333,-2.09164,0,0,0
12,0,29,0,405,21,7,2,3,1,2,30,45.04,-2.59719,-1.86218,-1.53978,-2.71799,-2.48667,0,0,0
5,0,28,0,305,6,7,2,4,1,2,45,25.275,-2.74101,-2.68037,-1.57121,-2.72446,-2.68235,0,0,0
11,0,27,1,930,28,7,2,2,1,1,25,74.61,-2.10002,-1.49311,-1.5359,-2.75725,-2.05903,0,0,0
5,0,27,0,2930,57,7,10,3,1,1,30,147.48,-0.0510625,0.160135,-1.54953,-1.66513,-1.0946,0,0,0
5,0,20,1,1400,22,14,2,2,1,1,25,126.99,-1.57095,-1.84389,-0.609091,-2.77173,-1.35198,0,0,0
17,0,19,0,6098,137,71,29,2,2,1,25,600.075,1.3412,2.26181,1.43834,1.048,1.23825,0,0,0
13,0,17,0,8638,167,59,27,5,1,1,55,220.575,2.18383,2.57944,1.31911,0.885126,-0.0617219,0,0,0
9,0,18,2,2558,41,17,6,3,1,1,30,171.96,-0.476545,-0.72002,-0.253012,-2.13935,-0.691724,0,0,0
5,0,11,1,4095,36,201,25,3,1,1,30,969.24,0.727064,-1.1103,2.38157,0.52507,2.13171,0,0,0
5,1,11,1,1193,15,7,2,3,1,1,30,76.32,-1.79893,-2.19758,-1.51639,-2.73572,-2.0518,0,1,1
13,0,41,2,4790,83,44,23,3,1,1,30,370.92,1.05064,1.15557,1.09084,0.30312,0.873356,0,0,0
5,0,42,0,738,17,46,10,3,1,2,30,214.2,-2.29663,-2.09103,1.13509,-1.65397,-0.150485,0,0,0
15,0,40,2,2873,72,398,30,3,1,1,30,1709.8,-0.0922538,0.762467,2.95462,1.18663,2.88977,0,0,0
15,0,41,2,4618,78,40,41,1,1,1,15,478.28,0.987941,0.935447,0.939939,2.24006,1.05257,0,0,0
8,0,41,2,2813,70,41,39,2,1,1,25,314.235,-0.102404,0.670475,1.01077,2.02057,0.700636,0,0,0
16,0,41,3,4195,94,71,34,3,1,1,30,455.56,0.801733,1.58315,1.45214,1.57863,1.08281,0,0,0
9,0,41,2,2780,51,324,24,4,1,1,45,880.775,-0.204591,-0.124734,2.74079,0.42588,1.87079,0,0,0
18,0,40,4,9535,133,183,49,3,1,1,30,1118.72,2.36137,2.27078,2.17306,2.75161,2.38355,1,0,0
12,0,41,2,14193,181,39,50,3,1,1,30,730.96,2.76715,2.78938,0.904883,2.82653,1.41916,1,0,0
12,0,41,3,4935,95,41,31,4,1,1,45,228.25,1.08964,1.58279,1.00339,1.37267,-0.00259248,0,0,0
11,0,41,2,6338,107,46,18,3,1,1,30,441.8,1.48336,1.85253,1.09776,-0.476951,1.05903,0,0,0
14,1,41,0,2658,66,47,23,4,1,2,45,185.6,-0.362332,0.497681,1.14351,0.340814,-0.49921,0,0,0
30,0,41,5,15560,237,93,38,3,1,1,30,1003.88,2.99409,3.06095,1.6284,1.96313,2.18171,1,0,0
9,0,41,3,3515,39,522,14,4,1,1,45,1393.85,0.395627,-0.875742,3.14159,-1.01984,2.61925,0,0,0
14,0,40,2,15905,194,189,36,3,1,1,30,1399.96,3.0268,2.87318,2.24961,1.79218,2.56659,1,0,1
8,0,40,3,6920,98,225,32,4,1,1,45,737.95,1.84739,1.67693,2.5002,1.42616,1.44962,0,0,0
5,0,40,0,1295,26,39,17,3,1,2,30,208.84,-1.70335,-1.63269,0.936237,-0.658659,-0.229946,0,0,0
7,0,41,0,1130,26,52,14,3,1,2,30,254.24,-1.87457,-1.65856,1.24231,-1.05307,0.26965,0,0,0
5,0,40,0,420,12,39,6,3,1,2,30,173.28,-2.57993,-2.36784,0.896125,-2.12543,-0.722484,0,1,1
8,0,40,2,7928,139,423,49,3,1,1,30,2014.68,2.11334,2.30872,3.03765,2.76345,3.02516,1,0,0
12,0,40,3,11885,166,50,53,4,1,1,45,426.275,2.65024,2.61899,1.20403,2.85911,1.04643,1,0,0
13,0,40,3,7138,87,147,43,3,1,1,30,877,1.94733,1.24633,1.87151,2.38135,1.89839,0,0,0
28,1,36,0,1375,59,55,23,3,1,2,30,277.36,-1.59455,0.256088,1.32352,0.287837,0.455881,0,1,1
26,0,39,10,10855,105,40,48,5,2,1,55,224.4,2.53289,1.85443,0.972577,2.74506,-0.0172123,1,0,0
18,0,39,3,6238,110,65,30,3,1,1,30,513.92,1.44062,1.95555,1.36679,1.13501,1.12448,0,0,0
6,0,37,2,3260,34,39,20,4,1,1,45,179.85,0.23379,-1.19963,0.909156,-0.130684,-0.59521,0,0,0
14,0,38,0,3410,53,48,22,3,1,2,30,330.52,0.302245,-0.0325911,1.14321,0.149667,0.798337,0,1,1
14,1,39,0,2688,56,73,37,4,1,2,45,251.1,-0.301696,0.106047,1.50961,1.87938,0.208844,0,1,1
5,0,39,0,553,14,39,8,3,1,2,30,178.68,-2.46274,-2.29297,0.926546,-1.93593,-0.622529,0,1,1
6,0,39,2,2088,37,39,12,4,1,1,45,150.625,-0.899016,-0.954114,0.907769,-1.32895,-1.05797,0,0,0
8,0,36,3,7205,109,53,28,5,1,1,55,189.21,1.96127,1.86719,1.28002,0.966815,-0.445807,1,0,0
5,0,39,0,1048,19,48,10,4,1,2,45,146.675,-1.97004,-2.01842,1.14108,-1.60722,-1.12267,0,1,1
5,0,39,3,758,16,43,8,5,1,1,55,76.11,-2.23482,-2.21592,1.04847,-1.95094,-2.0797,0,0,0
30,0,34,5,16495,250,39,86,2,2,1,25,929.025,3.11162,3.12761,0.883218,3.1273,1.96222,1,0,0
11,0,37,5,7385,128,310,39,3,2,1,30,1540.52,2.02652,2.20886,2.77243,2.02561,2.77308,1,0,1
7,0,39,2,4138,94,41,34,3,1,1,30,333.28,0.746069,1.52875,0.988212,1.62233,0.707741,0,0,0
8,0,38,0,2085,56,77,26,4,1,2,45,246.025,-0.879202,0.109098,1.50882,0.664478,0.19746,0,0,0
11,0,39,2,3200,65,214,29,3,1,1,30,986.6,0.171438,0.440324,2.39815,1.06676,2.15602,0,0,0
9,0,30,3,1735,48,232,17,3,2,1,30,999.32,-1.25436,-0.318893,2.52672,-0.6603,2.17248,0,0,0
9,0,29,2,1988,51,69,74,5,1,1,55,134.085,-1.00157,-0.151349,1.41764,3.01993,-1.29581,0,0,0
16,0,30,0,1120,37,49,13,3,1,2,30,242.28,-1.88929,-0.959476,1.21849,-1.07775,0.170084,0,0,0
5,0,29,0,1245,22,60,9,4,1,2,45,181.675,-1.75526,-1.84602,1.35267,-1.7265,-0.565531,0,0,0
15,0,28,2,1645,44,58,19,2,1,1,25,337.005,-1.38021,-0.54239,1.32662,-0.287914,0.78266,0,0,0
7,0,28,2,3645,73,47,29,4,1,1,45,210.45,0.474786,0.734575,1.12616,1.063,-0.201677,0,0,0
7,0,21,2,2115,38,67,20,3,1,1,30,354.12,-0.865038,-0.933518,1.42814,-0.128186,0.852426,0,0,0
21,0,20,3,6813,153,124,48,2,2,1,25,871.47,1.75127,2.4341,1.77166,2.69218,1.872,1,0,0
17,0,18,2,9353,183,112,46,5,1,1,55,311.04,2.37312,2.8269,1.72414,2.62487,0.665795,1,0,1
13,0,19,5,3273,57,70,25,4,1,1,45,258.25,0.234417,0.18387,1.40963,0.518145,0.301222,0,0,0
7,0,12,3,4810,52,254,16,3,1,1,30,1210.48,1.08475,-0.0868742,2.5572,-0.680296,2.43182,0,0,0
8,1,12,3,1908,31,39,13,3,1,1,30,233.56,-1.04434,-1.31286,0.941897,-1.11782,0.0817438,0,1,1
13,0,39,0,4560,71,7,15,2,1,1,25,239.895,0.933145,0.681178,-1.5565,-0.913202,0.125475,0,0,0
5,0,40,0,305,6,7,2,2,1,2,25,45.495,-2.7035,-2.6285,-1.55612,-2.7755,-2.43668,0,0,0
15,0,38,0,2643,60,334,22,2,1,1,25,1624.63,-0.366789,0.312527,2.75892,0.151067,2.84056,0,0,0
15,0,39,0,4388,66,7,33,1,1,1,15,283.47,0.865693,0.528495,-1.56442,1.57912,0.537017,0,0,0
8,0,39,0,2583,58,7,31,1,1,1,15,183.755,-0.417791,0.18602,-1.52713,1.36276,-0.520443,0,0,0
16,0,39,1,3965,82,7,26,3,1,1,30,189.88,0.603072,1.08707,-1.48856,0.746196,-0.433224,0,0,0
9,0,39,0,2550,39,260,16,3,1,1,30,1143.56,-0.447802,-0.856219,2.54735,-0.731327,2.40507,0,0,0
18,0,38,2,9305,121,119,41,3,1,1,30,853.04,2.34376,2.06402,1.72497,2.24632,1.77546,1,0,0
12,0,39,0,13963,169,7,42,3,1,1,30,593.28,2.72449,2.63308,-1.42568,2.34196,1.19783,1,0,0
12,0,39,1,4705,83,7,23,3,1,1,30,219.52,1.06569,1.12912,-1.49181,0.271885,-0.0818056,0,0,0
11,0,39,0,6108,95,7,10,2,1,1,25,310.635,1.34623,1.59795,-1.43571,-1.64022,0.676059,0,0,0
14,1,39,0,2428,54,7,15,3,1,2,30,127.28,-0.593378,0.0649709,-1.40674,-0.889281,-1.34286,0,0,0
30,0,39,3,15330,225,29,30,3,1,1,30,738.2,2.88745,2.97273,0.464855,1.23837,1.39848,1,0,1
9,0,39,1,3285,27,458,6,3,1,1,30,1964.48,0.235751,-1.63525,3.00476,-2.1122,2.97835,0,0,0
14,0,38,0,15675,182,125,28,2,1,1,25,1276.07,2.97461,2.79509,1.76141,0.857216,2.50854,1,0,0
8,0,38,1,6690,86,161,24,3,1,1,30,915.04,1.71391,1.24833,2.009,0.46124,1.98263,0,0,0
5,0,38,0,1065,14,7,9,2,1,2,25,80.055,-1.93741,-2.26733,-1.42845,-1.82057,-2.08367,0,0,0
7,0,39,0,900,14,7,6,2,1,2,25,72.63,-2.11893,-2.25707,-1.38921,-2.19095,-2.11118,0,0,0
5,0,38,0,305,6,7,2,2,1,2,25,45.495,-2.69982,-2.62795,-1.44197,-2.75886,-2.45891,0,1,1
8,0,38,0,7698,127,359,41,2,1,1,25,1967.62,2.10222,2.15213,2.84462,2.21554,2.99897,0,0,0
12,0,38,1,11655,154,7,45,3,1,1,30,500.36,2.5956,2.46617,-1.42524,2.58598,1.10801,1,0,0
13,0,38,1,6908,75,83,35,2,1,1,25,687.735,1.8156,0.785701,1.55423,1.65667,1.3236,0,0,0
28,1,34,0,1145,47,7,15,2,1,2,25,85.14,-1.82755,-0.396965,-1.40436,-0.888339,-1.94698,0,1,1
26,0,37,8,10625,93,7,40,4,1,1,45,285.45,2.45376,1.49571,-1.41608,2.15666,0.580501,1,0,0
18,0,37,1,6008,98,7,22,2,1,1,25,306.27,1.33958,1.6438,-1.37483,0.198621,0.638401,0,1,1
6,0,35,0,3030,22,7,12,3,1,1,30,150.08,0.0230633,-1.85496,-1.40151,-1.30627,-1.07003,0,0,0
14,0,36,0,3180,41,7,14,3,1,2,30,156.84,0.188571,-0.708317,-1.40451,-1.02879,-0.94861,0,1,1
14,0,37,0,2458,44,9,29,3,1,2,30,136.08,-0.539745,-0.567057,-1.02961,1.00986,-1.25526,0,1,1
5,1,37,0,305,6,7,2,3,1,2,30,40.44,-2.74064,-2.63956,-1.48977,-2.77252,-2.51667,0,1,1
6,0,37,0,1858,25,7,4,3,1,1,30,103.32,-1.15057,-1.69265,-1.41154,-2.39092,-1.69904,0,0,0
8,0,34,1,6975,97,7,20,4,1,1,45,194.3,1.86586,1.62781,-1.40749,-0.0800385,-0.36427,0,0,0
5,0,37,0,818,7,7,2,4,1,2,45,38.125,-2.23084,-2.60071,-1.41499,-2.77619,-2.59383,0,1,1
5,0,37,1,305,6,7,2,5,1,1,55,15.165,-2.72884,-2.64946,-1.4141,-2.64666,-2.75026,0,0,0
30,0,32,3,16265,238,7,78,2,1,1,25,774.135,3.07853,3.05745,-1.41825,3.01931,1.51059,1,0,1
11,0,35,3,7155,116,246,31,2,2,1,25,1434.19,1.943,1.97609,2.53698,1.33679,2.6561,0,0,0
7,0,37,0,3908,82,7,26,2,1,1,25,211.05,0.631041,1.10591,-1.43347,0.764582,-0.167119,0,0,0
8,0,36,0,1855,44,13,18,3,1,2,30,127.96,-1.157,-0.535032,-0.655243,-0.456838,-1.30689,0,0,0
11,0,37,0,2970,53,150,21,2,1,1,25,811.035,0.0060032,-0.040795,1.92162,-0.0698117,1.65147,0,0,0
9,0,28,1,1505,36,168,9,2,2,1,25,825.345,-1.47171,-1.04739,2.08783,-1.76771,1.66795,0,0,0
9,0,27,0,1758,39,7,66,4,1,1,45,62.425,-1.2159,-0.858133,-1.38222,2.93356,-2.24081,0,0,0
16,0,28,0,890,25,7,5,2,1,2,25,72.675,-2.12692,-1.66702,-1.45602,-2.23058,-2.12802,0,0,0
5,0,27,0,1015,10,7,2,4,1,2,45,43.125,-1.9576,-2.46347,-1.44599,-2.68248,-2.47778,0,0,0
15,0,26,0,1415,32,7,11,2,1,1,25,96.615,-1.56462,-1.26124,-1.5047,-1.41604,-1.80947,0,0,0
7,0,26,0,3415,61,7,21,3,1,1,30,167.04,0.334412,0.324486,-1.46307,-0.0829733,-0.745305,0,0,0
7,0,19,0,1885,26,7,12,2,1,1,25,117.495,-1.10732,-1.57689,-1.45792,-1.30425,-1.51181,0,0,0
21,0,18,1,6583,141,60,40,1,2,1,15,699.82,1.63675,2.32988,1.30834,2.18872,1.30731,1,0,1
17,0,16,0,9123,171,48,38,4,1,1,45,352.35,2.28429,2.61562,1.18499,1.97052,0.84659,1,0,1
13,0,17,3,3043,45,7,17,3,1,1,30,151.52,0.0434917,-0.506445,-1.46576,-0.541813,-1.05602,0,0,0
7,0,10,1,4580,40,190,8,3,1,1,30,944.8,0.976474,-0.794436,2.24483,-1.86503,2.06607,0,0,0
8,0,10,1,1678,19,7,5,3,1,1,30,95.88,-1.3107,-1.9962,-1.47507,-2.24549,-1.80708,0,1,1
15,0,40,1,4865,78,21,22,3,1,1,30,281.72,1.04118,0.953684,0.027278,0.232547,0.490537,0,0,0
7,0,41,0,813,12,23,9,3,1,2,30,125,-2.21768,-2.39348,0.118889,-1.83438,-1.37331,0,0,0
17,0,39,1,2948,67,375,29,3,1,1,30,1620.6,-0.013456,0.58673,2.93208,1.09712,2.82534,0,0,0
17,0,40,1,4693,73,17,40,1,1,1,15,355.63,1.00722,0.80722,-0.319801,2.12291,0.85358,0,0,0
10,0,40,1,2888,65,18,38,2,1,1,25,213.885,-0.0673638,0.440466,-0.191078,1.9198,-0.134145,0,0,0
18,0,40,2,4270,89,48,33,3,1,1,30,366.36,0.828564,1.35701,1.16128,1.48675,0.885621,0,0,0
11,0,40,1,2855,46,301,23,3,1,1,30,1320.04,-0.128963,-0.436725,2.72237,0.292744,2.52902,0,0,0
20,0,39,3,9610,128,160,48,3,1,1,30,1029.52,2.39191,2.1406,2.01096,2.73236,2.28486,1,0,1
14,0,40,1,14268,176,16,49,3,1,1,30,641.76,2.75299,2.70078,-0.385712,2.7759,1.25395,1,0,0
14,0,40,2,5010,90,18,30,3,1,1,30,276,1.10226,1.38813,-0.175549,1.19959,0.433702,0,0,0
13,0,40,1,6413,102,23,17,3,1,1,30,352.6,1.52351,1.78809,0.127137,-0.569631,0.832919,0,0,0
16,0,40,0,2733,61,24,22,3,1,2,30,207.76,-0.223716,0.322902,0.201712,0.202215,-0.206672,0,0,0
32,1,40,4,15635,232,70,37,3,1,1,30,914.68,3.00358,3.01365,1.45185,1.88771,1.98814,1,0,0
11,0,40,2,3590,34,499,13,3,1,1,30,2140.96,0.437072,-1.17454,3.1057,-1.19583,3.12651,0,0,0
16,0,39,1,15980,189,166,35,2,1,1,25,1474.61,2.98296,2.88219,2.04552,1.66866,2.70291,1,0,1
10,0,39,2,6995,93,202,31,3,1,1,30,1091.52,1.87268,1.52581,2.33543,1.35997,2.36706,0,0,0
7,0,39,0,1370,21,16,16,2,1,2,25,134.595,-1.6,-1.93664,-0.396492,-0.775784,-1.25467,0,0,0
9,0,40,0,1205,21,29,13,3,1,2,30,165.04,-1.76643,-1.89278,0.453328,-1.2281,-0.821678,0,0,0
7,0,39,0,495,7,16,5,2,1,2,25,94.59,-2.51928,-2.59687,-0.450077,-2.33151,-1.87042,0,1,1
10,0,39,1,8003,134,400,48,3,1,1,30,1925.48,2.11222,2.24264,3.02274,2.71541,2.93536,1,0,0
14,0,39,2,11960,161,27,52,4,1,1,45,370.525,2.63979,2.51127,0.386907,2.84092,0.895042,1,0,0
15,0,39,2,7213,82,124,42,2,1,1,25,886.275,1.96074,1.10608,1.79555,2.27147,1.88079,0,0,0
30,1,35,0,1450,54,32,22,3,1,2,30,188.16,-1.50053,0.0250087,0.600002,0.190234,-0.445468,0,1,1
28,0,38,9,10930,100,17,47,5,1,1,55,190.95,2.49304,1.72147,-0.248771,2.67326,-0.408769,1,0,0
20,0,38,2,6313,105,42,29,2,1,1,25,477.81,1.5001,1.84363,1.04849,1.04926,1.11756,0,0,0
8,0,36,1,3335,29,16,19,3,1,1,30,198.56,0.271738,-1.46193,-0.436274,-0.276525,-0.316782,0,0,0
16,1,37,0,3485,48,25,21,3,1,2,30,241.32,0.357602,-0.303267,0.22135,-0.00861378,0.152461,0,1,1
16,1,38,0,2763,51,50,36,4,1,2,45,195.35,-0.228026,-0.109537,1.20314,1.77191,-0.348043,0,1,1
7,0,38,0,628,9,16,7,3,1,2,30,89.48,-2.39709,-2.47331,-0.397286,-2.02771,-1.89911,0,1,1
8,0,38,1,2163,32,16,11,4,1,1,45,94.875,-0.806644,-1.29475,-0.390031,-1.42679,-1.83113,0,0,0
10,0,35,2,7280,104,30,27,5,1,1,55,155.76,1.96936,1.82696,0.545178,0.761933,-0.957521,0,0,0
7,0,38,0,1123,14,25,9,4,1,2,45,90.925,-1.89607,-2.2211,0.263881,-1.82551,-1.87849,0,1,1
7,0,38,2,833,11,20,7,5,1,1,55,42.66,-2.16738,-2.38337,-0.0562641,-2.02999,-2.49939,0,0,0
32,0,33,4,16570,245,16,85,2,2,1,25,828.675,3.08905,3.08848,-0.385484,3.11859,1.72391,1,0,0
13,0,36,4,7460,123,287,38,3,2,1,30,1451.32,2.07876,2.08339,2.7021,1.9901,2.67484,1,0,1
9,0,38,1,4213,89,18,33,3,1,1,30,244.08,0.800838,1.36319,-0.198842,1.55772,0.166533,0,0,0
10,0,37,0,2160,51,54,25,3,1,2,30,304.44,-0.805699,-0.137936,1.27771,0.518212,0.637809,0,0,0
13,0,38,1,3275,60,191,28,2,1,1,25,1009.58,0.222884,0.265507,2.26799,0.996372,2.20898,0,0,0
11,0,29,2,1810,43,209,16,3,2,1,30,910.12,-1.15884,-0.634365,2.41972,-0.788811,1.94261,0,0,0
11,0,28,1,2063,46,46,73,5,1,1,55,100.635,-0.895094,-0.39592,1.08325,3.01747,-1.75088,0,0,0
18,0,29,0,1195,32,26,12,3,1,2,30,153.08,-1.81814,-1.28203,0.33703,-1.33909,-1.05661,0,0,0
7,0,28,0,1320,17,37,8,4,1,2,45,125.925,-1.65242,-2.11144,0.791777,-1.9529,-1.41521,0,0,0
17,0,27,1,1720,39,35,18,2,1,1,25,236.655,-1.27383,-0.843193,0.701998,-0.368751,0.0611994,0,0,0
9,0,27,1,3720,68,24,28,3,1,1,30,247.52,0.492006,0.584028,0.233112,1.00844,0.181636,0,0,0
9,0,20,1,2190,33,44,19,3,1,1,30,264.92,-0.823939,-1.2616,1.09087,-0.243654,0.386422,0,0,0
23,0,19,2,6887,148,101,47,2,2,1,25,771.075,1.82306,2.35607,1.67836,2.69335,1.55869,0,0,0
19,0,17,1,9427,178,89,45,5,1,1,55,277.575,2.39085,2.75909,1.57811,2.56884,0.445332,1,0,1
15,0,18,4,3347,52,47,24,3,1,1,30,323.96,0.28812,-0.0853372,1.13843,0.462769,0.742658,0,0,0
9,0,11,2,4885,47,231,15,3,1,1,30,1121.28,1.10481,-0.365653,2.49089,-0.89623,2.43535,0,0,0
10,1,11,2,1982,26,16,12,3,1,1,30,144.32,-1.02653,-1.63693,-0.424202,-1.3262,-1.12553,0,1,1
11,0,40,1,4485,76,3,16,3,1,1,30,194.44,0.946545,0.885794,-1.7456,-0.786477,-0.38223,0,0,0
3,0,41,0,433,10,5,3,3,1,2,30,37.72,-2.55472,-2.45438,-1.6149,-2.5543,-2.56049,0,0,0
13,0,39,1,2568,65,357,23,3,1,1,30,1533.32,-0.451436,0.490997,2.81898,0.262522,2.7839,0,0,0
13,0,40,1,4313,71,0,34,1,1,1,15,241.12,0.842995,0.703006,-2.24607,1.57687,0.126431,0,0,0
6,0,40,1,2508,63,0,32,2,1,1,25,115.695,-0.514135,0.423861,-2.17594,1.45157,-1.50826,0,0,0
14,0,40,2,3890,87,30,27,3,1,1,30,279.08,0.584245,1.27627,0.515103,0.800841,0.468391,0,0,0
7,0,40,1,2475,44,283,17,3,1,1,30,1232.76,-0.556825,-0.531545,2.67466,-0.554185,2.45684,0,0,0
16,0,39,3,9230,126,142,42,3,1,1,30,942.24,2.32831,2.15082,1.84924,2.29846,2.03487,1,0,0
10,0,40,1,13888,174,0,43,3,1,1,30,562.48,2.68747,2.72378,-2.22046,2.41148,1.18348,1,0,0
10,0,40,2,4630,88,0,24,3,1,1,30,188.72,0.975571,1.30471,-2.16061,0.396257,-0.444212,0,0,0
9,0,40,1,6033,100,5,11,3,1,1,30,265.32,1.3399,1.68203,-1.67106,-1.41196,0.362707,0,0,0
12,1,40,0,2353,59,6,16,3,1,2,30,120.48,-0.695517,0.282852,-1.62566,-0.775811,-1.4443,0,0,0
28,0,40,4,15255,230,52,31,3,1,1,30,827.4,2.88667,3.01839,1.20289,1.30791,1.67719,1,0,1
7,0,40,2,3210,32,481,7,3,1,1,30,2053.68,0.166978,-1.30469,3.0824,-2.05953,3.02542,0,0,0
12,0,39,1,15600,187,148,29,2,1,1,25,1376.41,2.9735,2.84337,1.91636,1.15132,2.60208,1,0,0
6,0,39,2,6615,91,184,25,3,1,1,30,1004.24,1.67043,1.40607,2.2154,0.536713,2.20844,0,0,0
3,0,39,0,990,19,0,10,2,1,2,25,45.405,-2.02512,-2.01743,-2.17963,-1.63119,-2.44273,0,0,0
5,0,40,0,825,19,11,7,3,1,2,30,77.76,-2.23613,-2.00297,-0.767354,-2.01321,-2.06365,0,0,0
0,0,39,0,0,0,0,0,2,1,2,25,0,-2.88773,-3.08098,-2.15852,-2.87493,-2.9723,0,1,1
6,0,39,1,7623,132,382,42,3,1,1,30,1838.2,2.0681,2.21287,2.92168,2.32462,2.91837,0,0,0
10,0,39,2,11580,159,9,46,4,1,1,45,315.975,2.59985,2.49925,-1.04561,2.61894,0.704368,1,0,1
11,0,39,2,6833,80,106,36,2,1,1,25,788.085,1.77917,1.01734,1.68322,1.7702,1.56666,0,0,0
26,1,35,0,1070,52,14,16,3,1,2,30,100.88,-1.92837,-0.0575016,-0.593209,-0.796887,-1.77169,0,1,1
24,0,38,9,10550,98,0,41,5,1,1,55,159.72,2.46148,1.65234,-2.14585,2.21874,-0.885969,1,0,1
16,0,38,2,5933,103,24,23,2,1,1,25,379.62,1.28984,1.78286,0.165463,0.275153,0.925296,0,0,0
4,0,36,1,2955,27,0,13,3,1,1,30,119.28,-0.0582941,-1.56797,-2.16902,-1.19761,-1.48817,0,0,0
12,0,37,0,3105,46,7,15,3,1,2,30,154.04,0.100592,-0.386867,-1.45721,-0.890736,-1.01253,0,1,1
12,0,38,0,2383,49,32,30,4,1,2,45,140.8,-0.637877,-0.304934,0.630693,1.16802,-1.19322,0,1,1
3,0,38,0,248,7,0,1,3,1,2,30,10.2,-2.80767,-2.59465,-2.16524,-2.81944,-2.85956,0,1,1
4,0,38,1,1783,30,0,5,4,1,1,45,45.325,-1.22354,-1.38859,-2.15341,-2.26546,-2.53403,0,0,0
6,0,35,2,6900,102,12,21,5,1,1,55,123.03,1.8024,1.7688,-0.71415,-0.0316707,-1.40012,1,0,0
3,0,38,0,743,12,7,3,4,1,2,45,36.375,-2.2687,-2.33373,-1.4939,-2.54276,-2.58763,0,1,1
3,0,38,2,453,9,2,1,5,1,1,55,9.93,-2.56454,-2.48059,-1.83393,-2.79813,-2.85124,0,0,0
28,0,33,4,16190,243,0,79,2,2,1,25,739.485,3.09054,3.1169,-2.1932,3.06079,1.44062,1,0,1
9,0,36,4,7080,121,269,32,3,2,1,30,1364.04,1.90245,2.06597,2.56964,1.40593,2.59309,0,0,0
5,0,38,1,3833,87,0,27,3,1,1,30,156.8,0.574377,1.26052,-2.18608,0.852499,-0.944575,0,0,0
6,0,37,0,1780,49,36,19,3,1,2,30,217.16,-1.2236,-0.232638,0.863906,-0.213251,-0.142144,0,0,0
9,0,38,1,2895,58,173,22,2,1,1,25,911.385,-0.115875,0.186101,2.08409,0.118775,1.95825,0,0,0
7,0,29,2,1430,41,191,10,3,2,1,30,822.84,-1.54863,-0.747076,2.29372,-1.64891,1.67628,0,0,0
7,0,28,1,1683,44,28,67,5,1,1,55,67.905,-1.32124,-0.529459,0.423095,2.95546,-2.17795,0,0,0
14,0,29,0,815,30,8,6,3,1,2,30,65.8,-2.19542,-1.42353,-1.1157,-2.23681,-2.22685,0,0,0
3,0,28,0,940,15,19,2,4,1,2,45,71.375,-2.08763,-2.20343,-0.13138,-2.66648,-2.12683,0,0,0
13,0,27,1,1340,37,17,12,2,1,1,25,138.465,-1.65175,-0.983941,-0.314668,-1.26434,-1.22403,0,0,0
5,0,27,1,3340,66,6,22,3,1,1,30,160.24,0.234767,0.515312,-1.5934,0.139456,-0.867291,0,0,0
5,0,20,1,1810,31,26,13,3,1,1,30,177.64,-1.20051,-1.32209,0.300292,-1.22126,-0.572808,0,0,0
19,0,19,2,6507,146,83,41,2,2,1,25,672.885,1.61827,2.38424,1.52651,2.20728,1.28591,1,0,1
15,0,17,1,9047,176,71,39,5,1,1,55,244.845,2.27395,2.72019,1.44783,2.07581,0.146971,1,0,0
11,0,18,4,2967,50,29,18,3,1,1,30,236.68,0.00627749,-0.172407,0.464351,-0.426579,0.0666659,0,0,0
5,0,11,2,4505,45,213,9,3,1,1,30,1034,0.922176,-0.491544,2.39499,-1.85024,2.26826,0,0,0
6,1,11,2,1602,24,0,6,3,1,1,30,65.04,-1.37713,-1.80299,-2.17514,-2.25829,-2.2454,0,1,1
11,0,35,0,4675,71,4,18,2,1,1,25,231.57,0.99613,0.673776,-1.69467,-0.386116,0.0309808,0,0,0
3,0,36,0,623,5,6,5,2,1,2,25,55.26,-2.41914,-2.6945,-1.51812,-2.26526,-2.33371,0,0,0
13,0,34,0,2758,60,358,25,2,1,1,25,1737.81,-0.208536,0.314771,2.82116,0.599034,2.89818,0,0,0
13,0,35,0,4503,66,0,36,1,1,1,15,251.295,0.950041,0.521507,-2.17579,1.76138,0.232954,0,0,0
6,0,35,0,2698,58,1,34,1,1,1,15,157.08,-0.270134,0.17887,-1.89177,1.62944,-0.945631,0,0,0
14,0,35,1,4080,82,31,29,3,1,1,30,290.48,0.727303,1.07726,0.653442,1.08513,0.586734,0,0,0
7,0,35,0,2665,39,284,19,3,1,1,30,1244.16,-0.298196,-0.844151,2.64408,-0.306737,2.48776,0,0,0
16,0,34,2,9420,121,143,44,3,1,1,30,953.64,2.36194,2.08295,1.89027,2.49357,2.07065,1,0,1
10,0,35,0,14078,169,0,45,3,1,1,30,569.88,2.75334,2.59954,-2.17619,2.50911,1.15662,1,0,0
10,0,35,1,4820,83,1,26,3,1,1,30,200.12,1.09035,1.1354,-1.8703,0.623942,-0.328273,0,0,0
9,0,35,0,6223,95,6,13,2,1,1,25,311.31,1.43522,1.54568,-1.56336,-1.21609,0.666499,0,0,0
12,0,35,0,2543,54,7,18,3,1,2,30,131.88,-0.494365,0.0224696,-1.45741,-0.441272,-1.27603,0,0,0
28,0,35,3,15445,225,53,33,3,1,1,30,838.8,2.93679,2.97139,1.25212,1.49319,1.73777,1,0,0
7,0,35,1,3400,27,482,9,3,1,1,30,2065.08,0.262302,-1.59168,3.0504,-1.83437,3.10502,0,0,0
12,0,34,0,15790,182,149,31,2,1,1,25,1389.24,3.01768,2.80022,1.9303,1.25643,2.63104,1,0,0
6,0,34,1,6805,86,185,27,3,1,1,30,1015.64,1.78684,1.21136,2.21138,0.832883,2.21223,0,0,0
3,0,34,0,1180,14,0,12,2,1,2,25,53.73,-1.86061,-2.27625,-2.15388,-1.2336,-2.33065,0,0,0
5,0,35,0,1015,14,12,9,2,1,2,25,100.305,-1.96445,-2.28771,-0.679106,-1.79684,-1.73611,0,0,0
0,0,34,0,0,0,0,0,2,1,2,25,0,-3.00168,-2.81579,-2.1854,-2.81597,-2.9,0,1,1
6,0,34,0,7813,127,383,44,2,1,1,25,2080.8,2.10566,2.16187,2.95064,2.48038,3.12289,0,0,0
10,0,34,1,11770,154,10,48,3,1,1,30,516.96,2.62447,2.45677,-0.92721,2.72972,1.12613,1,0,0
11,0,34,1,7023,75,107,38,2,1,1,25,800.91,1.89696,0.825434,1.69034,1.99497,1.60725,0,0,0
26,1,30,0,1260,47,15,18,2,1,2,25,126.315,-1.74954,-0.439259,-0.468252,-0.408664,-1.38661,0,1,1
24,0,33,8,10740,93,0,43,4,1,1,45,270.825,2.53247,1.50172,-2.16522,2.41166,0.428218,1,0,0
16,0,33,1,6123,98,25,25,2,1,1,25,392.445,1.41003,1.67301,0.266842,0.47265,0.944158,0,1,1
4,0,31,0,3145,22,0,15,3,1,1,30,126.68,0.122543,-1.79056,-2.17154,-0.909129,-1.3507,0,0,0
12,1,32,0,3295,41,8,17,3,1,2,30,165.44,0.25808,-0.734585,-1.1271,-0.562921,-0.799219,0,1,1
12,0,33,0,2573,44,33,32,3,1,2,30,236.68,-0.446909,-0.595652,0.700579,1.40992,0.0786763,0,1,1
3,0,33,0,438,2,0,3,3,1,2,30,17.6,-2.56006,-2.7898,-2.22706,-2.53002,-2.76071,0,1,1
4,0,33,0,1973,25,0,7,3,1,1,30,79.92,-1.01587,-1.70259,-2.24966,-2.07633,-2.01102,0,0,0
6,0,30,1,7090,97,13,23,4,1,1,45,212.175,1.958,1.62339,-0.67115,0.290137,-0.206402,1,0,1
3,0,33,0,933,7,8,5,4,1,2,45,43.5,-2.08991,-2.58264,-1.1614,-2.32161,-2.46311,0,1,1
3,0,33,1,643,4,3,3,5,1,1,55,14.205,-2.35477,-2.73252,-1.7656,-2.52658,-2.78024,0,0,0
28,0,28,3,16380,238,0,81,2,1,1,25,747.81,3.11155,3.03949,-2.2666,3.04674,1.43216,1,0,1
9,0,31,3,7270,116,270,34,2,2,1,25,1547.37,1.9935,2.01034,2.58275,1.60364,2.79648,0,0,0
5,0,33,0,4023,82,1,29,2,1,1,25,189.225,0.65578,1.08271,-1.85902,1.10968,-0.461217,0,0,0
6,0,32,0,1970,44,37,21,3,1,2,30,228.56,-0.973423,-0.568456,0.8152,-0.0589292,-0.0339627,0,0,0
9,0,33,0,3085,53,174,24,2,1,1,25,924.21,0.0539469,-0.0787438,2.12809,0.410413,1.97599,0,0,0
7,0,24,1,1620,36,192,12,2,2,1,25,938.52,-1.34779,-1.06644,2.27615,-1.24399,2.04299,0,0,0
7,0,23,0,1873,39,29,69,4,1,1,45,120.3,-1.15236,-0.864812,0.464178,2.97034,-1.43529,0,0,0
14,0,24,0,1005,25,9,8,2,1,2,25,86.85,-1.98167,-1.66679,-1.0508,-1.8749,-1.93929,0,0,0
3,0,23,0,1130,10,20,4,4,1,2,45,78.5,-1.87119,-2.51146,-0.065043,-2.41655,-2.07028,0,0,0
13,0,22,0,1530,32,18,14,2,1,1,25,151.29,-1.4658,-1.29763,-0.192632,-1.05142,-1.0606,0,0,0
5,0,22,0,3530,61,7,24,3,1,1,30,171.64,0.379604,0.35833,-1.44504,0.386668,-0.696581,0,0,0
5,0,15,0,2000,26,27,15,2,1,1,25,212.67,-0.958576,-1.64018,0.339016,-0.938947,-0.195976,0,0,0
19,0,14,1,6697,141,84,43,1,2,1,15,838.09,1.64746,2.31273,1.56715,2.37205,1.75472,1,0,0
15,0,12,0,9237,171,72,41,4,1,1,45,415.2,2.25728,2.65165,1.48289,2.23258,0.998315,1,0,1
11,0,13,3,3157,45,30,20,3,1,1,30,248.08,0.114146,-0.446076,0.531152,-0.223707,0.169007,0,0,0
5,0,6,1,4695,40,214,11,3,1,1,30,1045.4,1.02592,-0.796759,2.46111,-1.424,2.28165,0,0,0
6,0,6,1,1792,19,0,8,3,1,1,30,72.44,-1.20363,-2.04341,-2.23433,-1.87628,-2.12086,0,1,1
15,0,45,2,4675,83,20,20,3,1,1,30,270.32,1.023,1.10587,-0.0802064,-0.199645,0.395868,0,0,0
7,0,46,0,623,17,22,7,3,1,2,30,113.6,-2.37646,-2.12379,0.144102,-2.00388,-1.55739,0,0,0
17,0,44,2,2758,72,374,27,3,1,1,30,1609.2,-0.224968,0.747286,2.88247,0.846535,2.80208,0,0,0
17,0,45,2,4503,78,16,38,1,1,1,15,339.955,0.943377,0.928245,-0.416774,1.97371,0.773994,0,0,0
10,0,45,2,2698,70,17,36,2,1,1,25,201.06,-0.278156,0.662436,-0.314117,1.76753,-0.284768,0,0,0
18,0,45,3,4080,94,47,31,3,1,1,30,354.96,0.693387,1.55405,1.13795,1.24949,0.835471,0,0,0
11,0,45,2,2665,51,300,21,4,1,1,45,817.9,-0.303382,-0.169023,2.78005,-0.0986918,1.64226,0,0,0
20,0,44,4,9420,133,159,46,3,1,1,30,1018.12,2.34576,2.23845,2.01648,2.60827,2.21862,1,0,1
14,0,45,2,14078,181,15,47,3,1,1,30,630.36,2.75646,2.82458,-0.511009,2.68746,1.26158,1,0,0
14,0,45,3,4820,95,17,28,4,1,1,45,165.375,1.05144,1.55926,-0.32432,0.929078,-0.811832,0,0,0
13,0,45,2,6223,107,22,15,3,1,1,30,341.2,1.41774,1.87172,0.0714439,-0.948729,0.797056,0,0,0
16,0,45,0,2543,66,23,20,4,1,2,45,122.725,-0.46377,0.554519,0.113407,-0.199269,-1.455,0,0,0
32,0,45,5,15445,237,69,35,3,2,1,30,903.28,2.93445,3.06859,1.41061,1.74101,1.87571,1,0,0
11,0,45,3,3400,39,498,11,4,1,1,45,1330.97,0.309728,-0.847012,3.07317,-1.41908,2.54331,0,0,0
16,0,44,2,15790,194,165,33,3,1,1,30,1299.36,3.02243,2.87644,2.03919,1.4847,2.52439,1,0,1
10,0,44,3,6805,98,201,29,4,1,1,45,675.075,1.78606,1.6652,2.30123,1.10649,1.28352,0,0,0
7,0,44,0,1180,26,15,14,3,1,2,30,108.24,-1.86035,-1.61456,-0.454588,-1.01516,-1.67505,0,0,0
9,0,45,0,1015,26,28,11,3,1,2,30,153.64,-1.9694,-1.66125,0.417216,-1.49071,-1.01113,0,0,0
7,0,44,0,305,12,15,3,3,1,2,30,72.68,-2.68911,-2.36205,-0.470226,-2.54727,-2.10587,0,1,1
10,0,44,2,7813,139,399,46,3,1,1,30,1914.08,2.12976,2.32331,3.01889,2.57458,2.93654,1,0,1
14,0,44,3,11770,166,26,50,4,1,1,45,363.4,2.57676,2.6364,0.297719,2.80285,0.859411,1,0,0
15,0,44,3,7023,87,123,40,3,1,1,30,776.4,1.8695,1.20138,1.80304,2.14944,1.53599,0,0,0
30,1,40,0,1260,59,31,20,3,1,2,30,176.76,-1.77263,0.252955,0.590841,-0.176317,-0.617102,0,1,1
28,0,43,10,10740,105,16,45,5,2,1,55,186.675,2.47137,1.84441,-0.38619,2.52535,-0.484196,1,0,1
20,0,43,3,6123,110,41,27,3,1,1,30,413.32,1.38904,1.878,0.997269,0.824775,0.985245,0,0,0
8,0,41,2,3145,34,15,17,4,1,1,45,116.975,0.125855,-1.2042,-0.47309,-0.576063,-1.50015,0,0,0
16,1,42,0,3295,53,24,19,3,1,2,30,229.92,0.228719,-0.053738,0.229117,-0.265837,0.0033534,0,1,1
16,1,43,0,2573,56,49,34,4,1,2,45,188.225,-0.417337,0.119807,1.20173,1.59492,-0.453805,0,1,1
7,0,43,0,438,14,15,5,3,1,2,30,78.08,-2.57945,-2.26983,-0.417102,-2.39514,-2.05695,0,1,1
8,0,43,2,1973,37,15,9,4,1,1,45,87.75,-1.02049,-1.00737,-0.507112,-1.80138,-1.91678,0,0,0
10,0,40,3,7090,109,29,25,5,1,1,55,151.485,1.90222,1.86882,0.45977,0.584138,-1.07274,0,0,0
7,0,43,0,933,19,24,7,4,1,2,45,83.8,-2.10607,-2.00223,0.178546,-2.03299,-1.94395,0,1,1
7,0,43,3,643,16,19,5,5,1,1,55,38.385,-2.4154,-2.17763,-0.131788,-2.38986,-2.56505,0,0,0
32,0,38,5,16380,250,15,83,2,2,1,25,815.85,3.11672,3.14159,-0.440411,3.0987,1.65305,1,0,0
13,0,41,5,7270,128,286,36,3,2,1,30,1439.92,1.97828,2.17354,2.6582,1.72874,2.66835,1,0,0
9,0,43,2,4023,94,17,31,3,1,1,30,232.68,0.680645,1.57198,-0.289765,1.27958,0.0381729,0,0,0
10,0,42,0,1970,56,53,23,4,1,2,45,183.15,-1.01264,0.0926123,1.27977,0.232131,-0.52416,0,0,0
13,0,43,2,3085,65,190,26,3,1,1,30,886,0.0822276,0.430796,2.2505,0.723285,1.88425,0,0,0
11,0,34,3,1620,48,208,14,3,2,1,30,898.72,-1.33662,-0.321798,2.38453,-0.96487,1.9388,0,0,0
11,0,33,2,1873,51,45,71,5,1,1,55,96.36,-1.09232,-0.101793,1.07583,3.00548,-1.84974,0,0,0
18,0,34,0,1005,37,25,10,3,1,2,30,141.68,-2.02228,-1.00458,0.266774,-1.67828,-1.16096,0,0,0
7,0,33,0,1130,22,36,6,4,1,2,45,118.8,-1.89429,-1.83728,0.798604,-2.11337,-1.50908,0,0,0
17,0,32,2,1530,44,34,16,2,1,1,25,223.83,-1.43781,-0.573224,0.720778,-0.765801,-0.0480743,0,0,0
9,0,32,2,3530,73,23,26,4,1,1,45,147.575,0.411622,0.780098,0.180208,0.712949,-1.10449,0,0,0
9,0,25,2,2000,38,43,17,3,1,1,30,253.52,-0.928438,-0.983733,1.06529,-0.611823,0.300277,0,0,0
23,0,24,3,6697,153,100,45,2,2,1,25,758.25,1.68664,2.45959,1.62877,2.50557,1.50697,1,0,0
19,0,22,2,9237,183,88,43,5,1,1,55,273.3,2.3261,2.80143,1.6267,2.38215,0.486911,1,0,1
15,0,23,5,3157,57,46,22,4,1,1,45,195.35,0.108371,0.147271,1.11177,0.0824632,-0.356985,0,0,0
9,0,16,3,4695,52,230,13,3,1,1,30,1109.88,0.97536,-0.0673265,2.47906,-1.20704,2.39077,0,0,0
10,0,16,3,1792,31,15,10,3,1,1,30,132.92,-1.20229,-1.39432,-0.453642,-1.6627,-1.26607,0,1,1
19,0,41,2,5385,88,37,19,3,1,1,30,366.92,1.17638,1.30998,0.849433,-0.280647,0.898688,0,0,0
11,0,42,0,1333,22,22,6,3,1,2,30,142.2,-1.64013,-1.86898,-0.00532376,-2.1808,-1.19469,0,0,0
21,0,40,2,3468,77,374,26,3,1,1,30,1637.8,0.36507,0.891877,2.90124,0.698607,2.87583,0,0,0
21,0,41,2,5213,83,16,37,1,1,1,15,379.28,1.15571,1.13203,-0.404986,1.85412,0.903538,0,0,0
14,0,41,2,3408,75,17,35,2,1,1,25,233.235,0.320572,0.808496,-0.25486,1.71078,0.0229437,0,0,0
22,0,41,3,4790,99,47,30,3,1,1,30,383.56,1.03875,1.67835,1.14574,1.14519,0.949859,0,0,0
15,0,41,2,3375,56,300,20,4,1,1,45,835.775,0.275106,0.098391,2.74967,-0.190194,1.72336,0,0,0
24,0,40,4,10130,138,159,45,3,1,1,30,1046.72,2.40775,2.32473,2.02096,2.51681,2.28238,1,0,1
18,0,41,2,14788,186,15,46,3,1,1,30,658.96,2.77079,2.87185,-0.493584,2.60361,1.28086,1,0,0
18,0,41,3,5530,100,17,27,4,1,1,45,183.25,1.20868,1.6898,-0.260824,0.788232,-0.545454,0,0,0
17,0,41,2,6933,112,22,14,3,1,1,30,369.8,1.87239,1.93712,0.0356692,-0.980999,0.896191,1,0,0
20,0,41,0,3253,71,23,19,4,1,2,45,140.6,0.200369,0.665501,0.14502,-0.236354,-1.21502,0,0,0
36,0,41,5,16155,242,69,34,3,2,1,30,931.88,3.10652,3.08639,1.44702,1.59657,2.01736,1,0,0
15,0,41,3,4110,44,498,10,4,1,1,45,1348.85,0.762984,-0.602044,3.11795,-1.67964,2.56263,0,0,0
20,0,40,2,16500,199,165,32,2,1,1,25,1493.95,3.11938,2.87022,2.02905,1.44857,2.69909,1,0,0
14,0,40,3,7515,103,201,28,3,1,1,30,1108.72,2.0345,1.76925,2.34142,0.920647,2.39891,0,0,0
11,0,40,0,1890,31,15,13,2,1,2,25,153.945,-1.09058,-1.34537,-0.430155,-1.20825,-1.02923,0,0,0
13,0,41,0,1725,31,28,10,3,1,2,30,182.24,-1.26414,-1.36727,0.391197,-1.55761,-0.573569,0,0,0
11,0,40,0,1015,17,15,2,3,1,2,30,101.28,-2.00318,-2.11348,-0.493299,-2.72528,-1.71175,0,1,1
14,0,40,2,8523,144,399,45,3,1,1,30,1942.68,2.16816,2.39148,2.98671,2.51342,2.96608,1,0,1
18,0,40,3,12480,171,26,49,4,1,1,45,381.275,2.63833,2.64679,0.298894,2.71643,0.925076,1,0,0
19,0,40,3,7733,92,123,39,2,1,1,25,905.625,2.10512,1.43632,1.74935,2.04291,1.96893,0,0,0
34,1,36,0,1970,64,31,19,3,2,2,30,205.36,-1.02397,0.432906,0.628226,-0.236551,-0.26131,0,1,1
32,0,39,10,11450,110,16,44,5,1,1,55,197.4,2.55809,1.92612,-0.351644,2.43367,-0.348686,1,0,1
24,0,39,3,6833,115,41,26,3,1,1,30,441.92,1.79847,1.96973,0.965336,0.752261,1.02453,1,0,0
12,0,37,2,3855,39,15,16,3,1,1,30,215.76,0.593957,-0.818522,-0.457645,-0.783598,-0.13416,0,0,0
20,1,38,0,4005,58,24,18,3,1,2,30,258.52,0.648711,0.208762,0.140207,-0.374963,0.296312,0,1,1
20,1,39,0,3283,61,49,33,4,1,2,45,206.1,0.220957,0.314944,1.21765,1.55952,-0.246906,0,1,1
11,0,39,0,1148,19,15,4,3,1,2,30,106.68,-1.82837,-2.02102,-0.50609,-2.47409,-1.68378,0,1,1
12,0,39,2,2683,42,15,8,4,1,1,45,105.625,-0.311231,-0.634587,-0.496034,-1.85335,-1.66639,0,0,0
14,0,36,3,7800,114,29,24,5,1,1,55,162.21,2.1031,1.98456,0.500328,0.415949,-0.880974,0,0,0
11,0,39,0,1643,24,24,6,4,1,2,45,101.675,-1.37434,-1.72774,0.190733,-2.19059,-1.75601,0,1,1
11,0,39,3,1353,21,19,4,5,1,1,55,49.11,-1.62747,-1.89856,-0.148247,-2.4971,-2.42058,0,0,0
36,0,34,5,17090,255,15,82,2,2,1,25,848.025,3.14159,3.1217,-0.458239,3.12123,1.72193,1,0,1
17,0,37,5,7980,133,286,35,3,2,1,30,1468.52,2.13719,2.23837,2.68096,1.69383,2.68023,1,0,0
13,0,39,2,4733,99,17,30,3,1,1,30,261.28,0.990151,1.7339,-0.297899,1.25334,0.372005,0,0,0
14,0,38,0,2680,61,53,22,4,1,2,45,201.025,-0.308454,0.339151,1.27374,0.123996,-0.276486,0,0,0
17,0,39,2,3795,70,190,25,2,1,1,25,1028.92,0.556575,0.663446,2.2446,0.611053,2.26291,0,0,0
15,0,30,3,2330,53,208,13,3,2,1,30,927.32,-0.668545,-0.0202724,2.41522,-1.18054,2.04502,0,0,0
15,0,29,2,2583,56,45,70,5,1,1,55,107.085,-0.409343,0.117822,1.09986,2.97049,-1.69009,0,0,0
22,1,30,0,1715,42,25,9,3,1,2,30,170.28,-1.26694,-0.659347,0.221298,-1.8257,-0.71898,0,1,1
11,0,29,0,1840,27,36,5,4,1,2,45,136.675,-1.17157,-1.61789,0.803551,-2.33582,-1.21409,0,0,0
21,0,28,2,2240,49,34,15,2,1,1,25,256.005,-0.72955,-0.232756,0.73602,-0.903886,0.275247,0,0,0
13,0,28,2,4240,78,23,25,3,1,1,30,264.72,0.807175,0.934264,0.151772,0.509651,0.409419,0,0,0
13,0,21,2,2710,43,43,16,3,1,1,30,282.12,-0.29004,-0.602981,1.04334,-0.789648,0.460315,0,0,0
27,0,20,3,7407,158,100,44,2,2,1,25,790.425,2.01504,2.51515,1.66089,2.47556,1.62959,1,0,0
23,0,18,2,9947,188,88,42,5,1,1,55,284.025,2.40536,2.83893,1.57085,2.27783,0.563417,1,0,1
19,0,19,5,3867,62,46,21,3,1,1,30,341.16,0.545776,0.388428,1.12346,0.0229625,0.808666,0,0,0
13,0,12,3,5405,57,230,12,3,1,1,30,1138.48,1.11424,0.150654,2.44486,-1.36092,2.43868,0,0,0
14,1,12,3,2502,36,15,9,3,1,1,30,161.52,-0.507431,-1.07303,-0.444713,-1.77938,-0.851644,0,1,1
7,0,39,0,3965,66,0,19,3,1,1,30,161.24,0.638032,0.489141,-2.28338,-0.300802,-0.872041,0,0,0
0,0,40,0,0,0,0,0,3,1,2,30,0,-3.10044,-3.00729,-2.26411,-2.85359,-3.02357,0,0,0
9,0,38,0,2048,55,341,26,3,1,1,30,1448.12,-1.00157,0.0811572,2.78968,0.64647,2.62094,0,0,0
9,0,39,0,3793,61,0,37,1,1,1,15,211.97,0.48221,0.357283,-2.29921,1.88575,-0.199748,0,0,0
2,0,39,0,1988,53,0,35,2,1,1,25,91.845,-0.972655,-0.0655513,-2.29206,1.75908,-1.87577,0,0,0
10,0,39,1,3370,77,14,30,3,1,1,30,193.88,0.271945,0.935591,-0.617594,1.21025,-0.3762,0,0,0
3,0,39,0,1955,34,267,20,3,1,1,30,1147.56,-1.03076,-1.15043,2.59881,-0.19559,2.42977,0,0,0
12,0,38,2,8710,116,126,45,3,1,1,30,857.04,2.18943,1.98121,1.76458,2.54942,1.77535,0,0,0
6,0,39,0,13368,164,0,46,3,1,1,30,541.28,2.64914,2.54731,-2.29844,2.6411,1.1898,1,0,0
6,0,39,1,4110,78,0,27,3,1,1,30,167.52,0.74565,0.946626,-2.26983,0.762228,-0.774643,0,0,0
5,0,39,0,5513,90,0,14,3,1,1,30,224.12,1.15875,1.43581,-2.27949,-0.990427,-0.0513705,0,0,0
8,0,39,0,1833,49,0,19,3,1,2,30,75.28,-1.16,-0.255075,-2.29038,-0.282814,-2.06284,0,0,0
24,0,39,3,14735,220,36,34,3,1,1,30,742.2,2.75916,2.93514,0.781265,1.57242,1.48326,1,0,1
3,0,39,1,2690,22,465,10,3,1,1,30,1968.48,-0.283707,-1.85956,3.04273,-1.56506,3.01508,0,0,0
8,0,38,0,15080,177,132,32,2,1,1,25,1280.57,2.82794,2.76144,1.79625,1.4455,2.51341,1,0,0
2,0,38,1,6095,81,168,28,3,1,1,30,919.04,1.35524,1.0345,2.07903,0.912723,1.9802,0,0,0
0,0,38,0,470,9,0,13,2,1,2,25,21.555,-2.53076,-2.51702,-2.27551,-1.16571,-2.76687,0,0,0
1,0,39,0,305,9,0,10,3,1,2,30,12.56,-2.75242,-2.52943,-2.28233,-1.53613,-2.83096,0,0,0
0,0,38,0,0,0,0,0,2,1,2,25,0,-3.12803,-2.96049,-2.30795,-2.83499,-3.01736,0,1,1
2,0,38,0,7103,122,366,45,3,1,1,30,1753,1.94369,2.10316,2.886,2.57889,2.89885,0,0,0
6,0,38,1,11060,149,0,49,4,1,1,45,280.225,2.50988,2.41894,-2.25315,2.78984,0.483447,1,0,1
7,0,38,1,6313,70,90,39,2,1,1,25,692.235,1.48153,0.656709,1.60969,2.10266,1.32014,0,0,0
22,0,34,0,550,42,0,19,3,1,2,30,23.68,-2.49242,-0.670203,-2.25808,-0.308706,-2.66889,0,1,1
20,0,37,8,10030,88,0,44,5,1,1,55,151.77,2.3847,1.33604,-2.2707,2.45188,-1.05347,0,0,0
12,0,37,1,5413,93,8,26,2,1,1,25,283.77,1.14505,1.53301,-1.15549,0.742524,0.545356,0,1,1
0,0,35,0,2435,17,0,16,3,1,1,30,98.08,-0.571124,-2.12178,-2.23217,-0.748711,-1.79922,0,0,0
8,1,36,0,2585,36,0,18,3,1,2,30,104.84,-0.403952,-1.05149,-2.26631,-0.429749,-1.68968,0,1,1
8,0,37,0,1863,39,16,33,3,1,2,30,140.08,-1.11659,-0.824522,-0.362277,1.54821,-1.18948,0,1,1
0,0,37,0,0,0,0,0,3,1,2,30,0,-3.03447,-3.07227,-2.2293,-2.84239,-3.12482,0,1,1
0,0,37,0,1263,20,0,8,4,1,1,45,32.075,-1.7056,-1.90746,-2.23567,-1.87913,-2.65539,0,0,0
2,0,34,1,6380,92,0,24,5,1,1,55,97.08,1.51706,1.45844,-2.22273,0.447292,-1.79851,0,0,0
0,0,37,0,223,2,0,6,4,1,2,45,5.625,-2.74433,-2.7987,-2.25156,-2.16563,-2.8632,0,1,1
0,0,37,1,0,0,0,0,5,1,1,55,0,-3.03243,-3.04768,-2.26716,-2.82934,-3.08029,0,0,0
24,1,32,3,15670,233,0,82,2,1,1,25,715.635,2.95282,3.02408,-2.25428,3.11278,1.40475,1,0,1
5,0,35,3,6560,111,253,35,2,2,1,25,1438.69,1.65121,1.93138,2.51376,1.72554,2.67335,0,0,0
1,0,37,0,3313,77,0,30,3,1,1,30,135.6,0.257384,0.885245,-2.22667,1.15789,-1.23798,0,0,0
2,0,36,0,1260,39,20,22,3,1,2,30,131.96,-1.73388,-0.848112,-0.0552949,0.135276,-1.28902,0,0,0
5,0,37,0,2375,48,157,25,2,1,1,25,815.535,-0.623144,-0.347202,2.02213,0.574015,1.63078,0,0,0
3,0,28,1,910,31,175,13,2,2,1,25,829.845,-2.17218,-1.33039,2.11453,-1.17602,1.67344,0,0,0
3,0,27,0,1163,34,12,70,4,1,1,45,59.925,-1.88224,-1.19645,-0.702133,3.0049,-2.29159,0,0,0
10,0,28,0,295,20,0,9,3,1,2,30,12.6,-2.7104,-2.01211,-2.24696,-1.80202,-2.8223,0,0,0
0,0,27,0,420,5,3,5,4,1,2,45,18.125,-2.58692,-2.73218,-1.7214,-2.29664,-2.72782,0,0,0
9,0,26,0,820,27,1,15,2,1,1,25,42.615,-2.20269,-1.54855,-1.8952,-0.916299,-2.50517,0,0,0
1,0,26,0,2820,56,0,25,3,1,1,30,115.04,-0.182515,0.0992597,-2.27569,0.54353,-1.54254,0,0,0
1,0,19,0,1290,21,10,16,2,1,1,25,103.995,-1.74262,-1.86485,-0.860235,-0.695632,-1.66709,0,0,0
15,0,18,1,5987,136,67,44,2,2,1,25,577.035,1.34453,2.29711,1.44171,2.4429,1.21228,0,0,0
11,0,16,0,8527,166,55,42,5,1,1,55,212.895,2.14121,2.64518,1.27232,2.32644,-0.152142,1,0,0
7,0,17,3,2447,40,13,21,3,1,1,30,151.48,-0.567017,-0.782272,-0.662425,0.00928483,-1.01774,0,0,0
1,0,10,1,3985,35,197,12,3,1,1,30,948.8,0.617199,-1.09917,2.30736,-1.36675,2.07575,0,0,0
2,1,10,1,1082,14,0,9,3,1,1,30,43.84,-1.95541,-2.28478,-2.29007,-1.82427,-2.49525,0,1,1
13,0,40,1,4675,77,12,19,3,1,1,30,238.08,1.00351,0.916231,-0.664434,-0.200858,0.130365,0,0,0
5,0,41,0,623,11,14,6,3,1,2,30,81.36,-2.41821,-2.37044,-0.626335,-2.23043,-1.99816,0,0,0
15,0,39,1,2758,66,366,26,3,1,1,30,1576.96,-0.251037,0.499489,2.86219,0.68451,2.81097,0,0,0
15,0,40,1,4503,72,8,37,1,1,1,15,295.625,0.913524,0.701969,-1.09585,1.8105,0.561933,0,0,0
8,0,40,1,2698,64,9,35,2,1,1,25,164.79,-0.284287,0.437414,-1.0089,1.71475,-0.813069,0,0,0
16,0,40,2,4080,88,39,30,3,1,1,30,322.72,0.705507,1.31132,0.923015,1.1015,0.741108,0,0,0
9,0,40,1,2665,45,292,20,3,1,1,30,1276.4,-0.355989,-0.467325,2.69598,-0.187339,2.50454,0,0,0
18,0,39,3,9420,127,151,45,3,1,1,30,985.88,2.31078,2.2202,1.8906,2.5444,2.14696,1,0,1
12,0,40,1,14078,175,7,46,3,1,1,30,598.12,2.73095,2.74327,-1.2151,2.5952,1.23557,1,0,0
12,0,40,2,4820,89,9,27,3,1,1,30,232.36,1.07654,1.36331,-1.01333,0.756094,0.0186553,0,0,0
11,0,40,1,6223,101,14,14,3,1,1,30,308.96,1.43894,1.76516,-0.627703,-0.942314,0.659255,0,0,0
14,0,40,0,2543,60,15,19,3,1,2,30,164.12,-0.46986,0.304203,-0.53429,-0.212875,-0.852986,0,0,0
30,0,40,4,15445,231,61,34,3,1,1,30,871.04,2.91559,3.05981,1.32666,1.60907,1.84193,1,0,0
9,0,40,2,3400,33,490,10,3,1,1,30,2097.32,0.314746,-1.24559,3.08555,-1.56087,3.07255,0,0,0
14,0,39,1,15790,188,157,32,2,1,1,25,1425.51,2.99241,2.88504,1.97871,1.368,2.63394,1,0,0
8,0,39,2,6805,92,193,28,3,1,1,30,1047.88,1.76927,1.50591,2.28877,0.973716,2.30361,0,0,0
5,0,39,0,1180,20,7,13,2,1,2,25,85.5,-1.84662,-1.94375,-1.17396,-1.14666,-1.94656,0,0,0
7,0,40,0,1015,20,20,10,3,1,2,30,121.4,-1.9489,-1.96349,-0.097109,-1.61911,-1.45755,0,0,0
5,0,39,0,305,6,7,2,2,1,2,25,45.495,-2.70992,-2.65385,-1.13208,-2.72194,-2.47963,0,1,1
8,0,39,1,7813,133,391,45,3,1,1,30,1881.84,2.12911,2.2364,2.98118,2.54233,2.91675,0,0,0
12,0,39,2,11770,160,18,49,4,1,1,45,343.25,2.63978,2.52009,-0.162744,2.7648,0.786282,1,0,0
13,0,39,2,7023,81,115,39,2,1,1,25,837.18,1.86308,1.04581,1.71473,2.02469,1.73465,0,0,0
28,1,35,0,1260,53,23,19,3,1,2,30,144.52,-1.76719,-0.0203433,0.138204,-0.246054,-1.09263,0,1,1
26,0,38,9,10740,99,8,44,5,1,1,55,174.585,2.51581,1.67923,-1.0303,2.46486,-0.643446,0,0,0
18,0,38,2,6123,104,33,26,2,1,1,25,428.715,1.41265,1.79922,0.666712,0.743772,1.03992,0,0,0
6,0,36,1,3145,28,7,16,3,1,1,30,154.92,0.0876228,-1.51305,-1.18064,-0.679303,-0.971441,0,0,0
14,1,37,0,3295,47,16,18,3,1,2,30,197.68,0.274862,-0.399682,-0.367868,-0.505344,-0.350795,0,1,1
14,0,38,0,2573,50,41,33,4,1,2,45,168.075,-0.419357,-0.145984,0.968097,1.53229,-0.761774,0,1,1
5,0,38,0,438,8,7,4,3,1,2,30,45.84,-2.57455,-2.53045,-1.18412,-2.45952,-2.4274,0,1,1
6,0,38,1,1973,31,7,8,4,1,1,45,67.6,-1.01465,-1.3303,-1.21332,-1.91535,-2.14838,0,0,0
8,0,35,2,7090,103,21,24,5,1,1,55,139.395,1.944,1.79562,0.017603,0.456604,-1.22196,1,0,1
5,0,38,0,933,13,16,6,4,1,2,45,63.65,-2.08188,-2.30074,-0.356341,-2.26988,-2.21489,0,1,1
5,0,38,2,643,10,11,4,5,1,1,55,26.295,-2.3733,-2.46817,-0.857305,-2.45654,-2.69232,0,0,0
30,0,33,4,16380,244,7,82,2,2,1,25,779.58,3.0972,3.12832,-1.21418,3.09518,1.49956,1,0,1
11,0,36,4,7270,122,278,35,3,2,1,30,1407.68,1.98415,2.09325,2.64093,1.6754,2.61957,0,0,0
7,0,38,1,4023,88,9,30,3,1,1,30,200.44,0.666646,1.3034,-1.02603,1.19007,-0.305875,0,0,0
8,0,37,0,1970,50,45,22,3,1,2,30,260.8,-0.984566,-0.180436,1.11456,0.166661,0.336115,0,0,0
11,0,38,1,3085,59,182,25,2,1,1,25,960.48,0.0788678,0.237156,2.17105,0.553152,2.10363,0,0,0
9,0,29,2,1620,42,200,13,3,2,1,30,866.48,-1.35165,-0.649796,2.31802,-1.22167,1.81392,0,0,0
9,0,28,1,1873,45,37,70,5,1,1,55,84.27,-1.13083,-0.427505,0.837778,2.99787,-1.92701,0,0,0
16,0,29,0,1005,31,17,9,3,1,2,30,109.44,-2.01973,-1.38016,-0.255909,-1.83602,-1.64568,0,0,0
5,0,28,0,1130,16,28,5,4,1,2,45,98.65,-1.84518,-2.13618,0.425888,-2.3637,-1.78748,0,0,0
15,0,27,1,1530,38,26,15,2,1,1,25,187.56,-1.42272,-0.952112,0.350076,-0.938345,-0.525787,0,0,0
7,0,27,1,3530,67,15,25,3,1,1,30,203.88,0.437889,0.563235,-0.508364,0.557226,-0.292058,0,0,0
7,0,20,1,2000,32,35,16,3,1,1,30,221.28,-0.96306,-1.29644,0.775852,-0.743386,-0.0434701,0,0,0
21,0,19,2,6697,147,92,44,2,2,1,25,721.98,1.68408,2.38593,1.6136,2.47858,1.38188,1,0,0
17,0,17,1,9237,177,80,42,5,1,1,55,261.21,2.30557,2.77416,1.52605,2.29129,0.32232,1,0,0
13,0,18,4,3157,51,38,21,3,1,1,30,280.32,0.137886,-0.125903,0.870094,0.00986498,0.453546,0,0,0
7,0,11,2,4695,46,222,12,3,1,1,30,1077.64,1.0762,-0.449406,2.44367,-1.40217,2.35816,0,0,0
8,1,11,2,1792,25,7,9,3,1,1,30,100.68,-1.18826,-1.68078,-1.1987,-1.80869,-1.7627,0,1,1
13,0,40,1,4675,77,12,19,3,1,1,30,238.08,1.02348,0.90322,-0.753309,-0.27306,0.128237,0,0,0
5,0,41,0,623,11,14,6,3,1,2,30,81.36,-2.42001,-2.42917,-0.529621,-2.18904,-2.03985,0,0,0
15,0,39,1,2758,66,366,26,3,1,1,30,1576.96,-0.259555,0.527718,2.8363,0.734048,2.86392,0,0,0
15,0,40,1,4503,72,8,37,1,1,1,15,295.625,0.986267,0.722354,-1.05797,1.86002,0.585179,0,0,0
8,0,40,1,2698,64,9,35,2,1,1,25,164.79,-0.313644,0.463469,-0.977789,1.75756,-0.808473,0,0,0
16,0,40,2,4080,88,39,30,3,1,1,30,322.72,0.675135,1.34941,0.908249,1.22441,0.710583,0,0,0
9,0,40,1,2665,45,292,20,3,1,1,30,1276.4,-0.311737,-0.449304,2.70076,-0.166637,2.49777,0,0,0
18,0,39,3,9420,127,151,45,3,1,1,30,985.88,2.32026,2.16078,1.94023,2.5734,2.18702,1,0,1
12,0,40,1,14078,175,7,46,3,1,1,30,598.12,2.72437,2.71186,-1.1742,2.61467,1.22558,1,0,0
12,0,40,2,4820,89,9,27,3,1,1,30,232.36,1.05729,1.34648,-0.940584,0.896297,0.0337713,0,0,0
11,0,40,1,6223,101,14,14,3,1,1,30,308.96,1.46903,1.73332,-0.556137,-0.95483,0.645871,1,0,1
14,0,40,0,2543,60,15,19,3,1,2,30,164.12,-0.485034,0.267628,-0.545144,-0.23704,-0.817182,0,0,0
30,0,40,4,15445,231,61,34,3,2,1,30,871.04,2.94355,3.00735,1.3787,1.59639,1.84221,1,0,0
9,0,40,2,3400,33,490,10,3,1,1,30,2097.32,0.314785,-1.22386,3.13565,-1.57166,3.13803,0,0,0
14,0,39,1,15790,188,157,32,2,1,1,25,1425.51,3.03723,2.85008,2.00487,1.48169,2.65459,1,0,1
8,0,39,2,6805,92,193,28,3,1,1,30,1047.88,1.77817,1.43863,2.28018,0.963983,2.30737,0,0,0
5,0,39,0,1180,20,7,13,2,1,2,25,85.5,-1.83827,-1.94996,-1.16521,-1.19529,-1.96162,0,0,0
7,0,40,0,1015,20,20,10,3,1,2,30,121.4,-2.0054,-1.97105,-0.0955119,-1.55809,-1.46924,0,0,0
5,0,39,0,305,6,7,2,2,1,2,25,45.495,-2.73967,-2.65281,-1.10154,-2.72325,-2.44662,0,1,1
8,0,39,1,7813,133,391,45,3,1,1,30,1881.84,2.09945,2.25263,2.99637,2.56331,2.95728,0,0,0
12,0,39,2,11770,160,18,49,4,1,1,45,343.25,2.59262,2.51486,-0.24552,2.76975,0.804896,1,0,0
13,0,39,2,7023,81,115,39,2,1,1,25,837.18,1.88916,1.02011,1.72544,2.06416,1.71733,0,0,0
28,1,35,0,1260,53,23,19,3,1,2,30,144.52,-1.74807,-0.0622843,0.0951929,-0.243835,-1.14419,0,1,1
26,0,38,9,10740,99,8,44,5,2,1,55,174.585,2.48992,1.72436,-1.11606,2.51464,-0.64214,1,0,1
18,0,38,2,6123,104,33,26,2,1,1,25,428.715,1.39609,1.82436,0.669283,0.792176,1.0312,0,0,0
6,0,36,1,3145,28,7,16,3,1,1,30,154.92,0.107405,-1.49661,-1.13455,-0.688174,-0.979225,0,0,0
14,1,37,0,3295,47,16,18,3,1,2,30,197.68,0.257574,-0.349509,-0.352046,-0.442175,-0.323159,0,1,1
14,1,38,0,2573,50,41,33,4,1,2,45,168.075,-0.430505,-0.183292,0.99925,1.49957,-0.708328,0,1,1
5,0,38,0,438,8,7,4,3,1,2,30,45.84,-2.52118,-2.56013,-1.18898,-2.52588,-2.43911,0,1,1
6,0,38,1,1973,31,7,8,4,1,1,45,67.6,-0.960777,-1.40027,-1.22431,-1.87461,-2.1802,0,0,0
8,0,35,2,7090,103,21,24,5,1,1,55,139.395,1.87978,1.79157,0.00436198,0.376019,-1.19595,1,0,1
5,1,38,0,933,13,16,6,4,1,2,45,63.65,-2.11749,-2.2776,-0.387362,-2.24451,-2.26678,0,1,1
5,0,38,2,643,10,11,4,5,1,1,55,26.295,-2.377,-2.43189,-0.816919,-2.49776,-2.6676,0,0,0
30,0,33,4,16380,244,7,82,2,2,1,25,779.58,3.13266,3.09092,-1.1636,3.11041,1.54491,1,0,1
11,0,36,4,7270,122,278,35,3,2,1,30,1407.68,2.00951,2.12507,2.6393,1.7252,2.57948,1,0,0
7,0,38,1,4023,88,9,30,3,1,1,30,200.44,0.652735,1.34336,-1.05625,1.17108,-0.331559,0,0,0
8,0,37,0,1970,50,45,22,3,1,2,30,260.8,-0.992733,-0.222358,1.06603,0.203108,0.329181,0,0,0
11,0,38,1,3085,59,182,25,2,1,1,25,960.48,0.0488555,0.225016,2.16906,0.608836,2.11191,0,0,0
9,0,29,2,1620,42,200,13,3,2,1,30,866.48,-1.32804,-0.661125,2.32799,-1.16822,1.82338,0,0,0
9,0,28,1,1873,45,37,70,5,1,1,55,84.27,-1.11237,-0.458059,0.851227,2.98467,-1.93619,0,0,0
16,0,29,0,1005,31,17,9,3,1,2,30,109.44,-2.03696,-1.36146,-0.254564,-1.82842,-1.63389,0,0,0
5,0,28,0,1130,16,28,5,4,1,2,45,98.65,-1.86494,-2.17161,0.44985,-2.35276,-1.77687,0,0,0
15,0,27,1,1530,38,26,15,2,1,1,25,187.56,-1.43306,-0.911903,0.331736,-0.984745,-0.456879,0,0,0
7,0,27,1,3530,67,15,25,3,1,1,30,203.88,0.370719,0.554895,-0.402664,0.609055,-0.291796,0,0,0
7,0,20,1,2000,32,35,16,3,1,1,30,221.28,-0.933814,-1.30242,0.751945,-0.706194,-0.0578236,0,0,0
21,0,19,2,6697,147,92,44,2,2,1,25,721.98,1.71827,2.37439,1.62323,2.43456,1.39905,1,0,0
17,0,17,1,9237,177,80,42,5,1,1,55,261.21,2.30053,2.75788,1.49976,2.31817,0.371859,1,0,0
13,0,18,4,3157,51,38,21,3,1,1,30,280.32,0.110323,-0.171953,0.880355,0.0316873,0.485234,0,0,0
7,0,11,2,4695,46,222,12,3,1,1,30,1077.64,1.02556,-0.36922,2.44382,-1.33271,2.3482,0,0,0
8,1,11,2,1792,25,7,9,3,1,1,30,100.68,-1.22247,-1.72695,-1.47119,-1.74248,-1.7338,0,1,1
