area,station_type,aqi,aqi_category,temperature_c,humidity_pct,wind_speed_kmh,wind_direction,rainfall_mm,pressure_hpa,visibility_km,traffic_level,construction_nearby
Mirpur,residential,199,Unhealthy,24,65,3.2,W,0,1011.6,6.6,High,No
Jatrabari,industrial,114,Unhealthy for Sensitive Groups,33.2,100,3.8,S,0,1000,9.4,Severe,Yes
Motijheel,roadside,89,Moderate,30.6,83,8.3,E,11.5,1002.9,11.5,High,Yes
Mohammadpur,residential,181,Unhealthy,14.7,66,4.9,E,0,1009.2,7,Severe,No
Mohammadpur,residential,178,Unhealthy,25.2,53,6.9,N,0,1018.7,8.8,Low,No
Agargaon,roadside,162,Unhealthy,28.5,61,4,SE,12.4,1007.1,8.5,Medium,Yes
Mirpur,residential,79,Moderate,30.6,89,14.8,S,2.9,1001.1,10,Medium,Yes
Old Dhaka,roadside,126,Unhealthy for Sensitive Groups,29.5,89,7.9,SW,0,1000.4,9.5,Severe,No
Gulshan,residential,107,Unhealthy for Sensitive Groups,29.2,80,13.3,SW,0,1003.2,9.1,Medium,No
Mirpur,residential,131,Unhealthy for Sensitive Groups,32.9,63,6.4,SW,0,1004.6,9.8,Medium,No
Tejgaon,industrial,500,Hazardous,19.9,85,2.5,W,0,1018.3,0.3,Severe,No
Hazaribagh,industrial,92,Moderate,30.9,100,8.7,SW,0,1004.2,11.1,Medium,No
Old Dhaka,roadside,265,Very Unhealthy,16.1,79,7.5,N,0,1013.2,5.2,High,No
Jatrabari,industrial,128,Unhealthy for Sensitive Groups,29.7,97,1.6,NW,0,1001.5,10,Severe,Yes
Old Dhaka,roadside,211,Very Unhealthy,16.3,84,15.2,SW,0,1018,7.1,High,No
Jatrabari,industrial,484,Hazardous,18.3,88,2.7,NW,0,1016,0.3,High,No
Tejgaon,industrial,91,Moderate,29.8,83,7.2,SE,1.3,1001.4,9.5,Medium,No
Mirpur,residential,160,Unhealthy,35.6,61,11.1,N,1.4,1005.1,6.9,Low,No
Agargaon,roadside,66,Moderate,29.5,100,6.7,SW,18.4,1001.7,10.6,Medium,No
Mohammadpur,residential,111,Unhealthy for Sensitive Groups,25.7,60,7.8,SE,0,1006,10.9,Low,No
Tejgaon,industrial,219,Very Unhealthy,30.5,70,5.5,NE,0,1011.8,5.3,Medium,No
Dhanmondi,roadside,159,Unhealthy,28.1,70,0.8,NW,0,1010.2,8.3,Medium,Yes
Gulshan,residential,91,Moderate,26.7,77,5.8,NE,0,1008.6,9.4,Medium,No
Hazaribagh,industrial,81,Moderate,29.2,69,4.4,S,0,1004.7,11,Medium,No
Jatrabari,industrial,137,Unhealthy for Sensitive Groups,28.3,74,13.1,SE,0,1003.4,9.3,Severe,Yes
Motijheel,roadside,44,Good,33.5,80,11.6,SW,34.1,999.5,11.1,High,No
Dhanmondi,roadside,160,Unhealthy,31.1,58,2.2,N,0,1005.5,9.1,Medium,Yes
Jatrabari,industrial,180,Unhealthy,26.7,76,2.1,W,0,1008.8,6.2,High,Yes
Tejgaon,industrial,134,Unhealthy for Sensitive Groups,30.6,85,21.7,SE,0,999.9,10,High,Yes
Mohammadpur,residential,237,Very Unhealthy,23.2,75,0.4,SW,0,1014.6,6,Medium,No
Mohammadpur,residential,204,Very Unhealthy,19.5,74,2.8,N,0,1014.3,6.1,Low,No
Gulshan,residential,165,Unhealthy,24.7,76,1.9,SE,0,1009.2,8.1,Medium,No
Mirpur,residential,172,Unhealthy,15.5,78,10.5,SW,0,1012.3,7.2,Medium,No
Tejgaon,industrial,88,Moderate,28.3,89,5.9,S,0,1001.9,10.7,Medium,No
Agargaon,roadside,80,Moderate,32.7,82,3.8,SE,0,999.7,12,Medium,No
Uttara,residential,270,Very Unhealthy,18.7,57,4.9,N,0,1013.5,5.3,Severe,Yes
Agargaon,roadside,156,Unhealthy,22.8,82,15.9,N,0,1013.1,8.7,Severe,Yes
Jatrabari,industrial,333,Hazardous,20.3,60,6.7,NW,0,1013.2,3.2,High,No
Baridhara,background,116,Unhealthy for Sensitive Groups,27.4,81,7.1,NW,0,1012.1,9.3,Medium,No
Motijheel,roadside,159,Unhealthy,29.2,86,1.5,SE,0,1004.4,7.8,Severe,No
Mirpur,residential,245,Very Unhealthy,15.4,59,9.8,SW,0,1014.7,5,Medium,No
Jatrabari,industrial,500,Hazardous,15.3,72,2.1,SE,0,1016.3,0.3,Severe,No
Old Dhaka,roadside,153,Unhealthy,33.7,70,9.7,SE,0,1004.9,10.5,Low,No
Dhanmondi,roadside,194,Unhealthy,31.6,70,3.9,NE,0,1008.9,7,Severe,Yes
Uttara,residential,154,Unhealthy,20.7,71,4.9,SW,0,1016.6,9.8,Medium,No
Hazaribagh,industrial,174,Unhealthy,27.6,73,5,SW,0,1014.6,7.2,Severe,Yes
Mohammadpur,residential,162,Unhealthy,20.1,75,22.6,N,0,1017.9,8.8,Low,No
Agargaon,roadside,212,Very Unhealthy,25.8,72,3.7,N,0,1011.7,7.1,Severe,No
Old Dhaka,roadside,233,Very Unhealthy,18.3,61,5.8,NE,0,1021.9,7.5,Severe,No
Jatrabari,industrial,169,Unhealthy,29.9,83,4.6,W,0,1013.2,9.3,High,Yes
Jatrabari,industrial,228,Very Unhealthy,24,77,1.7,E,0,1018.2,6.1,High,Yes
Gulshan,residential,162,Unhealthy,27.9,73,9.7,NE,0,1005.8,8.7,High,No
Dhanmondi,roadside,80,Moderate,29.6,83,12,E,3.6,1001.1,10.5,Medium,No
Mohammadpur,residential,196,Unhealthy,21.9,54,1.9,W,0,1015.2,6.5,Low,No
Mohammadpur,residential,182,Unhealthy,31.7,90,4.2,NW,0,1008.5,9.1,Severe,Yes
Uttara,residential,187,Unhealthy,25.2,54,5,W,0,1015.1,8,Low,Yes
Tejgaon,industrial,106,Unhealthy for Sensitive Groups,28.6,90,11.2,N,0,1001.9,10.2,High,No
Mirpur,residential,78,Moderate,32.3,100,11.5,SE,0,1004.7,10.2,Low,Yes
Old Dhaka,roadside,120,Unhealthy for Sensitive Groups,30.1,86,1.4,S,11.4,1004.9,8.9,Severe,Yes
Old Dhaka,roadside,158,Unhealthy,22.7,72,15.5,N,0,1015.3,9.3,High,Yes
Hazaribagh,industrial,260,Very Unhealthy,21.8,73,6.7,NW,8.1,1014.1,4.2,Severe,No
Old Dhaka,roadside,280,Very Unhealthy,14.6,72,4.8,NE,0,1019.5,5.6,High,Yes
Dhanmondi,roadside,151,Unhealthy,32.4,87,12.3,NE,0,1003.2,7.9,Medium,Yes
Hazaribagh,industrial,188,Unhealthy,22.5,63,11.6,NW,0,1011.1,7.9,High,No
Dhanmondi,roadside,167,Unhealthy,26.9,70,4.5,NW,0,1012.2,8.8,High,Yes
Baridhara,background,58,Moderate,29.6,82,5.3,S,8.4,1001.8,11.5,Low,No
Agargaon,roadside,52,Moderate,27.2,99,2.4,SW,13.8,1001.2,12,Low,No
Dhanmondi,roadside,173,Unhealthy,32.7,63,5.9,NE,0,1002.4,8.1,Severe,Yes
Uttara,residential,177,Unhealthy,19.7,73,7,E,0,1012.8,7.5,Medium,No
Mohammadpur,residential,90,Moderate,28.3,94,5.4,NW,4.5,1005.7,9.1,Medium,No
Jatrabari,industrial,224,Very Unhealthy,17.9,76,3.8,SW,0,1018.3,5.6,Medium,No
Gulshan,residential,36,Good,31.4,76,20.7,SE,48,1009,10.1,Medium,No
Mohammadpur,residential,130,Unhealthy for Sensitive Groups,29.6,79,8.9,NE,0,1005,9,Low,No
Mirpur,residential,67,Moderate,30,87,8,E,0,1001.2,10.1,High,Yes
Old Dhaka,roadside,158,Unhealthy,22.6,74,7.7,N,0,1010,8.2,Medium,Yes
Mohammadpur,residential,175,Unhealthy,23.7,71,9,S,0,1013.3,6.5,Low,No
Baridhara,background,96,Moderate,31,65,7.8,SW,0,1005.6,9.8,Severe,No
Gulshan,residential,208,Very Unhealthy,15.2,90,2.4,W,0,1014.7,2.9,Severe,Yes
Tejgaon,industrial,156,Unhealthy,24.9,64,10.3,S,0,1003.3,9.7,High,No
Old Dhaka,roadside,75,Moderate,31.9,89,13.6,SE,7.6,1005,8.7,Severe,No
Hazaribagh,industrial,233,Very Unhealthy,21,58,6.6,NE,0,1014.7,6.1,Low,Yes
Mohammadpur,residential,64,Moderate,30.4,86,11,SE,0,1000.7,11.1,Medium,No
Mirpur,residential,122,Unhealthy for Sensitive Groups,33.2,66,5.8,SW,0,1003.1,10.3,Low,Yes
Jatrabari,industrial,189,Unhealthy,22,75,2.7,W,0,1017,7.9,High,Yes
Motijheel,roadside,176,Unhealthy,27.5,84,5.9,W,0,1008.4,8,Severe,Yes
Old Dhaka,roadside,118,Unhealthy for Sensitive Groups,30.4,79,5,SW,0,1008.2,9.1,Medium,No
Mirpur,residential,69,Moderate,29.2,96,16.3,S,4.9,999.8,9.8,Medium,No
Baridhara,background,122,Unhealthy for Sensitive Groups,32.1,67,10.5,SW,0,1007.3,9,Low,No
Jatrabari,industrial,192,Unhealthy,30.5,70,3.7,NW,0,1007.8,6.5,Severe,Yes
Jatrabari,industrial,279,Very Unhealthy,18.6,63,2,S,0,1014.6,5.3,High,No
Mohammadpur,residential,97,Moderate,34.7,70,14.8,NE,0,1006.8,9.6,Medium,No
Jatrabari,industrial,101,Unhealthy for Sensitive Groups,30.7,86,3.2,SW,0,1002.4,10.3,Medium,No
Agargaon,roadside,175,Unhealthy,32,70,7.5,SE,0,1009.2,7.6,High,No
Dhanmondi,roadside,143,Unhealthy for Sensitive Groups,37,64,8.9,W,0,1008.3,6.8,High,No
Agargaon,roadside,142,Unhealthy for Sensitive Groups,31.1,89,2.5,NW,0,1014.9,8.5,Low,No
Baridhara,background,48,Good,33,73,6,SE,0,998.4,11.1,Low,No
Gulshan,residential,31,Good,28.6,80,14.7,SW,19.6,1007.2,11.4,Low,No
Old Dhaka,roadside,114,Unhealthy for Sensitive Groups,33.9,76,2,NE,0,1004.4,9.2,High,Yes
Motijheel,roadside,131,Unhealthy for Sensitive Groups,26.8,76,10.3,NW,0,1009.9,7.6,High,Yes
Mirpur,residential,144,Unhealthy for Sensitive Groups,26.4,88,6,NW,0,1013.5,8.6,Low,No
Jatrabari,industrial,95,Moderate,26.1,83,4.1,S,9.7,1006.4,10.4,Medium,No
Gulshan,residential,179,Unhealthy,20.1,71,1.3,W,0,1017.8,8.1,High,No
Jatrabari,industrial,278,Very Unhealthy,15.2,75,4.4,SW,0,1012.5,4.8,Severe,No
Uttara,residential,57,Moderate,30.7,82,4.3,SW,23,1002.1,10.6,High,No
Jatrabari,industrial,246,Very Unhealthy,24.1,81,4.7,NW,0,1012.9,3.7,High,Yes
Jatrabari,industrial,116,Unhealthy for Sensitive Groups,35.5,70,11.1,SW,6.3,1006.9,9.4,Severe,No
Jatrabari,industrial,500,Hazardous,20.9,61,1.3,NW,0,1016.1,2.4,High,Yes
Motijheel,roadside,232,Very Unhealthy,27,66,5.3,NW,0,1016.3,4,Medium,No
Mohammadpur,residential,62,Moderate,28.2,88,19.3,W,0,999.5,10.1,Medium,No
Old Dhaka,roadside,184,Unhealthy,30.9,88,3.7,NE,0,1014.1,7.7,High,Yes
Baridhara,background,169,Unhealthy,12.7,80,6.5,SE,0,1015.2,8.4,Medium,No
Jatrabari,industrial,159,Unhealthy,30.4,100,1.1,SE,0,1001.9,9,Medium,No
Tejgaon,industrial,147,Unhealthy for Sensitive Groups,28.9,89,1.7,E,0,999.8,8.3,High,Yes
Mohammadpur,residential,113,Unhealthy for Sensitive Groups,25.9,75,3,NW,0,1010.4,9.9,Medium,No
Tejgaon,industrial,200,Unhealthy,17.2,69,11,N,0,1017.3,7.1,Medium,No
Tejgaon,industrial,169,Unhealthy,24.7,77,3.4,W,10.5,1011.6,8.1,Medium,No
Uttara,residential,128,Unhealthy for Sensitive Groups,27.7,82,9.2,S,0,1003.8,9.1,Medium,No
Mirpur,residential,55,Moderate,29.2,88,4.4,S,16.9,1001.9,11.2,Low,No
Gulshan,residential,264,Very Unhealthy,19.4,73,1.7,N,0,1015.2,6.1,Medium,No
Mirpur,residential,58,Moderate,32.1,76,5.6,S,25.6,997.9,11.7,Medium,No
Mohammadpur,residential,65,Moderate,30.5,94,9.8,S,0,1003,10.8,High,Yes
Old Dhaka,roadside,191,Unhealthy,33.9,53,14.8,S,0,1006.5,5.9,High,No
Motijheel,roadside,164,Unhealthy,27.3,66,6.9,S,0,1007.8,9.2,Severe,No
Mohammadpur,residential,89,Moderate,29.2,94,9.2,SE,0,996.6,9.5,Low,No
Agargaon,roadside,74,Moderate,31.3,90,7,NE,10.3,1008.3,10.6,Severe,No
Tejgaon,industrial,258,Very Unhealthy,20.2,67,5.4,E,0,1015.2,4.1,Low,Yes
Uttara,residential,158,Unhealthy,28.8,84,3.6,SE,0,1008.2,8.6,Medium,No
Jatrabari,industrial,212,Very Unhealthy,22.3,66,2.6,SW,0,1016,6.1,Medium,Yes
Tejgaon,industrial,170,Unhealthy,25.7,62,2,E,0,1010.2,8.6,High,Yes
Motijheel,roadside,161,Unhealthy,25.1,82,3.6,SE,0,1012.1,9.5,Medium,No
Tejgaon,industrial,174,Unhealthy,20.7,56,8.7,W,0,1018,8,Low,Yes
Tejgaon,industrial,166,Unhealthy,19,63,12.7,W,0,1015.4,8.4,High,No
Mirpur,residential,160,Unhealthy,17.2,75,8.7,N,0,1017.1,9.4,Medium,No
Tejgaon,industrial,212,Very Unhealthy,29.6,64,9.9,SW,0,1008.9,6.4,Medium,No
Jatrabari,industrial,184,Unhealthy,24.3,83,5.3,E,0,1012.8,6.6,Severe,No
Baridhara,background,60,Moderate,29.3,76,12,NW,3.1,1006.6,10.7,Low,No
Motijheel,roadside,178,Unhealthy,22.9,77,26,SW,0,1015.9,8.5,High,Yes
Uttara,residential,200,Unhealthy,19.9,56,5.7,NW,0,1014.8,6.6,Low,No
Dhanmondi,roadside,253,Very Unhealthy,22.4,81,7,NW,0,1014.9,3.5,High,No
Mohammadpur,residential,147,Unhealthy for Sensitive Groups,28.3,74,6.2,SW,0,1012,9.7,Medium,No
Hazaribagh,industrial,83,Moderate,28.9,97,20.8,SE,0,998.6,10.8,High,Yes
Gulshan,residential,59,Moderate,27,78,6,S,7.1,1005.5,10.9,Medium,No
Baridhara,background,78,Moderate,28.7,83,3.9,W,6,1006.4,10.6,Low,No
Dhanmondi,roadside,177,Unhealthy,25.3,70,8.2,N,0,1010.8,8,High,No
Hazaribagh,industrial,177,Unhealthy,29.1,54,3.9,S,0,1003.7,7.8,High,Yes
Agargaon,roadside,151,Unhealthy,29.5,78,6.5,E,0,1011.3,8,Medium,No
Uttara,residential,115,Unhealthy for Sensitive Groups,29.4,88,5.3,W,0,1007.6,9.6,Low,No
Gulshan,residential,157,Unhealthy,36.5,74,10.1,NW,2.6,1002.8,7.8,Medium,No
Jatrabari,industrial,174,Unhealthy,25.1,87,5.5,W,0,1009.2,9.4,High,No
Uttara,residential,214,Very Unhealthy,24.6,76,1,W,0,1014.4,6.2,Medium,Yes
Agargaon,roadside,96,Moderate,32.9,78,10,NE,0,999.9,9.1,Medium,Yes
Baridhara,background,160,Unhealthy,18.2,76,6.2,N,0,1015.7,8.6,Low,No
Hazaribagh,industrial,143,Unhealthy for Sensitive Groups,32.2,69,15.6,SW,0,1010.1,8.8,Medium,Yes
Baridhara,background,190,Unhealthy,23.3,64,2.7,S,0,1015.5,6.1,Low,No
Mohammadpur,residential,248,Very Unhealthy,18.8,71,0.9,N,0,1009.5,5.5,High,No
Motijheel,roadside,270,Very Unhealthy,18.5,70,7.6,W,0,1015,4.4,Severe,Yes
Mirpur,residential,113,Unhealthy for Sensitive Groups,29.4,79,11.4,SW,0,1008.5,8.5,Medium,No
Tejgaon,industrial,68,Moderate,25.8,81,9.8,E,6.1,1001.1,10.6,Low,No
Tejgaon,industrial,214,Very Unhealthy,31.2,64,0.7,S,0,1007.8,6.1,Medium,Yes
Jatrabari,industrial,167,Unhealthy,29.2,62,25.6,SE,0,1007.7,8.4,Medium,No
Hazaribagh,industrial,332,Hazardous,24.3,93,0.3,SE,0,1008.3,3.5,High,No
Motijheel,roadside,185,Unhealthy,28.1,73,0.9,S,0,1014,7.6,Medium,Yes
Dhanmondi,roadside,266,Very Unhealthy,13.9,80,1.7,E,0,1014.3,3.8,High,No
Dhanmondi,roadside,96,Moderate,33,60,12.6,SE,0,1006.2,10.9,Severe,No
Mohammadpur,residential,75,Moderate,30.9,89,14.7,S,0,1003.1,9.9,Low,Yes
Jatrabari,industrial,155,Unhealthy,29.3,87,7.1,S,0,998,9.1,High,No
Baridhara,background,153,Unhealthy,30.8,78,11.1,S,0,1010.2,8.9,Medium,Yes
Gulshan,residential,60,Moderate,27.9,94,3.6,SE,0,999.5,11,High,No
Dhanmondi,roadside,167,Unhealthy,21.6,71,2.1,N,0,1019.5,8.1,Medium,No
Uttara,residential,166,Unhealthy,31.5,64,1.8,S,0,1009.8,7.3,Medium,No
Mirpur,residential,85,Moderate,30.5,98,10,SW,0.7,999.5,11.3,Medium,Yes
Mirpur,residential,67,Moderate,30.9,80,14.1,SW,0,1002.8,10.3,Severe,No
Jatrabari,industrial,211,Very Unhealthy,25.4,60,1.6,W,0,1008.6,6,High,Yes
Old Dhaka,roadside,245,Very Unhealthy,13.7,55,2.5,NE,0,1012.3,4.4,High,Yes
Old Dhaka,roadside,195,Unhealthy,22.4,57,3.3,N,0,1008.8,6.2,Medium,Yes
Mohammadpur,residential,176,Unhealthy,21.4,75,1.7,NW,0,1016.6,7.6,Medium,Yes
Old Dhaka,roadside,190,Unhealthy,17.1,88,6.1,N,0,1013.9,4.4,Medium,No
Mirpur,residential,195,Unhealthy,20.4,54,3.7,E,0,1017,7.7,Severe,No
Agargaon,roadside,61,Moderate,32.3,79,15.7,SE,0,1002.6,10.4,Medium,Yes
Tejgaon,industrial,180,Unhealthy,32,86,3.7,S,0,999,7.2,Severe,No
Hazaribagh,industrial,152,Unhealthy,29,97,12.1,E,0,1004.1,10.8,Medium,Yes
Mirpur,residential,182,Unhealthy,27.3,62,1.9,S,0,1008.3,7.9,Medium,No
Mohammadpur,residential,209,Very Unhealthy,14.4,75,2.9,W,0,1013.8,7.8,High,No
Old Dhaka,roadside,53,Moderate,29.4,83,7.3,E,28.9,1004.4,11.4,Medium,No
Mohammadpur,residential,152,Unhealthy,24.1,91,6.1,NW,2.2,1014.3,5.1,Medium,Yes
Mohammadpur,residential,170,Unhealthy,25.2,79,13.4,SE,0,1009,8.6,Severe,No
Mirpur,residential,192,Unhealthy,16.9,73,6,NW,0,1014.5,6.5,High,No
Dhanmondi,roadside,134,Unhealthy for Sensitive Groups,28.9,86,8.4,E,2.6,1001.1,10.9,Medium,No
Gulshan,residential,157,Unhealthy,25.7,75,2.3,SW,0,1007.3,8.8,Medium,No
Baridhara,background,70,Moderate,30,93,3.3,E,0,995.4,9.3,Low,No
Old Dhaka,roadside,54,Moderate,27.7,76,4.5,S,32.9,1006.1,11.4,High,No
Motijheel,roadside,166,Unhealthy,32,69,6.5,SE,0,1004.8,8.3,High,Yes
Motijheel,roadside,155,Unhealthy,18.5,69,4.3,NE,0,1018.7,9.4,Low,No
Dhanmondi,roadside,81,Moderate,34.5,92,8.6,SE,0,1004.3,10.2,Low,No
Hazaribagh,industrial,153,Unhealthy,24.1,73,12.4,N,0,1010,8.3,Medium,No
Mirpur,residential,142,Unhealthy for Sensitive Groups,31,79,5.2,NW,15.6,1010.6,8.9,Medium,No
Dhanmondi,roadside,162,Unhealthy,34.5,58,12.3,E,0,1005.5,8.7,Severe,No
Mirpur,residential,158,Unhealthy,30,77,3.6,SE,0,1008.4,8.6,Severe,No
Dhanmondi,roadside,96,Moderate,29.3,90,17.5,SE,0,1003.2,10.3,Severe,Yes
Hazaribagh,industrial,156,Unhealthy,28.3,85,6.5,S,0,1001.1,8.6,Medium,No
Dhanmondi,roadside,217,Very Unhealthy,15.8,71,12.5,N,0,1016.1,6.2,Severe,No
Agargaon,roadside,243,Very Unhealthy,19,59,3.9,W,0,1017.9,5,Medium,Yes
Mohammadpur,residential,269,Very Unhealthy,19.1,59,3.4,SW,0,1015,4.6,High,No
Old Dhaka,roadside,172,Unhealthy,27,67,4.4,S,0,1004.1,9.5,High,No
Mohammadpur,residential,360,Hazardous,27,74,1.8,SE,0,1016.1,2.6,High,No
Baridhara,background,153,Unhealthy,18.1,75,9.2,W,0,1011.9,8.4,Low,No
Jatrabari,industrial,240,Very Unhealthy,19.2,67,2.5,NW,0,1013,5,Medium,No
Hazaribagh,industrial,277,Very Unhealthy,25.4,84,6.5,NE,5.8,1011.7,5.4,High,Yes
Baridhara,background,169,Unhealthy,18.1,81,1.7,NE,0,1016.5,7.3,Medium,Yes
Jatrabari,industrial,213,Very Unhealthy,17.7,69,15,W,0,1015.2,7,Medium,No
Baridhara,background,67,Moderate,31,70,14.4,S,0,1004.5,10.5,Medium,No
Old Dhaka,roadside,171,Unhealthy,18.9,68,8.9,W,0,1022,8.1,Medium,No
Jatrabari,industrial,121,Unhealthy for Sensitive Groups,29,77,5.7,SE,25.6,1009.7,9.7,Low,Yes
Mohammadpur,residential,151,Unhealthy,27.6,79,4.7,NW,0,1012.1,9.5,Medium,No
Old Dhaka,roadside,198,Unhealthy,32.8,82,4.7,N,0,1005.5,6.8,High,Yes
Baridhara,background,134,Unhealthy for Sensitive Groups,31,75,19,S,0,1004.7,8.7,Medium,No
Uttara,residential,138,Unhealthy for Sensitive Groups,31.6,75,1.9,NW,0,1007.1,9.4,High,Yes
Mirpur,residential,310,Hazardous,18.2,66,7.3,W,0,1013.9,3,Low,No
Mohammadpur,residential,185,Unhealthy,22.5,63,2.6,SW,0,1015.2,6.8,High,No
Agargaon,roadside,266,Very Unhealthy,20.1,73,1.7,NW,0,1013.4,1.8,High,No
Mirpur,residential,249,Very Unhealthy,18.4,80,3.6,NE,0,1015.3,3.8,Medium,No
Mohammadpur,residential,89,Moderate,29.7,99,5.1,W,0,1000.1,9.5,Low,No
Old Dhaka,roadside,341,Hazardous,18.6,50,6.3,NW,0,1017.7,3.8,High,Yes
Gulshan,residential,160,Unhealthy,19.1,90,10,W,0,1015.7,6.7,Medium,No
Old Dhaka,roadside,162,Unhealthy,30.9,71,6.5,E,0,1006.7,7.3,Medium,No
Baridhara,background,157,Unhealthy,29.6,75,1.4,SW,0,1007,9.1,High,Yes
Jatrabari,industrial,297,Very Unhealthy,21.7,56,2.4,NW,0,1014.1,3.5,Low,Yes
Tejgaon,industrial,194,Unhealthy,21.9,68,4.2,NW,0,1015.3,5.8,High,No
Tejgaon,industrial,292,Very Unhealthy,25.2,77,3.3,W,0,1018.7,4.5,High,No
Gulshan,residential,167,Unhealthy,16.9,61,7.3,N,0,1013.6,8.7,Medium,No
Mohammadpur,residential,140,Unhealthy for Sensitive Groups,28.7,55,6.6,E,0,1011.4,10.3,Medium,No
Agargaon,roadside,197,Unhealthy,22.2,81,8.9,NE,0,1009.1,7.6,High,No
Uttara,residential,140,Unhealthy for Sensitive Groups,33.1,68,0.8,E,9,1000.8,8,High,Yes
Jatrabari,industrial,168,Unhealthy,27.4,80,14.5,N,0,1008.5,8.6,Severe,No
Mohammadpur,residential,113,Unhealthy for Sensitive Groups,28.2,84,1.4,SE,0,1004.7,10,Medium,No
Old Dhaka,roadside,128,Unhealthy for Sensitive Groups,30.6,84,9.6,SE,1.3,1003.1,8.8,High,No
Motijheel,roadside,228,Very Unhealthy,16.8,76,11,W,0,1020.8,5.7,Severe,Yes
Mohammadpur,residential,226,Very Unhealthy,16.3,78,0.4,NE,0,1014.1,6.4,High,No
Baridhara,background,85,Moderate,29.8,62,6.7,SW,0,1004.8,11.2,Low,No
Motijheel,roadside,116,Unhealthy for Sensitive Groups,31.3,93,4.6,E,0,1005,9.9,Medium,No
Mirpur,residential,238,Very Unhealthy,15.7,66,1.5,E,0,1018.1,5,High,Yes
Motijheel,roadside,438,Hazardous,18.8,70,0.4,SE,0,1017.7,1.6,High,No
Mirpur,residential,159,Unhealthy,30.1,73,14.7,SW,0,1004.3,8.9,Medium,No
Motijheel,roadside,243,Very Unhealthy,21.9,77,1.6,NW,0,1013.3,3.9,Severe,No
Motijheel,roadside,176,Unhealthy,33.1,71,34.9,SW,0,1002.9,7.9,High,No
Mirpur,residential,71,Moderate,26.7,76,2.4,NW,0,1006.9,9.6,Low,No
Jatrabari,industrial,72,Moderate,31.9,70,2.5,SW,32.5,999.7,10.6,Severe,No
Dhanmondi,roadside,421,Hazardous,16.9,68,0.3,NW,0,1012,1.5,High,Yes
Jatrabari,industrial,434,Hazardous,19.8,78,1.6,NW,0,1014.7,0.3,High,Yes
Uttara,residential,177,Unhealthy,24.7,82,2.3,W,0,1011.3,7.3,High,No
Gulshan,residential,165,Unhealthy,31.9,70,6.9,N,0,1008.7,6.6,Medium,No
Mohammadpur,residential,186,Unhealthy,27.9,70,7,N,0,1014.7,6.8,Low,No
Gulshan,residential,176,Unhealthy,19.4,72,2.9,SE,0,1013.3,8,Medium,No
Baridhara,background,151,Unhealthy,25.9,70,7.4,N,0,1010,9.2,Low,Yes
Motijheel,roadside,57,Moderate,29.6,91,18.8,SE,0,1000.5,10.1,Medium,No
Mirpur,residential,180,Unhealthy,23.3,85,4,W,0,1014.5,6.7,High,Yes
Old Dhaka,roadside,83,Moderate,32.6,82,4.2,N,12.5,1002,10.2,High,Yes
Mirpur,residential,160,Unhealthy,31.8,71,2.8,N,0,1008.6,7.6,Medium,No
Gulshan,residential,191,Unhealthy,28.4,54,7,W,0,1006.5,6.7,Medium,No
Motijheel,roadside,237,Very Unhealthy,15.4,71,12.3,N,0,1010.4,4.3,High,No
Jatrabari,industrial,73,Moderate,30,84,6.1,S,20.8,1006.1,10.2,Severe,No
Gulshan,residential,44,Good,31.7,95,9.8,SE,8.3,1003.5,12,Low,No
Baridhara,background,156,Unhealthy,15,68,4.6,NW,0,1016,8.4,Medium,No
Hazaribagh,industrial,209,Very Unhealthy,29.8,85,4.6,N,0,1005.7,6.9,Medium,Yes
Hazaribagh,industrial,161,Unhealthy,30.8,65,31.1,E,0,1006.7,8,Severe,No
Tejgaon,industrial,237,Very Unhealthy,15.7,52,6,N,0,1018.9,6,High,No
Mohammadpur,residential,120,Unhealthy for Sensitive Groups,29.8,66,13.4,E,0,1010.2,9.7,Medium,Yes
Dhanmondi,roadside,159,Unhealthy,31.4,80,7.1,N,0,1010.5,9.1,Severe,Yes
Motijheel,roadside,255,Very Unhealthy,23.5,79,4.8,NE,0,1014,5.6,High,No
Motijheel,roadside,183,Unhealthy,29.2,69,4.3,SW,0,1010.9,6.6,High,No
Baridhara,background,100,Moderate,29.4,74,13,E,0,1010.6,9.6,Low,No
Uttara,residential,203,Very Unhealthy,27.5,75,0.9,E,0,1014.3,6,Medium,No
Mirpur,residential,160,Unhealthy,25,69,2.7,W,0,1014.2,8.9,Medium,No
Hazaribagh,industrial,193,Unhealthy,29.4,62,2.7,NW,0,1013.1,7.5,Severe,No
Mohammadpur,residential,113,Unhealthy for Sensitive Groups,33.5,67,14.1,SE,0,1009.3,8.9,Low,No
Mohammadpur,residential,60,Moderate,30.6,79,17.2,N,0,999.8,10.5,Medium,Yes
Mohammadpur,residential,116,Unhealthy for Sensitive Groups,28.9,94,1.8,SE,0,1004,9,High,No
Jatrabari,industrial,114,Unhealthy for Sensitive Groups,29.2,68,5.5,S,0,1001.7,8,Medium,Yes
Uttara,residential,163,Unhealthy,20,72,8.9,W,0,1012.7,8.2,Low,Yes
Uttara,residential,100,Moderate,27.6,100,3.7,SW,0,1005.8,10.4,Low,No
Baridhara,background,155,Unhealthy,30.3,77,7.6,E,0,1010.7,7.9,Severe,No
Mohammadpur,residential,175,Unhealthy,35.3,68,5.9,S,0,1007.6,6,Severe,No
Old Dhaka,roadside,169,Unhealthy,26.4,81,18.3,NE,0,1011.4,8.1,High,Yes
Mohammadpur,residential,157,Unhealthy,31.9,72,4.4,W,0,1003.1,8.2,Low,No
Mohammadpur,residential,190,Unhealthy,23.2,67,7.9,SW,0,1014.3,6.6,High,No
Hazaribagh,industrial,196,Unhealthy,25.8,62,3.3,NE,0,1016.9,6,High,No
Mirpur,residential,75,Moderate,32.8,90,7.2,SE,0,1002,11.4,Medium,No
Tejgaon,industrial,97,Moderate,26.9,70,2,S,0,1001.1,9.4,Low,Yes
Tejgaon,industrial,181,Unhealthy,30.2,75,10.9,S,0,1007.8,8.2,High,No
Mohammadpur,residential,61,Moderate,30.9,82,14,S,16.4,1004.7,10.8,Medium,No
Jatrabari,industrial,223,Very Unhealthy,29.8,68,1.9,SE,0,1002.9,5.7,Medium,Yes
Baridhara,background,112,Unhealthy for Sensitive Groups,35.5,64,3.6,S,0,1006.7,10.5,Low,No
Hazaribagh,industrial,413,Hazardous,31.1,89,10.1,E,0,1011,2.4,Severe,No
Baridhara,background,56,Moderate,28.5,87,4.8,NW,23.5,1006.4,10.1,Low,No
Tejgaon,industrial,113,Unhealthy for Sensitive Groups,29.7,82,5.8,W,0,1005,8.3,Severe,No
Tejgaon,industrial,71,Moderate,28.7,82,2.4,SE,20.8,998.5,8.4,Medium,Yes
Agargaon,roadside,113,Unhealthy for Sensitive Groups,26.5,77,11.1,W,4.2,1014.3,11,Low,No
Mohammadpur,residential,259,Very Unhealthy,18.2,89,1.5,W,0,1014.6,4.1,High,No
Baridhara,background,171,Unhealthy,22.3,59,4.2,NE,0,1011,8.3,Low,Yes
Uttara,residential,237,Very Unhealthy,15.9,79,2.8,NE,0,1011.6,5.5,High,No
Dhanmondi,roadside,52,Moderate,25.3,90,11.2,SE,11.8,1005.4,10.1,Medium,No
Jatrabari,industrial,85,Moderate,27.1,97,28.3,W,2.4,1003.1,10.1,Severe,No
Uttara,residential,76,Moderate,28.1,90,1.3,S,0,999.5,10,Medium,No
Agargaon,roadside,175,Unhealthy,29.4,68,4.1,SE,0,1011,8,High,No
Tejgaon,industrial,191,Unhealthy,19.7,78,3.4,N,0,1016.8,6.6,Medium,Yes
Mirpur,residential,77,Moderate,28.1,87,1.9,N,0,1001.4,8,Low,Yes
Baridhara,background,84,Moderate,24,84,4.9,NW,0,1011.7,11.3,Low,No
Tejgaon,industrial,239,Very Unhealthy,15.7,81,8.6,SW,0,1012.8,4.7,High,No
Baridhara,background,219,Very Unhealthy,15.1,71,5.6,NW,0,1020,6.2,Medium,Yes
Mirpur,residential,234,Very Unhealthy,17.1,67,7.2,E,0,1012,5.2,High,No
Motijheel,roadside,226,Very Unhealthy,29.5,63,3.9,SW,0,1003.8,4.9,Severe,No
Old Dhaka,roadside,350,Hazardous,21.4,74,7.3,SW,0,1015.5,0.3,Medium,No
Mirpur,residential,95,Moderate,28.5,61,8.3,S,31.4,1014.2,8.4,Severe,No
Baridhara,background,85,Moderate,29.4,82,2.2,S,0,998.5,11,Medium,No
Gulshan,residential,88,Moderate,29.6,60,7.3,SW,0,1009,10.1,Medium,No
Motijheel,roadside,205,Very Unhealthy,33,72,4.3,NW,0,1007.2,5.6,High,Yes
Old Dhaka,roadside,185,Unhealthy,18.5,64,26.9,E,0,1016,6.1,High,Yes
Old Dhaka,roadside,183,Unhealthy,29.6,68,9.7,NE,0,1013.9,6.8,High,Yes
Hazaribagh,industrial,213,Very Unhealthy,28.1,59,8,SE,0,1005.3,5.2,Severe,No
Jatrabari,industrial,164,Unhealthy,30.9,63,17.6,N,0,1006.4,8.9,Severe,No
Baridhara,background,158,Unhealthy,17,66,7.4,NE,0,1013.3,8.8,Low,No
Mirpur,residential,65,Moderate,27.8,87,2.3,S,0,1005.5,10.5,Low,No
Motijheel,roadside,146,Unhealthy for Sensitive Groups,26.8,77,14.8,N,0,1014.2,9.5,Severe,Yes
Agargaon,roadside,245,Very Unhealthy,25.1,73,1.3,SW,0,1012.2,6,High,No
Hazaribagh,industrial,158,Unhealthy,16,74,12.6,NE,0,1016,7.8,Medium,No
Gulshan,residential,360,Hazardous,18.6,76,5.5,W,0,1017.6,2.3,Severe,No
Gulshan,residential,79,Moderate,27.6,70,6.3,SW,0,998,10.7,Medium,No
Uttara,residential,180,Unhealthy,23.4,69,2.6,NW,0,1014.5,7.5,Severe,No
Mirpur,residential,88,Moderate,29,72,8.8,W,0,1006.8,11.3,Low,No
Tejgaon,industrial,147,Unhealthy for Sensitive Groups,29.9,70,10.9,E,0,1005.9,8.6,Medium,No
Tejgaon,industrial,74,Moderate,29.3,93,9.2,W,11,1005.5,10.9,Medium,No
Dhanmondi,roadside,58,Moderate,29.6,73,7.6,SE,6.1,1004.8,10.3,Medium,No
Baridhara,background,167,Unhealthy,13.2,66,4.1,NW,0,1011.6,8,Low,No
Jatrabari,industrial,257,Very Unhealthy,16.8,68,7.7,SE,0,1016.8,3.8,Low,No
Mohammadpur,residential,169,Unhealthy,32.3,69,5.2,E,0,1008.7,9.4,Severe,No
Jatrabari,industrial,116,Unhealthy for Sensitive Groups,27.6,85,6.1,S,0,996.5,8.8,Medium,No
Hazaribagh,industrial,116,Unhealthy for Sensitive Groups,29.4,89,8.7,S,0,1003.4,8.4,High,No
Baridhara,background,63,Moderate,30.5,84,6.5,SE,0,1001,9.9,Medium,No
Gulshan,residential,165,Unhealthy,25,89,1.4,E,0,1013.8,7.5,High,No
Hazaribagh,industrial,267,Very Unhealthy,20.2,84,5.5,W,0,1012.9,4.6,High,No
Motijheel,roadside,181,Unhealthy,27.2,59,8.5,SE,0,1007.3,6.6,High,Yes
Baridhara,background,154,Unhealthy,22.1,70,5.2,NE,0,1013.7,9,Medium,No
Motijheel,roadside,181,Unhealthy,27.9,84,4.5,SW,0,1009.4,8.8,High,No
Tejgaon,industrial,94,Moderate,30.1,90,5,S,1.3,996.5,10.3,Medium,Yes
Agargaon,roadside,212,Very Unhealthy,22.9,67,4.8,SW,0,1017.7,6.6,High,No
Baridhara,background,179,Unhealthy,17.8,72,2.5,W,0,1017.9,7.6,Medium,No
Hazaribagh,industrial,61,Moderate,28.9,72,16.6,S,0,1002.2,11,Medium,No
Hazaribagh,industrial,145,Unhealthy for Sensitive Groups,32.5,85,8.9,N,0,1002.9,10.2,Medium,No
Gulshan,residential,75,Moderate,33.3,73,8.2,SW,5.1,1000.2,8.5,Medium,No
Mirpur,residential,204,Very Unhealthy,16.6,74,10,NW,0,1017.7,5.5,Low,No
Tejgaon,industrial,139,Unhealthy for Sensitive Groups,26.7,69,2.4,N,0,1011.6,9.6,High,No
Uttara,residential,91,Moderate,31.9,86,4.4,SW,5.7,1002.2,11,Medium,No
Baridhara,background,59,Moderate,29.9,88,4.1,SE,0,1005.7,11.3,Low,No
Mohammadpur,residential,116,Unhealthy for Sensitive Groups,31.1,86,8.5,E,0,998.7,10.9,High,No
Hazaribagh,industrial,193,Unhealthy,29,73,2.3,SE,0,1006.1,7.2,Low,No
Hazaribagh,industrial,254,Very Unhealthy,25.6,76,8.8,SE,0,1012.1,4.8,High,No
Mirpur,residential,93,Moderate,30.8,94,8.3,S,3.8,1001.5,10.8,High,Yes
Agargaon,roadside,120,Unhealthy for Sensitive Groups,31,65,4.3,NW,0,1004.2,10.1,High,No
Mirpur,residential,153,Unhealthy,28,68,2.3,S,0,1007.4,9.9,Medium,No
Old Dhaka,roadside,191,Unhealthy,24.5,74,6.3,S,0,1011.9,5.5,High,No
Agargaon,roadside,89,Moderate,28.8,93,1.4,W,8.7,1004.2,9.5,Medium,No
Agargaon,roadside,171,Unhealthy,22.2,71,2.6,W,0,1012.2,8.1,Low,No
Gulshan,residential,203,Very Unhealthy,22.4,64,4.3,NE,0,1014,6.1,Medium,No
Agargaon,roadside,280,Very Unhealthy,28.9,78,4.4,S,1,1011.7,5,High,No
Mirpur,residential,180,Unhealthy,28.1,76,3.1,SE,0,1013.8,6.8,Severe,Yes
Tejgaon,industrial,192,Unhealthy,28,89,8.4,NW,0,1013.3,8.2,Medium,No
Mohammadpur,residential,164,Unhealthy,31.7,68,3.6,SW,0,1005.8,7.1,Medium,No
Baridhara,background,55,Moderate,30.7,74,4,E,15.1,1003.3,10,High,No
Uttara,residential,96,Moderate,28.2,82,5.5,NW,0,1009.7,9.8,Low,No
Jatrabari,industrial,190,Unhealthy,27.5,82,7.9,NE,0,1006,7.9,Severe,No
Dhanmondi,roadside,224,Very Unhealthy,16.2,80,1.7,NW,0,1014.2,5.1,Medium,Yes
Motijheel,roadside,156,Unhealthy,24.4,69,5.3,NE,12.8,1009.4,7.6,Severe,No
Dhanmondi,roadside,231,Very Unhealthy,22.9,68,3.1,NW,0,1016.8,5.6,High,No
Dhanmondi,roadside,92,Moderate,33,85,4.1,SW,0.5,1004.3,9.7,Severe,Yes
Agargaon,roadside,102,Unhealthy for Sensitive Groups,26.1,85,8,W,0,1001,9.9,High,No
Mirpur,residential,70,Moderate,32.8,88,2.9,SW,19.1,1002.4,9.8,High,No
Old Dhaka,roadside,218,Very Unhealthy,19.3,67,3.9,SW,0,1014,5.2,High,No
Old Dhaka,roadside,99,Moderate,31.8,78,6.2,S,0,999.7,9.4,Severe,No
Dhanmondi,roadside,168,Unhealthy,20.8,78,5.8,SW,0,1012.3,7.7,Medium,No
Baridhara,background,172,Unhealthy,30.6,69,2.9,SE,0,1015.4,7.4,Low,No
Uttara,residential,160,Unhealthy,19.7,64,6.7,W,0,1013.1,8.3,Medium,No
Hazaribagh,industrial,113,Unhealthy for Sensitive Groups,27.5,76,11.1,W,1.9,1003.6,9.3,High,No
Hazaribagh,industrial,99,Moderate,29.8,90,10.9,N,8.3,1003,8.4,Medium,Yes
Gulshan,residential,234,Very Unhealthy,20.8,71,1.6,S,0,1012,5.2,Medium,No
Uttara,residential,382,Hazardous,18.2,77,7.7,SW,0,1016.1,1.2,Severe,Yes
Mirpur,residential,64,Moderate,31.2,79,11,SW,0,1002.7,11.1,Medium,No
Uttara,residential,173,Unhealthy,18.8,60,13.6,W,0,1014.9,7.3,High,No
Jatrabari,industrial,200,Unhealthy,16.9,66,1.8,NE,0,1013.9,6.9,Medium,No
Agargaon,roadside,163,Unhealthy,28.3,67,17,SE,0,1007,8.4,Severe,No
Mirpur,residential,159,Unhealthy,26,80,1,SE,0,1012.2,8.6,High,No
Old Dhaka,roadside,96,Moderate,30.4,72,11.3,S,0,999.8,9.2,Medium,No
Gulshan,residential,87,Moderate,26.1,72,14.2,E,0,1010.6,10,Medium,No
Dhanmondi,roadside,124,Unhealthy for Sensitive Groups,25,71,8.5,E,0,1012.7,10,Medium,Yes
Motijheel,roadside,170,Unhealthy,26,63,2,N,0,1001,7.8,Severe,No
Old Dhaka,roadside,123,Unhealthy for Sensitive Groups,29.5,77,16.3,S,4,1006.4,9.4,Severe,No
Agargaon,roadside,164,Unhealthy,34,51,29.7,N,0,1012.3,8.9,Severe,Yes
Uttara,residential,118,Unhealthy for Sensitive Groups,28,71,3.1,SW,7.1,1007.9,9.5,Medium,No
Gulshan,residential,151,Unhealthy,32.8,71,5.7,S,0,1005.2,8.1,Medium,Yes
Baridhara,background,59,Moderate,35.1,78,3.7,SE,0,1003.6,11.5,Medium,Yes
Baridhara,background,168,Unhealthy,24.1,66,7.1,N,0,1009.7,9.6,Medium,No
Hazaribagh,industrial,123,Unhealthy for Sensitive Groups,30.2,95,4.6,SW,0,1002.7,9.8,High,No
Jatrabari,industrial,349,Hazardous,22,86,7.3,NE,0,1013.7,0.3,Severe,No
Baridhara,background,161,Unhealthy,27.6,77,6.4,S,0,1007.1,7.7,Low,Yes
Hazaribagh,industrial,291,Very Unhealthy,13.5,85,5.2,SE,0,1011.7,0.4,High,Yes
Mohammadpur,residential,68,Moderate,30.1,79,6.4,SW,16.3,1000.9,9.8,Low,No
Tejgaon,industrial,128,Unhealthy for Sensitive Groups,30.7,72,1.4,SW,0,995.5,10.9,High,No
Mohammadpur,residential,154,Unhealthy,33.7,68,7.6,SE,2.3,1005.5,9,Medium,Yes
Mirpur,residential,192,Unhealthy,17,76,1.3,NW,0,1015.3,6.8,Medium,No
Hazaribagh,industrial,262,Very Unhealthy,19.7,55,1.5,NW,0,1017.8,3,Medium,Yes
Uttara,residential,123,Unhealthy for Sensitive Groups,27.4,71,11.5,N,0,1017.2,8.8,Medium,No
Gulshan,residential,184,Unhealthy,18.5,63,7,W,0,1013,8.4,Medium,No
Gulshan,residential,60,Moderate,29.9,88,9.1,SE,22.6,1003.3,10.2,High,No
Baridhara,background,102,Unhealthy for Sensitive Groups,28.9,70,7.7,SE,0,1006.2,8.9,Low,No
Mirpur,residential,173,Unhealthy,20,64,17.1,N,0,1014.3,7.8,Medium,No
Uttara,residential,155,Unhealthy,30.4,86,6.8,S,0,1002.2,9.9,Severe,No
Old Dhaka,roadside,141,Unhealthy for Sensitive Groups,29.9,59,6.7,SE,11.5,1006.6,9.3,Medium,No
Hazaribagh,industrial,417,Hazardous,21.3,67,4.2,N,0,1019.7,2.6,High,Yes
Mirpur,residential,146,Unhealthy for Sensitive Groups,29.6,68,10.3,S,0,1010.3,8.8,Medium,No
Baridhara,background,185,Unhealthy,21.4,69,4.8,N,0,1012.1,7.2,Medium,No
Tejgaon,industrial,207,Very Unhealthy,28.4,62,8.9,S,0,1007.5,7.1,Severe,No
Hazaribagh,industrial,184,Unhealthy,31.2,74,15.5,S,0,1004.3,7.6,High,Yes
Old Dhaka,roadside,177,Unhealthy,28.7,68,10.3,SE,0,1006.1,6.9,Medium,Yes
Jatrabari,industrial,117,Unhealthy for Sensitive Groups,30.2,83,11.8,SE,0,1004.6,9.4,Low,No
Tejgaon,industrial,212,Very Unhealthy,15.8,84,2.6,S,0,1014.4,7,High,Yes
Mohammadpur,residential,144,Unhealthy for Sensitive Groups,30.2,81,2,NE,0,1012.3,8.4,Medium,No
Gulshan,residential,87,Moderate,31.4,82,16.8,S,0,1001.5,10.3,Medium,No
Agargaon,roadside,153,Unhealthy,29.9,73,8.9,N,0,1011.7,7.2,High,Yes
Jatrabari,industrial,186,Unhealthy,29.6,69,7.7,SW,0,1009.3,6.8,High,Yes
Uttara,residential,193,Unhealthy,26.3,77,6.5,NW,0,1013,5.9,Severe,No
Old Dhaka,roadside,99,Moderate,29.2,87,6.5,SW,8.2,998.7,10.1,Severe,No
Mirpur,residential,129,Unhealthy for Sensitive Groups,35.4,53,4.2,NW,0,1005,9.6,Low,No
Old Dhaka,roadside,160,Unhealthy,30.6,57,4.1,SE,0,1007.2,9,High,No
Jatrabari,industrial,143,Unhealthy for Sensitive Groups,27.6,81,2.5,S,6.4,1004.1,8.5,Severe,Yes
Mirpur,residential,163,Unhealthy,33.5,59,2,S,0,1007.5,8.3,Medium,No
Mohammadpur,residential,157,Unhealthy,30.3,85,3.2,SW,0,1003.3,9.2,High,No
Mirpur,residential,236,Very Unhealthy,24.3,71,3.6,W,0,1012,4.4,High,No
Tejgaon,industrial,204,Very Unhealthy,27.6,77,13,N,0,1010.2,7.5,High,No
Hazaribagh,industrial,500,Hazardous,18.9,74,1.3,NW,0,1015.6,0.3,Severe,No
Uttara,residential,160,Unhealthy,30.8,73,5.6,W,0,1011.1,8.2,Low,No
Dhanmondi,roadside,171,Unhealthy,13.6,70,12.9,NE,0,1012.3,7.5,High,No
Hazaribagh,industrial,368,Hazardous,17,62,9.5,N,0,1012.9,1.9,High,No
Baridhara,background,93,Moderate,24.8,80,5.2,S,0,1010.7,9.6,Low,No
Mirpur,residential,140,Unhealthy for Sensitive Groups,21.5,79,3,E,7.2,1012.9,8.9,Medium,No
Mohammadpur,residential,69,Moderate,31.6,75,1,E,6.6,1007.3,11.3,Low,No
Tejgaon,industrial,170,Unhealthy,25.6,77,5.7,S,0,1008.3,8.7,Low,No
Motijheel,roadside,197,Unhealthy,22.2,70,7.6,NE,0,1015.1,7.3,High,No
Baridhara,background,68,Moderate,28,80,3.1,SE,9.2,1008.5,9.6,Low,No
Hazaribagh,industrial,184,Unhealthy,32.5,71,15.4,SE,9.2,1006.9,6.6,Low,Yes
Tejgaon,industrial,82,Moderate,29.2,79,6.1,S,0,1001,10.6,Medium,No
Baridhara,background,145,Unhealthy for Sensitive Groups,29.1,74,9.1,NE,8,1008,8.3,High,No
Hazaribagh,industrial,308,Hazardous,19.3,74,4.8,SW,0,1010,3,Medium,No
Hazaribagh,industrial,141,Unhealthy for Sensitive Groups,31.7,79,13.7,S,0,1001.2,9.7,Severe,Yes
Mohammadpur,residential,67,Moderate,29.9,76,14,SW,9.6,1002.3,10.1,High,No
Uttara,residential,164,Unhealthy,16.5,65,6.9,N,0,1015.5,9.6,High,No
Motijheel,roadside,189,Unhealthy,24,66,4.1,SW,0,1011.8,7.2,High,No
Tejgaon,industrial,110,Unhealthy for Sensitive Groups,30.4,87,6.5,S,15.6,1002.4,8.6,High,Yes
Mirpur,residential,184,Unhealthy,17.1,79,17.6,NW,0,1018.1,7.2,Medium,No
Motijheel,roadside,83,Moderate,29.9,96,18.5,SE,9.9,1005.3,10.2,Severe,No
Agargaon,roadside,500,Hazardous,18.2,61,5,W,0,1014.5,0.3,Severe,Yes
Mirpur,residential,242,Very Unhealthy,17.4,76,1.9,NW,0,1013.7,5.4,Medium,No
Old Dhaka,roadside,97,Moderate,30.5,86,12.2,SE,0.9,1002.5,10.5,High,No
Mirpur,residential,280,Very Unhealthy,20.9,51,3.3,NW,0,1017,3.1,Severe,No
Old Dhaka,roadside,196,Unhealthy,25.9,67,11.7,W,0,1015.1,6.6,Medium,No
Mohammadpur,residential,41,Good,31.4,81,3.9,SE,24.3,999.3,11.7,Low,No
Uttara,residential,313,Hazardous,24.6,80,3.4,NW,0,1017.4,2.4,Medium,No
Hazaribagh,industrial,207,Very Unhealthy,25,71,1.9,SE,0,1012,6.1,Medium,No
Mirpur,residential,42,Good,27.1,90,20.7,SE,0.8,1006.4,11.1,Low,No
Motijheel,roadside,500,Hazardous,18.9,69,2.2,W,0,1013.1,1.3,High,Yes
Gulshan,residential,122,Unhealthy for Sensitive Groups,31.5,73,11.6,S,0,1002.6,8.9,Severe,No
Hazaribagh,industrial,302,Hazardous,21.5,66,4.2,NE,0,1016.1,4.4,Medium,No
Old Dhaka,roadside,164,Unhealthy,32.2,97,4.7,SE,0,1001.4,8.4,High,No
Jatrabari,industrial,343,Hazardous,10.1,69,3.3,N,0,1012.6,1.7,Severe,No
Mohammadpur,residential,120,Unhealthy for Sensitive Groups,30.1,85,12.5,SE,0,1011.7,10.8,Medium,No
Mohammadpur,residential,179,Unhealthy,20.2,77,24,NW,0,1013.9,6.3,Medium,Yes
Motijheel,roadside,61,Moderate,27.2,81,14.9,SE,28.4,1002.1,10,Low,No
Jatrabari,industrial,500,Hazardous,21.5,60,1,SE,2.8,1015.1,2.6,Medium,Yes
Agargaon,roadside,180,Unhealthy,19.6,61,8.4,SW,0,1012.4,7.3,High,No
Uttara,residential,166,Unhealthy,32,80,6.5,W,0,1005.9,8.4,Low,Yes
Motijheel,roadside,58,Moderate,31.8,86,6.1,E,30.7,1001,10.6,High,No
Mirpur,residential,148,Unhealthy for Sensitive Groups,28.1,64,6,N,0,1011.2,9,Low,No
Baridhara,background,171,Unhealthy,13.8,77,4.8,N,0,1016.2,7.8,Medium,No
Jatrabari,industrial,500,Hazardous,18.5,56,6.9,N,0,1015.8,0.3,High,No
Baridhara,background,77,Moderate,27,61,6.3,SW,0,1009.2,9.3,Low,No
Jatrabari,industrial,165,Unhealthy,32.6,69,13.8,NE,0,1007.4,7.2,Severe,No
Mohammadpur,residential,190,Unhealthy,30.5,98,5.5,E,0,1016,6.4,Severe,Yes
Gulshan,residential,162,Unhealthy,23.9,85,5.6,E,0,1012,7.9,High,No
Dhanmondi,roadside,176,Unhealthy,25.3,74,5.1,NE,0,1007.7,7.1,High,No
Tejgaon,industrial,310,Hazardous,15.9,70,8.4,S,0,1014,1.9,High,Yes
Jatrabari,industrial,158,Unhealthy,29.9,75,5.5,SE,0,1015,9.1,High,Yes
Motijheel,roadside,60,Moderate,30.7,96,9.5,S,25,998.6,11,High,No
Hazaribagh,industrial,368,Hazardous,29.9,66,8.1,SW,0,1008.2,2.5,High,No
Agargaon,roadside,51,Moderate,31.2,83,16.2,E,24.9,1007.6,11,High,No
Jatrabari,industrial,286,Very Unhealthy,22.7,63,3.8,W,0,1011.9,4.1,High,No
Motijheel,roadside,155,Unhealthy,33.8,73,14,SW,0.3,1011,8.7,High,No
Baridhara,background,75,Moderate,24.2,86,6.5,NE,0,1015,10,Low,No
Dhanmondi,roadside,175,Unhealthy,23.9,54,11.1,NW,0,1014.3,8.4,High,No
Mirpur,residential,158,Unhealthy,30.7,75,5.6,NW,0,1006.3,8.7,Severe,No
Dhanmondi,roadside,205,Very Unhealthy,34.9,58,5.4,S,0,1008.6,5.3,Severe,No
Hazaribagh,industrial,230,Very Unhealthy,18.4,71,3.5,E,0,1014.8,5.7,High,No
Mohammadpur,residential,299,Very Unhealthy,16.4,60,5.7,SE,0,1014.6,5.5,Medium,Yes
Mirpur,residential,179,Unhealthy,15.6,59,4.9,NW,0,1016.7,7.7,Medium,No
Motijheel,roadside,113,Unhealthy for Sensitive Groups,28,94,5.1,SE,0,1002.1,9.5,Low,No
Hazaribagh,industrial,344,Hazardous,19,69,5.8,W,0,1011.1,2.1,High,Yes
Agargaon,roadside,149,Unhealthy for Sensitive Groups,31.5,85,0.5,SE,0,1001.8,9.5,Severe,Yes
Baridhara,background,152,Unhealthy,30.3,81,4.6,NE,0,1012,8.3,Low,No
Mohammadpur,residential,165,Unhealthy,29.8,76,7.6,SW,0,1008.3,9,High,No
Tejgaon,industrial,328,Hazardous,18.9,67,1.2,NE,0,1018.2,2.1,High,Yes
Gulshan,residential,116,Unhealthy for Sensitive Groups,30.7,65,3.2,SE,0,1002.2,10.6,High,Yes
Baridhara,background,42,Good,28.9,82,3.1,E,16.4,1004.6,11.3,Low,Yes
Gulshan,residential,73,Moderate,31.3,94,6.5,SW,8.3,1001.1,10.4,Severe,Yes
Hazaribagh,industrial,231,Very Unhealthy,20.3,69,4,NW,0,1015.5,5.6,Severe,Yes
Old Dhaka,roadside,153,Unhealthy,30.3,83,5.6,NE,0,1004.2,9,Severe,Yes
Agargaon,roadside,180,Unhealthy,31.9,71,1.8,SW,0,1005.2,7,High,Yes
Jatrabari,industrial,201,Very Unhealthy,32.5,83,14.9,W,3,1006.1,8.2,Severe,Yes
Hazaribagh,industrial,225,Very Unhealthy,21.1,71,11.4,N,0,1016.5,5.3,Low,No
Mirpur,residential,147,Unhealthy for Sensitive Groups,24.9,76,1.6,N,0,1009.6,9.4,Low,No
Agargaon,roadside,269,Very Unhealthy,22.1,86,3.9,W,0,1015.9,2,Severe,Yes
Uttara,residential,224,Very Unhealthy,19.9,81,4,NW,0,1012.4,5.4,Medium,Yes
Mohammadpur,residential,220,Very Unhealthy,17.5,79,6.4,N,0,1018.1,5.8,Medium,No
Motijheel,roadside,132,Unhealthy for Sensitive Groups,30.4,81,4.8,SE,0.3,1003.9,10.3,High,Yes
Dhanmondi,roadside,110,Unhealthy for Sensitive Groups,31.9,63,13.9,N,0,1005.1,10.1,Medium,Yes
Mirpur,residential,226,Very Unhealthy,22.8,55,2,SW,0,1017.8,5.8,High,No
Gulshan,residential,117,Unhealthy for Sensitive Groups,28.4,76,11.7,W,0,1008.1,10.8,Severe,No
Jatrabari,industrial,158,Unhealthy,32.4,86,8.7,E,0,999.7,7.5,Severe,No
Baridhara,background,183,Unhealthy,19.1,56,1.7,E,0,1016.8,8,Low,No
Baridhara,background,100,Moderate,25.7,88,4,NW,0,1012.8,8.3,Low,No
Hazaribagh,industrial,187,Unhealthy,29.7,65,2.9,NW,0,1003.1,6.8,Medium,No
Mirpur,residential,194,Unhealthy,15.5,68,15.6,SE,0,1009,7,Severe,Yes
Agargaon,roadside,180,Unhealthy,22.6,66,4.6,SE,0,1010,7.5,High,No
Hazaribagh,industrial,168,Unhealthy,28.7,82,3.6,NW,0,1009.2,7.8,Medium,No
Motijheel,roadside,178,Unhealthy,36,72,1.5,SE,0,1008.6,7.5,Severe,No
Mirpur,residential,181,Unhealthy,23,78,6.5,N,0,1009.4,7,High,No
Mirpur,residential,59,Moderate,28.3,82,5.1,SW,28.1,1000.5,10,Medium,No
Baridhara,background,154,Unhealthy,32.9,89,11.6,W,0,1011.6,9.5,Severe,No
Tejgaon,industrial,162,Unhealthy,26.9,68,13.6,S,0,1014.2,9.3,Medium,No
Mirpur,residential,38,Good,31.5,79,11.5,SW,23.5,998.2,12,Medium,No
Mohammadpur,residential,230,Very Unhealthy,18.6,76,2.1,NE,0,1018.4,5.1,High,No
Mirpur,residential,50,Good,29,77,4.7,S,35.4,1006,10,Medium,No
Tejgaon,industrial,153,Unhealthy,30.4,59,2.4,N,6.8,1006.7,8.3,Medium,No
Uttara,residential,162,Unhealthy,10.7,79,2.8,NW,0,1014.1,9.8,High,No
Old Dhaka,roadside,142,Unhealthy for Sensitive Groups,24.1,83,10.1,E,1.9,1006.3,8.6,High,Yes
Uttara,residential,32,Good,31.7,89,4.1,S,46.1,998.7,10.9,Severe,Yes
Gulshan,residential,42,Good,32.1,86,10.6,SW,31.1,1001.8,9.9,Medium,No
Gulshan,residential,115,Unhealthy for Sensitive Groups,32.5,79,4.5,SE,0,1000.9,10.5,High,Yes
Jatrabari,industrial,95,Moderate,30.8,83,11.3,S,15.6,1001.2,10.8,Medium,No
Uttara,residential,165,Unhealthy,11.1,69,2.1,N,11.6,1015.9,8.9,High,No
Mohammadpur,residential,176,Unhealthy,25.4,85,1.9,E,0,1015.5,8.3,Medium,No
Motijheel,roadside,89,Moderate,32.4,88,21.4,N,8.1,1000.6,9.7,Severe,No
Tejgaon,industrial,169,Unhealthy,32.9,78,3.1,SE,0,1000.6,7.6,Severe,No
Old Dhaka,roadside,203,Very Unhealthy,34.4,74,14.7,S,0,1006.7,6.6,Severe,Yes
Jatrabari,industrial,500,Hazardous,18.2,57,6.8,N,0,1014.4,2.2,High,Yes
Dhanmondi,roadside,253,Very Unhealthy,14.4,67,2.7,N,0,1019.3,5,Medium,Yes
Jatrabari,industrial,174,Unhealthy,30.9,59,4.2,SE,0,1006.6,6.8,Medium,Yes
Baridhara,background,192,Unhealthy,19.1,63,3.8,N,0,1017.3,7.1,Severe,No
Hazaribagh,industrial,110,Unhealthy for Sensitive Groups,32.8,100,13.4,S,0,1008.5,10,High,Yes
Tejgaon,industrial,180,Unhealthy,27.6,66,3.6,W,0,1015.4,6.9,High,No
Old Dhaka,roadside,154,Unhealthy,31,61,11.7,S,0,1006.6,9.1,Severe,No
Agargaon,roadside,86,Moderate,31.2,72,9.6,W,0,1005.9,8.5,Low,No
Jatrabari,industrial,87,Moderate,30.7,81,8.8,SE,0.4,999.7,11.6,Severe,No
Agargaon,roadside,191,Unhealthy,21.2,71,15.8,SW,0,1015.3,6.4,Severe,Yes
Tejgaon,industrial,170,Unhealthy,25.2,89,7.7,W,0,1007.1,9.9,Medium,Yes
Uttara,residential,153,Unhealthy,28.4,73,9.7,S,0,1012.7,7.7,Medium,No
Mohammadpur,residential,229,Very Unhealthy,23.8,66,1,NE,0,1013.7,6.3,High,No
Gulshan,residential,174,Unhealthy,13.3,69,11.3,NW,0,1015.2,7.9,Low,No
Agargaon,roadside,158,Unhealthy,31.1,82,9,SE,0.2,1011.7,9.2,Medium,No
Gulshan,residential,231,Very Unhealthy,12.3,75,6.1,NW,0,1012.1,7.4,High,No
Gulshan,residential,85,Moderate,28.9,85,5.3,E,0,1004.6,9.5,Low,No
Gulshan,residential,186,Unhealthy,22.4,73,1.1,W,0,1016.2,7.8,High,No
Motijheel,roadside,281,Very Unhealthy,19,73,7.1,NE,0,1014.4,3.1,Medium,No
Tejgaon,industrial,177,Unhealthy,23.7,77,5.3,N,0,1012,6.7,High,No
Hazaribagh,industrial,177,Unhealthy,20.5,65,15.1,NW,0.9,1014.9,7.9,Low,No
Dhanmondi,roadside,210,Very Unhealthy,19.2,76,7.6,N,0,1015,6,High,No
Baridhara,background,64,Moderate,29.6,87,7.4,E,7,1000.4,10,Low,No
Uttara,residential,161,Unhealthy,25.4,61,19.5,NW,2.8,1011.4,8.3,Medium,Yes
Uttara,residential,114,Unhealthy for Sensitive Groups,30.9,61,7.5,W,0,1008.1,9.2,Medium,Yes
Dhanmondi,roadside,256,Very Unhealthy,17,66,14.2,NW,0,1013,5.7,Severe,Yes
Hazaribagh,industrial,266,Very Unhealthy,33.1,76,0.9,N,0,1011.8,5.8,Medium,No
Tejgaon,industrial,123,Unhealthy for Sensitive Groups,29.6,95,28.3,SW,0,997.2,10.2,Medium,No
Agargaon,roadside,155,Unhealthy,26.1,100,10.4,S,0,1014.2,8.6,High,No
Mirpur,residential,133,Unhealthy for Sensitive Groups,29,65,3.4,SW,0,999,10.3,Medium,Yes
Mirpur,residential,59,Moderate,33.2,87,23.4,SW,11.5,997.8,9.7,Low,No
Agargaon,roadside,151,Unhealthy,26.9,69,0.9,E,0,1005.8,8.6,Medium,No
Mirpur,residential,132,Unhealthy for Sensitive Groups,31.9,67,2.8,S,0,1007.6,9.3,Medium,No
Uttara,residential,54,Moderate,29.6,89,9.6,S,5.3,1001.3,9.7,Low,Yes
Dhanmondi,roadside,85,Moderate,27.4,86,15.8,E,0.7,1004.1,9.9,High,Yes
Hazaribagh,industrial,206,Very Unhealthy,25,75,6.7,NE,0,1010.5,6.4,Severe,Yes
Old Dhaka,roadside,125,Unhealthy for Sensitive Groups,30.6,85,1.6,SW,7.9,1001.6,7.9,Severe,No
Mirpur,residential,176,Unhealthy,16,74,2.7,E,0,1014.8,9.1,Medium,No
Agargaon,roadside,140,Unhealthy for Sensitive Groups,31.6,72,5.1,E,0,1011.4,8.3,Medium,Yes
Agargaon,roadside,125,Unhealthy for Sensitive Groups,33.1,87,9.3,S,0,1001.1,8,Severe,No
Jatrabari,industrial,185,Unhealthy,31.4,63,6.9,NE,0,1013.4,7.3,Medium,No
Agargaon,roadside,85,Moderate,27.4,100,15,N,5,1007.1,10.4,Severe,Yes
Gulshan,residential,51,Moderate,28.5,88,1.5,NE,24.8,999.2,10,Medium,No
Hazaribagh,industrial,223,Very Unhealthy,18,76,7.7,W,0,1017.5,6.3,High,No
Baridhara,background,79,Moderate,29.4,81,2.5,SE,0,1000.6,12,Low,No
Jatrabari,industrial,73,Moderate,30.3,87,17.7,SW,2.2,1002.5,10.6,Medium,No
Tejgaon,industrial,170,Unhealthy,27.8,79,8.3,SE,0,1007.2,7.7,Low,No
Jatrabari,industrial,156,Unhealthy,35.3,53,6.9,SW,0,1006.9,10,Low,No
Motijheel,roadside,80,Moderate,30,79,5.1,S,15,1009.1,9.4,High,No
Motijheel,roadside,191,Unhealthy,28.1,62,10,S,0,1005.2,6.2,High,No
Motijheel,roadside,84,Moderate,32.1,80,14.7,S,9,1004.1,10.2,Severe,No
Jatrabari,industrial,195,Unhealthy,23.4,61,6.2,W,0,1015.5,6.4,Medium,No
Old Dhaka,roadside,152,Unhealthy,27.6,78,4.8,N,0,1009.9,8.5,Medium,No
Mirpur,residential,79,Moderate,26.4,89,2.4,N,9.2,1014.3,8.8,Low,No
Jatrabari,industrial,134,Unhealthy for Sensitive Groups,31.1,86,6,NW,0,1001.1,7.7,High,Yes
Tejgaon,industrial,55,Moderate,29.6,76,14.7,S,32.8,1002.2,10.7,Severe,No
Baridhara,background,217,Very Unhealthy,11.8,62,8.5,SW,0,1015.8,5,High,No
Tejgaon,industrial,103,Unhealthy for Sensitive Groups,31,82,16.1,S,0.5,1005.3,9.5,High,Yes
Hazaribagh,industrial,223,Very Unhealthy,33.2,57,3.3,NE,0,1006.3,5,Severe,Yes
Agargaon,roadside,119,Unhealthy for Sensitive Groups,32.6,87,1.5,S,0,1007.9,9.3,Severe,No
Agargaon,roadside,180,Unhealthy,16.4,81,8,E,0,1010.8,7.1,Medium,Yes
Mohammadpur,residential,104,Unhealthy for Sensitive Groups,30.4,80,2,SE,0,1000.7,10.5,Low,No
Jatrabari,industrial,180,Unhealthy,19.9,71,11.6,NE,0,1018.3,8,Low,No
Dhanmondi,roadside,73,Moderate,30.2,82,11.4,SE,3.3,1000.8,10.2,High,No
Old Dhaka,roadside,131,Unhealthy for Sensitive Groups,30.2,80,8.5,NE,8.8,1002.7,10.8,High,No
Motijheel,roadside,220,Very Unhealthy,19.1,72,1.9,S,0,1012.8,6.7,Medium,No
Gulshan,residential,122,Unhealthy for Sensitive Groups,31.5,63,7.6,S,0,1003.7,8.6,High,No
Baridhara,background,177,Unhealthy,28.9,72,4.7,W,0,1010,8.3,Medium,Yes
Uttara,residential,77,Moderate,32.2,72,8.7,SE,0,1004.1,9.5,High,Yes
Mirpur,residential,179,Unhealthy,16.4,71,14,NW,0,1013.7,7,Severe,No
Mohammadpur,residential,174,Unhealthy,30.6,77,3.4,S,0,1007,8.2,Low,No
Mohammadpur,residential,184,Unhealthy,29.9,74,5.9,W,0,1006,8.7,Low,No
Mirpur,residential,83,Moderate,29,97,6.3,E,0,1003.9,10.6,Low,No
Mohammadpur,residential,59,Moderate,27.1,80,16.7,E,24.2,998.2,11.5,Low,No
Motijheel,roadside,214,Very Unhealthy,19.1,77,5.3,NE,0,1015,6.3,Medium,No
Gulshan,residential,65,Moderate,30.9,76,10.6,S,0,1001.4,9.8,Medium,No
Dhanmondi,roadside,75,Moderate,29.7,91,17.6,SE,0,1000,10.6,Severe,No
Dhanmondi,roadside,151,Unhealthy,30,98,8.4,E,0,1005.3,8.6,High,Yes
Tejgaon,industrial,236,Very Unhealthy,20.5,74,3.9,W,0,1010.9,6,Low,No
Dhanmondi,roadside,156,Unhealthy,34.5,81,17,E,0,1008.1,9.1,High,No
Old Dhaka,roadside,127,Unhealthy for Sensitive Groups,30,63,21,E,0,1008.4,10.6,Medium,No
Baridhara,background,159,Unhealthy,14.9,69,7.3,N,0,1014.3,9.1,Medium,No
Mohammadpur,residential,173,Unhealthy,30.8,61,4.5,S,0,1012.1,7.5,High,No
Dhanmondi,roadside,199,Unhealthy,25.6,70,3.6,N,0,1016.3,7.6,Severe,No
Gulshan,residential,136,Unhealthy for Sensitive Groups,14.9,72,13.6,N,0,1013.4,9.2,Medium,No
Old Dhaka,roadside,82,Moderate,31.2,85,11.3,S,10,1003.8,9.6,Severe,No
Gulshan,residential,197,Unhealthy,23.1,66,4.1,NW,0,1014.1,6.4,High,No
Baridhara,background,75,Moderate,25.7,81,1.3,N,0,1001.2,10.1,Medium,No
Jatrabari,industrial,474,Hazardous,20.4,73,8.3,W,0,1018.1,1.1,Medium,Yes
Hazaribagh,industrial,157,Unhealthy,31.1,84,10.1,S,0,1003.6,8.9,Medium,Yes
Old Dhaka,roadside,169,Unhealthy,30.3,59,12.6,SE,0,1009.9,7.7,High,Yes
Agargaon,roadside,84,Moderate,28.8,70,3.6,SE,0,996,10.1,Medium,No
Agargaon,roadside,66,Moderate,28.9,80,5.4,SE,19.5,1003.1,10.1,Low,No
Mohammadpur,residential,109,Unhealthy for Sensitive Groups,30.2,57,15.6,S,0,1011.1,10.3,Medium,Yes
Jatrabari,industrial,69,Moderate,29.5,78,0.5,NE,0,999.5,10.6,Medium,No
Baridhara,background,225,Very Unhealthy,17.3,67,3.8,W,0,1015.7,5.3,Medium,No
Mohammadpur,residential,83,Moderate,29.4,84,1.8,SE,0,1001.7,9.4,High,Yes
Tejgaon,industrial,500,Hazardous,23.2,65,2.3,W,0,1017.1,0.3,Severe,No
Hazaribagh,industrial,165,Unhealthy,28,86,14.1,E,0,1005.9,9.9,High,No
Agargaon,roadside,385,Hazardous,12.9,60,4.4,N,0,1017.3,3.8,Medium,Yes
Mohammadpur,residential,199,Unhealthy,30,88,2.1,NE,0,1010.6,5.8,Medium,No
Motijheel,roadside,185,Unhealthy,30.5,67,10.6,S,0,1014.1,8.5,High,Yes
Gulshan,residential,90,Moderate,29.3,80,4.3,SW,0,1003.2,10.9,Medium,No
Jatrabari,industrial,161,Unhealthy,30.7,73,6.6,E,6.7,1013,9.9,Medium,No
Tejgaon,industrial,211,Very Unhealthy,19.7,66,5.6,S,0,1016.9,6.4,Low,No
Tejgaon,industrial,159,Unhealthy,17.2,64,11.6,NW,0,1014.3,8.3,Low,No
Jatrabari,industrial,163,Unhealthy,28.3,92,6.1,NE,0,1011.4,7.8,Medium,No
Motijheel,roadside,63,Moderate,28.3,67,5,SE,7.8,1003.3,10.1,Medium,Yes
Uttara,residential,183,Unhealthy,17.9,68,6.6,W,0,1009.5,6.7,High,No
Baridhara,background,43,Good,26,87,9.6,S,6,1004.7,11.5,Low,No
Gulshan,residential,166,Unhealthy,33.9,79,5.2,SE,0,1007.7,9.5,High,No
Old Dhaka,roadside,157,Unhealthy,18.4,67,4.4,W,0,1016.6,9.9,Low,No
Uttara,residential,73,Moderate,31.2,100,6.6,SW,0,1003.8,9.1,Low,No
Gulshan,residential,175,Unhealthy,20.7,76,10.4,W,0,1012,7.5,Medium,Yes
Motijheel,roadside,255,Very Unhealthy,20.9,51,0.4,NE,0,1015.5,5.1,Medium,Yes
Old Dhaka,roadside,79,Moderate,30,73,8.8,SW,0.5,1002.3,9.9,High,No
Tejgaon,industrial,293,Very Unhealthy,20.4,72,8.7,E,0,1012.2,4.7,Medium,No
Agargaon,roadside,157,Unhealthy,24.6,69,10.9,N,0,1014.9,8.4,Medium,Yes
Hazaribagh,industrial,79,Moderate,27.9,89,1.7,SW,10.8,1007,10,Low,Yes
Mirpur,residential,143,Unhealthy for Sensitive Groups,26.7,74,1.3,W,0,1010.3,8.5,Medium,No
Hazaribagh,industrial,96,Moderate,28.8,75,4.1,E,7.2,1003.6,9.6,Medium,No
Motijheel,roadside,154,Unhealthy,30.6,70,8.4,S,0,1011.1,8.8,Severe,No
Motijheel,roadside,154,Unhealthy,31.9,75,14.4,W,0,1006.4,8.1,Medium,No
Mirpur,residential,64,Moderate,28.7,69,1.4,S,4.3,1001.1,10.1,Medium,No
Motijheel,roadside,88,Moderate,29.5,93,7.9,SE,0.4,999.1,10.2,Medium,Yes
Old Dhaka,roadside,162,Unhealthy,27.3,87,9.7,W,2.2,1012.2,9.6,High,Yes
Tejgaon,industrial,185,Unhealthy,18.8,67,3.5,N,0,1013.7,7.1,Low,No
Mirpur,residential,70,Moderate,30.5,74,8.4,S,0,1003.7,9.9,Low,No
Tejgaon,industrial,128,Unhealthy for Sensitive Groups,30.1,89,2.3,S,0,1001.1,8.7,Severe,No
Hazaribagh,industrial,171,Unhealthy,27.5,64,11.2,E,0,1004.3,8.5,High,No
Old Dhaka,roadside,220,Very Unhealthy,21.6,66,4.6,SE,0,1009.5,5.4,High,No
Mirpur,residential,171,Unhealthy,30.1,83,6,E,0,1008.1,7,Low,Yes
Hazaribagh,industrial,296,Very Unhealthy,21,63,5.9,W,0,1014.3,3.4,Medium,No
Hazaribagh,industrial,166,Unhealthy,29.3,73,1.2,W,0,999.9,6.9,Medium,Yes
Gulshan,residential,184,Unhealthy,34.1,70,4.7,S,0,1011.2,8.5,Severe,No
Jatrabari,industrial,251,Very Unhealthy,18.8,69,9,NE,0,1011.8,4.3,Severe,Yes
Dhanmondi,roadside,242,Very Unhealthy,23.8,82,1,E,0,1018.4,5.5,Severe,No
Motijheel,roadside,494,Hazardous,23,67,1.1,N,0,1018,0.3,Severe,No
Mohammadpur,residential,79,Moderate,31.9,82,4.6,SE,15.3,1004.4,9.1,Severe,No
Jatrabari,industrial,157,Unhealthy,24,81,5.1,SW,0,1013.1,9.1,Medium,No
Hazaribagh,industrial,93,Moderate,30,87,7.8,SW,11.7,1000.3,9.7,Medium,No
Jatrabari,industrial,238,Very Unhealthy,23.3,72,15,NW,0,1013.8,5,Low,No
Hazaribagh,industrial,154,Unhealthy,30.5,87,8,SE,4.2,1007,7.6,Severe,Yes
Hazaribagh,industrial,172,Unhealthy,28.4,79,6.8,S,0,1013.8,8.6,Medium,Yes
Mirpur,residential,84,Moderate,27.5,82,14.1,N,6,1003.4,11.3,Medium,No
Baridhara,background,161,Unhealthy,25.7,77,2.4,N,0,1013.8,8.7,High,Yes
Old Dhaka,roadside,266,Very Unhealthy,16.2,67,6.5,S,0,1013,3.1,High,No
Motijheel,roadside,169,Unhealthy,22,84,8.3,W,0,1008.3,8.5,High,Yes
Uttara,residential,126,Unhealthy for Sensitive Groups,26.1,89,7.5,E,0,1009.5,8.7,Medium,No
Mirpur,residential,174,Unhealthy,10.4,65,5.6,E,0,1014.5,7.2,Medium,No
Tejgaon,industrial,187,Unhealthy,24.3,97,5.8,N,0,1011.6,6.5,High,No
Motijheel,roadside,280,Very Unhealthy,28,64,1.9,N,0,1018.2,4,Severe,No
Gulshan,residential,199,Unhealthy,17.7,64,3.7,NW,0,1020.6,6.7,Low,No
Gulshan,residential,43,Good,27.4,89,17.6,SW,19.5,1006,10.6,High,No
Mirpur,residential,160,Unhealthy,30,89,4.2,S,0,999.1,9,Low,No
Tejgaon,industrial,162,Unhealthy,28.8,69,7.7,E,0,1005.3,7.8,Low,Yes
Uttara,residential,161,Unhealthy,29.2,85,5.1,NE,0,1008.8,8.2,Medium,No
Tejgaon,industrial,189,Unhealthy,24.8,80,7,S,0,1014,6.3,Medium,No
Mohammadpur,residential,154,Unhealthy,19.9,87,4.7,NE,0,1017.2,6.3,Low,No
Mohammadpur,residential,138,Unhealthy for Sensitive Groups,27.9,85,5.8,SE,0,1001,8.7,Low,No
Old Dhaka,roadside,81,Moderate,34.7,78,12.2,SE,0,1002,8.8,Medium,No
Tejgaon,industrial,92,Moderate,30.9,81,8,SW,14.1,1002.8,9.5,Medium,No
Old Dhaka,roadside,184,Unhealthy,26.6,82,5.8,NE,0,1012.7,7.7,Medium,No
Jatrabari,industrial,32,Good,29.5,89,4.4,S,57.5,1005.4,11.1,High,Yes
Hazaribagh,industrial,323,Hazardous,17.1,72,3.7,NE,0,1015.8,2,High,No
Jatrabari,industrial,243,Very Unhealthy,16.3,63,5.9,NW,0,1014.8,4.7,High,No
Tejgaon,industrial,173,Unhealthy,25,87,10.1,NE,0,1012.3,7.5,Medium,Yes
Mohammadpur,residential,159,Unhealthy,31.2,93,12.5,NW,0.1,1010.8,9.6,Medium,Yes
Gulshan,residential,202,Very Unhealthy,17.1,70,6.3,SE,0,1016.3,7.2,Severe,No
Motijheel,roadside,205,Very Unhealthy,11.5,84,16.7,SW,0,1014.9,6.2,High,No
Mirpur,residential,74,Moderate,27.9,92,5.5,S,0,1005.3,12,Low,No
Hazaribagh,industrial,220,Very Unhealthy,22.2,88,4,NW,0,1018.5,3.5,High,No
Agargaon,roadside,269,Very Unhealthy,18.1,74,10.7,E,0,1014.8,4.8,Severe,Yes
Mirpur,residential,120,Unhealthy for Sensitive Groups,26.7,79,6,E,0,1016.5,9.8,Low,No
Jatrabari,industrial,212,Very Unhealthy,29.9,85,3.5,N,0,1011.8,4.9,Low,No
Mirpur,residential,137,Unhealthy for Sensitive Groups,25.1,75,5.3,S,0,1012.4,8.3,Medium,Yes
Old Dhaka,roadside,88,Moderate,31.1,88,3,E,18.8,1005.9,10.8,Severe,No
Mirpur,residential,165,Unhealthy,29.3,79,6.7,S,0,1012.4,7.9,Medium,No
Mohammadpur,residential,188,Unhealthy,28.4,85,2.1,W,0,1014.3,7.4,Medium,No
Motijheel,roadside,267,Very Unhealthy,17.6,70,2.2,S,0,1016.1,4,High,No
Old Dhaka,roadside,477,Hazardous,18.2,72,5.9,E,0,1014.4,0.3,High,No
Mohammadpur,residential,108,Unhealthy for Sensitive Groups,29.1,84,0.6,NE,0,1012.1,8.1,Low,No
Hazaribagh,industrial,76,Moderate,31.3,91,2.8,E,0,1003.8,10.4,Medium,No
Jatrabari,industrial,167,Unhealthy,26.6,84,2.9,SE,0,1012.4,8.2,Severe,Yes
Gulshan,residential,162,Unhealthy,17.3,73,3.6,N,0,1014.7,8,High,Yes
Old Dhaka,roadside,161,Unhealthy,31,71,7.9,N,0,1009.4,8.2,Severe,No
Old Dhaka,roadside,99,Moderate,31.1,80,4.9,SW,6.3,1002.8,10.8,Severe,No
Dhanmondi,roadside,77,Moderate,29.3,89,17.2,SE,0,1000.6,10.9,High,No
Old Dhaka,roadside,120,Unhealthy for Sensitive Groups,25.4,85,3.2,NE,13.3,1007.1,10.6,Low,Yes
Agargaon,roadside,156,Unhealthy,33.6,74,1,S,0,1005,8.4,High,No
Jatrabari,industrial,132,Unhealthy for Sensitive Groups,30.2,80,2.9,SW,1.8,1001.1,8.8,High,Yes
Jatrabari,industrial,152,Unhealthy,29.7,84,8.1,E,0,1000.2,7.2,High,No
Motijheel,roadside,112,Unhealthy for Sensitive Groups,30.2,76,3,N,0,1002.7,8.4,High,No
Baridhara,background,99,Moderate,27.8,67,3.1,NE,11.6,1008,9.9,High,No
Jatrabari,industrial,99,Moderate,29.9,86,14.7,SE,0,999.3,10.7,Low,Yes
Dhanmondi,roadside,222,Very Unhealthy,23.2,81,12.8,W,0,1018.3,5.2,High,No
Tejgaon,industrial,218,Very Unhealthy,23.4,71,1.4,E,0,1017.5,4.9,Medium,No
Baridhara,background,155,Unhealthy,28.3,93,4.4,W,0,1011.9,9.5,Low,Yes
Baridhara,background,99,Moderate,30.4,77,6.2,NE,0,1014.6,9.7,Low,Yes
Mirpur,residential,162,Unhealthy,27,78,9.8,N,0,1009.4,7.2,Medium,No
Hazaribagh,industrial,225,Very Unhealthy,21.4,62,3.5,N,0,1017,5.1,Severe,No
Mirpur,residential,137,Unhealthy for Sensitive Groups,33.5,65,8.8,SW,0,1006.6,10.8,High,No
Mirpur,residential,62,Moderate,31.8,75,14.1,SE,0,1005.8,10.2,Medium,No
Hazaribagh,industrial,98,Moderate,31.6,73,6.9,W,0,1002.7,10.1,Low,No
Tejgaon,industrial,242,Very Unhealthy,21.2,61,0.3,NW,0,1012.9,3.4,High,No
Mohammadpur,residential,77,Moderate,33.5,86,5.7,NE,0,1005.5,10.4,Medium,No
Old Dhaka,roadside,251,Very Unhealthy,17.1,64,2.5,S,0,1014.1,4.9,Medium,No
Dhanmondi,roadside,191,Unhealthy,30.6,64,4.1,N,0,1004.1,5.4,High,Yes
Mirpur,residential,194,Unhealthy,18.2,73,2.9,N,0,1018.9,6.7,Medium,No
Old Dhaka,roadside,310,Hazardous,17.7,58,0.6,E,0,1016.7,2.3,Severe,No
Gulshan,residential,165,Unhealthy,12,71,12.2,W,0,1012.9,8.3,Medium,No
Tejgaon,industrial,162,Unhealthy,30.4,85,10.2,E,0,1010.8,8.4,Severe,No
Hazaribagh,industrial,58,Moderate,28.2,92,18.6,S,27.5,1001.8,9.5,Severe,Yes
Hazaribagh,industrial,187,Unhealthy,27.4,82,18.9,NW,0,1008.8,7.9,Medium,No
Dhanmondi,roadside,156,Unhealthy,27.4,68,8.6,W,0,1004.9,8.3,High,No
Jatrabari,industrial,217,Very Unhealthy,32.6,63,5,S,0,1006.8,5.6,Low,No
Motijheel,roadside,152,Unhealthy,29,67,10.3,SW,0,1009.5,9.5,Medium,No
Mohammadpur,residential,37,Good,28,98,9.6,SW,28.1,1004.2,11.4,Low,No
Mirpur,residential,202,Very Unhealthy,31.5,70,5,SE,0,1005.7,7.5,Medium,No
Dhanmondi,roadside,156,Unhealthy,28.7,84,4.4,SE,0,1004.2,8.6,High,Yes
Motijheel,roadside,169,Unhealthy,25.6,83,4.9,S,0,1014.8,7.5,High,Yes
Hazaribagh,industrial,180,Unhealthy,27.4,78,3.2,S,0,1008.9,7.8,Medium,Yes
Uttara,residential,151,Unhealthy,21.8,72,7,NE,0,1016.9,10.1,High,Yes
Old Dhaka,roadside,47,Good,28.5,83,2.4,S,60.3,1002.1,10,Severe,No
Agargaon,roadside,205,Very Unhealthy,15.5,67,8,N,0,1014.4,5.7,Severe,Yes
Hazaribagh,industrial,222,Very Unhealthy,19.1,78,11.4,NW,0,1015.1,5.6,High,No
Mohammadpur,residential,32,Good,31,69,17.9,SW,33.6,1004.1,11.6,Severe,Yes
Mirpur,residential,93,Moderate,32.6,89,26.7,SE,0,998.9,8.1,Medium,No
Baridhara,background,61,Moderate,28.1,81,9.8,SW,0,1002.1,11.4,Medium,Yes
Agargaon,roadside,266,Very Unhealthy,17.9,55,1.5,W,0,1014.2,3.7,High,No
Agargaon,roadside,179,Unhealthy,29.9,70,5.7,W,0,1011.1,8.7,Severe,No
Motijheel,roadside,203,Very Unhealthy,31.9,78,17.9,SE,0,1010.6,5.2,Severe,Yes
Mirpur,residential,153,Unhealthy,28.5,69,19.4,NE,0,1005.2,9.1,Medium,No
Mirpur,residential,170,Unhealthy,25.2,84,4.2,W,0,1015.8,7.8,High,No
Mohammadpur,residential,233,Very Unhealthy,20.3,76,0.8,SW,0,1008.5,5.4,Severe,Yes
Motijheel,roadside,61,Moderate,29,73,9.4,W,21.5,1003.5,11.3,Severe,No
Uttara,residential,96,Moderate,25.1,81,1.5,N,0,1012.5,10.6,Low,No
Old Dhaka,roadside,161,Unhealthy,27.6,84,7.2,NE,0,1011.3,10.3,Severe,Yes
Tejgaon,industrial,185,Unhealthy,30.9,80,7.8,SE,0,1011.8,8.6,High,No
Uttara,residential,155,Unhealthy,27.7,72,18.8,SW,0,1008.7,10,High,Yes
Mirpur,residential,190,Unhealthy,30.7,63,0.9,E,0,1009.8,7.2,Medium,No
Mohammadpur,residential,71,Moderate,29,77,12.7,SE,0,1001.2,9.7,Low,Yes
Old Dhaka,roadside,253,Very Unhealthy,20.2,81,4.6,NW,0,1014.3,4.9,High,No
Jatrabari,industrial,190,Unhealthy,24.6,68,14.4,NE,0,1016.3,7.2,High,No
Mohammadpur,residential,60,Moderate,30.6,100,12.1,SE,19.4,1003.4,11.5,Severe,Yes
Baridhara,background,90,Moderate,29.5,75,7.7,W,1.7,999.5,9.3,Severe,No
Hazaribagh,industrial,102,Unhealthy for Sensitive Groups,31.3,98,3.4,N,0,1001.9,10.3,Medium,Yes
Mohammadpur,residential,170,Unhealthy,26.6,73,5.3,N,0,1009.6,7.8,High,Yes
Baridhara,background,63,Moderate,30.9,92,14.8,E,0,999.8,10.3,Medium,No
Mohammadpur,residential,153,Unhealthy,30.5,66,7.7,SE,0,1005.9,9.1,Medium,Yes
Uttara,residential,123,Unhealthy for Sensitive Groups,33.2,69,7.5,S,0,1004.3,9.6,Low,No
Baridhara,background,76,Moderate,27.5,90,7,SE,11,997.6,11.1,High,No
Tejgaon,industrial,151,Unhealthy,28.2,80,4.5,S,0,1002.3,7.3,High,Yes
Hazaribagh,industrial,141,Unhealthy for Sensitive Groups,27.5,91,3.1,W,0,1004.5,8.9,Medium,No
Old Dhaka,roadside,124,Unhealthy for Sensitive Groups,29.9,83,3.5,S,0,1001.3,8.4,Low,No
Jatrabari,industrial,66,Moderate,27.2,86,7.5,SW,26.3,1004.4,10.4,Severe,Yes
Tejgaon,industrial,62,Moderate,28.8,64,13.1,SE,25.9,1004,11.4,Low,No
Mirpur,residential,177,Unhealthy,24.2,75,6.4,SE,0,1008.9,7.8,Medium,No
Dhanmondi,roadside,184,Unhealthy,24.2,80,10.8,W,0,1013,7.2,High,Yes
Hazaribagh,industrial,71,Moderate,28.2,91,17.7,S,13.2,998.5,10.2,Medium,No
Uttara,residential,73,Moderate,27.7,92,24,SE,0,1002.7,11.5,High,No
Agargaon,roadside,209,Very Unhealthy,19.9,70,16.4,N,0,1016.4,5.4,High,No
Old Dhaka,roadside,136,Unhealthy for Sensitive Groups,33,98,2.1,SW,0,1002.1,9.1,Medium,No
Baridhara,background,58,Moderate,29.8,87,10.5,SE,0,1000.2,9.9,Medium,No
Jatrabari,industrial,127,Unhealthy for Sensitive Groups,29.9,80,5.1,S,0,1001.9,9.3,High,No
Agargaon,roadside,107,Unhealthy for Sensitive Groups,32.3,92,3.7,SE,16.2,1003.8,10.6,High,No
Uttara,residential,152,Unhealthy,33.2,75,6.7,SE,0,1008.6,8.3,High,No
Mirpur,residential,228,Very Unhealthy,20.5,75,13.7,NE,0,1016.4,5.3,Severe,No
Motijheel,roadside,189,Unhealthy,29.5,65,16.5,N,0,1007.9,6,High,No
Hazaribagh,industrial,186,Unhealthy,32.1,70,8.3,E,0,1009.9,7,Severe,No
Uttara,residential,89,Moderate,27.6,96,11.7,S,0,999.6,8.9,Low,Yes
Motijheel,roadside,157,Unhealthy,25.4,82,7.4,NE,0,1009.6,8.7,High,No
Mirpur,residential,104,Unhealthy for Sensitive Groups,32.6,73,6,S,0,999.7,10.4,High,No
Motijheel,roadside,302,Hazardous,23.6,65,3,N,0,1014.1,3.8,High,No
Motijheel,roadside,144,Unhealthy for Sensitive Groups,32.1,63,7.6,NW,0,1010.7,8.6,Low,No
Mirpur,residential,184,Unhealthy,12.2,64,8.8,N,0,1013.2,7.3,High,No
Old Dhaka,roadside,121,Unhealthy for Sensitive Groups,27.8,68,20.4,SE,0,1000.2,8.5,Severe,No
Agargaon,roadside,224,Very Unhealthy,16.6,85,7.7,NW,0,1010.8,3.2,High,No
Agargaon,roadside,132,Unhealthy for Sensitive Groups,29.7,78,4.7,SE,0,1003.6,9.2,High,No
Uttara,residential,151,Unhealthy,27.7,79,3.3,SE,12.2,1002,10.7,High,No
Gulshan,residential,26,Good,29.6,69,9.3,S,43.5,1005.5,10.7,Medium,Yes
Gulshan,residential,163,Unhealthy,25.2,77,0.9,E,0,1018.5,9,Medium,No
Mohammadpur,residential,65,Moderate,32,67,36.6,S,25.4,1004.2,10.3,High,No
Mirpur,residential,74,Moderate,30.4,82,10.5,NE,0,1001.9,11.3,Low,No
Agargaon,roadside,57,Moderate,28.2,83,16.9,NW,10.8,1005.2,10.7,High,No
Jatrabari,industrial,219,Very Unhealthy,13.3,75,10.3,N,0,1013.2,6.1,Medium,Yes
Jatrabari,industrial,212,Very Unhealthy,23.9,74,8,SE,0,1013.5,7.2,Medium,No
Gulshan,residential,110,Unhealthy for Sensitive Groups,27,69,9.9,SE,0,995.8,8.4,Medium,No
Uttara,residential,134,Unhealthy for Sensitive Groups,31.2,58,14.1,S,0,1006.9,10.1,High,Yes
Agargaon,roadside,299,Very Unhealthy,20.3,59,4.1,NW,0,1013.5,4,Severe,Yes
Baridhara,background,148,Unhealthy for Sensitive Groups,28.6,70,8.5,N,0,1009.7,9.3,Medium,Yes
Motijheel,roadside,239,Very Unhealthy,31.4,75,14.7,SW,0,1006.1,5.6,High,No
Agargaon,roadside,248,Very Unhealthy,24.1,82,1.5,S,0,1017.1,5.1,High,No
Uttara,residential,66,Moderate,33.5,72,7.4,S,3.8,1003.3,9.4,Medium,No
Uttara,residential,150,Unhealthy for Sensitive Groups,32.9,73,7.5,NW,0,1005.1,7.1,High,Yes
Uttara,residential,155,Unhealthy,26.6,73,0.9,NW,0,1013.2,9.1,High,No
Mirpur,residential,175,Unhealthy,28.8,100,8.6,N,0,1012.4,9.1,Severe,No
Uttara,residential,225,Very Unhealthy,23.7,81,6.3,N,0,1011.2,5.9,High,No
Jatrabari,industrial,257,Very Unhealthy,12,84,5.4,E,0,1016.3,3.3,High,No
Motijheel,roadside,79,Moderate,32.7,91,14.9,SE,0,1000.8,9.2,High,No
Hazaribagh,industrial,172,Unhealthy,25.6,81,10.4,SE,0,1012.2,7.9,Severe,Yes
Jatrabari,industrial,196,Unhealthy,25.7,75,10.9,E,0,1011.7,8.2,High,Yes
Hazaribagh,industrial,255,Very Unhealthy,17.8,65,4.9,N,0,1017.5,4.7,Severe,No
Gulshan,residential,400,Hazardous,20.1,64,4,SE,0,1017.4,1.5,High,No
Baridhara,background,152,Unhealthy,15.1,75,6.2,E,0,1013.1,8.5,Medium,No
Agargaon,roadside,139,Unhealthy for Sensitive Groups,26.3,90,8,E,0,1009.7,8.7,Medium,No
Gulshan,residential,71,Moderate,30.9,82,12,SE,0,1001.4,9.4,Severe,Yes
Uttara,residential,121,Unhealthy for Sensitive Groups,30.4,79,3.7,SW,0,1004.7,10.6,Medium,No
Old Dhaka,roadside,65,Moderate,30.7,73,9.8,S,18,1001,10.5,Medium,Yes
Jatrabari,industrial,220,Very Unhealthy,17.9,72,11.6,NW,0,1015.8,6.3,Severe,Yes
Hazaribagh,industrial,170,Unhealthy,31.2,95,4.1,S,0,1004.3,6.9,Medium,No
Hazaribagh,industrial,167,Unhealthy,22.7,80,0.8,W,0,1015.1,7.7,Medium,No
Mirpur,residential,136,Unhealthy for Sensitive Groups,31.8,96,0.5,S,0.3,1006.3,8.6,Severe,No
Jatrabari,industrial,107,Unhealthy for Sensitive Groups,30.8,88,5.4,S,0,1000.7,10,Medium,No
Agargaon,roadside,181,Unhealthy,31.7,86,3.1,SE,0,1003.4,6.9,High,No
Old Dhaka,roadside,163,Unhealthy,33.2,78,11.9,N,0,1008,7.3,Severe,No
Jatrabari,industrial,159,Unhealthy,33.7,69,7.4,E,0,1011.3,9.5,Medium,No
Agargaon,roadside,79,Moderate,32.2,81,1.4,SE,24.3,996.7,9.6,High,No
Mohammadpur,residential,185,Unhealthy,18.7,84,11.3,W,0,1014.3,8.2,Medium,No
Uttara,residential,192,Unhealthy,15.8,61,3.2,NW,0,1010.7,6.5,Low,No
Mohammadpur,residential,89,Moderate,29.5,85,3.5,S,2.9,1000.8,10.2,High,Yes
Gulshan,residential,175,Unhealthy,17.8,75,6.6,N,0,1014.8,8,High,No
Mirpur,residential,165,Unhealthy,20.8,71,3.7,SW,0,1020.8,8.2,Low,Yes
Mirpur,residential,197,Unhealthy,16.5,79,6.2,W,0,1016.9,5.4,Medium,No
Old Dhaka,roadside,260,Very Unhealthy,23.2,82,4.8,S,0,1012.4,4.1,High,No
Tejgaon,industrial,165,Unhealthy,27.5,72,18.7,SW,0,1007.5,8.6,High,Yes
Tejgaon,industrial,74,Moderate,27.1,96,8.7,SW,37.7,1003.1,9.5,Medium,No
Old Dhaka,roadside,340,Hazardous,18.5,63,4.4,N,0,1015.3,1.9,Medium,Yes
Tejgaon,industrial,48,Good,28.5,84,7.2,NE,45.6,1002,11.1,High,Yes
Motijheel,roadside,196,Unhealthy,14.6,89,10.5,NE,0,1013.6,4.2,High,No
Mirpur,residential,171,Unhealthy,29.4,84,4.1,NW,0,1007.9,8.5,Low,No
Agargaon,roadside,254,Very Unhealthy,16.3,60,8,N,0,1015.7,4.8,High,No
Mohammadpur,residential,82,Moderate,30,85,7.5,SE,1.5,1003.7,8.4,Low,No
Mirpur,residential,170,Unhealthy,25.4,79,6,N,0,1013.1,7.7,Medium,No
Jatrabari,industrial,165,Unhealthy,29.7,71,3.5,W,0,1009,7.1,High,No
Old Dhaka,roadside,347,Hazardous,19,80,3.9,NE,0,1015.3,2.7,High,Yes
Uttara,residential,167,Unhealthy,22.5,85,3.4,SW,0,1014.6,8.7,Low,No
Gulshan,residential,168,Unhealthy,24.1,70,5.4,NW,0,1016.9,9.1,Low,No
Uttara,residential,173,Unhealthy,27.4,87,1.7,S,0,1008.9,8.6,Medium,No
Baridhara,background,235,Very Unhealthy,19.8,75,0.7,W,0,1008.8,5.9,Severe,No
Mirpur,residential,114,Unhealthy for Sensitive Groups,26.5,78,4,SE,0,1006.7,9.4,High,No
Old Dhaka,roadside,93,Moderate,30.9,71,14.7,E,19.7,997.3,10,Severe,Yes
Tejgaon,industrial,154,Unhealthy,30.7,93,10.5,S,0,1003.4,9.6,Severe,Yes
Hazaribagh,industrial,171,Unhealthy,30.3,83,5.4,NW,0,1011.3,9.2,High,No
Old Dhaka,roadside,218,Very Unhealthy,12.4,73,2.4,NW,0,1017,6.3,Medium,No
Motijheel,roadside,129,Unhealthy for Sensitive Groups,29.6,77,0.5,SE,7.9,1003.3,9.5,Severe,No
Tejgaon,industrial,217,Very Unhealthy,20.2,86,3.1,NW,0,1017.6,3.3,Medium,No
Uttara,residential,129,Unhealthy for Sensitive Groups,26.9,79,4.9,N,0,1013.8,10.1,High,No
Uttara,residential,65,Moderate,28.3,76,2.8,SE,8.4,1004.4,11.7,Medium,No
Motijheel,roadside,368,Hazardous,14.5,60,7.2,NE,0,1017.4,2.8,Severe,No
Uttara,residential,130,Unhealthy for Sensitive Groups,29,83,7.6,SW,3.1,1015.1,9,Severe,No
Uttara,residential,176,Unhealthy,16.4,76,3.6,W,0,1020.2,8.4,Low,No
Gulshan,residential,194,Unhealthy,12.9,66,4.7,W,0,1015.2,6,Medium,Yes
Agargaon,roadside,105,Unhealthy for Sensitive Groups,31.5,89,6.4,SE,0,1005.8,10.4,Medium,No
Mohammadpur,residential,132,Unhealthy for Sensitive Groups,32.1,73,10.3,S,0,1005.5,10,Medium,No
Old Dhaka,roadside,183,Unhealthy,26.7,79,2.8,N,0,1009.7,6.9,Severe,No
Dhanmondi,roadside,65,Moderate,28.4,79,31.3,SE,0,1006.1,11.1,Medium,No
Gulshan,residential,106,Unhealthy for Sensitive Groups,29.8,93,2.2,S,0,1002.3,9.5,High,No
Dhanmondi,roadside,189,Unhealthy,23.3,77,2.6,N,1.9,1010.8,7.4,High,No
Mirpur,residential,323,Hazardous,13.3,75,6,SW,0,1012,3.2,High,No
Jatrabari,industrial,154,Unhealthy,23.1,71,16,SE,0,1009.1,8.7,Medium,No
Gulshan,residential,207,Very Unhealthy,16.8,59,3.4,NW,0,1012.1,6.3,High,Yes
Dhanmondi,roadside,59,Moderate,30,86,3.2,E,25.5,1003.3,11.3,High,Yes
Hazaribagh,industrial,284,Very Unhealthy,17.3,77,4.2,S,0,1012.8,4.7,Medium,No
Motijheel,roadside,168,Unhealthy,21.2,78,8.2,SE,0,1014.3,7.8,High,No
Mohammadpur,residential,87,Moderate,32,90,11.8,SW,0,1000.5,8.9,Medium,Yes
Tejgaon,industrial,102,Unhealthy for Sensitive Groups,30.5,81,10.4,S,0,998.6,11.3,High,No
Jatrabari,industrial,171,Unhealthy,31,79,22.1,S,0,998.7,9.2,High,No
Baridhara,background,70,Moderate,27.7,78,9.2,E,21.6,1013.3,9.2,Medium,No
Motijheel,roadside,189,Unhealthy,19,70,9.7,SW,0,1015.8,7.1,High,No
Agargaon,roadside,176,Unhealthy,27.8,77,15.9,S,0,999,9.1,Severe,No
Tejgaon,industrial,250,Very Unhealthy,15.4,66,2.1,N,0,1013.4,5.8,Medium,No
Mohammadpur,residential,66,Moderate,27.6,82,6.4,SE,6.1,1004.2,11.9,High,No
Mirpur,residential,180,Unhealthy,30.6,84,4.1,N,0,1008.4,7.3,Low,No
Gulshan,residential,58,Moderate,30.4,97,4,N,5.4,1007.3,10.6,Low,No
Hazaribagh,industrial,224,Very Unhealthy,13.9,63,3.9,N,0,1014.4,4,Medium,No
Tejgaon,industrial,187,Unhealthy,27.2,90,7.1,NE,0,1011.9,7.8,High,Yes
Baridhara,background,111,Unhealthy for Sensitive Groups,24.8,69,15.5,NW,0,1008.8,10,High,No
Mohammadpur,residential,178,Unhealthy,24.3,75,8.6,S,0,1007.1,8.8,High,No
Tejgaon,industrial,177,Unhealthy,16.8,67,7,N,0,1015.9,8.5,Medium,No
Tejgaon,industrial,172,Unhealthy,24.2,77,4.3,NW,0,1010,8.7,Medium,No
Old Dhaka,roadside,175,Unhealthy,21.1,75,15.4,SE,4.6,1021.7,7.9,Severe,No
Baridhara,background,138,Unhealthy for Sensitive Groups,30.6,69,2.3,S,0,1005.5,8.9,Low,No
Motijheel,roadside,252,Very Unhealthy,21.9,75,8.7,S,0,1013.9,4.9,Medium,No
Mohammadpur,residential,182,Unhealthy,17.4,67,0.8,NW,0,1015.2,7.4,Low,No
Hazaribagh,industrial,75,Moderate,29.3,88,7.9,S,15.9,1004.4,10.8,Medium,No
Mirpur,residential,187,Unhealthy,25.6,71,10.4,NW,0,1017.1,6.6,Severe,No
Mirpur,residential,114,Unhealthy for Sensitive Groups,26.9,57,8.1,SW,0,1002.8,10,Medium,No
Mohammadpur,residential,60,Moderate,32.3,89,17.1,S,14.1,1005.3,11.7,Low,No
Tejgaon,industrial,168,Unhealthy,31.1,79,2.6,S,0,1010.6,7.8,High,Yes
Old Dhaka,roadside,143,Unhealthy for Sensitive Groups,31.4,79,0.4,SE,0,995.3,9.1,High,No
Dhanmondi,roadside,111,Unhealthy for Sensitive Groups,29.4,82,2.2,S,11.1,1002,9.1,Severe,No
Agargaon,roadside,179,Unhealthy,24,67,4,SE,0,1012.5,7.1,High,No
Mohammadpur,residential,174,Unhealthy,26.2,76,7.1,NW,0,1014,7.5,Severe,No
Mirpur,residential,172,Unhealthy,16.5,84,3.1,NW,0,1015.9,7.4,Medium,No
Mirpur,residential,203,Very Unhealthy,17.6,87,5.7,N,0,1017.7,4,Medium,No
Hazaribagh,industrial,253,Very Unhealthy,17,48,7.6,NE,0,1018,4.2,High,No
Mirpur,residential,74,Moderate,28.3,89,3.5,S,0,1000.9,9.4,Low,No
Hazaribagh,industrial,209,Very Unhealthy,33.8,76,4,NE,0,1007.6,7.1,Severe,No
Baridhara,background,69,Moderate,28.6,83,1.8,S,6.2,1004.8,10.5,Low,No
Mirpur,residential,98,Moderate,30.9,75,19,NE,0,1007.6,9.1,High,No
Baridhara,background,85,Moderate,27.4,81,19.3,SW,0,1004.9,10.2,Low,No
Motijheel,roadside,164,Unhealthy,31.1,57,8.8,NW,0,1010.6,9.7,Severe,No
Mohammadpur,residential,261,Very Unhealthy,15,71,1.7,SW,0,1015.1,6.1,High,No
Jatrabari,industrial,88,Moderate,28,84,21.5,N,0,1005,11,Medium,Yes
Motijheel,roadside,137,Unhealthy for Sensitive Groups,29.8,75,3.6,S,1.8,1006.8,10.3,High,No
Dhanmondi,roadside,92,Moderate,31.9,84,1.9,NW,0,997.2,10.9,Severe,No
Motijheel,roadside,229,Very Unhealthy,20.5,66,2.5,E,0,1013.3,5.3,High,Yes
Hazaribagh,industrial,163,Unhealthy,30.9,93,3.1,S,0,1000.6,9.9,Medium,Yes
Dhanmondi,roadside,142,Unhealthy for Sensitive Groups,30.7,78,2.8,NE,0,1009.2,9.4,High,No
Mirpur,residential,227,Very Unhealthy,17.8,71,3.1,SW,0,1014.1,5.1,High,No
Dhanmondi,roadside,174,Unhealthy,21.8,70,5.4,N,0,1013.3,7.3,Medium,Yes
Agargaon,roadside,172,Unhealthy,29.6,54,13.2,SE,0,1009.6,7.8,Medium,Yes
Gulshan,residential,154,Unhealthy,33.1,79,6.6,W,0,1009,9.4,Medium,No
Hazaribagh,industrial,162,Unhealthy,32.2,82,5.9,SE,10.2,1001.3,8.7,Medium,No
Motijheel,roadside,277,Very Unhealthy,16.1,69,4.2,W,0,1015.6,3.3,Severe,No
Motijheel,roadside,158,Unhealthy,28.7,93,1.9,SE,0,999.2,7.2,High,No
Baridhara,background,153,Unhealthy,17.1,72,8.4,NE,0,1014.4,10.6,Low,No
Hazaribagh,industrial,165,Unhealthy,27.4,93,14.5,S,0,1001.8,8.8,Severe,Yes
Uttara,residential,72,Moderate,29.2,90,18.7,E,0,998.8,11.4,Medium,No
Baridhara,background,159,Unhealthy,34.3,70,5.8,N,0,1002.9,8.5,Medium,No
Mohammadpur,residential,152,Unhealthy,15.3,72,13,NE,0,1014,8.8,High,Yes
Mohammadpur,residential,93,Moderate,32.4,76,12.7,N,0,1004.6,10.5,Severe,Yes
Mohammadpur,residential,157,Unhealthy,25.9,77,2.1,NW,0,1012.5,8.7,Medium,Yes
Mirpur,residential,177,Unhealthy,32.3,87,2.8,N,0,1009.5,7.6,Medium,No
Gulshan,residential,201,Very Unhealthy,16.6,63,5.5,NW,0,1021.5,7,Low,No
Mirpur,residential,131,Unhealthy for Sensitive Groups,29.7,79,5.9,S,0,999.3,7.8,Low,No
Tejgaon,industrial,141,Unhealthy for Sensitive Groups,28.7,61,2.5,N,0,1008.4,10.1,Low,No
Dhanmondi,roadside,288,Very Unhealthy,16.6,71,5.4,NW,0,1013.7,2.8,High,No
Tejgaon,industrial,87,Moderate,32.4,96,7.7,SE,0,1005,9.5,Low,Yes
Motijheel,roadside,154,Unhealthy,30.9,89,12.6,SW,0,1001.7,8.2,Severe,No
Old Dhaka,roadside,147,Unhealthy for Sensitive Groups,31.9,68,4.6,N,0,1001.4,8.5,Severe,No
Tejgaon,industrial,318,Hazardous,23.7,83,2.9,NE,0,1013.4,3.5,Severe,No
Motijheel,roadside,169,Unhealthy,32.6,64,2,W,0,1006.6,8.7,High,No
Motijheel,roadside,155,Unhealthy,28.3,89,8.6,S,0,1003.8,9.5,Severe,No
Motijheel,roadside,131,Unhealthy for Sensitive Groups,27.7,67,8.7,SE,0,1006.7,9.6,Medium,No
Motijheel,roadside,159,Unhealthy,19.8,63,14.7,SE,0,1008.4,8.9,Medium,No
Baridhara,background,70,Moderate,31.6,67,13.4,S,0,1012.4,9.7,Low,No
Gulshan,residential,135,Unhealthy for Sensitive Groups,27.1,74,3.6,NW,0,1012.3,9.1,Low,No
Jatrabari,industrial,164,Unhealthy,32.8,70,8,SE,0,1006.2,9.1,Medium,Yes
Dhanmondi,roadside,215,Very Unhealthy,22.1,63,1.6,E,0,1018.4,6,Low,No
Tejgaon,industrial,137,Unhealthy for Sensitive Groups,32.6,76,5.2,S,0.3,999.6,10.5,High,No
Gulshan,residential,126,Unhealthy for Sensitive Groups,24,84,6.3,E,0,1008.7,8.3,Low,Yes
Mohammadpur,residential,146,Unhealthy for Sensitive Groups,30.8,87,16.4,SE,0,1007.5,10.9,Medium,No
Tejgaon,industrial,110,Unhealthy for Sensitive Groups,33.4,90,3.1,SW,0,1001.5,9.8,Medium,No
Motijheel,roadside,160,Unhealthy,30.1,63,18.6,S,0,1005.3,8.1,Medium,Yes
Tejgaon,industrial,83,Moderate,27,79,8.5,SW,0,1001.3,9.7,Medium,No
Dhanmondi,roadside,183,Unhealthy,23.5,73,9.2,NE,0,1007.3,6.7,Severe,Yes
Hazaribagh,industrial,163,Unhealthy,25.8,85,5.4,W,0,1009.3,7.9,Severe,No
Tejgaon,industrial,302,Hazardous,32,71,3.1,E,0,1012.1,4.8,High,Yes
Jatrabari,industrial,135,Unhealthy for Sensitive Groups,31,75,17.9,S,0,1010.4,9.9,High,No
Old Dhaka,roadside,199,Unhealthy,16.8,75,3.5,NW,0,1015.1,6.8,High,Yes
Tejgaon,industrial,124,Unhealthy for Sensitive Groups,28.8,95,11.4,NW,0.1,1000.8,10.4,Low,No
Agargaon,roadside,234,Very Unhealthy,14.4,79,1.7,W,0,1016.6,4.3,Severe,Yes
Mirpur,residential,242,Very Unhealthy,22.1,74,2.1,N,0,1017.9,5.6,Low,No
Hazaribagh,industrial,195,Unhealthy,30.8,56,1.2,N,0,1009.8,7.3,High,No
Agargaon,roadside,77,Moderate,33.8,90,6.4,E,0,1003.3,11,High,No
Tejgaon,industrial,167,Unhealthy,28.6,79,6.6,S,0,1009.1,7,Medium,Yes
Old Dhaka,roadside,47,Good,31.5,82,7.1,SE,24.7,1001.9,10.5,High,No
Tejgaon,industrial,241,Very Unhealthy,26.4,89,1.4,SE,0,1011.6,5.4,Severe,Yes
Baridhara,background,82,Moderate,28,84,3,W,0,995.9,10.2,Low,Yes
Jatrabari,industrial,129,Unhealthy for Sensitive Groups,28.4,81,11.7,SW,0,1002.1,9,High,No
Gulshan,residential,161,Unhealthy,14.2,79,3.3,SE,0,1019.3,8.3,Low,No
Baridhara,background,68,Moderate,31.6,82,7.4,SW,8.5,1000.4,10.1,High,No
Tejgaon,industrial,209,Very Unhealthy,17.7,65,3.1,SW,0,1010.5,5.5,Severe,No
Agargaon,roadside,220,Very Unhealthy,22.3,61,7.8,S,0,1013.3,5.8,Medium,No
Dhanmondi,roadside,263,Very Unhealthy,19.5,63,3.1,N,0,1013.2,4.2,High,No
Mohammadpur,residential,130,Unhealthy for Sensitive Groups,26.3,72,4.7,SW,0,1013.8,9.3,Low,Yes
Uttara,residential,40,Good,27.9,90,13.8,S,22.6,1008.6,9.9,Medium,Yes
Mirpur,residential,114,Unhealthy for Sensitive Groups,27.8,70,5.6,SW,0,1011.4,10.3,Low,No
Uttara,residential,189,Unhealthy,26.5,63,2.6,NE,0,1008.9,7.6,Medium,No
Uttara,residential,88,Moderate,29.3,80,7.5,NE,12.4,1008,11.2,Medium,No
Agargaon,roadside,484,Hazardous,16.5,65,1.3,W,0,1017.6,0.3,Severe,Yes
Agargaon,roadside,176,Unhealthy,28.5,78,2.5,E,0,1012.8,7.9,High,Yes
Jatrabari,industrial,157,Unhealthy,31.1,88,1.5,W,0,1013.9,10.8,Medium,Yes
Uttara,residential,100,Moderate,27.7,79,8.6,E,1.5,1009.7,10.3,Low,No
Uttara,residential,197,Unhealthy,21.7,82,6.6,W,0,1019.1,6.8,Severe,No
Baridhara,background,161,Unhealthy,21,69,7.4,NW,0,1015.4,7.8,High,Yes
Tejgaon,industrial,199,Unhealthy,31.7,86,6.4,SW,0,1009.2,5.8,High,Yes
Dhanmondi,roadside,182,Unhealthy,20.3,66,11.5,W,0,1009.9,6.4,High,No
Mohammadpur,residential,165,Unhealthy,32.7,69,9,NE,0,1005.7,8.6,Severe,Yes
Gulshan,residential,157,Unhealthy,30.9,61,4.9,N,0,1005.7,8.3,Severe,No
Old Dhaka,roadside,264,Very Unhealthy,16.3,63,2.5,N,0,1012.3,3.5,Severe,No
Baridhara,background,149,Unhealthy for Sensitive Groups,14.8,68,5.8,NE,0,1016.1,8.8,Low,Yes
Uttara,residential,152,Unhealthy,30.2,67,11.7,E,0,1009.3,9.3,Severe,No
Old Dhaka,roadside,247,Very Unhealthy,24.5,79,1.8,N,0,1008.6,4.5,High,No
Agargaon,roadside,167,Unhealthy,28.9,76,7.8,S,0,1008.7,6.7,High,No
Uttara,residential,187,Unhealthy,20.5,72,4.3,SW,0,1011.5,6.6,Low,No
Mohammadpur,residential,198,Unhealthy,22.2,59,9.8,SE,0,1013.6,7.9,Medium,Yes
Jatrabari,industrial,153,Unhealthy,29.7,74,1.7,NE,0,1005.6,9.4,Low,No
Old Dhaka,roadside,141,Unhealthy for Sensitive Groups,29,82,22.7,NE,0,1006.4,8.9,Severe,No
Agargaon,roadside,179,Unhealthy,20.3,82,4.3,W,0,1016,7.7,High,No
Dhanmondi,roadside,105,Unhealthy for Sensitive Groups,29.5,100,1.2,W,0,1005.8,9.9,Severe,No
Dhanmondi,roadside,207,Very Unhealthy,23.9,78,1.8,E,0,1013.5,6.5,Severe,Yes
Old Dhaka,roadside,60,Moderate,33.5,82,22.3,S,7.6,998.1,11.2,High,Yes
Mirpur,residential,154,Unhealthy,29,72,11.1,W,0,1009.2,10.1,Medium,No
Gulshan,residential,92,Moderate,28.5,66,6,E,2,1009.7,10.1,Low,No
Motijheel,roadside,214,Very Unhealthy,18.2,56,18.5,N,0,1016.9,6.5,High,No
Old Dhaka,roadside,197,Unhealthy,23.4,77,5.6,NE,0,1013.9,6.4,Medium,No
Mirpur,residential,80,Moderate,26.1,83,13,SE,2.8,1005.7,11.1,Medium,No
Tejgaon,industrial,136,Unhealthy for Sensitive Groups,33.9,56,3.3,NW,17.5,1004.8,10.3,Low,Yes
Dhanmondi,roadside,82,Moderate,28.4,81,5.3,NW,3.9,1004.7,9.7,High,No
Tejgaon,industrial,173,Unhealthy,27.7,76,6,W,0,1013.6,8.7,High,No
Hazaribagh,industrial,195,Unhealthy,16.6,70,3.4,N,0,1016.2,8.2,Low,No
Uttara,residential,176,Unhealthy,26,70,11.4,W,0,1010.5,8.4,High,Yes
Hazaribagh,industrial,263,Very Unhealthy,19.4,81,7.1,N,0,1015.5,5.2,Severe,No
Mohammadpur,residential,246,Very Unhealthy,16.5,60,1.6,E,0,1017.1,3.8,High,No
Jatrabari,industrial,170,Unhealthy,29.5,84,5.7,SE,8.7,1002.1,8.6,Severe,Yes
Mohammadpur,residential,178,Unhealthy,27.2,71,2.7,W,0,1010.8,7.7,Low,Yes
Baridhara,background,84,Moderate,27.4,88,7.7,SW,0,1010.1,10.5,Medium,No
Jatrabari,industrial,89,Moderate,30.8,81,4.8,SW,0,1000.7,8.5,Medium,No
Old Dhaka,roadside,199,Unhealthy,31,65,1.4,W,0,1006.8,5.4,High,No
Mirpur,residential,170,Unhealthy,14.2,78,6.4,NW,0,1018,6,Medium,No
Old Dhaka,roadside,158,Unhealthy,30.1,79,5,SE,0,1005.2,8.8,Medium,No
Jatrabari,industrial,147,Unhealthy for Sensitive Groups,32.5,80,19.2,N,0,1008,8.6,Severe,No
Dhanmondi,roadside,174,Unhealthy,25.3,65,2,N,0,1004.3,7.2,High,Yes
Hazaribagh,industrial,166,Unhealthy,32.7,72,4.1,NW,0,1005.7,8.3,Severe,No
Motijheel,roadside,389,Hazardous,19.1,72,4,W,0,1016.8,0.9,Severe,No
Dhanmondi,roadside,253,Very Unhealthy,18.2,70,6.6,S,0,1017.5,5,High,No
Uttara,residential,154,Unhealthy,23.2,71,10,SW,0,1012.2,8.8,High,No
Old Dhaka,roadside,204,Very Unhealthy,22.7,88,4.1,SW,0,1011.7,6.1,High,No
Gulshan,residential,209,Very Unhealthy,16.6,78,5.7,N,0,1016.9,6,High,No
Jatrabari,industrial,309,Hazardous,23.3,77,1.2,NW,0,1013,5.6,Medium,Yes
Tejgaon,industrial,308,Hazardous,25.4,72,2.7,NE,0,1010.8,5.2,Severe,Yes
Mohammadpur,residential,170,Unhealthy,32.7,96,3.8,SE,0,1007.6,8.4,High,No
Mirpur,residential,88,Moderate,30.1,82,5.5,SE,0,998,10.1,Low,Yes
Old Dhaka,roadside,53,Moderate,30.8,72,10.8,S,23.3,1003.8,10.4,Medium,Yes
Mirpur,residential,93,Moderate,33,66,25.8,SW,0,1007.2,9.9,Low,Yes
Mohammadpur,residential,303,Hazardous,23.5,70,2.8,NE,0,1013.9,3.7,High,No
Agargaon,roadside,155,Unhealthy,27.8,88,7.7,NW,0,1008.7,9.6,Low,No
Hazaribagh,industrial,307,Hazardous,22.2,66,11.3,NE,0,1017.7,5.5,Severe,Yes
Hazaribagh,industrial,434,Hazardous,20.6,74,11,N,0,1014.4,2.3,Medium,Yes
Hazaribagh,industrial,160,Unhealthy,30.9,73,3.1,S,0,1002.8,8.5,High,No
Tejgaon,industrial,345,Hazardous,15.8,79,10.5,NW,0,1012.7,1.9,Medium,Yes
Gulshan,residential,194,Unhealthy,17.8,71,1.7,N,0,1012,7.9,High,No
Agargaon,roadside,166,Unhealthy,25.7,76,1.8,SE,0,1013.5,7.7,Medium,No
Jatrabari,industrial,172,Unhealthy,28,85,7.9,SE,0,1007.2,8.8,High,No
Hazaribagh,industrial,390,Hazardous,13.2,79,3.5,S,0,1015.4,2.2,High,Yes
Motijheel,roadside,165,Unhealthy,29.9,60,20.3,E,0.4,1007.8,7.2,Medium,No
Mirpur,residential,127,Unhealthy for Sensitive Groups,29.5,84,1.2,S,0,1004.4,8.7,High,No
Tejgaon,industrial,286,Very Unhealthy,19.4,92,5.2,W,0,1017.9,1.9,Medium,No
Mohammadpur,residential,180,Unhealthy,20.9,86,9.5,N,0,1012.2,5,Severe,Yes
Agargaon,roadside,110,Unhealthy for Sensitive Groups,30.3,92,1.1,SW,6.4,1001.3,8.9,Severe,No
Dhanmondi,roadside,127,Unhealthy for Sensitive Groups,29.5,70,5.1,S,7.8,999.4,9.1,Severe,Yes
Baridhara,background,95,Moderate,24.7,89,10,NE,0,1011.4,10.1,Low,No
Uttara,residential,125,Unhealthy for Sensitive Groups,33.2,63,7.4,W,0,1006,10.7,Severe,No
Agargaon,roadside,429,Hazardous,18.6,81,4.8,SW,0,1014.2,3.3,Severe,No
Jatrabari,industrial,90,Moderate,29.2,79,13.9,SW,0,1001.4,8.6,Severe,No
Uttara,residential,77,Moderate,29.7,89,9.4,S,0,1001.3,10.3,Medium,No
Mohammadpur,residential,219,Very Unhealthy,16.4,65,2.7,SE,0,1021.3,5.3,High,Yes
Mohammadpur,residential,52,Moderate,29,82,20.4,E,5.6,997.1,9.5,Medium,No
Mohammadpur,residential,180,Unhealthy,17,75,4.3,W,0,1014.6,8.1,High,No
Hazaribagh,industrial,195,Unhealthy,26.3,67,1.7,S,0,1007.2,5.8,Severe,Yes
Mirpur,residential,186,Unhealthy,28.6,97,5.4,S,0,1011.4,8.5,High,No
Baridhara,background,108,Unhealthy for Sensitive Groups,32,60,7,SW,0,1003.4,9.9,Low,No
Gulshan,residential,207,Very Unhealthy,30.9,69,7.1,E,0,1010.8,7.3,Medium,No
Gulshan,residential,183,Unhealthy,30,83,8,SW,0,1009.1,7.3,Medium,No
Agargaon,roadside,212,Very Unhealthy,25.8,80,1.3,NW,0,1017.7,7.6,Medium,No
Hazaribagh,industrial,197,Unhealthy,32.4,65,6.2,E,0,1003.3,8.2,Severe,Yes
Uttara,residential,67,Moderate,31,76,9.5,W,4.5,998.6,10.3,High,No
Motijheel,roadside,222,Very Unhealthy,17.3,63,4.9,N,0,1012.1,5.7,Severe,Yes
Gulshan,residential,130,Unhealthy for Sensitive Groups,33.1,60,5,E,0,1007.9,10,High,Yes
Gulshan,residential,137,Unhealthy for Sensitive Groups,16.7,72,8.3,NE,0,1015.5,8.6,Medium,No
Baridhara,background,80,Moderate,23.3,77,8.9,SE,0.5,1010.2,11,Low,No
Gulshan,residential,184,Unhealthy,34.8,71,0.3,SW,0,1008.6,7.6,Medium,No
Mohammadpur,residential,87,Moderate,27.8,88,7.9,NW,0.5,996.3,9.9,Low,No
Hazaribagh,industrial,125,Unhealthy for Sensitive Groups,32.1,75,10.1,SW,0,1006.3,8.4,High,No
Motijheel,roadside,241,Very Unhealthy,15.9,67,4,W,0,1014.9,5.4,Severe,Yes
Old Dhaka,roadside,204,Very Unhealthy,29.8,72,5.8,SE,0,1011.4,5.4,High,No
Mohammadpur,residential,178,Unhealthy,23.4,71,4.3,NW,0,1015.1,8.9,Medium,Yes
Uttara,residential,178,Unhealthy,20.9,70,6.4,NW,0,1015.6,7.1,Low,No
Mirpur,residential,80,Moderate,34.1,70,5.1,S,0,1008.1,10.2,Low,No
Baridhara,background,52,Moderate,30,79,4.7,SE,7,1006.8,10.8,Medium,No
Gulshan,residential,108,Unhealthy for Sensitive Groups,36.6,73,6.6,NE,3,1008.7,9.2,Medium,Yes
Agargaon,roadside,244,Very Unhealthy,21.6,61,6.6,NW,0,1011.2,6.4,Severe,Yes
Agargaon,roadside,160,Unhealthy,28.7,64,11,E,6.6,1009.1,9.2,Severe,No
Agargaon,roadside,151,Unhealthy,19.2,79,12,NW,0,1014.6,8.8,Medium,No
Motijheel,roadside,266,Very Unhealthy,18.5,61,1.8,N,0,1013.5,4.3,High,Yes
Tejgaon,industrial,115,Unhealthy for Sensitive Groups,29.5,93,0.9,SW,11.5,998.3,9.1,Medium,No
Motijheel,roadside,181,Unhealthy,13.2,59,8.3,NW,0,1014.2,8.6,High,No
Dhanmondi,roadside,219,Very Unhealthy,20.4,57,5.1,N,0,1015.5,7.1,High,No
Old Dhaka,roadside,155,Unhealthy,27.5,73,1.1,S,0,1003.8,8.6,Severe,Yes
Jatrabari,industrial,154,Unhealthy,25.5,86,5.9,SE,0,999.2,9.3,High,No
Jatrabari,industrial,246,Very Unhealthy,17.8,76,9.9,SW,0,1013.9,5.5,High,No
Motijheel,roadside,157,Unhealthy,29.1,78,5.1,S,9.7,1005.7,9.9,High,No
Uttara,residential,195,Unhealthy,16,80,5.7,SW,0,1013.5,7.9,Severe,No
Old Dhaka,roadside,187,Unhealthy,19.2,85,3,NW,0,1007.2,7.1,High,No
Dhanmondi,roadside,500,Hazardous,16,63,2,W,0,1012.3,0.5,Severe,No
Old Dhaka,roadside,175,Unhealthy,18.4,63,8.9,N,0,1014.2,8.7,Medium,No
Tejgaon,industrial,166,Unhealthy,29.4,74,4.6,NE,0,1008.5,8.3,Severe,Yes
Agargaon,roadside,266,Very Unhealthy,20.4,81,3.9,NW,0,1014.4,3.8,Severe,No
Dhanmondi,roadside,178,Unhealthy,23.9,62,5,N,0,1012,6.7,High,No
Hazaribagh,industrial,217,Very Unhealthy,20.8,80,2.7,NW,0,1014.3,7.6,Severe,No
Agargaon,roadside,112,Unhealthy for Sensitive Groups,31.8,70,29.4,N,4.4,998.9,10.1,Low,No
Baridhara,background,73,Moderate,32,88,11.3,SW,0,1003.8,11.3,High,Yes
Mohammadpur,residential,111,Unhealthy for Sensitive Groups,28.2,84,2,NW,0,1005.7,8.4,Medium,No
Tejgaon,industrial,75,Moderate,30.8,83,13.1,SE,8.1,1002.2,10.2,Medium,No
Jatrabari,industrial,195,Unhealthy,33.5,68,8.9,N,0,1008.7,7.3,High,No
Old Dhaka,roadside,186,Unhealthy,25.9,71,6.8,S,0,1009.2,7.3,High,Yes
Agargaon,roadside,80,Moderate,28.6,89,6,N,0,1002.5,9.9,Medium,Yes
Dhanmondi,roadside,173,Unhealthy,28.3,78,4.1,SE,0,1010.8,8.3,Medium,Yes
Tejgaon,industrial,80,Moderate,27.3,92,13.1,SE,0,1004.4,9.4,Medium,No
Mohammadpur,residential,59,Moderate,28.3,81,3,SE,43.3,1005.4,10.6,Medium,No
Agargaon,roadside,184,Unhealthy,16.7,71,10.9,SW,0,1014.7,7.2,High,Yes
Baridhara,background,78,Moderate,32.1,61,8.1,S,0,1004.1,11.9,Medium,No
Motijheel,roadside,344,Hazardous,19.8,61,1.3,E,0,1016.5,1.4,Severe,Yes
Mirpur,residential,121,Unhealthy for Sensitive Groups,33.6,82,1.6,S,0,1005.3,10.2,Medium,No
Agargaon,roadside,240,Very Unhealthy,15.8,83,2.8,N,0,1014.1,5,High,No
Dhanmondi,roadside,162,Unhealthy,15.6,77,3.2,NW,0,1012.6,8.5,High,No
Dhanmondi,roadside,181,Unhealthy,28.3,78,1.2,W,0,1010.4,6.8,Low,No
Tejgaon,industrial,119,Unhealthy for Sensitive Groups,28.6,92,9.4,W,2.4,1003.6,10,Severe,Yes
Mohammadpur,residential,71,Moderate,28.9,95,10.5,SW,5,1002.7,9.7,Medium,No
Agargaon,roadside,159,Unhealthy,26.4,63,11.2,NW,0,1010,7.1,High,Yes
Tejgaon,industrial,99,Moderate,30.5,85,12.2,S,0,1000.2,10.6,Medium,Yes
Tejgaon,industrial,164,Unhealthy,30.9,69,3.7,W,7,1010.9,7.9,Low,Yes
Mirpur,residential,91,Moderate,28.1,84,8.5,SW,0,1004.7,11.1,Low,No
Uttara,residential,116,Unhealthy for Sensitive Groups,31.8,97,12.2,SE,0,999.5,9.2,Severe,No
Dhanmondi,roadside,189,Unhealthy,30.9,77,10.6,NE,0,1009.9,6.8,Medium,Yes
Hazaribagh,industrial,181,Unhealthy,26.6,69,8.8,W,0,1010.7,6.9,High,Yes
Hazaribagh,industrial,72,Moderate,28.4,63,15.5,S,4.4,999.1,10.6,Medium,Yes
Motijheel,roadside,194,Unhealthy,24.6,73,3.9,N,0,1017,6.2,Severe,No
Motijheel,roadside,118,Unhealthy for Sensitive Groups,30.2,69,5.6,SE,0,1006.2,9.9,High,Yes
Dhanmondi,roadside,147,Unhealthy for Sensitive Groups,32,66,8.1,W,0,1002.6,9.5,Severe,No
Gulshan,residential,145,Unhealthy for Sensitive Groups,35.6,68,8.1,NE,0,1004.1,8.7,Medium,Yes
Uttara,residential,114,Unhealthy for Sensitive Groups,27.4,70,7.9,E,2.3,1006.5,9.6,Medium,Yes
Dhanmondi,roadside,182,Unhealthy,25.8,74,1.3,SE,0,1009.8,7.1,Medium,No
Baridhara,background,41,Good,28.4,85,13.3,S,24.8,999.9,10.9,High,No
Gulshan,residential,136,Unhealthy for Sensitive Groups,27.8,67,9.4,SE,0,1003.8,10.1,Medium,No
Baridhara,background,107,Unhealthy for Sensitive Groups,31.2,62,0.5,NE,0,1003.4,10.2,Low,No
Uttara,residential,164,Unhealthy,31,83,1.2,E,0,1011,7.6,Medium,Yes
Motijheel,roadside,181,Unhealthy,12.7,66,11.1,W,0,1015.8,6.6,Medium,Yes
Hazaribagh,industrial,73,Moderate,30,67,4.3,E,4.4,1004.4,10.4,Low,No
Old Dhaka,roadside,168,Unhealthy,24,92,5.4,E,7.7,1008.5,9.1,Low,Yes
Mohammadpur,residential,138,Unhealthy for Sensitive Groups,30,78,2.9,E,0,1000.9,9.2,Severe,No
Mohammadpur,residential,190,Unhealthy,23.4,77,22.2,SW,0,1012.3,7.6,High,Yes
Baridhara,background,92,Moderate,30.8,80,6.2,E,0.5,1000.6,9,Low,No
Mirpur,residential,80,Moderate,30.3,90,4.5,NW,0,1004.5,9.5,High,No
Motijheel,roadside,298,Very Unhealthy,17.1,70,9.1,W,0,1013.8,3.1,Severe,No
Tejgaon,industrial,128,Unhealthy for Sensitive Groups,30.1,93,2.5,SE,7.3,1001.6,9,Severe,No
Uttara,residential,56,Moderate,31,83,13.8,SE,4.9,1000.2,9.8,High,No
Dhanmondi,roadside,178,Unhealthy,28.2,73,4.5,SW,0,1012.8,8.7,High,Yes
Baridhara,background,185,Unhealthy,18.7,72,7.9,NW,0,1013.5,7.8,High,No
Gulshan,residential,175,Unhealthy,19.8,67,5.8,S,0,1018.1,8.2,Severe,No
Old Dhaka,roadside,173,Unhealthy,27.7,53,6,SE,0,1006,8.5,Severe,No
Tejgaon,industrial,245,Very Unhealthy,16.4,65,1.2,NW,0,1021.1,4.7,High,No
Motijheel,roadside,144,Unhealthy for Sensitive Groups,32.8,91,8.1,S,0,1010,8,Medium,Yes
Old Dhaka,roadside,150,Unhealthy for Sensitive Groups,31.5,70,3.4,SE,0,1001.9,8.6,Medium,No
Hazaribagh,industrial,486,Hazardous,19.3,72,5.1,NE,0,1015.2,1.6,Medium,No
Jatrabari,industrial,112,Unhealthy for Sensitive Groups,34.7,66,13.2,S,9.2,1010.4,9.1,Medium,Yes
Motijheel,roadside,165,Unhealthy,28.3,93,7.4,E,0,1011.8,8.4,Medium,No
Agargaon,roadside,98,Moderate,29.6,76,0.3,W,7.2,1003.5,9.6,Medium,Yes
Mohammadpur,residential,185,Unhealthy,28,69,5.6,N,0,1012.3,7.2,High,No
Hazaribagh,industrial,63,Moderate,32.6,90,4,N,16.2,1002.5,12,Medium,Yes
Jatrabari,industrial,383,Hazardous,21.7,69,3.2,NW,0,1009.7,2.2,Severe,Yes
Motijheel,roadside,180,Unhealthy,25.3,64,5.5,W,0,1015.4,7.1,Low,Yes
Agargaon,roadside,82,Moderate,33.9,85,4.6,W,9.6,1004.9,9.7,Medium,No
Tejgaon,industrial,178,Unhealthy,27.8,66,3.7,SW,0,1007.8,8.7,High,Yes
Old Dhaka,roadside,315,Hazardous,14.5,68,1.5,NW,0,1012.1,1.8,High,No
Baridhara,background,167,Unhealthy,9,77,3.5,NW,0,1014.8,7.5,Low,No
Hazaribagh,industrial,151,Unhealthy,29.3,81,8.7,SW,8,1014.7,10.6,Medium,No
Motijheel,roadside,212,Very Unhealthy,21.3,74,8.4,NW,0,1011.5,6.2,High,No
Jatrabari,industrial,105,Unhealthy for Sensitive Groups,30.2,88,8.2,S,0,997.7,10.8,Low,No
Mohammadpur,residential,154,Unhealthy,27.9,76,0.9,SE,0,1004.9,9.4,High,Yes
Agargaon,roadside,85,Moderate,29.8,95,7.6,S,16.5,1004.9,8.8,High,No
Uttara,residential,156,Unhealthy,19.6,68,12,W,0,1009.9,8.7,Severe,No
Mirpur,residential,336,Hazardous,21.7,77,1.7,SW,0,1015.3,1.7,Medium,No
Tejgaon,industrial,172,Unhealthy,30.5,75,4.7,SE,0,1003.2,8.7,Severe,No
Old Dhaka,roadside,109,Unhealthy for Sensitive Groups,31.2,67,11.3,N,0,1002,10.5,High,No
Jatrabari,industrial,335,Hazardous,18.6,85,0.7,S,0,1011.3,1.5,Severe,No
Mohammadpur,residential,157,Unhealthy,34,65,5.3,SW,0,1007.3,8.3,High,No
Motijheel,roadside,144,Unhealthy for Sensitive Groups,32.6,70,21.2,E,0,1004.3,9.2,Medium,No
Tejgaon,industrial,247,Very Unhealthy,14.8,60,12.8,S,0,1015.4,3.9,Severe,No
Hazaribagh,industrial,88,Moderate,32.5,75,17.8,SW,0,999.8,9.4,Medium,No
Motijheel,roadside,225,Very Unhealthy,23.3,64,3.5,W,0,1015.8,6,High,No
Mohammadpur,residential,54,Moderate,30.8,90,15.3,S,27.4,1001.9,10,Medium,No
Hazaribagh,industrial,222,Very Unhealthy,20,66,5.6,N,0,1011.8,5.7,Medium,No
Mirpur,residential,152,Unhealthy,35.1,65,3.6,SE,0,1008.4,10.8,Low,No
Hazaribagh,industrial,172,Unhealthy,26.9,62,4.5,S,0,1006.6,7.1,Medium,Yes
Mirpur,residential,129,Unhealthy for Sensitive Groups,34.1,77,10,N,0,1007.8,9.9,Low,No
Baridhara,background,118,Unhealthy for Sensitive Groups,29.8,75,0.9,NE,0,1007.5,9,Low,No
Jatrabari,industrial,171,Unhealthy,29.7,74,4.6,SE,0,1013.5,8.5,Severe,Yes
Old Dhaka,roadside,129,Unhealthy for Sensitive Groups,31.3,73,8,NW,0,1008.4,10.3,Severe,No
Hazaribagh,industrial,174,Unhealthy,23.9,76,7.9,SE,0,1012,8.3,High,No
Old Dhaka,roadside,378,Hazardous,17.3,67,0.9,NE,0,1010.2,2.9,High,No
Motijheel,roadside,203,Very Unhealthy,33.6,68,6.6,SE,0,1005.9,6.3,Severe,No
Dhanmondi,roadside,225,Very Unhealthy,18.3,75,8.9,S,0,1008.4,5.9,Severe,Yes
Uttara,residential,88,Moderate,29.4,61,24.9,SW,0,1003.2,9.7,Medium,No
Mirpur,residential,74,Moderate,28.9,89,3.3,N,0,1004.6,9.8,High,No
Baridhara,background,137,Unhealthy for Sensitive Groups,28.6,98,11.8,NW,0,1009.5,9.2,High,No
Uttara,residential,97,Moderate,33.2,86,11.8,S,0,1004.6,9.8,Medium,No
Tejgaon,industrial,82,Moderate,26.1,85,16.9,SE,10.7,999.7,10.5,Severe,Yes
Jatrabari,industrial,500,Hazardous,28.8,69,0.7,NW,0,1014.3,0.3,High,Yes
Hazaribagh,industrial,238,Very Unhealthy,19.7,74,7.7,N,0,1015.1,5.2,Low,Yes
Mohammadpur,residential,66,Moderate,31,72,15,SE,0,1005.6,10,Low,No
Agargaon,roadside,176,Unhealthy,17.5,84,4.7,N,0,1017.2,9.2,Medium,No
Hazaribagh,industrial,212,Very Unhealthy,19,78,3.8,NW,0,1013.4,6.2,Medium,Yes
Agargaon,roadside,103,Unhealthy for Sensitive Groups,27.5,73,5.6,NW,0,1009.5,8.9,Medium,Yes
Mohammadpur,residential,156,Unhealthy,24.4,78,11,NW,0,1011.2,8.9,Medium,No
Baridhara,background,73,Moderate,28.5,81,3.4,NE,0,1007.7,10.3,Low,Yes
Hazaribagh,industrial,237,Very Unhealthy,34,70,3.5,SW,0,1006.9,5.9,Severe,No
Gulshan,residential,156,Unhealthy,23.1,78,0.5,SW,0,1008.7,9.9,Medium,Yes
Dhanmondi,roadside,186,Unhealthy,20.5,72,4.4,SW,0,1012.8,6.6,Medium,No
Uttara,residential,148,Unhealthy for Sensitive Groups,30.1,60,2.1,N,0,1006.3,9.1,Low,No
Jatrabari,industrial,179,Unhealthy,28.6,64,6.8,SE,0,1007.5,7.9,Severe,No
Motijheel,roadside,212,Very Unhealthy,31.9,87,2.2,SW,0,1008.5,4.7,High,No
Mirpur,residential,178,Unhealthy,24.6,74,3.3,NE,0,1013.1,8.5,Low,No
Gulshan,residential,51,Moderate,28,64,4.8,S,24.6,1000.1,12,Medium,No
Tejgaon,industrial,500,Hazardous,18.3,69,5.4,SE,0,1018,0.5,High,Yes
Tejgaon,industrial,190,Unhealthy,29.1,87,8.8,S,0,1007.4,8,Medium,Yes
Jatrabari,industrial,219,Very Unhealthy,19,77,3.9,N,0,1013.9,5.7,Medium,No
Baridhara,background,144,Unhealthy for Sensitive Groups,27.4,73,3.6,N,0,1003.7,8.9,Medium,No
Hazaribagh,industrial,227,Very Unhealthy,19.8,70,3,W,0,1013.9,5.4,Medium,No
Mohammadpur,residential,194,Unhealthy,18.6,75,1,W,0,1014.8,6.7,Medium,Yes
Jatrabari,industrial,52,Moderate,28.7,71,14.2,S,23.1,1001.9,10.3,Medium,Yes
Gulshan,residential,115,Unhealthy for Sensitive Groups,32.6,61,3.6,SW,0,1008.3,9.2,Medium,No
Uttara,residential,158,Unhealthy,26.7,81,5.2,NE,0,1009.8,9.4,Medium,No
Uttara,residential,172,Unhealthy,17.3,83,1.6,N,0,1016.3,7.4,Medium,No
Dhanmondi,roadside,157,Unhealthy,30.7,74,8.1,E,0,1008.5,8.7,Severe,No
Hazaribagh,industrial,372,Hazardous,18.6,83,4.9,W,0,1017.3,2.5,High,No
Uttara,residential,195,Unhealthy,22.8,64,6.1,NW,0,1017.4,6.3,Low,No
Dhanmondi,roadside,184,Unhealthy,34.1,41,2.3,NW,0,1007.7,6.5,Severe,No
Mirpur,residential,180,Unhealthy,23.5,76,6.3,SW,0,1016.8,7.9,Medium,Yes
Hazaribagh,industrial,152,Unhealthy,31.2,89,1,W,12.6,1001.1,9,High,Yes
Old Dhaka,roadside,202,Very Unhealthy,19,76,2.8,NE,0,1014.4,5.7,High,No
Jatrabari,industrial,260,Very Unhealthy,18.8,76,1.7,NW,0,1014.3,4,Medium,No
Old Dhaka,roadside,84,Moderate,29.6,87,6.8,E,0,1005.1,11.6,High,No
Motijheel,roadside,198,Unhealthy,11.4,68,10.7,N,0,1015.4,7.2,Severe,Yes
Jatrabari,industrial,79,Moderate,31.3,83,9.7,W,12.9,1000,11.1,Severe,No
Uttara,residential,46,Good,30.4,81,17,S,25.4,1001.7,10.8,Low,No
Agargaon,roadside,198,Unhealthy,21.9,67,5,N,0,1013.7,6.9,High,No
Old Dhaka,roadside,89,Moderate,29.8,71,10.6,NE,4.3,1002.3,9.9,High,Yes
Old Dhaka,roadside,191,Unhealthy,21.3,60,9.4,W,0,1014.5,6.7,Medium,No
Dhanmondi,roadside,149,Unhealthy for Sensitive Groups,27.6,67,14.3,NE,0,1003.5,8.6,High,No
Jatrabari,industrial,284,Very Unhealthy,14.9,52,1.5,NW,0,1012.2,3.3,High,No
Dhanmondi,roadside,164,Unhealthy,20.8,62,2.5,N,0,1009.9,9.5,Medium,Yes
Uttara,residential,63,Moderate,29.8,82,12,SW,16.2,1005.3,10.7,Medium,No
Agargaon,roadside,118,Unhealthy for Sensitive Groups,28.6,84,17.1,SE,0,997.3,8.4,Medium,Yes
Gulshan,residential,190,Unhealthy,24.7,75,2.3,SE,0,1011.9,7.9,High,No
Mirpur,residential,202,Very Unhealthy,31.8,49,3.8,S,0,1010.9,6.4,Medium,No
Motijheel,roadside,160,Unhealthy,25.9,90,7.5,E,0,1013.4,7.8,Medium,Yes
Gulshan,residential,105,Unhealthy for Sensitive Groups,27.4,74,4.6,E,0,1001.9,9,High,Yes
Agargaon,roadside,168,Unhealthy,33.4,71,9.7,S,0,1010.4,8.1,High,No
Mohammadpur,residential,228,Very Unhealthy,26.9,68,8,NW,0,1012.6,5.1,Severe,No
Uttara,residential,157,Unhealthy,24.3,88,10.6,NW,0,1014.8,7,Medium,Yes
Hazaribagh,industrial,311,Hazardous,16.7,73,3.7,NE,0,1016.8,1.8,High,No
Tejgaon,industrial,143,Unhealthy for Sensitive Groups,29.7,81,4.4,E,0,1002.5,10,High,No
Baridhara,background,91,Moderate,26.6,74,2.7,SW,7.4,1014,9.7,Low,No
Old Dhaka,roadside,155,Unhealthy,32.3,86,16.8,W,2.9,1002.4,8.6,High,No
Tejgaon,industrial,205,Very Unhealthy,18.7,60,1.5,SW,0,1015.2,5.2,High,No
Uttara,residential,151,Unhealthy,31.6,81,1.5,NW,0,1012.6,8.4,Low,No
Jatrabari,industrial,401,Hazardous,17.5,66,5.2,SW,0,1013.4,2.2,Severe,Yes
Dhanmondi,roadside,163,Unhealthy,32.1,72,4.8,SE,0,1014.5,9.4,Severe,No
Old Dhaka,roadside,79,Moderate,31.8,89,13,S,8.1,1002.4,10.8,High,No
Agargaon,roadside,325,Hazardous,23.2,65,1.2,W,0,1014.5,4.4,Medium,No
Motijheel,roadside,69,Moderate,32.4,69,5.6,W,22.1,1004.1,10.2,High,No
Old Dhaka,roadside,210,Very Unhealthy,18,68,0.8,N,0,1017.7,6.6,High,No
Baridhara,background,96,Moderate,30,73,4.9,SW,0,1000.3,9.1,Low,No
Gulshan,residential,153,Unhealthy,20.8,79,5.5,NE,0,1006.7,8.1,Medium,No
Dhanmondi,roadside,152,Unhealthy,30.5,66,6.9,SE,8.7,1006.2,8.9,Severe,No
Agargaon,roadside,75,Moderate,32,80,5.9,S,32.3,1002.7,10.8,Severe,No
Tejgaon,industrial,210,Very Unhealthy,22.1,60,7.4,N,0,1013.1,6,Severe,Yes
Dhanmondi,roadside,154,Unhealthy,26.8,87,2.2,S,0,1010.9,7.8,High,No
Jatrabari,industrial,179,Unhealthy,31.2,74,6.6,NW,0,1010.7,8.9,High,No
Agargaon,roadside,221,Very Unhealthy,17.7,89,4.1,W,0,1010.9,2.8,Medium,No
Agargaon,roadside,80,Moderate,28.7,85,5,E,0,1003.7,9.3,High,No
Baridhara,background,73,Moderate,29.2,88,9.2,S,0,1004.2,10.2,Severe,No
Old Dhaka,roadside,83,Moderate,28,85,7.4,SE,10.9,1002.5,9.9,Medium,No
Motijheel,roadside,89,Moderate,31.1,88,8.9,E,0,1003,9.1,Medium,No
Mohammadpur,residential,88,Moderate,31.7,77,24,N,0,1005.4,10.3,Low,No
Dhanmondi,roadside,56,Moderate,31.1,94,5.7,S,20.3,1001.7,11.4,Medium,No
Mirpur,residential,184,Unhealthy,17.5,56,1.4,NW,0,1016.7,8,Low,No
Baridhara,background,145,Unhealthy for Sensitive Groups,30.9,75,3.3,NW,0,1003.6,9.1,Medium,No
Tejgaon,industrial,170,Unhealthy,21.6,82,13,NW,0,1008.4,10.5,Severe,Yes
Agargaon,roadside,185,Unhealthy,20.3,70,3.5,NW,0,1011.4,5.8,High,Yes
Agargaon,roadside,86,Moderate,30.2,99,10.3,SE,0,1006.2,10.2,High,No
Gulshan,residential,185,Unhealthy,15.1,84,4.5,NW,0,1014.3,7.7,Low,No
Old Dhaka,roadside,191,Unhealthy,26.7,85,1.9,NW,0,1014.6,7.6,High,Yes
Mirpur,residential,64,Moderate,29.5,81,7.4,W,5.2,1001.8,9.2,High,No
Old Dhaka,roadside,217,Very Unhealthy,35.4,58,4,S,0,1011.5,6.3,Low,No
Dhanmondi,roadside,272,Very Unhealthy,15.3,76,2.9,NW,0,1018.1,3.7,High,No
Mohammadpur,residential,175,Unhealthy,31.8,79,6.9,S,0,1005.3,8,High,No
Old Dhaka,roadside,113,Unhealthy for Sensitive Groups,24.3,62,1.1,W,21.3,1011.3,9.2,Medium,No
Mohammadpur,residential,85,Moderate,29,94,10.1,N,0,999.5,9.7,Medium,No
Jatrabari,industrial,164,Unhealthy,31.7,66,4.9,W,0,1008.7,8.9,Medium,Yes
Tejgaon,industrial,97,Moderate,29.6,71,11.1,N,0,1004.7,9,Low,No
Hazaribagh,industrial,171,Unhealthy,31,72,12,E,0,1011.7,8,Medium,No
Motijheel,roadside,88,Moderate,31.8,75,6.1,S,9.8,1010.4,10.7,Medium,Yes
Baridhara,background,162,Unhealthy,29.8,65,7.8,SE,0,1008.1,8.6,High,No
Jatrabari,industrial,412,Hazardous,22.1,62,6.2,NE,0,1015.9,0.8,Severe,No
Dhanmondi,roadside,134,Unhealthy for Sensitive Groups,29.5,99,4.8,S,0,1001.4,10.1,High,No
Tejgaon,industrial,181,Unhealthy,26.8,73,0.8,N,1.7,1015.6,8.1,Severe,No
Mirpur,residential,164,Unhealthy,27.9,87,5.7,W,0,1008.8,8.1,Medium,No
Mirpur,residential,85,Moderate,27.6,66,10,N,0,1008.4,9.4,Low,Yes
Tejgaon,industrial,211,Very Unhealthy,32.6,71,3.9,S,0,1004.3,6.6,Severe,No
Gulshan,residential,173,Unhealthy,20.1,73,8.3,N,0,1017.7,7.5,Medium,Yes
Hazaribagh,industrial,159,Unhealthy,30.8,92,2.2,E,0,1004.4,9.5,High,Yes
Agargaon,roadside,143,Unhealthy for Sensitive Groups,26.2,90,4.1,W,3.9,1012.1,9.2,High,No
Old Dhaka,roadside,77,Moderate,28.1,78,5.9,S,12.4,1002.8,10.7,High,No
Old Dhaka,roadside,176,Unhealthy,27.4,72,7,SW,0,1004,7.5,Severe,Yes
Motijheel,roadside,149,Unhealthy for Sensitive Groups,27,74,3.1,SW,0,1002.7,9.1,Severe,No
Uttara,residential,97,Moderate,33.2,74,2.2,E,0,1005.1,10.4,Medium,No
Dhanmondi,roadside,239,Very Unhealthy,21.5,73,4.2,NE,0,1008.3,4.9,Severe,Yes
Mohammadpur,residential,85,Moderate,32.1,88,9.4,NE,0,998.9,8.3,High,Yes
Agargaon,roadside,162,Unhealthy,28.9,81,3.9,E,0,1007.8,8.3,High,No
Gulshan,residential,258,Very Unhealthy,23.2,85,4.1,N,0,1016.9,4,High,No
Mohammadpur,residential,92,Moderate,25.5,65,24,W,0,1009,9.7,Low,No
Dhanmondi,roadside,167,Unhealthy,30.4,70,8.6,S,0,1010,7.4,Medium,Yes
Mirpur,residential,138,Unhealthy for Sensitive Groups,30.6,86,4.2,W,0,1011.4,8.9,Medium,Yes
Mirpur,residential,52,Moderate,31.3,91,6.1,W,25.1,997.9,11.5,Medium,Yes
Dhanmondi,roadside,179,Unhealthy,30.2,67,21.1,S,0,1008.3,7.8,High,No
Uttara,residential,157,Unhealthy,26.1,69,10.7,SE,0,1010,8,Medium,No
Uttara,residential,98,Moderate,27.6,84,3.6,SW,0,1000.4,10.2,Medium,Yes
Dhanmondi,roadside,46,Good,32.5,83,10.2,SE,49.8,1001.7,9.9,High,No
Gulshan,residential,183,Unhealthy,17.8,67,1.9,W,0,1009.6,6.1,Low,No
Tejgaon,industrial,176,Unhealthy,26.8,77,5.3,NW,0,1010.3,7,High,No
Uttara,residential,99,Moderate,31.7,65,16,N,0,1011,10.2,Medium,Yes
Baridhara,background,116,Unhealthy for Sensitive Groups,27.7,59,7.7,S,3.5,1005.9,9.4,Medium,No
Mohammadpur,residential,232,Very Unhealthy,20.4,77,1.8,SW,0,1012.4,5.5,Severe,No
Hazaribagh,industrial,134,Unhealthy for Sensitive Groups,29.2,89,6.4,S,0,1006.9,10,Severe,No
Motijheel,roadside,151,Unhealthy,30.5,100,14.3,E,0,1003.5,9.1,High,No
Agargaon,roadside,185,Unhealthy,25.6,81,2.7,N,0,1012.2,7.2,Medium,Yes
Dhanmondi,roadside,174,Unhealthy,13.5,67,7.3,NW,0,1015.4,8,Medium,No
Mohammadpur,residential,186,Unhealthy,25.9,73,11.5,N,0,1009.3,6.9,High,No
Mohammadpur,residential,68,Moderate,31.2,85,8.5,SW,0,1001.3,10.5,Low,No
Agargaon,roadside,242,Very Unhealthy,20.4,74,4.8,N,0,1019.2,5.2,Severe,No
Hazaribagh,industrial,252,Very Unhealthy,19.1,68,2.6,N,0,1013.3,6,Medium,No
Hazaribagh,industrial,395,Hazardous,22.1,58,2.9,N,0,1018.4,2.6,High,No
Jatrabari,industrial,239,Very Unhealthy,26.5,72,4.1,W,0,1011.9,4.3,Severe,Yes
Tejgaon,industrial,170,Unhealthy,19.2,70,7.4,NE,0,1015.9,7.5,Low,Yes
Tejgaon,industrial,170,Unhealthy,29.8,74,27.8,S,0,1002.8,9.4,High,Yes
Hazaribagh,industrial,88,Moderate,31.7,73,3.4,SE,6.3,1003.1,10.1,Medium,No
Baridhara,background,141,Unhealthy for Sensitive Groups,27.7,80,7.3,S,2.2,1010.8,10.1,High,No
Dhanmondi,roadside,76,Moderate,29,87,12.6,SW,0,998,10.3,Severe,Yes
Agargaon,roadside,120,Unhealthy for Sensitive Groups,27.3,81,6.6,SE,0,1002.1,9.4,Medium,No
Dhanmondi,roadside,203,Very Unhealthy,22.9,65,4.6,SE,0,1013.9,5.8,Severe,Yes
Gulshan,residential,168,Unhealthy,25.1,72,1.3,E,0,1011.7,7.7,Medium,No
Tejgaon,industrial,243,Very Unhealthy,19.3,71,5.3,E,0,1012.9,4.6,High,No
Baridhara,background,177,Unhealthy,27.2,79,4.4,N,0,1012.5,9.6,Low,No
Agargaon,roadside,171,Unhealthy,29,88,3.8,E,0,1011.2,7.4,Medium,Yes
Agargaon,roadside,218,Very Unhealthy,24.6,61,5.9,SW,0,1014,6.5,Medium,No
Baridhara,background,154,Unhealthy,17.1,69,2.1,NE,0,1014.2,8.6,Low,Yes
Tejgaon,industrial,153,Unhealthy,31.9,67,3.4,E,0,998.9,9.1,Severe,No
Hazaribagh,industrial,140,Unhealthy for Sensitive Groups,31.1,69,8.3,N,0,1006.9,9.3,High,No
Old Dhaka,roadside,230,Very Unhealthy,20.3,75,12.1,N,0,1016.6,3.6,Medium,No
Gulshan,residential,124,Unhealthy for Sensitive Groups,33.6,98,5.7,SE,0,1002.7,8.8,Low,No
Motijheel,roadside,96,Moderate,29.5,71,6.6,S,12,1001.1,10,Severe,No
Motijheel,roadside,153,Unhealthy,30,76,6.4,SW,0,997.9,7.9,High,Yes
Motijheel,roadside,215,Very Unhealthy,15.8,71,2,SE,0,1012.9,5.6,High,No
Uttara,residential,103,Unhealthy for Sensitive Groups,31.6,72,5.1,NE,3,1000.1,10.2,High,No
Baridhara,background,94,Moderate,25.6,79,5.6,N,9.5,1013.1,10.9,Low,No
Agargaon,roadside,260,Very Unhealthy,22.6,75,5.1,NW,3.7,1017,3.7,Severe,No
Gulshan,residential,190,Unhealthy,13.2,60,6.2,NW,0,1015.8,6.6,Medium,No
Baridhara,background,165,Unhealthy,20.9,71,1.9,N,0,1014.1,8.6,Low,No
Baridhara,background,67,Moderate,28.8,75,3.9,E,4.2,1005.3,10.7,Medium,No
Gulshan,residential,189,Unhealthy,21.6,81,1,N,0,1016.6,7.1,High,No
Mirpur,residential,91,Moderate,30,87,15.1,S,0,996.8,10.5,Low,No
Dhanmondi,roadside,179,Unhealthy,25.7,73,3.6,W,0,1015,7.8,High,No
Agargaon,roadside,184,Unhealthy,17.6,60,5.6,W,0,1014.6,6.7,Low,No
Uttara,residential,131,Unhealthy for Sensitive Groups,28.5,88,6.3,E,0,1004.4,8.9,High,No
Baridhara,background,180,Unhealthy,21.9,81,0.4,NW,0,1016.2,7.6,Low,No
Uttara,residential,199,Unhealthy,15.3,64,1.6,SW,0,1011.8,7.3,Low,No
Tejgaon,industrial,135,Unhealthy for Sensitive Groups,29.5,81,6.1,SE,0,1000.8,9,High,No
Baridhara,background,82,Moderate,31.9,62,10.3,SE,25.7,1002.2,10.6,Medium,No
Jatrabari,industrial,63,Moderate,31,90,6.8,NW,49.5,1009.1,11.4,High,Yes
Motijheel,roadside,78,Moderate,30,70,2,SE,15.3,1002.4,9.5,High,Yes
Jatrabari,industrial,223,Very Unhealthy,18.2,80,2,W,0,1015.2,6.7,High,No
Motijheel,roadside,165,Unhealthy,31.7,65,9.2,SW,0,1005.3,7.8,Medium,Yes
Mohammadpur,residential,208,Very Unhealthy,11.7,69,6.3,W,0,1014.4,4.5,Medium,No
Agargaon,roadside,165,Unhealthy,24,75,1.4,NE,0,1011.3,8.8,High,Yes
Mohammadpur,residential,100,Moderate,29.3,87,8.2,S,0,1003.7,11.1,Medium,No
Hazaribagh,industrial,179,Unhealthy,29.2,62,6.7,S,0,1005.4,6.4,Medium,No
Hazaribagh,industrial,167,Unhealthy,27.1,93,5.3,S,0,1001.6,8.1,High,No
Motijheel,roadside,22,Good,31.5,94,17,SE,85.8,998.9,10.6,Severe,Yes
Old Dhaka,roadside,117,Unhealthy for Sensitive Groups,30.5,77,5.7,SE,0,999,8.3,Severe,No
Baridhara,background,155,Unhealthy,19.5,75,3,W,0,1017.8,10.9,Low,No
Jatrabari,industrial,182,Unhealthy,16.6,67,7.7,NW,0,1018.8,6.4,Medium,Yes
Old Dhaka,roadside,226,Very Unhealthy,19.3,70,7.5,W,0,1015.5,6.2,High,No
Agargaon,roadside,91,Moderate,32.3,80,16.2,S,0,1006.2,9.9,High,No
Baridhara,background,74,Moderate,30.3,63,11.1,SE,0,1005.8,9.8,Low,Yes
Jatrabari,industrial,298,Very Unhealthy,20.6,77,7,N,0,1018.1,2.3,High,No
Mohammadpur,residential,165,Unhealthy,29,72,7.2,N,0,997.3,8.9,Medium,Yes
Gulshan,residential,127,Unhealthy for Sensitive Groups,31.2,66,26.2,S,2.9,1012.7,9.2,Medium,No
Gulshan,residential,183,Unhealthy,23,73,2.1,NW,0,1015.2,7.7,Low,No
Tejgaon,industrial,102,Unhealthy for Sensitive Groups,30.1,80,6.9,S,29.1,1004.6,9.8,Medium,Yes
Baridhara,background,80,Moderate,32.4,76,2.6,S,6.6,1008.2,10.7,Medium,No
Mirpur,residential,158,Unhealthy,31.7,63,7.1,E,0.8,1001,7.1,Severe,No
Mohammadpur,residential,102,Unhealthy for Sensitive Groups,30.1,77,6.3,SE,0,996.4,8.2,Medium,Yes
Motijheel,roadside,208,Very Unhealthy,29.9,66,7.1,S,0,1004.8,6.8,Severe,Yes
Baridhara,background,146,Unhealthy for Sensitive Groups,22.5,89,1,W,6.9,1010.6,7.8,High,No
Hazaribagh,industrial,137,Unhealthy for Sensitive Groups,27.6,90,4.6,S,0,1005,10,High,No
Jatrabari,industrial,173,Unhealthy,30.6,57,29.3,SE,0,1006.1,7.5,Medium,No
Tejgaon,industrial,117,Unhealthy for Sensitive Groups,26.7,76,5.4,E,0,1009,8.7,Medium,No
Hazaribagh,industrial,98,Moderate,30.5,80,9.5,NW,0,1010.2,10.5,Medium,Yes
Mohammadpur,residential,153,Unhealthy,30.3,84,6.4,NE,0,1010.2,9.7,Medium,No
Mirpur,residential,156,Unhealthy,16.6,65,15.8,SE,0,1018.6,9.1,Severe,Yes
Uttara,residential,230,Very Unhealthy,21.9,60,6,N,0,1017.6,5.1,Low,Yes
Hazaribagh,industrial,165,Unhealthy,29.1,85,7,NE,0,1000.5,8.4,Medium,Yes
Hazaribagh,industrial,196,Unhealthy,32.7,73,2.4,S,0,1006.1,6.5,High,No
Old Dhaka,roadside,77,Moderate,31.5,87,2.2,E,1,997.4,9,Medium,Yes
Mirpur,residential,59,Moderate,32.2,78,4,E,13.5,1003.6,10.5,Medium,No
Baridhara,background,162,Unhealthy,17.3,84,4,W,0,1014.9,8.8,High,No
Uttara,residential,200,Unhealthy,22.6,69,1.7,NW,0,1016,6.5,High,No
Uttara,residential,84,Moderate,26.3,70,7.7,S,0,1008.6,11.2,Medium,No
Gulshan,residential,241,Very Unhealthy,23.5,65,4.9,W,0,1018.9,4.4,Medium,No
Tejgaon,industrial,89,Moderate,30,94,18.4,S,0,1001,9.9,High,No
Uttara,residential,39,Good,30,90,20.2,E,29.1,1002.1,10.4,High,No
Hazaribagh,industrial,169,Unhealthy,25.9,71,11.9,S,0,1010.9,8,Medium,No
Mohammadpur,residential,75,Moderate,29.3,76,10.9,NE,6,1001.6,8.8,High,No
Baridhara,background,45,Good,32.4,94,13.6,SW,0,1001.8,11.6,Low,No
Tejgaon,industrial,145,Unhealthy for Sensitive Groups,29.2,91,8.3,NW,1.7,1008.6,10.1,Medium,No
Jatrabari,industrial,196,Unhealthy,21.5,78,10.2,N,0,1014.9,7.1,High,No
Baridhara,background,82,Moderate,30.1,85,1.9,NE,0.7,1006.3,8.9,Severe,No
Uttara,residential,94,Moderate,31.9,84,11.7,E,0,1000.6,10.5,Medium,No
Uttara,residential,155,Unhealthy,19.7,69,1.8,SW,0,1013.9,7.7,Low,No
Agargaon,roadside,105,Unhealthy for Sensitive Groups,28.3,100,2.9,S,0,997,8.7,High,Yes
Mirpur,residential,172,Unhealthy,27.1,74,10.5,NW,0,1012.5,7.6,Medium,No
Motijheel,roadside,234,Very Unhealthy,24.6,61,2.7,NW,0,1016.8,5.3,Medium,No
Dhanmondi,roadside,81,Moderate,30.9,82,2.9,SW,0,1002.2,11,Medium,No
Jatrabari,industrial,174,Unhealthy,26.7,74,6.8,N,0,1012.1,8.6,High,Yes
Uttara,residential,160,Unhealthy,32.6,88,2.6,N,0,1013.2,9.4,Severe,No
Agargaon,roadside,124,Unhealthy for Sensitive Groups,33.9,57,3.3,SW,0,1003.3,8.4,Medium,No
Old Dhaka,roadside,71,Moderate,31.5,81,1.7,S,12.3,1002.2,10.9,High,No
Mohammadpur,residential,172,Unhealthy,27.8,80,3.5,SE,0,1015.1,6.4,Severe,No
Gulshan,residential,58,Moderate,31.3,95,10.6,SE,0,1001.3,10,High,No
Hazaribagh,industrial,198,Unhealthy,21.7,76,8.5,S,0,1011.6,7.1,High,No
Baridhara,background,122,Unhealthy for Sensitive Groups,11.4,83,3.8,NE,0,1017.7,10.2,Low,No
Mohammadpur,residential,59,Moderate,30.7,88,18.2,SW,10.2,1002.4,10.3,Medium,No
Dhanmondi,roadside,160,Unhealthy,30.6,66,10.1,NE,0,1006.9,8.1,Medium,No
Gulshan,residential,161,Unhealthy,17.3,77,9.9,NW,0,1014,8.7,Medium,No
Dhanmondi,roadside,173,Unhealthy,30.5,57,4.5,N,0,1009.3,6.9,Severe,No
Mirpur,residential,93,Moderate,27.2,71,5,SW,8.2,1000.6,9.8,Medium,No
Uttara,residential,97,Moderate,26.5,76,6.2,NE,0,1010.6,9.8,Low,No
Baridhara,background,115,Unhealthy for Sensitive Groups,30.1,80,3.8,N,0.1,1011.2,10.7,Low,No
Mirpur,residential,94,Moderate,30.8,93,0.7,SW,13,1004.5,10.7,Medium,Yes
Dhanmondi,roadside,220,Very Unhealthy,21,71,5.2,W,0,1013.2,7.3,High,No
Agargaon,roadside,219,Very Unhealthy,25.6,88,6.4,W,0,1008,6.3,Severe,Yes
Mirpur,residential,163,Unhealthy,22.1,75,5.7,N,0,1016.2,7.7,Low,No
Uttara,residential,43,Good,29.5,85,19.5,SE,22.6,1001.3,10,High,No
Mirpur,residential,194,Unhealthy,23.4,72,14.8,N,0,1016.6,7.7,High,No
Tejgaon,industrial,250,Very Unhealthy,29.6,81,1,N,0,1010.8,5.6,Severe,No
Baridhara,background,163,Unhealthy,14.3,63,11.5,W,0,1010.3,8.2,Low,No
Mohammadpur,residential,51,Moderate,29.7,82,18.8,S,0,1004,10.1,Low,Yes
Uttara,residential,98,Moderate,25.9,81,0.7,N,0,1005.4,9.7,Low,No
Baridhara,background,177,Unhealthy,14.1,67,7.5,NE,0,1015.4,7.9,Low,Yes
Dhanmondi,roadside,169,Unhealthy,23.4,66,5.3,SE,0,1015.7,7.3,Medium,No
Mohammadpur,residential,186,Unhealthy,16.2,72,13.1,NW,0,1018.5,6,High,No
Tejgaon,industrial,158,Unhealthy,29.4,75,19.3,S,0,1008,9.9,Severe,Yes
Jatrabari,industrial,153,Unhealthy,31.7,77,36.7,E,0,1005.7,8.1,Severe,No
Mohammadpur,residential,150,Unhealthy for Sensitive Groups,33.6,72,11.8,SW,0,1006.8,8.4,High,No
Agargaon,roadside,80,Moderate,30.9,92,9.3,SE,2.8,1004.6,9.9,High,No
Tejgaon,industrial,183,Unhealthy,28.9,86,2.6,NW,0,1009,8,High,Yes
Baridhara,background,187,Unhealthy,30.3,69,4.9,SE,0,1008,8.1,High,No
Gulshan,residential,80,Moderate,31.1,68,9.7,S,0,999.9,9,Medium,No
Baridhara,background,118,Unhealthy for Sensitive Groups,26.6,87,3.3,W,1.9,1010.3,10.6,High,No
Motijheel,roadside,76,Moderate,29.2,78,6.8,SW,15.5,1000.8,9.1,Severe,No
Gulshan,residential,198,Unhealthy,25.6,61,1.1,NW,0,1016,7.6,High,Yes
Agargaon,roadside,147,Unhealthy for Sensitive Groups,21.2,69,5.5,E,0,1012.4,9.2,Severe,Yes
Mohammadpur,residential,231,Very Unhealthy,12.4,90,0.7,SW,0,1020.4,4.8,Medium,No
Agargaon,roadside,62,Moderate,30.7,89,13.3,SW,39.5,1001.6,11.4,Severe,Yes
Old Dhaka,roadside,121,Unhealthy for Sensitive Groups,29.5,77,7.4,S,0,1002.8,10,Medium,No
Dhanmondi,roadside,94,Moderate,27.4,80,3.9,SW,0,1004.9,9.9,High,No
Gulshan,residential,162,Unhealthy,15.3,70,4.2,S,0,1014.9,7.2,Low,No
Old Dhaka,roadside,281,Very Unhealthy,15.8,74,3.1,NW,0,1015.2,4.8,Severe,No
Baridhara,background,77,Moderate,31.6,87,3.2,NE,0,1003.5,10.1,Medium,Yes
Gulshan,residential,208,Very Unhealthy,23.2,63,3.4,NW,0,1013.3,6.5,Severe,No
Hazaribagh,industrial,162,Unhealthy,35.1,71,5.3,SE,13.3,1007.5,7.4,High,Yes
Mohammadpur,residential,78,Moderate,27.1,80,5.4,SW,0,1000,9.1,Low,Yes
Uttara,residential,122,Unhealthy for Sensitive Groups,27.5,93,0.6,SW,0,1001.2,9.3,Medium,No
Mohammadpur,residential,137,Unhealthy for Sensitive Groups,14,70,10.1,W,0,1020.4,9,Medium,No
Mohammadpur,residential,89,Moderate,34.2,62,15.8,S,0,1006.6,9.4,Medium,No
Agargaon,roadside,189,Unhealthy,28,84,4.9,E,0,1011.6,6.9,Medium,Yes
Old Dhaka,roadside,159,Unhealthy,31.2,71,23.5,S,0,1000.4,9,Severe,Yes
Gulshan,residential,185,Unhealthy,19.8,66,3.6,W,0,1016.1,8.5,Medium,No
Mirpur,residential,181,Unhealthy,18.8,76,5,NW,0,1019.9,8.6,Medium,No
Motijheel,roadside,118,Unhealthy for Sensitive Groups,28.2,73,10.3,N,3.6,1004.9,8.8,High,Yes
Uttara,residential,159,Unhealthy,28.3,88,5.3,W,0,1013.7,8.9,Medium,No
Baridhara,background,111,Unhealthy for Sensitive Groups,30.5,74,4.4,SE,0,1005.5,10,Low,No
Mirpur,residential,500,Hazardous,14.8,68,4.8,N,0,1010.9,0.3,Medium,Yes
Uttara,residential,115,Unhealthy for Sensitive Groups,31,71,1.9,SW,0,1000.9,9.7,Severe,No
Hazaribagh,industrial,464,Hazardous,17.5,71,2.3,N,0,1013.3,0.3,High,No
Mirpur,residential,205,Very Unhealthy,19.8,73,8.8,NE,0,1015.3,5.2,Severe,No
Uttara,residential,159,Unhealthy,26.7,78,22.8,E,0,1010.2,9.2,Medium,No
Hazaribagh,industrial,113,Unhealthy for Sensitive Groups,31.6,61,3.8,E,4,999.5,8.8,Severe,No
Gulshan,residential,154,Unhealthy,19.8,75,4.1,E,0,1016.3,8.3,Low,Yes
Jatrabari,industrial,157,Unhealthy,28.8,61,6,SW,0,1009.9,8.4,High,Yes
Uttara,residential,179,Unhealthy,20.1,75,5.6,N,0,1016.6,8,High,No
Mirpur,residential,172,Unhealthy,20.2,84,9.6,W,0,1015.4,8.1,Medium,No
Mirpur,residential,56,Moderate,30.9,83,7.2,SE,10.3,1001.8,11.2,Low,No
Old Dhaka,roadside,153,Unhealthy,31.9,89,2,SE,0,1003.5,8.5,Medium,No
Motijheel,roadside,52,Moderate,28.9,85,4.1,S,12,1000.6,10.9,Medium,No
Mohammadpur,residential,175,Unhealthy,28.7,82,6.6,SW,0,1013.1,6.9,High,Yes
Gulshan,residential,168,Unhealthy,13,71,3.5,SE,0,1011.8,9.5,Low,No
Mirpur,residential,183,Unhealthy,26.7,74,3.9,N,0,1006.6,6.5,Low,No
Tejgaon,industrial,105,Unhealthy for Sensitive Groups,29.5,78,5.2,SE,0.6,1003.5,9.1,Medium,Yes
Gulshan,residential,179,Unhealthy,24.1,83,4.5,NE,0,1012.3,6.5,Medium,No
Motijheel,roadside,246,Very Unhealthy,26.6,82,2.3,W,0,1009.1,3.2,Severe,Yes
Old Dhaka,roadside,168,Unhealthy,21.1,77,8.7,NW,0,1012.4,8.3,Low,Yes
Agargaon,roadside,120,Unhealthy for Sensitive Groups,26.8,88,2,E,0,1003.5,10.3,High,Yes
Mohammadpur,residential,92,Moderate,29.4,93,8.4,S,0,1000,11.2,Low,No
Uttara,residential,209,Very Unhealthy,16,63,3.1,SW,0,1018.5,7.1,High,No
Baridhara,background,144,Unhealthy for Sensitive Groups,33.2,79,5.3,NE,2.4,1012.9,8.8,Low,No
Agargaon,roadside,183,Unhealthy,16.7,74,11.3,NE,0,1015.7,7.5,High,No
Tejgaon,industrial,164,Unhealthy,27.2,88,12,E,0,1015,8.5,Severe,No
Motijheel,roadside,319,Hazardous,19.4,91,9.4,NW,0,1012.7,2.7,Severe,No
Mohammadpur,residential,174,Unhealthy,13.4,73,12.6,S,0,1015.3,8.2,Severe,No
Mirpur,residential,99,Moderate,29.7,63,29.3,S,0,1001.3,9.7,Medium,No
Agargaon,roadside,174,Unhealthy,28,68,9.4,SW,0,1009.7,9,Severe,Yes
Jatrabari,industrial,322,Hazardous,19.3,63,6.7,SE,0,1011.7,2.7,Severe,Yes
Hazaribagh,industrial,259,Very Unhealthy,21.2,72,2.4,NE,0,1013.3,5.1,Severe,No
Agargaon,roadside,232,Very Unhealthy,17,47,7.5,W,0,1018.2,6.2,Severe,No
Baridhara,background,115,Unhealthy for Sensitive Groups,33.6,63,7.9,E,0,1006.3,8.2,Low,No
Baridhara,background,140,Unhealthy for Sensitive Groups,32.5,74,22,W,0,1012.7,9.3,Medium,No
Gulshan,residential,235,Very Unhealthy,23.3,71,8.2,NW,0,1012.9,4.1,Severe,No
Hazaribagh,industrial,191,Unhealthy,24.5,76,1.9,NW,0,1008,7.5,High,No
Tejgaon,industrial,181,Unhealthy,34.2,55,9.1,NW,0,1005.6,7.9,High,No
Mohammadpur,residential,86,Moderate,29.9,93,12.4,SE,17,1003,9.6,High,No
Hazaribagh,industrial,137,Unhealthy for Sensitive Groups,32.9,89,7,S,0.7,1004.4,9.9,Medium,No
Motijheel,roadside,96,Moderate,30,85,25.9,SW,0,1004,9.5,Severe,Yes
Agargaon,roadside,100,Moderate,26.3,67,11.1,SE,21.1,1001.2,10.6,Severe,Yes
Hazaribagh,industrial,239,Very Unhealthy,29.1,74,2.4,E,0,1013.8,6.2,Medium,Yes
Uttara,residential,107,Unhealthy for Sensitive Groups,29.2,88,2.9,SW,0,1000.7,9.1,Low,Yes
Dhanmondi,roadside,83,Moderate,29.3,85,3.6,S,12.6,1009.3,9.3,Severe,Yes
Old Dhaka,roadside,87,Moderate,27.4,87,4.5,SW,6.6,1004.7,8.7,High,No
Jatrabari,industrial,111,Unhealthy for Sensitive Groups,32.9,90,6.8,SE,11.7,997,9,Medium,Yes
Mirpur,residential,134,Unhealthy for Sensitive Groups,29.7,69,9.6,SE,0,1005.8,9.8,High,No
Baridhara,background,42,Good,32.8,90,15.6,S,0.5,1000.1,10.7,Low,No
Tejgaon,industrial,158,Unhealthy,29.9,61,13.5,SE,0,1012.3,9.1,Low,Yes
Jatrabari,industrial,162,Unhealthy,28.3,75,5.2,SW,0,999.7,9.5,Medium,No
Mirpur,residential,139,Unhealthy for Sensitive Groups,30.3,82,4,S,0,1005.4,9.8,High,Yes
Motijheel,roadside,204,Very Unhealthy,26.8,83,9.1,NW,0,1013.5,6.2,Medium,Yes
Baridhara,background,109,Unhealthy for Sensitive Groups,26.8,82,3.5,NW,0,1003.8,9.7,Medium,No
Gulshan,residential,78,Moderate,27.7,86,9.7,NE,3.1,1001.1,10.3,Medium,No
Tejgaon,industrial,165,Unhealthy,29.2,82,1.8,SE,0,1004,7,High,No
Dhanmondi,roadside,196,Unhealthy,20.5,72,6.4,W,0,1014.1,7.6,Medium,No
Motijheel,roadside,174,Unhealthy,27.8,71,8.9,SW,0,1010.6,7,Medium,Yes
Baridhara,background,174,Unhealthy,17.1,74,3.3,NW,0,1016,8.7,High,Yes
Jatrabari,industrial,369,Hazardous,17.5,91,1.6,NW,0,1012.7,0.3,Severe,No
Uttara,residential,191,Unhealthy,27.2,71,1.5,NW,0,1011.6,7,Medium,No
Agargaon,roadside,169,Unhealthy,30.7,100,5.9,NW,0,1015.4,9.5,High,No
Uttara,residential,66,Moderate,29.5,75,8.5,E,0,1002.6,9,Low,No
Old Dhaka,roadside,221,Very Unhealthy,16.6,73,0.8,NW,0,1016.4,7,Medium,No
Dhanmondi,roadside,123,Unhealthy for Sensitive Groups,34.9,75,1,SW,0,1003.2,9.7,Medium,Yes
Dhanmondi,roadside,153,Unhealthy,29.9,70,3,SE,0,1005.2,10.3,High,No
Uttara,residential,160,Unhealthy,26.5,86,2.3,W,0,1006.9,7.5,Low,No
Old Dhaka,roadside,193,Unhealthy,26.1,78,2.9,N,0,1012,6.8,High,No
Mirpur,residential,158,Unhealthy,30.3,76,8.5,S,0,1010.7,8.3,Medium,No
Motijheel,roadside,239,Very Unhealthy,19.3,67,9.5,W,0,1016.5,4.5,Severe,No
Old Dhaka,roadside,289,Very Unhealthy,22.2,54,9.6,SW,0,1011.7,4.8,Severe,No
Agargaon,roadside,186,Unhealthy,20.4,75,7.5,SE,0,1016.1,6.8,High,No
Old Dhaka,roadside,96,Moderate,33.7,68,14.3,S,0,1009.4,9.9,Severe,No
Baridhara,background,177,Unhealthy,22.7,66,2.3,W,0,1018,7.7,Low,No
Old Dhaka,roadside,186,Unhealthy,19.7,67,7.4,S,0,1016.6,7.2,High,No
Jatrabari,industrial,229,Very Unhealthy,20.3,73,8.1,SW,0,1015.7,4.8,Medium,No
Baridhara,background,156,Unhealthy,22.9,63,1.1,NW,0,1013.5,8.1,Medium,No
Mirpur,residential,96,Moderate,28,88,15.7,NW,0,1001.6,9.9,High,Yes
Agargaon,roadside,188,Unhealthy,27.7,80,8.3,NW,0,1017.5,7.3,High,No
Mirpur,residential,132,Unhealthy for Sensitive Groups,25.7,94,3.2,NE,0,1008.9,9.1,Low,No
Motijheel,roadside,484,Hazardous,17.8,81,0.9,NE,0,1012.8,0.3,Severe,No
Gulshan,residential,196,Unhealthy,14.8,71,5.4,W,0,1016.8,8.8,Medium,No
Mirpur,residential,227,Very Unhealthy,14.9,72,3.7,NW,0,1016,6,Medium,Yes
Jatrabari,industrial,106,Unhealthy for Sensitive Groups,31.8,82,2.2,SW,0,1005.7,9.7,High,No
Mirpur,residential,169,Unhealthy,26.9,66,4.8,NW,0,1017.3,8,Medium,No
Old Dhaka,roadside,156,Unhealthy,29,92,4.5,W,1.6,1000.7,9.1,Severe,No
Old Dhaka,roadside,247,Very Unhealthy,20.2,68,8.4,N,0,1018.9,5.3,Severe,Yes
Uttara,residential,146,Unhealthy for Sensitive Groups,27.6,81,0.8,SW,0,1011.8,10,High,No
Gulshan,residential,167,Unhealthy,22.5,62,9,NW,0,1016.8,8.4,Low,No
Jatrabari,industrial,344,Hazardous,36.5,79,7,S,0,1006.2,3.5,High,Yes
Tejgaon,industrial,154,Unhealthy,30.8,75,8,SW,0,1012.3,9.7,Low,No
Mirpur,residential,175,Unhealthy,18.2,79,12,NW,0,1013.8,7.3,Severe,No
Hazaribagh,industrial,208,Very Unhealthy,20.9,64,6.3,NE,0,1009.8,6.9,Medium,No
Baridhara,background,84,Moderate,28.6,72,9.6,SW,0,1015.6,10,Low,No
Uttara,residential,240,Very Unhealthy,18.9,81,1.3,NW,0,1012.9,4.9,Medium,No
Hazaribagh,industrial,427,Hazardous,15.2,65,1.4,S,0,1013.7,0.3,Medium,No
Uttara,residential,166,Unhealthy,29,55,5.7,NE,0,1005.5,8.1,High,Yes
Tejgaon,industrial,255,Very Unhealthy,23,62,2.8,W,0,1019.6,4.9,Medium,Yes
Hazaribagh,industrial,158,Unhealthy,30.1,85,7.2,N,9.4,1012.3,7.9,Medium,Yes
Tejgaon,industrial,158,Unhealthy,29.6,91,9.2,SE,0,1003.7,8.8,Medium,Yes
Motijheel,roadside,116,Unhealthy for Sensitive Groups,30.5,79,14.3,S,1.9,1004.5,10,High,No
Dhanmondi,roadside,347,Hazardous,23.2,65,4.5,N,0,1017,0.3,Severe,No
Mirpur,residential,84,Moderate,26.9,90,1.8,SE,0,1002.6,10.9,Severe,No
Tejgaon,industrial,97,Moderate,29.2,96,14.4,SE,13.4,1002.6,8.8,High,No
Agargaon,roadside,238,Very Unhealthy,26.1,69,10.1,N,0,1018.8,5.4,High,No
Mirpur,residential,187,Unhealthy,27.7,82,4,NE,0,1008.1,7.4,Medium,Yes
Agargaon,roadside,153,Unhealthy,28,92,14.2,N,0,999.9,9.1,Severe,Yes
Dhanmondi,roadside,95,Moderate,30.2,100,1.6,S,0,1003.7,10.5,High,No
Tejgaon,industrial,302,Hazardous,22.6,61,3.9,SE,0,1015.9,2.7,Severe,Yes
Mirpur,residential,193,Unhealthy,10.1,65,1.9,N,0,1014.2,7,Severe,No
Motijheel,roadside,153,Unhealthy,30.3,81,12.1,SW,3.4,1008,9.7,Severe,Yes
Gulshan,residential,53,Moderate,29.3,92,4,SE,23.6,999.1,9.4,High,Yes
Baridhara,background,67,Moderate,26.9,66,14.6,NE,0,1007.2,10.8,Medium,No
Old Dhaka,roadside,229,Very Unhealthy,19.3,72,1.7,W,0,1015.8,5.4,Severe,No
Uttara,residential,99,Moderate,26.7,79,18,SW,0,1010.1,9.9,Medium,No
Mohammadpur,residential,175,Unhealthy,18.9,70,3.7,NE,0,1013.4,7.8,Medium,No
Motijheel,roadside,171,Unhealthy,30.1,69,5.2,SE,0,1006.3,6.4,Medium,Yes
Mirpur,residential,95,Moderate,28.2,93,11.5,SW,0,1006,10.1,Medium,Yes
Baridhara,background,117,Unhealthy for Sensitive Groups,13.9,62,6.3,NE,0.2,1014.1,9.7,Low,No
Dhanmondi,roadside,334,Hazardous,16.6,69,3.7,W,0,1016,2,High,No
Motijheel,roadside,296,Very Unhealthy,22,60,3.3,SW,0,1013.5,3.8,Severe,No
Hazaribagh,industrial,209,Very Unhealthy,27.6,80,14.5,SE,0,1012.8,6.6,Severe,No
Agargaon,roadside,165,Unhealthy,30.8,66,6.7,S,0,1009.7,9.5,Medium,Yes
Gulshan,residential,119,Unhealthy for Sensitive Groups,28.1,94,6.2,S,0,1001.6,8.7,High,No
Uttara,residential,146,Unhealthy for Sensitive Groups,26.1,78,1.9,SW,0,1012.8,10,High,No
Uttara,residential,71,Moderate,31.3,81,16.1,S,0,1001.7,10.4,Medium,Yes
Motijheel,roadside,91,Moderate,30.9,83,3.1,N,5.3,1002.1,10.7,High,No
Mirpur,residential,128,Unhealthy for Sensitive Groups,29.1,99,2.8,S,0,1003.1,8.7,High,No
Gulshan,residential,115,Unhealthy for Sensitive Groups,24.5,55,13.9,SE,0,1007.8,9.3,Low,No
Agargaon,roadside,155,Unhealthy,28.8,80,0.3,SE,0,1002.6,9.6,High,No
Agargaon,roadside,190,Unhealthy,25.8,78,5.8,NE,0,1007.3,7.3,High,No
Agargaon,roadside,88,Moderate,28.4,80,4.6,SW,14.1,998.9,11,Medium,Yes
Baridhara,background,128,Unhealthy for Sensitive Groups,30,72,6.2,SW,0,1002.7,10,Medium,No
Motijheel,roadside,178,Unhealthy,33,68,3.5,E,0,1003.5,8.9,Severe,Yes
Motijheel,roadside,225,Very Unhealthy,26.9,80,3,S,0,1012.2,5.8,High,No
Gulshan,residential,173,Unhealthy,22.5,71,0.8,N,0,1014.1,7.8,Medium,Yes
Tejgaon,industrial,153,Unhealthy,23.2,77,8.9,N,4.8,1009.4,9.8,Medium,Yes
Tejgaon,industrial,274,Very Unhealthy,17.9,60,3.7,N,0,1019.5,5.6,Medium,No
Dhanmondi,roadside,73,Moderate,26.5,86,13.1,N,0,1005,10,Low,Yes
Jatrabari,industrial,153,Unhealthy,25.9,64,19.5,N,0,1007,7.9,Medium,No
Old Dhaka,roadside,256,Very Unhealthy,28.4,63,2.8,S,0,1004.8,5,Severe,Yes
Tejgaon,industrial,153,Unhealthy,23.5,74,7.2,E,0,1012.6,10.1,Medium,Yes
Old Dhaka,roadside,224,Very Unhealthy,28,88,2.2,E,0,1011.2,4.9,High,No
Jatrabari,industrial,108,Unhealthy for Sensitive Groups,33.5,87,3.9,E,8.4,1003.8,9.1,High,No
Tejgaon,industrial,167,Unhealthy,29.9,65,6.6,SE,0,1005.3,8.4,Medium,Yes
Baridhara,background,72,Moderate,28.2,78,22.5,E,0,1003,9.3,Medium,No
Jatrabari,industrial,185,Unhealthy,28.4,72,5.4,SE,0,1006.7,7.5,Medium,Yes
Old Dhaka,roadside,72,Moderate,30.5,100,5.8,SW,12.3,998.7,10.5,Medium,Yes
Hazaribagh,industrial,328,Hazardous,25.3,82,5.4,NE,0,1015.3,4.7,High,No
Mirpur,residential,130,Unhealthy for Sensitive Groups,32,60,6.4,S,0,1007.3,8.9,Medium,No
Mohammadpur,residential,133,Unhealthy for Sensitive Groups,26.1,77,1.9,N,0,1011.5,7.5,Medium,No
Hazaribagh,industrial,194,Unhealthy,18.3,77,10,NW,0,1011.5,8.4,High,Yes
Tejgaon,industrial,168,Unhealthy,30.9,75,4.9,SW,0,1009.5,8.6,Severe,No
Hazaribagh,industrial,166,Unhealthy,33.6,90,1.7,S,0,1000.8,8.9,Severe,Yes
Uttara,residential,243,Very Unhealthy,30.1,74,6.2,E,0,1008.1,5.1,High,No
Uttara,residential,68,Moderate,30.5,90,14.5,SE,1.7,1002.2,11.2,Low,No
Jatrabari,industrial,171,Unhealthy,27.3,85,2.5,E,0,1012.7,8.8,Medium,No
Dhanmondi,roadside,190,Unhealthy,20,63,3.7,W,0,1016.5,6.8,Severe,No
Tejgaon,industrial,88,Moderate,32.2,79,6.8,SE,29.9,1010.2,10.6,Severe,No
Mohammadpur,residential,152,Unhealthy,26,86,3.2,SE,0,1009.4,8.2,High,Yes
Dhanmondi,roadside,160,Unhealthy,24.9,72,4.9,N,0,1007,5.7,Severe,No
Hazaribagh,industrial,62,Moderate,31.9,92,18.3,N,13.8,1001.2,10.9,Medium,No
Mirpur,residential,152,Unhealthy,31.1,75,7.1,S,0,999.9,8.2,Medium,No
Jatrabari,industrial,155,Unhealthy,33.4,75,10.2,W,0,1004.9,7,High,Yes
Agargaon,roadside,331,Hazardous,24.8,83,3.4,NE,0,1014.2,2.5,Severe,No
Motijheel,roadside,220,Very Unhealthy,28.3,78,6,SE,0,1009.8,5.4,High,No
Dhanmondi,roadside,154,Unhealthy,27.9,81,6.6,NE,7.8,1012.3,9.8,High,No
Mirpur,residential,82,Moderate,39,47,12.2,SE,0,1006.9,9.7,Medium,Yes
Old Dhaka,roadside,321,Hazardous,19.7,79,3.1,NW,0,1016.1,3.1,Severe,No
Mohammadpur,residential,168,Unhealthy,28.3,76,6,S,0,1007.7,7.1,Medium,No
Mirpur,residential,156,Unhealthy,18,81,8.5,NW,0,1011.3,8.2,Low,No
Dhanmondi,roadside,80,Moderate,32.8,78,4.6,SE,0,1003.5,9.8,High,No
Hazaribagh,industrial,115,Unhealthy for Sensitive Groups,27.7,93,2.5,SW,18.9,1000.7,7.8,Medium,Yes
Baridhara,background,151,Unhealthy,16.4,78,3,NW,0,1015.5,10.3,Low,No
Gulshan,residential,66,Moderate,32,80,11.5,S,0,1003.2,9.3,Medium,Yes
Old Dhaka,roadside,133,Unhealthy for Sensitive Groups,26.3,86,9.9,SE,0,1009,8.6,Low,Yes
Gulshan,residential,171,Unhealthy,18.6,74,7.3,W,0,1013.3,9.1,High,No
Hazaribagh,industrial,144,Unhealthy for Sensitive Groups,33.7,54,15.7,SE,0,1007.1,9.4,Medium,Yes
Agargaon,roadside,152,Unhealthy,29.2,73,19.2,SW,0,1005.8,9.8,High,No
Hazaribagh,industrial,194,Unhealthy,13.9,64,7.6,NW,0,1019.3,7.8,High,Yes
Agargaon,roadside,71,Moderate,27.5,72,5.7,E,0,1002,11,Severe,No
Gulshan,residential,116,Unhealthy for Sensitive Groups,31,88,1.8,SE,0,999.1,9.9,Severe,Yes
Gulshan,residential,183,Unhealthy,19.9,69,1.7,S,0,1020.2,7.2,High,No
Dhanmondi,roadside,182,Unhealthy,16.6,81,2.4,NE,0,1015.9,7,High,Yes
Mohammadpur,residential,159,Unhealthy,24.1,79,10.2,NE,0,1010.9,10.2,High,No
Agargaon,roadside,164,Unhealthy,30.3,74,3.9,SE,0,1010.8,8.9,Medium,No
Old Dhaka,roadside,166,Unhealthy,32,89,3.5,SE,0,1002.8,8.8,Severe,No
Motijheel,roadside,55,Moderate,28.5,93,3.8,E,15.3,1001.8,10.6,High,No
Agargaon,roadside,173,Unhealthy,25.3,71,4.9,SW,0,1007,8.9,High,No
Motijheel,roadside,109,Unhealthy for Sensitive Groups,27.9,87,7.9,SE,0,996.3,10.7,Severe,Yes
Dhanmondi,roadside,153,Unhealthy,26.1,77,6.1,NE,0,1014.1,8.4,High,No
Dhanmondi,roadside,115,Unhealthy for Sensitive Groups,30.6,90,3.9,E,6.9,1002.7,10.9,High,Yes
Tejgaon,industrial,173,Unhealthy,36.3,70,13.9,NW,0,1006.5,9.1,Severe,Yes
Mirpur,residential,166,Unhealthy,31.5,63,6.6,N,0,1006.6,6.5,Severe,No
Old Dhaka,roadside,150,Unhealthy for Sensitive Groups,30.9,65,12.6,W,0,1007.8,9.8,High,No
Motijheel,roadside,205,Very Unhealthy,33.2,81,7.3,SW,0,1008.6,7.6,Severe,Yes
Old Dhaka,roadside,182,Unhealthy,21.4,56,2.8,SW,0,1013.1,6.8,High,Yes
Tejgaon,industrial,224,Very Unhealthy,29.6,74,5.3,NE,0,1007.5,7.1,Severe,Yes
Jatrabari,industrial,174,Unhealthy,36.8,78,3.5,S,0,1008.3,7.3,Severe,Yes
Hazaribagh,industrial,314,Hazardous,18.9,75,1.2,NW,0,1013.7,3.2,Severe,No
Tejgaon,industrial,305,Hazardous,19.8,86,5.2,SE,0,1009.4,1.6,Medium,No
Mohammadpur,residential,157,Unhealthy,31,93,2.8,S,0,1000.1,8.8,Severe,Yes
Mirpur,residential,102,Unhealthy for Sensitive Groups,30.6,88,2.1,SE,0.9,998.7,9.8,Medium,No
Jatrabari,industrial,196,Unhealthy,30.8,74,8.5,N,0,1014,6.5,Severe,Yes
Agargaon,roadside,83,Moderate,28.9,88,14.8,SE,0,999.6,9,High,No
Old Dhaka,roadside,224,Very Unhealthy,29,83,2.7,NW,0,1008.5,5.8,High,No
Agargaon,roadside,108,Unhealthy for Sensitive Groups,30.3,85,39.4,E,0,1000.4,10.4,Severe,Yes
Agargaon,roadside,315,Hazardous,22.4,64,7.8,E,0,1017.1,3.1,Severe,Yes
Jatrabari,industrial,165,Unhealthy,26.5,68,5.5,SW,0,1013.2,8.3,High,No
Tejgaon,industrial,255,Very Unhealthy,17.8,71,0.8,N,0,1013,4.6,Medium,No
Mirpur,residential,73,Moderate,31.3,73,9.1,SW,1.2,1000.9,9.7,Low,No
Uttara,residential,55,Moderate,30.6,81,2.5,W,20.6,1001.6,10.9,Medium,No
Gulshan,residential,153,Unhealthy,28.9,49,3.2,N,0,1010.5,9.3,Medium,Yes
Mohammadpur,residential,151,Unhealthy,32.4,92,9.7,SE,0,996.9,8.3,Severe,No
Old Dhaka,roadside,168,Unhealthy,32.8,77,23.6,N,0,1003.5,8.3,High,Yes
Mohammadpur,residential,202,Very Unhealthy,18.7,71,5.3,NW,0,1021.1,7.1,High,No
Uttara,residential,169,Unhealthy,17.4,85,9,W,0,1017.9,9.2,Medium,No
Gulshan,residential,155,Unhealthy,20.3,81,15.1,SW,0,1011.3,7.3,Medium,No
Hazaribagh,industrial,331,Hazardous,21.3,74,1.2,NE,0,1022.8,5.1,Medium,Yes
Hazaribagh,industrial,118,Unhealthy for Sensitive Groups,27.1,84,9.8,S,0,1003.6,10.5,High,No
Dhanmondi,roadside,110,Unhealthy for Sensitive Groups,30.7,82,15.1,W,0,1002.3,9.4,High,No
Jatrabari,industrial,143,Unhealthy for Sensitive Groups,32.6,72,15.1,S,0,1010.7,9.5,Medium,Yes
Old Dhaka,roadside,129,Unhealthy for Sensitive Groups,25.8,84,14.4,W,0,999.8,8.8,High,No
Hazaribagh,industrial,351,Hazardous,19.7,74,3.1,SW,0,1013.8,4.5,Severe,Yes
Agargaon,roadside,259,Very Unhealthy,21.4,75,5.9,N,0,1015.2,5.3,Medium,No
Motijheel,roadside,163,Unhealthy,31,83,15.2,E,0,1003.3,9.9,Severe,Yes
Dhanmondi,roadside,266,Very Unhealthy,29,87,7.5,W,0,1011.8,5.3,Severe,No
Motijheel,roadside,101,Unhealthy for Sensitive Groups,30.2,66,2.5,S,44.3,1007.5,9.8,Severe,Yes
Baridhara,background,227,Very Unhealthy,15.4,70,1.9,N,0,1014,6.3,Low,No
Dhanmondi,roadside,55,Moderate,26.8,77,13.8,S,14.2,1002.9,9.2,Medium,No
Motijheel,roadside,170,Unhealthy,29.7,76,0.3,N,0,1011.7,8.2,High,No
Tejgaon,industrial,177,Unhealthy,32.8,85,11.1,SE,0,1007,8.5,Severe,No
Tejgaon,industrial,421,Hazardous,23.1,63,8.2,NE,0,1014.3,3.5,Severe,Yes
Dhanmondi,roadside,231,Very Unhealthy,16.5,74,6.3,N,0,1013.7,5.1,Severe,Yes
Dhanmondi,roadside,83,Moderate,31.4,81,11.4,S,9.8,998.3,9.2,Severe,No
Uttara,residential,165,Unhealthy,23.2,60,8.8,SW,0,1014.6,8.2,Medium,No
Motijheel,roadside,131,Unhealthy for Sensitive Groups,28.4,89,0.6,SE,0,1003.9,8.3,High,Yes
Tejgaon,industrial,174,Unhealthy,31.3,64,1.3,SW,0,1009.5,9.3,High,No
Hazaribagh,industrial,147,Unhealthy for Sensitive Groups,31.2,88,3.6,SW,7.5,999.1,7.4,Severe,Yes
Tejgaon,industrial,188,Unhealthy,31.2,86,6.8,S,0,1009.8,6.6,High,Yes
Mohammadpur,residential,125,Unhealthy for Sensitive Groups,30.4,70,9,S,2.1,1006.8,9.9,Medium,No
Uttara,residential,153,Unhealthy,24.8,81,2.1,NW,0,1011.9,8,Medium,Yes
Gulshan,residential,92,Moderate,28.7,61,17.5,S,11.8,1005.1,11.2,Medium,No
Dhanmondi,roadside,125,Unhealthy for Sensitive Groups,29.3,74,27.5,S,0,1011.3,9.4,High,No
Dhanmondi,roadside,72,Moderate,34,83,11.3,N,2.5,1004.2,10.9,Severe,No
Dhanmondi,roadside,141,Unhealthy for Sensitive Groups,32.9,52,8.9,SE,0,1007.5,8.3,Severe,No
Dhanmondi,roadside,93,Moderate,29.8,85,6.9,SW,15.3,1011.8,10.6,High,No
Jatrabari,industrial,77,Moderate,29.6,94,3.9,SW,7,1001.4,10.8,Medium,Yes
Mirpur,residential,159,Unhealthy,31,80,2.3,N,4.5,1005.3,9.3,Medium,No
Baridhara,background,96,Moderate,32.7,85,14,S,0,1001,10.1,High,No
Mirpur,residential,82,Moderate,29.1,91,11.3,SE,0,1004.2,10.1,Low,No
Baridhara,background,88,Moderate,30.3,72,14.2,SW,0,1007.1,9.8,Low,Yes
Old Dhaka,roadside,114,Unhealthy for Sensitive Groups,28.8,94,8.5,E,0,1005,9.1,High,Yes
Uttara,residential,159,Unhealthy,29.9,61,2.2,W,0,1008.5,9.5,Medium,No
Dhanmondi,roadside,202,Very Unhealthy,31.1,55,2,NE,0,1006.9,6.9,Severe,Yes
Uttara,residential,85,Moderate,28.5,81,2.8,S,0,1002.2,8.9,High,No
Hazaribagh,industrial,204,Very Unhealthy,20,80,12.5,N,0,1013.2,5.8,Low,Yes
Old Dhaka,roadside,118,Unhealthy for Sensitive Groups,30.5,80,1.7,W,0,999,10.5,Low,Yes
Gulshan,residential,91,Moderate,29.7,89,5.8,S,0,999.5,10.6,Low,No
Gulshan,residential,79,Moderate,28.9,73,4.7,SW,0,1004.6,10.8,Low,No
Mirpur,residential,115,Unhealthy for Sensitive Groups,30.2,87,1.9,W,0,1001.5,8.9,Medium,No
Mohammadpur,residential,93,Moderate,29.1,75,9.3,S,0,1004,11.3,Medium,Yes
Jatrabari,industrial,127,Unhealthy for Sensitive Groups,27.1,81,13.7,NE,0,1012.7,9.3,Low,No
Motijheel,roadside,170,Unhealthy,33.7,65,6.9,E,0,1003.2,8.3,Severe,Yes
Agargaon,roadside,157,Unhealthy,27.9,82,1.5,E,0,1009.2,8.8,Medium,No
Dhanmondi,roadside,86,Moderate,33.9,94,5.1,S,9.5,1002.4,9.2,Severe,Yes
Baridhara,background,103,Unhealthy for Sensitive Groups,29.9,82,4,SE,0,1003.8,10.1,Severe,No
Mohammadpur,residential,67,Moderate,30.7,99,5.1,E,10.4,1003.3,9.9,Medium,No
Gulshan,residential,93,Moderate,28.6,88,5.6,S,4.8,997.8,9.1,Low,Yes
Hazaribagh,industrial,69,Moderate,32.1,72,19.6,NE,0,1002.5,11.7,Low,No
Gulshan,residential,158,Unhealthy,18.6,69,6.4,NE,0,1018.7,7.6,Severe,No
Mohammadpur,residential,75,Moderate,29.3,98,8.8,NW,0,999,9.1,High,No
Tejgaon,industrial,271,Very Unhealthy,17,63,2.9,NW,0,1012.7,3,Severe,No
Uttara,residential,128,Unhealthy for Sensitive Groups,30.3,67,13.7,N,0,1002,10.5,Medium,No
Mohammadpur,residential,76,Moderate,30.8,74,13.4,SE,8,1000.9,9.5,High,Yes
Mohammadpur,residential,113,Unhealthy for Sensitive Groups,31.4,58,11.3,NW,0,1003.3,10.4,High,Yes
Baridhara,background,115,Unhealthy for Sensitive Groups,30.9,61,10.6,SW,0,1004.8,9.8,High,No
Mirpur,residential,152,Unhealthy,25.2,68,1.4,NE,0,1011.6,9.5,Low,No
Uttara,residential,136,Unhealthy for Sensitive Groups,28.6,80,8.6,S,0,1004,9.4,Severe,No
Uttara,residential,60,Moderate,29.2,99,16.6,SE,0,997.1,9.4,Low,No
Mohammadpur,residential,172,Unhealthy,28.2,78,6.9,NE,3.4,1009.9,8,Severe,No
Mirpur,residential,124,Unhealthy for Sensitive Groups,32.7,74,12.5,SE,0,1006.4,9.5,Low,No
Hazaribagh,industrial,116,Unhealthy for Sensitive Groups,31.4,94,5.1,S,14.3,1001.7,10.4,Medium,No
Gulshan,residential,187,Unhealthy,19,61,2.7,N,0,1017,6.6,Low,Yes
Motijheel,roadside,221,Very Unhealthy,20.3,63,1.8,NW,0,1017,6.7,Severe,No
Old Dhaka,roadside,193,Unhealthy,30.6,74,16.4,SW,0,1009.2,7.4,Medium,No
Mohammadpur,residential,202,Very Unhealthy,12.9,65,4.3,SW,0,1015.6,7.2,Medium,No
Agargaon,roadside,148,Unhealthy for Sensitive Groups,29.6,91,13.5,SE,0,1001.4,8.7,Severe,No
Mirpur,residential,212,Very Unhealthy,17.7,83,3.3,N,0,1013.7,5.6,Medium,No
Gulshan,residential,71,Moderate,28.1,73,14.1,SW,0,1003.5,10.8,Medium,No
Baridhara,background,190,Unhealthy,17,67,5,SE,0,1012.9,8.7,Severe,Yes
Mirpur,residential,165,Unhealthy,19.5,68,3.7,W,0,1012.9,9.1,High,No
Baridhara,background,88,Moderate,24.2,74,4,S,0,1012.2,9.9,Low,No
Baridhara,background,75,Moderate,28.7,80,12,NE,0,1003.9,11.5,High,No
Jatrabari,industrial,276,Very Unhealthy,30.9,74,6.9,SE,0,1011,4.5,Severe,No
Baridhara,background,79,Moderate,27,68,13.4,NE,0,1008.6,9.5,Medium,Yes
Agargaon,roadside,206,Very Unhealthy,18.4,71,11.8,N,0,1014.3,5,Medium,No
Jatrabari,industrial,116,Unhealthy for Sensitive Groups,27.9,93,5.7,SE,9.3,1001.6,9.1,Medium,No
Agargaon,roadside,114,Unhealthy for Sensitive Groups,28.6,85,10.3,SW,0.6,1002.9,9.6,High,No
Mirpur,residential,171,Unhealthy,18.3,79,4.5,N,0,1013,8,Low,No
Hazaribagh,industrial,218,Very Unhealthy,24.5,73,3.7,NW,0,1012.8,6,Severe,No
Motijheel,roadside,68,Moderate,31,75,9,SW,0,1001.4,10.3,Medium,No
Hazaribagh,industrial,177,Unhealthy,32.4,83,1.8,W,0.2,1001.6,8,Medium,Yes
Dhanmondi,roadside,188,Unhealthy,33.1,72,14.4,SE,0,1007.2,6.8,Medium,Yes
Hazaribagh,industrial,117,Unhealthy for Sensitive Groups,31.8,92,8.3,NE,0,1004.1,9,Medium,Yes
Motijheel,roadside,223,Very Unhealthy,14.2,82,2.8,N,0,1009.5,5.6,Medium,No
Uttara,residential,158,Unhealthy,26.4,80,6.5,W,0,1007.8,8.4,Medium,No
Dhanmondi,roadside,207,Very Unhealthy,32.2,74,1.5,N,0,1009.6,7,Medium,Yes
Mirpur,residential,192,Unhealthy,22,81,1.7,NW,0,1016.2,7.2,Low,No
Hazaribagh,industrial,217,Very Unhealthy,25.1,64,1.8,N,0,1013.9,5.9,Medium,No
Baridhara,background,79,Moderate,31.9,83,2.2,E,0,1002.2,9.6,Low,No
Gulshan,residential,149,Unhealthy for Sensitive Groups,29.2,100,4.5,N,0,1012.5,8.6,Low,No
Tejgaon,industrial,175,Unhealthy,33.6,85,6.5,NW,0,1014.9,8.9,Medium,No
Mohammadpur,residential,73,Moderate,30.2,89,30.8,SE,0,1001,9.5,Low,No
Mirpur,residential,122,Unhealthy for Sensitive Groups,26.3,85,11.1,W,0,1014.3,10.1,Medium,No
Jatrabari,industrial,104,Unhealthy for Sensitive Groups,30.3,74,1,W,0,1003.4,9.3,Medium,No
Agargaon,roadside,68,Moderate,28.7,63,22.1,SE,18.7,1004.7,9.8,Severe,No
Old Dhaka,roadside,133,Unhealthy for Sensitive Groups,30.1,77,3.9,W,0,1000.5,10,Severe,No
Motijheel,roadside,211,Very Unhealthy,13,73,7.1,W,0,1018,5.5,High,No
Dhanmondi,roadside,216,Very Unhealthy,17.1,67,4.3,NE,0,1018.5,7.7,Severe,Yes
Tejgaon,industrial,176,Unhealthy,30.7,69,23,E,0,1006.9,8.7,High,No
Tejgaon,industrial,373,Hazardous,22.3,68,9.8,W,0,1017.8,5.3,Medium,No
Mirpur,residential,85,Moderate,29.8,65,14.6,N,0,1011.9,9.2,Low,Yes
Uttara,residential,117,Unhealthy for Sensitive Groups,24.6,85,7.9,NW,14.9,1010.8,9.6,Low,No
Baridhara,background,102,Unhealthy for Sensitive Groups,36.2,54,5.1,NW,0,1007.5,9.2,Medium,No
Mohammadpur,residential,77,Moderate,30.3,79,11.2,S,0,998.5,10.4,Medium,No
Mirpur,residential,92,Moderate,31.6,57,18.2,E,0,1006.3,8.5,Low,No
Mirpur,residential,199,Unhealthy,13.3,63,2.4,N,0,1013.7,7.1,Severe,No
Agargaon,roadside,178,Unhealthy,29.4,70,10.3,NE,0,1009.5,8.3,Medium,Yes
Dhanmondi,roadside,190,Unhealthy,22.7,80,9,SW,0,1015.6,7.8,Severe,No
Motijheel,roadside,222,Very Unhealthy,31.4,56,4.7,N,0,1006.4,5.6,High,No
Tejgaon,industrial,302,Hazardous,19.4,66,3.7,NW,0,1017.8,3.8,High,No
Old Dhaka,roadside,364,Hazardous,19.8,56,4.6,NW,0,1011.2,2.1,High,Yes
Old Dhaka,roadside,189,Unhealthy,13.9,65,6.7,SW,0,1012.6,5.6,Medium,No
Baridhara,background,180,Unhealthy,26.8,79,5.4,SW,0,1014.2,8.4,Medium,Yes
Agargaon,roadside,227,Very Unhealthy,23.9,76,5.4,N,0,1016.6,6.1,High,Yes
Dhanmondi,roadside,117,Unhealthy for Sensitive Groups,33.7,51,24.7,S,0,1003,10.5,High,No
Agargaon,roadside,92,Moderate,29.8,89,6.8,SW,7,1002.5,9.7,Severe,Yes
Dhanmondi,roadside,140,Unhealthy for Sensitive Groups,34.9,60,19.9,N,0,1003.8,9.2,High,No
Mirpur,residential,60,Moderate,27.7,75,28.8,S,11.6,1000.9,9.9,Medium,No
Jatrabari,industrial,327,Hazardous,15.6,71,2.6,NW,1.8,1016.1,4.2,Severe,No
Uttara,residential,69,Moderate,33.4,90,13.8,SW,0,1001.9,10.2,Medium,Yes
Jatrabari,industrial,92,Moderate,31,84,4.9,E,2.5,1001.8,9.8,High,No
Uttara,residential,38,Good,29.5,76,13.3,SW,24.3,999.9,11,High,No
Gulshan,residential,81,Moderate,29.9,84,4.7,S,6.4,1004.9,10.9,High,No
Motijheel,roadside,117,Unhealthy for Sensitive Groups,29,62,0.9,SW,0,1008.2,9.5,Medium,No
Hazaribagh,industrial,205,Very Unhealthy,31.7,73,13.3,SE,3,1005,6.6,High,No
Dhanmondi,roadside,192,Unhealthy,19.7,79,5.5,SW,0,1015.3,9.5,Medium,No
Mirpur,residential,45,Good,30,93,16.8,S,30.7,1001.2,9.5,Low,No
Gulshan,residential,180,Unhealthy,14.9,70,3.4,NE,0,1013.6,7.4,Medium,No
Agargaon,roadside,213,Very Unhealthy,31.7,77,7.5,NW,0,1007.4,6.6,Severe,No
Old Dhaka,roadside,92,Moderate,29,77,4.5,S,0,1006.2,10.7,Medium,Yes
Mirpur,residential,402,Hazardous,15.5,84,1.7,NW,0,1012.8,0.3,High,No
Dhanmondi,roadside,215,Very Unhealthy,23.4,62,6.6,SW,0,1016.4,7.5,High,No
Baridhara,background,57,Moderate,33.9,69,6.7,S,0,1004.1,10,Medium,Yes
Gulshan,residential,156,Unhealthy,35.9,79,1.4,N,0,1008.2,8.2,Severe,No
Agargaon,roadside,163,Unhealthy,28.6,72,13.4,E,0,1013.3,9.2,High,No
Motijheel,roadside,169,Unhealthy,26.3,79,5.8,N,0,1010.8,9.1,High,Yes
Gulshan,residential,183,Unhealthy,26.8,70,3.4,W,0.3,1012.2,7.4,High,No
Motijheel,roadside,115,Unhealthy for Sensitive Groups,32,87,13.5,SE,0,1007.3,10.3,Medium,Yes
Dhanmondi,roadside,173,Unhealthy,17.5,85,10.5,NW,0,1011.8,8.3,High,Yes
Uttara,residential,75,Moderate,32.4,97,2.6,SW,0,999.4,9.5,Medium,No
Mohammadpur,residential,100,Moderate,26.3,86,2.2,SE,0,1004.6,9.8,Medium,Yes
Gulshan,residential,101,Unhealthy for Sensitive Groups,29.5,93,5.1,E,0.3,1000.9,8.8,High,No
Gulshan,residential,91,Moderate,33,68,10.6,NW,0,1006.2,10.9,Medium,No
Agargaon,roadside,199,Unhealthy,16,79,13.9,S,0,1016.9,6.9,Medium,No
Old Dhaka,roadside,440,Hazardous,18.2,67,0.3,S,0,1014.7,3.4,High,No
Mirpur,residential,177,Unhealthy,21.1,83,16.8,E,0,1016.8,8.5,High,No
Agargaon,roadside,178,Unhealthy,24.3,66,5.8,E,0,1014.7,9,Medium,Yes
Tejgaon,industrial,165,Unhealthy,23.8,75,12.7,NE,0,1008.4,9,Medium,No
Agargaon,roadside,181,Unhealthy,14.2,66,11.3,E,0,1017.5,7.5,High,Yes
Old Dhaka,roadside,150,Unhealthy for Sensitive Groups,28.3,87,6.8,S,0,999.9,7.7,Severe,No
Dhanmondi,roadside,155,Unhealthy,23.2,75,3.9,SE,0,1014.2,8.9,Medium,No
Tejgaon,industrial,163,Unhealthy,27.3,72,11.1,SE,0,1008.4,10,Severe,No
Tejgaon,industrial,81,Moderate,28.2,81,8.1,SW,1.7,1000.7,9.6,High,No
Old Dhaka,roadside,147,Unhealthy for Sensitive Groups,32.2,91,4.2,S,3.3,1003.5,9.3,Severe,Yes
Gulshan,residential,129,Unhealthy for Sensitive Groups,30.2,80,7.5,SE,0,1005.8,8.4,Medium,No
Baridhara,background,151,Unhealthy,31.1,69,6.1,NE,0,1005.1,9.3,Medium,No
Gulshan,residential,202,Very Unhealthy,24.6,96,5.6,NW,0,1011.5,6.5,Severe,No
Baridhara,background,61,Moderate,31.1,94,14.6,S,0,1003.9,10.4,High,No
Mirpur,residential,144,Unhealthy for Sensitive Groups,31.7,95,4.2,W,0,1011.7,9.2,High,No
Uttara,residential,145,Unhealthy for Sensitive Groups,24.8,78,6.8,S,10.9,1009.2,10.5,High,No
Hazaribagh,industrial,190,Unhealthy,35.3,55,7.4,S,0,1003.6,6.6,Low,Yes
Uttara,residential,81,Moderate,30.7,79,6.6,S,0,1001.6,9.6,Severe,Yes
Agargaon,roadside,90,Moderate,30,80,5.9,SW,0,999.3,10.1,High,Yes
Uttara,residential,67,Moderate,30.7,77,10.2,S,0,1001.8,11,Low,Yes
Jatrabari,industrial,171,Unhealthy,30.7,67,0.5,W,6.4,1001.9,9.2,Severe,No
Baridhara,background,61,Moderate,33.3,93,10.3,S,0,1003.8,10.7,Medium,No
Tejgaon,industrial,195,Unhealthy,28.3,63,6.5,E,0,1012.6,5.7,High,No
Baridhara,background,105,Unhealthy for Sensitive Groups,32.4,75,8.8,SE,0,1009.5,9.8,Medium,No
Mohammadpur,residential,102,Unhealthy for Sensitive Groups,29.2,100,11.4,S,5.4,1002,9.4,High,No
Mohammadpur,residential,222,Very Unhealthy,21.9,64,1,NW,0,1014,5.8,Medium,Yes
Tejgaon,industrial,65,Moderate,28.3,88,14.3,S,17.8,1003.1,10.4,Low,Yes
Dhanmondi,roadside,110,Unhealthy for Sensitive Groups,30.2,82,5.7,S,0.9,1003.1,9.4,Severe,No
Tejgaon,industrial,97,Moderate,35.2,92,5.5,NE,0.2,1002.9,10.1,High,Yes
Jatrabari,industrial,217,Very Unhealthy,24.7,58,3.8,S,0,1011.8,5.8,Severe,Yes
Mohammadpur,residential,97,Moderate,30.4,84,3.8,S,0,1003.7,9.1,Low,No
Dhanmondi,roadside,163,Unhealthy,31.7,77,1.5,W,0,1010,8,High,No
Mirpur,residential,187,Unhealthy,18.2,70,5.4,NE,0,1012.3,6.7,Medium,No
Dhanmondi,roadside,233,Very Unhealthy,18.3,57,3.4,NE,0,1012.6,5.9,Medium,Yes
Mirpur,residential,104,Unhealthy for Sensitive Groups,27.2,88,9.9,SW,0,1009.1,10.6,High,No
Gulshan,residential,99,Moderate,30.4,58,10.1,S,0,1007,9.9,Low,No
Hazaribagh,industrial,189,Unhealthy,27.6,79,6.3,S,0,1010.6,6.7,High,Yes
Mirpur,residential,225,Very Unhealthy,17.3,75,3.6,NW,0,1015.7,4.5,Severe,Yes
Mohammadpur,residential,112,Unhealthy for Sensitive Groups,33.6,86,6.1,SE,0,1006.1,9.2,High,Yes
Agargaon,roadside,60,Moderate,29.5,100,18.8,W,5.1,1001.8,11.7,Severe,No
Hazaribagh,industrial,71,Moderate,31,91,5,SW,30,1003.2,10.5,Severe,No
Mirpur,residential,74,Moderate,28.8,83,0.4,SE,7.6,1002.2,11,Severe,No
Mirpur,residential,108,Unhealthy for Sensitive Groups,31.7,90,5.9,E,0,1004.7,8.9,Medium,No
Dhanmondi,roadside,171,Unhealthy,28.8,80,2.4,NE,0,1012.6,8.1,High,No
Tejgaon,industrial,106,Unhealthy for Sensitive Groups,30.8,85,5.5,SE,0,1001.9,9.4,Severe,No
Hazaribagh,industrial,214,Very Unhealthy,15.4,72,5.2,NW,0,1017.4,6.5,Severe,Yes
Gulshan,residential,207,Very Unhealthy,16.4,67,2.2,SW,0,1016.5,7.6,Medium,No
Mirpur,residential,110,Unhealthy for Sensitive Groups,33,87,1.3,NW,0,1004.2,10.2,High,No
Baridhara,background,138,Unhealthy for Sensitive Groups,29.1,64,6.7,N,0,1007.1,10.1,Medium,No
Agargaon,roadside,76,Moderate,31.2,70,17.2,NE,0,1003.7,9.7,Medium,No
Uttara,residential,54,Moderate,28.3,94,6.9,SW,7.2,1001.4,10.3,Medium,No
Dhanmondi,roadside,179,Unhealthy,33.5,63,9.4,S,0,1004.5,6.9,Medium,Yes
Mirpur,residential,116,Unhealthy for Sensitive Groups,28.8,86,5.3,E,0,1000.9,9.4,High,Yes
Mirpur,residential,90,Moderate,28.3,79,9.6,S,0,1003.5,10.7,Low,No
Hazaribagh,industrial,73,Moderate,28.7,79,11.5,SW,0,1003.3,9,Medium,Yes
Uttara,residential,120,Unhealthy for Sensitive Groups,29,77,15.1,S,2.7,1000.3,10.7,Medium,No
Baridhara,background,107,Unhealthy for Sensitive Groups,28,86,14.1,W,0,1014.4,9.5,Low,Yes
Agargaon,roadside,176,Unhealthy,30.1,95,8.9,E,0,999.5,6.7,Severe,Yes
Motijheel,roadside,168,Unhealthy,24.3,78,12,N,0,1011.4,8.4,High,No
Uttara,residential,209,Very Unhealthy,18.9,66,9.2,N,0,1014,6.2,Severe,No
Mohammadpur,residential,99,Moderate,27.9,71,9.8,NW,0,1002.5,10.8,High,No
Hazaribagh,industrial,82,Moderate,31.2,91,6.8,SW,5.3,998.9,9.2,High,No
Dhanmondi,roadside,185,Unhealthy,33.1,63,1,S,0,1002.8,5.8,High,Yes
Tejgaon,industrial,192,Unhealthy,18.9,61,18.2,N,0,1013.5,5.9,Medium,No
Tejgaon,industrial,113,Unhealthy for Sensitive Groups,30.5,85,7.5,E,2.7,1003.7,9.2,High,Yes
Motijheel,roadside,172,Unhealthy,35.4,65,5.4,S,0,1007.5,7.9,High,No
Gulshan,residential,138,Unhealthy for Sensitive Groups,26.6,66,3.8,NE,0,1007.6,9.1,Low,Yes
Agargaon,roadside,199,Unhealthy,28.6,57,12.6,NE,0,1009.4,6.1,Severe,Yes
Hazaribagh,industrial,254,Very Unhealthy,21,73,1.8,W,0,1015.6,4.1,High,Yes
Mirpur,residential,37,Good,28,80,17.1,S,34.8,1003.9,11.5,High,No
Jatrabari,industrial,175,Unhealthy,30.5,72,9.8,SE,5,1006.2,8.9,High,No
Jatrabari,industrial,500,Hazardous,16.9,71,3,NW,0,1010.5,2.4,Severe,Yes
Old Dhaka,roadside,104,Unhealthy for Sensitive Groups,28.7,93,10.3,S,1,1005.7,10.9,Medium,No
Dhanmondi,roadside,76,Moderate,29.5,78,12.1,S,3.8,1001.6,10,Medium,No
Mohammadpur,residential,172,Unhealthy,22.1,72,2.9,W,0,1017.5,6.8,Medium,Yes
Agargaon,roadside,66,Moderate,32,90,10.1,SE,8.4,1001,9.7,High,No
Mirpur,residential,96,Moderate,31.7,80,5.4,SW,0,1002.2,9.2,Medium,No
Jatrabari,industrial,123,Unhealthy for Sensitive Groups,30.6,94,5.4,SE,0,997.9,9.8,Severe,No
Hazaribagh,industrial,148,Unhealthy for Sensitive Groups,30.4,55,6.6,S,15.7,1004.9,8.9,Medium,No
Old Dhaka,roadside,276,Very Unhealthy,10.7,63,0.4,NW,0,1018.7,3.1,High,No
Dhanmondi,roadside,192,Unhealthy,27.9,64,11.1,N,0,1013.2,6.6,High,No
Tejgaon,industrial,90,Moderate,25.9,79,5.5,SE,8.2,1005,9.7,High,No
Uttara,residential,211,Very Unhealthy,12.3,69,3.9,SE,0,1016.2,6.6,Medium,No
Hazaribagh,industrial,121,Unhealthy for Sensitive Groups,26.6,85,12.2,S,0,1011.6,9.9,Low,No
Dhanmondi,roadside,220,Very Unhealthy,19.9,69,6.8,NW,0,1017.4,6.8,Medium,Yes
Uttara,residential,106,Unhealthy for Sensitive Groups,29.2,80,3.6,S,4,1004.3,9.6,High,No
Jatrabari,industrial,155,Unhealthy,32.8,73,8.5,NE,0,1002.8,10.7,High,No
Motijheel,roadside,175,Unhealthy,28.2,68,7.5,N,0,1011.2,9.4,Severe,Yes
Motijheel,roadside,224,Very Unhealthy,26.4,80,4.8,NW,0,1013.4,6,Severe,Yes
Uttara,residential,214,Very Unhealthy,23.9,77,15.2,W,0,1012.4,6.1,High,No
Jatrabari,industrial,126,Unhealthy for Sensitive Groups,32.8,82,5.9,NE,0,1001.2,10.6,Severe,No
Motijheel,roadside,176,Unhealthy,32.3,78,7.7,SE,0,1003.5,7.6,High,No
Jatrabari,industrial,144,Unhealthy for Sensitive Groups,28.6,77,7.2,W,0,999.6,9.5,High,No
Jatrabari,industrial,87,Moderate,29,82,11.5,S,0,1002.5,9.1,Medium,No
Gulshan,residential,204,Very Unhealthy,13.9,68,2.4,W,0,1016.9,6.1,Severe,No
Gulshan,residential,164,Unhealthy,18.9,82,9.1,W,0,1019.6,9,Medium,Yes
Hazaribagh,industrial,237,Very Unhealthy,15.3,71,19.4,N,0,1014.7,5.4,Severe,Yes
Tejgaon,industrial,250,Very Unhealthy,17.8,56,1.4,NW,0,1014,5.2,Severe,No
Mohammadpur,residential,175,Unhealthy,19.9,78,2.5,NE,0,1014.8,7.7,Medium,No
Baridhara,background,192,Unhealthy,22,93,1.3,SW,0,1011.6,6.3,High,No
Motijheel,roadside,154,Unhealthy,27.7,83,0.8,S,0,1006.5,8.8,High,No
Jatrabari,industrial,113,Unhealthy for Sensitive Groups,29.1,78,3.4,NW,0,1002,10.6,Severe,No
Uttara,residential,92,Moderate,26.9,85,2.8,NW,5.6,1008.3,10,Low,No
Tejgaon,industrial,59,Moderate,29.1,100,12.1,NW,6.6,1003,10.3,High,No
Hazaribagh,industrial,96,Moderate,30.3,75,17.1,W,4.4,1007.2,8.8,Low,No
Baridhara,background,81,Moderate,25.2,65,6.6,N,0,1010.9,10.6,Low,No
Baridhara,background,46,Good,27.4,91,14.1,SW,17.5,1001.3,11,Medium,No
Agargaon,roadside,98,Moderate,29,88,11.4,S,0,1007.2,9.1,Severe,Yes
Uttara,residential,116,Unhealthy for Sensitive Groups,26.5,70,3.3,NE,0,1009.7,9.4,Medium,No
Dhanmondi,roadside,137,Unhealthy for Sensitive Groups,29.4,95,9.2,SE,0,998.2,9.8,Severe,No
Mohammadpur,residential,85,Moderate,30.2,89,3.1,SE,0,1000.5,9.2,Severe,No
Jatrabari,industrial,211,Very Unhealthy,28,89,5.4,W,0,1009.8,5.1,High,Yes
Mirpur,residential,130,Unhealthy for Sensitive Groups,32.7,60,9,NW,0,1003.8,9.2,High,No
Mohammadpur,residential,171,Unhealthy,25.4,81,8.2,W,0,1010.5,7.8,Medium,No
Mirpur,residential,158,Unhealthy,13.5,63,14.1,N,0,1019,8.5,Medium,No
Jatrabari,industrial,231,Very Unhealthy,23.5,72,1.7,NW,0,1011.8,4.9,High,No
Motijheel,roadside,149,Unhealthy for Sensitive Groups,30.7,97,6.8,E,4.2,998.5,9.1,High,Yes
Mohammadpur,residential,155,Unhealthy,15.7,59,12.5,NE,0,1016.9,8.6,Medium,No
Dhanmondi,roadside,193,Unhealthy,27.7,67,3.1,NE,0,1010.5,7.5,Medium,No
Mirpur,residential,204,Very Unhealthy,22.7,78,2.3,NW,0,1014,5.7,High,No
Hazaribagh,industrial,99,Moderate,33.1,85,11.2,SE,0,1004.7,9.8,Severe,No
Motijheel,roadside,253,Very Unhealthy,19.9,79,7.3,NW,0,1013.6,4.7,High,Yes
Baridhara,background,141,Unhealthy for Sensitive Groups,29.6,72,1.3,W,0,1007.1,9.2,Low,Yes
Dhanmondi,roadside,133,Unhealthy for Sensitive Groups,28,68,5,SW,0,1009,9.4,Medium,No
Old Dhaka,roadside,238,Very Unhealthy,18.9,76,2,W,0,1014.8,5.6,Medium,No
Old Dhaka,roadside,308,Hazardous,17.8,72,2,NW,0,1014.7,2.3,Severe,No
Mohammadpur,residential,59,Moderate,30.6,71,9.6,SE,9.5,997.1,10.7,Medium,No
Baridhara,background,164,Unhealthy,31,100,7.4,W,0,1008.5,9.3,Severe,No
Motijheel,roadside,199,Unhealthy,27.6,80,5.3,E,0,1010.5,6.8,High,Yes
Motijheel,roadside,188,Unhealthy,28.7,57,2.6,W,0,1004.3,7.1,High,No
Motijheel,roadside,177,Unhealthy,27.8,71,3.1,W,0,1009.4,7.4,Medium,Yes
Uttara,residential,174,Unhealthy,24.8,73,6.5,NW,0,1014.8,8,Low,No
Mohammadpur,residential,80,Moderate,30.9,93,1.9,SW,3.3,1001.4,8.5,Medium,No
Motijheel,roadside,128,Unhealthy for Sensitive Groups,30.8,92,1.2,W,6.6,1004.4,9.3,Severe,Yes
Hazaribagh,industrial,500,Hazardous,17.8,68,3.5,W,0,1013.5,0.3,Severe,Yes
Tejgaon,industrial,31,Good,30.5,71,6.9,S,26.8,1003,10.7,Medium,No
Dhanmondi,roadside,160,Unhealthy,24.5,82,1.1,E,0,1011,7.6,High,No
Tejgaon,industrial,203,Very Unhealthy,20.4,57,6.7,W,0,1017.1,7.7,High,Yes
Gulshan,residential,163,Unhealthy,14.9,80,4.6,W,0,1016.1,7.2,Medium,No
Mirpur,residential,173,Unhealthy,17.7,64,1.9,N,0,1016.6,8.6,Medium,No
Old Dhaka,roadside,231,Very Unhealthy,16.7,75,5.3,W,0,1013.7,6.2,Medium,Yes
Hazaribagh,industrial,480,Hazardous,7.6,65,0.7,N,0,1013.6,1.9,Medium,Yes
Agargaon,roadside,92,Moderate,29.4,81,5.1,S,0,1001.8,10.4,Medium,Yes
Motijheel,roadside,500,Hazardous,15.9,64,3.8,NW,0,1016.6,1.2,High,No
Uttara,residential,134,Unhealthy for Sensitive Groups,29.6,91,6.9,S,0,1003,10.3,Medium,No
Hazaribagh,industrial,199,Unhealthy,27,73,5.9,E,0,1012.9,6.8,Medium,Yes
Mohammadpur,residential,154,Unhealthy,31.4,84,9,W,0,1008.9,8.4,High,No
Baridhara,background,41,Good,30.5,80,6.6,E,23.5,998.7,12,Severe,No
Agargaon,roadside,279,Very Unhealthy,20.2,68,1.3,W,0,1013.8,3.2,Severe,No
Old Dhaka,roadside,279,Very Unhealthy,20.7,70,2.3,N,0,1013.4,2.8,Medium,Yes
Old Dhaka,roadside,198,Unhealthy,22.1,71,22.9,NW,0,1012.6,6.2,Medium,No
Baridhara,background,155,Unhealthy,28.1,71,1.1,E,6.3,1010.5,9.1,Low,No
Hazaribagh,industrial,265,Very Unhealthy,27.7,84,18.1,N,0,1007.8,4.5,Severe,Yes
Mohammadpur,residential,157,Unhealthy,32.8,66,23.4,SE,0,1005.6,8.3,Medium,No
Tejgaon,industrial,167,Unhealthy,24.9,72,2,SE,0,1004.6,9,Low,Yes
Jatrabari,industrial,75,Moderate,33.8,85,13.1,SW,4.7,999.1,10.1,Medium,Yes
Motijheel,roadside,211,Very Unhealthy,24.6,75,6.6,NW,0,1011.9,6.1,Severe,No
Gulshan,residential,160,Unhealthy,27.5,75,11.4,S,0,1008.6,8.6,Medium,No
Baridhara,background,163,Unhealthy,14.1,64,2.4,SW,0,1016.3,9.6,Medium,No
Dhanmondi,roadside,158,Unhealthy,34,71,10.2,N,0,1006.3,9.3,Severe,No
Hazaribagh,industrial,163,Unhealthy,29.3,64,4.4,E,2.1,1007.3,8.5,Medium,No
Old Dhaka,roadside,330,Hazardous,20.9,82,1.9,N,0,1014.5,3,Severe,No
Dhanmondi,roadside,139,Unhealthy for Sensitive Groups,27.8,69,8.1,NE,0,1008.6,9,Medium,No
Old Dhaka,roadside,223,Very Unhealthy,32.6,67,8.8,N,0,1012.3,5.4,High,No
Old Dhaka,roadside,175,Unhealthy,14,65,7.7,NW,0,1016.3,7.2,Medium,No
Dhanmondi,roadside,75,Moderate,30.1,77,13.7,NE,21.1,1001.5,10.5,High,No
Dhanmondi,roadside,156,Unhealthy,25.7,77,3.9,NE,0,1006.9,9.6,High,No
Agargaon,roadside,161,Unhealthy,18.9,76,15.1,NW,0,1012.1,7.4,High,Yes
Tejgaon,industrial,289,Very Unhealthy,17.5,70,5.2,N,0,1013.2,5.2,Medium,Yes
Mirpur,residential,208,Very Unhealthy,23,72,1.8,SW,0,1016.8,5.1,Low,No
Old Dhaka,roadside,238,Very Unhealthy,17.5,69,9.4,NW,0,1013.6,5.5,High,No
Motijheel,roadside,177,Unhealthy,33.8,75,7.1,NE,0,1006.4,8.3,High,Yes
Tejgaon,industrial,216,Very Unhealthy,24.4,82,3.4,S,0,1012.5,5.4,Severe,No
Old Dhaka,roadside,88,Moderate,29.5,91,6.5,S,14.8,1002.6,10.1,Severe,No
Agargaon,roadside,159,Unhealthy,26.3,76,0.9,NE,0,1011,9.4,Medium,No
Baridhara,background,69,Moderate,32.2,63,20.3,SE,0,1006.4,9.2,Low,Yes
Mohammadpur,residential,109,Unhealthy for Sensitive Groups,30.7,90,10,E,0,1004,10.8,Severe,Yes
Gulshan,residential,81,Moderate,31.3,97,7.1,SW,0,1000.3,9.6,Low,No
Motijheel,roadside,274,Very Unhealthy,19.9,79,3.9,NW,0,1015.8,4.4,Medium,Yes
Dhanmondi,roadside,139,Unhealthy for Sensitive Groups,32.7,81,15.7,S,0,1006.3,8.9,Severe,No
Dhanmondi,roadside,122,Unhealthy for Sensitive Groups,28.4,86,18.9,S,0,1003.3,9.6,Severe,No
Old Dhaka,roadside,186,Unhealthy,30.7,77,2.3,SE,0,1003.5,7,Severe,No
Dhanmondi,roadside,163,Unhealthy,35,61,7.9,SW,0,1007.3,8.2,High,No
Mohammadpur,residential,152,Unhealthy,13.1,81,6.3,NW,0,1017.6,9.4,Low,No
Mohammadpur,residential,95,Moderate,28.2,63,11,SW,0,1012.7,9.5,Low,No
Baridhara,background,167,Unhealthy,21.4,82,8,W,0,1014.3,8.4,Severe,Yes
Mirpur,residential,86,Moderate,30.7,72,7.2,NE,0,1011.5,8.9,Low,No
Jatrabari,industrial,189,Unhealthy,28.8,93,5.2,W,0,1011.6,7.4,High,No
Mirpur,residential,172,Unhealthy,27.3,77,1.6,NW,0,1013.4,7.7,Medium,No
Baridhara,background,88,Moderate,30.8,91,7.5,SW,0,998.3,10.7,Severe,No
Old Dhaka,roadside,190,Unhealthy,16.4,89,4,NE,0,1017.7,4.6,High,No
Mirpur,residential,62,Moderate,29.3,82,2.2,SW,0,998.1,9.9,Low,Yes
Motijheel,roadside,110,Unhealthy for Sensitive Groups,27.6,82,19,S,0,1003.1,9.8,High,Yes
Old Dhaka,roadside,94,Moderate,32.7,79,7.1,S,28.8,1003.1,9.4,High,No
Motijheel,roadside,255,Very Unhealthy,20.6,62,7.8,W,0,1014.5,3.8,Low,No
Baridhara,background,169,Unhealthy,15.8,67,4.2,S,0,1016.4,7.5,Medium,Yes
Uttara,residential,126,Unhealthy for Sensitive Groups,31.7,64,3.2,E,0,1004,8.9,Medium,Yes
Agargaon,roadside,146,Unhealthy for Sensitive Groups,33.9,58,12.6,S,0,1005,7.9,High,No
Baridhara,background,59,Moderate,31.8,83,19.8,E,3.7,999.4,9.9,Low,Yes
Jatrabari,industrial,163,Unhealthy,24.7,82,10.8,W,0,1009.3,10.6,High,Yes
Gulshan,residential,78,Moderate,24.4,78,9.5,SE,0,1004.6,10.2,High,No
Mirpur,residential,80,Moderate,30.7,84,5.6,S,9.1,1005.1,10.2,High,No
Jatrabari,industrial,486,Hazardous,15.9,81,6,W,0,1014.8,1.8,High,Yes
Hazaribagh,industrial,177,Unhealthy,32.6,57,12.4,S,0,1007.5,8.6,Low,Yes
Agargaon,roadside,225,Very Unhealthy,33.4,83,5.8,S,0,1011.8,5.7,Severe,No
Jatrabari,industrial,188,Unhealthy,22.9,65,8,S,0,1014,6.7,High,No
Gulshan,residential,167,Unhealthy,25.1,72,4.3,NW,0,1013.3,8.1,Low,No
Agargaon,roadside,198,Unhealthy,34.1,78,0.9,N,0,1009.3,7.6,Severe,No
Old Dhaka,roadside,232,Very Unhealthy,25.1,83,2.2,W,0,1013.7,6.1,High,No
Gulshan,residential,79,Moderate,32.5,89,6.2,NE,0,999.6,8.5,High,Yes
Mirpur,residential,265,Very Unhealthy,24.1,64,5.4,E,0,1017.2,4.3,Medium,No
Agargaon,roadside,369,Hazardous,18.9,64,9.4,NE,0,1018.4,2.5,Medium,No
Baridhara,background,152,Unhealthy,14.5,65,6.2,W,0,1013.8,9,Medium,No
Jatrabari,industrial,113,Unhealthy for Sensitive Groups,34.5,100,1.5,SE,0,1001.9,11.8,High,Yes
Mirpur,residential,23,Good,30.1,82,11.1,S,44.8,1004.2,11.2,High,No
Baridhara,background,109,Unhealthy for Sensitive Groups,34.1,71,6,SW,0,1005.1,10.2,Medium,No
Baridhara,background,255,Very Unhealthy,17.1,62,1.4,NW,0,1017.3,3.6,High,No
Baridhara,background,88,Moderate,29.4,69,8.6,E,0,1014.6,8.8,Low,No
Old Dhaka,roadside,106,Unhealthy for Sensitive Groups,25.6,85,12.3,S,4.3,998.9,9,Severe,Yes
Agargaon,roadside,132,Unhealthy for Sensitive Groups,29.3,82,7.8,SE,15.7,998.6,8.3,High,Yes
Agargaon,roadside,115,Unhealthy for Sensitive Groups,29.8,83,8.9,W,0,998,9.7,High,Yes
Old Dhaka,roadside,195,Unhealthy,28.2,66,5.9,S,0,1009.7,6.2,Medium,No
Gulshan,residential,122,Unhealthy for Sensitive Groups,29.7,77,8.4,W,0,1007.9,8,Medium,No
Hazaribagh,industrial,184,Unhealthy,28.3,80,6.8,SE,0,1009.7,8.2,Severe,Yes
Tejgaon,industrial,131,Unhealthy for Sensitive Groups,31.2,78,0.8,SW,0,999.6,9.4,Low,No
Tejgaon,industrial,379,Hazardous,23.3,77,2.2,NW,0,1014,2.9,Medium,No
Old Dhaka,roadside,89,Moderate,34.2,57,3.6,S,0,1002.9,9.4,High,Yes
Jatrabari,industrial,177,Unhealthy,32.8,62,6,SW,0,1004.9,8,Medium,Yes
Hazaribagh,industrial,267,Very Unhealthy,17.4,55,4.3,NW,0,1015,4.4,Severe,Yes
Tejgaon,industrial,108,Unhealthy for Sensitive Groups,23.8,88,13.8,W,0,1012.6,10,Medium,No
Motijheel,roadside,170,Unhealthy,31.6,85,5.4,N,0.2,1018.7,7.6,High,Yes
Old Dhaka,roadside,265,Very Unhealthy,21.6,62,6.4,N,0,1015.9,3.9,High,Yes
Baridhara,background,118,Unhealthy for Sensitive Groups,26.9,80,4.9,N,0,1007,8.9,Low,Yes
Baridhara,background,149,Unhealthy for Sensitive Groups,27,78,8.5,SE,0,1008.7,8.3,Medium,No
Motijheel,roadside,178,Unhealthy,28.7,79,9.8,NW,0,1007.8,9.2,High,Yes
Uttara,residential,134,Unhealthy for Sensitive Groups,28.6,75,10.9,N,0,1012.2,7,Severe,No
Baridhara,background,73,Moderate,31.9,50,15.3,S,0,1006.8,9.2,Low,No
Old Dhaka,roadside,221,Very Unhealthy,26.1,61,2.1,W,0,1009.2,5.9,High,Yes
Hazaribagh,industrial,164,Unhealthy,31.1,91,3.8,S,0,1001.4,7.6,Severe,No
Tejgaon,industrial,360,Hazardous,13.5,87,3.9,W,0,1015.8,0.3,High,No
Dhanmondi,roadside,108,Unhealthy for Sensitive Groups,34.4,68,14.5,SE,0,1007.5,8.3,Low,No
Mohammadpur,residential,189,Unhealthy,31.5,63,9.2,SE,0,1007.3,5.4,High,No
Old Dhaka,roadside,68,Moderate,29.2,100,5.9,SE,25.6,1001.2,9.9,High,No
Tejgaon,industrial,500,Hazardous,22.5,73,1.8,W,0,1017.8,0.3,Severe,No
Uttara,residential,182,Unhealthy,20.2,60,8.3,N,0,1018.4,7.6,Medium,Yes
Tejgaon,industrial,119,Unhealthy for Sensitive Groups,32.4,84,14.4,S,0,1006.8,10.1,Severe,No
Dhanmondi,roadside,477,Hazardous,19.3,78,2.3,NE,0,1015.3,2,Severe,No
Old Dhaka,roadside,108,Unhealthy for Sensitive Groups,31.3,67,1.6,SE,20.7,1007.6,10.1,High,No
Agargaon,roadside,111,Unhealthy for Sensitive Groups,29.5,91,6.6,S,0,1002.7,8.9,High,Yes
Hazaribagh,industrial,55,Moderate,30.5,72,6.7,SE,28.9,1000,10.2,Medium,No
Motijheel,roadside,211,Very Unhealthy,24.9,59,12.4,W,0,1017.2,5.3,High,Yes
Dhanmondi,roadside,133,Unhealthy for Sensitive Groups,25.7,72,3.4,SE,0,1010.3,8.9,Medium,No
Mohammadpur,residential,138,Unhealthy for Sensitive Groups,31.2,83,3.7,SW,0,1003.5,8.5,Medium,No
Gulshan,residential,164,Unhealthy,28.8,71,4,NE,0,1004.1,8.5,Medium,No
Hazaribagh,industrial,104,Unhealthy for Sensitive Groups,26.3,90,2.6,S,0,1003.4,8.8,Low,Yes
Agargaon,roadside,130,Unhealthy for Sensitive Groups,30.4,100,6,S,0,1005.2,8.9,High,No
Agargaon,roadside,111,Unhealthy for Sensitive Groups,30.7,79,11.9,SE,2.3,1000.4,10.4,Severe,Yes
Baridhara,background,68,Moderate,29.8,82,12.3,SW,0,1000.9,11.1,Low,No
Baridhara,background,70,Moderate,27.3,79,2.7,SE,0,1000.9,10.7,High,No
Agargaon,roadside,185,Unhealthy,27.8,87,10.4,NE,0,1009.9,6.3,Severe,No
Tejgaon,industrial,59,Moderate,30.5,94,7,E,24.3,1005.4,12,High,No
Old Dhaka,roadside,217,Very Unhealthy,24.8,74,0.8,SW,0,1011.4,5.6,Medium,Yes
Mohammadpur,residential,44,Good,27.6,100,11,E,37.2,999.7,10.9,Medium,No
Mohammadpur,residential,132,Unhealthy for Sensitive Groups,26.4,72,10.8,NW,0,1009.1,8.9,Medium,No
Motijheel,roadside,241,Very Unhealthy,28.6,86,3.5,N,0,1006,5,High,No
Jatrabari,industrial,418,Hazardous,20.5,82,5,NW,0,1013.2,1.4,Low,Yes
Dhanmondi,roadside,197,Unhealthy,15.9,59,4.2,N,0,1012,7,High,No
Jatrabari,industrial,58,Moderate,30.2,90,7.4,SW,26.5,999.1,9.6,High,No
Gulshan,residential,110,Unhealthy for Sensitive Groups,33.2,46,6.3,E,0,1006.1,10.6,Medium,No
Dhanmondi,roadside,100,Moderate,27.9,92,7.9,SE,5.3,999.4,10,Severe,No
Agargaon,roadside,107,Unhealthy for Sensitive Groups,30.1,76,0.7,S,0,1001.7,10.9,High,No
Hazaribagh,industrial,167,Unhealthy,30.3,83,3.4,W,9.4,1012,7.7,Medium,No
Hazaribagh,industrial,234,Very Unhealthy,27.8,74,6.9,SE,0,1007.8,4.6,Severe,No
Baridhara,background,85,Moderate,32.1,94,10.1,NW,0,1002.6,10.8,Low,No
Agargaon,roadside,177,Unhealthy,24.7,77,0.5,W,0,1008.7,8.1,Medium,Yes
Hazaribagh,industrial,60,Moderate,29.6,85,13.9,SE,1.2,1000.8,11,Medium,No
Hazaribagh,industrial,247,Very Unhealthy,17.8,67,5,S,0,1018.2,4.8,High,No
Uttara,residential,55,Moderate,31.9,84,13.2,S,6.8,1007.3,9.7,Medium,Yes
Old Dhaka,roadside,72,Moderate,29.7,76,8.7,S,4.9,1004,9.5,Low,No
Hazaribagh,industrial,62,Moderate,25.8,83,16.3,NE,22.6,1002.1,11.1,High,Yes
Jatrabari,industrial,156,Unhealthy,29.8,83,9.1,SE,0,999.9,9.2,Severe,Yes
Gulshan,residential,162,Unhealthy,32.2,62,1.7,SE,0,1010.1,8.9,High,No
Jatrabari,industrial,231,Very Unhealthy,21.6,56,7.6,NE,0,1014.6,5.2,Severe,No
Mirpur,residential,198,Unhealthy,15.9,60,5.4,NE,0,1014.4,5.7,Medium,Yes
Mohammadpur,residential,169,Unhealthy,26.3,53,3.2,N,0,1013.9,7.7,High,No
Motijheel,roadside,180,Unhealthy,29.4,76,6,N,0,1003.3,7,Severe,No
Mohammadpur,residential,137,Unhealthy for Sensitive Groups,30.9,71,10.3,N,0,1006.8,10.5,Severe,No
Old Dhaka,roadside,243,Very Unhealthy,13.6,49,5.8,NW,0,1011.3,6,Severe,No
Gulshan,residential,170,Unhealthy,34.1,70,2.2,E,0,1008.4,7.6,High,No
Motijheel,roadside,118,Unhealthy for Sensitive Groups,29.6,84,17.3,E,0,1006,11.2,Severe,Yes
Motijheel,roadside,111,Unhealthy for Sensitive Groups,33.7,59,12.8,S,2.6,1008.2,9.9,Medium,No
Motijheel,roadside,244,Very Unhealthy,14.1,67,4.8,N,0,1019.9,5,Severe,No
Baridhara,background,93,Moderate,30.7,76,6,W,0,1007.5,9.6,Medium,Yes
Baridhara,background,171,Unhealthy,20.8,62,12,W,0,1018.6,8.8,Medium,No
Baridhara,background,98,Moderate,30.8,69,8.8,E,0,1003,9.3,Low,No
Mohammadpur,residential,179,Unhealthy,14.9,73,1.5,NE,0,1015.5,8.6,Medium,No
Motijheel,roadside,76,Moderate,25.7,78,16.7,SE,0.8,998.7,9.9,Medium,No
Dhanmondi,roadside,30,Good,32.7,93,4.8,SW,34.6,1003,11.2,High,No
Dhanmondi,roadside,216,Very Unhealthy,19.9,73,1.5,NE,0,1014.2,6.8,High,No
Baridhara,background,58,Moderate,32.1,83,8.1,SE,10.6,1001.5,9.9,Low,Yes
Gulshan,residential,158,Unhealthy,33.3,87,4.4,E,0,1006.5,9.1,Medium,No
Motijheel,roadside,75,Moderate,31.1,93,6.1,N,4.7,1004.6,11.2,Low,Yes
Jatrabari,industrial,181,Unhealthy,26.2,65,7,SE,0,1011.5,6.7,High,No
Baridhara,background,215,Very Unhealthy,20.7,67,0.3,W,0,1015.5,6.2,Severe,No
Agargaon,roadside,197,Unhealthy,30.6,98,5.7,NW,0,1011,8,High,Yes
Tejgaon,industrial,84,Moderate,30.1,77,14.4,SW,0,1003.8,10.4,Medium,Yes
Gulshan,residential,58,Moderate,33.4,86,2.2,W,29.3,1001.5,10.6,Medium,No
Dhanmondi,roadside,158,Unhealthy,27.3,78,0.6,SW,0,1004.2,9.4,High,No
Uttara,residential,140,Unhealthy for Sensitive Groups,27,73,13.1,S,0,1009.4,10.6,Medium,No
Uttara,residential,192,Unhealthy,22.5,76,5.1,SW,0,1013.9,7.6,Medium,Yes
Dhanmondi,roadside,136,Unhealthy for Sensitive Groups,25,84,7.6,NE,0,1011.7,10.6,Severe,No
Mohammadpur,residential,90,Moderate,33.7,85,4.8,S,0,1003.9,10,Medium,No
Jatrabari,industrial,195,Unhealthy,34.3,62,8.8,W,0,1004.3,7.8,Medium,Yes
Mirpur,residential,55,Moderate,32.9,88,16.8,SE,7.9,1000,10.1,Medium,Yes
Agargaon,roadside,231,Very Unhealthy,22.1,67,7.1,N,0,1011.4,7.1,High,No
Gulshan,residential,214,Very Unhealthy,15.8,66,1.8,NW,0,1014.1,6.3,Medium,Yes
Mirpur,residential,87,Moderate,27,97,13.6,SW,7,1004.6,10.2,High,No
Old Dhaka,roadside,83,Moderate,32.7,82,6.4,E,13.5,1001.9,11.3,Medium,No
Jatrabari,industrial,113,Unhealthy for Sensitive Groups,27.3,99,0.8,S,0.4,1005.5,9.7,Medium,No
Motijheel,roadside,155,Unhealthy,32.9,87,3.4,E,0,1002.8,8.7,High,No
Mirpur,residential,94,Moderate,31.2,84,2.8,SW,0,1000.6,9.5,Medium,Yes
Mirpur,residential,109,Unhealthy for Sensitive Groups,26.8,63,4.8,SE,0,1009.3,10,Low,No
Dhanmondi,roadside,208,Very Unhealthy,20.5,87,10,S,0,1019,3.9,Severe,Yes
Mohammadpur,residential,44,Good,30.8,85,11.4,SW,15.4,1004,10.5,Medium,No
Hazaribagh,industrial,116,Unhealthy for Sensitive Groups,29.6,67,4.1,SW,3.3,1001.5,10.4,Medium,No
Baridhara,background,172,Unhealthy,24,78,6.6,SE,0,1015.3,8.7,High,No
Gulshan,residential,170,Unhealthy,23.9,70,3.3,SW,0,1013.9,7.3,High,Yes
Hazaribagh,industrial,500,Hazardous,19.5,63,3.9,W,0,1008.7,0.3,Severe,No
Mirpur,residential,174,Unhealthy,16.9,77,6.1,NW,0,1015.2,6.4,High,No
Uttara,residential,87,Moderate,32.4,65,2.2,W,8.9,998.9,8.9,High,No
Mohammadpur,residential,208,Very Unhealthy,11.9,64,4.1,N,0,1014.1,8,High,No
Dhanmondi,roadside,101,Unhealthy for Sensitive Groups,30.8,83,5.8,SW,0,998.8,9.6,Severe,No
Motijheel,roadside,325,Hazardous,21.6,77,2.7,W,0,1014.5,5.3,Severe,Yes
Agargaon,roadside,205,Very Unhealthy,16.1,88,6.6,N,0,1012.5,2.7,Severe,No
Hazaribagh,industrial,182,Unhealthy,33.4,66,10.2,NE,0,1007.2,8.2,High,Yes
Baridhara,background,220,Very Unhealthy,18.9,74,2.2,N,0,1016.7,6.7,Medium,No
Hazaribagh,industrial,300,Very Unhealthy,25.6,100,1.7,NW,0,1011.8,1.7,High,No
Motijheel,roadside,196,Unhealthy,33.4,68,7.1,W,0,1003.3,6.8,Severe,No
Uttara,residential,165,Unhealthy,15.2,74,2.4,NW,0,1010.8,8.4,Low,No
Hazaribagh,industrial,274,Very Unhealthy,22,60,3.5,NW,0,1011.8,4.5,Medium,No
Mirpur,residential,165,Unhealthy,26,84,0.3,E,0,1009.6,7.9,Medium,No
Motijheel,roadside,120,Unhealthy for Sensitive Groups,30.5,79,5.7,SE,0,1007.5,9.8,Medium,No
Jatrabari,industrial,32,Good,30.1,87,5.1,S,51,1000.3,10.4,Severe,No
Gulshan,residential,98,Moderate,29.7,70,2.6,E,0,1004.4,9.1,Medium,No
Baridhara,background,76,Moderate,30.7,86,11,W,0,1005.5,10,Low,No
Mohammadpur,residential,167,Unhealthy,30.8,65,5.5,SE,0,1006,7.5,Severe,No
Agargaon,roadside,167,Unhealthy,29.6,80,5.4,SW,0,1010.8,9,High,No
Gulshan,residential,64,Moderate,31,99,10.6,SE,6.5,1002.4,10.4,Low,No
Motijheel,roadside,171,Unhealthy,20.6,88,6.9,NE,0,1013.3,4.2,Medium,No
Mohammadpur,residential,151,Unhealthy,30.5,84,1.8,SE,0,1000.1,9,Medium,No
Mirpur,residential,122,Unhealthy for Sensitive Groups,25.8,74,5.6,E,0,1010.8,9.5,Medium,No
Old Dhaka,roadside,152,Unhealthy,30.2,62,4,NW,0,1006,8.2,High,No
Jatrabari,industrial,231,Very Unhealthy,27.6,99,10.2,E,0,1006.5,6.2,Severe,No
Tejgaon,industrial,258,Very Unhealthy,26.6,79,14.9,NE,0,1008.8,4.5,High,No
Gulshan,residential,153,Unhealthy,22.9,79,10.3,S,0,1014.7,9.3,Medium,No
Mirpur,residential,97,Moderate,30.2,91,10.8,SW,0,1000.6,9.5,High,No
Mohammadpur,residential,178,Unhealthy,30.7,100,6.2,S,0,1003.2,7,High,No
Tejgaon,industrial,74,Moderate,27.5,83,11.5,S,3.6,1000.1,9.4,Severe,Yes
Tejgaon,industrial,154,Unhealthy,31.7,76,1.2,E,0,1006.5,9.5,Severe,No
Gulshan,residential,174,Unhealthy,25.5,93,3.1,N,0,1011.1,8.6,Medium,No
Tejgaon,industrial,81,Moderate,28.1,92,9.2,SW,0,1002.2,9.6,Low,No
Baridhara,background,85,Moderate,33,89,5.6,SE,0,1000.7,9.5,Low,No
Old Dhaka,roadside,297,Very Unhealthy,21.4,82,1.9,W,0,1014.3,2.8,Medium,No
Jatrabari,industrial,159,Unhealthy,33.4,72,10.1,NE,0,1002.3,9.3,Severe,No
Motijheel,roadside,152,Unhealthy,28.1,91,12.5,N,0,1011,9.4,Severe,Yes
Uttara,residential,59,Moderate,29.8,87,15.2,SW,0,1006.9,9.7,Low,Yes
Hazaribagh,industrial,224,Very Unhealthy,18,77,2.9,W,0,1017.2,7.3,Medium,Yes
Uttara,residential,110,Unhealthy for Sensitive Groups,28.9,82,13.9,W,0,1006.9,10,Low,No
Hazaribagh,industrial,273,Very Unhealthy,29.8,75,3.6,S,0,1011.7,4,Medium,No
Uttara,residential,74,Moderate,29.9,83,7.4,S,0,1003.1,10.8,Medium,No
Tejgaon,industrial,254,Very Unhealthy,26.3,67,9.2,NW,0,1018.8,4.6,Severe,No
Mirpur,residential,163,Unhealthy,29.6,87,0.7,SW,0,1000,7.4,High,No
Mirpur,residential,234,Very Unhealthy,14.1,66,5.1,E,0,1020.7,4.7,Medium,Yes
Old Dhaka,roadside,174,Unhealthy,26.7,71,3.6,S,0,1007.3,8,Medium,No
Old Dhaka,roadside,61,Moderate,27,88,5.1,SE,26.8,999.9,10.6,Medium,No
Mirpur,residential,98,Moderate,26,80,9.9,N,0,1006.9,9.6,Medium,No
Hazaribagh,industrial,170,Unhealthy,30.4,70,5.1,SW,0,1006.7,8.9,Medium,No
Baridhara,background,208,Very Unhealthy,28.7,73,4.8,E,0,1011.5,5.3,Severe,No
Baridhara,background,93,Moderate,26.9,76,5,NE,0,1008.1,9.8,Low,Yes
Baridhara,background,175,Unhealthy,22,57,7.5,W,0,1016.6,7.5,Low,No
Mohammadpur,residential,186,Unhealthy,19.2,69,8.8,N,0,1016.3,8.2,Severe,No
Gulshan,residential,84,Moderate,30,77,8.1,S,0,1002,9.6,Low,No
Mohammadpur,residential,70,Moderate,29,86,5,W,22.9,999.9,10.9,Medium,No
Gulshan,residential,89,Moderate,34.6,62,8.5,W,13.6,1007,11.1,High,No
Uttara,residential,89,Moderate,27.2,69,4.8,SE,0,1006.6,10.1,Severe,No
Dhanmondi,roadside,107,Unhealthy for Sensitive Groups,30.5,100,18.9,SW,0,999.7,10.3,Severe,Yes
Old Dhaka,roadside,124,Unhealthy for Sensitive Groups,29.7,83,6.2,SE,10.2,997.6,10.1,Severe,No
Jatrabari,industrial,53,Moderate,31.4,97,14,E,43.5,1001.1,11.3,High,No
Dhanmondi,roadside,199,Unhealthy,18.9,66,10.2,NW,0,1013,5.9,High,No
Baridhara,background,156,Unhealthy,19,84,5.9,W,0,1010.4,8.9,High,No
Jatrabari,industrial,265,Very Unhealthy,18.1,61,6.4,W,0,1016,3.5,Severe,No
Old Dhaka,roadside,136,Unhealthy for Sensitive Groups,30.5,79,6.9,E,0,1007.7,10.1,Low,No
Jatrabari,industrial,209,Very Unhealthy,27,69,7.8,SW,0,1007.4,5,Severe,No
Agargaon,roadside,84,Moderate,33.5,100,2.5,SW,0,1004.1,10.5,Medium,No
Jatrabari,industrial,189,Unhealthy,20,68,17.7,N,0,1018.5,7.1,Severe,Yes
Hazaribagh,industrial,135,Unhealthy for Sensitive Groups,30,92,7.6,S,0,1008.5,9,Severe,Yes
Dhanmondi,roadside,235,Very Unhealthy,18.5,74,11.6,N,0,1011.1,4,Medium,No
Dhanmondi,roadside,143,Unhealthy for Sensitive Groups,32.4,68,8.5,SW,1,1008,9.1,Severe,No
Baridhara,background,145,Unhealthy for Sensitive Groups,16.9,74,5.8,N,0,1011.5,8,Low,Yes
Gulshan,residential,154,Unhealthy,27.4,89,3.3,N,0,1011.2,8.6,High,Yes
Old Dhaka,roadside,318,Hazardous,19,75,3.4,NE,0,1014.6,3.7,High,Yes
Old Dhaka,roadside,108,Unhealthy for Sensitive Groups,30.6,86,1,SE,0,996.6,9.7,High,Yes
Jatrabari,industrial,136,Unhealthy for Sensitive Groups,27.9,82,16.8,SW,0,1012.3,9,High,No
Gulshan,residential,61,Moderate,30.7,100,14.3,SW,0,1002,9.5,Medium,No
Mohammadpur,residential,213,Very Unhealthy,19.3,67,3,S,0,1016.5,6,Medium,No
Gulshan,residential,109,Unhealthy for Sensitive Groups,30.9,63,5.6,N,0,1007.8,10.9,High,Yes
Agargaon,roadside,149,Unhealthy for Sensitive Groups,30.8,76,10.2,N,0,1007.3,8.5,Severe,No
Baridhara,background,138,Unhealthy for Sensitive Groups,37.5,60,3,N,0,1007.7,9.2,Low,No
Mirpur,residential,71,Moderate,30.1,78,3.9,S,20,1002.8,11,Medium,No
Tejgaon,industrial,209,Very Unhealthy,29.4,71,5,N,0,1014.5,6.6,Severe,Yes
Agargaon,roadside,155,Unhealthy,29.2,68,18.6,SW,0,1007,8.7,High,No
Agargaon,roadside,78,Moderate,32.5,87,4.1,NE,0,999.8,8.6,Low,Yes
Mirpur,residential,138,Unhealthy for Sensitive Groups,29.2,70,11.5,SW,0,1009.7,8.7,High,No
Baridhara,background,114,Unhealthy for Sensitive Groups,20.6,64,15.1,S,0,1014.6,9.6,Low,No
Mirpur,residential,59,Moderate,29.5,93,14.4,W,0,1004.4,10.5,Medium,Yes
Baridhara,background,193,Unhealthy,20.6,74,1.8,N,1.1,1014.7,7.3,Low,Yes
Tejgaon,industrial,149,Unhealthy for Sensitive Groups,30.4,81,5.3,W,0,1012.4,7.5,Medium,Yes
Baridhara,background,100,Moderate,29,75,7.2,E,0,1006.9,8.5,Medium,Yes
Uttara,residential,183,Unhealthy,18,67,2.6,S,0,1013.4,7.7,Medium,No
Tejgaon,industrial,159,Unhealthy,34.9,78,14.3,S,0,1007.8,7.5,Medium,No
Uttara,residential,83,Moderate,30.8,87,2.2,SW,0,1000.8,9.2,Medium,No
Gulshan,residential,152,Unhealthy,27.8,74,4.6,SE,0,1004.8,8.7,Severe,No
Uttara,residential,214,Very Unhealthy,22.8,76,6.3,SW,0,1018.3,6.1,Medium,Yes
Mirpur,residential,414,Hazardous,24.8,77,5.3,W,0,1007.8,2.2,Severe,No
Mohammadpur,residential,251,Very Unhealthy,28.9,79,2.8,SW,2.3,1013.5,7.1,Severe,No
Agargaon,roadside,160,Unhealthy,32.4,67,20,S,0,1011,8.9,Severe,Yes
Jatrabari,industrial,143,Unhealthy for Sensitive Groups,32.5,61,3.2,NE,0,1006.1,9.1,Medium,No
Mirpur,residential,159,Unhealthy,25.5,53,8.4,N,0,1015.6,8.4,High,No
Uttara,residential,193,Unhealthy,16.1,64,7.1,N,0,1012.9,7.9,Low,No
Dhanmondi,roadside,158,Unhealthy,32.5,70,11.4,N,0,1009.8,7.4,High,No
Motijheel,roadside,182,Unhealthy,30.1,87,1.3,N,0,1007.7,6.9,Medium,Yes
Old Dhaka,roadside,149,Unhealthy for Sensitive Groups,28.8,91,6.5,S,0,1004.4,8.7,Severe,No
Jatrabari,industrial,161,Unhealthy,29.1,66,9.1,SE,0,1007,8.5,High,No
Dhanmondi,roadside,161,Unhealthy,26.3,73,7.1,N,0,1008.8,8.5,Medium,Yes
Gulshan,residential,169,Unhealthy,31.8,67,6.6,S,0,1005.2,7.9,Severe,No
Uttara,residential,265,Very Unhealthy,14.1,62,7.5,W,0,1016.2,4.4,High,No
Mirpur,residential,185,Unhealthy,32.4,51,6.9,S,0,1004,7.9,Medium,Yes
Uttara,residential,219,Very Unhealthy,14.1,58,2.5,NW,0,1016.3,4.8,Medium,No
Agargaon,roadside,177,Unhealthy,30.2,89,2.8,W,0,1011.4,8.5,Severe,No
Baridhara,background,97,Moderate,32.3,83,10.4,SE,0,1006,8.4,Low,No
Jatrabari,industrial,151,Unhealthy,33.4,91,3.8,S,0,1003.2,8.1,Low,No
Tejgaon,industrial,197,Unhealthy,32.7,68,12.2,S,0,1004.9,6.7,Medium,Yes
Tejgaon,industrial,243,Very Unhealthy,26.2,67,2.9,N,0,1010.2,4.7,High,No
Mohammadpur,residential,78,Moderate,28.6,84,2.6,SW,0,1001,10.5,Low,No
Jatrabari,industrial,160,Unhealthy,31.6,73,24.2,S,7.6,1003.8,9.6,Medium,No
Uttara,residential,168,Unhealthy,18.9,77,11.4,N,0,1014.1,6.9,High,No
Mirpur,residential,199,Unhealthy,30,84,5.8,W,0,1007,6.3,Severe,No
Mohammadpur,residential,113,Unhealthy for Sensitive Groups,28.3,95,4.7,S,0,1000.5,7.7,Low,Yes
Dhanmondi,roadside,249,Very Unhealthy,26.1,86,8,S,0,1010.6,2.4,High,No
Tejgaon,industrial,122,Unhealthy for Sensitive Groups,30.2,75,19.3,SW,0,1008.4,9.7,Low,No
Old Dhaka,roadside,219,Very Unhealthy,18.3,92,3.7,N,0,1012.6,3,Severe,No
Motijheel,roadside,153,Unhealthy,35.5,52,23.5,SE,0,1008,9.3,High,No
Baridhara,background,59,Moderate,28.6,79,4.7,SE,14.8,999.5,10.8,Low,No
Baridhara,background,104,Unhealthy for Sensitive Groups,31.5,70,2.1,N,0,1003.8,9.3,Medium,Yes
Jatrabari,industrial,122,Unhealthy for Sensitive Groups,27.8,72,7.9,S,0,1006,9.8,Medium,No
Gulshan,residential,281,Very Unhealthy,25.5,69,1.1,N,0,1019.7,2.9,High,No
Tejgaon,industrial,166,Unhealthy,13.2,66,7.7,N,0,1010.8,8,Low,No
Tejgaon,industrial,253,Very Unhealthy,14,88,1.8,E,0,1016.7,3.6,Medium,Yes
Jatrabari,industrial,297,Very Unhealthy,16.8,66,7,SW,0,1015.8,4.4,High,No
Old Dhaka,roadside,154,Unhealthy,30.3,70,9.6,W,0,1016.2,8.9,Medium,No
Mohammadpur,residential,72,Moderate,31.7,99,19.9,E,0,1002.7,10.5,Medium,No
Baridhara,background,186,Unhealthy,31.3,75,2.2,N,0,1007.1,7,Severe,No
Dhanmondi,roadside,127,Unhealthy for Sensitive Groups,33.5,77,4.6,S,0,1007,9.4,High,No
Dhanmondi,roadside,110,Unhealthy for Sensitive Groups,29.8,87,5.3,SW,9.8,1001.9,9.1,High,No
Gulshan,residential,168,Unhealthy,20.5,59,7.3,SW,0,1016.7,8.6,Low,No
Motijheel,roadside,222,Very Unhealthy,24.8,71,4.5,S,0,1013.6,6.5,Severe,Yes
Gulshan,residential,46,Good,29.6,73,3,S,42.8,1009.5,10.3,High,No
Motijheel,roadside,168,Unhealthy,29.1,70,5.1,E,0,1009.1,8.2,High,No
Jatrabari,industrial,104,Unhealthy for Sensitive Groups,30.8,90,8.1,SE,2.4,1001.5,9.1,Medium,No
Hazaribagh,industrial,248,Very Unhealthy,28.9,87,3.9,SE,0,1010.3,5.8,Severe,Yes
Mirpur,residential,165,Unhealthy,27.3,77,14.1,S,0,1010.9,9.2,High,No
Jatrabari,industrial,206,Very Unhealthy,22.5,76,6.5,E,0,1014.8,7,Medium,No
Mirpur,residential,238,Very Unhealthy,18.3,63,2.2,SE,0,1016.6,6.3,Medium,No
Dhanmondi,roadside,452,Hazardous,19.4,78,4.8,N,0,1015.7,2.2,High,No
Gulshan,residential,58,Moderate,30.7,90,10.5,S,0,1005.6,11.2,Low,Yes
Mirpur,residential,157,Unhealthy,27.7,72,6.6,N,0,1008.6,10.4,Severe,No
Gulshan,residential,92,Moderate,31,82,3.8,NW,5.1,1010.9,10.2,Medium,No
Uttara,residential,318,Hazardous,20.3,79,4.3,NE,0,1012.5,1.4,Severe,No
Jatrabari,industrial,177,Unhealthy,26.2,79,5.1,E,0,1009.8,7.9,Medium,No
Uttara,residential,71,Moderate,31,78,13.3,S,0,1000.7,10.7,Medium,No
Dhanmondi,roadside,169,Unhealthy,29.5,79,8.3,NE,0,1012.9,7,Medium,No
Old Dhaka,roadside,154,Unhealthy,31.4,89,1.9,S,0,1000.4,10.5,Medium,No
Hazaribagh,industrial,210,Very Unhealthy,21.5,63,12.7,N,0,1018.5,6.8,Medium,Yes
Agargaon,roadside,222,Very Unhealthy,13.8,62,15.2,W,0,1018.6,5.7,Medium,No
Mirpur,residential,159,Unhealthy,20.8,82,4,N,0,1012.8,9.3,Medium,No
Hazaribagh,industrial,137,Unhealthy for Sensitive Groups,34.2,75,10.8,SE,0,1004.1,9.4,Medium,Yes
Motijheel,roadside,176,Unhealthy,32.1,85,34.2,NE,0,1010.6,8.2,Medium,Yes
Gulshan,residential,130,Unhealthy for Sensitive Groups,30.9,73,7.7,S,0,1005.9,10,Medium,No
Mohammadpur,residential,85,Moderate,32.7,58,8.9,NE,0,1006.2,10.6,Low,No
Hazaribagh,industrial,94,Moderate,31.8,94,8.7,SE,0,1012.3,10.7,Medium,No
Dhanmondi,roadside,162,Unhealthy,23.9,78,11.6,S,0,1012.8,9,High,Yes
Gulshan,residential,194,Unhealthy,22.4,54,1,N,0,1018.1,7.1,Severe,No
Agargaon,roadside,108,Unhealthy for Sensitive Groups,28.4,77,6.8,W,0,1004,9.1,High,No
Hazaribagh,industrial,107,Unhealthy for Sensitive Groups,28.6,81,16,N,4,1009.4,10,Severe,No
Hazaribagh,industrial,184,Unhealthy,10.6,77,8.3,N,0,1015.7,7,High,No
Hazaribagh,industrial,345,Hazardous,21.2,51,6.5,W,0,1014.7,4.5,Severe,Yes
Agargaon,roadside,210,Very Unhealthy,22.9,69,5.8,NW,0,1020,6.7,Severe,Yes
Mohammadpur,residential,187,Unhealthy,23.2,76,11.2,NE,0,1010.3,7,Medium,No
Gulshan,residential,214,Very Unhealthy,21.4,47,7.6,W,0,1015.6,5.5,High,No
Motijheel,roadside,364,Hazardous,18.5,76,14.5,N,0,1014.7,4.9,High,Yes
Gulshan,residential,98,Moderate,29,92,6.2,S,0,1005.1,10.5,Low,No
Mohammadpur,residential,83,Moderate,24.9,71,0.7,N,13,1018.8,9.1,Low,No
Motijheel,roadside,164,Unhealthy,26.6,69,11.1,S,0,1009.3,8.2,Medium,No
Hazaribagh,industrial,176,Unhealthy,28.6,61,6.3,SE,0,1009.9,7.4,High,No
Baridhara,background,52,Moderate,35.4,47,8.1,S,33.7,1010.5,9.7,Low,No
Baridhara,background,137,Unhealthy for Sensitive Groups,23.7,75,6.6,W,0,1014.3,8.8,High,No
Old Dhaka,roadside,160,Unhealthy,29.6,87,4.7,SE,0,1002.6,8.3,Medium,No
Uttara,residential,88,Moderate,26.5,75,2.3,SE,7.5,1003.8,9.5,Medium,No
Tejgaon,industrial,206,Very Unhealthy,20,78,9.9,NE,0,1012.6,5.9,Medium,No
Old Dhaka,roadside,182,Unhealthy,31,69,0.3,NW,0,1011.4,8,Medium,Yes
Tejgaon,industrial,80,Moderate,29.4,87,25.4,SW,0,999.3,9.3,Severe,Yes
Dhanmondi,roadside,79,Moderate,28.3,82,7.4,SE,17.5,999.6,10.4,High,No
Jatrabari,industrial,214,Very Unhealthy,19,76,0.6,N,0,1014.3,6.8,Low,No
Dhanmondi,roadside,143,Unhealthy for Sensitive Groups,25.6,88,11.7,N,0,1009.6,9.3,High,Yes
Old Dhaka,roadside,96,Moderate,29.8,82,1.3,SE,0,1003.1,9.9,High,Yes
Mohammadpur,residential,156,Unhealthy,33.5,91,4.6,SE,5.6,1001.2,8.2,Severe,No
Uttara,residential,162,Unhealthy,19.6,76,15.5,SW,0,1012.8,8.9,High,No
Tejgaon,industrial,122,Unhealthy for Sensitive Groups,31,88,10,SW,8.5,999.2,8.1,Severe,No
Uttara,residential,93,Moderate,29.2,98,9,S,0,1005,10.3,High,No
Hazaribagh,industrial,309,Hazardous,16.3,64,7.1,N,0,1016.3,3.2,Medium,Yes
Motijheel,roadside,73,Moderate,30,82,3.4,SE,7.3,998.7,9.9,High,No
Dhanmondi,roadside,138,Unhealthy for Sensitive Groups,34.5,79,10.2,S,0,1003.6,8.5,High,No
Mohammadpur,residential,196,Unhealthy,26.3,84,7.2,SE,0,1010.2,5.8,High,No
Motijheel,roadside,198,Unhealthy,20.3,68,4.7,S,0,1011.1,8.4,High,Yes
Baridhara,background,153,Unhealthy,24.9,72,13.8,SE,0,1007.9,8,Severe,Yes
Baridhara,background,72,Moderate,24.1,81,13.8,S,0,1009.5,9.6,Low,No
Mohammadpur,residential,191,Unhealthy,16.2,84,2,NW,0,1018.4,6.4,Medium,No
Baridhara,background,138,Unhealthy for Sensitive Groups,27.3,67,3.9,N,0,1016.8,9.7,Low,Yes
Jatrabari,industrial,350,Hazardous,21.1,59,3.3,W,0,1013.2,3,High,No
Mirpur,residential,204,Very Unhealthy,24.7,85,2.5,N,0,1016.3,6.5,High,No
Jatrabari,industrial,167,Unhealthy,30.1,72,18.1,E,0,1008.2,8.3,Severe,No
Dhanmondi,roadside,92,Moderate,25.8,88,5.3,S,0,995.7,9.5,Severe,No
Tejgaon,industrial,253,Very Unhealthy,15.1,71,9.1,SW,0,1016.5,6.1,Medium,No
Mirpur,residential,152,Unhealthy,28,72,8.1,N,0,1011.5,10.6,Medium,No
Dhanmondi,roadside,240,Very Unhealthy,19.8,67,1.9,NW,0,1020.9,6.8,High,Yes
Jatrabari,industrial,73,Moderate,30,90,16.3,NW,0,1007,9.7,Low,No
Baridhara,background,76,Moderate,25.7,74,5.4,SE,0,1010.8,9.8,Low,No
Mirpur,residential,73,Moderate,29.3,81,4.1,SW,29.5,1012.1,9.7,High,No
Tejgaon,industrial,128,Unhealthy for Sensitive Groups,29.1,85,2,SE,0,1002.3,9.5,High,No
Mirpur,residential,80,Moderate,30.6,77,3.7,W,5.9,1000.8,10.4,Medium,No
Baridhara,background,218,Very Unhealthy,19.7,83,2.2,N,0,1011.6,4.8,Medium,No
Mohammadpur,residential,289,Very Unhealthy,17.7,75,1.1,SE,0,1013.3,3.4,Medium,No
Tejgaon,industrial,181,Unhealthy,28.8,71,11,S,0,1005.9,8.2,High,No
Motijheel,roadside,468,Hazardous,17.5,74,2.3,SE,0,1018,1.3,Medium,Yes
Old Dhaka,roadside,163,Unhealthy,35.7,54,8.6,SE,0,1007.5,7.9,High,No
Agargaon,roadside,252,Very Unhealthy,22.9,66,11,NW,0,1013.6,4.2,Severe,No
Uttara,residential,141,Unhealthy for Sensitive Groups,29.6,66,9,SW,0,1009.2,9.2,Low,Yes
Dhanmondi,roadside,178,Unhealthy,25,79,6.7,N,0,1012.1,7.4,High,Yes
Uttara,residential,103,Unhealthy for Sensitive Groups,23.4,81,0.7,W,5.1,1010.2,10.6,Low,Yes
Uttara,residential,68,Moderate,32,86,1.6,S,11.1,999.4,11.1,Low,No
Gulshan,residential,167,Unhealthy,22.2,79,3.2,N,0,1012.7,9.4,Low,No
Motijheel,roadside,180,Unhealthy,19.5,58,6.6,NE,0,1019.4,6.8,Medium,Yes
Agargaon,roadside,112,Unhealthy for Sensitive Groups,29.3,79,3.1,N,10.4,1001.7,9,Severe,No
Jatrabari,industrial,81,Moderate,27.4,88,3,S,0,1004.8,10.1,Medium,Yes
Motijheel,roadside,171,Unhealthy,33.2,70,16.3,E,0,1002.6,6.5,Medium,No
Jatrabari,industrial,189,Unhealthy,34,57,6.5,S,0,1010,7.7,Severe,Yes
Gulshan,residential,115,Unhealthy for Sensitive Groups,29.3,78,1.8,N,0,1008.9,9.8,Medium,No
Agargaon,roadside,206,Very Unhealthy,16.3,82,6.7,N,0,1017.2,7.6,High,No
Agargaon,roadside,183,Unhealthy,34.1,71,2.6,SE,0,1003,8.2,Severe,Yes
Mirpur,residential,166,Unhealthy,29.4,56,10.1,SE,0,1007.1,8.8,Medium,No
Mohammadpur,residential,105,Unhealthy for Sensitive Groups,33.2,86,5.2,SE,7.1,1000,9.7,Medium,No
Jatrabari,industrial,172,Unhealthy,26.7,81,5.7,SW,4.3,1008.1,8.5,High,No
Mohammadpur,residential,70,Moderate,29.3,83,3,SW,14.5,997.3,11.9,Medium,No
Agargaon,roadside,158,Unhealthy,30.1,96,4.9,SE,0,999.3,8.9,Medium,No
Hazaribagh,industrial,160,Unhealthy,26,77,3.4,NE,0,1008.1,8.2,High,Yes
Mohammadpur,residential,166,Unhealthy,22.9,87,2.4,W,0,1017,5.2,Medium,No
Uttara,residential,75,Moderate,31.6,91,5.1,E,15.6,1000.5,11.1,Low,No
Dhanmondi,roadside,171,Unhealthy,33.7,70,1.1,NE,0,1006.6,8.7,High,No
Gulshan,residential,77,Moderate,30.3,92,11.1,S,0,1005,10.8,Low,Yes
Mohammadpur,residential,270,Very Unhealthy,17.4,82,7.7,SW,0,1015.2,4.4,High,No
Motijheel,roadside,78,Moderate,27,85,4.1,NE,26.9,1009.2,10.4,Severe,No
Mohammadpur,residential,187,Unhealthy,25.9,77,4.2,E,0,1011.5,8.3,Medium,No
Gulshan,residential,209,Very Unhealthy,24.1,65,3.6,SW,0,1013,6.1,Medium,No
Baridhara,background,153,Unhealthy,22.5,61,8,N,0,1010.6,8.5,Severe,No
Old Dhaka,roadside,250,Very Unhealthy,18.7,50,3,E,0,1015.9,4.5,Severe,No
Uttara,residential,80,Moderate,28.3,86,12.9,SE,0,1003.6,10.5,High,Yes
Gulshan,residential,102,Unhealthy for Sensitive Groups,32.8,82,2.1,S,0,1001.5,9,Medium,No
Agargaon,roadside,161,Unhealthy,19.5,67,9.3,NW,0,1014.7,8.6,Low,Yes
Mirpur,residential,193,Unhealthy,26.7,86,0.5,W,0,1009.9,6.4,High,Yes
Dhanmondi,roadside,177,Unhealthy,34.9,67,5.3,S,0,1010.9,8,Severe,Yes
Gulshan,residential,85,Moderate,29.7,83,12.5,SW,0,1007.7,8.6,Low,Yes
Mirpur,residential,96,Moderate,30.2,63,13.8,SE,0,1006.7,9.5,Low,No
Mohammadpur,residential,85,Moderate,29.6,77,2.2,SE,14.2,1004.4,10.5,High,No
Tejgaon,industrial,158,Unhealthy,27.7,58,10.5,SE,0,1009.6,9.7,High,No
Gulshan,residential,172,Unhealthy,20.1,76,6.3,W,0,1016.1,8.3,Medium,No
Uttara,residential,102,Unhealthy for Sensitive Groups,29.1,77,10.9,SE,0,1009.4,8.6,Low,No
Mirpur,residential,86,Moderate,25.6,73,22.3,E,0,1012.4,9.3,Medium,Yes
Motijheel,roadside,71,Moderate,28.7,76,30.6,SE,4.1,1002.1,10.7,Medium,No
Agargaon,roadside,159,Unhealthy,25.5,90,11.8,W,0,1013.5,8.8,High,No
Gulshan,residential,66,Moderate,28.5,73,3.2,S,18.2,999.7,11.4,High,No
Baridhara,background,82,Moderate,30.4,93,4.6,S,5.5,999.6,11.6,High,No
Dhanmondi,roadside,196,Unhealthy,18.5,65,5.4,NW,0,1016.2,7.1,Severe,No
Dhanmondi,roadside,144,Unhealthy for Sensitive Groups,30.1,88,4.8,NW,0,1000.3,8.5,High,No
Gulshan,residential,199,Unhealthy,27.2,79,2.3,W,0,1017.1,7.7,Severe,No
Uttara,residential,175,Unhealthy,18.5,74,9.1,SW,0,1015.6,6.9,Medium,No
Tejgaon,industrial,170,Unhealthy,21.1,68,1.5,NW,0,1020.2,7.7,Low,No
Dhanmondi,roadside,207,Very Unhealthy,21.5,81,0.5,SW,0,1012.5,6.5,Severe,Yes
Dhanmondi,roadside,186,Unhealthy,26.8,80,8.3,SW,0,1013.3,7.3,High,Yes
Baridhara,background,92,Moderate,27.7,100,8.1,W,0,1009.8,10.2,Medium,No
Hazaribagh,industrial,85,Moderate,30,71,1.6,S,2,1002.7,10.3,Low,No
Motijheel,roadside,240,Very Unhealthy,19.7,56,1.2,W,0,1016.8,5.1,Medium,Yes
Mohammadpur,residential,172,Unhealthy,25.5,86,4.9,N,0,1012,7.6,Medium,No
Gulshan,residential,83,Moderate,29.1,85,7.9,S,0,1003.3,9.2,High,No
Jatrabari,industrial,141,Unhealthy for Sensitive Groups,31,74,5.5,S,0,1008.1,10.7,High,No
Agargaon,roadside,64,Moderate,26.5,76,4.1,SW,5.2,1001.4,10,Low,No
Uttara,residential,97,Moderate,32.7,85,6,N,1.5,1004.1,9.3,Low,No
Hazaribagh,industrial,383,Hazardous,26.6,74,7.3,N,0,1017.3,1.6,Severe,No
Old Dhaka,roadside,89,Moderate,30.3,81,1.7,W,0,1001.2,8.9,High,No
Mirpur,residential,71,Moderate,31.2,87,7,SE,8.1,1000,10.8,Medium,No
Jatrabari,industrial,500,Hazardous,22.8,59,2.3,N,0,1015.7,0.3,High,Yes
Mirpur,residential,104,Unhealthy for Sensitive Groups,27.7,71,29.2,SW,5.5,1007.5,9.7,Medium,No
Uttara,residential,66,Moderate,31.7,97,7.3,SW,0,998,10.8,Low,Yes
Mirpur,residential,59,Moderate,29.2,75,17,S,0,1002.6,10.4,Medium,No
Mohammadpur,residential,162,Unhealthy,32.7,68,7.6,SE,0,1009,8.3,Severe,No
Motijheel,roadside,175,Unhealthy,26.5,88,16.5,NE,0,1006.2,7.3,High,No
Dhanmondi,roadside,163,Unhealthy,31.6,74,6.1,SW,0.8,1003,7.4,High,No
Mirpur,residential,141,Unhealthy for Sensitive Groups,29.7,92,6.7,SE,0,999,8.6,High,Yes
Gulshan,residential,91,Moderate,34,85,5.4,SW,0,1005.2,10.7,Medium,Yes
Agargaon,roadside,115,Unhealthy for Sensitive Groups,29.1,82,3.6,W,0,1004,9.7,High,Yes
Hazaribagh,industrial,220,Very Unhealthy,23.1,82,1.3,S,0,1015.6,5.1,High,No
Jatrabari,industrial,126,Unhealthy for Sensitive Groups,31.1,92,7.9,SE,0,1005.5,9,Severe,No
Mirpur,residential,58,Moderate,30.7,87,12.3,S,4.6,1004.4,10.3,High,No
Jatrabari,industrial,143,Unhealthy for Sensitive Groups,30.4,68,5.8,SE,5,999.8,9.6,High,No
Old Dhaka,roadside,192,Unhealthy,25.3,84,3.4,N,0,1013.5,7.2,High,Yes
Tejgaon,industrial,92,Moderate,25.3,76,16.7,S,0,1000.3,8.9,High,No
Mirpur,residential,118,Unhealthy for Sensitive Groups,33.7,66,2.8,NE,0,1009.3,9.9,Medium,No
Hazaribagh,industrial,259,Very Unhealthy,17.3,70,4.7,E,0,1014,4.6,Medium,No
Mohammadpur,residential,170,Unhealthy,23.1,85,7.8,NE,0,1011.8,6.1,Low,Yes
Uttara,residential,161,Unhealthy,31.9,66,3.5,N,0,1008.1,10,Medium,Yes
Gulshan,residential,111,Unhealthy for Sensitive Groups,34,57,7.3,SW,2.3,1005.8,9.5,Low,No
Dhanmondi,roadside,254,Very Unhealthy,21.8,82,9.1,E,0,1017.7,6.1,High,No
Uttara,residential,146,Unhealthy for Sensitive Groups,10.4,76,2.2,W,0,1018.3,9.7,Medium,No
Baridhara,background,178,Unhealthy,21.2,76,7.2,W,0,1010.7,6.3,High,Yes
Mohammadpur,residential,154,Unhealthy,29.4,97,1.3,W,0,1002,10.7,Severe,Yes
Hazaribagh,industrial,110,Unhealthy for Sensitive Groups,32.1,99,5.7,S,8.3,1003.6,9.9,High,Yes
Mirpur,residential,139,Unhealthy for Sensitive Groups,32.5,61,15.6,SE,0,1007.3,9.2,High,No
Tejgaon,industrial,321,Hazardous,21.1,59,7.4,N,0,1015.4,1.9,High,No
Agargaon,roadside,172,Unhealthy,18,77,10.6,NW,0,1015.7,8.9,High,Yes
Jatrabari,industrial,230,Very Unhealthy,15.8,68,0.4,W,0,1011,5.7,Severe,No
Hazaribagh,industrial,173,Unhealthy,29.9,67,6.5,S,0,1011,8.7,Medium,Yes
Gulshan,residential,235,Very Unhealthy,12.7,61,2.4,NE,0,1016.7,4.8,High,Yes
Jatrabari,industrial,185,Unhealthy,29.5,73,6.8,S,0,1005.4,8.4,High,Yes
Hazaribagh,industrial,199,Unhealthy,23.3,81,10.1,NE,0,1009.1,6.7,Medium,Yes
Baridhara,background,82,Moderate,27.4,84,18.1,SW,0,1004.2,8.7,Medium,No
Mohammadpur,residential,114,Unhealthy for Sensitive Groups,27.3,67,18.5,SW,0,1011.7,9.6,Medium,Yes
Tejgaon,industrial,357,Hazardous,20.9,80,3.2,N,0,1015.9,1.4,High,No
Mohammadpur,residential,214,Very Unhealthy,18.9,72,0.8,NW,0,1016.4,6.3,Low,No
Baridhara,background,172,Unhealthy,25.8,87,0.6,W,0,1011.6,8.6,Severe,No
Hazaribagh,industrial,188,Unhealthy,28.6,51,2.3,NW,0,1002.3,6.9,Severe,No
Hazaribagh,industrial,74,Moderate,29.4,85,12.1,SW,16.8,1001,10,Severe,No
Dhanmondi,roadside,167,Unhealthy,24.9,72,7,NW,0,1012.4,7.9,High,Yes
Jatrabari,industrial,132,Unhealthy for Sensitive Groups,29.9,85,9.4,S,5.6,1003.6,8.7,High,No
Dhanmondi,roadside,110,Unhealthy for Sensitive Groups,27.2,76,6.7,SW,0,1005.8,10.9,Medium,No
Jatrabari,industrial,139,Unhealthy for Sensitive Groups,31.3,88,4.4,SE,4.1,1001.9,9.2,High,Yes
Motijheel,roadside,162,Unhealthy,17,70,11.9,E,0,1017.9,7.2,Low,No
Mohammadpur,residential,260,Very Unhealthy,20.3,70,0.4,NE,0,1018.5,5,High,No
Mirpur,residential,179,Unhealthy,22.1,58,1.6,NE,0,1015.8,6.7,Low,No
Motijheel,roadside,200,Unhealthy,27.8,71,8.2,SW,0,1013.2,6.8,Severe,No
Baridhara,background,83,Moderate,31.4,94,4.8,S,0,1002.9,10.1,Low,No
Gulshan,residential,104,Unhealthy for Sensitive Groups,11.8,66,8.5,NE,0,1016.8,9.6,Medium,Yes
Gulshan,residential,168,Unhealthy,17.3,79,7.9,NW,0,1015,7.8,High,No
Hazaribagh,industrial,91,Moderate,32,92,10.1,W,5.4,1000.5,10.5,Medium,No
Mirpur,residential,155,Unhealthy,28.3,85,7.6,N,0,1015.6,7.9,High,Yes
Jatrabari,industrial,184,Unhealthy,25.5,73,9.1,W,0,1019.5,7.1,Severe,No
Agargaon,roadside,139,Unhealthy for Sensitive Groups,35.3,65,14,SE,9.9,1007.1,10,Severe,Yes
Uttara,residential,110,Unhealthy for Sensitive Groups,27.7,77,5.1,SW,0,1012,8.9,Medium,No
Motijheel,roadside,248,Very Unhealthy,26.4,83,4.2,N,0,1011.4,5.8,Severe,Yes
Tejgaon,industrial,163,Unhealthy,24.6,61,6.6,W,0,1011.1,7.4,Medium,Yes
Dhanmondi,roadside,184,Unhealthy,17.3,80,10.9,E,0,1015.2,6.9,High,No
Old Dhaka,roadside,436,Hazardous,17.6,66,2.4,E,0,1017.9,1.1,High,Yes
Dhanmondi,roadside,98,Moderate,29.5,67,6.3,E,2.5,1004.3,10.3,Low,No
Mohammadpur,residential,161,Unhealthy,15.8,69,3.1,NW,0,1013.5,7,Low,Yes
Mohammadpur,residential,177,Unhealthy,28,78,2.2,N,0,1013.3,6.3,Severe,No
Jatrabari,industrial,294,Very Unhealthy,24.9,59,3.3,W,0,1015.5,4.2,High,No
Motijheel,roadside,118,Unhealthy for Sensitive Groups,31.7,86,2,S,0,1005.2,8.7,Severe,Yes
Dhanmondi,roadside,140,Unhealthy for Sensitive Groups,26.2,83,1.3,S,0,1011.3,8,High,No
Hazaribagh,industrial,165,Unhealthy,29.5,62,15.1,W,0,1012,8,High,Yes
Jatrabari,industrial,135,Unhealthy for Sensitive Groups,30.6,75,2.6,SE,0,1001.6,7.8,High,Yes
Hazaribagh,industrial,174,Unhealthy,26.9,85,7.8,E,0,1014.5,6.4,High,No
Old Dhaka,roadside,197,Unhealthy,18.6,76,17.1,W,0,1017.3,7.8,High,No
Dhanmondi,roadside,165,Unhealthy,30.5,70,15.8,S,0,1004.3,9.6,High,Yes
Jatrabari,industrial,221,Very Unhealthy,21.3,65,7.1,NE,0,1016.7,6.5,Medium,No
Baridhara,background,130,Unhealthy for Sensitive Groups,27.3,84,8.6,E,0,1013.7,10.3,Medium,No
Baridhara,background,130,Unhealthy for Sensitive Groups,25.2,68,3.4,SW,0,1011,8.7,Low,No
Mohammadpur,residential,185,Unhealthy,16.3,69,10.4,NW,0,1016.8,8.7,Medium,No
Hazaribagh,industrial,193,Unhealthy,20.1,60,14.9,W,0,1018.4,5.7,High,Yes
Tejgaon,industrial,183,Unhealthy,32.1,67,5.6,S,0,1006.9,6.4,High,No
Dhanmondi,roadside,275,Very Unhealthy,17.9,62,1.2,NE,0,1016,5.7,Medium,No
Mohammadpur,residential,145,Unhealthy for Sensitive Groups,24.2,84,9.5,E,0,1009.9,9.3,High,No
Baridhara,background,89,Moderate,23.4,73,20.4,NW,0,1016.5,10.9,Low,No
Motijheel,roadside,153,Unhealthy,31.9,80,2.8,SW,0,999.8,10.3,High,No
Dhanmondi,roadside,85,Moderate,26.4,94,0.4,W,2.8,1003.8,10.2,Medium,No
Tejgaon,industrial,199,Unhealthy,34.3,60,6.4,NE,0,1011,5.4,Severe,Yes
Dhanmondi,roadside,177,Unhealthy,18.3,70,2.9,SE,0,1012.9,8.2,High,No
Baridhara,background,103,Unhealthy for Sensitive Groups,27.5,73,6,NW,0,1014.5,10.1,Medium,No
Hazaribagh,industrial,113,Unhealthy for Sensitive Groups,32,91,3.5,SE,5.9,1002.1,9.9,Medium,No
Dhanmondi,roadside,166,Unhealthy,35.1,73,6.2,SE,0,1005.6,7.8,Severe,No
Uttara,residential,176,Unhealthy,33.5,78,2.9,NW,0,1006.7,7.7,Severe,Yes
Dhanmondi,roadside,199,Unhealthy,27.6,79,0.7,NE,0,1011.3,5.7,High,No
Tejgaon,industrial,171,Unhealthy,23.6,54,4.7,N,0,1010.2,8.4,Medium,No
Mirpur,residential,133,Unhealthy for Sensitive Groups,21.9,75,8.2,NW,0,1014,9.2,Low,No
Baridhara,background,73,Moderate,31.6,98,2,SE,0,1001.5,11.2,Medium,Yes
Mirpur,residential,134,Unhealthy for Sensitive Groups,30.4,75,19.7,SE,0,1012,7.8,High,No
Tejgaon,industrial,263,Very Unhealthy,16.1,55,6.7,N,0,1020.5,3.4,Medium,No
Old Dhaka,roadside,155,Unhealthy,29.5,89,4.3,E,0,1001.8,9.7,Severe,No
Hazaribagh,industrial,155,Unhealthy,29.6,72,17.8,S,0,1006,8,High,No
Dhanmondi,roadside,130,Unhealthy for Sensitive Groups,28.9,79,12.6,W,0,1001.2,9.4,High,Yes
Agargaon,roadside,213,Very Unhealthy,29.7,76,8,W,0,1014,7.4,High,No
Gulshan,residential,164,Unhealthy,27.5,71,5.8,SW,0.1,1011,8.3,Severe,No
Jatrabari,industrial,105,Unhealthy for Sensitive Groups,29.6,89,4.4,S,0.9,1002.8,10.6,Severe,No
Tejgaon,industrial,98,Moderate,34.8,85,8.7,SE,0,1000.4,9.8,High,Yes
Jatrabari,industrial,171,Unhealthy,23.4,69,5.8,W,0,1010.4,8.7,Medium,No
Jatrabari,industrial,176,Unhealthy,28.4,78,12,E,0,1013.6,9.1,High,No
Tejgaon,industrial,153,Unhealthy,28.1,79,9.7,SE,4.1,998.5,8.6,High,No
Baridhara,background,193,Unhealthy,18.4,82,3.7,E,0,1010.7,6.5,Low,Yes
Tejgaon,industrial,175,Unhealthy,31.4,75,5.7,NW,0,1005.9,7.4,Medium,No
Jatrabari,industrial,126,Unhealthy for Sensitive Groups,29.1,77,2.7,NW,0,1010.2,9.6,High,No
Hazaribagh,industrial,89,Moderate,29.5,86,7.7,S,1,1001.5,9.3,High,No
Hazaribagh,industrial,85,Moderate,29.3,93,4.6,W,0.7,1001.5,9.9,Medium,Yes
Gulshan,residential,104,Unhealthy for Sensitive Groups,29.5,84,2.2,S,0,1002.2,11,Low,No
Motijheel,roadside,147,Unhealthy for Sensitive Groups,28.3,74,13.2,E,0,1006.1,9.7,Severe,No
Mirpur,residential,125,Unhealthy for Sensitive Groups,32.6,80,4.7,S,0,1010.5,9.4,Severe,No
Old Dhaka,roadside,288,Very Unhealthy,27.7,74,4.2,NE,0,1013.2,3.4,Severe,No
Hazaribagh,industrial,199,Unhealthy,20.5,83,12.7,NW,0,1014.8,6.4,High,Yes
Uttara,residential,82,Moderate,29.9,96,13.1,NW,3.4,1004.4,10.1,Severe,No
Motijheel,roadside,117,Unhealthy for Sensitive Groups,29.7,87,9.6,SW,0,995.7,7.8,High,No
Hazaribagh,industrial,210,Very Unhealthy,29.9,74,6,SW,0,1012,6.3,High,No
Agargaon,roadside,90,Moderate,33.6,70,22.5,N,0,1009.3,11.4,Medium,No
Dhanmondi,roadside,29,Good,32.5,83,5.5,S,35.4,1000.7,11.1,Low,No
Mirpur,residential,244,Very Unhealthy,20.3,64,2.6,S,0,1016.5,6.3,Low,No
Hazaribagh,industrial,197,Unhealthy,23.7,74,11.1,SW,0,1013.6,7,Severe,No
Hazaribagh,industrial,154,Unhealthy,30,60,10.7,SW,0,1008,7.7,Low,Yes
Tejgaon,industrial,494,Hazardous,18.3,67,2.1,SW,0,1011.9,0.3,Severe,No
Hazaribagh,industrial,228,Very Unhealthy,30,75,7.5,S,0,1013.4,5.9,Medium,Yes
Uttara,residential,169,Unhealthy,29.1,67,1.3,N,0,1011.1,8.5,Medium,No
Motijheel,roadside,208,Very Unhealthy,18,75,9.6,NW,0,1015.7,5.2,Severe,No
Uttara,residential,159,Unhealthy,24.4,76,6.1,W,0,1011,8.7,Medium,Yes
Hazaribagh,industrial,82,Moderate,29.6,95,8.8,E,5.7,1004.8,10.3,High,No
Old Dhaka,roadside,138,Unhealthy for Sensitive Groups,28.8,83,9.2,SE,0,1002.8,9.3,High,No
Agargaon,roadside,176,Unhealthy,31.3,75,7.4,N,0,1013.5,8.6,Medium,Yes
Tejgaon,industrial,60,Moderate,31.4,78,6.3,SW,24.3,1000.8,9.8,Severe,No
Uttara,residential,391,Hazardous,16.3,70,4.9,N,0,1016.5,0.3,High,No
Uttara,residential,254,Very Unhealthy,15.3,70,3.3,NE,0,1019.1,5.2,Severe,No
Dhanmondi,roadside,137,Unhealthy for Sensitive Groups,29.1,74,8.5,SE,0,1011.2,8.7,Medium,No
Old Dhaka,roadside,201,Very Unhealthy,25.6,79,4.9,W,0,1004.7,6.3,Low,No
Mirpur,residential,102,Unhealthy for Sensitive Groups,29.7,100,7.2,E,1.5,1002.5,10.7,Severe,No
Agargaon,roadside,174,Unhealthy,33.8,72,2.3,NW,0,1003.4,7.8,High,Yes
Gulshan,residential,173,Unhealthy,15.6,62,2.9,NW,0,1014.2,7.5,Medium,Yes
Mohammadpur,residential,196,Unhealthy,32.7,69,0.5,SE,0,1009.8,7.4,High,Yes
Gulshan,residential,191,Unhealthy,28.6,72,6.5,N,0,1008.6,8.1,Severe,No
Mohammadpur,residential,79,Moderate,27.5,77,2.6,S,2.9,1001.8,10.8,Low,Yes
Mohammadpur,residential,91,Moderate,33,90,1.2,S,0,1000.3,9.9,Low,No
Uttara,residential,168,Unhealthy,23.6,77,5.5,N,0,1016.5,8.4,Medium,No
Tejgaon,industrial,287,Very Unhealthy,18.4,77,2,E,0,1012.5,3.7,Severe,Yes
Jatrabari,industrial,203,Very Unhealthy,32,61,4.4,S,0,1005.2,6,High,No
Hazaribagh,industrial,177,Unhealthy,32,75,9.6,S,0,1006.2,6.7,Low,No
Baridhara,background,65,Moderate,30.2,88,11.5,S,0,1001.6,10.3,Medium,No
Agargaon,roadside,182,Unhealthy,23.8,73,3.6,SW,0,1011.6,6.9,Severe,Yes
Agargaon,roadside,222,Very Unhealthy,10.3,69,9.6,NW,0,1015.6,5.5,Severe,Yes
Hazaribagh,industrial,81,Moderate,28.5,89,15.7,S,0,1000.6,10,Medium,No
Dhanmondi,roadside,244,Very Unhealthy,25.4,65,4.4,N,0,1015.7,5,Medium,No
Agargaon,roadside,247,Very Unhealthy,25.5,72,4.4,N,0,1015.3,5.2,High,No
Tejgaon,industrial,134,Unhealthy for Sensitive Groups,29.5,97,3.8,SE,0,1002.1,8.5,Medium,No
Uttara,residential,74,Moderate,28.3,93,7.3,SW,0,998.3,10.4,High,No
Baridhara,background,73,Moderate,30.5,86,11.6,SW,7.8,1003.2,10.3,High,No
Old Dhaka,roadside,205,Very Unhealthy,20.5,72,10.8,E,0,1016.5,6.6,Severe,No
Mirpur,residential,88,Moderate,31.1,81,2.9,NE,0,1003.9,8.7,Medium,No
Mohammadpur,residential,61,Moderate,24.7,64,7.1,SE,32.1,1007.4,12,Medium,No
Jatrabari,industrial,168,Unhealthy,34.9,66,7.9,E,0,1013.7,7.6,High,No
Mirpur,residential,118,Unhealthy for Sensitive Groups,32,87,1.3,S,0,1003.3,9.1,Severe,No
Mohammadpur,residential,155,Unhealthy,26.5,83,0.3,SW,0,1010,7.5,Low,No
Gulshan,residential,162,Unhealthy,16.5,69,4.5,W,0,1014.9,8.9,Low,No
Tejgaon,industrial,215,Very Unhealthy,33.5,61,3.4,NW,0,1005.6,6.9,Medium,Yes
Gulshan,residential,130,Unhealthy for Sensitive Groups,30.9,86,2.6,E,0.7,999.6,8.1,Severe,No
Hazaribagh,industrial,194,Unhealthy,31.2,79,3.5,SE,7.2,1008.8,6.7,Severe,No
Uttara,residential,80,Moderate,30.8,92,3.2,E,11.7,1001.4,10.2,Low,No
Hazaribagh,industrial,98,Moderate,29.8,85,8.5,NE,0,1003.8,10.1,Medium,No
Jatrabari,industrial,224,Very Unhealthy,28,94,0.5,SW,0,1015.7,7.4,Severe,Yes
Agargaon,roadside,244,Very Unhealthy,21.5,92,5.8,E,0,1017.6,4.2,Severe,Yes
Agargaon,roadside,136,Unhealthy for Sensitive Groups,27.9,74,3.8,E,0,1008.6,9,High,Yes
Gulshan,residential,101,Unhealthy for Sensitive Groups,31.7,66,2,N,25.8,1005.6,8.3,High,Yes
Hazaribagh,industrial,159,Unhealthy,34.5,74,10.7,S,0,1008.5,8.4,Medium,Yes
Motijheel,roadside,129,Unhealthy for Sensitive Groups,27.1,78,8.4,SW,0,1003.1,9.2,Severe,Yes
Hazaribagh,industrial,260,Very Unhealthy,16.2,77,2.5,NW,0,1018.3,4,Severe,No
Agargaon,roadside,144,Unhealthy for Sensitive Groups,27.1,79,7.1,NW,8.7,1010.1,8.5,Medium,No
Tejgaon,industrial,242,Very Unhealthy,25.2,81,11,NW,0,1007.9,4.1,Medium,No
Dhanmondi,roadside,133,Unhealthy for Sensitive Groups,26,73,0.6,NW,0,1008.7,9.3,Severe,Yes
Mirpur,residential,172,Unhealthy,30.2,72,2.1,W,0,1014,8,Low,No
Mirpur,residential,114,Unhealthy for Sensitive Groups,29.7,69,0.6,S,10.2,1002.4,8.4,Low,Yes
Dhanmondi,roadside,89,Moderate,26.4,80,12,S,0,1009.1,9.8,Medium,Yes
Jatrabari,industrial,166,Unhealthy,25.9,86,4.3,NE,0,1010.2,10.3,Medium,No
Tejgaon,industrial,267,Very Unhealthy,19.2,75,3.3,N,0,1013.2,3.8,Medium,No
Mohammadpur,residential,147,Unhealthy for Sensitive Groups,27.1,81,8,NW,0,1012.7,9.6,Medium,No
Gulshan,residential,126,Unhealthy for Sensitive Groups,32.4,50,4.4,S,0,1003.7,9.5,Medium,No
Tejgaon,industrial,119,Unhealthy for Sensitive Groups,30.9,79,10.4,S,3.7,1003.3,10.1,High,Yes
Motijheel,roadside,123,Unhealthy for Sensitive Groups,30.7,66,2.5,S,0,1011.1,9.7,High,No
Hazaribagh,industrial,201,Very Unhealthy,28,59,6.9,S,0,1001.4,5.6,High,No
Old Dhaka,roadside,277,Very Unhealthy,17.5,56,8.5,N,0,1012.7,4.8,High,No
Motijheel,roadside,221,Very Unhealthy,29.4,60,1.6,SE,0,1007,5.9,High,No
Agargaon,roadside,184,Unhealthy,30.3,68,3.6,N,0.6,1005.9,5.8,High,No
Mohammadpur,residential,261,Very Unhealthy,21.4,70,3.3,NW,0,1014.7,5.5,High,No
Hazaribagh,industrial,233,Very Unhealthy,20.4,77,13.7,SE,0,1020.6,8.1,Severe,No
Dhanmondi,roadside,76,Moderate,31.5,100,7.8,SE,0,1000.4,11.3,Severe,No
Mirpur,residential,154,Unhealthy,30,73,2.1,N,0,1006.5,8.2,Medium,No
Mohammadpur,residential,123,Unhealthy for Sensitive Groups,30.8,77,16.4,S,0,1008.6,9.1,Medium,Yes
Mirpur,residential,186,Unhealthy,21.4,84,12.9,SW,0,1011.5,8.3,Severe,Yes
Mirpur,residential,70,Moderate,30.2,72,7.3,N,0,1003.1,10,Low,No
Agargaon,roadside,167,Unhealthy,21.1,53,18.1,NW,0,1011,9.3,Medium,No
Jatrabari,industrial,147,Unhealthy for Sensitive Groups,28.8,78,3.8,SE,0,998.8,8.9,Medium,No
Gulshan,residential,80,Moderate,26.2,91,5.1,SE,0,1002.1,11.1,Low,No
Agargaon,roadside,104,Unhealthy for Sensitive Groups,28.9,86,2.7,SW,0,1003.5,11.2,Severe,No
Uttara,residential,152,Unhealthy,32.9,59,11.5,N,0,1004.8,9.1,Medium,Yes
Baridhara,background,46,Good,30.1,79,22.5,E,13.6,1000.2,10.1,Low,Yes
Old Dhaka,roadside,160,Unhealthy,18.5,60,9.3,N,0,1010.9,7.7,Low,No
Baridhara,background,115,Unhealthy for Sensitive Groups,28.9,58,3.3,NW,0,1008.3,9.8,Low,No
Old Dhaka,roadside,183,Unhealthy,26.1,80,4.4,NW,0,1007.1,7.6,Medium,No
Agargaon,roadside,74,Moderate,32.6,84,11.8,SE,7.3,1002,11.3,Severe,Yes
Uttara,residential,170,Unhealthy,30.5,82,3.2,SE,0,1003.7,8,Severe,No
Uttara,residential,22,Good,29.2,78,6.2,E,76,1004,11.5,High,Yes
Hazaribagh,industrial,185,Unhealthy,29.3,72,1.5,S,0,1005.7,7.5,Severe,Yes
Tejgaon,industrial,217,Very Unhealthy,23.4,72,3.6,W,1.3,1017.2,4.9,Low,No
Tejgaon,industrial,337,Hazardous,22.1,77,5.3,W,0,1013.4,1.1,High,No
Mohammadpur,residential,209,Very Unhealthy,15.6,72,5.5,S,0,1015.8,5.3,Medium,Yes
Mohammadpur,residential,66,Moderate,32.1,93,9.5,SW,0,1000.1,10.2,Low,No
Old Dhaka,roadside,185,Unhealthy,26.6,82,13.3,NE,0,1013.4,6.9,Severe,No
Tejgaon,industrial,78,Moderate,28.9,76,13.4,E,5.7,999,8.8,Medium,Yes
Mirpur,residential,158,Unhealthy,30.3,74,14.1,N,0,1007.8,8.3,Medium,Yes
Motijheel,roadside,217,Very Unhealthy,16.3,69,8.2,NE,0,1011.9,6.2,Medium,No
Old Dhaka,roadside,160,Unhealthy,23.7,72,5.9,S,0,1009.9,7.9,High,No
Mirpur,residential,228,Very Unhealthy,21.7,76,4.5,N,0,1016.6,5.6,Severe,No
Dhanmondi,roadside,115,Unhealthy for Sensitive Groups,30.4,75,15.5,S,0,1004.1,9.9,Low,No
Jatrabari,industrial,137,Unhealthy for Sensitive Groups,28.5,74,9.1,S,0,1012.2,8.6,High,Yes
Motijheel,roadside,186,Unhealthy,31.7,65,3.9,SE,0,1008.9,7.8,High,Yes
Mirpur,residential,500,Hazardous,20.9,59,7.3,SW,0,1010,1.3,High,Yes
Uttara,residential,181,Unhealthy,11.8,56,5.6,N,0,1016.2,6.1,High,No
Tejgaon,industrial,63,Moderate,28.4,83,9,E,0,1004.8,10.1,High,No
Mohammadpur,residential,169,Unhealthy,21,76,11,NE,0,1013.1,8.8,Medium,No
Hazaribagh,industrial,191,Unhealthy,27.7,80,3.8,S,0.1,999.9,6.7,High,No
Tejgaon,industrial,167,Unhealthy,31.9,79,3.8,S,0,1002.9,9.1,Severe,Yes
Hazaribagh,industrial,211,Very Unhealthy,27.5,66,9.2,NE,0,1004.6,5.8,High,No
Gulshan,residential,170,Unhealthy,19.1,68,2.9,E,0,1017.5,7.9,Medium,No
Mohammadpur,residential,162,Unhealthy,31,76,1.3,SE,0,1010,8,Low,No
Mirpur,residential,159,Unhealthy,32.9,76,2.8,SE,0,1008.2,8.5,Medium,No
Tejgaon,industrial,78,Moderate,26.7,77,25.1,S,0,1000.4,9.9,High,No
Gulshan,residential,103,Unhealthy for Sensitive Groups,33.1,67,8.1,E,0,1006.7,9.3,Medium,No
Mohammadpur,residential,207,Very Unhealthy,25.4,66,7.4,W,0,1018.1,5.1,Low,No
Dhanmondi,roadside,210,Very Unhealthy,38,64,6.4,N,0,1010.4,6.1,Severe,Yes
Gulshan,residential,51,Moderate,30.9,85,14.3,S,19.5,1002.4,9.6,Low,No
Mirpur,residential,146,Unhealthy for Sensitive Groups,27.6,67,0.8,SE,0,1006.5,8,Medium,No
Tejgaon,industrial,168,Unhealthy,28.1,86,14.7,N,0,1009,8.5,Severe,Yes
Hazaribagh,industrial,193,Unhealthy,31,78,5.6,SW,0,1013,7.4,Severe,Yes
Gulshan,residential,78,Moderate,29.7,89,4,SW,8.4,1001.7,10.1,Medium,No
Dhanmondi,roadside,83,Moderate,31.9,86,17.1,S,0,1005.2,9.9,High,No
Gulshan,residential,75,Moderate,28.5,96,9.8,N,0,997.8,10.3,High,No
Jatrabari,industrial,97,Moderate,30.7,83,6.4,SE,7.6,1000.9,9.2,Severe,No
Dhanmondi,roadside,229,Very Unhealthy,10.3,68,1.4,NW,0,1014.6,6.1,High,No
Hazaribagh,industrial,255,Very Unhealthy,24.6,84,5.1,NE,0,1012.3,4.7,High,No
Gulshan,residential,173,Unhealthy,27,75,6.1,NE,0,1007.8,8.7,Low,Yes
Uttara,residential,183,Unhealthy,17.7,74,6.2,W,0,1014.7,5.3,Low,No
Tejgaon,industrial,210,Very Unhealthy,23.7,97,2.8,W,0,1013.4,6.6,Severe,Yes
Motijheel,roadside,176,Unhealthy,25.8,70,2.9,SW,0,1011.8,9.4,Severe,Yes
Hazaribagh,industrial,174,Unhealthy,31.8,80,2.7,NE,0,1007.8,8,Medium,No
Agargaon,roadside,180,Unhealthy,26.8,74,3.1,NE,0,1009,6,High,No
Agargaon,roadside,267,Very Unhealthy,19.2,81,8,SW,0,1014.5,3.2,High,No
Motijheel,roadside,178,Unhealthy,21.6,75,15.7,N,0,1012.4,7.9,Medium,No
Dhanmondi,roadside,155,Unhealthy,30.1,73,6.3,E,0,1009.5,8.5,High,Yes
Mohammadpur,residential,63,Moderate,32.4,84,8.8,SW,10.7,1003.1,9.3,Low,No
Mirpur,residential,189,Unhealthy,28.5,66,2.5,SE,0,1007.3,5.8,High,No
Mohammadpur,residential,141,Unhealthy for Sensitive Groups,31.8,72,1.8,S,12.2,1011.4,9.9,Low,No
Dhanmondi,roadside,232,Very Unhealthy,22.9,70,9.9,N,0,1018,4.5,Severe,No
Uttara,residential,214,Very Unhealthy,17.8,69,0.4,NE,0,1020,5.1,High,Yes
Gulshan,residential,30,Good,29.5,87,9.9,E,34.7,1002.2,11,Medium,Yes
Tejgaon,industrial,246,Very Unhealthy,19.7,59,7.4,W,0,1015.2,4.8,Severe,No
Dhanmondi,roadside,68,Moderate,31.1,85,14,SW,8.1,1003,10.6,High,Yes
Hazaribagh,industrial,160,Unhealthy,33.7,78,10.1,SE,0,1010.6,7.8,High,No
Mohammadpur,residential,161,Unhealthy,23.6,86,1.4,NE,0,1012.9,9.3,High,No
Hazaribagh,industrial,64,Moderate,30.8,85,16.1,S,12,1003,11.2,Low,Yes
Motijheel,roadside,349,Hazardous,11.6,90,3.3,W,0,1016.9,0.3,High,Yes
Uttara,residential,174,Unhealthy,18.4,65,11.1,NE,0,1016,7.5,Medium,No
Gulshan,residential,179,Unhealthy,24.1,69,9.5,SW,0,1011.5,8.2,High,Yes
Old Dhaka,roadside,178,Unhealthy,23.5,66,6.9,W,0,1013.7,8.4,Medium,No
Tejgaon,industrial,85,Moderate,27.1,82,13.2,SE,0,1000,10.1,Severe,Yes
Baridhara,background,68,Moderate,31.6,82,19.6,E,0,1006.8,10.2,High,No
Tejgaon,industrial,193,Unhealthy,23.9,67,7.1,W,0,1013.1,7.8,Severe,No
Agargaon,roadside,169,Unhealthy,27.8,66,9.5,E,0,1010.3,9.7,Medium,No
Dhanmondi,roadside,500,Hazardous,12.3,77,2.3,SW,0,1015.6,0.5,Severe,No
Uttara,residential,72,Moderate,27,88,11.6,SE,0,1005.4,10.7,Medium,Yes
Baridhara,background,76,Moderate,30.2,92,3.2,SE,0.4,1000.9,10.1,Low,No
Hazaribagh,industrial,190,Unhealthy,14.9,68,5.9,NW,0,1018.7,6.8,High,No
Jatrabari,industrial,84,Moderate,30.2,77,4.1,NE,0,998,10.9,Medium,No
Agargaon,roadside,213,Very Unhealthy,19.7,69,3.6,N,0,1011.9,6.2,Medium,No
Agargaon,roadside,180,Unhealthy,29.8,72,21.3,NW,0,1004.9,8.9,High,Yes
Mirpur,residential,160,Unhealthy,31.5,77,5.5,NE,0,1012.9,9,Medium,No
Baridhara,background,52,Moderate,31.1,88,8.2,S,0,999.7,11.8,Low,Yes
Uttara,residential,110,Unhealthy for Sensitive Groups,30,74,9.3,E,0,1007.9,8.1,Low,No
Uttara,residential,58,Moderate,31.7,88,7.8,SE,7.2,1006.5,10.7,Medium,No
Agargaon,roadside,248,Very Unhealthy,18.5,70,8.3,W,0,1014.7,3.2,Severe,No
Hazaribagh,industrial,93,Moderate,29.6,79,12.2,SW,1,1005.7,11,Severe,Yes
Mirpur,residential,139,Unhealthy for Sensitive Groups,29.5,86,4.6,E,0,1004.6,9.9,High,No
Old Dhaka,roadside,196,Unhealthy,21.4,67,1.9,N,0,1017,6.6,Medium,Yes
Tejgaon,industrial,129,Unhealthy for Sensitive Groups,29.4,73,8.5,W,0,1010.1,10.3,Low,Yes
Uttara,residential,125,Unhealthy for Sensitive Groups,33.1,92,4.9,S,9.2,1001.3,8.3,Severe,No
Agargaon,roadside,65,Moderate,28.7,89,12.9,S,0,999.1,8.5,Medium,No
Agargaon,roadside,280,Very Unhealthy,19.8,57,3.7,N,0,1016.3,3.6,Medium,No
Tejgaon,industrial,157,Unhealthy,26.4,70,13.6,NW,0,1010.1,9.3,Severe,No
Old Dhaka,roadside,131,Unhealthy for Sensitive Groups,29.9,63,20,E,0,1008.5,8.7,High,No
Dhanmondi,roadside,210,Very Unhealthy,26.6,64,11.9,N,0,1017.3,4.9,Medium,No
Jatrabari,industrial,243,Very Unhealthy,17.5,66,7.8,NE,0,1013,5,High,Yes
Mohammadpur,residential,138,Unhealthy for Sensitive Groups,26.2,85,3.3,N,0,1009.5,9.7,Medium,No
Hazaribagh,industrial,170,Unhealthy,29.3,74,6.2,SE,0,1006.8,8.8,High,Yes
Uttara,residential,85,Moderate,31.1,65,11.8,S,0,1010.2,10.2,Medium,No
Gulshan,residential,155,Unhealthy,18.6,75,4.7,N,0,1013,7.9,Medium,Yes
Hazaribagh,industrial,144,Unhealthy for Sensitive Groups,28,88,6.2,SW,0.2,1006.6,8.5,High,Yes
Baridhara,background,55,Moderate,29.2,85,17.1,SE,0,997.9,10.5,Medium,No
Baridhara,background,165,Unhealthy,32.5,77,2.5,E,0,1011,9.4,Medium,No
Jatrabari,industrial,157,Unhealthy,29.6,73,8.6,W,0,1011.6,8.2,Medium,No
Gulshan,residential,146,Unhealthy for Sensitive Groups,19.1,70,7.3,NW,0,1016.3,8.1,Low,No
Tejgaon,industrial,212,Very Unhealthy,19.2,62,5.8,SW,0,1016.4,6.8,Medium,Yes
Baridhara,background,61,Moderate,29.4,77,3.1,W,2.3,996.2,10,Low,No
Gulshan,residential,62,Moderate,29.1,74,5.7,W,11.3,1001.3,11,Medium,No
Hazaribagh,industrial,209,Very Unhealthy,15.8,62,5.7,W,0,1014.6,7.3,High,No
Gulshan,residential,81,Moderate,27.2,86,2.8,SE,0,1005,8.8,Low,No
Mirpur,residential,129,Unhealthy for Sensitive Groups,29.2,66,16.6,S,0,1006.8,10,High,Yes
Old Dhaka,roadside,146,Unhealthy for Sensitive Groups,31.6,83,7.3,S,0,1005.6,8.4,Medium,No
Agargaon,roadside,97,Moderate,29.2,83,6.9,SE,22.9,1006.6,8.9,High,Yes
Mirpur,residential,114,Unhealthy for Sensitive Groups,26.1,92,9,NW,0,1012.5,9.8,Low,No
Old Dhaka,roadside,129,Unhealthy for Sensitive Groups,30.1,59,21.6,SE,0,1007.5,9.3,Low,Yes
Tejgaon,industrial,174,Unhealthy,32.2,75,5.5,SE,0,999.4,6.6,Medium,No
Jatrabari,industrial,78,Moderate,28.3,78,2.5,SW,2.3,1003.6,10.5,Medium,Yes
Mirpur,residential,156,Unhealthy,31.7,67,23.3,N,0,1006.2,9,Low,Yes
Hazaribagh,industrial,412,Hazardous,18.8,74,6.2,W,0,1018.5,3.2,High,Yes
Motijheel,roadside,87,Moderate,27.2,83,20.5,NE,0,1007.4,10,Low,No
Agargaon,roadside,162,Unhealthy,19.9,78,12.8,NW,0,1013.4,8.6,Low,No
Dhanmondi,roadside,172,Unhealthy,30.1,84,3.8,S,0,1004.4,8.6,Severe,Yes
Hazaribagh,industrial,379,Hazardous,21.8,67,4.6,N,0,1019.4,3.5,High,Yes
Motijheel,roadside,184,Unhealthy,26.9,91,0.4,NE,0,1012.9,6.5,Severe,Yes
Mirpur,residential,164,Unhealthy,25.1,48,3,N,0,1018.3,8.4,Low,No
Hazaribagh,industrial,154,Unhealthy,27.1,79,1.7,NW,0,1011.5,9.3,Medium,No
Jatrabari,industrial,123,Unhealthy for Sensitive Groups,26.9,88,4.5,SW,5.3,1006.3,9.1,High,Yes
Baridhara,background,206,Very Unhealthy,21.2,85,1,W,0,1015.7,7.7,Medium,Yes
Tejgaon,industrial,120,Unhealthy for Sensitive Groups,30.7,72,3.5,SE,0,1003.4,9.9,Low,No
Dhanmondi,roadside,98,Moderate,30.1,82,4.4,S,3.4,1002.6,10.1,High,No
Tejgaon,industrial,190,Unhealthy,30.4,57,7.7,E,0,1006.5,7.6,Severe,No
Hazaribagh,industrial,241,Very Unhealthy,11.6,56,1.3,NW,0,1016.2,5.1,Medium,No
Agargaon,roadside,81,Moderate,26.5,83,15.3,SW,0,1002.8,10.6,Low,No
Gulshan,residential,68,Moderate,33,92,4.2,SE,0,1003.3,10.7,High,No
Hazaribagh,industrial,158,Unhealthy,29.5,78,9.9,E,0,1001.5,8.8,Severe,No
Mohammadpur,residential,132,Unhealthy for Sensitive Groups,29.4,74,3.2,E,0,1009,9.5,Low,No
Old Dhaka,roadside,186,Unhealthy,13.4,75,5.2,N,0,1013.8,7.3,High,No
Jatrabari,industrial,480,Hazardous,15.3,68,4.8,SW,0,1011.4,0.9,High,No
Mohammadpur,residential,22,Good,31.2,89,15.8,W,50.2,999.8,10.2,Medium,No
Mohammadpur,residential,192,Unhealthy,18.6,79,4.3,SE,0,1016.9,6.7,Medium,No
Mohammadpur,residential,232,Very Unhealthy,20.9,68,4.5,NW,0,1015.9,4.1,Medium,Yes
Agargaon,roadside,100,Moderate,30,94,2.9,S,2.7,1004.6,10.5,Severe,Yes
Dhanmondi,roadside,189,Unhealthy,18.3,60,1,W,0,1017.4,8,Severe,No
Baridhara,background,135,Unhealthy for Sensitive Groups,16.6,75,6.2,NW,0,1017.6,8.7,Low,No
Dhanmondi,roadside,87,Moderate,27.9,93,8.7,S,0,1002.2,8.8,High,No
Gulshan,residential,80,Moderate,32.5,92,8,NE,1.3,1005.5,10.6,Medium,No
Dhanmondi,roadside,126,Unhealthy for Sensitive Groups,30.9,69,10.3,NE,0,1009.7,9.7,Medium,No
Mirpur,residential,80,Moderate,28.1,83,6.8,SW,3.2,1005.4,10.7,Medium,No
Mirpur,residential,170,Unhealthy,28.2,70,5.6,SW,0,1009.3,8.7,Severe,No
Old Dhaka,roadside,231,Very Unhealthy,17.8,74,5.7,E,0,1016.8,4.7,High,No
Uttara,residential,126,Unhealthy for Sensitive Groups,30.6,86,6,S,0,1002.1,9.9,Medium,Yes
Tejgaon,industrial,291,Very Unhealthy,18.4,81,1.5,N,0,1013.4,3.6,High,Yes
Jatrabari,industrial,235,Very Unhealthy,20.7,60,10.2,W,0,1015.1,6.4,High,Yes
Old Dhaka,roadside,263,Very Unhealthy,26.9,76,3.2,E,0,1007.3,4,Severe,Yes
Mohammadpur,residential,88,Moderate,29.8,71,6.3,SE,0,1004.7,11,Low,Yes
Gulshan,residential,53,Moderate,34.3,90,4.4,SE,0,1000.9,10.7,Low,No
Hazaribagh,industrial,307,Hazardous,17.2,74,11.3,NW,0,1014.1,3.2,High,No
Agargaon,roadside,203,Very Unhealthy,24.7,97,3.3,S,0,1010.5,3.6,Severe,No
Motijheel,roadside,164,Unhealthy,34.6,76,19.3,S,0,1004.5,8,Severe,No
Mirpur,residential,76,Moderate,30.9,88,3.8,SE,0,1008.7,11.2,Medium,Yes
Uttara,residential,117,Unhealthy for Sensitive Groups,26.2,70,12.3,E,0,1005.5,9.2,Low,Yes
Baridhara,background,137,Unhealthy for Sensitive Groups,19.1,67,4.5,N,0,1017.6,10.1,Low,Yes
Mirpur,residential,223,Very Unhealthy,17.2,71,1.2,N,0,1011.9,4.8,High,Yes
Agargaon,roadside,106,Unhealthy for Sensitive Groups,30,87,17,SW,0,998.7,10.1,High,No
Gulshan,residential,69,Moderate,28.1,69,3.6,SW,0,1002,9.7,Medium,Yes
Baridhara,background,140,Unhealthy for Sensitive Groups,21.6,72,3.8,W,0,1015.2,10.6,Low,No
Hazaribagh,industrial,202,Very Unhealthy,22.4,71,6.1,N,0,1013.5,8,Severe,No
Jatrabari,industrial,471,Hazardous,23.1,84,1.8,N,0,1015,1.8,Medium,Yes
Gulshan,residential,191,Unhealthy,17.7,69,2.9,W,0,1013.1,8.3,High,No
Dhanmondi,roadside,90,Moderate,28.1,79,5.8,S,0,1005.1,10.4,Medium,No
Tejgaon,industrial,234,Very Unhealthy,20.2,72,1.1,W,0,1020,7.8,Severe,Yes
Motijheel,roadside,94,Moderate,33.2,86,7.8,SW,0,1004.6,9.9,High,No
Hazaribagh,industrial,92,Moderate,30.1,84,2.3,S,0,998.6,10.2,Severe,Yes
Agargaon,roadside,171,Unhealthy,28.1,68,8.5,SE,0,1012.1,8.2,Medium,Yes
Hazaribagh,industrial,160,Unhealthy,26.4,77,11.1,E,2.2,1009.6,8.1,Severe,Yes
Uttara,residential,188,Unhealthy,17.2,65,8.3,SW,0,1013.6,6.1,High,No
Gulshan,residential,191,Unhealthy,21.3,68,9,NW,0,1016.8,6.8,High,No
Tejgaon,industrial,294,Very Unhealthy,30.7,74,6.2,S,0,1007.3,3.3,Severe,Yes
Uttara,residential,81,Moderate,30.7,80,2.1,E,0,1002.3,10.7,Severe,No
Dhanmondi,roadside,202,Very Unhealthy,20.8,68,10,E,0,1015.1,6.6,High,Yes
Mirpur,residential,151,Unhealthy,31.9,72,4.5,SE,0,1004.8,11.1,Medium,Yes
Hazaribagh,industrial,171,Unhealthy,21,68,4.7,SW,0,1012.5,6.9,Medium,No
Uttara,residential,456,Hazardous,16,91,2.3,NW,0,1014.3,0.6,Medium,No
Mirpur,residential,75,Moderate,28.4,87,2.8,SE,1.7,1001.5,10,Medium,No
Gulshan,residential,79,Moderate,29.9,75,8.3,SE,0,1003,11.1,Medium,No
Mirpur,residential,72,Moderate,30,78,7.2,SE,4.9,1004.2,11.5,Low,No
Tejgaon,industrial,217,Very Unhealthy,25.7,70,1.3,S,0,1010.6,5.7,Severe,No
Dhanmondi,roadside,500,Hazardous,19.8,63,3.1,NE,0,1015.4,0.3,Severe,No
Agargaon,roadside,183,Unhealthy,22.2,74,15.4,N,0,1017.3,7.6,Medium,No
Baridhara,background,87,Moderate,34,59,11.2,SE,0,1006.4,10.3,Low,No
Tejgaon,industrial,146,Unhealthy for Sensitive Groups,32.5,82,3.9,SW,0,1003.1,9.3,High,Yes
Motijheel,roadside,110,Unhealthy for Sensitive Groups,27.6,94,5.1,SE,0,1002.5,9.9,Medium,Yes
Motijheel,roadside,275,Very Unhealthy,14.9,66,5.1,SE,0,1014.2,3.3,Medium,No
Jatrabari,industrial,231,Very Unhealthy,26.3,83,4,E,0,1007.8,5.8,High,No
Gulshan,residential,109,Unhealthy for Sensitive Groups,31.2,55,18,E,0,1004.6,9.5,Medium,No
Tejgaon,industrial,171,Unhealthy,30.4,65,10.7,S,0,1009.6,8.3,Medium,No
Jatrabari,industrial,139,Unhealthy for Sensitive Groups,29,78,11.4,E,1.6,998,9.7,Medium,Yes
Agargaon,roadside,173,Unhealthy,26.2,80,9.5,S,0,1015.4,8.8,Severe,Yes
Motijheel,roadside,126,Unhealthy for Sensitive Groups,30.9,77,9.6,SW,0,1000.3,10.5,Medium,No
Motijheel,roadside,168,Unhealthy,23.7,95,8.2,NW,0,1006.6,8.2,High,Yes
Agargaon,roadside,235,Very Unhealthy,27.2,57,11.4,SW,0,1013.6,4.9,Severe,Yes
Motijheel,roadside,86,Moderate,30,94,10.9,E,0,996.4,9.9,Severe,No
Hazaribagh,industrial,165,Unhealthy,29.6,85,2,W,0,1006.7,9.5,Medium,No
Mirpur,residential,114,Unhealthy for Sensitive Groups,29,87,19.6,N,0,1002.2,9.6,High,No
Dhanmondi,roadside,178,Unhealthy,32.4,68,1.4,SW,0,1003.1,7,High,Yes
Mirpur,residential,155,Unhealthy,27.3,93,7.3,S,0,1007.2,9,Medium,No
Mirpur,residential,249,Very Unhealthy,22,90,5.5,NW,0,1015.1,2.3,Medium,No
Mohammadpur,residential,167,Unhealthy,30.5,66,5.3,S,0,1007.2,7.9,Medium,No
Gulshan,residential,134,Unhealthy for Sensitive Groups,30.9,79,9.6,SE,0,1012.2,8.7,Medium,No
Dhanmondi,roadside,165,Unhealthy,23.3,74,4.8,W,0,1011.6,8.8,High,Yes
Mohammadpur,residential,182,Unhealthy,29.4,69,7.6,E,0,1010.9,7.5,Severe,No
Motijheel,roadside,224,Very Unhealthy,27.3,82,1.8,NW,0,1012.4,6.6,Severe,No
Hazaribagh,industrial,206,Very Unhealthy,15.4,72,10,SW,0,1017.3,5.4,Low,No
Agargaon,roadside,210,Very Unhealthy,31.9,65,10.1,NE,0,1011.2,6.3,Medium,No
Dhanmondi,roadside,136,Unhealthy for Sensitive Groups,35.6,72,7.7,NE,0,1008.3,8.8,Medium,Yes
Baridhara,background,74,Moderate,26.3,87,3.3,S,0.3,995.5,11.7,Low,No
Jatrabari,industrial,151,Unhealthy,31.4,63,16,E,0,1005.9,10.5,Medium,No
Mirpur,residential,163,Unhealthy,28.8,73,1,NE,0,1014.6,7.1,High,No
Tejgaon,industrial,120,Unhealthy for Sensitive Groups,30.8,88,7.2,E,0,1000.6,11.3,Severe,No
Mohammadpur,residential,158,Unhealthy,30.8,91,4.3,S,0,1012.3,8.4,Low,No
Gulshan,residential,164,Unhealthy,23.6,73,6.6,W,0,1015.6,8.3,Medium,No
Motijheel,roadside,181,Unhealthy,19.9,76,3.9,W,0,1013.4,6.3,Low,No
Baridhara,background,64,Moderate,36.7,61,13.9,SE,0,1008.1,10.9,Medium,No
Gulshan,residential,230,Very Unhealthy,22.3,67,1.9,S,0,1013.9,4.2,Medium,No
Motijheel,roadside,100,Moderate,29.4,90,14.5,SE,0,1000.8,9.8,High,No
Gulshan,residential,207,Very Unhealthy,17.1,59,4.5,NW,0,1013.7,6.6,Medium,Yes
Old Dhaka,roadside,94,Moderate,32.2,87,4.6,SE,4.2,999.8,10.1,Severe,No
Mirpur,residential,184,Unhealthy,16.2,74,6.5,N,0,1012.5,8.6,Low,Yes
Mohammadpur,residential,178,Unhealthy,17.6,70,8.7,NW,0,1013.8,7.7,Low,No
Jatrabari,industrial,59,Moderate,29.6,88,5.9,W,38,1002.2,10.8,High,No
Gulshan,residential,124,Unhealthy for Sensitive Groups,31.9,68,7,W,0,1006,8.9,Medium,No
Jatrabari,industrial,187,Unhealthy,18.3,65,2.6,W,0,1013.9,7.3,Low,No
Old Dhaka,roadside,297,Very Unhealthy,14.4,61,0.9,NW,0,1021.4,4.3,High,No
Agargaon,roadside,190,Unhealthy,23.1,69,3.2,NE,0,1016.8,7.9,Low,Yes
Gulshan,residential,71,Moderate,29.3,95,7,E,0,997.9,11.6,Low,No
Old Dhaka,roadside,223,Very Unhealthy,26.1,78,3.8,N,0,1015.6,6.7,Severe,Yes
Hazaribagh,industrial,186,Unhealthy,31.8,65,5.8,S,0,1007.7,7.1,Severe,Yes
Jatrabari,industrial,133,Unhealthy for Sensitive Groups,32.3,82,2.6,NE,13.6,1010.8,10.6,High,No
Gulshan,residential,99,Moderate,31.1,81,3,SW,5.7,1002.8,10.1,High,No
Jatrabari,industrial,99,Moderate,32.4,81,2.5,SE,8.7,1007.3,10.2,Medium,Yes
Mirpur,residential,190,Unhealthy,21,72,5.1,NE,0,1014,6.5,Low,No
Motijheel,roadside,151,Unhealthy,27.6,86,7.2,SW,0,1009.1,10.5,High,Yes
Mohammadpur,residential,177,Unhealthy,33.7,86,8.2,W,0,1004.1,6.8,Low,No
Tejgaon,industrial,500,Hazardous,27.7,63,6.9,NE,0,1017.2,0.3,High,No
Tejgaon,industrial,153,Unhealthy,26.3,83,2.3,NW,0,1008.7,8.4,Low,No
Uttara,residential,85,Moderate,31.4,89,6.7,S,0,1000.4,10.7,High,No
Tejgaon,industrial,126,Unhealthy for Sensitive Groups,30,82,4.6,N,0,1003.3,9.5,Medium,Yes
Hazaribagh,industrial,191,Unhealthy,28.3,70,4.6,SE,0,1010.2,6.2,Medium,No
Mohammadpur,residential,198,Unhealthy,19.1,72,1.2,NW,0,1015.4,6.3,High,No
Baridhara,background,148,Unhealthy for Sensitive Groups,21.6,95,1.9,E,0,1007.9,9.7,Medium,Yes
Hazaribagh,industrial,142,Unhealthy for Sensitive Groups,29.6,87,7,NW,1.8,996,8,High,No
Mirpur,residential,127,Unhealthy for Sensitive Groups,33.5,62,4,SE,0,1010.2,8.8,Medium,No
Mohammadpur,residential,203,Very Unhealthy,16.3,69,2.8,W,0,1017.9,7.7,High,No
Tejgaon,industrial,313,Hazardous,22.2,61,4,SW,0,1014.4,2,High,Yes
Mohammadpur,residential,178,Unhealthy,27.5,78,7.3,N,0,1011.3,8.5,Medium,No
Hazaribagh,industrial,284,Very Unhealthy,18.3,75,8.6,W,0,1012.7,2.5,High,No
Mohammadpur,residential,237,Very Unhealthy,22.2,64,1,N,0,1014.3,5.3,Medium,No
Hazaribagh,industrial,131,Unhealthy for Sensitive Groups,31.2,59,4.5,S,0,1008.1,9.7,High,Yes
Uttara,residential,83,Moderate,30.8,87,7.6,S,1.4,1006.5,9.1,High,No
Old Dhaka,roadside,315,Hazardous,22.6,66,6.6,E,0,1015.7,4.4,Severe,Yes
Motijheel,roadside,165,Unhealthy,27.5,72,8.7,SW,0,1006.2,8.4,Severe,No
Gulshan,residential,69,Moderate,27,79,8.5,SW,0,1003.3,10.3,Low,Yes
Gulshan,residential,147,Unhealthy for Sensitive Groups,26.1,81,3.1,W,0,1010.3,9.9,Low,No
Old Dhaka,roadside,500,Hazardous,12.7,67,5.4,E,0,1014,1,High,Yes
Motijheel,roadside,437,Hazardous,21.3,77,4.9,NW,0,1015,0.3,High,No
Motijheel,roadside,100,Moderate,31.6,93,2.4,SE,26.8,1006.8,11.2,High,No
Uttara,residential,166,Unhealthy,22.3,68,2.6,E,0,1015.4,9.5,Medium,No
Motijheel,roadside,157,Unhealthy,30.9,81,8.1,SE,0,1004.5,8.7,High,No
Hazaribagh,industrial,360,Hazardous,22.4,71,8.1,NE,0,1016.1,4.4,Severe,Yes
Uttara,residential,78,Moderate,27.2,84,4.3,S,0,1003,10.1,Medium,No
Mohammadpur,residential,105,Unhealthy for Sensitive Groups,26.7,64,16.6,N,0,1012.7,9.6,Low,Yes
Mohammadpur,residential,152,Unhealthy,23.5,93,0.3,SW,0,1010,9,High,No
Agargaon,roadside,175,Unhealthy,26.1,84,5,NE,0,1007.6,8.2,High,No
Baridhara,background,155,Unhealthy,31,74,5.4,W,0,1015,8.7,Medium,No
Mohammadpur,residential,93,Moderate,33.7,53,14.1,SW,0,1003.2,10.8,Medium,No
Old Dhaka,roadside,171,Unhealthy,32.7,67,4.3,SW,0,1007.7,7.5,Severe,No
Uttara,residential,160,Unhealthy,26.5,73,3.4,N,0,1015.5,8.9,High,Yes
Jatrabari,industrial,264,Very Unhealthy,24.5,78,3.5,SE,0,1011.9,4.9,High,No
Jatrabari,industrial,108,Unhealthy for Sensitive Groups,27.5,61,9.5,NW,0,1012.5,9.9,Medium,No
Old Dhaka,roadside,115,Unhealthy for Sensitive Groups,32,81,13.7,SW,0,1003.5,9.9,High,Yes
Motijheel,roadside,243,Very Unhealthy,20.4,67,3.6,NW,0,1017.9,4.2,Medium,No
Old Dhaka,roadside,192,Unhealthy,23,76,2.5,NW,0,1014.4,7,Medium,No
Jatrabari,industrial,157,Unhealthy,27.3,76,2.5,W,0,1007.4,9.4,Severe,No
Agargaon,roadside,109,Unhealthy for Sensitive Groups,26.6,85,2,E,0,1005.3,8.6,Severe,No
Mohammadpur,residential,127,Unhealthy for Sensitive Groups,29,90,11.4,N,0,1010.9,9,Medium,No
Mohammadpur,residential,49,Good,28.8,81,6.5,SE,19.4,1000.1,11.6,Medium,No
Motijheel,roadside,120,Unhealthy for Sensitive Groups,23.9,71,9.2,S,37.5,1008.3,8.7,High,No
Gulshan,residential,223,Very Unhealthy,21.9,56,3.9,NW,0,1015.6,6,High,No
Agargaon,roadside,181,Unhealthy,28.4,74,18.2,S,0,1009.6,7.9,Severe,No
Jatrabari,industrial,261,Very Unhealthy,19.8,59,7.6,W,0,1015.2,4,Medium,No
Motijheel,roadside,130,Unhealthy for Sensitive Groups,36.5,76,9.1,W,0.1,1007,10,High,No
Baridhara,background,107,Unhealthy for Sensitive Groups,21.2,69,6.8,N,0,1015.7,11.8,Low,No
Dhanmondi,roadside,197,Unhealthy,29.4,76,3.3,E,0,1009,6.8,High,Yes
Mohammadpur,residential,170,Unhealthy,20.8,82,3.3,NE,0,1017.9,8.7,Medium,No
Motijheel,roadside,181,Unhealthy,26.3,71,9.1,SE,0,1013.9,7.8,High,No
Jatrabari,industrial,93,Moderate,32.3,82,6.7,SW,0.4,1005.8,9.7,High,No
Old Dhaka,roadside,168,Unhealthy,27.7,89,7.6,SE,0,1010.3,8.1,Severe,No
Hazaribagh,industrial,287,Very Unhealthy,20.3,72,3.8,N,0,1013.2,2.1,Severe,Yes
Hazaribagh,industrial,204,Very Unhealthy,14,74,4.3,NW,0,1014.8,7.5,High,No
Old Dhaka,roadside,63,Moderate,30.1,93,14,NE,0,1000.8,10.9,High,No
Dhanmondi,roadside,76,Moderate,29.9,92,7.5,W,13.8,998.7,11.4,High,Yes
Motijheel,roadside,177,Unhealthy,28.2,88,7.7,S,0,1001.4,8.2,High,Yes
Mohammadpur,residential,181,Unhealthy,26.4,89,4.9,N,0,1012.7,7.5,High,No
Motijheel,roadside,166,Unhealthy,28.1,77,3.8,SW,0,1014,8.6,Severe,No
Jatrabari,industrial,120,Unhealthy for Sensitive Groups,30,89,5.5,E,0,1001.8,8.3,Severe,No
Dhanmondi,roadside,176,Unhealthy,23.5,77,5.2,S,0,1013.7,9,Severe,No
Tejgaon,industrial,66,Moderate,29.5,93,14.5,SE,18.8,1002,10.6,High,No
Uttara,residential,65,Moderate,29.2,79,6.7,SE,0,996,10.1,Low,No
Old Dhaka,roadside,185,Unhealthy,31.5,55,14.1,W,0,1003.6,7.7,High,Yes
Mohammadpur,residential,172,Unhealthy,19.3,75,2.4,NW,0,1016,8.2,Low,Yes
Mohammadpur,residential,192,Unhealthy,17.6,62,6.5,W,0,1010.5,6.6,Medium,No
Tejgaon,industrial,168,Unhealthy,29.2,76,1.2,SE,3.6,998.7,8.4,High,Yes
Gulshan,residential,82,Moderate,30.1,95,3.7,S,0,998.2,10.5,Medium,No
Motijheel,roadside,240,Very Unhealthy,33.4,76,4.3,S,0,1006.5,5.8,Medium,No
Old Dhaka,roadside,94,Moderate,30.5,82,4.6,SW,14.7,1002.6,9.7,High,No
Dhanmondi,roadside,197,Unhealthy,24,46,9.2,NW,0,1010.7,6.2,Severe,Yes
Mirpur,residential,182,Unhealthy,23,74,1,S,0,1016.9,7.9,Low,Yes
Dhanmondi,roadside,158,Unhealthy,30.7,83,10.7,S,0,1011,8.6,Severe,No
Gulshan,residential,131,Unhealthy for Sensitive Groups,34.4,72,1.3,SW,0,1003.7,8.7,Severe,No
Dhanmondi,roadside,124,Unhealthy for Sensitive Groups,24.5,74,3.7,N,0,1015.1,9.8,High,No
Motijheel,roadside,158,Unhealthy,28.1,67,5.9,E,0,1005.1,9.2,High,Yes
Mirpur,residential,69,Moderate,32.6,65,18.6,E,0,1005.1,9.4,Low,No
Old Dhaka,roadside,71,Moderate,32.2,76,10.2,E,0.7,998.8,9.3,Low,No
Gulshan,residential,167,Unhealthy,30.5,72,15.8,SW,0,1011,9.2,Severe,No
Agargaon,roadside,80,Moderate,28.6,88,22.3,NE,0,1001.4,10.4,High,No
Old Dhaka,roadside,68,Moderate,31.2,88,12.6,NE,34.5,1001.3,8.2,High,No
Baridhara,background,120,Unhealthy for Sensitive Groups,31.2,74,4,NW,0,1006.7,9.5,High,No
Tejgaon,industrial,131,Unhealthy for Sensitive Groups,33.3,74,8.7,E,0,1002.6,10.5,Medium,No
Mirpur,residential,75,Moderate,27.5,55,7.8,SW,26.2,1006.5,10.5,Medium,No
Mirpur,residential,175,Unhealthy,16.3,67,3.1,W,0,1010,7.4,Low,No
Hazaribagh,industrial,250,Very Unhealthy,22.5,70,9.5,S,0,1010.9,6,Severe,Yes
Jatrabari,industrial,311,Hazardous,31.4,69,2.2,W,0,1004.6,5.3,High,No
Mirpur,residential,159,Unhealthy,36.7,58,3.6,E,0,1009.8,8.6,High,No
Baridhara,background,162,Unhealthy,18.8,79,0.9,NW,0,1016.1,7.4,High,No
Gulshan,residential,145,Unhealthy for Sensitive Groups,27.3,71,2.3,SE,0,1013.5,9.8,Low,No
Dhanmondi,roadside,280,Very Unhealthy,20.9,83,2.5,NW,0,1013.6,3.3,Severe,No
Baridhara,background,71,Moderate,30.7,72,6.5,S,22.5,1009.2,10.6,Low,No
Baridhara,background,101,Unhealthy for Sensitive Groups,27.9,70,10,E,0,1008.2,10.2,Low,No
Tejgaon,industrial,162,Unhealthy,32,85,4.9,S,0,1006.9,8.4,High,No
Gulshan,residential,181,Unhealthy,24.9,80,10.1,E,0,1008.7,8.1,Medium,No
Agargaon,roadside,168,Unhealthy,18.7,71,15.9,N,0,1016.5,7.1,High,No
Old Dhaka,roadside,77,Moderate,31.3,84,14.2,SE,0,1006.3,10.8,Low,No
Jatrabari,industrial,244,Very Unhealthy,29.3,82,2.4,SE,0,1011.9,3.9,High,No
Gulshan,residential,63,Moderate,32.3,89,3.9,SE,6.8,998.3,10,Medium,No
Old Dhaka,roadside,99,Moderate,30.6,78,13,SW,0,1000.3,9.1,High,No
Agargaon,roadside,195,Unhealthy,31.9,66,4.3,E,0,1014.6,5.9,Severe,Yes
Gulshan,residential,62,Moderate,31.4,86,7,N,11.6,1004,11.1,Low,No
Jatrabari,industrial,182,Unhealthy,25.5,83,7.1,E,0.6,1009.1,8.9,Medium,No
Dhanmondi,roadside,96,Moderate,28.9,90,10.7,SE,0,1004.3,11.2,Severe,No
Jatrabari,industrial,182,Unhealthy,26.7,79,6,SE,0,1011.3,8.2,Medium,Yes
Mohammadpur,residential,73,Moderate,27.7,81,2.5,N,5.9,1008.6,9.3,Medium,Yes
Jatrabari,industrial,72,Moderate,30.7,80,4.9,NW,0,1002.2,11.3,Low,Yes
Mirpur,residential,79,Moderate,33.6,58,15.7,NE,6.2,1006.4,10.3,Low,No
Dhanmondi,roadside,91,Moderate,28.7,90,6.6,S,1.4,1001.8,12,Medium,No
Baridhara,background,98,Moderate,28.1,73,14.8,SW,0,1010,9.7,Low,No
Gulshan,residential,120,Unhealthy for Sensitive Groups,28.9,83,8,SE,2.5,1000.2,8.9,Severe,Yes
Baridhara,background,199,Unhealthy,15.4,72,2.4,NW,0,1012.2,6.7,Low,No
Dhanmondi,roadside,53,Moderate,33.7,85,9.8,E,15,1000.8,10.7,Medium,No
Mirpur,residential,63,Moderate,28.2,85,14.6,SE,0,1003.9,10,Medium,No
Old Dhaka,roadside,172,Unhealthy,23.8,71,5.6,S,0,1010.4,6.7,High,No
Tejgaon,industrial,266,Very Unhealthy,19.8,72,5.3,S,0,1013.6,6.1,High,No
Jatrabari,industrial,223,Very Unhealthy,19.9,67,6.2,SW,0,1011.7,5.3,Medium,No
Old Dhaka,roadside,192,Unhealthy,32.7,67,10.3,E,0,1008.8,5.7,Severe,No
Mirpur,residential,213,Very Unhealthy,26,79,2.9,SW,0,1019,6.2,Medium,No
Uttara,residential,183,Unhealthy,25.1,82,1.1,SE,0,1008.9,6.2,High,No
Mohammadpur,residential,104,Unhealthy for Sensitive Groups,29.6,63,11.3,SE,0,1005.4,9.6,High,No
Mohammadpur,residential,99,Moderate,32.9,84,6.6,SW,0,999.7,9.9,High,Yes
Gulshan,residential,208,Very Unhealthy,22.3,83,6.3,NE,0,1017,5.5,Severe,No
Jatrabari,industrial,184,Unhealthy,33,66,6.4,SE,0,1009.6,6.9,High,No
Tejgaon,industrial,188,Unhealthy,25.5,78,6.9,NW,0,1011.4,7.6,Severe,No
Old Dhaka,roadside,246,Very Unhealthy,33.8,73,3.5,N,0,1004,4.1,High,No
Mirpur,residential,197,Unhealthy,21.8,72,3.6,SW,0,1016,5.9,Medium,No
Jatrabari,industrial,194,Unhealthy,19.7,67,2.2,SW,0,1015.6,7.6,Medium,Yes
Gulshan,residential,147,Unhealthy for Sensitive Groups,25.5,72,4,E,0,1011.8,8.3,Severe,No
Mohammadpur,residential,162,Unhealthy,27.3,78,1.6,NE,0,1008.4,7.6,High,No
Mohammadpur,residential,163,Unhealthy,24.8,75,7.8,NW,0,1012.2,9,Medium,No
Jatrabari,industrial,142,Unhealthy for Sensitive Groups,28,96,16.3,NW,0,997.9,9,Medium,Yes
Baridhara,background,198,Unhealthy,16.2,58,1.6,NW,0,1017.9,7,Low,No
Gulshan,residential,62,Moderate,28.9,99,6.7,SE,9.1,1005,10.5,Medium,No
Dhanmondi,roadside,238,Very Unhealthy,17.6,68,4.2,NE,0,1011,5.9,Medium,Yes
Dhanmondi,roadside,153,Unhealthy,27,85,13,E,0,1009,8.5,High,No
Gulshan,residential,140,Unhealthy for Sensitive Groups,29.4,72,5.4,SW,5.3,1009,9.1,High,No
Gulshan,residential,160,Unhealthy,20.6,57,9.9,N,0,1017.3,9.4,Medium,No
Gulshan,residential,145,Unhealthy for Sensitive Groups,31.2,57,11.5,SE,0,1007.2,8.9,Medium,No
Mohammadpur,residential,175,Unhealthy,20,67,5.8,N,0,1018.9,6.8,Low,Yes
Dhanmondi,roadside,168,Unhealthy,32.6,72,4.8,S,0,1006.3,7.1,Severe,No
Dhanmondi,roadside,199,Unhealthy,13.1,70,5.9,NE,0,1011.7,6.2,High,No
Old Dhaka,roadside,500,Hazardous,22.8,68,2.1,SW,0,1013.2,2.2,Severe,No
Gulshan,residential,126,Unhealthy for Sensitive Groups,24.9,87,3.9,N,0,1008.7,9.6,Medium,No
Agargaon,roadside,234,Very Unhealthy,17.4,70,0.9,S,0,1017.6,4.5,Severe,Yes
Jatrabari,industrial,166,Unhealthy,27.9,80,11.8,E,0,1015.8,8,Severe,No
Gulshan,residential,187,Unhealthy,18.7,95,5.4,N,0,1016.2,2.3,Low,No
Baridhara,background,80,Moderate,30.9,85,14.9,SW,1.3,1000.3,9.6,Medium,No
Gulshan,residential,97,Moderate,31.4,62,8,SE,0,1007.6,9.1,Low,Yes
Baridhara,background,164,Unhealthy,26.3,82,5.9,N,0,1006.9,7.9,Medium,No
Dhanmondi,roadside,274,Very Unhealthy,24.4,76,7.2,N,0,1014.5,4.1,High,No
Mirpur,residential,189,Unhealthy,21.5,72,4.6,W,0,1010.8,7.6,Severe,No
Uttara,residential,89,Moderate,30.5,86,5.7,SW,0,1003.2,11.3,Medium,No
Mohammadpur,residential,74,Moderate,31.2,97,5.2,S,0,1001.6,10.4,Medium,No
Old Dhaka,roadside,75,Moderate,28.7,96,3.1,S,19.3,1004,9.8,High,No
Baridhara,background,141,Unhealthy for Sensitive Groups,26.6,69,3.8,NW,0,1016.9,7.5,Medium,No
Agargaon,roadside,172,Unhealthy,15.2,65,9.3,NW,0,1013.6,7.2,Low,No
Dhanmondi,roadside,162,Unhealthy,27.3,81,3.8,W,0,1013.5,8.9,Medium,Yes
Agargaon,roadside,67,Moderate,29.5,80,21.5,W,7.9,999,10.1,Severe,No
Gulshan,residential,85,Moderate,29.4,92,1.3,S,5.7,1008.6,9.3,Medium,No
Tejgaon,industrial,478,Hazardous,17.4,73,9.6,N,0,1011.6,2.9,Severe,Yes
Jatrabari,industrial,319,Hazardous,16.3,91,4,S,0,1016.9,0.3,Severe,No
Uttara,residential,121,Unhealthy for Sensitive Groups,30,90,7.1,E,0,1014.1,8.6,High,No
Hazaribagh,industrial,155,Unhealthy,27.8,76,3.3,S,3,1002.5,10,Medium,No
Dhanmondi,roadside,270,Very Unhealthy,22.4,66,1.2,NW,0,1012.4,4.2,Severe,No
Mohammadpur,residential,126,Unhealthy for Sensitive Groups,28.6,63,9,NE,0,1009.1,8.9,Medium,No
Motijheel,roadside,81,Moderate,29.3,68,14.9,S,0,999.4,10.3,Medium,Yes
Motijheel,roadside,191,Unhealthy,32.3,69,7.5,S,0,1007,7.6,Medium,No
Uttara,residential,132,Unhealthy for Sensitive Groups,30.6,58,5.4,N,0,1009,9.6,Low,No
Agargaon,roadside,94,Moderate,28,98,6.4,SW,0,1003.2,11.1,High,No
Motijheel,roadside,170,Unhealthy,28.3,77,7.1,W,0,1007.1,7.5,High,No
Hazaribagh,industrial,81,Moderate,31.2,83,5.5,E,6.1,998.5,9.7,High,No
Mohammadpur,residential,64,Moderate,31.1,82,7.3,SW,8.9,1006.3,11.6,Medium,No
Motijheel,roadside,284,Very Unhealthy,19.8,82,6.9,NW,0,1014.6,3.6,High,Yes
Mohammadpur,residential,155,Unhealthy,26,92,7,SE,0,1010,8.3,Medium,No
Agargaon,roadside,165,Unhealthy,30.5,61,4.6,E,0,1007.6,7.2,High,No
Jatrabari,industrial,170,Unhealthy,30.2,60,6.2,SE,0,1002.9,7.4,Medium,No
Agargaon,roadside,96,Moderate,26.9,83,2.8,SW,10.4,1001.9,8.9,Medium,Yes
Tejgaon,industrial,181,Unhealthy,30.1,88,8.8,SE,0,1001.5,6.8,High,No
Jatrabari,industrial,57,Moderate,32.3,64,3.9,SW,28.4,1006.6,10.7,Medium,No
Dhanmondi,roadside,105,Unhealthy for Sensitive Groups,30.1,89,0.7,NE,0,1005.1,8.9,Medium,No
Mohammadpur,residential,157,Unhealthy,31.4,94,3.5,E,0,1007.9,8.3,Medium,No
Jatrabari,industrial,246,Very Unhealthy,24.5,67,7.1,NW,0,1010.9,4.1,Severe,No
Uttara,residential,162,Unhealthy,25.3,74,7.3,SW,0,1009.5,8.1,Severe,No
Old Dhaka,roadside,190,Unhealthy,19.5,59,9.4,NW,0,1014.5,7.6,Medium,No
Uttara,residential,104,Unhealthy for Sensitive Groups,31.6,61,26.5,S,0,1009.1,10.2,Medium,No
Tejgaon,industrial,116,Unhealthy for Sensitive Groups,26.6,83,6.6,SW,18.4,1001.7,8.9,Severe,No
Mohammadpur,residential,150,Unhealthy for Sensitive Groups,21.1,64,4.2,NW,0,1014.3,10,Low,No
Mohammadpur,residential,74,Moderate,30.4,89,7.2,SW,6,996.1,11.7,Low,No
Mohammadpur,residential,177,Unhealthy,25.7,69,5.5,S,0,1009,8.5,Severe,No
Mohammadpur,residential,368,Hazardous,18.6,72,1.9,W,0,1010.9,1.1,High,No
Dhanmondi,roadside,186,Unhealthy,16.2,68,1.7,NW,0,1013.8,6.7,High,Yes
Mohammadpur,residential,190,Unhealthy,17.4,68,4.4,NW,0,1012.9,7.9,High,No
Tejgaon,industrial,160,Unhealthy,27.7,65,17.6,SW,0,1001.3,9.3,Medium,No
Jatrabari,industrial,132,Unhealthy for Sensitive Groups,30.7,83,4.7,S,0,1002.3,9.1,Severe,No
Tejgaon,industrial,81,Moderate,33.2,88,10.5,SW,0,1000.9,11.8,Severe,No
Motijheel,roadside,265,Very Unhealthy,19.9,55,10.1,SW,0,1016.3,5.1,High,Yes
Agargaon,roadside,236,Very Unhealthy,11.4,72,7.5,N,0,1016.4,4.4,Severe,No
Hazaribagh,industrial,166,Unhealthy,27.7,71,8.7,SE,2.4,1012.5,9.3,Severe,No
Mirpur,residential,193,Unhealthy,18.3,67,1.9,N,0,1016.3,6.6,Severe,Yes
Old Dhaka,roadside,105,Unhealthy for Sensitive Groups,28,73,5.5,SW,0,1003.2,10.2,Low,No
Gulshan,residential,75,Moderate,30.6,82,1.8,SE,0,1004.4,10.7,High,No
Gulshan,residential,83,Moderate,31.6,87,4.1,E,0,1002.9,9.5,Low,No
Jatrabari,industrial,461,Hazardous,25.3,82,1.8,NW,0,1011.5,0.3,Severe,No
Uttara,residential,69,Moderate,27,76,9.2,SW,0,1001.6,10.9,High,Yes
Agargaon,roadside,270,Very Unhealthy,22,81,1.8,W,0,1011.6,4,Severe,No
Jatrabari,industrial,228,Very Unhealthy,25.3,87,1.9,NE,0,1012.3,6.6,Medium,Yes
Hazaribagh,industrial,233,Very Unhealthy,18.5,66,4.5,W,0,1016.2,6.1,High,Yes
Old Dhaka,roadside,227,Very Unhealthy,17.2,70,0.9,W,0,1014.6,7.5,Medium,No
Agargaon,roadside,136,Unhealthy for Sensitive Groups,29.3,51,24.9,NW,0,1012.3,10.3,High,No
Mirpur,residential,153,Unhealthy,32.4,61,6,N,0,1010.8,8.7,Low,No
Agargaon,roadside,83,Moderate,30.8,87,13.8,SE,0,999.9,10.4,Medium,No
Mirpur,residential,204,Very Unhealthy,19.7,78,1.8,SE,0,1015,6.4,High,No
Baridhara,background,143,Unhealthy for Sensitive Groups,21.9,65,5.9,N,0,1019,10.2,Low,No
Mirpur,residential,101,Unhealthy for Sensitive Groups,29.4,89,10.4,NW,0,1004.8,10.9,Low,No
Dhanmondi,roadside,112,Unhealthy for Sensitive Groups,28,88,3,S,0,998.9,8,Low,Yes
Old Dhaka,roadside,79,Moderate,29.1,75,10.9,SW,0,1008.7,10.2,Medium,No
Baridhara,background,113,Unhealthy for Sensitive Groups,25.5,88,3.1,SE,0,1009.8,10.5,Medium,No
Jatrabari,industrial,337,Hazardous,11.8,60,3.4,NE,0,1009.9,1.9,Severe,No
Motijheel,roadside,163,Unhealthy,29.6,71,3.3,W,0,1004.9,8,Medium,Yes
Motijheel,roadside,154,Unhealthy,29.8,71,8.8,SE,0,1009.9,8.9,Medium,Yes
Hazaribagh,industrial,59,Moderate,31.4,74,8.1,SE,31.6,1004,10.7,High,No
Mohammadpur,residential,116,Unhealthy for Sensitive Groups,30.9,93,7.7,SE,6.3,1002.1,10.1,Medium,No
Dhanmondi,roadside,76,Moderate,30.2,83,7.6,N,0,998.5,10.5,Medium,Yes
Hazaribagh,industrial,277,Very Unhealthy,24.1,84,5.7,NW,0,1007.7,4.6,Low,No
Tejgaon,industrial,174,Unhealthy,24.3,70,3,NW,0,1012.2,8.1,High,Yes
Motijheel,roadside,117,Unhealthy for Sensitive Groups,28.3,73,10.4,NE,0,1002.1,10.2,High,Yes
Baridhara,background,64,Moderate,32,81,3.4,S,0,1005,11.1,Low,Yes
Gulshan,residential,70,Moderate,30,100,7.6,W,14.9,1000.4,9.4,Medium,No
Gulshan,residential,109,Unhealthy for Sensitive Groups,29.3,75,6.6,NE,0,1006.3,10,High,No
Gulshan,residential,176,Unhealthy,20.9,74,3.2,N,0,1013.6,8.8,High,No
Gulshan,residential,67,Moderate,29.2,90,6,E,0,1000.5,8.7,Low,Yes
Old Dhaka,roadside,97,Moderate,28.5,81,7.7,SW,5.3,1002.9,8.9,Medium,Yes
Uttara,residential,191,Unhealthy,16,92,7.5,NW,0,1013.8,4,High,No
Motijheel,roadside,146,Unhealthy for Sensitive Groups,31.8,72,7.6,SE,0,1002.8,9.6,Severe,Yes
Hazaribagh,industrial,166,Unhealthy,27.5,81,9.5,S,0,1014.3,8,Severe,No
Jatrabari,industrial,253,Very Unhealthy,34.8,76,4.5,S,0,1007.5,5.5,High,No
Dhanmondi,roadside,174,Unhealthy,30.3,58,5.9,W,0,1008.6,8.7,Severe,No
Uttara,residential,56,Moderate,29.4,78,9.3,E,5.5,1005.3,10.2,High,No
Agargaon,roadside,185,Unhealthy,30.6,76,2,SW,0,1010.5,7,Medium,Yes
Uttara,residential,58,Moderate,31.8,93,11.2,SW,20.4,1001.5,10.2,High,No
Old Dhaka,roadside,199,Unhealthy,27.4,68,2.1,NE,0,1008.3,6.6,High,No
Old Dhaka,roadside,227,Very Unhealthy,13.5,69,13.8,W,0,1017.1,5.3,High,No
Gulshan,residential,124,Unhealthy for Sensitive Groups,25,76,3.2,E,0,1007.1,9.9,Medium,No
Old Dhaka,roadside,172,Unhealthy,24.4,65,14,NE,0,1011.5,8.8,High,Yes
Gulshan,residential,89,Moderate,30.1,81,10.6,SW,0,1003.3,10,Medium,No
Gulshan,residential,75,Moderate,29.1,89,2.1,NE,0,998.7,9.5,Low,No
Jatrabari,industrial,370,Hazardous,24.6,58,2.4,N,0,1018.1,0.8,High,No
Hazaribagh,industrial,123,Unhealthy for Sensitive Groups,27.1,79,2.6,S,5.9,1002,6.9,Medium,No
Baridhara,background,173,Unhealthy,14.9,74,3.8,S,0,1011.7,8,Low,No
Hazaribagh,industrial,207,Very Unhealthy,19.9,73,8.7,NW,0,1014.9,5.6,Severe,No
Agargaon,roadside,95,Moderate,28.3,78,12.9,SE,0,1012.8,9.1,High,No
Jatrabari,industrial,178,Unhealthy,9.9,61,2.1,W,0,1011.6,7.8,Low,No
Mirpur,residential,72,Moderate,26.9,80,2.6,SE,0,1003.8,10.7,High,No
Baridhara,background,142,Unhealthy for Sensitive Groups,30.3,71,9.4,S,0,1009,8.8,Low,No
Old Dhaka,roadside,168,Unhealthy,34.4,63,2.4,NE,0,1006,8.8,High,No
Hazaribagh,industrial,167,Unhealthy,35.7,70,13.3,S,0,1007.3,9.2,Medium,Yes
Jatrabari,industrial,159,Unhealthy,30,61,11.1,S,0,1009.9,8.5,High,No
Mohammadpur,residential,112,Unhealthy for Sensitive Groups,29.7,89,6.9,SE,1.7,1005.8,9.2,Low,No
Gulshan,residential,120,Unhealthy for Sensitive Groups,24.9,82,9.1,NW,0,1009.7,9.6,Medium,No
Hazaribagh,industrial,173,Unhealthy,32.6,55,12.7,NE,0,1004.9,6.9,High,No
Baridhara,background,109,Unhealthy for Sensitive Groups,30.8,79,2.5,NW,0,1010.6,8.8,Medium,No
Dhanmondi,roadside,108,Unhealthy for Sensitive Groups,32.3,73,2.5,NW,0.4,999.3,9.6,Low,Yes
Hazaribagh,industrial,91,Moderate,29.9,70,6.3,SE,7,1005.1,9.6,Medium,Yes
Tejgaon,industrial,213,Very Unhealthy,16.1,65,8.5,NW,0,1016.2,6.1,Low,Yes
Baridhara,background,122,Unhealthy for Sensitive Groups,19,92,2.2,NW,0,1015,8.7,Low,No
Uttara,residential,167,Unhealthy,30.5,84,2.1,NE,0,1013.8,6.5,Medium,No
Mohammadpur,residential,87,Moderate,29.3,96,2.8,S,0,1003.9,9.4,Low,No
Hazaribagh,industrial,159,Unhealthy,26.5,73,5.3,W,0,1009.4,8.5,Severe,Yes
Mohammadpur,residential,96,Moderate,26.1,80,0.4,E,0,1012.4,8.7,Low,No
Old Dhaka,roadside,229,Very Unhealthy,30.3,75,3.9,E,0,1010.5,6.4,High,No
Baridhara,background,50,Good,26.7,80,9,SE,33.1,998.6,12,Severe,No
Jatrabari,industrial,166,Unhealthy,31.6,72,13.1,S,0,1008.3,8.5,Medium,No
Jatrabari,industrial,200,Unhealthy,28.3,87,17.5,NW,0,1014.9,5.6,High,No
Motijheel,roadside,320,Hazardous,25.5,76,4.4,NW,0,1014.2,3.3,Severe,No
Jatrabari,industrial,500,Hazardous,14.3,80,3.1,W,0,1013.6,1.1,High,No
Tejgaon,industrial,81,Moderate,31.3,86,19.6,S,0,1001.1,9.7,Severe,Yes
Dhanmondi,roadside,241,Very Unhealthy,22.4,84,4.8,N,0,1015,3.7,Severe,No
Old Dhaka,roadside,398,Hazardous,28.3,76,5.3,N,0,1013.7,2.6,Medium,Yes
Agargaon,roadside,102,Unhealthy for Sensitive Groups,28.2,100,14.5,S,0,1002,9.9,High,No
Agargaon,roadside,156,Unhealthy,15.3,75,1.2,NW,0,1017.8,8.1,High,No
Gulshan,residential,176,Unhealthy,19.3,67,5.1,W,0,1016.2,7.1,Low,No
Old Dhaka,roadside,177,Unhealthy,27.2,69,1.8,NE,0,1013.3,8.3,High,Yes
Uttara,residential,63,Moderate,29,79,1.3,SE,6.5,1002.1,10.7,Low,No
Tejgaon,industrial,258,Very Unhealthy,30.2,70,2.5,N,0,1010.4,5.3,Severe,No
Tejgaon,industrial,172,Unhealthy,17.6,69,12.5,E,0,1011.7,9,Low,No
Dhanmondi,roadside,186,Unhealthy,22.3,68,1.3,S,0,1004.9,7.4,High,Yes
Hazaribagh,industrial,98,Moderate,29.6,95,4.8,SW,0,1001,10.1,Medium,No
Agargaon,roadside,115,Unhealthy for Sensitive Groups,30.9,86,11.1,SE,0,995.7,9.7,Severe,Yes
Uttara,residential,164,Unhealthy,31.9,69,3.8,SW,0,1006.8,7.5,Medium,Yes
Gulshan,residential,166,Unhealthy,20.2,61,16.1,NW,0,1016.7,8.5,Medium,No
Gulshan,residential,123,Unhealthy for Sensitive Groups,30.7,72,5.1,NW,0,1011.1,9.7,Low,No
Agargaon,roadside,190,Unhealthy,24.2,60,1.2,NW,0,1003.9,7.7,High,Yes
Tejgaon,industrial,244,Very Unhealthy,29.9,81,3.6,S,0,1005.9,6,Medium,No
Old Dhaka,roadside,249,Very Unhealthy,30.9,67,1.3,NE,0,1012.3,4.8,Severe,Yes
Jatrabari,industrial,251,Very Unhealthy,12.1,59,2.6,S,0,1018.1,4.5,High,Yes
Jatrabari,industrial,207,Very Unhealthy,18.8,81,3.8,W,0,1016.3,5.9,High,Yes
Mirpur,residential,153,Unhealthy,23.3,73,8.1,W,0,1014.9,10,Medium,No
Mirpur,residential,90,Moderate,34,69,28.1,E,0,1008.1,10.2,High,No
Dhanmondi,roadside,180,Unhealthy,21.3,73,3.9,NW,0,1019.6,6.9,Severe,Yes
Dhanmondi,roadside,120,Unhealthy for Sensitive Groups,32.7,76,11.2,NW,0,1007,8.7,Severe,No
Old Dhaka,roadside,401,Hazardous,15.4,71,4.3,E,0,1011.2,3.2,Severe,Yes
Mirpur,residential,94,Moderate,32.5,73,3.1,SW,4.8,1000.8,9.6,Low,No
Dhanmondi,roadside,159,Unhealthy,24,84,3.1,W,0,1009.1,8.2,Medium,Yes
Gulshan,residential,66,Moderate,27.9,88,16.3,S,3.3,999,9.9,Medium,No
Gulshan,residential,209,Very Unhealthy,20.4,79,3.3,N,0,1013.2,5.7,Medium,No
Gulshan,residential,76,Moderate,29.1,75,18.3,W,0,1008.8,11.2,Medium,No
Gulshan,residential,193,Unhealthy,19.7,64,5,W,0,1012.4,6.7,Medium,No
Tejgaon,industrial,120,Unhealthy for Sensitive Groups,30.8,88,7.3,SW,5.8,1000.7,10.1,Medium,Yes
Dhanmondi,roadside,98,Moderate,33.2,77,14.2,SW,0,1008.9,10.4,High,No
Mohammadpur,residential,134,Unhealthy for Sensitive Groups,32.1,49,8.6,N,0,1008.4,7.9,High,No
Mohammadpur,residential,220,Very Unhealthy,16.8,72,0.3,SE,0,1015.8,5.9,Medium,Yes
Old Dhaka,roadside,224,Very Unhealthy,28.7,85,2.8,N,0,1012.3,5.4,Low,Yes
Agargaon,roadside,162,Unhealthy,24.9,77,5.7,S,0,1011.4,8.8,Medium,No
Tejgaon,industrial,127,Unhealthy for Sensitive Groups,31.6,89,7.9,SE,4.4,1000.7,9.7,High,No
Motijheel,roadside,278,Very Unhealthy,27.2,81,6,NW,0,1011.7,4.4,Severe,Yes
Old Dhaka,roadside,181,Unhealthy,28,78,4.8,E,0,1012.3,7.5,Severe,Yes
Old Dhaka,roadside,181,Unhealthy,12.8,71,5.1,NW,0,1010.7,7.5,Medium,No
Mirpur,residential,74,Moderate,25.9,96,15.1,SE,0,1000.8,10.6,Medium,No
Hazaribagh,industrial,172,Unhealthy,27.2,60,5.5,SW,0,1002.7,9.4,High,No
Mirpur,residential,155,Unhealthy,35.4,74,6.9,SE,0,1004.7,8.4,Medium,No
Dhanmondi,roadside,167,Unhealthy,15,61,8.8,NW,2.6,1016.2,8.7,High,No
Motijheel,roadside,129,Unhealthy for Sensitive Groups,28.8,72,9.7,E,9.4,1009.8,10.2,Severe,Yes
Dhanmondi,roadside,98,Moderate,28.8,95,2.5,SW,0,1001.3,9.3,Medium,Yes
Gulshan,residential,179,Unhealthy,18.2,60,0.7,NW,0,1008.1,8.4,Medium,No
Hazaribagh,industrial,197,Unhealthy,30.9,66,12,N,0,1003.5,6,Medium,No
Uttara,residential,88,Moderate,35.1,87,9.7,E,8.7,1004,11.1,Medium,No
Gulshan,residential,88,Moderate,31.1,93,6.6,E,0,997.6,8.5,Severe,No
Hazaribagh,industrial,193,Unhealthy,28,72,8.9,SW,0,1011.4,7.3,High,No
Old Dhaka,roadside,332,Hazardous,34.2,63,6.2,N,0,1007.1,3.7,Severe,Yes
Mirpur,residential,140,Unhealthy for Sensitive Groups,29.4,67,9.4,E,0,1009,8.4,Medium,No
Jatrabari,industrial,131,Unhealthy for Sensitive Groups,31.9,95,4.6,N,5.9,1005.2,9.9,Medium,No
Hazaribagh,industrial,178,Unhealthy,33.3,60,3.9,W,0,1010.4,9.3,High,No
Mirpur,residential,71,Moderate,31.6,77,5.5,SW,0,1002.9,8.7,Medium,Yes
Dhanmondi,roadside,216,Very Unhealthy,18.5,76,1.2,S,0,1015.5,6.3,Severe,No
Mohammadpur,residential,179,Unhealthy,17.5,57,2.4,NW,0,1015.7,6.9,Low,No
Mirpur,residential,213,Very Unhealthy,28.8,61,7.1,SE,0,1004.5,6,Severe,No
Gulshan,residential,172,Unhealthy,25,77,6.8,NW,0,1011.7,7.1,High,No
Gulshan,residential,117,Unhealthy for Sensitive Groups,28.7,68,15.6,S,0,1005.7,10.5,Low,No
Gulshan,residential,164,Unhealthy,20.3,59,4.4,N,0,1011.9,8.9,Low,No
Dhanmondi,roadside,107,Unhealthy for Sensitive Groups,29.6,88,3.5,SW,0,997.5,9.8,Severe,No
Mohammadpur,residential,150,Unhealthy for Sensitive Groups,28.1,82,1.8,S,0,1004.9,9.1,Medium,No
Gulshan,residential,136,Unhealthy for Sensitive Groups,32.2,63,14.8,E,0,1006.4,9.2,Medium,No
Baridhara,background,203,Very Unhealthy,15.3,83,5.3,W,0,1013.3,7.3,High,No
Gulshan,residential,99,Moderate,28,88,5.9,W,0,1000.1,11.1,Medium,No
Jatrabari,industrial,153,Unhealthy,30.4,60,8.3,E,0,1004.1,9.7,High,Yes
Gulshan,residential,54,Moderate,28.6,98,11.5,SW,11.7,1000.6,11.8,Medium,No
Agargaon,roadside,434,Hazardous,15.9,66,12.1,NW,0,1012.3,0.8,Severe,No
Tejgaon,industrial,348,Hazardous,24.9,71,1.5,N,0,1015.2,2.5,High,No
Jatrabari,industrial,184,Unhealthy,27.2,64,6.2,SE,0,1008.8,6.8,Low,Yes
Motijheel,roadside,68,Moderate,33.6,90,10.9,SW,18.9,1000.8,11.2,High,Yes
Baridhara,background,147,Unhealthy for Sensitive Groups,31.7,64,2.4,W,0,1009.7,10.5,Low,No
Motijheel,roadside,193,Unhealthy,22.5,67,15,NW,0,1013.1,6.8,Severe,Yes
Baridhara,background,155,Unhealthy,33.2,67,6.2,E,0,1002.2,8.5,High,Yes
Mirpur,residential,71,Moderate,31.1,81,22.7,E,1.5,1005.4,10,Medium,No
Baridhara,background,163,Unhealthy,24.8,79,1.4,W,0,1009.9,6.9,Low,Yes
Baridhara,background,63,Moderate,28.1,75,13,S,5.8,1000.6,10.8,High,No
Mirpur,residential,51,Moderate,29.7,85,3.9,W,9.5,1004,10.5,Low,No
Uttara,residential,102,Unhealthy for Sensitive Groups,28.9,69,7.5,S,0,1010.1,10.4,Medium,No
Hazaribagh,industrial,205,Very Unhealthy,22.8,77,7.8,NW,0,1010.6,5.6,Medium,No
Tejgaon,industrial,198,Unhealthy,25.3,86,9.6,S,0.2,1009.6,7.2,Severe,No
Dhanmondi,roadside,162,Unhealthy,35.7,56,10,SE,0,1012.2,8.8,Medium,Yes
Hazaribagh,industrial,187,Unhealthy,18.4,75,4.7,N,0,1017.3,5.8,Medium,No
Gulshan,residential,117,Unhealthy for Sensitive Groups,36,58,8.2,NE,0,1009.7,8.6,Medium,No
Dhanmondi,roadside,204,Very Unhealthy,26.3,66,22.4,N,0,1016.2,5.9,Medium,No
Agargaon,roadside,65,Moderate,35.4,74,13.7,SW,3.2,1003.5,10.9,High,Yes
Motijheel,roadside,155,Unhealthy,31.8,75,2.4,E,0,1011.6,9.2,Low,Yes
Dhanmondi,roadside,140,Unhealthy for Sensitive Groups,32.9,73,5.7,W,0,1010.7,10.4,High,No
Baridhara,background,108,Unhealthy for Sensitive Groups,31.8,81,10.4,S,0,1002.4,8.8,Low,Yes
Uttara,residential,142,Unhealthy for Sensitive Groups,31.6,70,0.7,SE,0,1003.6,10.1,Medium,No
Mirpur,residential,198,Unhealthy,20,74,10.7,N,0,1016.7,6.5,Low,Yes
Mirpur,residential,85,Moderate,30,76,3.3,SW,1.5,1005,10.5,Low,No
Jatrabari,industrial,236,Very Unhealthy,19.5,76,3,W,0,1015.4,6.7,Low,No
Motijheel,roadside,202,Very Unhealthy,28.9,91,2,W,0,1008.2,5.4,High,Yes
Mohammadpur,residential,178,Unhealthy,25.8,85,10.2,SW,0,1011.5,8.4,Medium,No
Jatrabari,industrial,255,Very Unhealthy,14.2,60,7.5,NW,0,1015.9,4.4,Medium,No
Mirpur,residential,96,Moderate,30.7,81,13.5,S,0,997.2,11.5,Medium,No
Gulshan,residential,62,Moderate,28.8,86,17.6,SE,0,1005.8,11.5,Medium,No
Dhanmondi,roadside,158,Unhealthy,25.5,73,6.2,N,0,1013.2,10.7,High,No
Hazaribagh,industrial,156,Unhealthy,30.6,88,5.2,SW,0,1004.3,7.5,High,Yes
Motijheel,roadside,243,Very Unhealthy,17.7,66,5.8,NW,0,1014.8,4.1,Medium,No
Agargaon,roadside,95,Moderate,32,85,4.2,SE,6.4,1001.2,8.4,Severe,No
Gulshan,residential,184,Unhealthy,18.4,65,7.2,NW,0,1018.2,7.6,High,Yes
Agargaon,roadside,88,Moderate,32.1,87,15.1,NE,3.1,1000.6,11.8,Severe,Yes
Uttara,residential,227,Very Unhealthy,19.7,81,2.5,NW,0,1012,5.1,High,Yes
Gulshan,residential,66,Moderate,29.8,86,8.1,E,0,1001.7,9.8,Low,Yes
Tejgaon,industrial,205,Very Unhealthy,27.4,76,4.9,N,0,1008.4,6.4,Severe,No
Uttara,residential,152,Unhealthy,14.5,61,4.8,S,1.5,1017.4,8.5,Low,No
Agargaon,roadside,167,Unhealthy,31.8,78,14.3,W,0,1006.8,8.1,Medium,No
Agargaon,roadside,66,Moderate,31.5,84,9.5,E,0,999,11.3,High,No
Tejgaon,industrial,216,Very Unhealthy,22.5,69,4.1,N,0,1013.2,6.5,Severe,No
Baridhara,background,61,Moderate,27.6,66,6.1,S,11.3,1000.8,11.9,Low,Yes
Mirpur,residential,112,Unhealthy for Sensitive Groups,27.3,84,7.4,N,0,1001.2,9.1,High,Yes
Motijheel,roadside,184,Unhealthy,29.7,65,7.8,S,0,1002.9,8,High,No
Tejgaon,industrial,158,Unhealthy,30.5,63,5.7,N,0,1008.1,8.8,High,Yes
Jatrabari,industrial,61,Moderate,30.4,93,11.5,E,0,1002.6,9.8,High,No
Motijheel,roadside,171,Unhealthy,28.6,81,2.5,SE,0,1005.2,8.4,Severe,No
Mirpur,residential,189,Unhealthy,13.9,85,6.9,S,0,1013.7,5.3,Medium,No
Mirpur,residential,190,Unhealthy,16.6,81,7.4,N,0,1015.2,7.7,Low,Yes
Jatrabari,industrial,161,Unhealthy,16.4,64,15.8,NW,0,1020.8,8.9,Low,No
Mirpur,residential,173,Unhealthy,29.3,89,5,NE,0,1011.6,8.1,Severe,No
Hazaribagh,industrial,144,Unhealthy for Sensitive Groups,29.5,91,7.4,NE,0,1006.1,9.5,Medium,No
Mirpur,residential,155,Unhealthy,24.4,74,10,S,0,1012.4,8.2,High,Yes
Old Dhaka,roadside,296,Very Unhealthy,21.6,62,6.7,S,0,1015.5,3,High,No
Hazaribagh,industrial,79,Moderate,31.2,68,1.1,S,0,1000.9,9.3,Medium,Yes
Mohammadpur,residential,154,Unhealthy,27.9,88,1.3,SW,0,999.1,7.9,Low,Yes
Uttara,residential,66,Moderate,29.8,77,6,SE,0,1004,9.9,Medium,No
Agargaon,roadside,188,Unhealthy,20.2,73,5,NW,0,1008.2,7.2,Medium,No
Gulshan,residential,157,Unhealthy,27.4,73,6.7,SE,0,1009.9,7.6,Severe,No
Tejgaon,industrial,500,Hazardous,13,64,1.7,NW,0,1014.1,0.3,Medium,Yes
Hazaribagh,industrial,215,Very Unhealthy,19.5,66,7.6,E,0,1013.2,6.1,Medium,No
Old Dhaka,roadside,230,Very Unhealthy,28.6,68,1.8,N,0,1010.7,6.8,Severe,No
Uttara,residential,96,Moderate,34.9,64,10.3,SE,0,1003.8,9.9,Medium,No
Jatrabari,industrial,181,Unhealthy,29.3,62,3.4,S,0,1008.3,7.7,Severe,No
Mirpur,residential,76,Moderate,29,85,10.1,SE,0.2,1009.3,8.9,Low,No
Old Dhaka,roadside,129,Unhealthy for Sensitive Groups,26.5,79,10,NW,0,1008.7,8.7,High,No
Motijheel,roadside,210,Very Unhealthy,20,61,2.7,N,0,1016,6.3,Severe,Yes
Baridhara,background,63,Moderate,30.2,94,9.1,S,0,1002.4,10.4,Medium,Yes
Mohammadpur,residential,152,Unhealthy,32.5,67,8.7,W,0,1007.5,8.1,Low,No
Mirpur,residential,185,Unhealthy,15.1,82,2.6,NE,0,1013.8,8.1,Low,No
Hazaribagh,industrial,198,Unhealthy,32,70,2.5,S,0,1007,6.7,Medium,No
Gulshan,residential,54,Moderate,28.7,86,10.6,S,16.5,1002.5,10,High,Yes
Baridhara,background,162,Unhealthy,18.5,66,14.4,W,6.1,1017,7.8,Medium,Yes
Tejgaon,industrial,183,Unhealthy,35.3,73,6.2,N,0,1008.8,7.6,Medium,Yes
Old Dhaka,roadside,120,Unhealthy for Sensitive Groups,27.5,85,1.1,SE,1.7,1005.2,9.3,High,No
Tejgaon,industrial,92,Moderate,29.5,92,0.6,S,10.1,1000.2,9.6,High,No
Tejgaon,industrial,68,Moderate,27.7,98,7.3,SE,19.5,1002.5,9.8,High,Yes
Tejgaon,industrial,163,Unhealthy,27.4,72,1.4,S,0,1010.6,8.4,Medium,No
Agargaon,roadside,167,Unhealthy,33.6,73,1.6,N,0,1009.1,9.2,High,No
Dhanmondi,roadside,169,Unhealthy,31.4,73,3.9,NE,0,1003.1,8,High,No
Jatrabari,industrial,130,Unhealthy for Sensitive Groups,30.7,72,11.6,S,17.2,1009.7,9.2,High,Yes
Jatrabari,industrial,116,Unhealthy for Sensitive Groups,32.4,82,9.9,SE,7.7,1002.8,8.1,High,Yes
Hazaribagh,industrial,235,Very Unhealthy,20.2,67,7.9,NE,0,1018,3.5,Medium,Yes
Agargaon,roadside,146,Unhealthy for Sensitive Groups,33,63,5.1,NE,0,1007.1,9.4,High,No
Jatrabari,industrial,255,Very Unhealthy,21.5,65,3.5,E,0,1014.5,5.3,High,No
Gulshan,residential,113,Unhealthy for Sensitive Groups,23.8,61,15,E,9.3,1005.3,8.7,High,Yes
Jatrabari,industrial,225,Very Unhealthy,26.8,77,4.2,E,0,1010,6,Low,No
Old Dhaka,roadside,130,Unhealthy for Sensitive Groups,28.1,79,2.2,SW,4.7,996.9,9.5,Severe,Yes
Baridhara,background,107,Unhealthy for Sensitive Groups,28.9,71,4.1,S,0,1006.6,11,Low,No
Old Dhaka,roadside,92,Moderate,32.7,85,11,SE,0,1000.7,9.8,Medium,No
Baridhara,background,78,Moderate,29.3,86,9,SW,0,1002.2,10.7,High,No
Tejgaon,industrial,155,Unhealthy,35.7,66,6.6,S,0,1005.2,7.9,Medium,No
Jatrabari,industrial,225,Very Unhealthy,27.5,69,1.8,SW,0,1007.9,5.4,High,Yes
Gulshan,residential,88,Moderate,28,83,9,S,0,1001.7,9.4,High,No
Dhanmondi,roadside,500,Hazardous,21.7,76,3.7,W,0,1010.4,0.3,Severe,No
Jatrabari,industrial,129,Unhealthy for Sensitive Groups,29.4,81,2.2,SW,2.6,1002.1,9.5,High,No
Mohammadpur,residential,106,Unhealthy for Sensitive Groups,30.6,88,10.8,N,4,1004,9.4,Severe,Yes
Hazaribagh,industrial,119,Unhealthy for Sensitive Groups,29.8,75,5.4,SE,0,1004.2,10.8,High,No
Uttara,residential,166,Unhealthy,26.6,84,5.5,E,0,1008.8,7.2,High,No
Old Dhaka,roadside,124,Unhealthy for Sensitive Groups,29.5,81,14.8,S,0,998.2,9.4,Severe,Yes
Jatrabari,industrial,175,Unhealthy,30.3,78,8.4,SW,0,1004.7,8.3,Severe,Yes
Hazaribagh,industrial,229,Very Unhealthy,21.2,61,7.4,S,0,1016,6.3,High,Yes
Mirpur,residential,74,Moderate,32.9,75,6.7,E,0,999.6,10.3,Low,Yes
Hazaribagh,industrial,137,Unhealthy for Sensitive Groups,26.5,74,9.1,N,10.6,1008.9,9.9,Low,Yes
Dhanmondi,roadside,144,Unhealthy for Sensitive Groups,26,90,2,SE,0,1011.1,9,High,Yes
Dhanmondi,roadside,202,Very Unhealthy,25.7,73,1.3,NW,0,1013.1,6.7,High,Yes
Dhanmondi,roadside,232,Very Unhealthy,24.1,52,1.7,N,0,1014.2,5.8,High,Yes
Motijheel,roadside,103,Unhealthy for Sensitive Groups,31.2,88,4.9,S,10.2,998.3,9.6,High,Yes
Motijheel,roadside,173,Unhealthy,22.3,69,8,S,0,1006.2,8.2,Severe,Yes
Mohammadpur,residential,72,Moderate,26.5,92,4.4,SW,6.3,999.9,9.6,Low,No
Uttara,residential,76,Moderate,28.5,82,10.1,N,2.5,999.9,9.8,Low,No
Hazaribagh,industrial,113,Unhealthy for Sensitive Groups,30.4,83,7.3,NE,4.7,999.2,9.2,Medium,Yes
Gulshan,residential,59,Moderate,29.9,95,22.2,SE,0,1005.5,9.9,Medium,No
Mirpur,residential,227,Very Unhealthy,20.8,75,5.4,SW,0,1011.1,5.8,Medium,No
Motijheel,roadside,265,Very Unhealthy,18.4,60,2.9,S,0,1013.1,4.4,High,No
Dhanmondi,roadside,170,Unhealthy,30.5,69,7.3,N,0,1016.4,7.5,Severe,Yes
Motijheel,roadside,164,Unhealthy,28.9,64,5.4,S,0,1009,8.3,Medium,No
Agargaon,roadside,196,Unhealthy,27.2,99,2,N,0,1011,5.8,High,No
Mirpur,residential,119,Unhealthy for Sensitive Groups,33.9,61,6.6,SE,4,1010.5,8.5,High,No
Baridhara,background,152,Unhealthy,13.2,79,4.2,W,0,1014.7,10.7,Medium,Yes
Tejgaon,industrial,490,Hazardous,18.7,66,4.4,SE,0,1016,0.4,Severe,No
Jatrabari,industrial,203,Very Unhealthy,27.3,69,2.2,NW,0,1009.3,6.3,High,No
Motijheel,roadside,103,Unhealthy for Sensitive Groups,31.1,85,20.1,E,0,999.8,10.6,High,No
Dhanmondi,roadside,166,Unhealthy,22.7,75,1.4,SE,0,1007,8.5,Medium,Yes
Motijheel,roadside,159,Unhealthy,30.3,74,16.7,SW,0,1006.5,8.2,Medium,No
Hazaribagh,industrial,70,Moderate,30.7,92,6.5,E,23,1002.9,10.5,Severe,Yes
Mohammadpur,residential,69,Moderate,30.9,80,3.2,SE,20,1006.8,11,Medium,Yes
Agargaon,roadside,176,Unhealthy,23.2,58,13.1,NW,0,1013.6,6.8,Severe,No
Jatrabari,industrial,225,Very Unhealthy,28.9,68,0.3,SW,0,1014,5.4,Medium,No
Baridhara,background,91,Moderate,29.9,67,3.2,S,0,1004.3,9.7,Medium,No
Gulshan,residential,187,Unhealthy,21.4,68,4.1,NE,0,1013.1,9.4,High,No
Jatrabari,industrial,301,Hazardous,18.3,70,2.6,SW,0,1015.1,3.7,Severe,Yes
Gulshan,residential,155,Unhealthy,27.4,69,4.8,NW,0,1011.1,9.3,Low,No
Dhanmondi,roadside,72,Moderate,31.4,75,9.8,SE,8.3,998.5,11.4,Severe,Yes
Gulshan,residential,71,Moderate,29.9,85,2.2,NW,0,1001.4,10.6,Low,No
Motijheel,roadside,102,Unhealthy for Sensitive Groups,30.7,80,7.8,S,18.1,999.9,9.8,Severe,No
Baridhara,background,106,Unhealthy for Sensitive Groups,33.4,66,11.6,N,0,1006.4,11,High,No
Motijheel,roadside,110,Unhealthy for Sensitive Groups,31.3,82,2.4,S,4,1001.6,8.8,Medium,Yes
Hazaribagh,industrial,154,Unhealthy,30.1,80,5.7,W,4.6,1010.9,8.6,High,No
Jatrabari,industrial,328,Hazardous,27.1,65,4.2,NW,0,1013.5,2.7,High,No
Hazaribagh,industrial,130,Unhealthy for Sensitive Groups,31.3,81,2.9,SE,21.4,999.3,9,Severe,No
Uttara,residential,152,Unhealthy,29.8,53,3.5,S,0,1002.6,9.1,Low,No
Mohammadpur,residential,172,Unhealthy,32.3,68,3.5,SE,0,1009.3,8.4,Low,No
Gulshan,residential,106,Unhealthy for Sensitive Groups,32.2,69,5,W,0,1007,10.8,Low,No
Hazaribagh,industrial,372,Hazardous,28.5,77,3.6,S,0,1013.6,1.7,High,No
Old Dhaka,roadside,196,Unhealthy,24.2,85,11.1,NE,0,1014.6,3.6,Medium,Yes
Baridhara,background,79,Moderate,26.8,69,9.1,S,0,1006.9,10.3,Low,No
Tejgaon,industrial,67,Moderate,32.7,84,8.3,E,8.7,1001.3,9.5,High,Yes
Motijheel,roadside,256,Very Unhealthy,25.5,74,5.1,NE,0,1014.1,3.4,Medium,No
Mohammadpur,residential,85,Moderate,31,100,7.5,SE,12,1002.6,11.6,Medium,No
Mohammadpur,residential,116,Unhealthy for Sensitive Groups,28.5,80,6.8,E,0,1010.2,10.2,High,Yes
Uttara,residential,233,Very Unhealthy,18.2,52,1.9,SW,0,1017.4,5.9,High,No
Mohammadpur,residential,201,Very Unhealthy,19,73,4.3,SW,0,1018.5,6.3,High,No
Dhanmondi,roadside,185,Unhealthy,28.7,71,2.5,NW,6.9,1014.2,7.9,High,No
Jatrabari,industrial,201,Very Unhealthy,21.2,55,8.8,NW,0,1018.9,7.1,High,Yes
Agargaon,roadside,225,Very Unhealthy,21.5,84,3.1,NW,0,1012.1,5.6,Low,No
Jatrabari,industrial,287,Very Unhealthy,28.6,90,6.8,N,0,1014,6.1,High,No
Uttara,residential,113,Unhealthy for Sensitive Groups,29.2,71,7.7,E,0,1011.2,10,Low,No
Agargaon,roadside,86,Moderate,31.4,78,7.8,S,0,1002.3,9,High,Yes
Dhanmondi,roadside,132,Unhealthy for Sensitive Groups,28.2,86,7.3,W,6,1000.2,10,Medium,Yes
Dhanmondi,roadside,176,Unhealthy,29.1,71,5,SE,2.7,1010.1,7.1,Severe,No
Hazaribagh,industrial,99,Moderate,33.3,84,10.2,SW,0,996.5,9.4,Medium,No
Agargaon,roadside,73,Moderate,30,79,3.5,N,10.3,1003.4,11.6,Medium,Yes
Uttara,residential,164,Unhealthy,30.7,75,6.4,NW,0,1010.5,7.8,Low,No
Dhanmondi,roadside,125,Unhealthy for Sensitive Groups,28.3,74,1.3,SE,0.1,1000.7,8.8,Severe,No
Old Dhaka,roadside,94,Moderate,29.9,92,4.1,S,5.3,1005.3,10.2,Medium,Yes
Tejgaon,industrial,162,Unhealthy,29.4,78,5,S,0,1007,7.5,Medium,No
Baridhara,background,71,Moderate,32.5,84,2,S,0,999.7,9.6,Low,No
Tejgaon,industrial,94,Moderate,33,85,7.3,S,3.2,1002,10.7,Low,No
Agargaon,roadside,180,Unhealthy,30.8,73,4,W,0,1011.3,8.2,Low,No
Gulshan,residential,83,Moderate,33.9,68,15.3,E,0,1006.7,9.3,Medium,No
Old Dhaka,roadside,168,Unhealthy,31.1,92,4.2,NE,0,1013,8.5,Medium,Yes
Old Dhaka,roadside,199,Unhealthy,30.9,57,10.8,SW,0,1005.2,6.5,Medium,Yes
Agargaon,roadside,215,Very Unhealthy,19.5,77,8.9,NE,0,1016.2,6.7,High,No
Baridhara,background,198,Unhealthy,21.6,69,6.5,N,0,1015.5,6.1,Severe,No
Gulshan,residential,198,Unhealthy,16.1,61,3.5,NE,0,1015,6.5,Severe,No
Tejgaon,industrial,99,Moderate,30.2,100,6.5,S,0,1000.8,9.6,Medium,No
Tejgaon,industrial,213,Very Unhealthy,36.4,87,2.2,SW,0,1006.3,7,High,No
Dhanmondi,roadside,199,Unhealthy,17.2,68,7.1,SE,0,1010.3,6.9,High,No
Jatrabari,industrial,169,Unhealthy,29.1,82,17.7,SW,0,1007,8.5,Medium,No
Jatrabari,industrial,335,Hazardous,20.8,66,8.4,N,0,1011.1,3.7,High,No
Gulshan,residential,157,Unhealthy,18.4,68,3.4,NE,0,1011.2,8.8,Medium,Yes
Jatrabari,industrial,171,Unhealthy,27.6,69,3.9,SW,0,1010.3,8.1,Low,No
Gulshan,residential,78,Moderate,33.2,75,12,S,0,1000.7,10.6,High,Yes
Dhanmondi,roadside,138,Unhealthy for Sensitive Groups,31,100,2.3,S,0,999.4,8.9,High,No
Uttara,residential,191,Unhealthy,28.8,78,2.9,NW,0,1014,8.5,High,No
Dhanmondi,roadside,167,Unhealthy,31,78,3.1,NW,0,1010.3,8.2,High,No
Hazaribagh,industrial,368,Hazardous,18,64,0.9,NW,0,1017.2,1,High,No
Mohammadpur,residential,105,Unhealthy for Sensitive Groups,28.1,87,8.5,SE,0,998.3,9.1,Medium,No
Old Dhaka,roadside,134,Unhealthy for Sensitive Groups,33.2,73,4.7,N,0,1003,8.8,High,Yes
Mirpur,residential,191,Unhealthy,19.5,64,3.5,SW,0,1017.4,6.9,Low,No
Motijheel,roadside,184,Unhealthy,29.2,68,5.5,SE,0,1012,7.5,Severe,No
Dhanmondi,roadside,159,Unhealthy,29.1,78,1.9,NW,0,1005.9,7.3,High,No
Old Dhaka,roadside,192,Unhealthy,28,65,4.7,N,0,1010.3,7.9,Medium,Yes
Hazaribagh,industrial,84,Moderate,28,76,1.7,SE,23.6,1002.8,10.4,High,Yes
Tejgaon,industrial,126,Unhealthy for Sensitive Groups,30.1,69,8.5,SE,0,1002.1,9.3,High,Yes
Mirpur,residential,249,Very Unhealthy,16.7,63,9.4,N,0,1017.7,4.1,High,No
Mohammadpur,residential,140,Unhealthy for Sensitive Groups,24.8,74,7.6,W,0,1008.6,8.1,Medium,No
Mirpur,residential,93,Moderate,29.5,93,4.1,S,4.7,1004.4,11,Severe,No
Mohammadpur,residential,137,Unhealthy for Sensitive Groups,11,68,6.6,N,0,1015.7,8.8,Medium,No
Uttara,residential,241,Very Unhealthy,14.9,67,3.8,SE,0,1015.5,5.7,Severe,No
Motijheel,roadside,83,Moderate,31.4,87,6.8,E,0,1001.5,10.3,Medium,Yes
Baridhara,background,161,Unhealthy,20.2,66,6.3,N,0,1017.6,8.5,Low,No
Gulshan,residential,51,Moderate,28.1,100,0.3,S,18.5,999.8,10.2,Medium,Yes
Uttara,residential,118,Unhealthy for Sensitive Groups,31,80,1.4,E,0,999.1,10,Severe,Yes
Agargaon,roadside,223,Very Unhealthy,15.9,73,4,NE,0,1015.1,4.9,Medium,No
Agargaon,roadside,99,Moderate,31.3,92,3.4,SE,0.5,1000.3,10.4,Medium,Yes
Jatrabari,industrial,245,Very Unhealthy,18.6,65,4.5,NE,0,1015.7,6.2,High,Yes
Uttara,residential,136,Unhealthy for Sensitive Groups,26.2,79,5.4,NE,0,1015.7,8.1,Medium,No
Dhanmondi,roadside,221,Very Unhealthy,26.8,74,3.2,W,0,1011.2,6.2,High,No
Hazaribagh,industrial,199,Unhealthy,28,72,3.6,SW,0,1015.5,5.8,Medium,No
Tejgaon,industrial,173,Unhealthy,28.6,86,2.8,SE,3.8,1005.9,8.3,Severe,Yes
Mirpur,residential,72,Moderate,30.4,84,7.5,S,2.3,1002.9,10.5,Low,No
Mirpur,residential,183,Unhealthy,29,69,8.3,S,0,1013.6,7.5,Medium,No
Baridhara,background,137,Unhealthy for Sensitive Groups,28.6,83,1.9,SE,0,1006.3,8.1,Medium,Yes
Hazaribagh,industrial,156,Unhealthy,27.1,90,10.3,SW,0,1001.8,10.2,Severe,No
Gulshan,residential,96,Moderate,25.5,65,6.4,N,0,1009.3,10.1,Low,Yes
Agargaon,roadside,177,Unhealthy,21.7,67,7,SW,0,1016.1,6.7,Severe,No
Old Dhaka,roadside,147,Unhealthy for Sensitive Groups,29.4,72,13.3,SE,0,1003.2,8.3,High,Yes
Hazaribagh,industrial,500,Hazardous,18.2,76,3,W,0,1016.8,0.3,Severe,Yes
Jatrabari,industrial,75,Moderate,31.6,85,12,SW,0,1003.1,12,Low,No
Baridhara,background,131,Unhealthy for Sensitive Groups,29,68,14.9,S,0,1006.6,10.2,Low,No
Jatrabari,industrial,128,Unhealthy for Sensitive Groups,26.8,71,1.5,N,0,1012.4,9.9,Low,Yes
Gulshan,residential,153,Unhealthy,27.2,65,7.7,E,0,1010.7,8.8,High,No
Baridhara,background,152,Unhealthy,20.1,76,4.9,S,0,1015.3,9.1,Low,Yes
Gulshan,residential,146,Unhealthy for Sensitive Groups,27.6,86,10.8,N,0,1007.7,8.2,High,No
Mirpur,residential,171,Unhealthy,29,85,20.7,NE,0,1008.5,7.3,High,No
Mirpur,residential,66,Moderate,27.9,73,9.8,SE,0,1002.6,10.8,High,No
Gulshan,residential,39,Good,29.7,84,20.4,SW,24.8,999.8,10.5,Low,No
Mirpur,residential,171,Unhealthy,14.5,72,2.6,W,0,1013.7,7,High,No
Dhanmondi,roadside,88,Moderate,29.6,79,9.2,E,0,1000.7,9.8,Severe,Yes
Uttara,residential,199,Unhealthy,24.2,57,4.4,W,0,1016,6.3,Medium,No
Uttara,residential,184,Unhealthy,17.9,60,6.3,E,0,1019,7.4,Medium,No
Hazaribagh,industrial,178,Unhealthy,23.6,90,7.7,NE,4.2,1007.3,8.1,High,Yes
Mirpur,residential,62,Moderate,28.8,75,11.1,SE,1.7,1004.6,11.6,Medium,No
Uttara,residential,237,Very Unhealthy,13.4,70,3.6,NE,0,1017.4,5,Medium,Yes
Uttara,residential,170,Unhealthy,14.5,69,4.1,W,0,1015.7,8.5,Medium,Yes
Mirpur,residential,180,Unhealthy,28.7,77,8.2,NE,0,1010.5,8.7,High,Yes
Tejgaon,industrial,238,Very Unhealthy,13.9,67,5.7,NE,0,1016.9,6,High,No
Jatrabari,industrial,303,Hazardous,20.1,76,2.8,N,0,1015.1,3.3,Medium,No
Old Dhaka,roadside,500,Hazardous,19.1,70,4.2,N,0,1014.6,0.3,High,No
Tejgaon,industrial,187,Unhealthy,17.1,65,9.1,E,0,1010.5,7.9,Low,No
Mirpur,residential,187,Unhealthy,31.6,68,3.4,S,0,1008.1,8,Low,No
Jatrabari,industrial,181,Unhealthy,24.7,68,4.9,NW,0,1014.5,5.4,Low,No
Uttara,residential,153,Unhealthy,33.1,72,2.4,SE,0,1003.5,7.9,Low,No
Motijheel,roadside,71,Moderate,28.7,80,13.3,S,0,999.8,10.1,Medium,No
Dhanmondi,roadside,82,Moderate,29.3,80,27.5,S,0,1000.8,10.8,Severe,Yes
Agargaon,roadside,103,Unhealthy for Sensitive Groups,29.1,89,15.6,SE,0,1001.3,9.7,Severe,Yes
Baridhara,background,65,Moderate,31.2,82,4.3,SE,0,1000.2,10.3,Low,Yes
Motijheel,roadside,153,Unhealthy,31,82,4.3,S,0,1005.2,9.3,Severe,Yes
Mohammadpur,residential,90,Moderate,25.3,94,12.8,E,0,1007,10,High,Yes
Tejgaon,industrial,82,Moderate,30.5,77,11.8,SE,0,1002.5,11,High,No
Hazaribagh,industrial,90,Moderate,26.9,89,17.1,NE,0,1000.3,10.5,High,Yes
Old Dhaka,roadside,154,Unhealthy,29.4,93,6.5,S,0,1002.4,9.9,Medium,No
Dhanmondi,roadside,82,Moderate,29.8,94,2.7,W,0,999.2,8.5,Low,No
Mohammadpur,residential,166,Unhealthy,17.8,87,4.8,NW,0,1014.5,7.6,Medium,No
Old Dhaka,roadside,98,Moderate,30.9,80,5.9,S,3.3,1003.4,9.4,Severe,Yes
Dhanmondi,roadside,112,Unhealthy for Sensitive Groups,31.3,78,23.9,S,0,1003.6,9.5,Severe,No
Gulshan,residential,167,Unhealthy,16.3,77,7.2,SW,0,1016.4,6.8,Medium,No
Mohammadpur,residential,134,Unhealthy for Sensitive Groups,25,86,1.1,S,0,1009.8,8.5,Medium,No
Uttara,residential,100,Moderate,30.9,62,11.4,NE,0,1007.3,9.7,Low,No
Gulshan,residential,196,Unhealthy,13.6,74,9.7,NE,0,1014.1,7.3,High,No
Mohammadpur,residential,144,Unhealthy for Sensitive Groups,25.8,100,9.4,N,0,1013.2,9.9,High,No
Jatrabari,industrial,342,Hazardous,23.7,71,8.4,W,0,1016,4,High,Yes
Jatrabari,industrial,173,Unhealthy,27.2,75,8.6,W,0,1011.1,9.5,Medium,No
Baridhara,background,142,Unhealthy for Sensitive Groups,30.1,81,6.3,W,0,1007.8,8.8,High,No
Mohammadpur,residential,149,Unhealthy for Sensitive Groups,25.5,98,2,N,0,1008.9,7.4,Medium,Yes
Mirpur,residential,99,Moderate,36,70,19.8,NW,0,1004,11.1,High,No
Jatrabari,industrial,90,Moderate,29,95,9.4,S,16.4,1002.4,9.4,Medium,No
Gulshan,residential,97,Moderate,29.1,79,4.4,SE,0,996.2,10,Medium,No
Jatrabari,industrial,138,Unhealthy for Sensitive Groups,28.1,85,7.2,E,0,1001,10.4,High,Yes
Agargaon,roadside,190,Unhealthy,27,74,2,S,0,1009.5,7.9,High,No
Old Dhaka,roadside,220,Very Unhealthy,27.7,63,5.5,SW,0,1009,8.6,Severe,No
Baridhara,background,82,Moderate,28.8,55,16.3,E,0,1007.3,9.7,Medium,No
Hazaribagh,industrial,197,Unhealthy,29.5,81,8,SW,0,1008.4,7.4,Medium,No
Old Dhaka,roadside,86,Moderate,30.5,89,13.1,SE,3.5,998,9.8,High,No
Motijheel,roadside,212,Very Unhealthy,22,62,9,N,0,1016.2,6.6,High,No
Agargaon,roadside,456,Hazardous,17.9,82,6.4,NW,0,1014.1,1.2,Severe,No
Agargaon,roadside,98,Moderate,30.4,76,6,S,6,1002.8,9.2,Medium,No
Uttara,residential,173,Unhealthy,18.3,72,3.7,NW,0,1015.4,8.8,Medium,No
Agargaon,roadside,89,Moderate,32.6,82,17,S,0,1003.3,9.9,Medium,No
Jatrabari,industrial,135,Unhealthy for Sensitive Groups,31.3,69,10.7,N,14.9,1007.5,8.8,Severe,No
Gulshan,residential,71,Moderate,30,92,9.2,S,0,1003.4,9.8,Low,Yes
Baridhara,background,170,Unhealthy,17.4,76,6.9,W,0,1019.2,8.2,Medium,No
Jatrabari,industrial,134,Unhealthy for Sensitive Groups,25.7,84,4.2,SW,3.1,1011.8,10,Medium,Yes
Gulshan,residential,127,Unhealthy for Sensitive Groups,31.6,73,9.8,SW,3.9,1008.4,8.9,Severe,No
Mohammadpur,residential,189,Unhealthy,21.9,60,3,N,0,1015.3,5.5,Medium,No
Old Dhaka,roadside,173,Unhealthy,29.3,77,5.3,E,0,1002.3,7.5,Medium,No
Motijheel,roadside,113,Unhealthy for Sensitive Groups,31.3,60,11.8,S,0,1006.6,8.2,Medium,No
Agargaon,roadside,79,Moderate,30.3,84,9.4,S,0,1005.3,9.1,Severe,No
Mirpur,residential,70,Moderate,30.6,82,10.8,SE,13.1,1003.2,11,High,No
Baridhara,background,197,Unhealthy,13,73,8.6,NW,0,1013.8,6.7,High,No
Hazaribagh,industrial,178,Unhealthy,24.7,74,4.3,SW,11.6,1011.9,7.1,Severe,Yes
Tejgaon,industrial,281,Very Unhealthy,27.6,67,7.5,S,0,1004.2,3.8,High,No
Gulshan,residential,174,Unhealthy,19.1,83,7.4,N,0,1016.7,6.8,Medium,No
Baridhara,background,74,Moderate,28.4,75,3.7,SE,0,1000.8,9.4,Medium,Yes
Dhanmondi,roadside,110,Unhealthy for Sensitive Groups,29.1,85,0.4,SW,0,1002.4,10.6,Severe,No
Tejgaon,industrial,156,Unhealthy,27.9,76,1.7,SW,11,999.4,7.5,Severe,Yes
Baridhara,background,110,Unhealthy for Sensitive Groups,30,73,5.1,S,4.1,1007.5,9.1,Severe,No
Motijheel,roadside,176,Unhealthy,28.2,62,6.2,S,0,1001,7.3,High,No
Mohammadpur,residential,48,Good,31.4,85,8.6,S,11.3,1000.9,8.8,Medium,No
Motijheel,roadside,297,Very Unhealthy,20.7,59,9.8,N,0,1013.1,5.2,Medium,Yes
Mirpur,residential,251,Very Unhealthy,19.5,80,4.2,W,0,1013.2,6.5,High,No
Motijheel,roadside,180,Unhealthy,26.2,79,3.4,W,0,1002.4,7.5,High,No
Hazaribagh,industrial,74,Moderate,26.3,86,2.5,E,27.8,1000.3,10.5,Severe,No
Mirpur,residential,170,Unhealthy,29.9,75,4.4,N,0,1007.6,8.3,High,No
Baridhara,background,219,Very Unhealthy,16.3,60,2.8,W,0,1012.8,7.4,Low,No
Old Dhaka,roadside,88,Moderate,30.4,80,7.4,SW,6.9,1003.1,9.9,High,No
Motijheel,roadside,248,Very Unhealthy,21.2,71,2.8,NE,0,1017.2,4.6,Medium,No
Old Dhaka,roadside,184,Unhealthy,20.1,56,3.9,W,0,1015.7,6.5,Medium,No
Tejgaon,industrial,403,Hazardous,23.4,57,3.6,NW,0,1015.9,0.5,Severe,Yes
Old Dhaka,roadside,152,Unhealthy,29,78,6.9,S,0,1002.7,10.2,Medium,Yes
Motijheel,roadside,90,Moderate,28.9,76,9.9,S,1.8,1003.3,9.6,Severe,No
Uttara,residential,185,Unhealthy,22.6,67,6.4,NW,0,1013.3,7.9,High,No
Jatrabari,industrial,327,Hazardous,19.6,74,2.4,NE,0,1012.8,0.3,Medium,No
Mohammadpur,residential,100,Moderate,29.6,91,4.5,S,2.6,999.9,9.1,High,No
Uttara,residential,64,Moderate,33.3,99,11.2,S,0,1003.7,10.1,High,No
Dhanmondi,roadside,118,Unhealthy for Sensitive Groups,31,85,13,S,0,999.9,10.7,High,No
Mohammadpur,residential,179,Unhealthy,18.3,71,1.6,E,0,1014.2,7.4,Low,No
Mirpur,residential,71,Moderate,28.8,85,2,SE,0,1000.9,11.4,Low,No
Hazaribagh,industrial,174,Unhealthy,30.3,81,13.5,N,0.6,1011.4,8,Medium,No
Gulshan,residential,133,Unhealthy for Sensitive Groups,30.4,88,2.6,S,6.5,1003.5,9.1,Medium,No
Baridhara,background,193,Unhealthy,19.1,77,2.7,NW,0,1016.5,6.2,Severe,No
Mohammadpur,residential,87,Moderate,31.2,92,5.5,S,0,997.5,9.8,Medium,Yes
Jatrabari,industrial,154,Unhealthy,33.2,72,4,E,0,1007.8,7.4,High,No
Old Dhaka,roadside,196,Unhealthy,20.9,82,2.7,S,0,1014.9,6.7,High,No
Jatrabari,industrial,56,Moderate,33.2,68,4.2,W,37.8,1007.4,10.2,Medium,No
Gulshan,residential,135,Unhealthy for Sensitive Groups,28.1,73,5.8,SW,0,1010.1,9.4,High,No
Agargaon,roadside,155,Unhealthy,32.4,64,1.8,SE,0,1005,8.2,Medium,No
Jatrabari,industrial,156,Unhealthy,25.2,77,8.7,NE,0,1013.4,9.5,Medium,Yes
Mohammadpur,residential,91,Moderate,33.3,76,2,SE,0,1001.5,10.2,Medium,No
Tejgaon,industrial,85,Moderate,27.8,80,16.1,SE,0,1005,10.1,Medium,No
Uttara,residential,158,Unhealthy,20.1,61,3.4,NW,0,1014.9,7.5,Low,Yes
Jatrabari,industrial,123,Unhealthy for Sensitive Groups,27.6,88,4.3,S,1.8,1002,9.4,High,No
Hazaribagh,industrial,423,Hazardous,18.7,73,0.9,N,0,1013.2,2.4,Severe,Yes
Mohammadpur,residential,204,Very Unhealthy,29.6,54,1.3,SE,0,1006.9,6.6,Severe,No
Tejgaon,industrial,226,Very Unhealthy,19.5,65,4.6,N,0,1017.3,6.9,Low,No
Mohammadpur,residential,189,Unhealthy,31.9,83,1.4,N,0,1006.7,7.6,Medium,No
Uttara,residential,72,Moderate,28.3,90,3.6,S,0,1002.5,9.7,High,No
Motijheel,roadside,153,Unhealthy,18.9,74,6.9,N,0,1019,9.1,High,No
Old Dhaka,roadside,254,Very Unhealthy,23.9,65,5.3,NE,0,1012,4.4,Medium,No
Hazaribagh,industrial,291,Very Unhealthy,23.7,80,4,NE,0,1008.7,4.8,Severe,Yes
Hazaribagh,industrial,192,Unhealthy,16,70,4.9,NW,0,1015.7,7,High,Yes
Mohammadpur,residential,151,Unhealthy,33.2,62,10.8,SE,0,1002.7,8.8,High,No
Hazaribagh,industrial,156,Unhealthy,31.2,64,5.1,E,6.3,1008.3,6.5,Medium,Yes
Tejgaon,industrial,207,Very Unhealthy,31.4,64,12.2,S,0,1005,6.9,High,No
Motijheel,roadside,152,Unhealthy,31.8,73,6.3,SE,0,1000.9,8.7,Severe,Yes
Motijheel,roadside,196,Unhealthy,16.2,59,9.1,N,0,1017.1,6.5,Medium,No
Hazaribagh,industrial,215,Very Unhealthy,29.7,66,7.5,S,0,1003.9,5.5,High,No
Old Dhaka,roadside,81,Moderate,28.8,78,2,SW,17.5,997,11.1,Medium,No
Mirpur,residential,120,Unhealthy for Sensitive Groups,30.1,66,4,N,0,1001.7,9.9,Low,No
Uttara,residential,176,Unhealthy,30.3,65,4.8,W,0,1011.7,7.5,Medium,No
Dhanmondi,roadside,103,Unhealthy for Sensitive Groups,22.7,84,20.8,NW,0,1013.1,9.4,High,Yes
Tejgaon,industrial,269,Very Unhealthy,14.8,87,2.4,NW,0,1012.3,1.3,Severe,No
Old Dhaka,roadside,154,Unhealthy,27.6,76,25.2,S,0,1009.7,8.8,High,No
Mohammadpur,residential,270,Very Unhealthy,23.9,79,8.5,W,0,1014.8,2.7,Low,No
Tejgaon,industrial,176,Unhealthy,16.8,75,8.7,S,0,1015.1,9.7,High,No
Hazaribagh,industrial,143,Unhealthy for Sensitive Groups,30.2,70,10.9,N,0,1009.3,8.4,Medium,No
Dhanmondi,roadside,97,Moderate,27.1,86,21.5,S,5.3,997.5,8.4,Severe,No
Mohammadpur,residential,118,Unhealthy for Sensitive Groups,30.3,61,4.2,S,0,1008.6,10.4,Low,No
Tejgaon,industrial,227,Very Unhealthy,22,76,8.3,SW,0,1010.4,5.7,Medium,No
Mohammadpur,residential,181,Unhealthy,19.9,75,1.7,W,0,1010.9,8.2,Low,No
Hazaribagh,industrial,175,Unhealthy,26.7,74,3,E,0.9,1007.3,7.6,High,No
Hazaribagh,industrial,195,Unhealthy,23.1,82,8,SE,0,1012.4,8.9,Severe,No
Tejgaon,industrial,262,Very Unhealthy,17.9,64,8.9,NE,0,1016.5,4.2,High,Yes
Mohammadpur,residential,66,Moderate,30.3,80,8.5,S,0,1004.1,10.5,Low,No
Motijheel,roadside,166,Unhealthy,28.5,74,1.2,NE,0,1006.8,8.5,Severe,No
Gulshan,residential,80,Moderate,31.2,88,3.3,S,4.6,1000.9,12,High,No
Mohammadpur,residential,86,Moderate,31.6,83,2,S,0,1003.1,9.1,Medium,No
Gulshan,residential,162,Unhealthy,25.7,75,4.6,SW,0,1010.5,7.9,Medium,No
Mirpur,residential,191,Unhealthy,21.5,71,1.4,NW,0,1015.4,8.5,Low,Yes
Mirpur,residential,163,Unhealthy,30.7,53,4.4,SE,0.4,1006.6,8,Medium,No
Motijheel,roadside,193,Unhealthy,29.9,72,3,NW,0,1010.7,6.3,Severe,Yes
Uttara,residential,170,Unhealthy,26.1,60,10.3,N,0,1019.9,9.2,High,Yes
Motijheel,roadside,500,Hazardous,15.2,70,3,N,0,1017.1,0.3,Severe,Yes
Mohammadpur,residential,91,Moderate,31.4,94,22.3,E,0,1003,9.7,Severe,No
Dhanmondi,roadside,71,Moderate,32.3,89,4.7,SE,0,1000.9,9.8,Medium,Yes
Jatrabari,industrial,109,Unhealthy for Sensitive Groups,28.3,81,9.3,SW,6.3,1002,7.4,High,Yes
Tejgaon,industrial,80,Moderate,29,79,7.7,SW,5.8,1004.3,10.7,Severe,Yes
Old Dhaka,roadside,126,Unhealthy for Sensitive Groups,28.9,79,6.9,NE,2.5,1002.3,8.6,High,No
Old Dhaka,roadside,285,Very Unhealthy,18.5,86,8.4,W,0,1013.8,0.3,Medium,No
Uttara,residential,87,Moderate,29.4,86,6.2,SW,0,997.7,9.1,Medium,No
Gulshan,residential,155,Unhealthy,29.6,87,4,SE,1,1000.9,7.7,High,Yes
Tejgaon,industrial,153,Unhealthy,29.1,61,8,SW,0,1012.5,8.3,High,Yes
Hazaribagh,industrial,440,Hazardous,12.4,61,2,E,0,1011.7,0.4,Severe,Yes
Mirpur,residential,201,Very Unhealthy,15.6,70,3.5,N,0,1018.5,6.3,High,Yes
Mirpur,residential,58,Moderate,31.2,81,11.6,SW,9.1,1002.4,11.2,Medium,No
Hazaribagh,industrial,499,Hazardous,20.9,71,4.2,W,0,1018.3,0.3,High,No
Hazaribagh,industrial,243,Very Unhealthy,15.3,71,6.3,NW,0,1014.6,7.4,High,No
Gulshan,residential,152,Unhealthy,28.4,83,6.1,SW,0,1005.3,8.4,Medium,No
Dhanmondi,roadside,110,Unhealthy for Sensitive Groups,32.4,70,4.2,SE,0,1000.8,9.7,High,Yes
Motijheel,roadside,303,Hazardous,30.9,59,6.6,NE,0.4,1005.2,1.8,Severe,No
Gulshan,residential,213,Very Unhealthy,15.5,69,1.9,W,0,1012.7,5.1,Medium,Yes
Baridhara,background,195,Unhealthy,22.1,65,9.3,S,0,1016,7.4,High,No
Dhanmondi,roadside,88,Moderate,33.1,83,5,SE,0.2,999.5,10.6,High,No
Motijheel,roadside,130,Unhealthy for Sensitive Groups,28.8,69,15,S,0,1003.2,7.4,High,Yes
Baridhara,background,165,Unhealthy,19.1,64,4,W,0,1013.2,8.4,High,Yes
Dhanmondi,roadside,159,Unhealthy,33.7,70,10.2,SW,0,1008.9,9.3,Severe,Yes
Baridhara,background,136,Unhealthy for Sensitive Groups,19.4,74,2,S,1.7,1014.1,11.1,Low,No
Jatrabari,industrial,227,Very Unhealthy,12.9,71,8.8,W,0,1012.5,5.4,High,Yes
Mirpur,residential,255,Very Unhealthy,20.6,76,4.1,SE,0,1013.7,5.1,Medium,No
Gulshan,residential,58,Moderate,28.2,68,4.4,SE,25.3,1004.5,11.2,High,No
Gulshan,residential,152,Unhealthy,14.6,65,1.8,W,0,1016,8.3,Medium,Yes
Agargaon,roadside,179,Unhealthy,26.7,75,33.6,S,0,1008.1,7.9,High,No
Hazaribagh,industrial,153,Unhealthy,34,61,2.3,W,0,1007.9,8.6,Medium,No
Tejgaon,industrial,173,Unhealthy,28.9,60,24.3,N,0,1002.6,7.4,Medium,No
Mirpur,residential,163,Unhealthy,20.2,69,12.7,NW,0,1014.4,8.5,Low,No
Jatrabari,industrial,500,Hazardous,21,70,1.4,W,0,1017.3,0.3,Medium,Yes
Mohammadpur,residential,280,Very Unhealthy,19.6,66,4.4,W,0,1009.3,5.1,Medium,No
Agargaon,roadside,173,Unhealthy,31.7,83,6.4,SE,0,1001.9,8.1,Medium,No
Dhanmondi,roadside,104,Unhealthy for Sensitive Groups,30.7,87,6.3,S,0,999,10.3,High,No
Hazaribagh,industrial,406,Hazardous,19.5,63,5.6,N,0,1012.9,2.7,Medium,No
Jatrabari,industrial,86,Moderate,28.6,73,13.6,S,0,1001.8,9.5,Low,No
Gulshan,residential,89,Moderate,28.5,88,2.4,S,0,998.5,8.9,Low,No
Old Dhaka,roadside,265,Very Unhealthy,18.6,63,4.2,N,0,1016,5.3,High,Yes
Baridhara,background,152,Unhealthy,18.6,87,3.2,N,0.4,1020.3,5.8,Low,No
Dhanmondi,roadside,249,Very Unhealthy,20.5,73,2.9,SW,0,1013.3,4.6,High,Yes
Baridhara,background,156,Unhealthy,22.9,74,4.7,NE,0,1011.2,7.9,Medium,No
Old Dhaka,roadside,139,Unhealthy for Sensitive Groups,30.6,87,5.3,W,0,1000.7,9.3,Medium,No
Baridhara,background,176,Unhealthy,16.2,79,0.4,N,0,1016.1,8.8,Medium,No
Motijheel,roadside,175,Unhealthy,21.5,59,6.1,NE,0,1011.1,8.3,Severe,No
Tejgaon,industrial,156,Unhealthy,29.1,58,1.2,SE,0,1008.6,7.7,Low,No
Jatrabari,industrial,123,Unhealthy for Sensitive Groups,27.6,93,12.7,SE,7,1001,10.6,Medium,No
Hazaribagh,industrial,80,Moderate,28.7,97,7,S,4.3,1002.5,9.9,Medium,No
Uttara,residential,92,Moderate,30.4,75,5,S,0,1008.1,10.3,Medium,Yes
Hazaribagh,industrial,178,Unhealthy,27.2,63,1.5,E,0,1009.7,8,Severe,Yes
Mirpur,residential,173,Unhealthy,31.6,79,6.3,NW,0,1010.7,8.5,High,No
Tejgaon,industrial,169,Unhealthy,32.2,72,6.8,SE,0,1007.9,9.5,High,Yes
Dhanmondi,roadside,227,Very Unhealthy,25.7,71,4.7,NE,0,1021,6.2,High,Yes
Motijheel,roadside,163,Unhealthy,32.8,68,7.9,SE,0,1008.9,8.1,High,No
Old Dhaka,roadside,162,Unhealthy,22.8,55,7,NW,0,1015,8.9,Medium,No
Agargaon,roadside,117,Unhealthy for Sensitive Groups,29.4,82,7.8,S,0,1000.6,9.9,High,Yes
Dhanmondi,roadside,155,Unhealthy,28.3,66,18.6,S,0,1010.1,9.3,High,No
Hazaribagh,industrial,160,Unhealthy,29.9,64,10.8,E,0,1006.5,9,Severe,No
Baridhara,background,62,Moderate,30,70,7.7,E,12.7,1005.5,10.4,High,No
Gulshan,residential,189,Unhealthy,16.8,75,4.8,NE,0,1014.1,7.1,Medium,No
Dhanmondi,roadside,90,Moderate,28.2,92,3,W,12.9,1000.2,10.3,High,No
Tejgaon,industrial,187,Unhealthy,32,62,1.8,E,0,1003.1,8.6,High,Yes
Old Dhaka,roadside,76,Moderate,28.2,84,0.5,SW,8.7,1003,9.6,Low,Yes
Jatrabari,industrial,80,Moderate,27.2,81,9.4,W,22.9,997.2,10.8,High,Yes
Gulshan,residential,179,Unhealthy,15.1,66,4.5,SW,0,1017.9,5.9,Low,Yes
Baridhara,background,52,Moderate,29.6,89,9.9,SW,0,998.1,10.3,Medium,Yes
Hazaribagh,industrial,196,Unhealthy,15.5,74,11.6,NW,2.3,1010.2,6.4,High,No
Mohammadpur,residential,119,Unhealthy for Sensitive Groups,29.6,94,5.8,S,0,1001.6,8.3,High,Yes
Gulshan,residential,139,Unhealthy for Sensitive Groups,31.1,93,2,NE,0,1004.1,8.7,Medium,No
Hazaribagh,industrial,178,Unhealthy,32.4,67,13.3,NE,0,1006.4,8.7,Severe,No
Mohammadpur,residential,71,Moderate,28.8,100,5.4,S,0,1003.6,9.6,Medium,No
Hazaribagh,industrial,153,Unhealthy,23.7,90,3.1,N,0.2,1011.5,10.3,Medium,No
Hazaribagh,industrial,110,Unhealthy for Sensitive Groups,29,80,3.7,NE,5.1,1003.4,10.2,Medium,Yes
Agargaon,roadside,89,Moderate,31.2,86,9.3,W,3.5,1005.7,9.5,High,No
Tejgaon,industrial,61,Moderate,31.6,69,9.2,S,32.8,1000,11.2,High,Yes
Jatrabari,industrial,117,Unhealthy for Sensitive Groups,31.9,68,15.4,SE,0,1007.1,9.9,Medium,No
Hazaribagh,industrial,158,Unhealthy,32.2,98,2.5,NE,0,996.8,10,Severe,No
Baridhara,background,119,Unhealthy for Sensitive Groups,31.3,100,1.9,S,0,1014.2,8.7,Low,Yes
Uttara,residential,174,Unhealthy,17.3,69,5.2,N,0,1013.9,8.8,High,No
Baridhara,background,191,Unhealthy,24.2,73,5.6,NE,0,1014.9,7.8,Low,No
Motijheel,roadside,219,Very Unhealthy,18.1,75,9.1,W,0,1013.9,6.9,Low,Yes
Tejgaon,industrial,219,Very Unhealthy,22.6,86,9.6,W,0,1013,3.1,High,No
Uttara,residential,88,Moderate,32.8,60,7.8,S,0,1008.6,9.7,Low,Yes
Tejgaon,industrial,226,Very Unhealthy,12.1,91,10,NW,0,1016.2,5,Medium,No
Gulshan,residential,78,Moderate,28.3,82,6,S,0,1000.3,8.7,High,No
Tejgaon,industrial,267,Very Unhealthy,14.7,61,4.4,W,0,1019.1,5.3,Medium,Yes
Tejgaon,industrial,281,Very Unhealthy,12.8,67,3.8,N,0,1016.9,3.3,High,No
Motijheel,roadside,89,Moderate,31.6,79,2.4,S,0,1005.8,9.9,Medium,No
Dhanmondi,roadside,181,Unhealthy,36.2,71,1.7,S,0,1002.1,7.8,Severe,No
Dhanmondi,roadside,183,Unhealthy,30.4,55,7.9,SE,0,1005.2,7.3,High,No
Old Dhaka,roadside,34,Good,31.5,86,12.1,NW,36,1004.2,11.2,High,Yes
Old Dhaka,roadside,197,Unhealthy,30.7,83,3,N,0,1007.7,7.3,High,No
Jatrabari,industrial,149,Unhealthy for Sensitive Groups,30.4,97,13.1,S,0,1000.7,9.3,Medium,Yes
Dhanmondi,roadside,178,Unhealthy,18.9,75,11.3,N,0,1012.2,7.4,Severe,No
Mohammadpur,residential,160,Unhealthy,18.1,81,3.5,SW,0,1015.7,8.2,Medium,No
Baridhara,background,224,Very Unhealthy,28.3,73,0.9,N,0,1009.9,6,High,No
Tejgaon,industrial,70,Moderate,31.6,88,5.2,SW,2.5,999.2,8.6,High,No
Mirpur,residential,70,Moderate,30.8,67,2.7,SW,10.1,1006.1,12,Low,No
Mohammadpur,residential,102,Unhealthy for Sensitive Groups,30.8,84,12.1,S,0,1003.4,10.3,Medium,No
Gulshan,residential,275,Very Unhealthy,18.8,73,5.3,N,0,1016.3,3.3,Severe,No
Tejgaon,industrial,184,Unhealthy,27,72,1.3,NW,0,1007.3,7.2,Medium,Yes
Agargaon,roadside,112,Unhealthy for Sensitive Groups,31.6,72,8.8,E,7.2,1003.9,9.3,Medium,No
Hazaribagh,industrial,158,Unhealthy,23.8,75,9.9,N,0,1012.2,10.6,Low,Yes
Mohammadpur,residential,192,Unhealthy,21.2,68,4.9,N,0,1010.2,5.9,High,Yes
Uttara,residential,80,Moderate,31.4,82,4.5,SE,9.6,1006.7,9.3,High,No
Gulshan,residential,190,Unhealthy,15,76,6,NW,0,1019.3,7.1,Medium,No
Mirpur,residential,153,Unhealthy,25.5,76,13.9,SE,0,1009.7,9.2,Medium,No
Jatrabari,industrial,175,Unhealthy,26.4,71,10.2,NW,2,1010.7,7.9,Medium,Yes
Hazaribagh,industrial,47,Good,29.9,81,2.1,SW,49.7,999.2,11.2,Medium,No
Tejgaon,industrial,186,Unhealthy,14.7,79,5.3,N,0,1012.2,7.4,Medium,Yes
Gulshan,residential,77,Moderate,31.4,94,2.8,SW,4.4,1002.6,10,Medium,No
Uttara,residential,99,Moderate,28.6,83,4.4,E,0,1000.9,10.5,Medium,No
Hazaribagh,industrial,165,Unhealthy,26.2,91,16.4,S,0,1005.4,7.3,Medium,No
Baridhara,background,125,Unhealthy for Sensitive Groups,28.3,72,5.7,S,14.6,1012.5,10.2,Low,No
Mirpur,residential,169,Unhealthy,24.7,86,2.3,NE,0,1010.6,6.4,Severe,No
Gulshan,residential,172,Unhealthy,27.8,70,4,SE,0,1013.3,9.4,Medium,No
Baridhara,background,160,Unhealthy,29,74,11.7,E,0,1006.8,8,Medium,No
Motijheel,roadside,189,Unhealthy,31.3,91,4.2,N,0,1006.2,7.8,Severe,Yes
Agargaon,roadside,154,Unhealthy,30.3,77,7.6,SW,0,1007.5,7.9,Severe,Yes
Baridhara,background,56,Moderate,25.3,84,4.4,SE,8.7,1002.5,10.5,High,No
Old Dhaka,roadside,154,Unhealthy,32,83,5.3,N,0,1006.2,8,Medium,No
Uttara,residential,28,Good,29.5,78,15.7,S,25.7,1001.8,10.2,Low,No
Uttara,residential,201,Very Unhealthy,24,73,5.1,SW,0,1017.6,5.8,High,No
Uttara,residential,196,Unhealthy,32,71,10.4,E,0,1009.1,6.9,Severe,Yes
Hazaribagh,industrial,335,Hazardous,21.6,70,5.1,NW,0,1010.2,5.4,Severe,Yes
Tejgaon,industrial,190,Unhealthy,16.5,56,1.3,W,0,1016.3,7.3,Low,No
Jatrabari,industrial,419,Hazardous,16.2,77,1.9,W,0,1014,0.3,High,No
Uttara,residential,171,Unhealthy,18.9,70,11.3,W,0,1015.6,8.8,High,No
Uttara,residential,62,Moderate,29.4,94,14.6,NW,17.5,1001.9,9.9,Medium,Yes
Agargaon,roadside,109,Unhealthy for Sensitive Groups,32.4,87,6.8,SW,0,1000.9,8.3,Severe,No
Mirpur,residential,243,Very Unhealthy,18.5,71,2.5,SE,0,1010.8,4.1,Medium,Yes
Mirpur,residential,83,Moderate,27.8,88,1.4,E,13.8,998,10.8,High,No
Tejgaon,industrial,152,Unhealthy,24.9,70,18.4,NW,0,1010.2,9.4,Medium,No
Motijheel,roadside,165,Unhealthy,29.4,90,1.9,S,0,1010.6,9.5,Severe,Yes
Gulshan,residential,161,Unhealthy,26.6,75,2.8,N,4.7,1010.8,8.9,Severe,No
Mohammadpur,residential,112,Unhealthy for Sensitive Groups,26.4,75,3.2,NE,0,1011.6,9.7,Low,No
Old Dhaka,roadside,149,Unhealthy for Sensitive Groups,31.9,95,3.3,W,0,999.9,8.8,High,No
Mohammadpur,residential,167,Unhealthy,24.7,80,5,N,0,1007.5,8.7,Low,No
Dhanmondi,roadside,163,Unhealthy,21.4,76,17.1,S,0,1013.4,8,High,No
Uttara,residential,156,Unhealthy,28.9,71,6.4,S,0,1008.3,10.1,High,No
Mohammadpur,residential,149,Unhealthy for Sensitive Groups,27.6,83,6.2,NW,0,1009.2,7.9,Low,No
Jatrabari,industrial,126,Unhealthy for Sensitive Groups,29.6,84,9.8,SE,0,1004.1,9.2,Medium,Yes
Motijheel,roadside,96,Moderate,27.2,92,11.5,SW,0,999.4,9.8,Severe,No
Agargaon,roadside,187,Unhealthy,29.5,68,5.3,W,0,1011.5,7.4,Severe,No
Mirpur,residential,133,Unhealthy for Sensitive Groups,31.4,70,3.5,E,0,1007.5,8.7,High,Yes
Uttara,residential,105,Unhealthy for Sensitive Groups,32,74,11,SE,0,1005.4,10.5,Medium,No
Tejgaon,industrial,100,Moderate,30.8,90,17.9,N,0,1003.2,9.4,High,Yes
Gulshan,residential,72,Moderate,27.7,67,4,SE,0,998.7,9.4,High,Yes
Motijheel,roadside,173,Unhealthy,27.8,77,6.4,N,0,1010.9,6.7,Medium,Yes
Agargaon,roadside,184,Unhealthy,29.3,68,7.9,W,0,1010.9,7,High,No
Dhanmondi,roadside,71,Moderate,32.1,95,4.7,E,13,999.2,9.7,High,No
Tejgaon,industrial,192,Unhealthy,28.8,75,8.9,SE,0,1012.6,7.1,Severe,No
Old Dhaka,roadside,187,Unhealthy,20.8,79,10,NW,0,1017.8,7.2,Severe,No
Mirpur,residential,173,Unhealthy,22.7,68,6.4,NW,0,1010.8,8.3,High,No
Agargaon,roadside,196,Unhealthy,18.9,73,8,N,0,1015.2,7.7,High,No
Gulshan,residential,61,Moderate,28.3,85,5.8,S,3,1001.3,11.2,Low,Yes
Jatrabari,industrial,296,Very Unhealthy,23.5,92,1.7,W,0,1014.7,0.9,High,Yes
Motijheel,roadside,71,Moderate,32,94,3,S,13.6,1000.7,9.1,High,No
Mirpur,residential,164,Unhealthy,28.6,77,22.3,NW,0,1007,8.4,Severe,Yes
Old Dhaka,roadside,209,Very Unhealthy,18.8,86,10,SE,0,1014.3,4.9,Medium,No
Gulshan,residential,90,Moderate,30.4,87,2.8,S,3.5,1006,10.1,Low,No
Motijheel,roadside,83,Moderate,31.6,84,2.6,SE,0,1001.4,9.9,High,No
Hazaribagh,industrial,308,Hazardous,13.1,68,7.3,NW,0,1012.6,4.4,High,Yes
Hazaribagh,industrial,77,Moderate,26,88,30.8,W,0,997.6,10.6,Severe,No
Agargaon,roadside,244,Very Unhealthy,19.1,48,5.1,W,0,1017.4,6,Severe,No
Mohammadpur,residential,336,Hazardous,10.1,70,2.5,NE,0,1018.5,0.3,Medium,No
Tejgaon,industrial,168,Unhealthy,19.6,72,8.6,NW,0,1012,8.5,Medium,Yes
Baridhara,background,66,Moderate,31.1,84,15.3,N,0,1003.5,10.8,High,No
Hazaribagh,industrial,90,Moderate,32.2,73,10.1,SE,0,1003.2,10.6,High,No
Mohammadpur,residential,75,Moderate,28.9,84,9.1,NE,0,1002,10.5,Medium,Yes
Jatrabari,industrial,163,Unhealthy,27.4,66,2.2,E,0,1008.1,8.4,Medium,No
Dhanmondi,roadside,61,Moderate,31.2,99,12,SE,0,1003.2,10.2,Severe,Yes
Old Dhaka,roadside,98,Moderate,27.9,83,10.2,W,8.4,1005.2,10.8,High,Yes
Gulshan,residential,155,Unhealthy,29.3,61,4,E,0,1014.4,9.5,Medium,No
Old Dhaka,roadside,157,Unhealthy,31.7,66,2.3,W,4.8,1008.2,9.4,High,No
Uttara,residential,266,Very Unhealthy,16.9,77,3.4,SE,0,1017.1,3.4,High,No
Mirpur,residential,195,Unhealthy,19.5,71,4.8,NW,0,1010.4,7.4,Low,No
Dhanmondi,roadside,94,Moderate,29.7,78,10.6,SE,0,1003.4,10.6,High,No
Mohammadpur,residential,88,Moderate,31.4,80,11.9,SE,0,1003.5,10.6,Medium,Yes
Old Dhaka,roadside,373,Hazardous,17.7,68,4.5,N,0,1014.1,2.7,Severe,No
Dhanmondi,roadside,173,Unhealthy,27.6,74,4.5,NW,0,1011.2,8.1,High,No
Uttara,residential,127,Unhealthy for Sensitive Groups,25.4,68,10.4,E,11.6,1009.6,8.6,High,No
Baridhara,background,162,Unhealthy,15.7,69,6.1,E,0,1011.1,9.5,Low,Yes
Mohammadpur,residential,169,Unhealthy,19.6,59,7.3,SW,0,1016.5,9.6,Low,No
Tejgaon,industrial,186,Unhealthy,15.9,78,3.7,N,0,1019.7,7.8,Low,Yes
Motijheel,roadside,125,Unhealthy for Sensitive Groups,33,77,14.6,S,0,1004.8,8.9,Medium,No
Gulshan,residential,109,Unhealthy for Sensitive Groups,28.5,70,3.2,NE,4.8,1011.1,9.3,Medium,No
Motijheel,roadside,67,Moderate,28.6,79,21.8,SE,14.5,998.6,9.7,High,No
Motijheel,roadside,397,Hazardous,19.7,67,1.8,SW,0,1015.5,3.3,Severe,No
Jatrabari,industrial,176,Unhealthy,29.1,68,7.8,SW,8.9,1005.4,7.2,High,No
Tejgaon,industrial,279,Very Unhealthy,13.4,72,1.7,NW,0,1014.6,4.4,High,No
Jatrabari,industrial,148,Unhealthy for Sensitive Groups,29.5,72,10.7,SE,22.4,1009.4,9.3,High,No
Gulshan,residential,69,Moderate,30.9,72,15.9,SW,9.8,1007.7,11.3,Medium,No
Old Dhaka,roadside,156,Unhealthy,30.9,97,10.1,SW,0,1001.7,10,Severe,Yes
Uttara,residential,109,Unhealthy for Sensitive Groups,30.3,85,4.9,S,0,999.6,10,Medium,No
Mirpur,residential,146,Unhealthy for Sensitive Groups,29.3,68,1.8,NW,0,1012.7,8.2,High,No
Agargaon,roadside,188,Unhealthy,15.6,57,3.5,N,0,1012.2,7.8,High,No
Mohammadpur,residential,84,Moderate,29.3,98,10.3,SE,0,1005.3,8.9,Severe,No
Motijheel,roadside,311,Hazardous,24.8,74,2.2,S,0,1015.3,2.4,Severe,No
Motijheel,roadside,99,Moderate,26.2,70,1.8,W,0,1004.4,10.8,Low,No
Old Dhaka,roadside,204,Very Unhealthy,25.9,82,4.4,NW,0,1007.2,6.8,Severe,No
Gulshan,residential,80,Moderate,28.1,86,2.4,SE,9.5,1001.2,9.1,Medium,No
Gulshan,residential,279,Very Unhealthy,18.3,73,5.9,NW,0,1014.1,4.1,High,No
Uttara,residential,165,Unhealthy,29.9,65,6.9,SW,0,1008.1,9.3,Low,Yes
Agargaon,roadside,89,Moderate,31.1,93,5.5,S,0.8,999.4,9.9,Medium,Yes
Gulshan,residential,87,Moderate,27.6,74,18.3,N,0,1013,11.2,Low,No
Tejgaon,industrial,93,Moderate,27.6,78,9.1,NW,14,995.7,10.1,Medium,No
Mohammadpur,residential,274,Very Unhealthy,16.9,56,0.4,N,0,1015.2,4.4,Medium,No
Mirpur,residential,145,Unhealthy for Sensitive Groups,31,66,23.9,S,0,1005.2,10,Medium,Yes
Dhanmondi,roadside,171,Unhealthy,21.6,80,5,N,0,1015.2,7.3,Medium,No
Uttara,residential,215,Very Unhealthy,27.5,66,3.7,SW,0,1018,6,Severe,Yes
Gulshan,residential,72,Moderate,31.3,74,7.8,S,0,1004.3,11,Medium,No
Mirpur,residential,75,Moderate,28.2,87,2.6,SE,0,1002.8,8.9,Medium,No
Jatrabari,industrial,304,Hazardous,18.7,65,4.3,NW,0,1018.3,3.8,Severe,No
Tejgaon,industrial,77,Moderate,30.3,97,12.9,SE,0,1005.4,10.8,Medium,No
Hazaribagh,industrial,176,Unhealthy,29.1,94,5.4,E,0,1005.8,8.1,Medium,No
Mohammadpur,residential,51,Moderate,30.8,75,4.4,S,25.2,1000.5,11.7,Medium,No
Gulshan,residential,115,Unhealthy for Sensitive Groups,11.1,69,2.7,W,0,1016.9,9.3,Low,Yes
Motijheel,roadside,158,Unhealthy,32.4,62,12.9,SW,0,1008.9,7.9,Medium,No
Hazaribagh,industrial,500,Hazardous,17.3,61,6,NW,0,1015,3.1,Medium,Yes
Tejgaon,industrial,220,Very Unhealthy,18.6,70,15.6,NW,0,1017.6,5,Severe,No
Uttara,residential,110,Unhealthy for Sensitive Groups,34.7,75,21.6,N,0,1007.1,10.6,High,No
Baridhara,background,81,Moderate,27.8,67,6.3,SE,0,1003.3,10.2,Low,No
Hazaribagh,industrial,169,Unhealthy,20,66,7.2,SW,0,1018.2,8.8,Low,Yes
Tejgaon,industrial,224,Very Unhealthy,21.8,52,3.6,N,0,1013.5,4.9,High,No
Hazaribagh,industrial,163,Unhealthy,27.4,73,3.4,NE,0,1006.6,7.9,Medium,Yes
Tejgaon,industrial,121,Unhealthy for Sensitive Groups,27.1,89,4.2,N,0,1010,10,Medium,Yes
Uttara,residential,131,Unhealthy for Sensitive Groups,34.4,57,4.3,SW,0,1004.3,9.7,Low,No
Agargaon,roadside,160,Unhealthy,26.5,88,10.1,NW,0,1012.6,8,Medium,Yes
Jatrabari,industrial,199,Unhealthy,17.2,65,3.2,N,0,1012.4,6.7,Medium,Yes
Old Dhaka,roadside,166,Unhealthy,30.2,70,5.6,SE,0,1005.9,7.4,Medium,No
Hazaribagh,industrial,202,Very Unhealthy,26,75,6.4,NE,0,1009.3,5.9,Medium,No
Gulshan,residential,92,Moderate,28,59,8.6,E,0,1004.5,9.4,High,No
Agargaon,roadside,171,Unhealthy,19.6,74,5.2,W,0,1017.2,6.8,Low,No
Gulshan,residential,125,Unhealthy for Sensitive Groups,29.5,63,16.1,SW,0,1012.7,9.3,Severe,Yes
Hazaribagh,industrial,108,Unhealthy for Sensitive Groups,31.2,78,4.3,S,0,1002,9.3,Medium,Yes
Gulshan,residential,125,Unhealthy for Sensitive Groups,30.9,66,3.8,N,0,997.6,10.5,Medium,No
Tejgaon,industrial,162,Unhealthy,35.1,78,0.3,S,0,1004.4,7.5,Severe,No
Jatrabari,industrial,99,Moderate,30.5,68,11.2,S,0,1004.9,9.9,Severe,Yes
Uttara,residential,198,Unhealthy,16.2,79,7.1,W,0,1015.3,6.8,Low,No
Uttara,residential,42,Good,27.4,90,13.6,NE,14.5,1001,9.5,Medium,No
Agargaon,roadside,212,Very Unhealthy,26.7,79,4,NE,0,1020.3,3.9,Severe,Yes
Uttara,residential,153,Unhealthy,28.7,73,4.9,E,0,1010.8,8.4,Low,No
Motijheel,roadside,111,Unhealthy for Sensitive Groups,28.8,74,12.6,SE,7.8,1004,10.8,High,Yes
Hazaribagh,industrial,154,Unhealthy,35.2,74,5.4,SE,0,1006.6,9.4,Low,No
Motijheel,roadside,89,Moderate,32.4,86,6.9,SW,0,1001.9,9.7,Medium,No
Mohammadpur,residential,144,Unhealthy for Sensitive Groups,14.3,66,10.3,NW,0.9,1014.1,8.7,Low,No
Mohammadpur,residential,155,Unhealthy,29.1,74,10.7,N,0,1007,9.2,High,No
Motijheel,roadside,222,Very Unhealthy,30.7,70,6.1,SW,0,1005.8,5.8,High,No
Tejgaon,industrial,136,Unhealthy for Sensitive Groups,28.3,73,13.8,E,0,1007.1,10.5,Medium,No
Tejgaon,industrial,97,Moderate,29.8,77,6.4,S,2.8,1000.6,9.9,Severe,No
Mirpur,residential,130,Unhealthy for Sensitive Groups,28.8,86,9.8,E,0,1016.7,9.5,Low,No
Motijheel,roadside,180,Unhealthy,27.6,68,9.3,S,0,1008,7.3,High,No
Old Dhaka,roadside,216,Very Unhealthy,31.7,77,5.2,SE,0,1008.4,5.2,Severe,Yes
Old Dhaka,roadside,116,Unhealthy for Sensitive Groups,32.1,93,2.8,SW,3,1001.6,10.2,High,No
Uttara,residential,235,Very Unhealthy,20.4,75,8.1,NE,0,1011.3,5.3,Medium,No
Old Dhaka,roadside,297,Very Unhealthy,18.7,69,8.7,SW,0,1011.6,4.8,High,No
Old Dhaka,roadside,161,Unhealthy,25.3,84,12.1,E,0,1010.6,8.4,Medium,No
Gulshan,residential,144,Unhealthy for Sensitive Groups,29.1,87,8,NE,0,1010.5,8.3,Medium,No
Agargaon,roadside,140,Unhealthy for Sensitive Groups,24.1,83,4.6,NE,0,1012,9.2,Severe,Yes
Tejgaon,industrial,214,Very Unhealthy,19.8,72,5.9,E,0,1015.5,6.3,High,No
Mohammadpur,residential,178,Unhealthy,19.1,76,5.2,W,0,1013.8,6.7,High,Yes
Old Dhaka,roadside,179,Unhealthy,33.8,64,6.4,E,0,1013.6,7.8,Severe,No
Tejgaon,industrial,171,Unhealthy,25.5,90,2,E,0,1011.9,7.4,High,Yes
Tejgaon,industrial,184,Unhealthy,17.3,57,2.1,W,0,1013.9,5.4,Medium,No
Baridhara,background,169,Unhealthy,14.7,70,8.3,NW,0,1014.1,8.2,Low,No
Hazaribagh,industrial,182,Unhealthy,20.5,67,2.7,NE,0,1016.8,7.4,Medium,No
Hazaribagh,industrial,90,Moderate,29.2,80,5.6,SE,40.2,1001.4,9.7,Severe,Yes
Mirpur,residential,84,Moderate,28.4,87,1.7,E,0,1004.4,10,High,No
Old Dhaka,roadside,119,Unhealthy for Sensitive Groups,28.6,76,1.8,NE,0,1001.8,9.8,Medium,Yes
Uttara,residential,161,Unhealthy,20.9,87,2.7,SE,0,1014,7.3,Medium,No
Dhanmondi,roadside,61,Moderate,28,74,11.2,SE,13.2,998.4,10,High,No
Hazaribagh,industrial,175,Unhealthy,28.5,60,12.9,SE,0,1009.6,6.5,Medium,No
Gulshan,residential,157,Unhealthy,22.1,62,5.6,NE,0,1012.3,8.6,Low,No
Dhanmondi,roadside,215,Very Unhealthy,18.4,72,3,SW,0,1016.9,5.2,Severe,No
Gulshan,residential,89,Moderate,31.7,93,16.6,S,0,1000.5,9.8,High,No
Old Dhaka,roadside,227,Very Unhealthy,30.1,72,6.1,SW,0,1009.2,4.3,Medium,Yes
Mohammadpur,residential,122,Unhealthy for Sensitive Groups,27,90,13.7,SE,0,1014.2,10.6,Medium,No
Motijheel,roadside,87,Moderate,31.4,61,10,E,6.6,1005.1,9.5,Medium,No
Hazaribagh,industrial,152,Unhealthy,34.5,73,14.5,N,0,1004.9,8.9,Medium,Yes
Tejgaon,industrial,61,Moderate,32.4,83,13.1,SE,19.3,1007.5,9.7,Medium,No
Old Dhaka,roadside,88,Moderate,32.1,87,1.3,SW,12.2,1003.1,9,Medium,No
Mirpur,residential,252,Very Unhealthy,16.8,79,2,N,0,1016.8,5.2,High,No
Gulshan,residential,95,Moderate,28.2,71,5.2,S,1.5,998.6,8.7,Medium,No
Hazaribagh,industrial,229,Very Unhealthy,21.7,86,2.7,NW,0,1012.5,4.4,High,No
Agargaon,roadside,157,Unhealthy,34.4,67,10.4,S,0,1007.5,9.9,Medium,No
Motijheel,roadside,74,Moderate,32.1,72,9.9,SE,14,1001.1,11.6,Medium,No
Dhanmondi,roadside,167,Unhealthy,30,79,4.9,S,0,999.5,8.1,Severe,No
Gulshan,residential,164,Unhealthy,32.8,69,5,S,0,1007.7,8.1,Medium,No
Agargaon,roadside,168,Unhealthy,21.6,64,9,E,0,1010.7,7.6,Low,No
Jatrabari,industrial,94,Moderate,30.3,69,4.5,S,0,1002.8,10.1,High,No
Gulshan,residential,70,Moderate,31.5,69,15.4,S,18.9,1004.7,9.5,High,Yes
Motijheel,roadside,180,Unhealthy,27.2,72,6.2,N,0,1012.8,8.8,High,No
Motijheel,roadside,49,Good,28.6,90,8,NE,43.9,1002.3,10.2,Severe,No
Mohammadpur,residential,127,Unhealthy for Sensitive Groups,25.3,69,2.5,N,0,1012.3,9.7,Low,No
Hazaribagh,industrial,155,Unhealthy,29.2,86,12,SE,0,1010.3,9.2,High,No
Mirpur,residential,182,Unhealthy,23,82,2.1,S,0,1009.3,6.4,Medium,No
Baridhara,background,125,Unhealthy for Sensitive Groups,19.5,72,7.8,E,0,1012.6,7.8,High,No
Mirpur,residential,262,Very Unhealthy,18.9,75,7.1,SE,0,1018,5.2,High,No
Old Dhaka,roadside,260,Very Unhealthy,21.7,55,7.2,E,0,1019.2,5.3,Severe,No
Motijheel,roadside,195,Unhealthy,23.4,66,7.1,W,0,1018.2,8.6,High,Yes
Hazaribagh,industrial,180,Unhealthy,30.3,92,9.6,NE,0,1005.2,7.7,High,No
Tejgaon,industrial,150,Unhealthy for Sensitive Groups,32.6,82,9.1,SW,0.2,1003.5,8,High,No
Mirpur,residential,93,Moderate,28.6,84,1.3,S,0,999.7,10.2,Low,Yes
Mohammadpur,residential,66,Moderate,27.4,81,8.5,S,7.9,1004.2,11.1,Medium,No
Mirpur,residential,85,Moderate,31.7,97,3.5,E,0,1001.4,11.4,Medium,No
Old Dhaka,roadside,128,Unhealthy for Sensitive Groups,32.5,83,2.1,S,0,1001.2,9.9,High,No
Old Dhaka,roadside,204,Very Unhealthy,30.9,68,2.4,NE,0,1010,5.8,High,Yes
Agargaon,roadside,62,Moderate,30.9,100,4.2,SE,13.7,1000.5,9.5,High,No
Dhanmondi,roadside,92,Moderate,26.4,74,10.2,NW,0,998.8,9.3,Severe,No
Baridhara,background,169,Unhealthy,20.3,69,4,NW,0,1014,8.1,Medium,No
Uttara,residential,155,Unhealthy,28.4,71,9.5,N,0,1011.3,9.7,High,No
Dhanmondi,roadside,195,Unhealthy,23.4,64,2.8,SW,0,1018.7,6.1,Medium,No
Mohammadpur,residential,156,Unhealthy,34.6,60,6.3,SE,0,1008.3,7.6,Medium,No
Jatrabari,industrial,145,Unhealthy for Sensitive Groups,29.3,74,3.2,W,5.9,1010.3,10,Severe,No
Jatrabari,industrial,191,Unhealthy,16.9,78,0.7,NW,0,1014.1,7,High,Yes
Mirpur,residential,259,Very Unhealthy,15.4,55,5,E,0,1007.5,4.4,Medium,No
Baridhara,background,82,Moderate,32.3,78,31.4,NE,0,1006,9.9,Low,No
Tejgaon,industrial,172,Unhealthy,29,77,2.4,SE,0,1007.3,7.9,Medium,Yes
Dhanmondi,roadside,85,Moderate,30.7,82,8.4,NE,9,1009.5,9.9,Medium,Yes
Uttara,residential,78,Moderate,22.7,79,9.7,SE,7.6,1009.7,10,High,Yes
Agargaon,roadside,165,Unhealthy,32.4,70,8,E,0,1000.8,8.8,Medium,No
Old Dhaka,roadside,247,Very Unhealthy,27.8,89,1.9,S,0,1007.5,4.4,High,Yes
Tejgaon,industrial,62,Moderate,29.6,71,23.2,S,8.9,999.2,10,Medium,No
Baridhara,background,114,Unhealthy for Sensitive Groups,24.7,84,7.5,NE,0,1009.2,10.7,Low,No
Agargaon,roadside,243,Very Unhealthy,11.8,64,12.7,SE,0,1007.4,4.9,High,No
Uttara,residential,152,Unhealthy,29.7,75,1.8,NE,0,1006.5,9.2,Medium,No
Mohammadpur,residential,221,Very Unhealthy,17.2,65,3.1,NW,2,1014.8,6.4,Low,No
Jatrabari,industrial,228,Very Unhealthy,22.9,76,1.6,N,0,1016,5.4,Medium,Yes
Hazaribagh,industrial,57,Moderate,28.6,73,13.3,SW,38,1000.9,10.3,Severe,No
Baridhara,background,235,Very Unhealthy,20.6,56,1.1,SW,0,1017.1,5.8,Medium,No
Motijheel,roadside,155,Unhealthy,27.7,84,6.1,S,0,1006.5,9.6,Severe,Yes
Gulshan,residential,60,Moderate,30.9,96,5.7,SW,20.6,998.5,11,High,No
Mirpur,residential,186,Unhealthy,11.2,74,0.9,NW,0,1011.9,7.7,Medium,No
Dhanmondi,roadside,177,Unhealthy,36.2,72,11.4,NW,0,1007.8,7.4,High,No
Agargaon,roadside,120,Unhealthy for Sensitive Groups,29.7,92,9.1,S,0,1003.5,8.7,High,No
Old Dhaka,roadside,227,Very Unhealthy,20,75,3.2,W,0,1008,5.1,Severe,No
Mohammadpur,residential,177,Unhealthy,16.5,75,12.7,W,0,1019.2,7.8,Medium,Yes
Baridhara,background,154,Unhealthy,24.8,73,1.1,NW,0,1008.6,9.8,Low,Yes
Mirpur,residential,74,Moderate,25.4,75,0.6,SE,27.6,1010.4,10.8,Medium,No
Baridhara,background,44,Good,29.3,83,7.4,S,19.4,1003.7,11.1,Medium,Yes
Mirpur,residential,157,Unhealthy,29.3,64,3.4,E,0,1010.6,8.7,Severe,Yes
Gulshan,residential,73,Moderate,28.5,84,6.3,S,11.7,999.5,9.8,Medium,No
Old Dhaka,roadside,165,Unhealthy,24.1,76,11.3,NW,0,1012.9,8.5,Severe,No
Mirpur,residential,144,Unhealthy for Sensitive Groups,33.1,62,2.3,S,0,1006.7,10.7,Medium,No
Uttara,residential,162,Unhealthy,30,77,10.4,NE,0,1007.3,7.3,Severe,Yes
Tejgaon,industrial,161,Unhealthy,26.4,79,1.8,W,0,1009.5,8.8,Medium,No
Baridhara,background,121,Unhealthy for Sensitive Groups,31,59,5.3,SE,0,1004,9.8,Low,No
Mohammadpur,residential,67,Moderate,28,88,15.3,W,0,1003.7,11.4,Medium,No
Mirpur,residential,129,Unhealthy for Sensitive Groups,30.1,81,10.5,E,0,998.4,9.3,High,No
Gulshan,residential,132,Unhealthy for Sensitive Groups,30.4,87,3.3,SE,1.2,1003.1,8.2,High,No
Mohammadpur,residential,194,Unhealthy,26.5,73,6.6,S,3,1011,6.4,High,No
Old Dhaka,roadside,189,Unhealthy,20.4,78,3.3,N,0,1015.8,7,Medium,Yes
Dhanmondi,roadside,250,Very Unhealthy,20.1,78,3.6,N,0,1015,5.7,Severe,Yes
Tejgaon,industrial,223,Very Unhealthy,28.4,60,6.3,S,0,1004.8,6.7,Severe,Yes
Tejgaon,industrial,264,Very Unhealthy,30,82,7.3,S,0,1011.9,5.6,Severe,No
Baridhara,background,73,Moderate,30.5,80,7.9,S,0,1007.3,9.8,Low,No
Baridhara,background,154,Unhealthy,31.2,70,4.5,NW,0,1009.7,8.7,Medium,No
Mohammadpur,residential,164,Unhealthy,32.1,61,6.6,S,0,1013.4,7.6,High,Yes
Uttara,residential,192,Unhealthy,25.9,76,5.6,NW,0,1012,7.2,Medium,No
Old Dhaka,roadside,159,Unhealthy,29.9,68,5.3,NW,2.3,1012.3,8.5,High,No
Motijheel,roadside,104,Unhealthy for Sensitive Groups,30.4,79,4.4,S,2,1003.5,9.3,High,No
Baridhara,background,148,Unhealthy for Sensitive Groups,29.2,60,8.9,SE,0,1006.3,9.2,Medium,No
Dhanmondi,roadside,332,Hazardous,16.5,76,6.5,SE,0,1015.6,4.5,Severe,Yes
Baridhara,background,172,Unhealthy,20.9,64,5.9,S,0,1016.1,6.7,Medium,No
Motijheel,roadside,298,Very Unhealthy,19.5,68,8.8,N,0,1014.8,3,High,Yes
Jatrabari,industrial,196,Unhealthy,29.5,62,4.5,SE,0,1005.6,7.3,Medium,No
Mirpur,residential,128,Unhealthy for Sensitive Groups,31.5,94,3.9,E,0,1001.8,10.7,Low,Yes
Dhanmondi,roadside,154,Unhealthy,31.1,61,17.9,NE,0,1005.5,9.9,Medium,No
Uttara,residential,466,Hazardous,21.9,59,2.5,S,0,1018.4,2.4,Medium,No
Mohammadpur,residential,177,Unhealthy,15.6,58,3.9,SE,0,1017.2,8.5,Low,Yes
Gulshan,residential,184,Unhealthy,33.5,74,1,SE,0,1007.2,8,Low,Yes
Dhanmondi,roadside,138,Unhealthy for Sensitive Groups,28.3,84,1.8,N,0,1009.1,9.9,Low,No
Mohammadpur,residential,155,Unhealthy,34,78,5.4,SE,0,1006.2,8,Medium,No
Baridhara,background,187,Unhealthy,22.4,60,3.3,NW,0,1013.5,6.4,Medium,No
Dhanmondi,roadside,44,Good,29.8,83,5.5,SW,19.4,1001.7,9.8,High,No
Jatrabari,industrial,150,Unhealthy for Sensitive Groups,26.6,97,14.5,NE,0,1007,9.9,Medium,Yes
Jatrabari,industrial,191,Unhealthy,33.2,83,1.3,SW,0,1000.6,7.4,High,Yes
Uttara,residential,183,Unhealthy,26.3,73,5.1,NE,0,1008.2,7.4,Medium,No
Dhanmondi,roadside,145,Unhealthy for Sensitive Groups,28.9,78,4.7,SE,0,1009.2,9.3,High,No
Agargaon,roadside,66,Moderate,29.3,89,20.7,SE,3,1006.6,11.3,Severe,No
Tejgaon,industrial,149,Unhealthy for Sensitive Groups,22.3,82,8.9,S,0,1010.2,8.7,High,No
Gulshan,residential,168,Unhealthy,14.7,65,3.3,N,0,1015.5,9.4,Medium,No
Motijheel,roadside,173,Unhealthy,28,73,12.3,NW,0,1010.4,7.4,Severe,No
Mirpur,residential,169,Unhealthy,28.8,76,3.3,NW,0,1012.6,8.1,Low,No
Uttara,residential,174,Unhealthy,28,72,9.4,SE,0,1010,7.7,High,No
Motijheel,roadside,195,Unhealthy,33.9,58,19.4,NW,0,1005.6,6.4,High,No
Tejgaon,industrial,160,Unhealthy,30.7,99,7.1,W,0,1000.3,8.5,High,No
Jatrabari,industrial,168,Unhealthy,16.3,67,2,W,0,1013.1,7.8,Medium,No
Dhanmondi,roadside,105,Unhealthy for Sensitive Groups,31.1,82,1.2,S,0,1005.8,10.3,High,No
Agargaon,roadside,117,Unhealthy for Sensitive Groups,31.4,65,8.1,N,0,1008,9.1,Medium,No
Mohammadpur,residential,155,Unhealthy,29,84,11.8,S,0,1000.5,8.5,High,No
Old Dhaka,roadside,29,Good,30.9,88,32.1,SE,48.7,1004.1,9.7,High,No
Mirpur,residential,99,Moderate,31.2,64,16.4,S,0,1009.9,11.1,Medium,No
Mirpur,residential,203,Very Unhealthy,16.9,79,4.9,NW,0,1013.2,5.3,Low,No
Jatrabari,industrial,163,Unhealthy,30.6,73,2.9,NW,0,1006.3,7.9,Low,Yes
Agargaon,roadside,79,Moderate,32.5,83,5.9,S,24.7,1002,11.2,High,No
Hazaribagh,industrial,87,Moderate,32.5,80,18.5,SE,0.7,1000.1,9.9,High,No
Baridhara,background,67,Moderate,30.3,94,23.2,NE,0,1000.8,10.8,Low,No
Uttara,residential,133,Unhealthy for Sensitive Groups,19.2,69,3,NE,0,1013.8,8.7,Medium,No
Hazaribagh,industrial,492,Hazardous,23.4,68,4.3,E,0,1010.6,0.3,Severe,No
Motijheel,roadside,96,Moderate,33.1,93,16.6,SW,5.1,1009.6,9.7,High,Yes
Gulshan,residential,176,Unhealthy,22.6,64,11.5,W,0,1012.7,8.7,Medium,No
Jatrabari,industrial,180,Unhealthy,32.9,75,4.9,W,0,1003.3,6.5,Severe,No
Agargaon,roadside,122,Unhealthy for Sensitive Groups,25.3,48,12,S,11.8,1009.4,9.3,High,Yes
Baridhara,background,105,Unhealthy for Sensitive Groups,31.1,65,5.1,SE,0,1007.5,9.2,Low,Yes
Jatrabari,industrial,221,Very Unhealthy,18.6,79,10,N,0,1014.2,6.2,High,No
Jatrabari,industrial,250,Very Unhealthy,21.4,70,4.8,SW,0,1017.2,4.8,Medium,No
Tejgaon,industrial,227,Very Unhealthy,17.4,75,3.7,E,0,1011.9,5.6,Medium,No
Motijheel,roadside,217,Very Unhealthy,18.2,63,8.3,W,1.2,1015.8,5.5,High,No
Baridhara,background,161,Unhealthy,21.2,73,5.1,NW,0,1014.5,9.5,Medium,Yes
Hazaribagh,industrial,170,Unhealthy,25.1,78,8.7,W,0,1011.1,9,Medium,No
Hazaribagh,industrial,153,Unhealthy,29,87,2.9,W,0,1002.1,8.4,High,Yes
Hazaribagh,industrial,192,Unhealthy,31.5,84,3.8,S,0,1013,7.4,High,No
Old Dhaka,roadside,135,Unhealthy for Sensitive Groups,32.4,95,6.3,E,0,1000.7,9,Severe,No
Uttara,residential,62,Moderate,31.5,91,3.7,S,11.9,999.9,10.5,Low,Yes
Dhanmondi,roadside,284,Very Unhealthy,22.8,76,3.5,NW,0,1016.3,4.2,Severe,No
Mohammadpur,residential,189,Unhealthy,19.2,63,4.6,N,0,1017.6,7.2,High,No
Hazaribagh,industrial,181,Unhealthy,24.2,66,3,NW,0,1011.6,6.2,Medium,Yes
Tejgaon,industrial,93,Moderate,26.9,73,18.1,SE,0,1003,10.4,High,Yes
Tejgaon,industrial,186,Unhealthy,36.1,58,3.9,W,7,1004.1,7.7,High,No
Mirpur,residential,170,Unhealthy,36.4,61,6.8,S,0,1003.6,6,High,No
Jatrabari,industrial,121,Unhealthy for Sensitive Groups,30.8,85,6.2,SE,5.5,1001.4,10.2,Medium,No
Dhanmondi,roadside,164,Unhealthy,29.1,68,5.7,SW,0,1009.3,8.8,High,No
Mirpur,residential,163,Unhealthy,30.9,68,5.7,SE,0,1003.8,8.6,Medium,No
Hazaribagh,industrial,174,Unhealthy,29.6,84,12.1,SE,0,999.9,7.4,Severe,No
Gulshan,residential,77,Moderate,29.5,59,14,N,0,1005.7,9.8,Low,No
Uttara,residential,87,Moderate,29.9,97,4.2,NE,0.4,1003.6,9.4,Low,Yes
Uttara,residential,64,Moderate,31,74,13.3,NW,0,999.5,9.7,Low,Yes
Mohammadpur,residential,134,Unhealthy for Sensitive Groups,30.8,94,4.1,S,0,1002.2,8.3,Medium,Yes
Mirpur,residential,211,Very Unhealthy,26,52,4.4,N,0,1010.4,5.3,High,No
Agargaon,roadside,169,Unhealthy,31.3,67,7.4,S,0,1006.5,8.5,Severe,No
Tejgaon,industrial,154,Unhealthy,23.3,68,3,N,0,1012.8,8.6,Medium,Yes
Baridhara,background,90,Moderate,35.1,63,2.1,N,0,1005.8,10.2,Low,No
Uttara,residential,147,Unhealthy for Sensitive Groups,23.9,92,5.6,SW,0,1012.3,9.2,Medium,No
Mohammadpur,residential,187,Unhealthy,29.6,65,3,SE,0,1002.2,7.9,High,No
Mirpur,residential,172,Unhealthy,31.7,59,19.1,S,0,1004.2,8.2,High,No
Hazaribagh,industrial,191,Unhealthy,32,72,5.1,E,0,1008.4,7.4,Severe,No
Baridhara,background,102,Unhealthy for Sensitive Groups,27.4,65,12.2,E,0,1008.6,9.5,High,No
Mohammadpur,residential,168,Unhealthy,25.1,79,8.2,W,0,1015.7,7.5,High,Yes
Uttara,residential,214,Very Unhealthy,13.8,63,2.8,W,0,1016.8,6.6,High,No
Mirpur,residential,81,Moderate,31.1,78,4.7,S,0,1004.9,9.5,Low,Yes
Gulshan,residential,84,Moderate,32.1,79,4.7,S,0,999.6,11,Medium,No
Uttara,residential,158,Unhealthy,23.9,84,6.2,N,0,1011,6.7,Medium,No
Old Dhaka,roadside,132,Unhealthy for Sensitive Groups,31.8,83,29.1,E,0,998.6,8.8,High,Yes
Hazaribagh,industrial,164,Unhealthy,29.3,70,6,S,0,1013.7,7.6,Medium,Yes
Hazaribagh,industrial,165,Unhealthy,25.4,79,3.5,N,0,1010.3,7.5,High,No
Baridhara,background,116,Unhealthy for Sensitive Groups,26,69,9.1,S,0,1008.2,10.7,Medium,No
Jatrabari,industrial,181,Unhealthy,24.3,83,2.1,NE,0,1005.3,8.3,Severe,Yes
Tejgaon,industrial,228,Very Unhealthy,25.5,74,2.8,N,0,1004.7,6.5,Medium,No
Uttara,residential,167,Unhealthy,24.4,69,12.5,N,0,1019.4,9,Low,Yes
Mirpur,residential,107,Unhealthy for Sensitive Groups,29.8,88,5.5,SE,0,1010.6,10,Severe,No
Tejgaon,industrial,260,Very Unhealthy,15.5,62,2.5,NW,0,1015.9,5.3,High,No
Mohammadpur,residential,136,Unhealthy for Sensitive Groups,30.3,92,2.3,W,0,1005.9,8.3,Severe,No
Uttara,residential,206,Very Unhealthy,14.5,70,4.6,NW,0,1013.2,6.5,Medium,No
Hazaribagh,industrial,164,Unhealthy,30.9,76,2.4,S,10.6,998.1,8.8,Medium,No
Old Dhaka,roadside,130,Unhealthy for Sensitive Groups,28.6,59,15.5,N,0,1011.1,7.5,High,No
Tejgaon,industrial,64,Moderate,28.5,84,10.5,SE,30.6,1001.7,11.1,Medium,No
Hazaribagh,industrial,500,Hazardous,20.3,66,3.1,W,0,1014.5,0.3,Medium,No
Hazaribagh,industrial,99,Moderate,33.2,91,19.8,SE,0,1006.2,8.8,Medium,No
Hazaribagh,industrial,177,Unhealthy,36.5,66,5.2,W,0,1006.1,9.6,Medium,No
Baridhara,background,64,Moderate,28.1,87,5.5,SE,0,999.1,10.8,Low,No
Agargaon,roadside,171,Unhealthy,29.5,61,4,NW,0.4,1003.5,8,High,No
Tejgaon,industrial,257,Very Unhealthy,20.8,70,7.2,NE,0,1015,5.1,Severe,No
Old Dhaka,roadside,246,Very Unhealthy,33.9,79,3,NW,0,1009.2,5,Severe,No
Agargaon,roadside,219,Very Unhealthy,21.6,77,3.5,NW,0,1010.3,5.2,High,Yes
Mirpur,residential,196,Unhealthy,19.3,66,2.8,N,0,1014.7,5.8,High,No
Mohammadpur,residential,38,Good,29.1,78,7.7,SW,60.2,1000.1,10.7,Severe,No
Mirpur,residential,258,Very Unhealthy,12.3,70,1.5,NE,0,1013.7,5.7,Severe,No
Baridhara,background,59,Moderate,27.6,96,5.9,S,19.4,1005.9,10.6,High,No
Dhanmondi,roadside,267,Very Unhealthy,17,59,10.1,NE,0,1014.7,3.7,Severe,No
Agargaon,roadside,172,Unhealthy,31.1,68,2.7,N,0,1005.1,6.8,High,Yes
Agargaon,roadside,144,Unhealthy for Sensitive Groups,33.5,54,11.4,N,0,1011.1,8.6,Low,No
Dhanmondi,roadside,223,Very Unhealthy,20.2,67,8.5,SW,0,1014.3,6.3,High,Yes
Baridhara,background,168,Unhealthy,33.4,70,6.3,NE,0,1006.6,9.3,High,No
Tejgaon,industrial,127,Unhealthy for Sensitive Groups,31.1,55,1,W,10.2,1006.4,9.1,Severe,Yes
Agargaon,roadside,105,Unhealthy for Sensitive Groups,28.7,81,10,SE,0,997.9,9.6,High,Yes
Hazaribagh,industrial,153,Unhealthy,26.5,80,10.6,S,0,1009.9,8.9,Medium,No
Gulshan,residential,153,Unhealthy,32.7,69,20.9,SW,0,1007.5,8.7,Medium,No
Gulshan,residential,89,Moderate,29.6,81,5.3,NW,4,1009.9,10.6,Low,No
Old Dhaka,roadside,249,Very Unhealthy,30.6,60,1.6,N,0,1009.4,4,Severe,Yes
Baridhara,background,146,Unhealthy for Sensitive Groups,15.7,72,7.2,N,0,1012.5,9.8,Low,No
Gulshan,residential,260,Very Unhealthy,20.2,65,1.2,NW,0,1015.7,4.8,Low,No
Uttara,residential,87,Moderate,32.2,74,9.9,N,2.3,1005.7,10.3,Low,No
Dhanmondi,roadside,157,Unhealthy,34.1,50,12.3,SE,4.9,1009.3,8.8,Severe,Yes
Dhanmondi,roadside,163,Unhealthy,25.3,76,11.1,NW,0,1014.8,9.1,Medium,Yes
Tejgaon,industrial,109,Unhealthy for Sensitive Groups,28.8,86,4.5,SW,4.1,1005,9.4,High,No
Gulshan,residential,47,Good,31.4,96,3,N,21.6,1002.1,10.7,Medium,No
Old Dhaka,roadside,182,Unhealthy,30,69,7.7,E,0,1006.9,7.9,High,No
Old Dhaka,roadside,153,Unhealthy,29.9,70,2.3,N,0,1006.7,9.3,High,No
Mohammadpur,residential,98,Moderate,32.3,88,4.9,SW,0,999.3,10,Medium,Yes
Gulshan,residential,206,Very Unhealthy,14.2,80,2.8,SW,0,1017.2,5.6,High,No
Tejgaon,industrial,204,Very Unhealthy,26.2,67,9,SW,0,1009.6,7.2,High,Yes
Old Dhaka,roadside,96,Moderate,29.5,57,18.2,N,0,1006,9.6,Severe,Yes
Dhanmondi,roadside,160,Unhealthy,22,57,6.8,W,0,1019,8.6,High,Yes
Baridhara,background,58,Moderate,29.8,90,11.5,S,0,997.9,11.7,Medium,No
Tejgaon,industrial,215,Very Unhealthy,19.9,72,5,N,0,1016.2,6.1,Medium,No
Dhanmondi,roadside,202,Very Unhealthy,18.1,68,4.7,W,0,1016.9,8.3,Low,No
Dhanmondi,roadside,173,Unhealthy,29.1,73,1.3,E,0,1009.5,8.2,Medium,No
Dhanmondi,roadside,96,Moderate,26.1,79,6.5,SE,13.3,1008.3,10.3,High,Yes
Baridhara,background,133,Unhealthy for Sensitive Groups,29.6,70,12.2,S,0,1002.7,10.3,Low,Yes
Old Dhaka,roadside,231,Very Unhealthy,35.5,72,5.9,S,0,1005.8,4.8,Severe,No
Mohammadpur,residential,88,Moderate,30.1,76,5.5,SW,0,1000,9.8,Medium,Yes
Mohammadpur,residential,449,Hazardous,16.6,56,0.7,SE,0,1011.3,2.2,Severe,Yes
Motijheel,roadside,165,Unhealthy,27.3,61,6.3,SE,0,1009.4,9.6,Severe,No
Dhanmondi,roadside,193,Unhealthy,25.5,59,9.1,S,0,1012.8,6.4,High,No
Mirpur,residential,96,Moderate,29.6,57,8.9,E,0,1008.1,10.6,High,Yes
Agargaon,roadside,162,Unhealthy,32.2,91,4.8,SW,0,1008.8,9.2,High,Yes
Uttara,residential,25,Good,30.7,67,2.6,SW,45.9,1003.3,9.6,Low,No
Tejgaon,industrial,197,Unhealthy,27.4,82,3.4,NE,0,1011.5,6.9,Medium,No
Baridhara,background,88,Moderate,30.3,92,3.8,SE,0,1004.5,10.4,Medium,No
Gulshan,residential,81,Moderate,34,93,2.8,NE,0,998,10.1,Severe,No
Uttara,residential,69,Moderate,26.1,87,8,SW,0,1000,8.8,Medium,No
Agargaon,roadside,115,Unhealthy for Sensitive Groups,30.4,96,4.6,SW,0,1004.2,9.5,Severe,Yes
Mohammadpur,residential,173,Unhealthy,30.3,82,13.1,SE,0,1005.3,8.6,High,Yes
Dhanmondi,roadside,251,Very Unhealthy,18.3,68,4.4,W,0,1014,4.8,Medium,Yes
Old Dhaka,roadside,70,Moderate,30.3,89,20.4,E,17.8,1003.3,10.2,High,No
Uttara,residential,222,Very Unhealthy,18.1,80,3.2,NE,0,1014.2,7.4,High,No
Tejgaon,industrial,161,Unhealthy,31.5,61,15.3,S,0,1007.2,9.1,High,No
Mohammadpur,residential,187,Unhealthy,18.9,68,11.3,N,0,1014.6,7.3,Medium,No
Tejgaon,industrial,58,Moderate,27.6,80,4.2,S,25.4,1001.1,9.5,Medium,No
Mirpur,residential,191,Unhealthy,20.3,74,4.2,SE,0,1011.5,7.1,High,Yes
Hazaribagh,industrial,189,Unhealthy,21.5,55,3.5,N,0,1013.8,6.5,Low,No
Gulshan,residential,178,Unhealthy,29.6,79,4.5,SE,0,1008.3,7.7,High,No
Old Dhaka,roadside,420,Hazardous,25.5,74,7,N,0,1014.1,2.1,Medium,Yes
Old Dhaka,roadside,177,Unhealthy,30.3,83,8.2,N,0,1012.2,8.6,High,No
Dhanmondi,roadside,233,Very Unhealthy,33.1,49,4.2,NE,0,1006.1,5.5,Severe,Yes
Mirpur,residential,177,Unhealthy,33.1,60,4.1,W,1.1,1008.2,8.7,High,No
Baridhara,background,167,Unhealthy,19.1,82,4.5,W,0,1013.4,8.3,Medium,No
Jatrabari,industrial,134,Unhealthy for Sensitive Groups,29.9,77,4.8,W,0,1008,9.6,Medium,No
Agargaon,roadside,148,Unhealthy for Sensitive Groups,32.8,71,1.7,SE,19.3,1004.1,9.6,Severe,No
Hazaribagh,industrial,194,Unhealthy,33,70,11,NE,0,1004.2,7.1,High,No
Gulshan,residential,200,Unhealthy,17,75,1.1,W,0,1013.2,6.9,High,Yes
Motijheel,roadside,131,Unhealthy for Sensitive Groups,29.9,89,3.4,S,0,1002,9.5,High,No
Mirpur,residential,189,Unhealthy,28.4,77,5.6,S,0,1006.4,6.6,Medium,No
Old Dhaka,roadside,168,Unhealthy,33.1,77,10.9,SW,0,1005.5,9.6,Severe,No
Dhanmondi,roadside,181,Unhealthy,18.7,64,2.3,N,0,1013.3,8.2,High,No
Old Dhaka,roadside,450,Hazardous,17,74,4.1,SW,0,1014.3,0.7,High,Yes
Old Dhaka,roadside,206,Very Unhealthy,24.5,71,3.3,NW,0,1014.3,6.9,Medium,No
Hazaribagh,industrial,119,Unhealthy for Sensitive Groups,28.1,84,0.4,SW,0,1000.8,9.4,Medium,No
Mohammadpur,residential,128,Unhealthy for Sensitive Groups,24.6,75,3.7,NW,0,1010.5,8.2,High,No
Dhanmondi,roadside,226,Very Unhealthy,23.7,75,2.1,SW,0,1014.6,5.3,High,No
Tejgaon,industrial,64,Moderate,28.3,85,6.2,S,33.8,1007.8,10,Medium,No
Mirpur,residential,161,Unhealthy,23.4,68,1.7,NW,0,1016.2,8.4,Medium,Yes
Mirpur,residential,191,Unhealthy,30.2,84,3.5,NE,0,1010.1,5.5,High,No
Tejgaon,industrial,180,Unhealthy,30.8,64,6.3,S,1.5,1004.7,7.4,Medium,Yes
Jatrabari,industrial,198,Unhealthy,32.2,81,7.3,SE,0,1005.1,5.5,Medium,Yes
Tejgaon,industrial,56,Moderate,30,80,5.3,W,33.3,1001.3,10.3,High,Yes
Jatrabari,industrial,173,Unhealthy,14.8,77,9.7,S,0,1017.8,8.6,High,Yes
Gulshan,residential,150,Unhealthy for Sensitive Groups,32.5,86,5.8,NE,0,1008.4,10.4,High,Yes
Mohammadpur,residential,109,Unhealthy for Sensitive Groups,30.4,79,7.2,E,0,1011.8,9.5,Medium,No
Motijheel,roadside,86,Moderate,30.6,86,5.8,NE,23.1,1000.6,9.9,High,No
Dhanmondi,roadside,71,Moderate,28.5,79,0.3,SE,0,1004.3,10.5,High,No
Uttara,residential,158,Unhealthy,30.4,64,2.4,E,0,1006,10.4,High,No
Uttara,residential,162,Unhealthy,16.6,72,1.4,NW,0,1013,9.5,Low,No
Hazaribagh,industrial,120,Unhealthy for Sensitive Groups,30.2,85,5.2,SE,1.7,1000.2,8.4,Severe,Yes
Motijheel,roadside,59,Moderate,30.6,94,15.3,SE,17.5,1006.3,10.1,Medium,No
Baridhara,background,125,Unhealthy for Sensitive Groups,26.1,74,5.6,NE,0,1010.8,9.6,Low,No
Baridhara,background,171,Unhealthy,13.9,67,8.2,NW,0,1017.7,8,High,No
Uttara,residential,139,Unhealthy for Sensitive Groups,36.3,55,3.3,S,0,1007.8,7.8,Low,No
Hazaribagh,industrial,174,Unhealthy,31.6,73,7.3,S,0,1008.4,8.6,High,No
Mirpur,residential,105,Unhealthy for Sensitive Groups,30.8,89,13.5,SE,2.5,1001,10.2,High,No
Jatrabari,industrial,135,Unhealthy for Sensitive Groups,29.2,93,11.5,E,0,1001.6,9.7,High,No
Gulshan,residential,118,Unhealthy for Sensitive Groups,23.1,86,3.1,SE,0,1008.3,9.6,Low,Yes
Dhanmondi,roadside,187,Unhealthy,18.7,76,4.2,N,0,1012.4,5.6,Severe,No
Baridhara,background,90,Moderate,30.2,75,13.3,NE,0,1006.3,8.7,Low,No
Jatrabari,industrial,276,Very Unhealthy,21.5,75,2.7,NE,0,1014.1,3,High,No
Uttara,residential,170,Unhealthy,22.2,76,4,NE,0,1014.5,8,Medium,No
Dhanmondi,roadside,155,Unhealthy,32.9,53,1.2,SW,0,1008.8,7.6,Medium,Yes
Baridhara,background,77,Moderate,31.8,76,10.7,S,0,1006.5,10.5,High,No
Baridhara,background,156,Unhealthy,35.5,58,11.4,S,0,1004.4,8.5,Low,Yes
Gulshan,residential,169,Unhealthy,32,78,1.4,SW,0,1007.9,8.2,Low,No
Agargaon,roadside,84,Moderate,32,79,5.5,SE,0,1000.4,11.1,Medium,No
Dhanmondi,roadside,165,Unhealthy,28.2,73,9.8,NE,0,1006.8,7.4,High,No
Mohammadpur,residential,219,Very Unhealthy,12.3,70,1.8,N,0,1020.8,6.1,Medium,No
Dhanmondi,roadside,173,Unhealthy,30.6,58,8.6,E,0,1006.7,9.2,High,No
Hazaribagh,industrial,166,Unhealthy,28.4,88,4.5,S,0,1001,8,Medium,No
Dhanmondi,roadside,85,Moderate,30.4,68,12.5,SE,0,1004.1,8.9,High,No
Dhanmondi,roadside,158,Unhealthy,25,69,0.8,NW,2.9,1016.9,8.5,High,Yes
Baridhara,background,189,Unhealthy,21.1,72,0.8,SW,0,1015.7,7.9,High,No
Baridhara,background,70,Moderate,31.8,75,3.6,N,0,1008.2,9.8,High,No
Mirpur,residential,176,Unhealthy,30,88,5,W,0,1010.9,8.4,Severe,No
Motijheel,roadside,155,Unhealthy,35,68,7.2,SE,3.6,1009.5,7.4,High,No
Uttara,residential,177,Unhealthy,26.8,77,1.5,SE,0,1004.9,6.7,High,Yes
Gulshan,residential,164,Unhealthy,24,81,6.6,NE,0,1008.9,8.6,Low,No
Gulshan,residential,171,Unhealthy,29.2,70,7,W,0,1015.7,7.8,Severe,No
Baridhara,background,57,Moderate,31.8,77,6.5,S,0,1005.2,11.5,Low,No
Jatrabari,industrial,135,Unhealthy for Sensitive Groups,27.6,85,9.8,SE,11.6,1009.7,10.1,Severe,No
Motijheel,roadside,219,Very Unhealthy,19.1,74,6.4,N,0,1017.3,4.9,High,No
Hazaribagh,industrial,139,Unhealthy for Sensitive Groups,29.9,100,4.4,S,0,1002.9,8.6,Low,No
Dhanmondi,roadside,90,Moderate,26.2,75,17,NE,0,1006.3,10.8,Medium,No
Hazaribagh,industrial,177,Unhealthy,25.1,75,13.2,NW,0,1012.8,7,High,No
Uttara,residential,211,Very Unhealthy,26.7,80,6.1,N,0,1009,5.9,Severe,No
Tejgaon,industrial,170,Unhealthy,25.2,81,2.4,W,0,1013.5,7.3,High,Yes
Jatrabari,industrial,222,Very Unhealthy,17,79,8.9,W,0,1014.4,4.9,Severe,No
Tejgaon,industrial,87,Moderate,34.6,96,2.1,SW,2,1003.8,9.6,Low,No
Hazaribagh,industrial,268,Very Unhealthy,26.4,77,2.5,NE,0,1011.5,4,High,No
Baridhara,background,71,Moderate,30.5,75,11.3,SE,1.7,1002.2,11,High,Yes
Uttara,residential,126,Unhealthy for Sensitive Groups,30.4,70,2.9,SW,0,993.5,9.8,High,No
Jatrabari,industrial,188,Unhealthy,21.1,61,10.4,N,0,1013.6,7,Medium,No
Uttara,residential,185,Unhealthy,25.8,73,2.4,E,0,1008.5,8.3,High,No
Jatrabari,industrial,209,Very Unhealthy,23.4,82,3.6,NE,0,1016.4,6.5,Low,Yes
Old Dhaka,roadside,185,Unhealthy,32.1,80,5.2,W,9.4,1006.4,6.7,Medium,Yes
Agargaon,roadside,200,Unhealthy,23.8,86,7.5,S,0,1006.8,6.1,Severe,No
Mohammadpur,residential,177,Unhealthy,26.7,88,7.4,W,0,1012.4,7,Low,Yes
Agargaon,roadside,195,Unhealthy,26.6,72,3.5,NE,0,1010.6,5.7,Medium,Yes
Gulshan,residential,100,Moderate,30.5,56,9.8,SE,0,1006.9,10.3,Medium,No
Mohammadpur,residential,333,Hazardous,20.8,62,5.2,N,0,1016.2,2.4,Medium,Yes
Mirpur,residential,184,Unhealthy,32.6,52,11.2,SE,0,1007.6,8.8,High,Yes
Jatrabari,industrial,179,Unhealthy,20.8,61,6.6,N,0,1020,8.3,Medium,No
Old Dhaka,roadside,188,Unhealthy,27.8,74,2.3,NW,0,1013.3,8.3,High,Yes
Jatrabari,industrial,58,Moderate,30.2,86,14.5,SW,21.1,1002.2,8.9,High,No
Jatrabari,industrial,201,Very Unhealthy,25.6,69,1.4,SE,0,1007.8,6.5,High,No
Baridhara,background,165,Unhealthy,21.7,64,3.6,W,0,1014.5,8.6,Low,No
Uttara,residential,159,Unhealthy,32.2,73,9.8,NW,0,1005.8,9,High,Yes
Hazaribagh,industrial,176,Unhealthy,24.5,73,4.7,SE,0,1013.2,7.2,High,Yes
Mohammadpur,residential,69,Moderate,30.5,85,5.6,S,0,1006,10.6,Medium,Yes
Mirpur,residential,170,Unhealthy,21.3,61,3.6,N,0,1014.6,7.5,Medium,No
Hazaribagh,industrial,325,Hazardous,23.1,79,3.2,NW,0,1016.4,1.8,High,Yes
Hazaribagh,industrial,151,Unhealthy,32.3,68,14.9,SE,0,1004.7,9.5,High,No
Mohammadpur,residential,170,Unhealthy,20.1,75,4.1,NW,0,1016.6,8,High,Yes
Jatrabari,industrial,169,Unhealthy,29.4,68,4.4,E,0,1008.7,8.7,High,No
Uttara,residential,94,Moderate,29.4,86,3.6,E,5.3,1002.5,8.7,Medium,No
Mirpur,residential,169,Unhealthy,20.4,75,6.8,N,0,1016.1,8.1,Medium,No
Baridhara,background,77,Moderate,28.9,69,2,SE,0,1005.3,9.8,Low,No
Motijheel,roadside,157,Unhealthy,33.8,77,21,W,3.9,1001.9,9.2,Severe,No
Mirpur,residential,225,Very Unhealthy,13.4,60,2.2,NW,0,1019,6.7,High,No
Uttara,residential,102,Unhealthy for Sensitive Groups,31.5,87,5.6,SE,0,1005,11.4,High,No
Old Dhaka,roadside,185,Unhealthy,19.1,84,5.8,W,0,1016.3,7.8,High,No
Jatrabari,industrial,170,Unhealthy,33.4,76,13,W,0,1006.2,9.2,High,Yes
Old Dhaka,roadside,186,Unhealthy,25,66,3.7,NE,0,1013.7,7.8,Severe,No
Jatrabari,industrial,182,Unhealthy,27.2,77,3.2,E,0,1015.7,7,High,No
Jatrabari,industrial,167,Unhealthy,31.2,78,7.5,SE,0,1006.3,8.1,High,No
Motijheel,roadside,130,Unhealthy for Sensitive Groups,30.8,78,3.7,SE,0,1005.6,10,Severe,No
Tejgaon,industrial,359,Hazardous,15.3,67,3.8,SE,0,1017.5,3.7,Severe,No
Agargaon,roadside,108,Unhealthy for Sensitive Groups,31.1,82,15.6,SE,1.9,1005.1,10.1,Severe,No
Dhanmondi,roadside,299,Very Unhealthy,12.5,75,2.2,NE,0,1017,4,High,No
Mirpur,residential,170,Unhealthy,28.8,73,0.8,S,7.5,1002.1,8.6,Medium,No
Jatrabari,industrial,223,Very Unhealthy,13.5,75,2.5,SW,0,1012.1,6.1,Low,No
Baridhara,background,167,Unhealthy,29.1,73,1.5,E,0,1009.8,6.8,Medium,No
Hazaribagh,industrial,180,Unhealthy,28,78,7.1,W,0,1012.7,8.2,Severe,Yes
Dhanmondi,roadside,160,Unhealthy,32.1,66,4.5,S,0,1006.5,7.5,Severe,Yes
Agargaon,roadside,84,Moderate,32.7,90,12.6,SE,0,997.3,10.8,High,No
Uttara,residential,187,Unhealthy,17.9,70,3.7,NW,0,1013.5,6.6,Severe,Yes
Motijheel,roadside,168,Unhealthy,31.1,97,2,SE,0,999.2,7.7,Severe,No
Mohammadpur,residential,261,Very Unhealthy,19.2,78,8.4,N,0,1015.7,3.8,Medium,No
Mohammadpur,residential,229,Very Unhealthy,18.7,64,2.3,NW,0,1017.2,5.9,Medium,Yes
Baridhara,background,92,Moderate,32.4,96,0.8,SW,0,1002.6,9.2,Severe,No
Hazaribagh,industrial,187,Unhealthy,36.2,71,8.7,S,0,1003.3,7.9,Severe,No
Dhanmondi,roadside,87,Moderate,29.2,86,3.5,SE,9.8,1001.1,8,Medium,No
Agargaon,roadside,90,Moderate,31.5,92,8.3,SE,18.3,999.4,9.5,Medium,Yes
Mohammadpur,residential,201,Very Unhealthy,20.1,62,7.5,W,0,1014.7,7.2,Low,No
Uttara,residential,268,Very Unhealthy,20.2,59,5.2,N,0,1016.9,4.1,Medium,No
Agargaon,roadside,110,Unhealthy for Sensitive Groups,30.4,85,3.7,E,0,1002.3,10.5,High,Yes
Gulshan,residential,55,Moderate,29.4,80,11.8,SW,17.4,1002.1,10.7,Medium,No
Baridhara,background,170,Unhealthy,6.5,87,2.1,SW,0,1019,8.1,Low,No
Agargaon,roadside,151,Unhealthy,34.8,62,9.2,SE,0,1004.8,9.7,High,Yes
Agargaon,roadside,131,Unhealthy for Sensitive Groups,28.7,85,9.4,E,0,1004.8,8.8,High,Yes
Hazaribagh,industrial,64,Moderate,29.6,87,6.3,S,25.9,1001.3,10.9,High,Yes
Mohammadpur,residential,99,Moderate,26.4,88,8,E,0,1017.3,8.1,Low,No
Jatrabari,industrial,300,Very Unhealthy,29,60,8.1,NW,3.2,1007.7,3.5,Severe,No
Baridhara,background,82,Moderate,30.4,72,8,SW,0,997.5,10.5,Low,No
Old Dhaka,roadside,144,Unhealthy for Sensitive Groups,29.9,96,10.3,E,0,1001.1,9.5,Severe,No
Tejgaon,industrial,173,Unhealthy,29.2,69,7.8,S,0,1003.9,7.5,Low,No
Uttara,residential,186,Unhealthy,19.5,76,8,N,0,1020.4,7.1,Low,Yes
Mohammadpur,residential,178,Unhealthy,18.9,77,10.1,W,0,1013.3,8,Medium,No
Mohammadpur,residential,193,Unhealthy,29.3,86,6.6,E,0,1014.2,6.7,Medium,No
Baridhara,background,211,Very Unhealthy,14.3,67,7.6,N,0,1017.4,5.4,High,No
Dhanmondi,roadside,151,Unhealthy,28.6,80,6.3,SE,0,999.1,9.6,Severe,Yes
Tejgaon,industrial,22,Good,31.3,69,14.2,NW,51.4,998.2,10.4,High,No
Uttara,residential,96,Moderate,29.4,60,8.5,S,0,1009.5,10.6,Medium,No
Mirpur,residential,157,Unhealthy,24.7,78,7.7,NE,0,1010.2,9.5,Low,No
Jatrabari,industrial,126,Unhealthy for Sensitive Groups,28.9,79,2,S,12.6,1002,10.2,Medium,No
Dhanmondi,roadside,171,Unhealthy,18.6,61,6.7,SE,0,1015.4,7.7,Medium,Yes
Motijheel,roadside,132,Unhealthy for Sensitive Groups,29.8,85,6.7,S,2.8,994.7,8.4,Medium,No
Tejgaon,industrial,97,Moderate,29.6,96,9.1,SW,0,1001.8,9.9,High,No
Tejgaon,industrial,168,Unhealthy,28.4,68,10.8,S,0,1009.9,8.2,Medium,No
Dhanmondi,roadside,78,Moderate,31.4,76,10.4,SW,7.8,997.6,10,High,Yes
Mohammadpur,residential,67,Moderate,32.4,95,9.4,SE,12.1,1004,10.1,High,No
Jatrabari,industrial,177,Unhealthy,26.2,62,5.9,E,0,1006.5,7.9,High,No
Hazaribagh,industrial,182,Unhealthy,23.1,90,13.6,SW,0,1008.2,7.5,High,No
Baridhara,background,31,Good,31.8,83,12.6,SW,42.8,1002.9,11,Low,Yes
Old Dhaka,roadside,107,Unhealthy for Sensitive Groups,32.8,86,5.8,SE,0,1002,9.1,High,Yes
Hazaribagh,industrial,204,Very Unhealthy,11.5,82,4,N,0,1018.4,5.3,Low,No
Uttara,residential,220,Very Unhealthy,21.9,59,0.3,NW,0,1013.6,6.3,Medium,Yes
Jatrabari,industrial,203,Very Unhealthy,35.1,60,2.9,S,0,1010.2,7,High,No
Mohammadpur,residential,57,Moderate,28.4,82,3.5,SW,14.1,1001.9,10.9,Low,No
Hazaribagh,industrial,71,Moderate,32.8,84,5.7,SW,0,1003.1,10.7,Medium,No
Tejgaon,industrial,75,Moderate,29.7,100,13.9,S,0.8,1001.1,11.6,High,No
Agargaon,roadside,193,Unhealthy,20.1,63,3.8,NE,0,1012.6,7.2,Medium,No
Mirpur,residential,73,Moderate,28.7,75,2.6,S,12.3,1004.4,10.3,Medium,No
Mirpur,residential,172,Unhealthy,29.5,71,7,E,0,1010.9,7.4,Medium,No
Hazaribagh,industrial,85,Moderate,31.5,87,9.4,S,0,1001.2,10.4,High,No
Tejgaon,industrial,128,Unhealthy for Sensitive Groups,33.1,89,5.2,E,1.1,1004.5,9.4,Severe,Yes
Tejgaon,industrial,220,Very Unhealthy,30.6,72,10,W,0,1014.7,5.1,High,No
Gulshan,residential,162,Unhealthy,19,70,9.6,SW,0,1013.7,8.4,Medium,No
Gulshan,residential,136,Unhealthy for Sensitive Groups,35.6,100,1.3,S,0,1006.1,10,High,No
Jatrabari,industrial,193,Unhealthy,30.4,78,7.4,N,0,1009,6.1,Medium,No
Baridhara,background,75,Moderate,31,88,0.7,E,19.3,1002.5,10.1,High,No
Motijheel,roadside,184,Unhealthy,15.5,85,4.1,NE,0,1017.2,6.5,Low,No
Baridhara,background,120,Unhealthy for Sensitive Groups,23.2,72,17.8,S,0,1002.4,9,Severe,No
Baridhara,background,165,Unhealthy,13.9,64,6.6,SW,0,1012.6,8.6,High,No
Mirpur,residential,192,Unhealthy,28.7,64,4.2,SW,0,1005.9,7.3,High,No
Hazaribagh,industrial,229,Very Unhealthy,23.8,66,7.1,N,0,1015.7,6.8,Medium,No
Hazaribagh,industrial,197,Unhealthy,32.2,53,4,SW,0,1007,5.6,Severe,No
Mirpur,residential,74,Moderate,29.5,69,8.5,SE,0,1000.8,11.6,Low,Yes
Dhanmondi,roadside,120,Unhealthy for Sensitive Groups,30.7,70,3.4,S,0,1006,10.3,Medium,No
Tejgaon,industrial,206,Very Unhealthy,26.4,77,3.7,N,0,1007.1,9,Medium,No
Dhanmondi,roadside,161,Unhealthy,33,70,14.1,S,0,1005.4,8.8,Medium,Yes
Old Dhaka,roadside,90,Moderate,28.4,87,17.2,NE,0,1001.1,10.6,Medium,No
Baridhara,background,181,Unhealthy,27.9,67,6,N,0,1011.5,7.2,Low,No
Uttara,residential,140,Unhealthy for Sensitive Groups,27.8,80,8.2,NW,0,1009.9,9.7,Medium,No
Dhanmondi,roadside,354,Hazardous,16,74,3,W,0,1015.1,3.5,Severe,Yes
Motijheel,roadside,361,Hazardous,24.6,57,2,N,0,1013.6,1.3,Severe,No
Gulshan,residential,99,Moderate,29.5,97,7.1,S,0,1002.8,9,Medium,No
Jatrabari,industrial,214,Very Unhealthy,24.5,68,5.3,SW,0,1007.7,6.4,High,No
Uttara,residential,60,Moderate,31.5,76,23.6,SE,3.3,1001.8,11.3,High,No
Uttara,residential,166,Unhealthy,19.2,72,4,NW,0,1012.1,8.9,Medium,Yes
Tejgaon,industrial,87,Moderate,30.7,89,5.4,SE,13.1,1001,10.5,High,Yes
Tejgaon,industrial,123,Unhealthy for Sensitive Groups,27.9,91,9.2,S,0,1002.5,9.6,Medium,Yes
Baridhara,background,82,Moderate,31.5,89,4.1,S,8.4,999.7,11.5,Low,No
Baridhara,background,164,Unhealthy,32.4,74,2.6,S,0,1010.6,9.1,High,No
Uttara,residential,65,Moderate,27.7,86,8.3,S,3.5,1001.1,9.9,Low,No
Motijheel,roadside,113,Unhealthy for Sensitive Groups,30.6,82,1.8,S,0,1007.1,9.9,Medium,No
Dhanmondi,roadside,127,Unhealthy for Sensitive Groups,28.6,86,8.8,S,0,1002.8,9.5,High,No
Mirpur,residential,95,Moderate,34.8,86,4.5,S,0,1003.2,8.8,High,Yes
Dhanmondi,roadside,130,Unhealthy for Sensitive Groups,32.2,81,10.2,S,0,999.8,9.3,Severe,Yes
Hazaribagh,industrial,96,Moderate,31.7,65,16,SE,0,1000.7,9.2,Medium,No
Baridhara,background,67,Moderate,27.8,70,3.4,S,0,1000.4,9.3,High,Yes
Agargaon,roadside,110,Unhealthy for Sensitive Groups,28.2,92,5.3,SE,5.7,997.9,8.7,High,No
Baridhara,background,152,Unhealthy,32.9,70,13.5,SE,0,1007.5,9,Low,No
Gulshan,residential,177,Unhealthy,14.2,52,5.5,W,0,1015.6,7.7,High,No
Baridhara,background,67,Moderate,27.6,91,17.4,SW,1,1002.4,10.3,Medium,Yes
Baridhara,background,84,Moderate,30,85,7.9,SW,0,1001.7,10.2,Low,No
Mirpur,residential,142,Unhealthy for Sensitive Groups,31.3,61,15.5,SE,0,1004.7,8.7,Medium,No
Motijheel,roadside,181,Unhealthy,32,60,2.6,NW,0,1005.1,7.5,High,No
Dhanmondi,roadside,293,Very Unhealthy,17.5,64,2.4,NW,0,1016,2.9,Medium,No
Old Dhaka,roadside,155,Unhealthy,29.3,71,12.5,N,0,1015.9,9.3,Severe,Yes
Mohammadpur,residential,104,Unhealthy for Sensitive Groups,24.8,72,2.5,N,0,1011.5,9.8,Medium,Yes
Mohammadpur,residential,63,Moderate,31.1,99,16.2,SW,0.8,1002.8,11.7,High,No
Mohammadpur,residential,105,Unhealthy for Sensitive Groups,31.5,71,4.1,S,0,1011.7,10.1,Medium,No
Mirpur,residential,81,Moderate,31.1,100,2,W,0,1001.9,10.2,Medium,No
Old Dhaka,roadside,85,Moderate,32.1,87,5.5,S,4.5,999.6,10.9,Low,No
Mirpur,residential,169,Unhealthy,25.9,83,1.8,NE,0,1011.9,7.9,Severe,No
Old Dhaka,roadside,163,Unhealthy,16.7,63,7,N,0,1019.1,9.5,High,No
Hazaribagh,industrial,283,Very Unhealthy,13.1,69,0.5,NE,0,1017.2,4.2,High,No
Jatrabari,industrial,87,Moderate,26.4,84,20.2,S,4.2,1002.5,10.6,High,No
Mohammadpur,residential,182,Unhealthy,18.4,75,4.9,SW,5.9,1010.2,6.5,Low,No
Baridhara,background,83,Moderate,29.8,85,10,SE,0,998.1,10.5,Medium,No
Agargaon,roadside,117,Unhealthy for Sensitive Groups,28,88,10.8,SW,0,1002.8,9.2,High,No
Baridhara,background,95,Moderate,16,73,5.3,W,0,1014.1,10.7,Medium,Yes
Mohammadpur,residential,120,Unhealthy for Sensitive Groups,34.8,66,9.7,NE,0,1006.8,10.1,Medium,Yes
Jatrabari,industrial,76,Moderate,31.6,82,5,SE,8.2,1004.4,10.1,Low,No
Hazaribagh,industrial,160,Unhealthy,23.8,73,8.4,SE,0,1007.9,9.3,High,No
Hazaribagh,industrial,176,Unhealthy,29.9,77,19.9,NE,0,1005.4,8,Low,Yes
Mirpur,residential,196,Unhealthy,20.4,68,3.5,NW,0,1018,6.9,High,No
Agargaon,roadside,83,Moderate,28.9,88,11.7,S,0,998.9,10.3,Severe,No
Mirpur,residential,101,Unhealthy for Sensitive Groups,29,67,14.5,NE,7.2,1009.9,10.4,Low,No
Motijheel,roadside,90,Moderate,29.4,94,4.6,S,0,1002.9,9,Severe,No
Hazaribagh,industrial,99,Moderate,32,69,6.3,SE,0,1001.7,10.5,High,No
Motijheel,roadside,299,Very Unhealthy,23.1,72,4.4,N,0,1015.4,3.9,High,No
Hazaribagh,industrial,92,Moderate,28.7,75,5.6,SE,0,1002.9,10.6,Medium,No
Dhanmondi,roadside,95,Moderate,30.8,88,3.8,E,17.8,1003.6,8.9,Medium,Yes
Baridhara,background,171,Unhealthy,19,69,4.7,W,0,1009.9,7,Low,Yes
Baridhara,background,66,Moderate,28.2,73,5.4,SW,2.4,1005.2,12,Low,No
Dhanmondi,roadside,165,Unhealthy,26.3,81,11.5,N,0,1011.6,9.4,High,No
Old Dhaka,roadside,64,Moderate,27.7,87,7.7,SW,14.5,1004.9,11.5,High,Yes
Mohammadpur,residential,232,Very Unhealthy,23.1,68,2.9,SW,0,1016.1,5.7,Severe,No
Old Dhaka,roadside,74,Moderate,32.8,84,15.4,SE,0,1007.5,9.9,High,No
Dhanmondi,roadside,262,Very Unhealthy,17.6,71,9.8,NW,0,1013.2,4,High,Yes
Baridhara,background,91,Moderate,28.8,94,5.5,SW,4.5,1006,9.8,Low,No
Gulshan,residential,55,Moderate,31.9,82,7.4,SE,9.8,999.8,9.9,Medium,No
Tejgaon,industrial,197,Unhealthy,23.3,78,10.7,NW,0,1016.4,6.2,High,Yes
Agargaon,roadside,154,Unhealthy,28.2,68,12.6,W,0,1009.7,10.6,Medium,Yes
Agargaon,roadside,224,Very Unhealthy,26.6,88,1.3,E,0,1011,6.3,High,Yes
Baridhara,background,324,Hazardous,18.8,68,2.2,NE,0,1010.1,2.1,Severe,No
Mohammadpur,residential,169,Unhealthy,25.1,73,3.4,NE,0,1011.3,7.6,High,Yes
Old Dhaka,roadside,140,Unhealthy for Sensitive Groups,30.7,76,4.7,E,11,1000.8,9.3,High,Yes
Motijheel,roadside,75,Moderate,28.7,85,6.2,SW,20.3,1004.3,10.7,High,No
Uttara,residential,174,Unhealthy,17.1,64,6.1,N,0,1012.8,6.6,Medium,No
Motijheel,roadside,193,Unhealthy,18.6,81,4.5,SW,0,1013.6,6.9,Severe,No
Uttara,residential,163,Unhealthy,13.8,63,9.6,SW,0,1013.3,7.8,Medium,Yes
Mirpur,residential,112,Unhealthy for Sensitive Groups,26.3,79,4.8,W,0,1001.2,9.4,Severe,No
Motijheel,roadside,162,Unhealthy,29.3,83,10.3,NW,0,1011.2,10,High,Yes
Mirpur,residential,237,Very Unhealthy,25.1,87,6,SW,0,1012.4,5.7,Medium,No
Dhanmondi,roadside,267,Very Unhealthy,26.5,76,5.4,NW,0,1016.2,5.5,Severe,Yes
Motijheel,roadside,216,Very Unhealthy,25.9,78,7.7,N,0,1011.8,5.3,High,No
Motijheel,roadside,179,Unhealthy,17.2,69,6.9,W,0,1012.8,8.3,High,No
Mohammadpur,residential,154,Unhealthy,32.8,77,4.8,S,0,1009.5,9.1,Medium,Yes
Mirpur,residential,184,Unhealthy,22.3,86,2.7,NW,0,1014.1,6,Medium,No
Jatrabari,industrial,220,Very Unhealthy,16.7,84,10.8,N,0,1012.8,4.1,High,No
Hazaribagh,industrial,166,Unhealthy,25.4,91,7.1,E,0,1000.1,8.9,Medium,No
Agargaon,roadside,131,Unhealthy for Sensitive Groups,31.2,94,7.2,E,0,1005.2,8.3,High,No
Old Dhaka,roadside,195,Unhealthy,19.1,77,19,N,0,1015.8,4.5,Medium,Yes
Dhanmondi,roadside,77,Moderate,30.8,75,13.3,SE,0,999.2,10.6,Medium,Yes
Agargaon,roadside,232,Very Unhealthy,18.2,70,4.2,N,0,1016,4.8,Severe,No
Mohammadpur,residential,223,Very Unhealthy,15,82,4.9,N,0,1014,5.1,High,Yes
Mirpur,residential,272,Very Unhealthy,17.5,76,2.5,NE,0,1019.6,4.9,Severe,No
Agargaon,roadside,201,Very Unhealthy,32.8,67,2.8,NE,0,1005.4,7.5,Severe,No
Baridhara,background,148,Unhealthy for Sensitive Groups,26.1,90,4.5,SE,0,1009.8,9,Low,No
Hazaribagh,industrial,140,Unhealthy for Sensitive Groups,29.4,88,9.1,NE,0,1001.3,8.5,Medium,Yes
Dhanmondi,roadside,76,Moderate,27.3,91,3.6,SE,0,999.2,8.9,Medium,No
Agargaon,roadside,155,Unhealthy,31.2,71,12.7,SE,0,1008.2,8.3,Medium,No
Tejgaon,industrial,163,Unhealthy,28,89,3,S,0,1002.1,8.7,High,Yes
Mohammadpur,residential,165,Unhealthy,29.3,83,4.6,NE,0,1011.8,8,Severe,No
Baridhara,background,76,Moderate,29.2,78,11.9,S,0,1007.1,11,Low,No
Agargaon,roadside,91,Moderate,26.3,89,16.4,E,0,1011.5,10.6,Medium,Yes
Uttara,residential,65,Moderate,33.9,81,16.3,E,0,1006.1,10.5,High,No
Mohammadpur,residential,65,Moderate,29.4,88,14.1,SE,6.6,1003.4,10.7,Medium,No
Dhanmondi,roadside,310,Hazardous,17.5,80,5.3,W,0,1010.5,2,Severe,Yes
Tejgaon,industrial,70,Moderate,31.1,84,11.8,SE,7.8,1002.8,10.2,Severe,Yes
Baridhara,background,81,Moderate,26.8,75,5.5,W,1.4,1004.9,11,Low,No
Motijheel,roadside,185,Unhealthy,30.1,71,8,S,0,1005.2,7.9,Severe,Yes
Dhanmondi,roadside,158,Unhealthy,29.5,71,1.8,W,0,1008.1,9.1,Severe,Yes
Gulshan,residential,153,Unhealthy,32.3,64,9.4,SW,0,1008.5,9.5,Medium,No
Gulshan,residential,185,Unhealthy,18.6,72,1.8,NW,0,1013.4,7.3,Severe,No
Old Dhaka,roadside,185,Unhealthy,26.4,86,10.5,SW,0,1011.4,6.6,Severe,No
Baridhara,background,71,Moderate,27.7,83,11.4,SW,0,1003.1,10.4,Medium,No
Baridhara,background,184,Unhealthy,22.9,80,12.5,SW,0,1018.4,7.1,Severe,Yes
Motijheel,roadside,268,Very Unhealthy,22.7,61,1.9,N,0,1013.7,3.6,High,No
Baridhara,background,174,Unhealthy,20.4,67,18.9,E,0,1012.6,9.5,High,Yes
Dhanmondi,roadside,172,Unhealthy,14.8,71,4.8,SE,0,1014.4,9.6,Medium,No
Gulshan,residential,130,Unhealthy for Sensitive Groups,30.7,84,10.4,W,0,1011.4,10.7,Low,Yes
Dhanmondi,roadside,230,Very Unhealthy,18.1,79,2.4,W,0,1015.8,6.8,Medium,No
Old Dhaka,roadside,153,Unhealthy,33.2,81,9,SE,0,1003.9,10.6,High,Yes
Tejgaon,industrial,152,Unhealthy,30.5,93,6.1,SE,0,1006.2,11.1,High,No
Hazaribagh,industrial,92,Moderate,30.9,72,11.4,SW,0,1002.5,9.1,Medium,No
Jatrabari,industrial,290,Very Unhealthy,17.4,77,1,NE,0,1011.9,4.3,Medium,No
Uttara,residential,63,Moderate,32.5,74,3.1,SE,5.4,1000.1,10.4,Low,No
Dhanmondi,roadside,34,Good,31.1,89,14.4,S,37.8,1002.3,10.3,Severe,No
Baridhara,background,66,Moderate,32.6,94,3,S,7.1,1005.6,10.8,Medium,No
Motijheel,roadside,213,Very Unhealthy,19.6,77,4.5,N,0,1016.6,4.6,Severe,No
Baridhara,background,37,Good,29.9,72,5.6,SW,26,999.8,11.9,Low,No
Hazaribagh,industrial,302,Hazardous,21.1,66,6,N,0,1013.4,2.7,High,No
Baridhara,background,56,Moderate,32.6,91,3.6,S,22.2,1001.3,10.6,Low,Yes
Tejgaon,industrial,130,Unhealthy for Sensitive Groups,33.5,74,16.9,SE,0,1007.2,9.7,High,No
Mirpur,residential,152,Unhealthy,19.5,72,6.1,N,0,1014.3,8.5,Medium,No
Agargaon,roadside,122,Unhealthy for Sensitive Groups,22.4,60,12.6,SE,0,1008.8,9.3,Medium,Yes
Agargaon,roadside,198,Unhealthy,21.8,80,8.2,NW,0,1013.1,6.3,High,No
Jatrabari,industrial,423,Hazardous,23.4,89,6.3,NE,0,1010.8,2.1,Severe,Yes
Dhanmondi,roadside,173,Unhealthy,27.1,79,0.4,SW,0,1011.5,8.1,Severe,No
Uttara,residential,171,Unhealthy,30.7,70,11.3,E,0,1004.6,8.5,Medium,Yes
Old Dhaka,roadside,182,Unhealthy,27.5,72,11.3,NE,0,1007.8,9.2,High,No
Mohammadpur,residential,185,Unhealthy,20.3,82,11.6,N,0,1019.5,5.9,High,No
Hazaribagh,industrial,184,Unhealthy,32.4,80,5.9,W,0,1011.5,7.4,High,Yes
Old Dhaka,roadside,160,Unhealthy,29.4,83,0.3,SE,3.6,1002.7,8.6,High,No
Tejgaon,industrial,200,Unhealthy,21.7,73,5.2,NE,0,1011.6,6.2,Medium,No
Hazaribagh,industrial,174,Unhealthy,34.2,85,10.6,E,0,1003.8,7.4,Severe,No
Jatrabari,industrial,340,Hazardous,22,70,5.1,E,0,1013.6,3.4,Severe,Yes
Mohammadpur,residential,81,Moderate,28.8,71,4.9,SE,2.7,1004.7,9.3,Medium,No
Uttara,residential,84,Moderate,30.4,89,11.9,S,0,1006.5,10.4,High,No
Mirpur,residential,292,Very Unhealthy,20.7,79,0.8,NW,0,1013.3,3.8,High,No
Mohammadpur,residential,215,Very Unhealthy,30.6,86,5.5,NE,0,1009.4,6,High,Yes
Tejgaon,industrial,255,Very Unhealthy,23.2,78,3.7,NW,0,1016.3,2.4,Medium,No
Uttara,residential,82,Moderate,25,85,3,S,3.8,998.8,10.9,High,No
Mirpur,residential,88,Moderate,28.5,86,8.2,SE,5.5,1002.2,8.9,High,No
Old Dhaka,roadside,154,Unhealthy,26.8,88,13.6,NW,0,1010.3,8.3,Severe,No
Jatrabari,industrial,197,Unhealthy,28.5,75,3.8,N,2.8,1006.8,7,High,No
Uttara,residential,127,Unhealthy for Sensitive Groups,17.7,90,7.9,SE,0,1005.9,10.4,Medium,No
Tejgaon,industrial,141,Unhealthy for Sensitive Groups,29.2,63,10.2,NE,0,1008.3,8.7,Low,No
Uttara,residential,167,Unhealthy,27,73,2,SW,0,1017.1,8.3,Low,No
Old Dhaka,roadside,296,Very Unhealthy,17.2,67,6.6,W,0,1014,2.6,High,Yes
Agargaon,roadside,76,Moderate,28.2,77,5.4,S,0,998.4,10.4,Low,No
Agargaon,roadside,274,Very Unhealthy,19.1,59,3,W,0,1017,4.3,Severe,No
Motijheel,roadside,197,Unhealthy,27.9,82,3.2,S,0,1008.8,5.6,Severe,No
Motijheel,roadside,157,Unhealthy,25.8,81,21.3,S,0,1011.1,9.5,Severe,Yes
Hazaribagh,industrial,215,Very Unhealthy,34.4,70,1.8,S,0,1005.2,6.7,Severe,Yes
Motijheel,roadside,90,Moderate,30.1,88,13.9,SW,2.2,998.4,10.3,High,No
Mohammadpur,residential,72,Moderate,28.4,73,5.9,NE,4.4,1002.8,10.9,Low,No
Jatrabari,industrial,443,Hazardous,15.1,66,2.3,W,0,1013.3,0.6,Severe,Yes
Motijheel,roadside,95,Moderate,29.6,83,5.1,E,0,998,10,Severe,No
Agargaon,roadside,60,Moderate,32,85,14.6,N,20.9,1002.7,8.9,Severe,No
Tejgaon,industrial,77,Moderate,28.5,73,15.1,SE,0,1009.2,10,Medium,No
Agargaon,roadside,188,Unhealthy,21.1,63,2.3,NW,0,1017.5,6.1,High,No
Uttara,residential,143,Unhealthy for Sensitive Groups,27.2,75,7,W,0,1010.9,9.9,Low,No
Uttara,residential,165,Unhealthy,26,78,6.2,N,0,1022.6,7,Medium,No
Mirpur,residential,60,Moderate,30.7,87,5.7,E,12.3,997.6,9.8,Low,No
Tejgaon,industrial,226,Very Unhealthy,16.6,78,6.9,SW,0,1016.4,5.9,Low,No
Old Dhaka,roadside,178,Unhealthy,21.6,69,8.1,W,0,1019.6,7.8,High,Yes
Gulshan,residential,206,Very Unhealthy,21.7,70,2.2,W,0,1012.5,6.7,Medium,No
Mirpur,residential,180,Unhealthy,30,72,1.6,N,0,1007.8,7.4,Low,No
Agargaon,roadside,149,Unhealthy for Sensitive Groups,27.9,84,2.6,SE,0,1000.4,8.4,Severe,Yes
Jatrabari,industrial,148,Unhealthy for Sensitive Groups,31,80,5,NE,0,1001.2,8.4,Medium,No
Motijheel,roadside,165,Unhealthy,30.1,73,5.7,SE,9.3,1003,8.4,High,No
Mohammadpur,residential,91,Moderate,27.3,80,11.9,SE,0,997.6,9.3,High,No
Mohammadpur,residential,229,Very Unhealthy,19.9,77,4.6,NW,0,1012.5,5.9,High,Yes
Uttara,residential,254,Very Unhealthy,16.8,80,3.6,NW,0,1015.1,4.5,High,No
Gulshan,residential,74,Moderate,27.3,79,1.4,W,0,997.6,11.9,Low,No
Agargaon,roadside,60,Moderate,29.4,71,14.3,S,10,1001.1,11.1,Medium,No
Dhanmondi,roadside,101,Unhealthy for Sensitive Groups,32.3,92,3.1,SW,0,998.2,10.5,Medium,Yes
Old Dhaka,roadside,205,Very Unhealthy,23.2,71,10.9,W,0,1011.3,6.7,High,No
Old Dhaka,roadside,162,Unhealthy,29.4,67,3.6,NE,0,1013.3,8.4,High,No
Baridhara,background,134,Unhealthy for Sensitive Groups,19.9,45,2,NE,0,1015.2,9.9,Low,No
Gulshan,residential,68,Moderate,31.1,77,6.8,S,0,1001.5,10.3,High,Yes
Old Dhaka,roadside,212,Very Unhealthy,19.3,66,2.5,NW,0,1013.9,5.3,Medium,Yes
Mirpur,residential,68,Moderate,28,76,5.4,S,0,1002.8,9.3,Low,No
Mohammadpur,residential,162,Unhealthy,28.7,74,7.4,S,0,1005.8,7.3,Medium,No
Agargaon,roadside,90,Moderate,28.9,78,11.1,SW,16.7,1000.1,11.5,High,No
Old Dhaka,roadside,201,Very Unhealthy,23.9,70,14.8,E,0,1017.6,6.8,Medium,No
Jatrabari,industrial,65,Moderate,31.9,100,4.2,SW,27.7,1000.5,10.7,Severe,Yes
Uttara,residential,255,Very Unhealthy,15.2,71,5.2,W,0,1018.4,4.3,Low,No
Gulshan,residential,85,Moderate,30.1,84,2.2,N,0,1000.6,10.4,High,No
Baridhara,background,158,Unhealthy,17.6,69,7.2,E,0,1016.9,8.3,Medium,Yes
Baridhara,background,163,Unhealthy,18.5,75,5.5,W,0,1015.6,8.9,Medium,No
Gulshan,residential,98,Moderate,29,89,1.4,SE,0,1003.4,7.6,Low,No
Hazaribagh,industrial,216,Very Unhealthy,23.9,62,5.8,S,0,1015.7,6.6,High,No
Mirpur,residential,349,Hazardous,18.9,67,2.5,S,0,1016.8,3.6,Medium,No
Old Dhaka,roadside,157,Unhealthy,27.5,73,4.2,W,0,1014.6,7.9,Severe,No
Motijheel,roadside,153,Unhealthy,27.6,76,13.5,E,0,1008.8,9.2,High,Yes
Motijheel,roadside,223,Very Unhealthy,24.4,93,1.2,S,0,1014.7,5.8,High,No
Gulshan,residential,171,Unhealthy,31.3,73,11.7,SW,0,1006.3,8.1,Low,No
Baridhara,background,108,Unhealthy for Sensitive Groups,31.9,84,3,NW,0,997.5,10.4,Medium,No
Motijheel,roadside,153,Unhealthy,32.7,95,2.5,SW,3.8,1003.7,10.1,Severe,No
Baridhara,background,165,Unhealthy,15,72,2.9,SE,0,1017.1,9.8,High,No
Old Dhaka,roadside,127,Unhealthy for Sensitive Groups,27.3,72,2.3,SE,0,1003.3,9.7,Severe,No
Uttara,residential,169,Unhealthy,19.2,83,17.1,NW,0,1014.2,8.5,Low,No
Uttara,residential,195,Unhealthy,29.8,77,1.1,S,0,1008.7,6.7,Severe,No
Old Dhaka,roadside,81,Moderate,30.6,67,2.2,S,7.1,1000.7,10.1,Low,Yes
Motijheel,roadside,175,Unhealthy,32.7,55,1.2,S,0,1007.4,7,High,Yes
Uttara,residential,191,Unhealthy,27.6,77,3.7,W,0,1006.3,7.3,Severe,Yes
Agargaon,roadside,275,Very Unhealthy,17,57,5,W,0,1012.4,4.6,High,Yes
Uttara,residential,138,Unhealthy for Sensitive Groups,25.5,79,8.3,SE,0,1006.4,8.2,Low,Yes
Hazaribagh,industrial,102,Unhealthy for Sensitive Groups,29.7,86,8.2,SW,0,999.9,10.5,High,No
Old Dhaka,roadside,132,Unhealthy for Sensitive Groups,26.1,91,8.5,SE,0,1000.3,8.1,High,No
Hazaribagh,industrial,97,Moderate,32.4,83,12.6,NE,0,1003.8,9.5,High,No
Hazaribagh,industrial,220,Very Unhealthy,24.4,74,12.7,SW,0,1012,6.8,High,Yes
Baridhara,background,65,Moderate,30.3,88,9.8,S,0,1002.8,9.4,Low,No
Jatrabari,industrial,191,Unhealthy,27.2,68,7.5,SE,0,1005.6,8.4,High,No
Gulshan,residential,164,Unhealthy,20.3,61,2.2,SW,0,1015.7,8.6,Severe,No
Mohammadpur,residential,123,Unhealthy for Sensitive Groups,31.6,81,5.6,NW,17,1008.7,10.9,Low,No
Gulshan,residential,53,Moderate,30.9,70,9.6,E,28.1,1001.4,10.8,Low,No
Mohammadpur,residential,110,Unhealthy for Sensitive Groups,32.1,92,5.2,SE,0,999.8,9.8,Medium,No
Agargaon,roadside,176,Unhealthy,25.8,80,8.6,NE,0,1011.7,7.7,High,Yes
Mohammadpur,residential,103,Unhealthy for Sensitive Groups,28.8,72,9.4,NE,0,1002.4,10.2,Medium,Yes
Mirpur,residential,182,Unhealthy,26.8,57,2.8,SE,0,1010.8,7.1,Medium,No
Baridhara,background,39,Good,26.5,76,4.1,S,23,998.7,10.7,Low,No
Jatrabari,industrial,94,Moderate,34.1,81,13.9,SW,0,1000.3,10.6,Severe,Yes
Tejgaon,industrial,500,Hazardous,19.5,75,0.8,S,0,1014.1,0.3,Medium,Yes
Tejgaon,industrial,339,Hazardous,22,62,0.9,NW,0,1016.8,4.1,High,No
Mohammadpur,residential,156,Unhealthy,29.8,88,2.9,S,0,1002.8,9,Medium,No
Baridhara,background,133,Unhealthy for Sensitive Groups,13.6,68,17.8,SW,0,1010.3,10.1,Medium,No
Motijheel,roadside,224,Very Unhealthy,24,62,6.2,SW,0,1017.8,6.4,Medium,No
Motijheel,roadside,91,Moderate,28,84,4,SE,4.5,1001.1,10.4,High,No
Agargaon,roadside,51,Moderate,30.6,77,8.7,SE,12.2,997.6,10.2,Medium,No
Motijheel,roadside,214,Very Unhealthy,20.6,61,2.7,N,0,1013.9,6.6,Severe,No
Hazaribagh,industrial,131,Unhealthy for Sensitive Groups,30.1,93,6.7,SE,0,1000.8,9.3,High,No
Jatrabari,industrial,220,Very Unhealthy,25,82,3.4,N,0,1009.5,5.8,High,Yes
Uttara,residential,83,Moderate,29.7,89,8.5,E,0,1002.5,11.4,Low,No
Dhanmondi,roadside,66,Moderate,28.3,95,5.6,SE,25.1,997.7,10.7,Medium,No
Dhanmondi,roadside,90,Moderate,31.5,89,4.1,SE,0,1002.1,10.3,High,No
Uttara,residential,225,Very Unhealthy,21,61,4.8,NE,0,1013.8,7.5,Severe,Yes
Gulshan,residential,153,Unhealthy,30.9,74,5.3,SW,0,1006.8,8.7,Low,No
Jatrabari,industrial,198,Unhealthy,25.6,69,3.7,SE,0,1013.2,7.4,Medium,No
Dhanmondi,roadside,113,Unhealthy for Sensitive Groups,33.8,81,1.8,SW,0,1004.5,10.6,Severe,No
Mirpur,residential,74,Moderate,27.7,85,8.4,S,8.1,1005.9,8.3,Low,No
Baridhara,background,112,Unhealthy for Sensitive Groups,23.1,77,23.3,W,0,1006.2,12,High,No
Baridhara,background,162,Unhealthy,18.7,56,5,NW,0,1015.8,7.4,Medium,No
Gulshan,residential,94,Moderate,30.4,60,5.6,E,0,1008.9,9.4,Low,No
Mirpur,residential,62,Moderate,32,85,5.2,SE,13.9,1000.5,10.7,Low,No
Jatrabari,industrial,189,Unhealthy,21.3,65,9.8,NW,0,1014.9,7.1,Medium,No
Jatrabari,industrial,124,Unhealthy for Sensitive Groups,30.1,94,0.3,W,0,1005.2,9.1,Severe,Yes
Mohammadpur,residential,139,Unhealthy for Sensitive Groups,28.3,88,5.5,E,0,1010.4,7.1,Low,No
Motijheel,roadside,78,Moderate,30.9,76,5.9,SE,8.9,1005.2,9.6,Medium,No
Hazaribagh,industrial,500,Hazardous,26.4,70,4,E,0,1014.8,0.3,Severe,Yes
Agargaon,roadside,33,Good,30.5,98,6.5,S,62.1,1003.1,10.5,High,Yes
Uttara,residential,177,Unhealthy,16.6,69,2,N,0,1017.2,8,Medium,No
Hazaribagh,industrial,271,Very Unhealthy,27.5,75,2.3,SW,0,1008.2,5,Severe,No
Uttara,residential,192,Unhealthy,9.8,77,1.2,NW,0,1016,7.5,Low,No
Uttara,residential,81,Moderate,26.9,76,6.6,W,7.1,1009.7,11.5,Low,No
Dhanmondi,roadside,161,Unhealthy,33.7,78,0.6,S,0,1010,8.6,Low,No
Old Dhaka,roadside,169,Unhealthy,32.5,63,8.1,SE,0,1006.2,6.7,Medium,Yes
Uttara,residential,76,Moderate,30.5,81,4,S,0,1001.1,9.7,Low,No
Baridhara,background,156,Unhealthy,21.3,76,2,NW,0,1012.8,8.8,Severe,Yes
Baridhara,background,66,Moderate,33.8,69,7.5,NW,0,1006.8,10.5,Low,No
Dhanmondi,roadside,205,Very Unhealthy,30.6,79,3.5,S,0,1012.3,7,Severe,Yes
Hazaribagh,industrial,181,Unhealthy,28.1,63,5.1,W,0,1011.1,6.3,Medium,No
Baridhara,background,153,Unhealthy,17.9,67,2.1,W,0,1020.5,8,Low,No
Gulshan,residential,85,Moderate,25.8,92,7.9,W,2.2,1000.9,11,Low,No
Mirpur,residential,154,Unhealthy,29.4,72,4.5,N,0,1008.8,8.9,Low,No
Gulshan,residential,115,Unhealthy for Sensitive Groups,28.3,84,8.3,SW,0,1010.7,9.1,High,No
Mirpur,residential,171,Unhealthy,31.4,70,2.1,N,0,1007.9,7.6,High,No
Tejgaon,industrial,286,Very Unhealthy,16.6,68,3.3,E,0,1011.8,3.2,Medium,No
Mohammadpur,residential,75,Moderate,29.4,89,3.2,NW,8.5,1014.3,10.3,Low,No
Mohammadpur,residential,174,Unhealthy,30.4,65,10.3,SE,0,1006.4,9.1,High,No
Jatrabari,industrial,197,Unhealthy,30.9,66,13.8,SE,0,1011.2,7.4,Severe,Yes
Tejgaon,industrial,126,Unhealthy for Sensitive Groups,29.9,83,7,SW,3.8,1005.3,8.5,High,Yes
Mirpur,residential,194,Unhealthy,20.6,71,4,SW,0,1016.7,6.2,Medium,No
Dhanmondi,roadside,164,Unhealthy,24.1,84,8.3,W,0,1010.9,8.6,Medium,No
Baridhara,background,143,Unhealthy for Sensitive Groups,21,58,3.5,NW,0,1012.5,9.6,Low,No
Jatrabari,industrial,75,Moderate,28.7,92,17.5,SE,0,1000.4,11.1,Medium,No
Baridhara,background,161,Unhealthy,25.3,79,2.7,E,0,1008.3,9.7,Low,No
Mirpur,residential,157,Unhealthy,29.2,82,0.7,E,0,1008.2,7.6,Medium,Yes
Old Dhaka,roadside,173,Unhealthy,24.5,97,1.4,NE,0,1011.7,8,Medium,No
Mohammadpur,residential,185,Unhealthy,29.2,74,3.6,E,0,1011.8,6.7,High,No
Mirpur,residential,133,Unhealthy for Sensitive Groups,19.4,60,16.7,N,0,1011.1,9.3,High,No
Old Dhaka,roadside,184,Unhealthy,22.9,80,2.3,E,0,1009.8,6.5,Severe,Yes
Gulshan,residential,105,Unhealthy for Sensitive Groups,30.4,81,13.5,SW,0,1009,8.6,Medium,Yes
Agargaon,roadside,109,Unhealthy for Sensitive Groups,30.6,92,6.9,S,0,1005.6,8.2,High,Yes
Jatrabari,industrial,190,Unhealthy,32,64,3.2,SE,0,1001.8,7.6,Medium,Yes
Dhanmondi,roadside,204,Very Unhealthy,22.5,63,3.6,N,0,1019.8,6.4,Medium,No
Tejgaon,industrial,106,Unhealthy for Sensitive Groups,32.7,73,11.5,S,0,1003.5,10.1,High,Yes
Tejgaon,industrial,87,Moderate,30.4,74,5.4,SE,0,995.6,10.2,High,No
Motijheel,roadside,99,Moderate,32.5,65,3.3,SE,0,1005.4,10,Medium,No
Uttara,residential,144,Unhealthy for Sensitive Groups,31.9,67,5.2,SE,0,1008.1,8.3,Medium,No
Baridhara,background,52,Moderate,29.4,100,13.2,S,2.4,1000.3,10.9,Low,No
Gulshan,residential,157,Unhealthy,13.5,56,19.9,NW,0,1014.3,7.7,Medium,No
Old Dhaka,roadside,176,Unhealthy,27.5,81,8.6,NE,0,1016.7,7.8,Medium,No
Uttara,residential,140,Unhealthy for Sensitive Groups,23.8,64,13.1,SW,0,1013.9,10.2,Medium,No
Tejgaon,industrial,385,Hazardous,21,72,7.8,W,0,1012.3,1.9,High,No
Old Dhaka,roadside,267,Very Unhealthy,15.3,66,7.8,N,0,1017.3,5.5,High,No
Hazaribagh,industrial,172,Unhealthy,29.7,86,7.2,N,0,1007.5,8.3,Medium,No
Baridhara,background,120,Unhealthy for Sensitive Groups,26.2,86,6.3,W,0,1012.8,9.9,Low,No
Uttara,residential,187,Unhealthy,11.7,69,2.6,W,0,1016.5,6,High,No
Old Dhaka,roadside,218,Very Unhealthy,22.6,82,4.7,SW,0,1019.6,6.9,High,Yes
Uttara,residential,85,Moderate,28.6,74,12.3,SE,0,1008,9.5,High,No
Uttara,residential,145,Unhealthy for Sensitive Groups,25.2,81,5.9,E,0,1014.4,9.4,High,No
Hazaribagh,industrial,129,Unhealthy for Sensitive Groups,32.1,85,1.6,E,0,1001.9,9.3,Medium,No
Agargaon,roadside,165,Unhealthy,18.2,78,9.5,W,0,1020.3,7.9,High,Yes
Old Dhaka,roadside,110,Unhealthy for Sensitive Groups,30.8,79,9.6,NE,7,1002.2,10.1,High,No
Agargaon,roadside,157,Unhealthy,37.1,61,14.1,NE,0,1006.5,8,Severe,No
Uttara,residential,153,Unhealthy,33.5,85,3.2,NE,0,1006.8,8.5,High,No
Mirpur,residential,162,Unhealthy,31.6,59,1.8,W,0,1008.2,8,Severe,Yes
Baridhara,background,115,Unhealthy for Sensitive Groups,29.1,67,3.9,NW,0,1014.1,10.5,Medium,No
Uttara,residential,233,Very Unhealthy,19.4,55,6.1,NW,0,1012.4,7.4,Severe,Yes
Agargaon,roadside,238,Very Unhealthy,21,63,11.8,N,0,1013.3,6.2,Severe,Yes
Uttara,residential,167,Unhealthy,15.7,62,5.6,N,0,1012.8,8.5,High,No
Tejgaon,industrial,162,Unhealthy,22.8,73,16.4,W,4.9,1010.6,9.3,High,No
Agargaon,roadside,184,Unhealthy,18,72,3.3,SW,0,1013.5,8.4,High,Yes
Old Dhaka,roadside,92,Moderate,31.1,72,10.2,S,3.7,1006.6,9.7,Low,No
Gulshan,residential,247,Very Unhealthy,20.2,62,0.9,W,0,1014.6,4.9,Medium,No
Mohammadpur,residential,62,Moderate,27.4,79,11.6,NE,1.1,1002.7,11.1,High,No
Tejgaon,industrial,121,Unhealthy for Sensitive Groups,28.7,87,12.2,NE,0,1008.6,8.9,High,Yes
Jatrabari,industrial,80,Moderate,28.5,99,8.1,E,0,1006.3,10.4,Low,No
Mohammadpur,residential,139,Unhealthy for Sensitive Groups,31.1,95,2.3,SE,0,1005.1,9.3,Severe,Yes
Baridhara,background,99,Moderate,29.3,65,5,SW,0,1012.3,8.2,Low,No
Jatrabari,industrial,216,Very Unhealthy,30,78,4.9,SW,0,1008.8,4.8,High,Yes
Agargaon,roadside,215,Very Unhealthy,24.6,93,3.7,W,0,1008.2,6.5,High,Yes
Mohammadpur,residential,55,Moderate,32.8,71,6.4,S,21.9,1000.5,10.4,Low,No
Uttara,residential,170,Unhealthy,22.1,79,1.6,NW,0,1013.8,7.5,Low,No
Tejgaon,industrial,182,Unhealthy,31.4,70,8.4,SE,0,1003.4,8,Medium,Yes
Agargaon,roadside,304,Hazardous,24.1,67,3.4,W,0,1014.1,3.6,High,No
Hazaribagh,industrial,185,Unhealthy,19.3,71,6.3,NW,0,1020.7,8.9,Medium,No
Dhanmondi,roadside,180,Unhealthy,25.4,82,6.8,E,0,1011.3,6.8,Medium,No
Mirpur,residential,187,Unhealthy,15.5,79,2,W,0,1018.8,7.1,Medium,No
Tejgaon,industrial,77,Moderate,29.8,94,5.2,SW,14.6,1005.7,12,Medium,Yes
Jatrabari,industrial,165,Unhealthy,28.9,66,3.9,S,11,1008.6,8.2,Low,No
Hazaribagh,industrial,158,Unhealthy,34.5,63,6.9,W,0,1007.1,9.1,Medium,No
Uttara,residential,153,Unhealthy,31.1,69,16.1,SW,0,1006,10,Medium,Yes
Baridhara,background,70,Moderate,32.2,98,3.9,SW,0,1004.3,9.6,Severe,No
Mohammadpur,residential,162,Unhealthy,26.5,56,4,NE,0,1012.2,8.8,Medium,No
Mirpur,residential,160,Unhealthy,16.3,65,6.3,S,0,1019.2,8.1,Medium,No
Agargaon,roadside,209,Very Unhealthy,14.4,58,4.9,E,0,1015.5,7.2,High,No
Mirpur,residential,86,Moderate,29.1,74,11.4,SE,1.6,1004.1,10.4,Low,Yes
Motijheel,roadside,141,Unhealthy for Sensitive Groups,23.8,86,6.7,NE,2.8,1009.4,8.7,Severe,No
Hazaribagh,industrial,192,Unhealthy,26,66,3.7,W,0,1011.3,6.3,High,No
Old Dhaka,roadside,197,Unhealthy,32.1,49,7.9,NW,0,1008.7,6,High,Yes
Jatrabari,industrial,165,Unhealthy,26.8,77,10.4,E,0,1011.4,6.4,High,No
Baridhara,background,160,Unhealthy,25,86,1.8,W,0,1016.4,6.8,Low,No
Jatrabari,industrial,394,Hazardous,14.4,56,1.9,E,0,1018.5,1.1,Severe,Yes
Mohammadpur,residential,129,Unhealthy for Sensitive Groups,29.8,89,3,NE,0,1002.8,9.8,High,No
Uttara,residential,169,Unhealthy,26,83,3.8,NE,0,1017.1,8.8,High,No
Dhanmondi,roadside,202,Very Unhealthy,18.5,70,4.2,N,0,1017.6,7.8,Medium,No
Dhanmondi,roadside,80,Moderate,34.4,100,14.6,NE,0,1001.6,9.7,Medium,Yes
Tejgaon,industrial,109,Unhealthy for Sensitive Groups,31.4,80,4.4,SW,0,1000.5,9.4,Medium,Yes
Baridhara,background,79,Moderate,32.4,97,1.8,SW,0,1006.9,9.9,Severe,Yes
Mohammadpur,residential,119,Unhealthy for Sensitive Groups,34.3,78,14.8,SW,0,1008,10.1,Low,No
Mohammadpur,residential,82,Moderate,30,85,4.2,W,0,1002.7,9.7,Medium,Yes
Baridhara,background,29,Good,29.1,73,10.2,W,31.3,999.5,12,Low,No
Old Dhaka,roadside,174,Unhealthy,26.7,70,9.3,S,0,1011.6,8.1,High,Yes
Baridhara,background,66,Moderate,28.2,66,7.5,SW,3.6,1002.8,11.8,Low,Yes
Jatrabari,industrial,57,Moderate,29.9,90,6.2,SE,12.9,999.7,10.9,Low,No
Baridhara,background,145,Unhealthy for Sensitive Groups,27,82,2.7,W,0,1012.8,9.5,Medium,No
Agargaon,roadside,232,Very Unhealthy,31.2,79,2.7,E,0,1010.4,4.9,High,No
Dhanmondi,roadside,238,Very Unhealthy,21.1,69,8.8,N,0,1009.5,4.7,Medium,No
Uttara,residential,114,Unhealthy for Sensitive Groups,32.9,89,6.5,SE,0,1009.7,9.9,Low,Yes
Mirpur,residential,151,Unhealthy,21.6,80,9.5,NW,0,1013.4,8.8,Low,Yes
Jatrabari,industrial,164,Unhealthy,28,64,5,S,0,1004.8,9.5,Medium,Yes
Agargaon,roadside,194,Unhealthy,17.8,71,10,N,0,1021,8.2,Severe,No
Gulshan,residential,65,Moderate,32.7,100,17.2,S,0,1003.2,9.6,Low,Yes
Motijheel,roadside,184,Unhealthy,30.7,73,2.5,S,0,1012.6,7.9,Severe,No
Tejgaon,industrial,71,Moderate,27.4,82,2.4,SW,7.5,999.2,10.6,High,Yes
Mirpur,residential,99,Moderate,29.6,85,10.7,SW,0,999,10.2,Medium,No
Mohammadpur,residential,226,Very Unhealthy,14.8,74,5.2,W,0,1014.4,5.1,High,No
Old Dhaka,roadside,424,Hazardous,14.1,67,4,SW,0,1011.8,2.3,Severe,No
Hazaribagh,industrial,160,Unhealthy,32,74,9.2,NW,11.4,1009.9,8,Medium,Yes
Agargaon,roadside,339,Hazardous,17.8,70,2.9,NW,0,1019,2.1,High,No
Mirpur,residential,62,Moderate,30.3,97,4.2,SE,25.4,1001.2,9.7,Medium,No
Gulshan,residential,173,Unhealthy,18.7,76,1.8,N,0,1011,8.8,High,No
Mohammadpur,residential,93,Moderate,30.4,65,14.2,SW,0,1007.8,10.8,Medium,Yes
Mirpur,residential,84,Moderate,28.5,92,2.1,S,2.2,1005.3,8.3,Medium,No
Tejgaon,industrial,172,Unhealthy,17.9,70,8.5,NW,0,1010.3,8.4,Low,Yes
Uttara,residential,52,Moderate,30.6,88,9.5,E,0,998.6,10.7,Low,No
Mirpur,residential,61,Moderate,32.6,87,12.1,N,0,1002.1,11,Low,No
Uttara,residential,241,Very Unhealthy,22.3,53,2,S,0,1012,4.8,Medium,No
Baridhara,background,81,Moderate,28,44,6.7,SE,0,1006.6,8.8,Low,No
Jatrabari,industrial,117,Unhealthy for Sensitive Groups,31.8,87,3.5,SE,7.3,1005.6,8.8,High,No
Gulshan,residential,58,Moderate,30.9,78,16.2,W,2.8,1001.1,11.2,Medium,No
Hazaribagh,industrial,99,Moderate,28.9,72,6.9,S,0.4,1003.1,10.2,Low,Yes
Baridhara,background,69,Moderate,30.3,78,4.3,SW,0.6,1003.3,9.1,Medium,Yes
Uttara,residential,183,Unhealthy,21,77,2.4,NW,0,1013,7.8,High,No
Dhanmondi,roadside,218,Very Unhealthy,19.2,73,5.4,NE,0,1012.4,6.2,Medium,Yes
Old Dhaka,roadside,120,Unhealthy for Sensitive Groups,30.9,91,4.4,SE,1,1004.5,9.8,Severe,Yes
Mirpur,residential,73,Moderate,28.4,89,4.8,NE,0,1002.1,9.3,Medium,No
Uttara,residential,161,Unhealthy,32,71,4.5,N,0,1011.5,8.8,High,No
Agargaon,roadside,271,Very Unhealthy,12.2,76,16.2,NE,0,1014.9,4.2,Severe,No
Motijheel,roadside,77,Moderate,31,90,6.6,SE,6.2,1001.7,10.1,Medium,Yes
Dhanmondi,roadside,52,Moderate,30.7,84,4.2,SE,39.6,1002.5,11.8,High,No
Jatrabari,industrial,277,Very Unhealthy,21.3,70,4.8,N,0,1012.2,2.7,Medium,No
Agargaon,roadside,86,Moderate,28.7,91,3.7,S,12.2,1003,10.6,High,No
Dhanmondi,roadside,65,Moderate,32.1,79,16.1,W,0,999.5,9.4,High,Yes
Tejgaon,industrial,177,Unhealthy,18.6,79,7.5,E,0,1020.8,7.9,Medium,Yes
Uttara,residential,108,Unhealthy for Sensitive Groups,28,73,2.5,N,0,1008.5,8.9,High,No
Baridhara,background,168,Unhealthy,15.2,70,7.5,E,0,1015.7,8.9,High,No
Motijheel,roadside,160,Unhealthy,27.3,90,5.9,W,0,1008.3,8.3,Severe,No
Gulshan,residential,164,Unhealthy,13.4,60,6.6,E,0,1017.8,7.5,Medium,No
Hazaribagh,industrial,206,Very Unhealthy,25.3,66,9.4,NW,0,1013.8,6.9,Low,Yes
Hazaribagh,industrial,297,Very Unhealthy,22.7,65,2.1,NW,0,1016.5,4,Severe,No
Baridhara,background,127,Unhealthy for Sensitive Groups,25.4,73,4.3,N,0,1013.3,9.4,Medium,No
Dhanmondi,roadside,207,Very Unhealthy,25,79,6.4,SE,0,1010.2,5.9,High,No
Gulshan,residential,71,Moderate,29.4,77,12.1,SE,0,1005.9,8.7,Medium,No
Tejgaon,industrial,408,Hazardous,16,96,7.2,NE,0,1016.4,0.9,High,No
Mirpur,residential,198,Unhealthy,9.6,65,4.2,NW,0,1014,7.3,Medium,No
Dhanmondi,roadside,201,Very Unhealthy,17.6,73,9.2,W,0,1019.9,6.8,Low,Yes
Tejgaon,industrial,211,Very Unhealthy,35.4,68,6.1,SE,2.7,1007,4.4,Medium,Yes
Motijheel,roadside,378,Hazardous,16.1,70,3.5,NW,0,1018,1.5,High,Yes
Motijheel,roadside,89,Moderate,29.6,79,1.1,SW,0,997.9,9.6,Medium,Yes
Gulshan,residential,98,Moderate,29,94,2.5,SW,0,1001.2,8.3,Severe,Yes
Jatrabari,industrial,186,Unhealthy,30.7,78,5.6,SE,0,1001.3,5.6,Medium,No
Old Dhaka,roadside,218,Very Unhealthy,23.5,56,1.9,SE,0,1012.5,5.6,High,No
Jatrabari,industrial,193,Unhealthy,23.2,69,1.2,S,0,1008.8,6.4,High,Yes
Mohammadpur,residential,122,Unhealthy for Sensitive Groups,27.6,97,3.1,SW,0,1002.4,10,Medium,No
Agargaon,roadside,228,Very Unhealthy,24.2,80,12.4,W,0,1014.6,4.3,Severe,Yes
Dhanmondi,roadside,148,Unhealthy for Sensitive Groups,32.8,52,2.4,SW,0,1006.5,9.1,Low,No
Jatrabari,industrial,162,Unhealthy,29.5,92,2.4,W,0,1000.7,9.1,High,Yes
Gulshan,residential,91,Moderate,35.3,52,13,NE,0,1009.6,9.8,High,No
Gulshan,residential,99,Moderate,27.6,68,9.7,W,0,1003.9,10.3,Low,No
Tejgaon,industrial,74,Moderate,31.7,75,6.1,SW,21.5,1002.1,10.7,Medium,No
Tejgaon,industrial,190,Unhealthy,18.8,77,8,N,0,1013.9,7,High,No
Old Dhaka,roadside,250,Very Unhealthy,28.5,82,5.3,SW,0,1009.7,6.6,High,Yes
Baridhara,background,207,Very Unhealthy,10.6,78,0.3,N,0,1009.6,6.8,High,No
Agargaon,roadside,317,Hazardous,18.1,68,2.9,W,0,1014.9,2.3,High,No
Baridhara,background,176,Unhealthy,21.6,68,18.1,SW,0,1013.5,7.9,Low,No
Tejgaon,industrial,171,Unhealthy,30.8,56,7.6,S,0,1007.7,8.9,Medium,Yes
Hazaribagh,industrial,120,Unhealthy for Sensitive Groups,30.1,70,10.6,SW,0,1018.7,11.1,Low,Yes
Tejgaon,industrial,170,Unhealthy,30.1,86,11.1,SE,0,1011.4,7.8,Medium,No
Old Dhaka,roadside,185,Unhealthy,24.6,81,7.6,W,0,1012.2,7.1,High,Yes
Agargaon,roadside,55,Moderate,31.5,86,6.3,SE,42,1000,11.1,Medium,No
Hazaribagh,industrial,171,Unhealthy,28.5,78,3.6,SW,0,1007.4,7.6,High,No
Mohammadpur,residential,107,Unhealthy for Sensitive Groups,31.1,58,2.4,S,0,1006.7,11,Low,No
Mohammadpur,residential,174,Unhealthy,21.3,76,10.1,NW,0,1012.9,7.9,Medium,No
Gulshan,residential,175,Unhealthy,24.9,69,6.5,SW,0,1008.7,8,Medium,No
Tejgaon,industrial,167,Unhealthy,33,80,9.4,SW,0,1008.2,7.9,Medium,No
Hazaribagh,industrial,161,Unhealthy,29.7,72,10.8,NW,0,1005.3,8.1,Medium,No
Mohammadpur,residential,63,Moderate,29,93,4.9,S,18.2,999.6,9.9,Medium,No
Dhanmondi,roadside,98,Moderate,31.3,79,12.3,SW,0,1005.3,8.9,Severe,Yes
Mirpur,residential,218,Very Unhealthy,16.1,87,5.2,W,0,1018.8,4.7,Low,Yes
Dhanmondi,roadside,102,Unhealthy for Sensitive Groups,28.4,100,5.3,SW,0,999.7,10.1,Medium,No
Gulshan,residential,122,Unhealthy for Sensitive Groups,31.9,88,8.5,S,0,1004.6,8.8,Medium,No
Hazaribagh,industrial,188,Unhealthy,27.3,87,9.8,SW,0,1006.9,5.7,Severe,Yes
Tejgaon,industrial,253,Very Unhealthy,13.9,68,3.7,N,0,1012.6,5.9,High,No
Mirpur,residential,200,Unhealthy,22,60,18,SW,0,1012,4.7,High,No
Uttara,residential,157,Unhealthy,30,74,2.3,SW,0,1005.7,8.5,Medium,No
Agargaon,roadside,244,Very Unhealthy,23.5,71,7.2,W,0,1011,4.9,Medium,No
Hazaribagh,industrial,189,Unhealthy,20.7,88,2.8,SE,0,1007.9,7.7,Severe,Yes
Jatrabari,industrial,101,Unhealthy for Sensitive Groups,31.6,93,7.3,NW,0,1000.9,10.5,Medium,No
Mirpur,residential,167,Unhealthy,16,72,7.7,N,0,1012.6,9,Severe,Yes
Mirpur,residential,199,Unhealthy,14.6,71,35.6,W,0,1015.6,6.7,Medium,Yes
Gulshan,residential,98,Moderate,31.2,93,1.4,SW,17.5,1002.3,9.3,High,Yes
Jatrabari,industrial,426,Hazardous,21.8,72,2,N,0,1018.5,2.1,High,Yes
Jatrabari,industrial,160,Unhealthy,28.6,82,9.6,SE,0,997.6,9.3,High,No
Agargaon,roadside,147,Unhealthy for Sensitive Groups,29.3,66,10,N,0,1013.8,7.3,Severe,No
Mirpur,residential,170,Unhealthy,36.1,76,5.2,SW,0,1009.8,7.9,Medium,Yes
Mirpur,residential,170,Unhealthy,34.4,71,2.9,SW,0,1005.6,7.9,Medium,No
Agargaon,roadside,500,Hazardous,23.2,92,7.1,SE,0,1014.1,0.3,Severe,Yes
Hazaribagh,industrial,400,Hazardous,20.1,69,3,N,0,1015.8,5,Medium,Yes
Old Dhaka,roadside,86,Moderate,29.2,87,15.5,NW,10.4,1004.5,10.3,High,No
Mirpur,residential,135,Unhealthy for Sensitive Groups,30.9,71,10,SE,0,1001.9,8.5,Medium,No
Uttara,residential,234,Very Unhealthy,20.5,75,7,W,0,1013.8,4.5,High,No
Uttara,residential,134,Unhealthy for Sensitive Groups,14.6,62,10.3,W,0,1016.1,8.3,Low,No
Old Dhaka,roadside,178,Unhealthy,16.3,69,15.5,N,0,1015.2,6.8,Medium,No
Agargaon,roadside,125,Unhealthy for Sensitive Groups,27.4,92,3.1,S,0,1002.1,9.3,Severe,No
Motijheel,roadside,72,Moderate,30.4,82,5.5,W,0,997.9,9.9,Medium,No
Baridhara,background,69,Moderate,30.1,91,15.5,S,0,1000.7,12,Medium,No
Jatrabari,industrial,78,Moderate,28.8,86,7,SW,0,1001,10.7,Medium,No
Uttara,residential,243,Very Unhealthy,21.9,73,3.2,N,0,1012.8,5.1,Medium,Yes
Jatrabari,industrial,55,Moderate,28.1,94,6.5,NW,31.1,1004.8,9.7,High,Yes
Agargaon,roadside,187,Unhealthy,16.6,68,14.6,E,0,1014.1,7.3,High,Yes
Old Dhaka,roadside,226,Very Unhealthy,29,66,5.2,N,0,1008.9,4.9,Severe,No
Agargaon,roadside,500,Hazardous,22.3,68,7.5,NW,0,1019.9,0.3,Severe,No
Motijheel,roadside,165,Unhealthy,29,61,5.9,SE,0,1008.1,8.4,High,Yes
Mohammadpur,residential,174,Unhealthy,19.8,53,1.3,NW,0,1015.4,8.3,Low,No
Baridhara,background,69,Moderate,28.6,84,12.5,SW,2.3,1001.7,9.7,Low,No
Hazaribagh,industrial,232,Very Unhealthy,18.3,72,3.9,S,0,1013.3,6.4,Low,No
Old Dhaka,roadside,186,Unhealthy,27.4,86,10.5,SW,0,1008.9,7.9,High,No
Gulshan,residential,198,Unhealthy,21,61,7.3,NW,0,1012.1,7.5,High,No
Hazaribagh,industrial,166,Unhealthy,27.8,79,6.6,SE,0,1010.2,9.2,Low,No
Uttara,residential,63,Moderate,30.5,94,16.3,SW,0,998.2,10.6,Low,No
Motijheel,roadside,500,Hazardous,15.2,65,3.9,N,0,1017.2,1.5,Medium,Yes
Gulshan,residential,152,Unhealthy,20.4,74,8.9,N,0,1013.3,10.5,Medium,No
Motijheel,roadside,145,Unhealthy for Sensitive Groups,32.4,81,7.5,S,3.5,1009.1,8.8,Severe,No
Dhanmondi,roadside,164,Unhealthy,28.7,63,3.9,W,0,1008.9,8.1,Severe,No
Mohammadpur,residential,191,Unhealthy,25.2,80,7.3,N,0,1012,6.5,Medium,No
Old Dhaka,roadside,500,Hazardous,22.2,79,3.3,W,0,1011.5,0.3,Severe,No
Jatrabari,industrial,208,Very Unhealthy,27.7,65,6.2,E,0,1005.4,6.9,High,Yes
Dhanmondi,roadside,167,Unhealthy,17.5,81,5.5,NW,0,1013.7,8,High,Yes
Hazaribagh,industrial,267,Very Unhealthy,18,75,11.3,N,0,1015.6,4.1,High,Yes
Mohammadpur,residential,74,Moderate,27.7,99,16.8,SE,0,998.9,10.6,Medium,Yes
Mirpur,residential,118,Unhealthy for Sensitive Groups,30.3,73,3,SE,0,1010.6,8.9,Low,No
Uttara,residential,312,Hazardous,19.8,85,3.5,NW,0,1014.9,3.1,High,Yes
Gulshan,residential,163,Unhealthy,22.4,80,8.5,N,0,1010.8,9.2,Low,Yes
Old Dhaka,roadside,121,Unhealthy for Sensitive Groups,29.3,74,4.4,E,0,998.4,9.9,Severe,Yes
Tejgaon,industrial,77,Moderate,26.9,80,4.8,SW,21.5,1002.8,10.8,Low,No
Dhanmondi,roadside,176,Unhealthy,26.1,78,4.7,N,0,1017.7,9,Low,No
Mohammadpur,residential,157,Unhealthy,27.5,86,8.3,W,0,1008.7,8.1,Medium,Yes
Agargaon,roadside,78,Moderate,30.2,83,8.3,S,0,1000.5,10.5,High,No
Tejgaon,industrial,82,Moderate,30.4,99,16.9,S,0,1001.3,10,High,No
Uttara,residential,172,Unhealthy,21.1,67,5.5,E,0,1014.2,8,Severe,No
Uttara,residential,141,Unhealthy for Sensitive Groups,29.4,82,6.6,NW,0,1008.6,9.5,Medium,No
Mohammadpur,residential,65,Moderate,27.2,88,6.7,S,0,1003,11.4,Medium,Yes
Dhanmondi,roadside,300,Very Unhealthy,30.3,67,7.1,W,0,1013.9,2,Severe,No
Agargaon,roadside,59,Moderate,32.2,84,5.1,NE,30.3,1001.8,11.3,Severe,No
Tejgaon,industrial,126,Unhealthy for Sensitive Groups,29.9,100,9.5,S,0,999.7,7.8,High,Yes
Jatrabari,industrial,142,Unhealthy for Sensitive Groups,29.8,78,4.3,S,0,999.2,8.7,Medium,No
Motijheel,roadside,146,Unhealthy for Sensitive Groups,19.2,83,11.6,E,0,1017.1,8.1,Severe,Yes
Dhanmondi,roadside,258,Very Unhealthy,14.6,61,5.1,NW,0,1013.9,3.4,High,Yes
Motijheel,roadside,190,Unhealthy,20.8,63,13.7,S,0,1016.3,7.4,Severe,Yes
Motijheel,roadside,98,Moderate,32.2,74,14.7,S,0,997.8,10.9,High,Yes
Old Dhaka,roadside,128,Unhealthy for Sensitive Groups,31.3,93,8.6,E,0,1000.1,8.9,Severe,No
Gulshan,residential,43,Good,29.9,78,11.3,SE,21.8,1004.7,10.1,Low,Yes
Motijheel,roadside,90,Moderate,33.5,95,9.6,SE,0,999.8,10.4,High,Yes
Baridhara,background,90,Moderate,31.8,81,2.8,S,0,999.9,8,Low,No
Jatrabari,industrial,155,Unhealthy,29.3,86,8.4,NE,0,1002.9,8.9,Medium,Yes
Jatrabari,industrial,184,Unhealthy,36.5,71,8.9,NE,1.7,1005.3,5.5,High,No
Motijheel,roadside,171,Unhealthy,24.3,65,5.2,NW,3.9,1012.4,7.3,Medium,Yes
Hazaribagh,industrial,223,Very Unhealthy,13.8,72,7.3,W,0,1013.3,5.4,Severe,No
Tejgaon,industrial,150,Unhealthy for Sensitive Groups,29.2,88,8.5,S,0,1001.7,7.9,Severe,No
Uttara,residential,153,Unhealthy,25.1,87,6.9,N,0,1012.6,8.6,High,Yes
Motijheel,roadside,155,Unhealthy,17.7,62,13.3,NE,0,1013.8,8.7,Medium,No
Jatrabari,industrial,91,Moderate,33,61,8.5,SE,29.3,1003.9,10.4,Severe,No
Mirpur,residential,123,Unhealthy for Sensitive Groups,30.9,73,13.9,S,0,1005.9,8.4,Medium,No
Mirpur,residential,77,Moderate,30,96,7,SE,15.4,999.5,11.3,Medium,Yes
Baridhara,background,89,Moderate,31.1,63,20.7,N,7.3,1005.8,8.9,High,No
Agargaon,roadside,209,Very Unhealthy,10.9,60,7.9,W,0,1015,8,High,No
Tejgaon,industrial,187,Unhealthy,23.2,75,6.7,W,0,1011,7.4,Severe,Yes
Hazaribagh,industrial,446,Hazardous,17.7,62,3.4,NW,0,1017.3,0.3,Severe,No
Agargaon,roadside,53,Moderate,28.5,88,18.9,W,22.7,1000,10.1,Severe,No
Tejgaon,industrial,92,Moderate,29.6,76,14,S,0,1001.9,9,Medium,No
Old Dhaka,roadside,418,Hazardous,23.9,78,3.2,N,0,1018.4,1.3,High,No
Baridhara,background,167,Unhealthy,18.7,72,1.5,N,0,1015.8,8.3,Low,Yes
Mirpur,residential,158,Unhealthy,23.7,86,4.7,NE,0,1013.4,10.1,Medium,Yes
Dhanmondi,roadside,108,Unhealthy for Sensitive Groups,28.6,66,3.6,SW,0,1001.9,9.8,High,No
Motijheel,roadside,176,Unhealthy,25,56,4.7,N,0,1017,6.7,High,No
Gulshan,residential,69,Moderate,32.8,95,12,S,0,1001.5,10.9,Low,No
Gulshan,residential,48,Good,31.1,79,14,SE,7,998.5,12,Low,No
Uttara,residential,196,Unhealthy,13.5,58,1.4,SE,0,1016.6,7.3,Medium,No
Old Dhaka,roadside,115,Unhealthy for Sensitive Groups,30.6,83,2.6,SE,0,1002.9,8.9,High,Yes
Agargaon,roadside,264,Very Unhealthy,32,70,3.9,W,0,1007.1,5,Severe,No
Jatrabari,industrial,255,Very Unhealthy,19.1,69,6,N,0,1012.6,5.3,Severe,Yes
Dhanmondi,roadside,89,Moderate,25.6,82,11.4,NE,0,1014.9,8.5,Medium,No
Motijheel,roadside,238,Very Unhealthy,17.7,73,5.1,SW,0,1017,6.6,High,Yes
Hazaribagh,industrial,207,Very Unhealthy,16.8,72,1.4,NE,0,1013.4,5.2,High,Yes
Motijheel,roadside,231,Very Unhealthy,15,81,6.5,NW,0.6,1018.6,5.7,Medium,No
Baridhara,background,79,Moderate,32.5,85,5.3,SE,0,1005.4,11.2,Low,No
Dhanmondi,roadside,86,Moderate,31.6,85,5.4,W,0,1001.5,10.3,High,No
Old Dhaka,roadside,189,Unhealthy,26.3,84,6.4,E,0,1008.9,6.5,High,Yes
Mohammadpur,residential,209,Very Unhealthy,20.2,74,7.5,NW,0,1016.2,6.5,High,Yes
Agargaon,roadside,69,Moderate,30.7,78,13.6,W,0,1001.5,10.5,Medium,No
Agargaon,roadside,74,Moderate,34.2,84,14.9,W,0,1008.7,9.2,Medium,No
Uttara,residential,152,Unhealthy,33.2,72,13.9,N,0,1004.4,9.7,Low,No
Old Dhaka,roadside,242,Very Unhealthy,21.9,65,8.4,SW,0,1018.9,5.9,Severe,No
Dhanmondi,roadside,156,Unhealthy,27.1,74,2,NE,0,1010,8.9,Low,No
Tejgaon,industrial,243,Very Unhealthy,17.5,59,7.9,NW,0,1014.4,5,High,Yes
Baridhara,background,78,Moderate,32.5,62,6.6,SW,0,999.9,10.1,Severe,No
Dhanmondi,roadside,89,Moderate,31.2,82,14.7,E,0,1002.3,10.1,Severe,No
Baridhara,background,170,Unhealthy,16.1,71,3.7,NW,0,1012.8,8.6,Low,No
Uttara,residential,158,Unhealthy,28.1,69,4.9,SE,0,1010.4,8.9,Medium,No
Jatrabari,industrial,357,Hazardous,29.1,89,3.6,SE,0,1007.8,0.3,Severe,No
Mirpur,residential,187,Unhealthy,25.8,60,5.8,E,0,1002,7.1,Medium,No
Dhanmondi,roadside,86,Moderate,28.3,92,16.7,S,0,1001.4,10.9,High,No
Gulshan,residential,140,Unhealthy for Sensitive Groups,31.9,71,5.3,NW,0,1010.3,9.4,Low,No
Mirpur,residential,68,Moderate,26.5,100,7.7,SE,2.6,1002.6,10.2,Medium,Yes
Dhanmondi,roadside,216,Very Unhealthy,12.8,74,3.7,W,0,1014.6,4.4,Severe,No
Hazaribagh,industrial,160,Unhealthy,30.3,56,8.6,SW,0,1013.5,8.2,Low,No
Hazaribagh,industrial,200,Unhealthy,32.2,76,9.9,N,0,1001.2,6.1,High,No
Dhanmondi,roadside,162,Unhealthy,32.3,82,12.1,SW,0,1007.7,6.9,High,No
Tejgaon,industrial,179,Unhealthy,35,54,8,SW,0,1004.8,7,High,No
Hazaribagh,industrial,190,Unhealthy,19.3,75,12.8,E,0,1015.1,6.1,Medium,Yes
Gulshan,residential,119,Unhealthy for Sensitive Groups,26.1,85,1.6,S,0,1009,8.6,Medium,Yes
Hazaribagh,industrial,212,Very Unhealthy,14.4,68,3.3,NW,0,1013.3,6.6,Medium,No
Mirpur,residential,194,Unhealthy,17.7,51,3.2,NE,0,1015.7,6.6,High,No
Gulshan,residential,153,Unhealthy,32.8,66,4.1,S,0,1006.5,8,Low,No
Dhanmondi,roadside,155,Unhealthy,31.4,80,10.4,SE,0.2,1000.2,9.4,Severe,No
Uttara,residential,171,Unhealthy,19.9,82,3.2,E,0,1011.6,9.5,Medium,Yes
Jatrabari,industrial,89,Moderate,31,84,0.5,S,15,1003.9,10.3,Medium,No
Agargaon,roadside,152,Unhealthy,32.3,82,8.4,SE,0,1001.4,9.7,Medium,No
Dhanmondi,roadside,176,Unhealthy,19.3,65,13,W,0,1011.9,7,Medium,Yes
Agargaon,roadside,212,Very Unhealthy,30.4,81,0.6,E,0,1006.7,7,High,Yes
Jatrabari,industrial,144,Unhealthy for Sensitive Groups,29.2,68,11.1,SW,0,1007.7,9.4,High,Yes
Jatrabari,industrial,138,Unhealthy for Sensitive Groups,29.9,79,13.1,SE,10,1001.2,9.5,High,No
Jatrabari,industrial,208,Very Unhealthy,17.3,72,3.6,N,0,1015.4,6.8,Medium,No
Tejgaon,industrial,97,Moderate,31.4,81,9.1,E,1.3,1008.3,10,Severe,No
Mirpur,residential,216,Very Unhealthy,24.5,57,0.3,N,0,1013,5.3,Medium,No
Hazaribagh,industrial,431,Hazardous,17.9,75,5.7,N,0,1014.9,2.9,High,No
Motijheel,roadside,208,Very Unhealthy,12.5,75,7.8,SW,0,1010.8,5.1,Severe,No
Agargaon,roadside,329,Hazardous,21.1,72,3.8,N,0,1019,4.7,Severe,No
Hazaribagh,industrial,308,Hazardous,23.4,66,3.9,NW,0,1015.2,3.6,High,No
Gulshan,residential,133,Unhealthy for Sensitive Groups,29.3,77,7.2,W,0,1017.1,8,Severe,Yes
Dhanmondi,roadside,55,Moderate,31.5,92,7.3,S,26,999.9,9.6,Severe,No
Gulshan,residential,98,Moderate,31.5,80,14.2,S,0,998.8,9.8,Severe,Yes
Uttara,residential,180,Unhealthy,28.7,85,6,W,0,1014.6,6.7,Severe,No
Hazaribagh,industrial,162,Unhealthy,28.5,66,7.4,W,0,1011.6,9,High,No
Hazaribagh,industrial,179,Unhealthy,28.7,79,4.3,SW,0,1014.1,9.7,Medium,No
Hazaribagh,industrial,203,Very Unhealthy,29.4,68,6.1,S,0,1003.9,5.4,High,Yes
Agargaon,roadside,165,Unhealthy,30.5,76,13.1,NE,0,1003.9,7,Severe,Yes
Motijheel,roadside,224,Very Unhealthy,19.2,63,9.1,NW,0,1012.4,6.4,Severe,No
Tejgaon,industrial,175,Unhealthy,30.2,62,2.7,E,0,1000,7.5,Severe,Yes
Hazaribagh,industrial,206,Very Unhealthy,27.1,57,7.1,SE,0,1005.7,6,Severe,Yes
Tejgaon,industrial,235,Very Unhealthy,14.7,65,6.9,SW,0,1010.3,4.6,High,No
Motijheel,roadside,191,Unhealthy,31.6,70,1,SE,0,1007.2,7.1,Severe,No
Gulshan,residential,146,Unhealthy for Sensitive Groups,33.3,54,7,SW,0,1006.8,8.1,Medium,Yes
Old Dhaka,roadside,176,Unhealthy,31,64,25.8,E,0,1004.8,8.7,High,No
Jatrabari,industrial,173,Unhealthy,28.7,75,2.7,N,0,1016.3,7,Medium,Yes
Old Dhaka,roadside,170,Unhealthy,28.7,67,4.1,SW,0,1007.4,7.7,High,No
Mohammadpur,residential,158,Unhealthy,32.1,69,7.7,S,0,1010.3,8.4,Medium,No
Gulshan,residential,76,Moderate,32.3,73,7.3,SW,0,1006.6,11.4,Low,No
Uttara,residential,154,Unhealthy,31.9,84,5.8,N,0,1002.3,9.2,High,Yes
Motijheel,roadside,238,Very Unhealthy,21.3,70,9.2,NE,0,1016.1,5,High,No
Old Dhaka,roadside,500,Hazardous,22.7,69,1.1,W,0,1016.5,0.3,Severe,Yes
Jatrabari,industrial,212,Very Unhealthy,31.1,69,4,S,0,1011.8,5.8,High,No
Hazaribagh,industrial,500,Hazardous,24.8,68,4.6,N,0,1011.5,1.6,High,Yes
Mohammadpur,residential,103,Unhealthy for Sensitive Groups,34.2,64,16.2,S,4.2,1005.6,9.5,Medium,Yes
Jatrabari,industrial,159,Unhealthy,24.9,70,3.6,SE,0,1007.6,8.4,Medium,Yes
Old Dhaka,roadside,500,Hazardous,20.1,78,2.4,E,0,1013.4,2.1,Low,Yes
Baridhara,background,153,Unhealthy,27.1,58,1.3,SW,0,1006,9.1,High,Yes
Agargaon,roadside,127,Unhealthy for Sensitive Groups,32.7,86,3,NE,0,999.8,9.6,Severe,No
Uttara,residential,81,Moderate,30.4,100,1.3,SW,0,1003,10.1,High,No
Motijheel,roadside,421,Hazardous,23.7,79,3.2,N,0,1016.3,2.6,Severe,Yes
Hazaribagh,industrial,155,Unhealthy,18.6,74,7.4,SW,0,1015,8.2,Medium,No
Motijheel,roadside,131,Unhealthy for Sensitive Groups,22.4,80,7,W,0,1011.8,9.2,Medium,No
Hazaribagh,industrial,190,Unhealthy,28.2,69,7.6,NW,0,1019.4,7.6,Severe,No
Uttara,residential,54,Moderate,30.2,78,2.6,SW,13.9,1002.9,11,Low,Yes
Tejgaon,industrial,140,Unhealthy for Sensitive Groups,28.2,83,1.9,NE,0,998.7,8.6,Severe,No
Jatrabari,industrial,264,Very Unhealthy,23,75,6.3,NW,0,1013,3.7,Medium,No
Motijheel,roadside,78,Moderate,33.7,88,12.1,SW,0,999.8,9.6,Low,Yes
Agargaon,roadside,267,Very Unhealthy,18.3,76,5,N,2.4,1018.5,4.1,High,No
Mohammadpur,residential,271,Very Unhealthy,18.7,80,6.6,N,0,1013.7,3.2,Low,No
Old Dhaka,roadside,171,Unhealthy,31.6,67,7.4,SE,0,1004.4,7.7,Medium,No
Mohammadpur,residential,164,Unhealthy,24.2,80,3.8,NW,8.5,1008.1,8.8,Medium,No
Agargaon,roadside,369,Hazardous,16.6,55,4,W,0,1013.6,4.7,Severe,Yes
Mirpur,residential,195,Unhealthy,25.2,88,8.7,N,0,1013.5,3.8,Medium,No
Baridhara,background,83,Moderate,26.7,75,5.1,W,0,1009.1,9.9,Low,No
Mirpur,residential,184,Unhealthy,16.1,75,8.6,SW,0,1017.2,7.4,Medium,No
Old Dhaka,roadside,164,Unhealthy,25.9,75,6,NE,0,1010.3,8.8,High,No
Gulshan,residential,92,Moderate,31.9,81,4.4,S,0,1001.8,9.2,Medium,Yes
Baridhara,background,73,Moderate,26.4,83,9.6,SE,0,1003.9,9.6,Medium,No
Agargaon,roadside,76,Moderate,30.5,75,6.7,S,7,1004.1,11.2,Medium,No
Dhanmondi,roadside,56,Moderate,34.4,65,13.8,SE,27.9,1000.5,6.6,Medium,No
Mirpur,residential,190,Unhealthy,26.1,79,2.6,W,0,1018,6.4,Medium,No
Uttara,residential,184,Unhealthy,28.4,82,1,NE,0,1010.9,7.9,Severe,No
Gulshan,residential,99,Moderate,30.3,71,8,S,1.1,1009.5,11.2,Medium,No
Agargaon,roadside,131,Unhealthy for Sensitive Groups,30.3,82,12.2,E,0,1013.3,8.2,Severe,Yes
Tejgaon,industrial,96,Moderate,29.8,92,12.1,S,20.4,1003,9.8,Severe,No
Hazaribagh,industrial,138,Unhealthy for Sensitive Groups,31.7,79,16.5,S,0,1002.7,9.7,High,No
Gulshan,residential,70,Moderate,33.2,88,18.8,SE,3.4,1001.1,10.9,Medium,No
Dhanmondi,roadside,203,Very Unhealthy,14.6,78,4.4,SE,0,1015,6.3,Severe,No
Mirpur,residential,116,Unhealthy for Sensitive Groups,32.4,56,3.4,S,0,1005.2,8.7,Low,No
Dhanmondi,roadside,80,Moderate,30.7,89,0.5,SE,0,1001.5,10.2,Medium,No
Tejgaon,industrial,119,Unhealthy for Sensitive Groups,30.2,88,1.4,SW,0,1000.9,9.2,Medium,Yes
Jatrabari,industrial,170,Unhealthy,31,83,11,N,0,1007.6,7,Medium,Yes
Dhanmondi,roadside,158,Unhealthy,31.6,72,1.7,SW,0,1010.8,10.7,Medium,No
Jatrabari,industrial,94,Moderate,30.6,82,8.3,SE,19.2,1001.6,9.5,Medium,No
Motijheel,roadside,113,Unhealthy for Sensitive Groups,33.8,66,11.6,SW,0,1009,9.5,Severe,No
Baridhara,background,161,Unhealthy,28.2,94,5.6,E,0,1011.3,8.1,High,No
Agargaon,roadside,121,Unhealthy for Sensitive Groups,29.7,82,5.5,SE,0,1004.9,10.2,Severe,No
Mohammadpur,residential,240,Very Unhealthy,16.1,75,2.5,S,0,1019.3,5.6,Severe,No
Mirpur,residential,89,Moderate,17.3,68,12.5,S,0,1013.7,9.9,Low,No
Hazaribagh,industrial,123,Unhealthy for Sensitive Groups,30.5,94,0.6,S,0,997.7,9.8,High,No
Agargaon,roadside,158,Unhealthy,29.2,77,3.9,NW,0,1003.9,7.6,Severe,Yes
Uttara,residential,202,Very Unhealthy,29.4,78,4.3,NW,0,1013.5,6.8,Severe,No
Agargaon,roadside,222,Very Unhealthy,20.5,67,3.6,NE,0,1015.8,6.9,Severe,Yes
Hazaribagh,industrial,177,Unhealthy,23,67,7.8,S,0,1012.6,8.2,High,No
Jatrabari,industrial,173,Unhealthy,29.4,54,8.5,NE,0,1011,7.9,Medium,No
Baridhara,background,76,Moderate,28.5,86,2.4,E,13.7,1001.2,10.1,High,No
Motijheel,roadside,188,Unhealthy,29.8,79,9,W,0,1010.1,6.4,High,No
Tejgaon,industrial,188,Unhealthy,27.3,71,2.7,SE,0,1010.3,6.3,High,No
Motijheel,roadside,165,Unhealthy,30.5,53,9.3,NE,0,1010.2,6.6,Low,Yes
Motijheel,roadside,112,Unhealthy for Sensitive Groups,28.7,80,12.7,E,0,1009.1,10,Low,No
Motijheel,roadside,219,Very Unhealthy,21.3,73,3,NW,0,1018.2,5.7,Low,Yes
Tejgaon,industrial,149,Unhealthy for Sensitive Groups,27.7,88,4.4,S,0,1003.4,9.3,High,Yes
Old Dhaka,roadside,185,Unhealthy,30.5,70,4.7,NE,0,1014.4,7.3,High,No
Tejgaon,industrial,160,Unhealthy,30,71,6.9,W,4.5,1008.9,8.6,High,No
Uttara,residential,121,Unhealthy for Sensitive Groups,31.3,77,6.1,NW,0,1011.9,10.7,Medium,No
Uttara,residential,168,Unhealthy,14.3,77,7,NW,0,1016.7,7.2,Medium,Yes
Hazaribagh,industrial,500,Hazardous,20.1,62,2.4,W,0,1015.2,0.3,Severe,Yes
Agargaon,roadside,64,Moderate,29.7,94,6.7,SW,13.7,1000.2,11.4,Medium,Yes
Motijheel,roadside,187,Unhealthy,22.1,90,2.2,NE,0,1012.7,8,Severe,No
Gulshan,residential,148,Unhealthy for Sensitive Groups,32.6,69,11.7,SE,0,1006.8,8.7,Medium,Yes
Jatrabari,industrial,152,Unhealthy,22.2,81,10.4,W,0,1014.2,8.7,High,Yes
Mirpur,residential,176,Unhealthy,18,76,3.6,NE,0,1018.1,7.7,Medium,No
Dhanmondi,roadside,70,Moderate,32,77,7.4,S,0,1003.5,9.7,High,No
Baridhara,background,82,Moderate,29,81,15.7,N,0,1004.5,10.8,Low,Yes
Uttara,residential,166,Unhealthy,15.8,71,6.3,SE,0,1016.2,7.7,Low,Yes
Jatrabari,industrial,156,Unhealthy,31.4,100,2.9,SW,0,1003.3,9,High,Yes
Tejgaon,industrial,185,Unhealthy,29.6,75,1.8,SW,0,1000.4,7,High,Yes
Baridhara,background,46,Good,29.3,98,3.7,W,10.6,1002.6,10.3,Low,Yes
Tejgaon,industrial,247,Very Unhealthy,23.5,68,4.1,W,0,1016.1,5.7,High,No
Uttara,residential,159,Unhealthy,14.9,70,8.2,S,0,1015.9,9.1,Low,No
Mohammadpur,residential,162,Unhealthy,25.9,88,4.2,N,0,1011.7,9,High,No
Tejgaon,industrial,137,Unhealthy for Sensitive Groups,31.6,100,2.7,SW,0,1002.5,7.3,High,No
Dhanmondi,roadside,233,Very Unhealthy,23.9,81,4.3,W,0,1016.2,6.4,Severe,No
Jatrabari,industrial,136,Unhealthy for Sensitive Groups,33.2,94,5.8,SW,0,1002.3,9.9,Medium,No
Gulshan,residential,188,Unhealthy,26.5,71,3,SE,0,1012.9,8.5,Medium,No
Mirpur,residential,235,Very Unhealthy,22.1,66,3.9,N,0,1015.1,5.4,Severe,Yes
Tejgaon,industrial,169,Unhealthy,33.2,57,8.3,S,0,1007.9,6.8,Severe,No
Agargaon,roadside,152,Unhealthy,29.7,81,1.5,W,7.2,999.9,11,Severe,No
Dhanmondi,roadside,198,Unhealthy,17.3,75,4.2,W,0,1013.6,6.2,High,Yes
Uttara,residential,173,Unhealthy,18.8,72,18.7,N,0,1013.8,6.4,High,Yes
Hazaribagh,industrial,129,Unhealthy for Sensitive Groups,31.3,99,8.5,SE,0,998.5,8.7,Medium,No
Mohammadpur,residential,185,Unhealthy,24.5,94,8.9,SE,0,1011.4,7.6,Severe,No
Gulshan,residential,55,Moderate,27.8,84,15.6,NW,13.8,999.8,10.4,Medium,No
Motijheel,roadside,218,Very Unhealthy,24.2,65,12.6,NW,0,1012.4,5,Medium,Yes
Baridhara,background,97,Moderate,25.2,87,3.5,W,0,1016.4,10.3,Low,No
Hazaribagh,industrial,263,Very Unhealthy,20.2,80,1.2,E,0,1017.9,5.4,High,No
Baridhara,background,170,Unhealthy,18.3,74,9.2,N,0,1020.2,7.6,Medium,Yes
Tejgaon,industrial,186,Unhealthy,26.6,84,4.5,N,0,1010.9,8,High,Yes
Tejgaon,industrial,102,Unhealthy for Sensitive Groups,32.6,89,6,SE,0,1001.3,10.6,High,No
Gulshan,residential,163,Unhealthy,26.8,70,7.5,N,0,1012.1,7.5,Medium,Yes
Mohammadpur,residential,170,Unhealthy,26.1,68,5.3,N,0,1012.1,9.3,High,No
Mirpur,residential,66,Moderate,29.5,85,8,NW,0,1001.3,10.7,Medium,No
Motijheel,roadside,212,Very Unhealthy,17.2,68,6.1,W,0,1013.2,6.1,Low,Yes
Jatrabari,industrial,164,Unhealthy,29.3,70,14.3,NW,0,1008.6,7.7,Medium,No
Hazaribagh,industrial,184,Unhealthy,25.8,77,7,N,0,1007.2,7.3,High,No
Baridhara,background,151,Unhealthy,31.2,64,2.2,NW,0,1012.6,9.6,Medium,No
Baridhara,background,161,Unhealthy,32.8,51,3.1,S,0,1006.4,8.4,Medium,No
Tejgaon,industrial,113,Unhealthy for Sensitive Groups,30.1,74,4.6,E,0,1009.1,9.6,Low,Yes
Old Dhaka,roadside,388,Hazardous,22.4,65,6.3,NW,0,1017.8,2.2,Severe,No
Hazaribagh,industrial,149,Unhealthy for Sensitive Groups,27,66,3.4,NE,0,1008.6,9.2,Severe,Yes
Uttara,residential,155,Unhealthy,30.4,74,2.4,N,0,1008.2,8.3,High,No
Gulshan,residential,145,Unhealthy for Sensitive Groups,23.5,63,6,W,0,1011.4,9.3,Medium,No
Baridhara,background,162,Unhealthy,36.6,60,4.9,SE,0,1003.2,8.6,Medium,No
Baridhara,background,85,Moderate,29.5,86,12.9,W,0,1009.9,9.7,Low,No
Mohammadpur,residential,76,Moderate,30.8,83,4.6,SW,4.5,998.4,9.9,Low,No
Agargaon,roadside,123,Unhealthy for Sensitive Groups,34.2,73,12,S,0,1007,8.7,Low,No
Uttara,residential,142,Unhealthy for Sensitive Groups,29.4,74,6.8,W,0,1004.8,10,Medium,No
Jatrabari,industrial,265,Very Unhealthy,17.6,73,1.8,NE,0,1013.6,5.1,High,No
Motijheel,roadside,308,Hazardous,18.8,76,3.2,SW,0,1015,2.2,High,No
Motijheel,roadside,259,Very Unhealthy,23.8,70,4.6,W,0,1016,4.2,High,No
Old Dhaka,roadside,217,Very Unhealthy,16,81,3.3,NW,0,1013,5.6,High,Yes
Mirpur,residential,145,Unhealthy for Sensitive Groups,15.6,77,11.2,SW,0,1014,8.7,Medium,No
Old Dhaka,roadside,242,Very Unhealthy,31.6,76,3.7,N,0,1007.9,4.4,Severe,Yes
Gulshan,residential,197,Unhealthy,21.5,62,3.6,N,0,1014.7,7.5,Medium,No
Tejgaon,industrial,174,Unhealthy,25.2,80,7,W,0,1010.6,7.9,High,Yes
Old Dhaka,roadside,227,Very Unhealthy,21.3,55,14.4,S,0,1016.7,6.6,Medium,Yes
Motijheel,roadside,231,Very Unhealthy,34.4,79,10.9,SE,0,1004.8,4.9,High,No
Baridhara,background,126,Unhealthy for Sensitive Groups,30,73,6.7,N,0,1013.1,10.6,Medium,Yes
Dhanmondi,roadside,300,Very Unhealthy,20.2,66,8.5,W,0,1020.7,5,Medium,Yes
Mohammadpur,residential,125,Unhealthy for Sensitive Groups,30.8,57,15.4,SW,0,1007.7,9.4,Medium,Yes
Uttara,residential,164,Unhealthy,31.3,78,12.2,NE,0,1009.9,9.6,Low,No
Old Dhaka,roadside,102,Unhealthy for Sensitive Groups,30,83,9.8,SW,0,998.4,9.5,Medium,No
Mirpur,residential,192,Unhealthy,22.3,85,5.6,N,0,1013.8,6.6,High,No
Mohammadpur,residential,153,Unhealthy,33.5,92,3.4,SE,0,1002.9,7.4,High,Yes
Motijheel,roadside,117,Unhealthy for Sensitive Groups,31.5,81,8.2,SE,0,1001.7,8.8,High,No
Uttara,residential,145,Unhealthy for Sensitive Groups,28.5,55,19.5,SW,0,1006.9,9.8,Severe,No
Hazaribagh,industrial,324,Hazardous,14.7,52,0.6,NW,0,1014.7,3.5,Low,No
Dhanmondi,roadside,195,Unhealthy,18,62,10.6,N,0,1013.8,6.6,High,Yes
Uttara,residential,97,Moderate,28.8,67,6,W,0,1010.9,10.6,Medium,No
Motijheel,roadside,142,Unhealthy for Sensitive Groups,32.1,71,13.9,SW,0,1005,9.5,Medium,No
Tejgaon,industrial,225,Very Unhealthy,26.7,69,7.3,N,0,1015.2,4.7,Severe,Yes
Motijheel,roadside,93,Moderate,30.8,85,7,E,0,1002.4,10.3,High,Yes
Jatrabari,industrial,203,Very Unhealthy,26.2,70,6,SW,0,1014.5,7.2,Medium,No
Mohammadpur,residential,176,Unhealthy,15,71,7.7,N,0,1013.1,8,Medium,No
Jatrabari,industrial,220,Very Unhealthy,23.1,59,2.6,NE,0,1016.8,6.8,Medium,No
Dhanmondi,roadside,142,Unhealthy for Sensitive Groups,31,67,7.8,SW,12.6,1009.1,8.6,Severe,No
Tejgaon,industrial,123,Unhealthy for Sensitive Groups,27.3,92,9.7,SE,0,1001.4,9.7,High,No
Mirpur,residential,153,Unhealthy,31.1,65,12.6,E,0,1005.3,8.6,Medium,No
Motijheel,roadside,161,Unhealthy,24.5,82,8.3,W,0,1014.3,7.8,Low,Yes
Baridhara,background,164,Unhealthy,17.5,54,4.1,NW,0,1011.7,8,Low,No
Old Dhaka,roadside,140,Unhealthy for Sensitive Groups,31,52,8.2,SE,0,1005,8.6,Medium,No
Jatrabari,industrial,216,Very Unhealthy,28.7,71,3.1,S,0,1004.3,6.3,Severe,No
Agargaon,roadside,119,Unhealthy for Sensitive Groups,29.8,76,15.7,NE,0,1005.3,9.7,High,No
Hazaribagh,industrial,208,Very Unhealthy,29.1,66,9.3,SE,0,1006.4,6.4,High,No
Mirpur,residential,58,Moderate,28.7,100,7.4,W,16.2,1005.7,11.2,Low,No
Mirpur,residential,106,Unhealthy for Sensitive Groups,28.5,56,8.2,E,0,1005.9,9.9,Medium,No
Hazaribagh,industrial,125,Unhealthy for Sensitive Groups,29.1,80,6.2,S,0,1007.3,9.1,Medium,Yes
Dhanmondi,roadside,270,Very Unhealthy,15.9,71,8.3,W,0,1017.3,4.4,Severe,Yes
Uttara,residential,79,Moderate,31.1,89,7.5,W,6.4,1000.7,9.9,Severe,No
Baridhara,background,164,Unhealthy,31.5,63,3.8,SE,0,1005.8,7.4,Severe,No
Agargaon,roadside,159,Unhealthy,32.2,77,4.2,S,0,1002.5,8.5,High,Yes
Dhanmondi,roadside,266,Very Unhealthy,25.6,75,1.7,N,0,1015.2,5.5,High,Yes
Uttara,residential,99,Moderate,28.7,79,13.3,W,0,1008.1,8.9,High,No
Old Dhaka,roadside,174,Unhealthy,28.1,75,5.1,N,0,1009.2,8.2,Medium,Yes
Gulshan,residential,130,Unhealthy for Sensitive Groups,28.9,82,14.2,SW,0,1007.1,9.9,Severe,Yes
Dhanmondi,roadside,107,Unhealthy for Sensitive Groups,28.2,77,6.2,N,0,1015.4,10,Medium,Yes
Uttara,residential,153,Unhealthy,19.2,69,4,NW,0,1015.3,10.1,Low,Yes
Motijheel,roadside,86,Moderate,29.9,84,6.3,N,32.5,1001.2,9.5,Severe,No
Mohammadpur,residential,118,Unhealthy for Sensitive Groups,28.4,61,8.7,SW,0,1005.3,11.8,Low,No
Agargaon,roadside,158,Unhealthy,29.1,71,2.7,NW,0.6,1009.6,10.2,Low,Yes
Dhanmondi,roadside,186,Unhealthy,18.9,66,1.9,W,0,1011.3,7.4,High,No
Gulshan,residential,267,Very Unhealthy,24.1,70,9.6,SW,0,1015.4,4.1,High,No
Mirpur,residential,109,Unhealthy for Sensitive Groups,31.6,70,5.3,SE,0.8,1003.9,10.4,High,No
Gulshan,residential,159,Unhealthy,16.8,78,13.4,N,0,1018.9,8.5,Medium,No
Mohammadpur,residential,97,Moderate,32.2,85,9.9,SE,0.1,1004,8.4,Medium,No
Mirpur,residential,260,Very Unhealthy,10,61,3.6,NW,0,1016.9,3.6,Medium,No
Dhanmondi,roadside,34,Good,33.5,98,22.9,SE,23,1004.9,11.7,High,No
Agargaon,roadside,202,Very Unhealthy,23.7,78,10.6,SE,0,1010.6,6.6,Severe,Yes
Jatrabari,industrial,110,Unhealthy for Sensitive Groups,30.9,74,2.1,S,0,998.6,9.5,High,No
Motijheel,roadside,175,Unhealthy,20.5,83,2.9,W,0,1016.9,8.5,Medium,Yes
Agargaon,roadside,500,Hazardous,22.9,81,0.3,N,0,1013.2,0.3,High,No
Jatrabari,industrial,255,Very Unhealthy,17.8,63,4.3,SW,0,1014.8,2.4,Medium,Yes
Motijheel,roadside,178,Unhealthy,11.5,67,15.3,N,0,1012.5,7.6,High,No
Agargaon,roadside,178,Unhealthy,29.4,81,1.5,SE,0,1004.9,7.4,Severe,No
Mirpur,residential,146,Unhealthy for Sensitive Groups,30.5,53,9.8,S,0,1009.1,8.6,High,No
Jatrabari,industrial,176,Unhealthy,11.8,73,18.9,N,0,1011.5,8.2,High,Yes
Baridhara,background,189,Unhealthy,19.2,77,4.5,N,0,1015.3,6.3,Medium,No
Old Dhaka,roadside,158,Unhealthy,24.3,83,6.6,E,0,1013.6,8.5,Severe,No
Agargaon,roadside,236,Very Unhealthy,21.3,70,3.8,S,0,1014.7,5.2,High,No
Mohammadpur,residential,128,Unhealthy for Sensitive Groups,30.4,76,4.3,N,0,1007,8.7,High,Yes
Mirpur,residential,110,Unhealthy for Sensitive Groups,35.9,59,12.5,W,0,1009.4,9.7,High,Yes
Dhanmondi,roadside,235,Very Unhealthy,18.1,85,8.3,NW,0,1014.3,4.6,High,No
Dhanmondi,roadside,138,Unhealthy for Sensitive Groups,28.1,72,7.3,NE,0,1010.8,8,Medium,No
Hazaribagh,industrial,299,Very Unhealthy,18.3,65,3.3,W,0,1017,2.6,Medium,No
Hazaribagh,industrial,69,Moderate,27.1,80,9.5,SE,0,999.5,11.4,Medium,Yes
Tejgaon,industrial,128,Unhealthy for Sensitive Groups,29.6,80,2,NW,3.9,1000.3,10,Severe,No
Hazaribagh,industrial,171,Unhealthy,28.9,76,7.9,SW,0,1006.7,6.9,High,Yes
Mohammadpur,residential,89,Moderate,31.1,83,3.7,SE,0,1007,10.6,Medium,No
Dhanmondi,roadside,100,Moderate,29.5,86,3.5,S,0,1002.3,9,High,No
Agargaon,roadside,165,Unhealthy,27.4,61,19.7,S,0,1009.6,8.4,Severe,Yes
Old Dhaka,roadside,216,Very Unhealthy,32.6,69,0.6,S,0,1004,5.2,Severe,Yes
Tejgaon,industrial,98,Moderate,30.8,76,6,S,0,1005.1,10.3,Medium,Yes
Mohammadpur,residential,94,Moderate,31.5,91,2.2,SE,0,1001.3,9.4,High,No
Old Dhaka,roadside,118,Unhealthy for Sensitive Groups,29.5,91,7.7,S,0,1005.4,9.7,Medium,No
Jatrabari,industrial,274,Very Unhealthy,13.1,70,2.9,W,0,1014.5,5,Medium,No
Mohammadpur,residential,161,Unhealthy,20.9,65,1.7,N,0,1012.3,8.4,High,No
Uttara,residential,90,Moderate,31,70,5.9,S,0,1009.7,10.8,Low,No
Mirpur,residential,179,Unhealthy,23.9,63,2.3,N,0,1015.1,7.1,High,Yes
Mirpur,residential,164,Unhealthy,31.1,68,3.7,N,0,1004.1,8.4,Severe,No
Mohammadpur,residential,131,Unhealthy for Sensitive Groups,18.8,69,7.5,S,0,1010.9,9.1,Low,No
Motijheel,roadside,99,Moderate,30.8,100,1.9,SE,9.9,1003,10.1,Medium,Yes
Jatrabari,industrial,122,Unhealthy for Sensitive Groups,28.9,75,0.8,E,0,1001.9,8.3,Severe,No
Gulshan,residential,91,Moderate,28.8,64,8,SW,0,1002.5,9,Medium,No
Jatrabari,industrial,94,Moderate,29.8,80,6,S,0,1002.6,8.4,Medium,Yes
Motijheel,roadside,331,Hazardous,15.8,56,2.8,NW,0,1014.6,1.4,Severe,No
Uttara,residential,163,Unhealthy,18.2,64,7.4,W,0,1015.9,8.4,Low,No
Dhanmondi,roadside,71,Moderate,33.5,75,18.7,SE,2.8,1003.8,9.2,Medium,Yes
Baridhara,background,136,Unhealthy for Sensitive Groups,29.6,71,5.1,W,0,1010.6,8.5,Low,No
Agargaon,roadside,95,Moderate,30.6,76,6.7,E,0,1003.3,11.2,High,No
Hazaribagh,industrial,99,Moderate,32.8,93,2.6,NW,0,1003.4,9.9,Severe,No
Jatrabari,industrial,32,Good,28.5,85,2,W,38.9,1004.7,10.3,Low,No
Tejgaon,industrial,145,Unhealthy for Sensitive Groups,34.5,94,6.2,SE,0,996.4,9.1,Medium,No
Mohammadpur,residential,75,Moderate,29.2,85,1.4,S,0,1000.9,10.7,Medium,No
Baridhara,background,58,Moderate,33.6,92,1.2,SE,20.4,1003.4,11.6,Severe,No
Jatrabari,industrial,494,Hazardous,26,68,6.4,N,0,1020.2,1.4,High,Yes
Mirpur,residential,185,Unhealthy,12.9,83,1.4,N,0,1018,7.2,Medium,No
Baridhara,background,80,Moderate,34.7,72,10.1,W,0,1010,9.6,Low,No
Mirpur,residential,61,Moderate,29.5,79,14.4,SE,9.5,1008.6,10.3,Low,Yes
Mohammadpur,residential,102,Unhealthy for Sensitive Groups,29,90,8.4,S,0,1001.8,11.5,Low,Yes
Baridhara,background,170,Unhealthy,32.3,68,1.9,S,0,1012.2,9.1,Medium,No
Gulshan,residential,145,Unhealthy for Sensitive Groups,15.5,68,16.7,N,0,1016.7,9.4,Medium,No
Dhanmondi,roadside,107,Unhealthy for Sensitive Groups,30.9,86,7,SE,0,999.5,11.1,Medium,No
Agargaon,roadside,241,Very Unhealthy,15.7,76,4.8,N,0,1010.7,4.7,Severe,Yes
Tejgaon,industrial,173,Unhealthy,27.4,61,4.6,N,0,1010.4,7.6,Medium,Yes
Jatrabari,industrial,298,Very Unhealthy,23.7,67,2.7,W,0,1016.7,3.1,High,No
Agargaon,roadside,138,Unhealthy for Sensitive Groups,32,73,3.1,E,22.6,1006.3,9.8,Severe,Yes
Agargaon,roadside,159,Unhealthy,30.1,70,0.6,N,0,1007.3,8.1,High,No
Dhanmondi,roadside,181,Unhealthy,20.9,61,1.5,N,0,1019.8,7.1,Medium,No
Agargaon,roadside,489,Hazardous,14.1,51,3.9,N,0,1015.1,2,High,Yes
Agargaon,roadside,175,Unhealthy,16.1,84,6.4,SW,0,1019.9,7.9,Low,No
Hazaribagh,industrial,223,Very Unhealthy,29.9,67,3.4,NW,0,1008.9,4.3,Severe,Yes
Dhanmondi,roadside,182,Unhealthy,33,80,8.9,W,0,1009.7,7.6,Medium,No
Gulshan,residential,86,Moderate,30.7,91,5.2,E,0.6,1001.4,7.9,High,Yes
Motijheel,roadside,361,Hazardous,20.9,64,4.4,N,0,1014.8,0.4,High,Yes
Hazaribagh,industrial,127,Unhealthy for Sensitive Groups,30.9,48,13.3,S,0,1007,8.8,Low,Yes
Agargaon,roadside,257,Very Unhealthy,16.2,66,5.8,NE,0,1014.8,4.7,Medium,No
Tejgaon,industrial,172,Unhealthy,30.7,78,7.2,NW,0,1012.6,8,Medium,No
Mirpur,residential,67,Moderate,28.7,89,24.6,S,2.7,1005.2,10.7,Medium,No
Mohammadpur,residential,179,Unhealthy,28,69,2.4,N,0,1017.2,8.6,Medium,No
Old Dhaka,roadside,163,Unhealthy,26.7,79,8.8,W,0,1009.3,9.9,Medium,No
Tejgaon,industrial,153,Unhealthy,32.4,69,10.2,S,6.1,1007,8.4,Severe,Yes
Dhanmondi,roadside,70,Moderate,28.9,93,9.1,SE,0,1004.5,10.3,High,Yes
Dhanmondi,roadside,182,Unhealthy,33.6,66,8.2,S,0,1007.2,8.1,Severe,Yes
Uttara,residential,171,Unhealthy,30.4,82,6.6,N,0,1007.8,7.9,High,No
Baridhara,background,166,Unhealthy,33.5,70,5.9,S,0,1009,7.4,Medium,No
Old Dhaka,roadside,193,Unhealthy,31.4,75,7.4,SW,0,1005,7.2,Severe,No
Gulshan,residential,135,Unhealthy for Sensitive Groups,25.9,71,10.2,NE,0,1011.5,10.2,Severe,No
Hazaribagh,industrial,197,Unhealthy,34.1,53,3.2,NE,0,1015.3,7.1,High,Yes
Uttara,residential,155,Unhealthy,24.5,76,3.5,NE,0,1012.8,8,Medium,No
Motijheel,roadside,357,Hazardous,22.1,68,6.3,NW,0,1016.6,3.2,High,No
Mohammadpur,residential,216,Very Unhealthy,20.2,61,5.9,NW,0,1018.7,6,Low,No
Jatrabari,industrial,262,Very Unhealthy,30.8,56,5.7,SW,0,1006.7,3.4,Medium,No
Agargaon,roadside,154,Unhealthy,31.5,63,9.9,N,0,1007.9,8.8,Medium,No
Tejgaon,industrial,197,Unhealthy,29.7,67,9.8,SE,0,1006.6,6,High,No
Motijheel,roadside,241,Very Unhealthy,20.5,71,16.1,NW,0,1017,5.6,Medium,Yes
Old Dhaka,roadside,96,Moderate,30.6,67,26.9,SE,9.9,998.7,10.8,Severe,No
Tejgaon,industrial,175,Unhealthy,28.4,56,21.4,N,0,1012.8,7.6,Medium,Yes
Gulshan,residential,73,Moderate,31.9,94,8.8,W,0,1002.1,10.2,Medium,No
Mohammadpur,residential,166,Unhealthy,28.3,76,9.4,NW,0,1012.5,8.1,Medium,No
Gulshan,residential,80,Moderate,31,85,8.6,S,0,1006.8,10,Low,Yes
Mohammadpur,residential,141,Unhealthy for Sensitive Groups,35.6,57,6.9,S,0,1004.8,8.1,Severe,No
Motijheel,roadside,179,Unhealthy,15.6,70,6.6,NW,0,1014.8,7.3,Medium,No
Gulshan,residential,184,Unhealthy,18.4,67,4.4,SW,0,1015.6,8.2,Low,Yes
Gulshan,residential,31,Good,26.6,80,7,SE,21.3,999.1,11.7,Medium,Yes
Jatrabari,industrial,144,Unhealthy for Sensitive Groups,32.4,56,7.3,NW,21.4,1005.1,8.9,Severe,No
Dhanmondi,roadside,196,Unhealthy,22,63,4.8,N,0,1010.5,5.7,High,No
Gulshan,residential,126,Unhealthy for Sensitive Groups,24.5,94,3.3,SW,0,1012.4,11,Medium,No
Old Dhaka,roadside,101,Unhealthy for Sensitive Groups,32.6,82,11.3,SE,0,1000,9.1,Severe,No
Old Dhaka,roadside,171,Unhealthy,25.2,84,7,NW,5.5,1014.1,8.4,High,Yes
Jatrabari,industrial,182,Unhealthy,30.1,66,4.5,SW,0,1008,7.1,High,Yes
Jatrabari,industrial,155,Unhealthy,27.3,76,5,NE,0,1010.5,9.8,Medium,No
Hazaribagh,industrial,181,Unhealthy,24.6,65,2.1,NE,0,1013.1,8,Medium,No
Tejgaon,industrial,254,Very Unhealthy,16,81,5.6,N,0,1016,5.6,High,Yes
Baridhara,background,111,Unhealthy for Sensitive Groups,27.7,81,10.2,NE,4.6,1010.4,10.4,Medium,No
Agargaon,roadside,207,Very Unhealthy,28.9,72,4.2,NE,0,1012.3,6.8,Severe,No
Baridhara,background,76,Moderate,32.4,65,12.4,S,0,1009.9,10.8,High,No
Baridhara,background,164,Unhealthy,21.1,79,4.8,E,0,1013.1,8.2,Low,Yes
Jatrabari,industrial,194,Unhealthy,32.9,45,6.2,SW,0,1005.9,7.9,High,Yes
Agargaon,roadside,111,Unhealthy for Sensitive Groups,29,87,3.9,SE,0,1005.2,10.3,Severe,No
Dhanmondi,roadside,172,Unhealthy,31.2,82,4.6,W,0,1014.5,8,Severe,Yes
Old Dhaka,roadside,156,Unhealthy,30.7,62,12.7,S,0,1004.6,9.7,High,No
Hazaribagh,industrial,233,Very Unhealthy,18.1,71,6.2,N,0,1012.9,6,High,Yes
Jatrabari,industrial,158,Unhealthy,32.4,89,3.4,SW,0,999.9,10.2,Medium,Yes
Uttara,residential,68,Moderate,28.9,75,9.3,SW,1.9,1002.6,10.5,Medium,No
Motijheel,roadside,149,Unhealthy for Sensitive Groups,31.8,75,8.4,S,0,1003.5,9.1,Medium,No
Gulshan,residential,55,Moderate,28.7,87,3,S,0,1002.1,10.4,Low,Yes
Agargaon,roadside,185,Unhealthy,33.3,77,1.8,E,0,1010.9,7,Medium,No
Uttara,residential,173,Unhealthy,27.1,71,1.6,NE,0,1013.5,7.7,Medium,No
Hazaribagh,industrial,89,Moderate,29.8,91,11.9,E,0,1002.2,9.7,High,Yes
Gulshan,residential,115,Unhealthy for Sensitive Groups,30.9,100,3,SW,7,1002.2,8.6,High,No
Mohammadpur,residential,65,Moderate,30,90,5.6,SW,0,1001.1,9.5,Low,No
Gulshan,residential,107,Unhealthy for Sensitive Groups,26.1,84,6.9,S,0,1015.2,9.5,High,No
Jatrabari,industrial,88,Moderate,30.2,87,8.5,S,0,1001,9.9,Severe,Yes
Dhanmondi,roadside,64,Moderate,29.9,100,8.5,SE,3.6,1002.1,8.9,Medium,Yes
Old Dhaka,roadside,240,Very Unhealthy,13.7,58,2,N,0,1013.5,5.3,Severe,Yes
Uttara,residential,77,Moderate,30.5,71,9,S,0,1004.4,9.1,Medium,No
Mohammadpur,residential,211,Very Unhealthy,18.9,71,3.9,NE,0,1012.2,5.6,Severe,No
Agargaon,roadside,272,Very Unhealthy,20.1,75,5.1,E,0,1015.4,4.1,High,No
Hazaribagh,industrial,178,Unhealthy,30.8,47,7.6,W,0,1004.7,7.2,Medium,Yes
Gulshan,residential,22,Good,29.4,85,6.2,SE,84.2,997.7,10.1,Medium,Yes
Dhanmondi,roadside,168,Unhealthy,29.2,77,9.9,E,0,1009.3,8.6,High,Yes
Dhanmondi,roadside,86,Moderate,31,91,11.7,W,8,1000.4,11.7,High,No
Tejgaon,industrial,159,Unhealthy,30.5,81,25.7,S,0,1012.3,9.2,High,Yes
Tejgaon,industrial,170,Unhealthy,32.2,54,18.2,S,0,1004.9,8.9,Low,Yes
Mirpur,residential,91,Moderate,29.6,76,1.7,SW,0,996.8,10,High,No
Jatrabari,industrial,171,Unhealthy,28.5,72,5.1,SW,0.4,1006,7.6,High,Yes
Gulshan,residential,86,Moderate,26,74,17.2,S,0,1007.4,8.5,Medium,No
Baridhara,background,114,Unhealthy for Sensitive Groups,32.3,81,4.7,N,0,1012.2,9.5,High,No
Agargaon,roadside,62,Moderate,30.5,80,5.1,SE,12.5,1002.4,11.3,Medium,No
Old Dhaka,roadside,217,Very Unhealthy,26.6,71,1.9,NW,0,1013.9,4.8,Severe,No
Dhanmondi,roadside,96,Moderate,28.4,77,2.4,NE,0,1002.8,9.6,Medium,Yes
Agargaon,roadside,189,Unhealthy,15.1,86,8,N,0,1010.4,4.3,Medium,Yes
Dhanmondi,roadside,196,Unhealthy,20.3,75,5.2,NW,0,1010,6.8,High,No
Tejgaon,industrial,221,Very Unhealthy,20.3,76,0.6,NW,0,1011.4,6.2,High,No
Gulshan,residential,223,Very Unhealthy,20.2,81,9.6,SW,0,1014.5,7,High,No
Gulshan,residential,143,Unhealthy for Sensitive Groups,31.5,76,16.2,SW,0,1009,8.9,Low,Yes
Mohammadpur,residential,163,Unhealthy,25.4,78,4.4,NW,0,1008.5,8.6,Low,Yes
Tejgaon,industrial,162,Unhealthy,27.3,67,7.4,W,0,1004.8,9.6,Low,Yes
Jatrabari,industrial,223,Very Unhealthy,27.7,88,13,E,0,1012.6,6.2,Severe,No
Dhanmondi,roadside,129,Unhealthy for Sensitive Groups,27.7,85,5.5,W,0,1001,8.8,Severe,Yes
Agargaon,roadside,167,Unhealthy,14.2,64,1,S,0,1015.5,8.4,Low,Yes
Motijheel,roadside,177,Unhealthy,17.7,86,8,SE,0,1015.2,5.1,Medium,No
Uttara,residential,103,Unhealthy for Sensitive Groups,28.1,71,11,NE,13.7,1007.9,10.1,High,No
Old Dhaka,roadside,142,Unhealthy for Sensitive Groups,33.6,71,7.5,W,0,1006.5,8.5,High,Yes
Tejgaon,industrial,265,Very Unhealthy,29.4,86,2.4,W,0,1008.8,3.7,Severe,Yes
Dhanmondi,roadside,172,Unhealthy,34.6,62,17.2,S,0,1011.7,8,High,No
Mohammadpur,residential,130,Unhealthy for Sensitive Groups,31.2,88,4.9,S,0,1003.4,9.1,High,No
Baridhara,background,76,Moderate,30.7,100,3.5,N,4.3,1002.7,11.3,Low,Yes
Motijheel,roadside,156,Unhealthy,33.3,67,5.7,NW,0,1007.3,9.3,Low,No
Tejgaon,industrial,231,Very Unhealthy,14.4,70,4.1,NW,0,1015.9,6.6,High,Yes
Mohammadpur,residential,143,Unhealthy for Sensitive Groups,26,90,8.1,E,0,1010.8,8.9,Medium,No
Baridhara,background,93,Moderate,30.2,73,27.1,N,0,1006.4,9.8,Medium,No
Dhanmondi,roadside,209,Very Unhealthy,29.2,77,2.6,E,0,1007.7,6.8,Severe,No
Mohammadpur,residential,169,Unhealthy,28.2,100,11.6,S,0,1004.2,8.3,High,No
Mohammadpur,residential,88,Moderate,31.4,84,5.5,SE,1.2,1004.3,10.8,High,No
Baridhara,background,88,Moderate,32.4,71,11.6,N,0,1002.7,9.6,Medium,No
Tejgaon,industrial,199,Unhealthy,29,91,5.9,NE,0,1009.5,7.9,High,Yes
Gulshan,residential,176,Unhealthy,21.8,78,3.4,NW,0,1014.3,7.5,Medium,Yes
Tejgaon,industrial,190,Unhealthy,34.8,79,13.2,SW,0,1007.8,6.1,High,Yes
Mirpur,residential,114,Unhealthy for Sensitive Groups,29.9,78,5.1,SW,5.3,1002.4,9,Medium,No
Mohammadpur,residential,95,Moderate,31,95,3.6,N,21.5,1001.8,10.1,High,Yes
Jatrabari,industrial,159,Unhealthy,29.2,69,12.6,S,0,1008.2,8.9,Low,No
Jatrabari,industrial,172,Unhealthy,28.3,79,3.5,S,0,1006.7,8.3,High,No
Old Dhaka,roadside,119,Unhealthy for Sensitive Groups,35.4,70,12.2,NW,0,1006.3,10.4,Medium,No
Old Dhaka,roadside,111,Unhealthy for Sensitive Groups,28.5,87,7,W,11.2,1004.6,10.8,Medium,No
Uttara,residential,37,Good,31.2,100,7.3,S,41.6,1006.4,10.8,Low,No
Dhanmondi,roadside,123,Unhealthy for Sensitive Groups,31,88,3.2,W,0,1005.8,9.4,High,No
Motijheel,roadside,184,Unhealthy,29.9,72,5.9,N,0,1012.6,6.3,Severe,Yes
Jatrabari,industrial,63,Moderate,27,77,4.9,S,8.6,1003.6,10.7,Severe,Yes
Tejgaon,industrial,248,Very Unhealthy,22.1,70,12.4,W,0,1016.1,5.2,High,No
Agargaon,roadside,104,Unhealthy for Sensitive Groups,29.9,74,2.4,S,0,1006.2,7.9,High,No
Baridhara,background,143,Unhealthy for Sensitive Groups,16.9,64,9.9,NW,0,1014,9.4,Low,Yes
Mirpur,residential,175,Unhealthy,18.1,68,10.4,NW,0,1014.1,9.1,Low,No
Mirpur,residential,60,Moderate,31.9,82,9.2,SW,22.7,1000.4,11.2,Medium,Yes
Tejgaon,industrial,103,Unhealthy for Sensitive Groups,32.8,74,18.4,E,14,1013.1,9.4,Severe,Yes
Motijheel,roadside,153,Unhealthy,30.7,62,6.3,S,0,1010.8,10.6,Medium,Yes
Baridhara,background,99,Moderate,24.2,58,4.9,N,0,1009.5,9.5,Medium,No
Jatrabari,industrial,274,Very Unhealthy,15.3,57,7,W,0,1012,3.9,Severe,No
Old Dhaka,roadside,500,Hazardous,21.6,70,4.2,NE,0,1014.5,1.4,High,Yes
Dhanmondi,roadside,250,Very Unhealthy,14.5,65,0.7,SE,0,1015.2,5.3,High,Yes
Gulshan,residential,215,Very Unhealthy,18.6,60,1.7,NE,0,1015.6,4.7,High,Yes
Old Dhaka,roadside,113,Unhealthy for Sensitive Groups,34.8,100,2.6,W,0,998.2,9.4,Medium,Yes
Old Dhaka,roadside,68,Moderate,30.8,92,11.4,SW,12,1000.2,8.8,Medium,No
Gulshan,residential,83,Moderate,31.3,85,6.7,W,0,1005,9,Severe,No
Baridhara,background,157,Unhealthy,15.3,72,7.8,NW,0,1016.5,7.9,Medium,No
Mohammadpur,residential,52,Moderate,27.8,83,12,NE,8.5,1000.3,11,Low,No
Tejgaon,industrial,311,Hazardous,21.8,60,4.2,NE,0,1017.4,1.5,Medium,No
Mirpur,residential,68,Moderate,29.5,93,8.3,SE,10,1004.4,10.9,Low,No
Hazaribagh,industrial,90,Moderate,32.1,92,2.3,SE,18.7,1007.6,12,High,No
Dhanmondi,roadside,251,Very Unhealthy,19.5,54,3,W,0,1014.5,4.1,High,No
Dhanmondi,roadside,173,Unhealthy,35.9,80,4.3,NW,0,1009.3,8.4,Severe,Yes
Uttara,residential,80,Moderate,29.1,88,6.8,W,0.6,1001.6,11.2,Low,Yes
Agargaon,roadside,171,Unhealthy,32,65,2.2,SE,0,1009.3,8.1,Severe,No
Gulshan,residential,69,Moderate,28.6,100,5.6,W,0,998.9,9.2,Low,Yes
Hazaribagh,industrial,141,Unhealthy for Sensitive Groups,32,100,3.6,SW,0,1002,9.5,High,No
Mohammadpur,residential,179,Unhealthy,20.9,67,16.5,E,0,1015.1,7.1,High,No
Agargaon,roadside,341,Hazardous,16,68,5.2,N,0,1018.3,1.2,Severe,No
Gulshan,residential,72,Moderate,29.6,82,10.8,SW,0.9,1000.7,10,Severe,No
Mirpur,residential,123,Unhealthy for Sensitive Groups,30.7,73,8.4,NW,0,1010.6,9.3,Medium,No
Jatrabari,industrial,90,Moderate,32.4,78,7.5,S,10.6,1003.3,7.8,Severe,No
Jatrabari,industrial,115,Unhealthy for Sensitive Groups,27.6,89,8.9,E,6.8,1000.5,8.4,Medium,Yes
Tejgaon,industrial,97,Moderate,29.3,100,8.4,S,0,1000,10.6,Low,No
Uttara,residential,187,Unhealthy,35.8,80,9.3,N,0,1011.7,6.1,Medium,Yes
Hazaribagh,industrial,190,Unhealthy,18.8,76,11.2,NW,0,1016.4,7.3,Low,No
Dhanmondi,roadside,163,Unhealthy,31.7,49,7.7,SE,0,1010,8,Medium,No
Hazaribagh,industrial,198,Unhealthy,29.8,63,2.7,W,0,1012.8,7,High,Yes
Agargaon,roadside,174,Unhealthy,23.9,87,8.6,NW,0,1010.7,8.1,High,Yes
Agargaon,roadside,158,Unhealthy,24.9,91,2.2,SW,0,1009.5,8.1,Medium,No
Old Dhaka,roadside,327,Hazardous,18.2,74,4.5,SE,0,1013.6,5.5,High,Yes
Old Dhaka,roadside,70,Moderate,32.3,83,4.7,S,18.3,1000.2,11.5,Severe,Yes
Tejgaon,industrial,117,Unhealthy for Sensitive Groups,32,96,5.8,SE,8.9,1000.2,9.7,Severe,Yes
Uttara,residential,225,Very Unhealthy,21.9,76,6.8,NE,0,1013,4.9,Severe,Yes
Dhanmondi,roadside,192,Unhealthy,18.9,79,6.4,SW,0,1017,8.6,Medium,Yes
Old Dhaka,roadside,51,Moderate,32.2,70,5.8,SE,42.8,999.6,9.9,Severe,Yes
Jatrabari,industrial,97,Moderate,29.9,88,4.3,E,3.8,1005.5,10.2,High,No
Tejgaon,industrial,65,Moderate,31.2,99,12.3,SE,16.5,1003.9,11.2,Severe,Yes
Old Dhaka,roadside,220,Very Unhealthy,22.5,74,7.1,N,0,1016.7,5.2,Severe,No
Uttara,residential,135,Unhealthy for Sensitive Groups,33.2,93,2,W,13.8,1002.6,10.8,High,No
Mohammadpur,residential,215,Very Unhealthy,19.2,70,1.6,N,0,1016,6,Medium,No
Tejgaon,industrial,265,Very Unhealthy,18.1,71,3.4,N,0,1013.9,5.7,Severe,No
Agargaon,roadside,101,Unhealthy for Sensitive Groups,32.5,96,1.3,SE,0,999.9,8.2,High,No
Baridhara,background,108,Unhealthy for Sensitive Groups,34.7,63,2.8,E,0,1005.9,9.2,Low,No
Gulshan,residential,153,Unhealthy,25.9,72,6,E,0,1007.7,7.4,Low,No
Dhanmondi,roadside,165,Unhealthy,28.5,64,9.8,S,5.9,1008.1,7.4,Severe,Yes
Gulshan,residential,195,Unhealthy,23.6,70,4.4,NW,0,1012.5,8.6,Low,No
Tejgaon,industrial,460,Hazardous,13.6,57,4.4,NW,0,1016.6,1.3,Severe,Yes
Motijheel,roadside,109,Unhealthy for Sensitive Groups,27.1,91,4.8,S,0,1003.7,10.3,Medium,No
Jatrabari,industrial,191,Unhealthy,18.4,69,2.9,NW,0,1015.6,5.3,Low,Yes
Hazaribagh,industrial,195,Unhealthy,19.4,77,7.7,SW,0,1013.7,6.1,Low,Yes
Uttara,residential,159,Unhealthy,28.4,51,12.4,SW,0,1004.9,9.5,High,No
Gulshan,residential,178,Unhealthy,19.8,77,4.3,SW,0,1013.2,8.9,High,No
Baridhara,background,127,Unhealthy for Sensitive Groups,30.5,96,2.5,S,0,999.7,9.3,Medium,No
Gulshan,residential,123,Unhealthy for Sensitive Groups,29.8,72,4.4,NW,0,1007,9.5,Medium,No
Jatrabari,industrial,315,Hazardous,26.1,70,4.6,N,0,1014.7,2,Severe,Yes
Mirpur,residential,66,Moderate,30.8,92,5.9,SE,13.6,1006.8,10.6,Low,No
Uttara,residential,162,Unhealthy,33.8,78,11,S,0,1011.6,8.3,High,Yes
Agargaon,roadside,74,Moderate,27.4,89,3.8,SE,3.7,1005.8,10.4,Severe,No
Hazaribagh,industrial,288,Very Unhealthy,13.9,75,6.6,SW,0,1014.5,4.2,Medium,No
Gulshan,residential,76,Moderate,30.8,98,6.5,E,0,998.5,11,Medium,No
Baridhara,background,118,Unhealthy for Sensitive Groups,25.5,76,16.1,W,0,1015.5,10.1,Medium,No
Tejgaon,industrial,177,Unhealthy,28.5,62,6.9,W,0,1006.4,9.3,Low,Yes
Tejgaon,industrial,174,Unhealthy,19.5,80,3,NW,0,1015.1,8.3,Medium,No
Hazaribagh,industrial,209,Very Unhealthy,23.9,77,11.8,NE,2.5,1012.1,7.9,Medium,Yes
Dhanmondi,roadside,235,Very Unhealthy,16.5,70,4.3,NW,0,1016.8,6.6,High,No
Uttara,residential,151,Unhealthy,27.5,79,6.9,W,0,1006.6,8.9,Medium,No
Mohammadpur,residential,158,Unhealthy,25.8,86,1.2,SW,0,1014.2,9.6,Severe,No
Tejgaon,industrial,162,Unhealthy,27.7,82,14.5,SW,0,1009.4,8.1,Severe,No
Tejgaon,industrial,238,Very Unhealthy,27.7,68,4.4,E,0,1005.6,4.9,Severe,No
Tejgaon,industrial,190,Unhealthy,26.3,82,3.1,N,0,1009.2,6.8,High,Yes
Hazaribagh,industrial,184,Unhealthy,28.2,79,8.9,SE,0,1010.4,6.9,Medium,No
Jatrabari,industrial,161,Unhealthy,31.1,96,3.7,SE,0,1002.1,8.3,High,Yes
Baridhara,background,61,Moderate,31.1,87,3.3,S,0,1001.6,11.3,Low,Yes
Dhanmondi,roadside,178,Unhealthy,15.8,66,1.8,NW,0,1013.2,7.3,High,No
Old Dhaka,roadside,173,Unhealthy,29.5,93,3.6,SW,0,1007.9,6.8,Severe,No
Dhanmondi,roadside,250,Very Unhealthy,21.5,65,2.7,NW,0,1021.8,2.9,Severe,No
Mohammadpur,residential,162,Unhealthy,19,65,7.6,NW,4.8,1016.6,9.5,Low,No
Gulshan,residential,181,Unhealthy,18.5,60,2.8,NE,0,1015.3,7.4,Medium,No
Baridhara,background,143,Unhealthy for Sensitive Groups,29.4,78,4.9,SW,0,1011.5,8.5,Medium,No
Old Dhaka,roadside,163,Unhealthy,27.5,90,3.3,SW,10.7,1006.8,7.4,Severe,Yes
Agargaon,roadside,80,Moderate,32.9,88,9.4,NE,0,1001.4,11.2,High,No
Jatrabari,industrial,174,Unhealthy,23,62,8.1,N,0,1013.5,6.5,Low,Yes
Baridhara,background,153,Unhealthy,30.4,68,7.1,S,0,1005.8,8.7,High,No
Mirpur,residential,117,Unhealthy for Sensitive Groups,31,83,6.2,W,0,1002.1,10.4,Medium,No
Mirpur,residential,152,Unhealthy,28,77,7,N,1.5,1000.9,8.1,Severe,No
Dhanmondi,roadside,215,Very Unhealthy,21.6,66,5.4,E,0,1010.5,5.4,Severe,No
Tejgaon,industrial,71,Moderate,28.9,72,11.1,SW,36.9,1004.5,9.8,Medium,No
Agargaon,roadside,128,Unhealthy for Sensitive Groups,31.2,80,9.5,NE,0,999.7,10,Severe,Yes
Agargaon,roadside,191,Unhealthy,34.4,80,0.3,SE,0,1009.9,7.2,High,No
Uttara,residential,114,Unhealthy for Sensitive Groups,29,71,3.1,S,0,999.6,10.4,High,No
Old Dhaka,roadside,371,Hazardous,29.2,83,0.8,N,0,1014.6,2.8,High,No
Baridhara,background,67,Moderate,30.9,82,7.8,SW,0,1001.6,11,High,No
Gulshan,residential,184,Unhealthy,16.4,77,1.7,NW,0,1009.6,7,High,Yes
Tejgaon,industrial,180,Unhealthy,25,80,6.8,NE,0,1008.3,8.4,Medium,Yes
Uttara,residential,81,Moderate,36.9,71,8.2,S,11.8,1007.5,12,Medium,No
Dhanmondi,roadside,197,Unhealthy,20.7,61,4.5,S,0,1014.7,6.9,High,No
Tejgaon,industrial,190,Unhealthy,29.6,62,6,E,0,1002.6,7.6,Severe,No
Baridhara,background,144,Unhealthy for Sensitive Groups,18.3,64,7.9,N,0,1017,9.1,Low,No
Motijheel,roadside,276,Very Unhealthy,20.5,70,6.6,S,0,1016.5,4.7,Severe,Yes
Mohammadpur,residential,62,Moderate,30,96,2.9,S,11.4,1007.8,10.3,Low,Yes
Jatrabari,industrial,67,Moderate,30.6,88,7.5,SE,0,1006.4,8.7,Medium,No
Gulshan,residential,113,Unhealthy for Sensitive Groups,31.4,71,5.3,NE,17.2,1008.9,10.5,High,No
Uttara,residential,98,Moderate,28.2,69,14.7,SE,0,1006.7,10,Low,No
Tejgaon,industrial,370,Hazardous,21.3,69,10.4,SW,0,1015.1,2.8,Severe,Yes
Baridhara,background,131,Unhealthy for Sensitive Groups,30.8,65,7.3,SE,0,1010.2,9.3,Severe,No
Old Dhaka,roadside,167,Unhealthy,29.8,68,23.7,S,0,1006.3,8.9,Severe,No
Mirpur,residential,177,Unhealthy,22.8,76,2.7,E,0,1018.4,7.1,Low,No
Tejgaon,industrial,151,Unhealthy,23.3,72,1.5,N,4.8,1011.7,9.9,Low,No
Hazaribagh,industrial,165,Unhealthy,21.1,75,12,N,0,1009,8.4,High,No
Mirpur,residential,175,Unhealthy,19.8,78,2.4,NE,0,1012.1,6.6,Medium,No
Baridhara,background,72,Moderate,29.8,89,2,S,0,1004.5,9.4,Low,No
Agargaon,roadside,69,Moderate,27.6,95,3.5,SW,16.1,1004.4,10.4,Low,Yes
Tejgaon,industrial,226,Very Unhealthy,13,81,3.2,S,0,1017.7,6,Severe,No
Gulshan,residential,110,Unhealthy for Sensitive Groups,33.5,74,1.2,SE,0,995.5,10.5,Medium,No
Gulshan,residential,169,Unhealthy,20.6,72,3.7,NE,0,1014.7,8.4,Medium,Yes
Jatrabari,industrial,241,Very Unhealthy,19.1,66,3,E,0,1018.1,6,Medium,No
Agargaon,roadside,195,Unhealthy,32.5,68,5.2,E,0,1007.4,7.9,High,No
Dhanmondi,roadside,159,Unhealthy,31.8,79,0.6,S,0,1003.4,7.8,High,No
Mohammadpur,residential,148,Unhealthy for Sensitive Groups,25.2,68,4,W,0,1013.6,7.6,Medium,Yes
Jatrabari,industrial,177,Unhealthy,28.1,66,26.4,N,0,1004.6,6.8,High,No
Gulshan,residential,151,Unhealthy,24,73,9.3,NE,0,1009.2,9.5,Medium,No
Gulshan,residential,161,Unhealthy,32.5,68,2.3,SE,0,1010.9,8.6,Medium,No
Jatrabari,industrial,171,Unhealthy,28,98,2.9,N,0,1013.2,6.1,Medium,Yes
Gulshan,residential,166,Unhealthy,30.1,64,3.6,E,0,1010.7,8.6,Medium,No
Jatrabari,industrial,172,Unhealthy,26.9,77,16.8,E,0,1012.5,8.4,Medium,No
Mohammadpur,residential,92,Moderate,31.3,85,5.2,SW,0,997.5,9.5,Low,No
Hazaribagh,industrial,165,Unhealthy,31.8,81,4.6,S,0,1000.4,8.9,Severe,No
Uttara,residential,151,Unhealthy,31.7,69,2.4,E,0,1006,9,Medium,No
Hazaribagh,industrial,217,Very Unhealthy,30,74,5.2,S,0,1006.6,5.1,Medium,Yes
Gulshan,residential,161,Unhealthy,20.8,58,3.7,NW,0,1014.5,6.6,Low,No
Uttara,residential,190,Unhealthy,16.3,77,5.2,N,0,1014.7,6.1,Low,No
Old Dhaka,roadside,155,Unhealthy,29.5,99,3.4,E,0,1000.9,8.8,Medium,No
Tejgaon,industrial,149,Unhealthy for Sensitive Groups,28.1,75,2.4,SW,0,1004.3,8.9,High,No
Agargaon,roadside,112,Unhealthy for Sensitive Groups,28.6,94,2.4,S,0,999.9,9.1,Low,Yes
Mirpur,residential,57,Moderate,29.6,85,12.1,SE,0,1008.7,10.4,Low,No
Uttara,residential,183,Unhealthy,17.3,53,9.7,NW,0,1011.5,7.9,High,No
Tejgaon,industrial,215,Very Unhealthy,16.3,60,8.9,S,0,1019.2,5.5,High,No
Agargaon,roadside,89,Moderate,27.7,86,4.7,E,0,1004.1,10.8,High,No
Dhanmondi,roadside,104,Unhealthy for Sensitive Groups,33.5,88,11.8,NE,0,1000.3,9.5,Medium,No
Jatrabari,industrial,62,Moderate,29.1,72,10.8,S,7.9,1002.6,10.9,Low,No
Agargaon,roadside,248,Very Unhealthy,20.2,70,6.2,NW,0,1017.1,5.5,Medium,No
Agargaon,roadside,167,Unhealthy,26.6,75,5.6,SE,0,1008.6,8.9,High,No
Tejgaon,industrial,235,Very Unhealthy,30.4,86,6.6,N,0,1006.2,6.3,Severe,No
Old Dhaka,roadside,427,Hazardous,19.6,67,1.6,W,0,1016,2.4,High,Yes
Tejgaon,industrial,198,Unhealthy,17.4,74,8,NW,0,1011.5,5.9,Low,Yes
Old Dhaka,roadside,123,Unhealthy for Sensitive Groups,29.2,94,0.9,SW,0,1004.6,9.6,Medium,Yes
Tejgaon,industrial,79,Moderate,31.6,92,5,SE,10.2,1004.7,9.7,Medium,No
Tejgaon,industrial,180,Unhealthy,19.6,85,4.5,SW,0,1007.6,7.7,Medium,No
Mohammadpur,residential,101,Unhealthy for Sensitive Groups,24.9,79,3.8,SE,0,1006.1,10.2,Medium,No
Motijheel,roadside,90,Moderate,29.8,84,11.2,SE,5.7,1001.2,10.4,Severe,No
Jatrabari,industrial,288,Very Unhealthy,18.5,72,1.6,N,0,1014.4,2.1,Medium,No
Hazaribagh,industrial,186,Unhealthy,37.3,62,3.3,S,0,1007,6.6,High,Yes
Motijheel,roadside,206,Very Unhealthy,26.2,87,5.3,N,0,1012.1,6.6,High,No
Mirpur,residential,88,Moderate,33.5,56,1.9,SW,17.5,1006.6,9.1,Medium,No
Motijheel,roadside,157,Unhealthy,31.5,74,3.6,NE,0,1011.3,9.7,Medium,No
Baridhara,background,56,Moderate,31.2,85,16,N,7.4,999.9,11.1,Medium,Yes
Uttara,residential,167,Unhealthy,16.6,74,8,N,0,1012.4,9,Medium,No
Uttara,residential,68,Moderate,27.7,90,17.8,SE,11.5,1003.5,10.8,High,No
Motijheel,roadside,93,Moderate,31.3,97,6.3,SE,0,1003.3,9.5,Medium,Yes
Hazaribagh,industrial,287,Very Unhealthy,24.8,71,8.3,N,0,1014.1,4,Severe,Yes
Tejgaon,industrial,103,Unhealthy for Sensitive Groups,32.4,62,13.3,SW,0.2,1004.4,11.7,Severe,Yes
Mohammadpur,residential,99,Moderate,32.2,84,1.7,SE,0,1005.9,9.9,High,No
Mirpur,residential,203,Very Unhealthy,28.1,67,2.8,N,0,1019.3,5.8,High,No
Old Dhaka,roadside,154,Unhealthy,33.1,72,5.4,W,0,1009.8,8.7,Severe,Yes
Uttara,residential,70,Moderate,28,76,24.1,NE,2.4,1003.6,10.8,Medium,No
Agargaon,roadside,65,Moderate,30.1,84,13.5,S,16.2,999.3,10.6,High,No
Jatrabari,industrial,88,Moderate,32.5,98,2.6,S,0,1005.2,10.2,Low,Yes
Hazaribagh,industrial,220,Very Unhealthy,26.4,79,13.3,N,0,1012.4,5.4,Severe,Yes
Baridhara,background,90,Moderate,30.8,70,3.5,NE,0,1008.4,9.7,Low,No
Mirpur,residential,155,Unhealthy,30.8,65,10.4,N,0,1008.8,10.3,Low,No
Baridhara,background,177,Unhealthy,20.2,52,3.7,W,0,1013.7,7.9,High,Yes
Jatrabari,industrial,164,Unhealthy,29.4,85,1,SW,0,1004.1,7.8,High,Yes
Gulshan,residential,197,Unhealthy,19.6,83,12.4,SW,0,1017.9,8.1,Severe,No
Agargaon,roadside,127,Unhealthy for Sensitive Groups,27.5,69,9.6,NE,0,1012.3,9.6,Severe,No
Mirpur,residential,63,Moderate,27.1,73,5.5,E,4.7,999.9,9.4,Low,No
Uttara,residential,136,Unhealthy for Sensitive Groups,29.9,63,9.4,N,0,1008.5,10,Severe,No
Gulshan,residential,166,Unhealthy,27.8,92,3.9,S,0,1003.4,8.3,Severe,Yes
Jatrabari,industrial,155,Unhealthy,29.3,99,3.5,SW,0,1000.2,8.9,Medium,No
Motijheel,roadside,231,Very Unhealthy,25,82,9.6,N,0,1010.1,5.2,Severe,Yes
Dhanmondi,roadside,176,Unhealthy,22.5,60,8.1,W,0,1019.8,7.8,High,No
Motijheel,roadside,148,Unhealthy for Sensitive Groups,29.6,78,16,NE,0,1015.1,6.5,Low,Yes
Motijheel,roadside,195,Unhealthy,21,84,8.3,NW,0,1013.6,5.7,High,No
Tejgaon,industrial,162,Unhealthy,27.7,83,8.3,W,0,996.9,9.5,High,No
Tejgaon,industrial,177,Unhealthy,26.8,79,9.1,SW,0,1014.7,7.7,Medium,No
Mirpur,residential,137,Unhealthy for Sensitive Groups,27.6,70,10,E,0,1012.3,9.5,Medium,No
Baridhara,background,141,Unhealthy for Sensitive Groups,18.5,58,6.9,N,0,1018.9,9.1,Low,No
Tejgaon,industrial,182,Unhealthy,28.6,86,8.4,N,0,1010.1,7.5,Medium,No
Mirpur,residential,159,Unhealthy,29.5,85,9.5,NE,0,1012.7,7.6,Medium,No
Mohammadpur,residential,127,Unhealthy for Sensitive Groups,32.2,52,6.8,SE,0,1004.7,10.3,Low,No
Mirpur,residential,99,Moderate,32.3,74,0.8,E,0.3,1004.7,11.5,Severe,Yes
Jatrabari,industrial,226,Very Unhealthy,27.6,70,4.9,S,0,1009.5,5,Severe,No
Mirpur,residential,199,Unhealthy,18.2,76,2.2,NE,0,1013.4,6.2,Medium,No
Mirpur,residential,62,Moderate,31.6,79,14.2,S,0,1001.8,9.7,Low,Yes
Motijheel,roadside,140,Unhealthy for Sensitive Groups,33.3,71,18.1,S,0,1005.6,7.7,Low,Yes
Gulshan,residential,213,Very Unhealthy,17.2,69,2.3,NE,0,1016.8,7.8,Medium,No
Dhanmondi,roadside,175,Unhealthy,27.9,79,3.9,E,0,1008.9,7.7,High,No
Baridhara,background,154,Unhealthy,30.3,72,6.5,W,0,1013.5,9,High,No
Gulshan,residential,130,Unhealthy for Sensitive Groups,22,80,2.6,SE,0,1012.4,8.5,Medium,No
Jatrabari,industrial,140,Unhealthy for Sensitive Groups,30.8,85,9,E,0,1001.1,9.1,Low,Yes
Old Dhaka,roadside,96,Moderate,27.7,88,2.3,SE,0,999.6,10.5,Medium,No
Gulshan,residential,153,Unhealthy,31.8,70,8.6,NW,0,1006.2,9.1,Medium,No
Old Dhaka,roadside,169,Unhealthy,27.2,66,12.4,SE,0,1006.5,7.9,Severe,No
Old Dhaka,roadside,154,Unhealthy,25.2,75,7.6,NW,0,1010.3,9.5,Medium,No
Tejgaon,industrial,75,Moderate,29.2,100,9.2,S,14.2,1000.8,9.9,High,No
Tejgaon,industrial,180,Unhealthy,32.2,81,3.7,SW,0,999.9,7.5,Severe,Yes
Hazaribagh,industrial,127,Unhealthy for Sensitive Groups,29.7,79,17.6,NW,0,1009.3,8.7,Medium,No
Mohammadpur,residential,163,Unhealthy,15.2,65,9.6,W,0,1018.5,8.3,Medium,No
Dhanmondi,roadside,204,Very Unhealthy,20.3,76,3.6,N,0,1012.8,5.1,Severe,No
Tejgaon,industrial,118,Unhealthy for Sensitive Groups,29.6,99,10.4,SE,2.7,1001.9,10.6,Medium,No
Agargaon,roadside,175,Unhealthy,33,65,4.8,E,0,1002.5,7,High,No
Old Dhaka,roadside,83,Moderate,28.2,80,10.6,SW,7.1,1000.6,10.2,High,No
Uttara,residential,152,Unhealthy,31.5,65,2.6,E,0,1011.9,8,Medium,Yes
Mohammadpur,residential,112,Unhealthy for Sensitive Groups,37.2,68,14.1,S,0,1010,8.6,Medium,Yes
Old Dhaka,roadside,93,Moderate,29.6,88,4.5,S,0.7,1003.5,10.1,Low,Yes
Gulshan,residential,82,Moderate,30.3,85,3.1,SE,0,999.1,9.8,Severe,No
Hazaribagh,industrial,159,Unhealthy,22.8,75,2.1,NE,0,1009.3,7.3,Medium,No
Jatrabari,industrial,290,Very Unhealthy,16,86,5.8,E,0,1013.7,2.4,Severe,No
Agargaon,roadside,108,Unhealthy for Sensitive Groups,30.8,83,1.3,SE,2.5,1004.6,10.6,Severe,Yes
Uttara,residential,178,Unhealthy,17.8,65,7,SW,0.6,1018.3,6.8,Low,No
Tejgaon,industrial,189,Unhealthy,28.5,85,4.4,NW,0,1011,6.5,High,Yes
Tejgaon,industrial,132,Unhealthy for Sensitive Groups,30.8,92,11.2,S,0,1004.3,9.9,Medium,No
Motijheel,roadside,198,Unhealthy,27.7,79,1.2,SE,0,1005.2,6.8,Severe,No
Agargaon,roadside,188,Unhealthy,29.5,93,5.4,N,0,1011.8,6.6,High,No
Dhanmondi,roadside,129,Unhealthy for Sensitive Groups,27.9,71,6.2,SW,5.1,1009.6,9.8,Medium,Yes
Tejgaon,industrial,187,Unhealthy,16.3,68,2.5,N,0,1019,7,High,No
Old Dhaka,roadside,102,Unhealthy for Sensitive Groups,31.6,53,3.3,W,27,1004.1,10.2,High,No
Jatrabari,industrial,185,Unhealthy,24.5,62,7.4,NW,0,1018.7,8.8,Low,No
Jatrabari,industrial,164,Unhealthy,24.5,80,1.9,E,0,1017.1,9.6,Medium,Yes
Dhanmondi,roadside,149,Unhealthy for Sensitive Groups,30.3,76,6.7,SW,0,998.5,8.6,Severe,No
Hazaribagh,industrial,113,Unhealthy for Sensitive Groups,30.3,72,1.8,E,5.7,998.1,9.3,High,No
Uttara,residential,166,Unhealthy,28.6,79,1.2,NE,0,1015.1,8.1,Medium,Yes
Mohammadpur,residential,73,Moderate,32.1,91,6.3,S,3.1,1001.1,10.8,High,No
Motijheel,roadside,157,Unhealthy,30,66,8.5,S,0,1006.6,8.8,Low,Yes
Uttara,residential,230,Very Unhealthy,22.5,77,2.5,NW,0,1018.1,5.9,Medium,Yes
Mohammadpur,residential,185,Unhealthy,34.3,73,10.2,SW,0,1005,6.7,Medium,No
Motijheel,roadside,153,Unhealthy,31.5,87,10.4,SW,0,1011.9,8.9,Severe,No
Motijheel,roadside,190,Unhealthy,28.3,95,8.1,NW,0,1007.8,6,Severe,Yes
Mirpur,residential,63,Moderate,30.3,100,6.3,SE,5.4,1004.4,10.6,Medium,No
Baridhara,background,129,Unhealthy for Sensitive Groups,17.3,76,9.2,NW,0,1017.4,8.7,Medium,No
Gulshan,residential,200,Unhealthy,13.9,66,5.2,S,0,1015.7,5.7,High,No
Motijheel,roadside,212,Very Unhealthy,26.3,78,2.4,S,0,1011.3,6.2,Severe,No
Baridhara,background,180,Unhealthy,19.4,83,7.1,W,0,1015.2,7.7,Medium,No
Tejgaon,industrial,82,Moderate,29.8,78,11.9,E,0,1001.8,9.7,Low,No
Old Dhaka,roadside,229,Very Unhealthy,32.5,80,2.2,SE,0,1007,5.5,High,No
Jatrabari,industrial,177,Unhealthy,27.4,67,5.8,N,0,1009.4,7.2,Low,No
Gulshan,residential,85,Moderate,29.7,87,3.1,SE,0,997.8,9.5,Medium,No
Agargaon,roadside,190,Unhealthy,32,72,5.7,SE,0,1015.8,6.5,High,No
Mirpur,residential,76,Moderate,31.8,74,5.7,SW,0,1002.7,10.5,Low,Yes
Uttara,residential,182,Unhealthy,32.5,66,3.3,S,0,1012.9,7.6,High,No
Uttara,residential,160,Unhealthy,32,78,7.1,NW,0,1007.9,6.8,High,No
Gulshan,residential,154,Unhealthy,26.1,72,6.1,SW,0,1011.3,10,High,No
Agargaon,roadside,79,Moderate,26.8,98,9.4,S,0,1003.8,8.4,Medium,No
Gulshan,residential,102,Unhealthy for Sensitive Groups,32.1,63,20.6,S,0,1004.1,8.9,Medium,No
Old Dhaka,roadside,94,Moderate,25.6,76,5.5,W,16.3,999.6,10.7,Severe,No
Mohammadpur,residential,193,Unhealthy,17.9,72,4.9,N,0,1014.7,6.6,Medium,No
Uttara,residential,192,Unhealthy,19,75,4.8,NW,0,1015.4,7.5,Low,Yes
Mohammadpur,residential,103,Unhealthy for Sensitive Groups,25.9,80,18.5,N,0,1013.8,10.1,Low,No
Uttara,residential,97,Moderate,33.9,86,4.5,SE,0,1002.4,9.2,Medium,Yes
Mohammadpur,residential,156,Unhealthy,25.4,83,4.1,N,0,1018.9,9.5,High,No
Tejgaon,industrial,237,Very Unhealthy,22.6,71,4.3,W,0,1008.5,5.7,High,No
Tejgaon,industrial,192,Unhealthy,24.7,74,1.8,W,0,1015.7,7.1,Severe,Yes
Baridhara,background,47,Good,33.5,76,9,W,4.2,1001.2,10.6,Medium,Yes
Jatrabari,industrial,86,Moderate,31.1,95,7.5,E,18.6,1003.9,11.9,Medium,No
Motijheel,roadside,249,Very Unhealthy,15.7,67,3.1,N,0,1018.2,4.6,High,No
Baridhara,background,122,Unhealthy for Sensitive Groups,27.1,75,7.2,N,0,1007.9,10.2,Low,Yes
Mohammadpur,residential,133,Unhealthy for Sensitive Groups,29.4,86,6.5,NW,0,1014.8,10.1,Low,No
Mirpur,residential,91,Moderate,28.9,100,2.9,SW,5,1004.1,10.9,Low,Yes
Hazaribagh,industrial,184,Unhealthy,31.4,70,10.1,S,0,1011.7,8.5,Severe,Yes
Jatrabari,industrial,118,Unhealthy for Sensitive Groups,30.6,84,1.4,NE,12.4,1002.4,9.5,High,Yes
Baridhara,background,152,Unhealthy,24.2,78,5.3,NW,0,1011.2,9,High,No
Old Dhaka,roadside,82,Moderate,29.5,81,3.5,E,22.3,1000.4,11,High,Yes
Old Dhaka,roadside,177,Unhealthy,24.4,75,12.5,E,0,1009.5,7.3,Severe,No
Motijheel,roadside,109,Unhealthy for Sensitive Groups,31.6,82,12.8,SW,3.3,1002.1,9,Severe,Yes
Uttara,residential,116,Unhealthy for Sensitive Groups,28.7,75,18,W,0,1008.7,10.1,Medium,No
Agargaon,roadside,124,Unhealthy for Sensitive Groups,31.7,67,4.2,SW,0,1009.1,8.7,Medium,Yes
Hazaribagh,industrial,171,Unhealthy,23.5,89,2.3,N,0,1008.7,7.8,Severe,No
Hazaribagh,industrial,237,Very Unhealthy,15,69,4.4,NW,0,1015,5.3,High,Yes
Hazaribagh,industrial,421,Hazardous,14.9,67,3,SW,0,1015.8,2.2,Medium,No
Hazaribagh,industrial,126,Unhealthy for Sensitive Groups,29.5,95,3.5,W,0,996.8,9.5,Medium,Yes
Old Dhaka,roadside,120,Unhealthy for Sensitive Groups,31.5,68,14.9,S,0,1009.4,10.1,High,No
Uttara,residential,147,Unhealthy for Sensitive Groups,27.9,77,10.4,NE,0,1010.6,10.3,High,No
Mohammadpur,residential,166,Unhealthy,12.8,70,7.9,N,0,1015.2,7.7,Low,Yes
Gulshan,residential,152,Unhealthy,30.6,80,1.6,SW,0,1010.8,9.2,Medium,Yes
Gulshan,residential,198,Unhealthy,16.4,72,6.1,N,0,1012.7,6.7,Medium,No
Jatrabari,industrial,152,Unhealthy,31,95,5.4,S,0,1000,9.2,High,No
Jatrabari,industrial,90,Moderate,29.5,83,10.3,SW,22,996.5,9.8,Severe,No
Tejgaon,industrial,156,Unhealthy,30.8,77,11.1,SE,0,1007,8.1,Medium,No
Old Dhaka,roadside,189,Unhealthy,29.1,70,8.6,S,0,1009.9,7.5,Severe,No
Mirpur,residential,194,Unhealthy,25,77,9.8,NE,0,1009.9,6.4,Low,No
Gulshan,residential,92,Moderate,27.7,93,7.6,E,0,999.6,10.3,Severe,No
Agargaon,roadside,104,Unhealthy for Sensitive Groups,26,70,1,W,6.1,1011.6,10.4,Medium,No
Mohammadpur,residential,93,Moderate,30.2,86,5.1,SW,0,1001,8.8,High,No
Tejgaon,industrial,468,Hazardous,18.1,78,2.8,NW,0,1014,1.5,Medium,Yes
Mohammadpur,residential,91,Moderate,28.6,94,3,SE,0,1002.6,9.3,Low,No
Gulshan,residential,189,Unhealthy,12.7,80,2.3,N,0,1019.8,5.3,Medium,No
Jatrabari,industrial,231,Very Unhealthy,16.6,71,3.3,S,0,1015.3,5.8,High,No
Jatrabari,industrial,217,Very Unhealthy,15.6,82,3,NE,0,1015.8,6,Medium,Yes
Old Dhaka,roadside,226,Very Unhealthy,24.9,65,6.4,W,0,1016.4,6,Medium,Yes
Dhanmondi,roadside,305,Hazardous,26.9,58,2.6,NW,0,1010.3,2.6,Severe,No
Motijheel,roadside,85,Moderate,29.9,83,9.1,W,0,1003,8.7,Severe,No
Hazaribagh,industrial,174,Unhealthy,14.1,80,8.4,NW,0,1011.3,8.5,Low,Yes
Motijheel,roadside,89,Moderate,31.3,76,9,SE,14.3,1002.2,9.6,Severe,No
Mohammadpur,residential,161,Unhealthy,24.5,66,5.4,E,0,1013.9,9.5,Medium,No
Baridhara,background,27,Good,29,71,9.6,SW,15.7,1001.1,10.3,Low,No
Tejgaon,industrial,182,Unhealthy,29.4,74,3.4,W,0,1009.9,8.4,Severe,No
Dhanmondi,roadside,158,Unhealthy,29.1,73,1.4,S,0,997.8,7.8,High,No
Motijheel,roadside,249,Very Unhealthy,17.8,74,7.1,S,0,1015.9,4.5,Severe,No
Uttara,residential,109,Unhealthy for Sensitive Groups,27.7,65,8.4,SE,0,1007.9,9.4,Medium,No
Gulshan,residential,92,Moderate,29.2,62,18.8,SW,0,1000.4,9.8,Low,No
Jatrabari,industrial,218,Very Unhealthy,29.5,70,9.2,E,0,1012.4,5.7,High,No
Dhanmondi,roadside,186,Unhealthy,26.9,80,4,SW,0,1003.7,8.4,High,No
Mohammadpur,residential,127,Unhealthy for Sensitive Groups,27.3,72,4.3,NE,0,1011.6,9.5,Low,No
Tejgaon,industrial,92,Moderate,26,85,7.1,N,17.7,1003.3,10.3,Severe,No
Mohammadpur,residential,71,Moderate,31.7,88,5.8,SE,8.2,1001.1,10.8,Medium,No
Jatrabari,industrial,168,Unhealthy,25.3,83,5.5,SW,0,1011.6,9,Severe,Yes
Gulshan,residential,181,Unhealthy,29.8,85,3.3,SE,0,1016.8,8.7,High,No
Jatrabari,industrial,186,Unhealthy,31.4,69,11.8,S,0,1005.8,7.6,Severe,Yes
Gulshan,residential,115,Unhealthy for Sensitive Groups,25.6,70,6.7,NW,0,1008.2,8.2,Medium,No
Dhanmondi,roadside,194,Unhealthy,22.8,82,4.7,NW,0,1016.3,7.3,High,No
Motijheel,roadside,71,Moderate,33.9,90,2.7,S,0,1002.6,9.1,Medium,No
Agargaon,roadside,192,Unhealthy,21.8,69,4.4,S,0,1018,7.4,Low,Yes
Gulshan,residential,246,Very Unhealthy,22,68,5.7,NE,0,1011,4.1,Low,No
Motijheel,roadside,80,Moderate,33.3,100,5.8,SE,34.7,995.9,10.3,High,No
Uttara,residential,181,Unhealthy,19.8,60,3.5,W,0,1012.9,7.3,Medium,No
Uttara,residential,253,Very Unhealthy,34.4,72,1.1,SE,0,1006.6,5.6,High,No
Jatrabari,industrial,78,Moderate,29.1,93,24.3,SW,11.8,1000.8,10.5,Medium,No
Old Dhaka,roadside,187,Unhealthy,28.8,75,2.6,SE,2.5,1009.8,5.6,Severe,No
Dhanmondi,roadside,174,Unhealthy,25.4,77,6.4,E,0,1006.4,8,High,No
Motijheel,roadside,127,Unhealthy for Sensitive Groups,29.1,82,3,SW,0,1002.6,10.4,Severe,No
Dhanmondi,roadside,169,Unhealthy,31.2,68,8.6,S,0,1006.4,8.2,Medium,Yes
Baridhara,background,162,Unhealthy,14.6,77,5.9,NW,0,1009.6,9.2,Medium,No
Mohammadpur,residential,62,Moderate,30.6,83,5.2,N,23.2,1001.3,10.5,Medium,No
Baridhara,background,165,Unhealthy,17.9,95,4.2,E,0,1014.7,4.7,Medium,No
Jatrabari,industrial,88,Moderate,26.4,81,4,S,0,1004.7,10.7,High,No
Dhanmondi,roadside,119,Unhealthy for Sensitive Groups,25.9,89,18.9,N,0,1009.7,9.1,Medium,No
Baridhara,background,66,Moderate,29.4,89,11.1,NW,0,1004.5,10.4,Medium,No
Tejgaon,industrial,105,Unhealthy for Sensitive Groups,31.5,86,7,S,0,1004.2,8,Medium,No
Jatrabari,industrial,131,Unhealthy for Sensitive Groups,30.5,97,4.3,SW,9.1,1000,9.3,High,No
Baridhara,background,143,Unhealthy for Sensitive Groups,30.6,65,8.1,E,0,1012.7,9.2,Medium,No
Hazaribagh,industrial,72,Moderate,32.3,71,11.6,SE,40.1,1009.9,10.3,Severe,No
Mohammadpur,residential,159,Unhealthy,29.6,62,3.4,SE,0,1009.8,8.5,High,Yes
Motijheel,roadside,248,Very Unhealthy,18.8,67,1.3,W,0,1015.9,4.6,Medium,Yes
Hazaribagh,industrial,145,Unhealthy for Sensitive Groups,29.4,81,4.3,E,0,1001.8,8.3,Severe,No
Mohammadpur,residential,175,Unhealthy,20.7,62,3,NW,0,1011.6,8.2,Low,Yes
Gulshan,residential,74,Moderate,30.1,72,2,S,1.4,1005,10.3,Medium,No
Old Dhaka,roadside,120,Unhealthy for Sensitive Groups,28.9,88,3.4,SE,0,998.4,9.6,High,No
Uttara,residential,194,Unhealthy,19,69,2,NW,0,1014.6,7.5,Low,No
Mohammadpur,residential,69,Moderate,30.8,83,13.7,SE,0,1004.7,11,High,No
Hazaribagh,industrial,209,Very Unhealthy,15.5,76,5.7,W,5.4,1012.5,5.2,Low,Yes
Dhanmondi,roadside,464,Hazardous,20.1,74,6.2,SE,0,1015,0.3,High,No
Old Dhaka,roadside,228,Very Unhealthy,13.5,68,7.8,W,0,1011.1,6.4,Severe,No
Tejgaon,industrial,251,Very Unhealthy,22.9,94,2.1,N,0,1014.1,4,High,Yes
Gulshan,residential,156,Unhealthy,28.3,86,6.8,W,0,1008.5,9.1,Severe,No
Baridhara,background,129,Unhealthy for Sensitive Groups,31.1,98,3.8,W,0,1009,8.9,Low,No
Tejgaon,industrial,92,Moderate,28,82,13.6,S,0,1003.4,10.5,High,Yes
Mirpur,residential,75,Moderate,32,87,12.4,W,0,1003.7,8.7,Medium,No
Dhanmondi,roadside,63,Moderate,31.7,75,15.4,S,1.4,1000.6,10.5,High,Yes
Dhanmondi,roadside,152,Unhealthy,26.5,75,2.5,NE,7.3,1011.7,7.9,Medium,No
Agargaon,roadside,71,Moderate,29.3,80,5.8,W,0,1000.9,10.6,Low,Yes
Mirpur,residential,180,Unhealthy,15.2,94,2.9,NW,0,1014.1,3,Medium,No
Agargaon,roadside,156,Unhealthy,27.6,79,3.8,SW,0,999.1,9.9,High,Yes
Dhanmondi,roadside,166,Unhealthy,25.1,76,3.3,NW,0,1009.7,8.1,Severe,No
Motijheel,roadside,184,Unhealthy,14.6,58,7.2,N,0,1010.1,7,Low,No
Tejgaon,industrial,195,Unhealthy,35,72,4.4,S,0,1012.3,6.5,High,Yes
Baridhara,background,101,Unhealthy for Sensitive Groups,27.2,61,3.8,NE,0,1010,10.9,Low,No
Hazaribagh,industrial,190,Unhealthy,31.4,75,4.3,S,0,1013.1,7.3,Medium,No
Gulshan,residential,78,Moderate,30.8,71,2.1,SW,21.6,1004.8,9.7,Medium,No
Uttara,residential,163,Unhealthy,31.9,67,4.4,NE,2.6,1007.8,9.1,High,Yes
Jatrabari,industrial,133,Unhealthy for Sensitive Groups,28.1,63,9.9,NE,2.4,1005.6,9.7,Medium,No
Motijheel,roadside,106,Unhealthy for Sensitive Groups,31.7,81,20.6,SW,0,1004.6,9.7,Medium,No
Agargaon,roadside,236,Very Unhealthy,17.4,68,3.5,N,0,1018.4,5.4,Severe,No
Mohammadpur,residential,54,Moderate,27.2,73,10.2,NW,30.1,1008.2,10.8,Medium,No
Uttara,residential,59,Moderate,29.5,81,17.2,SE,3.5,1003.4,10.6,High,No
Uttara,residential,72,Moderate,32.3,93,12.3,SW,0,1002.4,10.4,Medium,No
Mohammadpur,residential,174,Unhealthy,36.2,85,1.5,S,0,1006.9,8.7,Medium,No
Gulshan,residential,156,Unhealthy,24,81,3.8,E,0,1012.4,8,High,No
Hazaribagh,industrial,161,Unhealthy,25.9,61,16.5,SW,0,1008.2,8.2,Medium,No
Mirpur,residential,187,Unhealthy,21,71,7.4,W,0,1012.5,8.2,High,No
Agargaon,roadside,195,Unhealthy,33.7,65,12.9,S,0,1009.5,7.4,High,No
Gulshan,residential,160,Unhealthy,25.8,77,4.7,SW,0,1011.4,8.4,Low,Yes
Mirpur,residential,122,Unhealthy for Sensitive Groups,31.3,87,8,SW,0,1003.3,10.2,Medium,No
Baridhara,background,179,Unhealthy,23.9,57,3.8,N,0,1015.8,7.1,High,No
Mirpur,residential,52,Moderate,33,94,13,SW,33.1,1000.2,9.3,High,No
Dhanmondi,roadside,97,Moderate,34.7,76,5.9,SE,0,1010.2,8.8,High,No
Baridhara,background,167,Unhealthy,29.2,90,5.6,NE,0,1006.3,8.1,Medium,No
Tejgaon,industrial,155,Unhealthy,27.8,64,4.7,SE,0,1007.7,8.4,Medium,Yes
Tejgaon,industrial,231,Very Unhealthy,27,80,2.7,SW,0,1011.5,6.2,Severe,Yes
Uttara,residential,116,Unhealthy for Sensitive Groups,27.8,69,10.7,NW,0,1015,10.5,Medium,Yes
Mirpur,residential,148,Unhealthy for Sensitive Groups,18.7,70,9.3,SW,0,1016.7,9.5,Low,No
Mirpur,residential,119,Unhealthy for Sensitive Groups,29.9,88,3.9,S,0,996.5,9.5,Medium,Yes
Gulshan,residential,160,Unhealthy,24.5,65,5.9,W,0,1013.9,7.9,Low,No
Mirpur,residential,131,Unhealthy for Sensitive Groups,25.1,81,10,NW,0,1015.1,9.5,Low,Yes
Baridhara,background,43,Good,31.4,86,22.9,SE,15.9,1001.6,11.6,Medium,No
Tejgaon,industrial,185,Unhealthy,20.1,66,6.2,S,0,1012.2,7.6,Severe,Yes
Baridhara,background,113,Unhealthy for Sensitive Groups,16,81,9,SW,0,1014.9,9.7,Low,No
Baridhara,background,65,Moderate,28.3,66,13.7,E,0,1011.2,10.2,Medium,No
Mohammadpur,residential,107,Unhealthy for Sensitive Groups,22.7,79,8.7,W,0,1008.9,8,Low,No
Tejgaon,industrial,133,Unhealthy for Sensitive Groups,30.9,73,1.6,W,19.7,999.4,10.2,Severe,Yes
Baridhara,background,210,Very Unhealthy,18.8,74,5.7,N,0,1014.4,5.9,High,No
Gulshan,residential,193,Unhealthy,28.9,64,6,SE,0,1005.4,7.3,High,No
Dhanmondi,roadside,113,Unhealthy for Sensitive Groups,26.3,76,3.7,W,26.2,1008.8,8,Medium,Yes
Uttara,residential,95,Moderate,30.8,75,3,SE,0,1001.1,9.9,Medium,No
Mohammadpur,residential,275,Very Unhealthy,18.4,73,3.1,NW,0,1015.9,4,Medium,No
Hazaribagh,industrial,147,Unhealthy for Sensitive Groups,29.2,51,16.3,SW,0,1011.1,9.1,Medium,No
Dhanmondi,roadside,209,Very Unhealthy,24.6,83,2.3,NW,0,1008.6,7.2,Medium,No
Mirpur,residential,138,Unhealthy for Sensitive Groups,30.4,67,12.6,N,0,1009.6,9.4,Medium,Yes
Old Dhaka,roadside,89,Moderate,30.8,88,16.7,SE,6.4,1004.3,11.3,Severe,Yes
Mirpur,residential,158,Unhealthy,30.2,63,4.7,E,0,1003.9,8.3,Medium,No
Gulshan,residential,141,Unhealthy for Sensitive Groups,28,60,17.6,N,0,1010.4,8.1,Low,No
Mirpur,residential,80,Moderate,29.9,82,13.1,NE,17.5,998.9,10.1,Medium,No
Agargaon,roadside,185,Unhealthy,22.7,72,3.8,NW,0,1011.4,8.2,High,No
Hazaribagh,industrial,301,Hazardous,19.1,75,5.4,W,0,1012.9,1.8,Medium,No
Tejgaon,industrial,192,Unhealthy,27.2,80,2.9,E,0,1009,6.8,Severe,Yes
Motijheel,roadside,181,Unhealthy,26.2,71,4.9,NW,0,1010.1,6.9,High,Yes
Motijheel,roadside,102,Unhealthy for Sensitive Groups,28.4,100,30.3,N,0,999.2,10.8,Severe,No
Motijheel,roadside,466,Hazardous,15.8,73,5.1,SW,0,1016.4,3.3,Severe,No
Tejgaon,industrial,184,Unhealthy,13.2,65,3.3,W,0,1014.7,7.2,Medium,No
Hazaribagh,industrial,194,Unhealthy,23.1,73,1.2,NW,0,1015.5,5,Medium,No
Old Dhaka,roadside,173,Unhealthy,28.2,80,6.7,SE,0,1012.7,7.9,Medium,Yes
Mirpur,residential,125,Unhealthy for Sensitive Groups,27.2,77,2.5,N,0,1014.8,9.6,Medium,No
Dhanmondi,roadside,137,Unhealthy for Sensitive Groups,30.5,83,2.5,E,0,1000.9,8,Severe,Yes
Hazaribagh,industrial,223,Very Unhealthy,27.8,86,6.6,NW,0,1009.5,6.4,High,Yes
Dhanmondi,roadside,255,Very Unhealthy,16.4,84,2.6,N,0,1017,6,High,No
Gulshan,residential,79,Moderate,29.4,69,11.6,S,0,1005.1,11.2,Medium,Yes
Agargaon,roadside,191,Unhealthy,17.3,80,1.1,SW,0,1015.2,7.4,Medium,No
Motijheel,roadside,206,Very Unhealthy,37.3,68,10.8,SE,0,1007.2,7.3,High,Yes
Tejgaon,industrial,191,Unhealthy,29.6,80,14.4,NE,0,1010.5,7,High,Yes
Mohammadpur,residential,182,Unhealthy,27.4,89,7.1,N,0,1009.5,6.9,Medium,Yes
Mirpur,residential,219,Very Unhealthy,23.8,49,8.7,SE,0,1014,6.5,High,No
Dhanmondi,roadside,191,Unhealthy,23.3,77,2.9,N,0,1014.8,7.9,High,No
Mohammadpur,residential,60,Moderate,27.5,95,12.3,SE,3.1,1003.7,9.7,Medium,Yes
Hazaribagh,industrial,500,Hazardous,18.2,64,6.5,SE,0,1017.1,1.3,High,Yes
Baridhara,background,61,Moderate,30,74,7.6,SW,0,999.7,10.9,Low,No
Mirpur,residential,56,Moderate,31.1,98,14.8,N,0,1002.2,12,Low,No
Mohammadpur,residential,131,Unhealthy for Sensitive Groups,18.2,56,7.4,NW,0,1013.2,8.8,Medium,No
Hazaribagh,industrial,500,Hazardous,18.7,73,2.5,N,0,1014.4,1.5,High,Yes
Mohammadpur,residential,248,Very Unhealthy,17.4,78,3.7,N,0,1015.3,3.8,Medium,No
Dhanmondi,roadside,228,Very Unhealthy,29.6,81,13.2,E,0,1013.4,6.2,Severe,No
Old Dhaka,roadside,197,Unhealthy,27.4,73,3.5,SW,0,1006.6,6.5,Severe,Yes
Motijheel,roadside,117,Unhealthy for Sensitive Groups,29.2,83,3.1,SE,0,1003.1,8.6,Medium,No
Baridhara,background,62,Moderate,26.4,72,12.8,S,0,1004.3,9.8,Low,No
Hazaribagh,industrial,155,Unhealthy,28.1,79,5,E,0,999.2,10.1,Medium,Yes
Motijheel,roadside,207,Very Unhealthy,20.1,65,13.6,W,0,1014.4,6.4,Severe,Yes
Uttara,residential,169,Unhealthy,20.2,70,7.5,N,0,1023.3,6.8,Low,No
Dhanmondi,roadside,89,Moderate,29.4,73,5.4,E,0,1000,9.6,High,Yes
Hazaribagh,industrial,119,Unhealthy for Sensitive Groups,32,90,9,SE,0,1002.4,11.2,High,No
Dhanmondi,roadside,270,Very Unhealthy,23.7,50,2.9,N,0,1016,2.8,Severe,Yes
Tejgaon,industrial,142,Unhealthy for Sensitive Groups,30.8,71,23,E,0,1007.1,9.4,Medium,Yes
Motijheel,roadside,141,Unhealthy for Sensitive Groups,27.6,82,6,S,0,1009.5,11.5,Medium,Yes
Old Dhaka,roadside,371,Hazardous,17.4,64,4.1,NW,0,1016.4,0.8,Severe,No
Agargaon,roadside,345,Hazardous,21.2,60,3.3,S,0,1012.7,3.6,Severe,No
Mirpur,residential,158,Unhealthy,28,65,3.7,SE,1.6,1008,8.4,High,Yes
Tejgaon,industrial,447,Hazardous,25.3,75,2.7,N,0,1013.5,3,Medium,Yes
Tejgaon,industrial,135,Unhealthy for Sensitive Groups,32.1,88,4.3,SW,0,1004.5,9.4,Severe,No
Mirpur,residential,101,Unhealthy for Sensitive Groups,27.8,76,2.1,SW,0,997.5,10.3,Medium,No
Old Dhaka,roadside,71,Moderate,28.6,86,5.3,SE,2.7,1001.7,9.9,High,Yes
Mirpur,residential,67,Moderate,30.8,87,6.1,NE,11.3,999.2,9.7,High,No
Mohammadpur,residential,162,Unhealthy,30.2,70,10.1,N,0,1009.1,9,High,No
Baridhara,background,54,Moderate,31,77,3.8,S,13.5,1004.1,10.4,Low,No
Mirpur,residential,226,Very Unhealthy,17.7,71,2.6,SW,0,1008.4,5.5,Medium,No
Jatrabari,industrial,111,Unhealthy for Sensitive Groups,34.8,75,7.2,SE,0,1003.9,8.4,Medium,No
Gulshan,residential,94,Moderate,30,89,5.8,S,7.5,1004.3,8.5,Severe,Yes
Baridhara,background,85,Moderate,37.1,71,9.6,SE,8.1,1006.7,9.4,Medium,Yes
Agargaon,roadside,421,Hazardous,21.1,83,1.1,N,0,1016.5,1.6,High,No
Agargaon,roadside,160,Unhealthy,27.6,69,10.1,E,0,1007,9.5,High,No
Uttara,residential,83,Moderate,33.8,78,6.4,W,1.7,1002.4,10.3,Low,No
Baridhara,background,178,Unhealthy,22.8,63,0.7,NE,0,1017.5,8.2,Low,No
Old Dhaka,roadside,127,Unhealthy for Sensitive Groups,30.7,86,5.4,W,0,999,9,Low,No
Jatrabari,industrial,122,Unhealthy for Sensitive Groups,31.2,73,11.1,SE,0,1000.9,7.6,High,Yes
Hazaribagh,industrial,130,Unhealthy for Sensitive Groups,27.9,83,7,SW,0,999.4,10.3,High,No
Tejgaon,industrial,221,Very Unhealthy,12.7,74,4.2,SW,0,1015.7,7.7,Medium,No
Uttara,residential,168,Unhealthy,26.9,87,3.1,E,0,1007.7,7.9,Low,No
Agargaon,roadside,229,Very Unhealthy,23.8,58,1.1,N,0,1017.3,6,High,No
Mirpur,residential,131,Unhealthy for Sensitive Groups,28,79,5.2,S,0,1009.7,8.7,Low,No
Mirpur,residential,82,Moderate,33.1,84,12.8,S,0,1003.3,10.5,Low,No
Old Dhaka,roadside,286,Very Unhealthy,23.6,70,12.2,NW,0,1013.1,2.5,High,No
Motijheel,roadside,153,Unhealthy,30,86,3,W,4.4,1004,9.5,Medium,No
Uttara,residential,142,Unhealthy for Sensitive Groups,32.1,85,7.2,S,0,1005,11.5,High,No
Gulshan,residential,124,Unhealthy for Sensitive Groups,34.8,79,8.3,E,0,1008.9,9,Low,Yes
Motijheel,roadside,203,Very Unhealthy,30.8,78,5.4,E,0,1004.8,7,Severe,No
Baridhara,background,86,Moderate,29.6,100,13,S,0,1005.6,11.1,Low,No
Old Dhaka,roadside,147,Unhealthy for Sensitive Groups,30.3,85,7.7,S,3,1003.7,8.9,High,Yes
Dhanmondi,roadside,257,Very Unhealthy,21,75,1.8,S,0,1009.4,4.1,Severe,Yes
Motijheel,roadside,279,Very Unhealthy,20,62,4.3,NE,0,1015.7,3.2,Medium,Yes
Mohammadpur,residential,64,Moderate,31.3,81,11.6,SE,0,1005.8,9.8,Low,No
Dhanmondi,roadside,94,Moderate,30.3,91,2.6,S,5.1,999.8,8.5,High,No
Dhanmondi,roadside,51,Moderate,30.6,92,6.5,SE,28,999.7,9.5,Severe,No
Old Dhaka,roadside,170,Unhealthy,30.9,73,7.6,NE,0,1006.7,8.1,High,Yes
Tejgaon,industrial,143,Unhealthy for Sensitive Groups,26,63,8.5,NE,0,1003.5,9.7,Low,Yes
Motijheel,roadside,51,Moderate,33,80,10.5,S,33.3,1002.3,12,High,No
Tejgaon,industrial,158,Unhealthy,30.1,84,4.8,NW,4.9,1008.8,9.8,Medium,No
Gulshan,residential,131,Unhealthy for Sensitive Groups,16.8,63,13.6,NE,0,1015.4,8.3,Low,No
Agargaon,roadside,86,Moderate,32.4,96,8.3,SE,0,1000.2,9.5,Severe,No
Tejgaon,industrial,246,Very Unhealthy,22.4,73,16.3,W,0,1017.3,4.2,High,No
Old Dhaka,roadside,205,Very Unhealthy,20,64,3.5,NW,0,1014.6,6.7,Medium,No
Agargaon,roadside,225,Very Unhealthy,21.7,61,6.8,N,0,1013,5.5,Severe,No
Hazaribagh,industrial,123,Unhealthy for Sensitive Groups,27.9,79,0.3,S,14.9,1002.6,10.6,Medium,No
Old Dhaka,roadside,133,Unhealthy for Sensitive Groups,26.8,81,15.5,W,0,1014,8.4,Medium,Yes
Jatrabari,industrial,180,Unhealthy,34.2,61,9.6,S,0,1005.6,9.1,Medium,No
Mohammadpur,residential,176,Unhealthy,16.6,82,3.5,SW,0,1019,8.3,High,No
Old Dhaka,roadside,173,Unhealthy,24.5,76,1.5,NW,0,1011.2,8.6,Low,No
Baridhara,background,189,Unhealthy,19.3,76,6.3,W,0,1015.3,7.1,High,No
Old Dhaka,roadside,182,Unhealthy,27.3,83,3.5,SW,0,1011.3,7.1,Severe,Yes
Mirpur,residential,72,Moderate,31.2,98,12.6,SW,18.1,1000.6,10.4,High,No
Agargaon,roadside,195,Unhealthy,14.2,66,13.3,NW,0,1011.8,5.9,Medium,No
Gulshan,residential,129,Unhealthy for Sensitive Groups,24.6,69,8.7,S,0,1011.9,9.9,Low,No
Motijheel,roadside,178,Unhealthy,33.3,57,12.7,SE,6.1,1004.1,6.7,Severe,No
Uttara,residential,92,Moderate,28.1,86,5.5,S,0,1005.1,9.9,Low,No
Mirpur,residential,190,Unhealthy,16.9,79,0.6,N,0,1019.3,6.7,Low,No
Hazaribagh,industrial,129,Unhealthy for Sensitive Groups,21.5,80,7.1,NE,0,1009.2,9.2,Low,No
Agargaon,roadside,152,Unhealthy,31.8,100,10.8,NE,3.1,1003.5,8.9,High,Yes
Gulshan,residential,138,Unhealthy for Sensitive Groups,27.9,82,4.3,N,0,1012.7,9,Medium,No
Mirpur,residential,99,Moderate,27.8,74,1.3,SW,0,1012.7,9.8,Medium,No
Jatrabari,industrial,500,Hazardous,20.1,74,3.2,NW,0,1013.4,0.3,High,No
Hazaribagh,industrial,148,Unhealthy for Sensitive Groups,26.3,73,8.8,S,0,1001,8.4,High,Yes
Gulshan,residential,161,Unhealthy,24.5,72,4.2,E,0,1013,7.9,High,No
Motijheel,roadside,165,Unhealthy,29.9,58,6.6,NE,0,1002.9,7.8,Medium,No
Baridhara,background,163,Unhealthy,16.4,70,12.1,N,0,1010,9.3,Low,No
Old Dhaka,roadside,500,Hazardous,18,70,6.2,NW,0,1015.3,0.3,High,No
Mohammadpur,residential,170,Unhealthy,19.9,80,15.6,N,0,1014.7,7.8,High,No
Mirpur,residential,118,Unhealthy for Sensitive Groups,29.5,77,1.7,E,8.6,1011.4,8.9,Medium,No
Baridhara,background,108,Unhealthy for Sensitive Groups,27.3,60,2,S,0,1005.2,10.5,Low,No
Tejgaon,industrial,86,Moderate,30,97,10.2,S,0,1004,9.4,Severe,No
Jatrabari,industrial,137,Unhealthy for Sensitive Groups,28.8,54,10.5,E,11.1,1013.1,8.6,Medium,No
Uttara,residential,224,Very Unhealthy,15.8,70,7.2,W,0,1015.4,6.1,Medium,Yes
Hazaribagh,industrial,106,Unhealthy for Sensitive Groups,29.7,87,25,E,0,998.7,11.4,High,No
Motijheel,roadside,206,Very Unhealthy,20.6,70,12.4,E,0,1017.6,5.6,Medium,No
Agargaon,roadside,220,Very Unhealthy,19,74,10.4,E,2.1,1010.6,6.7,Medium,No
Hazaribagh,industrial,258,Very Unhealthy,21.4,71,2.8,E,0,1011.8,4.5,High,No
Mirpur,residential,108,Unhealthy for Sensitive Groups,31.2,72,4,SE,0,1008.9,9.8,Low,Yes
Mirpur,residential,117,Unhealthy for Sensitive Groups,30.2,63,16.4,E,0,1004.2,9.2,Medium,No
Jatrabari,industrial,176,Unhealthy,28.1,56,6.6,SW,0,1005.2,7.5,High,Yes
Gulshan,residential,208,Very Unhealthy,19.9,70,8.8,W,0,1015.3,6.5,High,No
Mirpur,residential,227,Very Unhealthy,19.3,62,4.3,SE,0,1017.3,6,Medium,Yes
Mohammadpur,residential,71,Moderate,28.2,79,1.5,SE,0,1003.5,8.8,High,No
Agargaon,roadside,164,Unhealthy,21,79,11.2,NW,0,1018.3,8.5,High,No
Jatrabari,industrial,176,Unhealthy,30.2,90,8.2,SE,3.9,1009.9,7.5,Low,No
Tejgaon,industrial,156,Unhealthy,25.3,87,3.5,SE,0,1008.8,8.4,Medium,No
Gulshan,residential,79,Moderate,28.7,93,0.9,SE,16,998.8,9.9,Medium,No
Dhanmondi,roadside,56,Moderate,28.6,85,21,S,0,1002.3,10.1,High,No
Old Dhaka,roadside,158,Unhealthy,27,93,12.1,SE,0,1002.7,8.7,High,Yes
Mirpur,residential,82,Moderate,33.6,88,10.9,SW,4.4,1008.1,10.1,High,No
Tejgaon,industrial,179,Unhealthy,25.9,94,9.8,SW,0,1012.5,8,Low,Yes
Uttara,residential,162,Unhealthy,24.9,71,2,W,0,1006.7,8.8,Medium,No
Baridhara,background,141,Unhealthy for Sensitive Groups,28.2,73,19.1,E,0,1009.9,9.2,Medium,No
Gulshan,residential,117,Unhealthy for Sensitive Groups,29.3,75,0.3,SE,0,999.9,9.6,Low,No
Old Dhaka,roadside,172,Unhealthy,25.3,83,2.9,SE,6,1007.7,7.7,High,No
Agargaon,roadside,173,Unhealthy,24,56,3.1,N,0,1017.6,7.4,Medium,No
Mirpur,residential,54,Moderate,27.8,75,4.2,E,18.8,1004.1,10.6,High,No
Jatrabari,industrial,89,Moderate,27.2,75,6.4,SE,0,1004.7,9.3,Medium,No
Motijheel,roadside,84,Moderate,31,87,11.6,E,0,1000.4,10.3,High,No
Hazaribagh,industrial,260,Very Unhealthy,30.7,71,2.8,S,0,1012.6,4.3,High,No
Agargaon,roadside,218,Very Unhealthy,18.2,90,1.3,N,0,1017.3,5.6,High,Yes
Mirpur,residential,205,Very Unhealthy,21,69,9.5,N,0,1012.6,6.8,High,No
Old Dhaka,roadside,85,Moderate,30.2,91,5.2,SE,4.3,1007.5,10,Severe,No
Motijheel,roadside,169,Unhealthy,26.9,79,3.1,N,0,1012.4,8.7,Medium,No
Mirpur,residential,135,Unhealthy for Sensitive Groups,23.5,84,14.6,SE,0,1011,8.8,Medium,No
Baridhara,background,86,Moderate,26.8,69,13.7,NE,0,1005.6,11.3,Low,Yes
Hazaribagh,industrial,207,Very Unhealthy,16.5,79,2.7,NW,0,1007,6.9,High,Yes
Tejgaon,industrial,125,Unhealthy for Sensitive Groups,28,77,0.7,SW,6.4,1003.9,9.4,Medium,No
Dhanmondi,roadside,112,Unhealthy for Sensitive Groups,30.5,65,7.9,S,0.3,1000.4,10.3,Medium,Yes
Baridhara,background,62,Moderate,26.8,88,3.9,SE,4.1,1001.4,11.5,Low,No
Agargaon,roadside,92,Moderate,29.9,54,13.4,S,0,1006.8,11,High,No
Baridhara,background,173,Unhealthy,18.4,80,9.1,W,0,1012.8,8.8,Medium,No
Mirpur,residential,86,Moderate,29.9,81,6.3,SW,0,1003.3,8.8,Low,No
Tejgaon,industrial,125,Unhealthy for Sensitive Groups,30.7,77,4.5,S,10.1,999.9,9,Medium,No
Hazaribagh,industrial,160,Unhealthy,30.2,90,7.2,S,0,1003,8.8,High,No
Gulshan,residential,199,Unhealthy,25.3,78,4.4,NW,0,1011.2,6,High,Yes
Baridhara,background,59,Moderate,32.2,83,9.5,SW,0,1000.5,9.1,Low,No
Mohammadpur,residential,218,Very Unhealthy,26.2,84,5.2,NW,0,1006.1,4.5,Medium,No
Gulshan,residential,102,Unhealthy for Sensitive Groups,34.5,75,10.7,S,0,1003.9,10.4,Medium,No
Motijheel,roadside,177,Unhealthy,30.2,77,6.7,NW,2.3,1007.4,5.9,High,Yes
Baridhara,background,79,Moderate,27,67,3,NW,0,1011.3,9.9,Low,No
Mirpur,residential,155,Unhealthy,26.7,82,6,W,0,1014.5,7.5,Medium,No
Baridhara,background,129,Unhealthy for Sensitive Groups,27.6,76,3.4,SW,0,1013.9,9.5,Medium,No
Hazaribagh,industrial,182,Unhealthy,26,71,12.4,S,0,1012.1,7.6,High,Yes
Hazaribagh,industrial,167,Unhealthy,31.2,68,10.1,SE,0,1005.2,9.2,High,Yes
Tejgaon,industrial,226,Very Unhealthy,24.4,56,3,W,0,1013.6,5.9,Medium,No
Dhanmondi,roadside,172,Unhealthy,33.6,75,10.5,SE,0,1008.1,8.5,Medium,Yes
Jatrabari,industrial,160,Unhealthy,29.6,76,7.4,E,0.2,1013.5,8.8,Medium,No
Gulshan,residential,117,Unhealthy for Sensitive Groups,27.6,64,9.2,SW,0,1008.4,7.9,Medium,No
Motijheel,roadside,120,Unhealthy for Sensitive Groups,27.9,84,4.5,SE,1.1,1000.8,8.5,Medium,No
Old Dhaka,roadside,184,Unhealthy,27.5,77,9.5,W,0,1011.5,8.8,Severe,No
Old Dhaka,roadside,163,Unhealthy,28.9,87,9.6,NE,0,1010.4,8.3,Medium,No
Gulshan,residential,148,Unhealthy for Sensitive Groups,25.7,69,2.8,W,0,1005.7,8.5,Low,Yes
Old Dhaka,roadside,93,Moderate,28.7,82,2.6,SE,0,1001.5,10.1,High,Yes
Motijheel,roadside,289,Very Unhealthy,34.5,66,5.4,N,0,1006,5.8,Severe,No
Agargaon,roadside,160,Unhealthy,28.7,69,8,S,0,1013,9.4,High,Yes
Gulshan,residential,166,Unhealthy,22.7,71,3.4,NW,0,1012.2,9.3,Medium,No
Motijheel,roadside,244,Very Unhealthy,17.5,64,6.9,S,0,1012.5,5.8,High,No
Jatrabari,industrial,156,Unhealthy,25.7,67,9.5,S,0,1013.6,9.2,High,No
Baridhara,background,70,Moderate,31.7,89,2.1,S,1.6,999.7,10.3,Medium,No
Old Dhaka,roadside,156,Unhealthy,29.5,97,11.9,S,0,1000.3,10,Severe,No
Mirpur,residential,229,Very Unhealthy,16.9,70,4.6,NE,0,1016.2,5.2,Severe,No
Old Dhaka,roadside,81,Moderate,28.4,84,22.2,SW,0,1003.8,8.7,High,Yes
Motijheel,roadside,153,Unhealthy,25.7,77,4.8,E,0,1014.5,8.8,Medium,No
Gulshan,residential,111,Unhealthy for Sensitive Groups,31.6,81,4.2,S,0,1001.1,9.6,Severe,No
Uttara,residential,104,Unhealthy for Sensitive Groups,27.2,77,9.8,S,0,1006.3,9.6,Medium,No
Old Dhaka,roadside,75,Moderate,31.1,86,9.2,SW,0,1001.6,9.7,Low,No
Gulshan,residential,127,Unhealthy for Sensitive Groups,25.2,61,19.5,S,0,1009.5,8.4,Medium,No
Mohammadpur,residential,177,Unhealthy,26.5,88,4.2,W,4.1,1012.1,7.3,High,No
Uttara,residential,119,Unhealthy for Sensitive Groups,30.6,76,6.8,SW,0,1006.2,9.2,Medium,No
Hazaribagh,industrial,80,Moderate,29.6,90,4.8,W,6.2,998.9,10.7,High,Yes
Tejgaon,industrial,206,Very Unhealthy,18,48,5.7,N,0,1010.6,6,Medium,No
Hazaribagh,industrial,175,Unhealthy,29.9,68,6.7,E,0,1006.7,8.3,Low,Yes
Mirpur,residential,207,Very Unhealthy,17,77,4.4,NE,0,1016.6,5.6,Medium,No
Gulshan,residential,40,Good,32.4,88,18.1,S,20.2,1000.3,10.4,Medium,No
Motijheel,roadside,152,Unhealthy,30,87,4.6,S,0,998.7,9.9,Severe,No
Motijheel,roadside,153,Unhealthy,30.7,75,9.9,S,5.3,1010.8,8.9,Severe,No
Jatrabari,industrial,190,Unhealthy,16.7,71,12.5,S,0,1014.1,7.5,Severe,No
Hazaribagh,industrial,438,Hazardous,17.6,80,3.9,N,0,1017.2,0.3,Severe,No
Jatrabari,industrial,458,Hazardous,16.8,71,4.5,NW,0,1017.6,1.9,High,No
Mirpur,residential,57,Moderate,31.4,86,6.5,SW,11.2,1005.8,11,Low,No
Baridhara,background,195,Unhealthy,16.4,77,2.1,SW,0,1014.9,6.7,High,No
Agargaon,roadside,191,Unhealthy,11.1,67,4.2,NW,0,1011.4,8.5,Severe,No
Tejgaon,industrial,255,Very Unhealthy,27.1,69,2.1,SE,0,1006.2,5,High,Yes
Agargaon,roadside,193,Unhealthy,18,70,15.6,W,0,1014.3,6.7,Medium,Yes
Tejgaon,industrial,204,Very Unhealthy,25.5,83,3.9,W,0,1015.2,7,Severe,Yes
Uttara,residential,64,Moderate,31.6,92,12.3,SE,0,1002.2,11.4,High,No
Mohammadpur,residential,97,Moderate,25.1,92,7.8,SE,0.5,1005.4,10.9,Low,No
Jatrabari,industrial,133,Unhealthy for Sensitive Groups,32.8,84,3.7,SW,0,999.6,9.7,Medium,Yes
Motijheel,roadside,251,Very Unhealthy,22.7,69,4.1,W,0,1018.6,4.3,Medium,No
Mirpur,residential,186,Unhealthy,25.4,73,3.5,N,0,1012.7,8.5,Medium,No
Gulshan,residential,95,Moderate,25.9,80,3.1,W,23.8,1011.3,9.5,Medium,No
Agargaon,roadside,151,Unhealthy,32.3,55,5.1,NE,0,1009.3,8.5,High,No
Hazaribagh,industrial,83,Moderate,31,85,8.7,S,21.6,1000.6,10.3,Medium,No
Jatrabari,industrial,95,Moderate,28.9,100,9.2,SE,0,1003.2,10.1,High,Yes
Mirpur,residential,159,Unhealthy,23,66,7,NW,0,1008.9,9.1,High,No
Motijheel,roadside,178,Unhealthy,32.3,79,6.7,NW,0,1009.5,7.3,Severe,Yes
Jatrabari,industrial,200,Unhealthy,22.3,73,6.6,W,0,1012.7,6.2,Severe,No
Motijheel,roadside,175,Unhealthy,27.4,82,3.6,SE,0,1008.8,8.9,Severe,Yes
Motijheel,roadside,156,Unhealthy,27.4,70,8,SE,0,1006.7,7.5,High,Yes
Mohammadpur,residential,61,Moderate,31.1,89,3.8,S,7.7,1007.7,10.2,Low,No
Gulshan,residential,172,Unhealthy,21.6,66,3.5,W,0,1012,8.7,Low,No
Baridhara,background,153,Unhealthy,21.8,67,1.2,E,0,1013.6,7.7,Low,No
Old Dhaka,roadside,178,Unhealthy,29.4,93,3.4,SE,2.4,997.8,7.6,Severe,No
Uttara,residential,166,Unhealthy,29.9,73,10.1,W,0,1005.6,8.1,Severe,No
Mirpur,residential,177,Unhealthy,26.6,70,7.6,N,0,1010.1,7.2,Low,No
Dhanmondi,roadside,70,Moderate,31.4,81,14,S,0,1005.6,9.5,High,No
Jatrabari,industrial,283,Very Unhealthy,22.5,73,2.8,NW,1.6,1011.8,4.3,High,No
Motijheel,roadside,102,Unhealthy for Sensitive Groups,27.6,72,3.8,S,0,999.3,11.4,Medium,No
Motijheel,roadside,500,Hazardous,16.6,76,2.1,SE,0,1014.4,0.3,Medium,No
Tejgaon,industrial,167,Unhealthy,27.4,84,7.2,NE,0,1014,8.4,Severe,No
Mirpur,residential,110,Unhealthy for Sensitive Groups,31.5,82,3.3,SW,0,1004.6,9,Low,No
Baridhara,background,32,Good,32.9,85,13.7,SE,12.6,1000.3,11.4,Low,No
Uttara,residential,111,Unhealthy for Sensitive Groups,30.3,69,5.1,SW,0,1003.3,10,Medium,No
Jatrabari,industrial,500,Hazardous,21.9,72,4.8,W,0,1013.4,0.3,Severe,No
Jatrabari,industrial,107,Unhealthy for Sensitive Groups,31.3,74,7.7,E,0,1003.7,7.9,Severe,No
Baridhara,background,87,Moderate,32.4,72,15.3,SW,0,1002.6,10.9,Low,No
Baridhara,background,70,Moderate,26.9,69,14,NE,5.7,1010.6,10.4,Medium,Yes
Baridhara,background,109,Unhealthy for Sensitive Groups,26,83,6.5,W,0,1008,10.2,Low,No
Agargaon,roadside,154,Unhealthy,28.1,76,10.6,SW,2.8,1000.8,8.6,High,No
Mohammadpur,residential,193,Unhealthy,15,60,2.5,NW,0,1016.3,6.8,Low,No
Jatrabari,industrial,87,Moderate,30.6,85,17,S,0,1001.8,10.4,High,No
Mohammadpur,residential,187,Unhealthy,18.8,70,7.9,NW,0,1016.7,6.5,High,No
Old Dhaka,roadside,154,Unhealthy,26,79,22.4,N,0,1014.1,9.2,Medium,No
Tejgaon,industrial,140,Unhealthy for Sensitive Groups,32.7,61,7.7,NE,16,1016.3,9.6,High,Yes
Baridhara,background,152,Unhealthy,26.5,80,3,W,0,1013.3,8.9,Medium,No
Agargaon,roadside,187,Unhealthy,28.7,70,6,S,0,1008.5,7.5,High,No
Old Dhaka,roadside,175,Unhealthy,18.1,79,9.8,W,0,1013.4,7.8,Low,Yes
Jatrabari,industrial,181,Unhealthy,29.1,79,13.3,W,0,1013.2,6.4,High,No
Hazaribagh,industrial,72,Moderate,28.2,80,21.6,S,0,1005.9,10,High,No
Gulshan,residential,166,Unhealthy,27.5,67,3.1,NE,0,1009.3,9.4,High,No
Mirpur,residential,165,Unhealthy,26.9,66,1.8,N,0,1009.6,8.7,Severe,No
Tejgaon,industrial,85,Moderate,28.6,88,6.4,SE,8.2,1000.4,8.5,Medium,Yes
Baridhara,background,148,Unhealthy for Sensitive Groups,30.3,74,3.8,E,0,1003.7,10,Medium,No
Mohammadpur,residential,110,Unhealthy for Sensitive Groups,27.2,78,12.4,NE,2.8,1002,9,High,No
Gulshan,residential,161,Unhealthy,27.3,80,4.7,E,0,1007.6,8.5,Severe,No
Dhanmondi,roadside,172,Unhealthy,23.6,77,4.4,N,0,1010.8,8.8,Medium,No
Dhanmondi,roadside,178,Unhealthy,33.7,74,6.3,W,0,1007.8,7.9,Severe,No
Dhanmondi,roadside,79,Moderate,29.8,92,5.2,S,0,1002.7,10.4,Severe,Yes
Old Dhaka,roadside,329,Hazardous,17,52,1.7,NW,0,1013.8,5.1,High,No
Motijheel,roadside,101,Unhealthy for Sensitive Groups,32.1,93,3.6,SW,22.8,998.1,10.1,Medium,Yes
Mohammadpur,residential,185,Unhealthy,24.4,80,8.4,S,1.3,1014,7.3,Severe,No
Mirpur,residential,149,Unhealthy for Sensitive Groups,25.1,74,2.4,NW,0,1006.6,7.8,Low,Yes
Tejgaon,industrial,135,Unhealthy for Sensitive Groups,26.4,64,11.7,W,0,1007.3,8.7,Low,No
Gulshan,residential,89,Moderate,34.3,68,8.4,SW,9.4,1010.7,11.4,Medium,Yes
Baridhara,background,190,Unhealthy,25.6,66,9.8,N,0,1015.2,6.5,Severe,No
Dhanmondi,roadside,244,Very Unhealthy,13.1,63,5,E,0,1018.2,6.3,Severe,No
Mirpur,residential,112,Unhealthy for Sensitive Groups,29,62,4.3,S,0,1008.3,8.5,Medium,No
Dhanmondi,roadside,182,Unhealthy,27.2,70,2.9,SE,0,1007.5,6.7,Medium,No
Baridhara,background,153,Unhealthy,29.7,79,2,E,0,1010.3,7.5,Medium,No
Agargaon,roadside,164,Unhealthy,30.9,68,4.5,N,0,1005.5,8.8,Medium,No
Agargaon,roadside,99,Moderate,29.8,100,5.9,SE,5.7,1000.9,9.6,High,Yes
Uttara,residential,159,Unhealthy,20.4,73,10.6,SW,0,1016.7,8.1,Medium,Yes
Motijheel,roadside,329,Hazardous,15.6,75,7.8,N,0,1012.6,2.8,Medium,No
Motijheel,roadside,161,Unhealthy,27.5,70,4.3,NE,0,1013.3,8.7,Severe,No
Dhanmondi,roadside,230,Very Unhealthy,15.1,68,2.3,W,0,1016.1,5.8,High,Yes
Mohammadpur,residential,146,Unhealthy for Sensitive Groups,30,69,10.5,SW,0,1011.1,5.8,Medium,Yes
Jatrabari,industrial,94,Moderate,26.9,80,4.3,S,0,1004.9,10.6,Low,No
Dhanmondi,roadside,236,Very Unhealthy,17.6,66,2.4,NW,0,1014.5,6.1,High,No
Uttara,residential,162,Unhealthy,17,73,6.9,N,0,1014,8.9,Medium,No
Dhanmondi,roadside,222,Very Unhealthy,22.3,74,2.6,W,0,1013.2,6,Severe,Yes
Baridhara,background,72,Moderate,30.9,57,13.2,E,0,1006.4,11.1,Low,No
Dhanmondi,roadside,175,Unhealthy,27.3,80,1.4,S,0,1008.7,8.1,High,No
Gulshan,residential,176,Unhealthy,30.9,72,4,E,0,1006.2,8.8,Medium,No
Mirpur,residential,167,Unhealthy,25.7,63,3.8,E,0,1003.8,8.4,Medium,No
Hazaribagh,industrial,144,Unhealthy for Sensitive Groups,26,62,12.5,SE,0,1004.6,7.6,High,No
Mirpur,residential,156,Unhealthy,26.2,82,5.3,N,0,1014.4,8.1,Medium,No
Old Dhaka,roadside,232,Very Unhealthy,20,49,8,N,0,1011.6,6.9,High,No
Old Dhaka,roadside,174,Unhealthy,26.4,78,2.3,E,0,1007.4,7.2,High,Yes
Motijheel,roadside,156,Unhealthy,28.8,81,12,SE,0,1005.2,8.6,High,No
Agargaon,roadside,202,Very Unhealthy,26.4,57,7.9,NW,0,1014.4,8,High,No
Uttara,residential,110,Unhealthy for Sensitive Groups,30.2,75,4.1,E,0,1004.6,9.8,High,No
Baridhara,background,171,Unhealthy,21.7,74,2.8,N,0,1014.2,9.2,Low,No
Gulshan,residential,66,Moderate,31.3,73,3.9,E,0,1002.7,9,High,Yes
Tejgaon,industrial,198,Unhealthy,17.1,74,13.8,N,0,1016.3,7.2,Medium,No
Motijheel,roadside,72,Moderate,29.9,93,6.4,SW,8.8,1001.7,10.4,Medium,No
Agargaon,roadside,70,Moderate,30.5,76,2.6,SW,21,1003,10.6,Low,No
Dhanmondi,roadside,114,Unhealthy for Sensitive Groups,30.8,79,3.8,SE,21.6,1004.4,9.6,Severe,No
Gulshan,residential,153,Unhealthy,24.8,70,18.8,NE,0,1011.8,9.8,Low,Yes
Hazaribagh,industrial,100,Moderate,29.9,93,7.5,E,16.5,1000.3,10.5,Medium,No
Old Dhaka,roadside,182,Unhealthy,33.9,64,6.5,NE,0,1004.9,7.4,Medium,No
Jatrabari,industrial,213,Very Unhealthy,24.1,78,1.4,NW,0,1010.1,6,High,No
Mohammadpur,residential,83,Moderate,28.9,80,3.4,S,0,1005.1,11.1,High,Yes
Mohammadpur,residential,82,Moderate,26.2,85,13.9,S,2.1,1004.4,9.1,Low,No
Dhanmondi,roadside,162,Unhealthy,27.4,86,6,W,0,1010.8,8.2,Low,No
Old Dhaka,roadside,57,Moderate,31.2,86,3.5,E,28.9,1004,10.9,High,Yes
Gulshan,residential,60,Moderate,25.4,82,24.8,SE,0,1007.3,11.3,Medium,No
Hazaribagh,industrial,230,Very Unhealthy,19.7,70,5.5,NW,0,1011.9,5.2,High,No
Gulshan,residential,56,Moderate,31.1,79,28.5,NE,0,1000.3,9.5,Low,No
Mohammadpur,residential,157,Unhealthy,32.4,60,3.3,SW,0,1006.3,9.1,Medium,Yes
Baridhara,background,198,Unhealthy,14.8,80,1.7,SW,0,1015.9,7.1,High,No
Motijheel,roadside,168,Unhealthy,28.9,91,4.9,SW,0,1012.3,7.8,Medium,No
Old Dhaka,roadside,307,Hazardous,19,56,1.3,N,0,1012.3,2.9,Severe,No
Hazaribagh,industrial,96,Moderate,31.1,90,5,SW,0,1002.4,10.5,High,No
Jatrabari,industrial,424,Hazardous,18.6,77,7.1,NW,0,1017.1,1.6,Severe,Yes
Gulshan,residential,162,Unhealthy,32,58,10,W,0,1003.9,7.8,High,No
Gulshan,residential,180,Unhealthy,29.8,74,5.8,W,0,1011.4,8.2,Low,No
Agargaon,roadside,194,Unhealthy,18.3,65,2.6,S,0,1013.5,6.6,High,No
Mohammadpur,residential,22,Good,30.5,100,12.1,SE,71,998.4,10.6,Medium,No
Mirpur,residential,51,Moderate,32.2,98,5.9,S,24.8,1004.5,10.3,High,No
Jatrabari,industrial,233,Very Unhealthy,26.7,71,0.7,SW,0,1012.2,6.6,Medium,Yes
Motijheel,roadside,204,Very Unhealthy,15.1,58,2.3,SW,0,1012.8,6.8,Severe,No
Uttara,residential,82,Moderate,31.2,91,3.2,S,0,1004.3,10.2,Medium,No
Jatrabari,industrial,116,Unhealthy for Sensitive Groups,34.6,72,14.9,NE,0,1012.3,8,High,No
Motijheel,roadside,190,Unhealthy,34.2,78,3.5,S,0,1007.3,8.8,Severe,No
Motijheel,roadside,172,Unhealthy,32.8,60,9.7,SE,0,1003.5,7,High,No
Agargaon,roadside,188,Unhealthy,25.1,74,1.5,SE,0,1006.2,7.3,High,Yes
Mohammadpur,residential,89,Moderate,28.9,79,9.6,SE,0,997.1,8.7,High,No
Mohammadpur,residential,174,Unhealthy,17,75,1.3,W,0,1014.7,7.5,Medium,Yes
Motijheel,roadside,166,Unhealthy,31.1,68,14.6,SW,0,1006,7.6,High,Yes
Gulshan,residential,83,Moderate,33,100,5.9,SW,0,1004,12,Medium,Yes
Mirpur,residential,120,Unhealthy for Sensitive Groups,28.3,72,12.2,SW,0,1005.5,10,Low,No
Agargaon,roadside,184,Unhealthy,26.8,67,4.1,NW,0,1017.2,7,Medium,Yes
Gulshan,residential,146,Unhealthy for Sensitive Groups,30,69,4.5,N,5,1005,9.7,Medium,No
Tejgaon,industrial,169,Unhealthy,29.1,67,1.9,W,18.6,1006.7,8.6,Severe,No
Baridhara,background,55,Moderate,31.5,76,1.2,E,9.1,998.5,9.9,Low,Yes
Gulshan,residential,97,Moderate,29.3,93,3.1,S,0,1008.3,10,Low,No
Motijheel,roadside,130,Unhealthy for Sensitive Groups,31.2,98,6.5,NW,3.9,1004,9.7,High,No
Jatrabari,industrial,94,Moderate,28.6,84,2.4,S,0,1004.7,9.9,Severe,Yes
Mohammadpur,residential,159,Unhealthy,20.8,76,15.1,W,0,1013.4,8.7,High,No
Mirpur,residential,133,Unhealthy for Sensitive Groups,24.4,94,11.8,N,0,1012.3,9.7,High,No
Gulshan,residential,111,Unhealthy for Sensitive Groups,29,78,6.5,N,0,1008.9,10.4,Medium,No
Mirpur,residential,152,Unhealthy,30.8,66,18.3,SE,0,1004.3,9.6,Medium,No
Agargaon,roadside,325,Hazardous,16.1,69,4.3,W,0,1016.1,2.7,Severe,No
Baridhara,background,185,Unhealthy,22.7,56,1.8,N,0,1015,6.8,Low,No
Dhanmondi,roadside,73,Moderate,29,91,5.3,S,0,1002.9,9.8,Low,Yes
Uttara,residential,258,Very Unhealthy,18.2,80,7.4,N,0,1014.7,5.6,High,No
Mohammadpur,residential,169,Unhealthy,15.9,80,2.6,NE,0,1009.7,7.1,Medium,No
Agargaon,roadside,217,Very Unhealthy,22.6,76,13.1,SW,0,1015.4,4.6,Severe,No
Dhanmondi,roadside,170,Unhealthy,25.3,81,3.4,N,0,1010.6,9,Medium,Yes
Motijheel,roadside,141,Unhealthy for Sensitive Groups,32.1,77,11.1,S,0,1001.2,9.8,Medium,No
Gulshan,residential,129,Unhealthy for Sensitive Groups,29.7,81,4.3,NE,11.9,1006.9,8.2,Medium,No
Mirpur,residential,222,Very Unhealthy,25.9,73,2.6,S,0,1013.5,4.9,High,No
Old Dhaka,roadside,179,Unhealthy,27.1,82,1.7,NE,0,1011.1,8.1,Severe,No
Uttara,residential,159,Unhealthy,29.8,62,13.3,N,0,1001.9,7.6,High,No
Mohammadpur,residential,239,Very Unhealthy,20.9,74,5.9,NW,0,1018.4,5.9,Medium,No
Baridhara,background,127,Unhealthy for Sensitive Groups,30.5,79,4.2,S,0,1008.1,7.9,Low,No
Uttara,residential,154,Unhealthy,17.5,73,8.7,N,0.4,1017.3,7.6,Low,No
Tejgaon,industrial,121,Unhealthy for Sensitive Groups,30.1,88,3.9,SE,0,1001.3,9.1,High,No
Hazaribagh,industrial,388,Hazardous,13.5,77,5.7,NW,0,1015,2.4,High,Yes
Uttara,residential,205,Very Unhealthy,18.7,84,6.3,NE,0,1017.7,7.5,Medium,Yes
Jatrabari,industrial,74,Moderate,31.2,84,23,S,0,1003.1,10,Medium,No
Tejgaon,industrial,155,Unhealthy,19.5,74,16,NW,0,1014.7,9.5,Low,No
Old Dhaka,roadside,317,Hazardous,22.3,82,2.8,NE,0,1013.4,1.5,Medium,No
Mirpur,residential,299,Very Unhealthy,17.7,75,2.4,SE,0,1008.6,4,Severe,No
Agargaon,roadside,143,Unhealthy for Sensitive Groups,29.2,69,7.4,NE,6.1,1004.3,9.5,Severe,No
Uttara,residential,284,Very Unhealthy,15.1,64,9.5,W,0,1017.4,4.6,High,No
Agargaon,roadside,303,Hazardous,17.6,76,0.8,NW,0,1016.9,4.1,High,Yes
Motijheel,roadside,171,Unhealthy,25.9,67,13.6,NE,0,1017.9,8.4,Severe,Yes
Dhanmondi,roadside,90,Moderate,30.5,97,4.7,SW,21.6,999.7,9.3,High,Yes
Uttara,residential,183,Unhealthy,17,85,9.2,NW,0,1014.1,7.4,High,No
Motijheel,roadside,303,Hazardous,15.5,65,3.4,NW,0,1013.8,4.2,Low,No
Mirpur,residential,108,Unhealthy for Sensitive Groups,23,70,13.8,SE,0,1006.1,10.5,Medium,No
Motijheel,roadside,235,Very Unhealthy,24.9,75,3.6,S,0,1009.5,4,Severe,No
Jatrabari,industrial,209,Very Unhealthy,21.7,67,7.6,SE,0,1015.4,6,Severe,No
Baridhara,background,208,Very Unhealthy,17.5,82,4.8,N,0,1017.6,6,Medium,Yes
Gulshan,residential,158,Unhealthy,15.6,62,1.7,SW,0,1016.3,9.4,Medium,No
Gulshan,residential,55,Moderate,28.5,91,4.5,W,20.2,1000.4,11.7,Low,No
Gulshan,residential,188,Unhealthy,21.3,81,0.7,NE,0,1017.4,7.6,Medium,No
Mirpur,residential,135,Unhealthy for Sensitive Groups,26.8,85,3.1,W,0,1011.8,9.8,Low,No
Gulshan,residential,157,Unhealthy,25.4,81,6.7,S,0,1006.9,9.4,High,No
Motijheel,roadside,85,Moderate,29.4,84,17.1,SE,0,1002.5,9.7,Severe,Yes
Baridhara,background,164,Unhealthy,26.7,85,4.6,N,0,1017,10.6,Medium,Yes
Jatrabari,industrial,160,Unhealthy,30,76,21.6,SW,0,1012.4,9.2,Medium,No
Jatrabari,industrial,90,Moderate,32.6,93,14,SW,0,999.1,9.7,Severe,No
Jatrabari,industrial,134,Unhealthy for Sensitive Groups,26.8,84,3.4,S,0,999.7,7.7,High,Yes
Tejgaon,industrial,267,Very Unhealthy,18.5,55,4.9,W,0,1020.3,2.4,Medium,No
Baridhara,background,56,Moderate,28.8,83,9.8,SE,0,999.8,11.1,Low,No
Hazaribagh,industrial,112,Unhealthy for Sensitive Groups,28.4,77,3.7,SE,22.6,1011.2,10.4,Low,No
Gulshan,residential,96,Moderate,29.6,77,6.6,NW,0,1004.8,8.6,Low,No
Mohammadpur,residential,147,Unhealthy for Sensitive Groups,30.6,80,4.2,SE,0,1005.4,8,Medium,No
Mohammadpur,residential,68,Moderate,28.4,90,6.6,S,21.1,1004.1,12,High,No
Old Dhaka,roadside,106,Unhealthy for Sensitive Groups,29.3,74,17.5,SE,0,1011.4,9.5,Medium,No
Tejgaon,industrial,173,Unhealthy,31.1,83,4.5,SE,0,999.5,7.7,High,No
Jatrabari,industrial,226,Very Unhealthy,28.8,75,1.4,W,0,1014.1,5.9,Severe,Yes
Hazaribagh,industrial,83,Moderate,30.3,77,22.7,S,0,999.5,10.2,High,No
Dhanmondi,roadside,377,Hazardous,19.5,72,8.8,E,2.2,1019,1.5,Medium,No
Agargaon,roadside,212,Very Unhealthy,19.2,81,6.8,NE,0,1009.1,7.2,High,No
Gulshan,residential,22,Good,30.5,96,18.5,SE,38.7,1004.7,11,Medium,No
Agargaon,roadside,172,Unhealthy,28.8,73,9.9,SE,0,1011.2,9.6,Low,No
Gulshan,residential,208,Very Unhealthy,21.2,86,3.4,NW,0,1016.8,4.6,High,Yes
Agargaon,roadside,160,Unhealthy,31.1,65,25,NE,0,1008.5,8.7,Low,No
Dhanmondi,roadside,180,Unhealthy,26.9,70,6.6,NE,0,1012.2,7.4,Severe,No
Hazaribagh,industrial,92,Moderate,29.8,74,11.3,SW,1,1008.2,11.1,High,No
Mirpur,residential,164,Unhealthy,16.3,61,0.9,N,0,1019.7,8,Low,No
Mohammadpur,residential,131,Unhealthy for Sensitive Groups,29,71,3.1,SE,6.7,1008.6,9.2,High,No
Agargaon,roadside,159,Unhealthy,32.4,66,2.5,E,5.9,1007.6,8.1,Severe,No
Uttara,residential,160,Unhealthy,16.5,65,1.5,S,0,1018.8,7.8,Medium,No
Baridhara,background,31,Good,31.5,78,10,SW,21.8,1006,10.8,Low,No
Mirpur,residential,82,Moderate,29.9,76,3.3,S,0,1002.4,7.8,Low,No
Baridhara,background,66,Moderate,31.5,78,8.2,S,4.2,1002.3,10,High,Yes
Dhanmondi,roadside,51,Moderate,31.1,93,12.4,SE,3.7,999.7,10.6,High,No
Motijheel,roadside,198,Unhealthy,22,84,2.8,W,0,1015.9,6.3,High,No
Baridhara,background,170,Unhealthy,17.3,85,2.3,W,0,1015.7,8.6,Medium,Yes
Mirpur,residential,185,Unhealthy,20.4,75,1,W,0,1017.6,6.2,Medium,Yes
Gulshan,residential,170,Unhealthy,21.6,66,10.8,NW,0,1019.7,8.7,Low,No
Hazaribagh,industrial,93,Moderate,27.2,80,4.1,SW,0,1005.2,10.8,Low,No
Hazaribagh,industrial,208,Very Unhealthy,25,76,13.9,E,0,1017.8,7.7,High,No
Gulshan,residential,75,Moderate,34.1,83,9.3,SW,0,1001.6,11.2,Low,No
Gulshan,residential,199,Unhealthy,22.3,73,12,S,0,1014.1,6.7,High,No
Uttara,residential,183,Unhealthy,21.8,85,1.4,E,0,1017,3.9,Low,Yes
Hazaribagh,industrial,171,Unhealthy,21.1,72,7.9,NE,0,1016.6,8,Medium,No
Old Dhaka,roadside,112,Unhealthy for Sensitive Groups,29.4,100,11.2,S,11.3,1003.9,8.6,High,Yes
Jatrabari,industrial,132,Unhealthy for Sensitive Groups,29.8,76,14.4,E,0,999.7,9.4,High,No
Baridhara,background,102,Unhealthy for Sensitive Groups,29.4,82,2.6,SW,0,1008.7,8.9,Medium,No
Motijheel,roadside,242,Very Unhealthy,15.6,73,3.1,E,0,1013.8,5.5,Medium,Yes
Uttara,residential,69,Moderate,28.1,77,14.7,S,0,1003.9,10.8,Severe,No
Old Dhaka,roadside,119,Unhealthy for Sensitive Groups,29.3,91,1.5,S,0.1,1002.1,9.2,High,No
Tejgaon,industrial,189,Unhealthy,32.6,80,3.4,S,0,1011,8.2,Medium,Yes
Baridhara,background,159,Unhealthy,16,88,7.8,E,0,1012.6,6.1,Low,No
Old Dhaka,roadside,277,Very Unhealthy,18.2,73,3.4,S,0,1012.6,5.2,High,No
Motijheel,roadside,248,Very Unhealthy,18.6,55,3.9,NW,0,1014.5,5,Medium,Yes
Mohammadpur,residential,185,Unhealthy,24.5,82,0.4,SE,0,1009.7,7.2,Low,No
Gulshan,residential,156,Unhealthy,24.9,74,20.2,S,0,1005,9.4,Severe,No
Uttara,residential,104,Unhealthy for Sensitive Groups,28.2,83,5,W,0,1002.3,8.7,Severe,No
Hazaribagh,industrial,68,Moderate,30.5,87,10.3,W,12.5,1002.3,9.9,Low,No
Baridhara,background,79,Moderate,32.2,64,16.7,S,0.9,1003.9,10.9,Low,Yes
Baridhara,background,22,Good,30.9,84,5.3,SW,44,1000.6,9.7,Low,No
Old Dhaka,roadside,251,Very Unhealthy,21.1,78,0.6,E,0,1016.8,4.1,Medium,Yes
Baridhara,background,83,Moderate,29.4,79,11.6,SW,0,1006.4,9.6,High,No
Dhanmondi,roadside,189,Unhealthy,16.1,60,13.4,S,0,1013,7.9,High,Yes
Old Dhaka,roadside,329,Hazardous,20.3,66,8.6,S,0,1014.1,1.6,Severe,No
Motijheel,roadside,257,Very Unhealthy,18.3,57,6.5,NE,0,1012,4.5,Severe,No
Motijheel,roadside,90,Moderate,31.6,100,11.8,N,0,1006.5,9.7,Medium,Yes
Uttara,residential,52,Moderate,30.7,92,13,SE,6.4,1004.2,10.7,Medium,No
Mohammadpur,residential,69,Moderate,32.3,69,6.3,W,0,1008.1,8.3,Medium,No
Mohammadpur,residential,151,Unhealthy,17.4,69,13.6,SW,0,1015.3,10.1,Medium,No
Motijheel,roadside,171,Unhealthy,29.7,76,6,NE,0,1010.1,9.5,High,No
Mirpur,residential,173,Unhealthy,26.1,64,9.8,NW,0,1012.8,7.8,Medium,No
Mirpur,residential,169,Unhealthy,27.1,86,2.2,S,0,1012.1,8.5,Severe,No
Jatrabari,industrial,143,Unhealthy for Sensitive Groups,30.9,93,6.6,SE,0,1000.9,8.4,Severe,Yes
Old Dhaka,roadside,162,Unhealthy,28.3,87,3.6,S,0,999.6,8.5,High,No
Jatrabari,industrial,184,Unhealthy,33.2,63,10.6,N,0,1010.3,7.3,High,No
Baridhara,background,111,Unhealthy for Sensitive Groups,32,80,2.6,SW,0,1002.1,9.8,Medium,No
Hazaribagh,industrial,81,Moderate,29.1,85,11.9,SE,1.4,1002.7,9.8,Severe,No
Baridhara,background,160,Unhealthy,21.1,66,7.3,NE,0,1015.6,7.6,Low,No
Motijheel,roadside,79,Moderate,30.5,85,5.9,SE,14.1,1003,9.4,High,No
Mirpur,residential,218,Very Unhealthy,20.4,74,9.1,SW,0,1010.6,5.7,High,Yes
Hazaribagh,industrial,76,Moderate,31.5,73,2.8,W,14,999.1,8.7,Medium,Yes
Baridhara,background,56,Moderate,30.9,79,11.9,SW,12,1006.6,10.5,Medium,Yes
Jatrabari,industrial,181,Unhealthy,26.7,78,2.4,E,0,1010.9,7.3,High,Yes
Baridhara,background,122,Unhealthy for Sensitive Groups,33.1,81,4.5,S,0,1008,8.5,Low,Yes
Jatrabari,industrial,270,Very Unhealthy,22.9,77,10.8,SW,0,1017,4.8,Medium,No
Mohammadpur,residential,77,Moderate,29.6,68,16.9,S,0,1006.1,10,Medium,No
Uttara,residential,173,Unhealthy,19,73,6.9,W,0,1012.3,9.7,Medium,No
Gulshan,residential,106,Unhealthy for Sensitive Groups,26.8,84,27.4,S,0,998.6,10.3,High,No
Old Dhaka,roadside,169,Unhealthy,32.5,77,22.2,SE,0,1004.5,8.7,Medium,No
Gulshan,residential,83,Moderate,32.2,88,5.9,W,0,1000.3,10.6,Low,No
Baridhara,background,151,Unhealthy,18.1,80,2.2,SW,0,1013.1,10.9,Low,No
Tejgaon,industrial,186,Unhealthy,19.5,59,8.6,NE,0,1011.8,8,Medium,No
Baridhara,background,129,Unhealthy for Sensitive Groups,30.4,62,8.9,SW,0,1009.3,8.5,High,No
Mirpur,residential,184,Unhealthy,17.7,72,7.6,E,0,1018.7,6.6,Medium,Yes
Motijheel,roadside,194,Unhealthy,19.8,74,8,N,0,1012.7,5.6,Severe,No
Old Dhaka,roadside,171,Unhealthy,29,87,4.1,N,0,1002.7,6.7,High,Yes
Old Dhaka,roadside,460,Hazardous,30.4,54,3.2,SW,0,1007.1,1.4,Severe,Yes
Hazaribagh,industrial,273,Very Unhealthy,15.8,70,7.7,N,0,1018.8,4.1,High,No
Mirpur,residential,58,Moderate,31.1,84,10.4,S,0,998.7,8.5,Low,Yes
Mohammadpur,residential,161,Unhealthy,27.6,80,1.6,W,17.7,1007.7,9,Medium,Yes
Gulshan,residential,69,Moderate,29.2,99,4.1,SE,0,996.1,9.9,Low,No
Agargaon,roadside,426,Hazardous,19.1,77,2.1,N,0,1015.6,2.7,Medium,Yes
Tejgaon,industrial,460,Hazardous,18.2,57,5.3,N,0,1012.5,3.7,Severe,No
Mirpur,residential,122,Unhealthy for Sensitive Groups,23,82,4.7,N,0,1017.2,10.8,Medium,No
Old Dhaka,roadside,88,Moderate,29.2,97,1.2,SE,0,1003.8,8.9,Severe,No
Uttara,residential,82,Moderate,31.1,87,7.3,SW,0,1005.7,10.4,Medium,No
Baridhara,background,175,Unhealthy,16.5,57,6.2,N,0,1017.7,8.3,Medium,No
Old Dhaka,roadside,304,Hazardous,21.8,69,6.4,E,0,1011,5.1,Severe,No
Tejgaon,industrial,198,Unhealthy,33.6,72,3.2,SE,0,1006.3,8.1,Medium,No
Jatrabari,industrial,165,Unhealthy,33.7,76,7.5,N,0,1009.8,8.8,Medium,Yes
Tejgaon,industrial,101,Unhealthy for Sensitive Groups,30.7,64,12.8,NE,0,1007.6,9.7,Low,No
Agargaon,roadside,218,Very Unhealthy,20,64,3,N,0,1014.1,5.1,High,No
Tejgaon,industrial,149,Unhealthy for Sensitive Groups,23.3,79,11.4,SW,0,1015.2,8.6,Low,No
Uttara,residential,153,Unhealthy,35.1,80,5.4,N,0,1006.9,9.9,High,No
Uttara,residential,208,Very Unhealthy,15.1,73,10,NE,0,1015.7,6,Medium,Yes
Jatrabari,industrial,500,Hazardous,16.9,79,7.4,NW,0,1013.3,1.3,High,Yes
Uttara,residential,141,Unhealthy for Sensitive Groups,27.3,72,7.9,E,0,1004.7,8.7,High,No
Dhanmondi,roadside,174,Unhealthy,33.7,76,10.2,S,0,1008.1,8.4,Severe,No
Uttara,residential,157,Unhealthy,13.7,71,0.5,N,0,1014.6,8.8,Low,No
Baridhara,background,64,Moderate,26.8,89,12.8,S,4.2,1007.3,10.6,Low,No
Motijheel,roadside,104,Unhealthy for Sensitive Groups,28,75,2.5,N,0,999.2,10.8,High,Yes
Gulshan,residential,159,Unhealthy,12.9,76,12.6,W,0,1014.9,8.8,Medium,No
Mohammadpur,residential,176,Unhealthy,27.7,68,7.3,SE,0,1007.7,8.5,High,No
Hazaribagh,industrial,252,Very Unhealthy,15.2,76,2.1,N,0,1015.9,4.1,High,No
Uttara,residential,142,Unhealthy for Sensitive Groups,22.8,74,10,E,0,1010.5,7.9,Low,No
Uttara,residential,155,Unhealthy,26.9,81,5.8,W,0,1012.3,8,High,No
Baridhara,background,97,Moderate,31,60,12.1,S,0,1005.2,10.2,Low,No
Jatrabari,industrial,281,Very Unhealthy,12.5,66,4.7,NW,0,1010.4,3.8,Severe,No
Dhanmondi,roadside,179,Unhealthy,25.2,81,9.2,SE,0,1014.2,8.1,Medium,Yes
Motijheel,roadside,163,Unhealthy,30.8,74,4.7,NE,0,1009.2,8.6,High,No
Uttara,residential,195,Unhealthy,17.8,79,3.8,W,0,1017.4,5.4,Low,No
Old Dhaka,roadside,109,Unhealthy for Sensitive Groups,29.4,76,10.2,S,0,1004.2,9.2,High,Yes
Uttara,residential,128,Unhealthy for Sensitive Groups,33.9,56,19.5,SE,0,1007.2,10.9,Medium,Yes
Old Dhaka,roadside,168,Unhealthy,32.4,70,5.5,NE,0,1012.5,7.2,High,Yes
Mirpur,residential,81,Moderate,29.4,76,12.2,N,17.4,999.7,7.7,High,No
Agargaon,roadside,169,Unhealthy,23.7,91,8.9,NW,0,1010,8.4,Medium,Yes
Baridhara,background,55,Moderate,29.6,96,16.8,E,0,1004.8,10,High,No
Gulshan,residential,66,Moderate,30.3,77,3.3,S,17.9,1007.1,10,Low,No
Dhanmondi,roadside,164,Unhealthy,29.9,99,9,S,0,1002.8,9.5,Severe,Yes
Uttara,residential,103,Unhealthy for Sensitive Groups,28.5,88,6.5,NW,0,1002.7,10.8,Low,No
Mirpur,residential,128,Unhealthy for Sensitive Groups,32.5,65,7,E,0,1011.9,9.2,Medium,No
Motijheel,roadside,261,Very Unhealthy,22.7,70,3.7,NW,0,1014.5,4,Severe,Yes
Baridhara,background,55,Moderate,29.1,72,7.2,S,9.7,1001.2,9.7,Medium,Yes
Dhanmondi,roadside,110,Unhealthy for Sensitive Groups,32.8,84,13.7,S,0,999.5,9.6,High,No
Jatrabari,industrial,258,Very Unhealthy,17.2,70,2.5,NW,0,1017.4,4.6,Medium,No
Mirpur,residential,145,Unhealthy for Sensitive Groups,29,78,7.9,SE,0,1010.1,8.5,Medium,No
Dhanmondi,roadside,226,Very Unhealthy,21.2,54,4.4,N,0,1014.1,4.4,High,No
Gulshan,residential,214,Very Unhealthy,23.3,59,6.2,W,0,1010.8,7.1,Medium,Yes
Mohammadpur,residential,161,Unhealthy,35.8,70,6.5,NE,0,1002.9,9.3,Medium,No
Baridhara,background,52,Moderate,30.6,90,13.7,SE,0,1004.1,11,Low,No
Uttara,residential,49,Good,26.9,69,3,N,35,998.9,10.9,High,No
Uttara,residential,236,Very Unhealthy,16.5,60,6.3,N,0,1019.4,6.3,High,No
Agargaon,roadside,472,Hazardous,26.7,78,10.5,E,0,1020,1.7,Severe,Yes
Uttara,residential,222,Very Unhealthy,14.1,60,6.6,NW,0,1012.4,7,High,No
Jatrabari,industrial,318,Hazardous,32.2,68,4.4,SW,0,1005.3,1.7,High,No
Agargaon,roadside,207,Very Unhealthy,10.2,59,2.8,E,0,1016.8,6,Medium,Yes
Mohammadpur,residential,104,Unhealthy for Sensitive Groups,27.6,92,8.6,S,2.4,1005.8,10.9,High,No
Baridhara,background,171,Unhealthy,22.1,54,1.2,SW,0,1015.4,8.5,Low,No
Jatrabari,industrial,190,Unhealthy,31.1,66,11.6,SW,0,1005.4,8,Low,Yes
Hazaribagh,industrial,171,Unhealthy,30.1,76,2.4,E,0,1006,8.5,Low,Yes
Mirpur,residential,149,Unhealthy for Sensitive Groups,28.5,90,3,S,0,1002.3,8.1,High,Yes
Hazaribagh,industrial,172,Unhealthy,22,74,15.2,W,0,1009.7,7.2,Severe,Yes
Hazaribagh,industrial,183,Unhealthy,21.4,64,12.5,SW,0,1018,7.2,Medium,No
Mirpur,residential,190,Unhealthy,30.3,66,6,W,0,1005.3,8.5,Medium,No
Uttara,residential,74,Moderate,27.3,75,15.2,S,0,1003.1,10.3,High,No
Old Dhaka,roadside,246,Very Unhealthy,19.1,69,2.9,NE,0,1016.9,7,Medium,No
Uttara,residential,100,Moderate,28.5,77,8.2,NE,0,1011,8.3,Low,No
Motijheel,roadside,167,Unhealthy,26.5,75,12.4,NE,0,1010.4,8.8,Low,No
Uttara,residential,74,Moderate,30.2,93,4.5,S,0,1001.9,10.3,High,No
Old Dhaka,roadside,158,Unhealthy,27.1,69,1.7,SE,0,1008.8,7.5,Medium,No
Gulshan,residential,170,Unhealthy,29.2,54,8.8,N,0,1008.9,7.4,High,No
Mirpur,residential,165,Unhealthy,31.1,64,4.8,S,0,1006.7,8.2,High,Yes
Uttara,residential,191,Unhealthy,21.6,71,3.3,N,0,1014.4,8,High,No
Gulshan,residential,180,Unhealthy,22.6,69,2.2,NW,0,1012.3,5.9,Severe,No
Tejgaon,industrial,310,Hazardous,21.8,69,0.3,W,0,1019.9,2.8,High,No
Uttara,residential,174,Unhealthy,29.3,59,5.4,S,0,1009.1,6.8,High,No
Jatrabari,industrial,156,Unhealthy,31.1,77,5.3,SE,0,998.3,8.7,Severe,Yes
Motijheel,roadside,173,Unhealthy,20.6,66,2.9,NW,0,1016.4,8.8,Medium,No
Baridhara,background,108,Unhealthy for Sensitive Groups,28.7,80,2.9,SE,0,1000.5,8.7,High,No
Hazaribagh,industrial,282,Very Unhealthy,17.4,79,9.4,W,0,1012.7,3.7,Severe,No
Motijheel,roadside,133,Unhealthy for Sensitive Groups,32.7,70,10.1,SE,5.1,1005.2,9.5,Medium,Yes
Old Dhaka,roadside,274,Very Unhealthy,23.8,66,1.7,N,0,1016.3,2.6,High,No
Gulshan,residential,65,Moderate,26.7,94,8.3,S,0,1001.6,9.6,Medium,No
Old Dhaka,roadside,134,Unhealthy for Sensitive Groups,33,89,3.6,SE,1.4,1001.9,9.5,Medium,No
Tejgaon,industrial,40,Good,32.1,74,12.3,SE,40.2,1002.7,10,Medium,No
Hazaribagh,industrial,500,Hazardous,19.7,44,2.9,S,0,1017.3,1.9,Severe,Yes
Mohammadpur,residential,159,Unhealthy,30.4,57,15.3,N,0,1012.8,8.1,Severe,No
Old Dhaka,roadside,188,Unhealthy,28,83,10.3,E,0,1010.3,7.9,Severe,No
Dhanmondi,roadside,276,Very Unhealthy,16.8,77,7.1,NE,0,1013.9,6.1,Severe,No
Uttara,residential,167,Unhealthy,30.6,55,4.4,SW,0,1007.3,8.1,Medium,No
Mirpur,residential,176,Unhealthy,13.8,75,4.2,NW,0,1016.8,9.1,High,Yes
Agargaon,roadside,263,Very Unhealthy,12.9,75,4.6,N,0,1017.7,3.5,Medium,No
Old Dhaka,roadside,116,Unhealthy for Sensitive Groups,36.8,79,8.5,SW,0,1004.5,9.6,Medium,No
Dhanmondi,roadside,183,Unhealthy,19.2,78,10.5,S,0,1021.1,7.9,Medium,No
Old Dhaka,roadside,156,Unhealthy,30.4,96,5.4,SW,0,999.1,9.7,Medium,Yes
Uttara,residential,159,Unhealthy,26.9,82,9.4,N,0,1013.2,9,High,No
Uttara,residential,213,Very Unhealthy,16.1,74,1.9,NW,0,1016.9,5.1,Severe,No
Tejgaon,industrial,212,Very Unhealthy,17.9,67,3.1,N,0,1011.5,5.8,Medium,Yes
Motijheel,roadside,154,Unhealthy,27.2,85,2.8,N,5.5,1011.7,7.8,High,Yes
Hazaribagh,industrial,197,Unhealthy,30.5,57,13.6,SE,0,1002.6,6.8,Medium,No
Jatrabari,industrial,137,Unhealthy for Sensitive Groups,25.1,77,12.7,SW,0,1008.9,9.1,High,No
Baridhara,background,81,Moderate,32.2,72,5.3,N,0,1006.8,10.4,Low,No
Jatrabari,industrial,80,Moderate,30.3,96,3.8,S,0,1002.4,10.8,Medium,No
Mohammadpur,residential,182,Unhealthy,28,74,4.7,E,0,1014.1,6.1,Low,Yes
Jatrabari,industrial,254,Very Unhealthy,21.5,78,2.5,W,0,1013.3,5.5,High,No
Gulshan,residential,166,Unhealthy,26.6,76,3.8,N,0,1011.9,7,Medium,No
Uttara,residential,84,Moderate,29.7,93,6,E,6.2,1004.3,10.7,Medium,No
Uttara,residential,173,Unhealthy,30.7,72,4.7,SE,0,1010.9,6.9,High,No
Hazaribagh,industrial,301,Hazardous,15.7,76,1.3,W,0,1015,3,High,Yes
Uttara,residential,155,Unhealthy,26.3,67,5.2,W,0,1003.4,10.8,Medium,Yes
Hazaribagh,industrial,347,Hazardous,20.9,61,13.6,S,0,1011,2.5,Severe,No
Old Dhaka,roadside,204,Very Unhealthy,25.4,77,1.6,N,0,1008.9,6.3,Severe,Yes
Mirpur,residential,167,Unhealthy,15.2,81,5.5,N,0,1018.5,7.1,Low,No
Agargaon,roadside,333,Hazardous,22.1,62,5.1,NW,2.7,1018.5,3,High,Yes
Mirpur,residential,152,Unhealthy,26.6,66,17.4,NE,0,1014.1,9.4,Medium,No
Mirpur,residential,94,Moderate,27.8,71,8.2,N,0,1007.9,8.5,High,No
Tejgaon,industrial,26,Good,33.5,72,17.9,SW,46.4,1003.3,11.1,Medium,No
Baridhara,background,157,Unhealthy,13.4,83,5.2,N,0,1014,7.9,Low,No
Baridhara,background,77,Moderate,29.8,97,4.6,S,7.5,1001.1,10.2,Low,No
Gulshan,residential,183,Unhealthy,12.4,78,5.4,NW,0,1009.9,8.1,Medium,No
Motijheel,roadside,173,Unhealthy,31.7,68,2.9,E,0,1007.5,7.8,Severe,No
Uttara,residential,72,Moderate,28.8,98,8,SW,0,1003.2,10.2,High,Yes
Gulshan,residential,129,Unhealthy for Sensitive Groups,33,79,5.4,SE,0,1005.5,10.1,Low,Yes
Tejgaon,industrial,295,Very Unhealthy,18.9,66,3.3,W,0,1017.3,1.5,Medium,No
Mohammadpur,residential,255,Very Unhealthy,23.7,82,9.3,N,0,1018.1,5.6,Medium,No
Old Dhaka,roadside,76,Moderate,29.2,78,5.6,S,10.7,999.2,8.8,Severe,No
Gulshan,residential,213,Very Unhealthy,13.4,68,0.9,SW,0,1020.8,6,High,Yes
Motijheel,roadside,184,Unhealthy,19.8,56,6.8,W,0,1016.4,6.8,Low,No
Jatrabari,industrial,166,Unhealthy,30.4,69,11.9,SE,0,1010.9,8,High,No
Dhanmondi,roadside,122,Unhealthy for Sensitive Groups,26.5,66,27.1,S,0,1005.3,9.8,High,Yes
Baridhara,background,60,Moderate,28.1,81,7.9,S,0,1005.6,10.4,High,No
Tejgaon,industrial,186,Unhealthy,29.2,67,5.9,E,0,1008.7,7.3,High,No
Tejgaon,industrial,171,Unhealthy,30.9,73,7.4,W,0,1010.3,6.8,High,No
Mirpur,residential,132,Unhealthy for Sensitive Groups,31.3,85,2.8,S,0.7,999.3,8.7,High,No
Tejgaon,industrial,180,Unhealthy,26.1,88,3.6,N,0,1011,8,Medium,Yes
Mirpur,residential,153,Unhealthy,30.8,77,10.1,S,0,1003.9,9.7,Severe,No
Tejgaon,industrial,341,Hazardous,11.9,77,4.2,SE,0,1015.2,2.5,High,No
Hazaribagh,industrial,312,Hazardous,25.6,80,1.3,SE,2.3,1011.2,4.9,High,No
Tejgaon,industrial,89,Moderate,30.7,88,5.6,S,0,1000.8,9.9,Medium,No
Jatrabari,industrial,154,Unhealthy,30.3,85,7.4,S,0,998.7,9.3,Medium,No
Baridhara,background,173,Unhealthy,17.1,64,4.1,NW,0,1015.4,8.5,Medium,Yes
Hazaribagh,industrial,384,Hazardous,18.9,74,1.3,NW,0,1012.7,1.8,Severe,Yes
Jatrabari,industrial,149,Unhealthy for Sensitive Groups,30.6,89,0.7,S,0,1004.4,9.3,High,No
Hazaribagh,industrial,164,Unhealthy,31,62,12.7,SE,0,1009.1,10.5,Medium,No
Old Dhaka,roadside,89,Moderate,31.5,74,10.6,SW,0,1006.2,9.8,Medium,No
Motijheel,roadside,218,Very Unhealthy,31.8,69,4.7,W,0,1006.1,5.6,High,No
Tejgaon,industrial,83,Moderate,30.9,91,4.1,S,5.9,1001.9,9.2,Medium,No
Hazaribagh,industrial,358,Hazardous,25,78,3.8,W,0,1011.3,3.9,High,Yes
Agargaon,roadside,204,Very Unhealthy,21.9,80,8.5,N,0,1013.6,6.3,Low,Yes
Mohammadpur,residential,195,Unhealthy,25.1,73,5.4,E,0,1015,6.7,High,No
Mirpur,residential,165,Unhealthy,25.3,76,12,E,0,1011.2,8.7,Medium,No
Uttara,residential,67,Moderate,27.1,85,7.4,W,7.7,1001,9.7,Medium,No
Gulshan,residential,160,Unhealthy,26.6,68,2.8,NW,0,1009.4,7.6,High,Yes
Uttara,residential,89,Moderate,29.6,80,4.3,W,6.5,1002.6,9.5,Low,No
Gulshan,residential,57,Moderate,32.6,85,9.6,E,17,1001.3,9.7,High,Yes
Mirpur,residential,100,Moderate,28,83,17.9,S,0,1005.3,10.5,High,No
Hazaribagh,industrial,195,Unhealthy,26.8,79,6,N,0,1011.6,6.9,Medium,No
Mirpur,residential,192,Unhealthy,28,67,10.2,SE,0,1009.7,6.5,Medium,No
Motijheel,roadside,78,Moderate,30.2,76,8.9,S,1.1,1004.7,11.2,Low,Yes
Dhanmondi,roadside,191,Unhealthy,18.4,76,6,NW,0,1012.5,6.5,Medium,No
Gulshan,residential,69,Moderate,30.6,78,19.2,NE,10.2,1001,10.8,Severe,No
Old Dhaka,roadside,270,Very Unhealthy,22.8,65,2.2,E,0,1012.4,6.1,Severe,No
Hazaribagh,industrial,244,Very Unhealthy,24.4,71,3.9,N,0,1014.4,5.1,Low,No
Jatrabari,industrial,142,Unhealthy for Sensitive Groups,30.1,78,4.7,SE,0,1005.4,10.1,High,Yes
Hazaribagh,industrial,165,Unhealthy,25,87,5.2,SW,0,1011.5,7.7,High,No
Motijheel,roadside,220,Very Unhealthy,24.4,60,1.5,N,0,1010.7,6,High,No
Old Dhaka,roadside,500,Hazardous,15.2,70,4.7,NW,0,1014,0.3,Severe,No
Mirpur,residential,163,Unhealthy,31.5,72,3.2,NW,0,1011.7,8.6,High,No
Agargaon,roadside,238,Very Unhealthy,23.7,71,3.1,NE,0,1015.7,4.4,Medium,No
Old Dhaka,roadside,186,Unhealthy,24.2,66,10,S,0,1014.6,6.7,Medium,No
Baridhara,background,67,Moderate,31.2,85,3.7,SE,0,1003.9,9.5,Medium,No
Dhanmondi,roadside,165,Unhealthy,21.7,88,17.5,E,0,1012.5,8.7,Medium,No
Motijheel,roadside,139,Unhealthy for Sensitive Groups,28.1,80,7.5,SE,0,1001.6,8.6,Severe,Yes
Uttara,residential,71,Moderate,30.6,79,0.9,SW,0,1002.6,10,Low,No
Jatrabari,industrial,159,Unhealthy,29.3,65,14.6,W,0,1006.6,7.7,Medium,No
Baridhara,background,175,Unhealthy,17.9,82,0.5,SW,0,1015.1,7.4,Low,No
Uttara,residential,99,Moderate,31.1,84,2.5,SE,7.5,1002.5,10.9,Low,Yes
Baridhara,background,77,Moderate,26.6,88,6.8,SW,0,1013.5,9.8,Medium,No
Agargaon,roadside,208,Very Unhealthy,28,67,6.3,N,0,1008.2,5,Severe,Yes
Baridhara,background,158,Unhealthy,22.1,80,7.6,NW,0,1015,9.6,Medium,Yes
Tejgaon,industrial,500,Hazardous,20.8,73,3.1,W,0,1014,0.3,Severe,No
Jatrabari,industrial,479,Hazardous,18.1,74,3.1,NW,0,1016.7,0.3,High,No
Uttara,residential,306,Hazardous,21.5,59,3.5,N,0,1015.8,3.3,High,No
Jatrabari,industrial,208,Very Unhealthy,19.3,57,6.5,NW,0,1014.8,7,Medium,Yes
Baridhara,background,52,Moderate,32.4,94,10.7,W,4.8,1001.2,9.6,Medium,No
Old Dhaka,roadside,217,Very Unhealthy,19.5,78,1.9,N,0,1015.2,5.9,Low,No
Gulshan,residential,54,Moderate,32.4,100,14.3,SW,9.1,1000.3,10.7,Medium,Yes
Mirpur,residential,60,Moderate,26.6,73,21.8,S,7.2,998.4,11.7,Low,No
Jatrabari,industrial,167,Unhealthy,28.1,82,5.1,NE,0,1014.9,7.1,Severe,Yes
Jatrabari,industrial,167,Unhealthy,26,70,6.2,SW,0,1015,7.1,Medium,No
Hazaribagh,industrial,223,Very Unhealthy,28.9,62,4.6,SW,0,1007.4,6,Medium,No
Old Dhaka,roadside,262,Very Unhealthy,23.1,66,9.2,NE,0,1016.3,4.4,Severe,No
Mohammadpur,residential,80,Moderate,31.6,88,0.7,NW,0,1001.5,11.1,Medium,Yes
Gulshan,residential,189,Unhealthy,12,65,12.3,NW,0,1016.3,6.9,High,No
Baridhara,background,124,Unhealthy for Sensitive Groups,21.5,70,11.5,SW,0,1015.3,8.8,Low,No
Motijheel,roadside,481,Hazardous,21.1,77,1.8,E,0,1015.5,0.7,Severe,No
Dhanmondi,roadside,189,Unhealthy,25.2,87,2.9,N,0,1008.6,6.7,Medium,No
Mohammadpur,residential,223,Very Unhealthy,16.1,76,4.2,W,0,1019.5,5.3,Medium,No
Gulshan,residential,172,Unhealthy,27,72,13.1,S,0,1004.3,7.5,High,No
Mohammadpur,residential,158,Unhealthy,30.2,67,2.1,N,0,1009.2,9.8,Medium,No
Gulshan,residential,154,Unhealthy,29.7,80,4.5,N,0,1000.1,9.4,High,No
Mirpur,residential,223,Very Unhealthy,21.8,74,7.1,NW,0,1010.1,5.5,High,Yes
Mirpur,residential,72,Moderate,27.7,70,1.8,NE,44.6,1013.4,11.4,Medium,No
Tejgaon,industrial,56,Moderate,28.1,86,6.2,SE,8.7,1002.5,10.9,Low,No
Dhanmondi,roadside,155,Unhealthy,31.6,59,7.8,SW,0,1003.7,8.3,Medium,Yes
Mirpur,residential,162,Unhealthy,30.4,68,3.3,NE,0,1008.7,8.6,High,No
Tejgaon,industrial,161,Unhealthy,24.7,70,5.3,SE,0,1010.2,9.3,High,No
Mirpur,residential,68,Moderate,27.1,82,7.2,SE,0,1006.6,9.6,Low,Yes
Uttara,residential,192,Unhealthy,32.6,63,4.5,E,0,1003.6,7.2,Severe,No
Mirpur,residential,173,Unhealthy,32.1,62,1.9,N,0,1005.5,6.9,Medium,No
Mohammadpur,residential,214,Very Unhealthy,20.9,69,1.1,S,0,1017.1,7.2,Low,No
Hazaribagh,industrial,500,Hazardous,16.5,51,6.7,NW,3.3,1014,0.3,High,Yes
Gulshan,residential,191,Unhealthy,19.6,56,6.7,W,0,1013,7.4,Medium,No
Baridhara,background,191,Unhealthy,14.2,76,3.7,NW,0,1015.7,7.2,Low,Yes
Gulshan,residential,206,Very Unhealthy,15.5,71,4.2,NW,0,1017.8,7.5,High,No
Dhanmondi,roadside,164,Unhealthy,27.1,72,3.5,N,0,1011,8.2,High,No
Old Dhaka,roadside,61,Moderate,30.5,93,14.7,E,19.5,1001.6,10.5,Medium,No
Baridhara,background,144,Unhealthy for Sensitive Groups,22.9,73,3.6,NE,0,1009.2,9.9,Low,No
Motijheel,roadside,60,Moderate,28.1,80,19.6,SW,0,1001,12,Low,Yes
Agargaon,roadside,137,Unhealthy for Sensitive Groups,29.3,79,3.5,S,1.3,999.3,10,Severe,No
Hazaribagh,industrial,244,Very Unhealthy,22.4,85,9.3,W,0,1018.1,1.7,Medium,No
Tejgaon,industrial,98,Moderate,28.5,87,2.3,W,0,1003.9,9.9,Medium,Yes
Old Dhaka,roadside,198,Unhealthy,19.5,72,6,W,0,1011.9,5.4,Severe,No
Hazaribagh,industrial,158,Unhealthy,30.4,89,2,SE,0,1000.7,8,High,Yes
Jatrabari,industrial,173,Unhealthy,26.4,63,3.2,N,0,1012.9,7.9,Low,Yes
Baridhara,background,154,Unhealthy,27.7,73,9.8,NW,0,1012.7,10.1,Medium,No
Mirpur,residential,193,Unhealthy,14.3,74,1.5,N,0,1014.8,5.8,Low,No
Mirpur,residential,54,Moderate,28.8,85,16.5,W,0,1001.4,10.6,Medium,No
Agargaon,roadside,197,Unhealthy,24,88,8.1,NW,0,1015.1,2.6,Medium,No
Tejgaon,industrial,279,Very Unhealthy,24.3,66,8.1,NW,0,1014,3.8,High,No
Baridhara,background,112,Unhealthy for Sensitive Groups,22,78,8.1,S,0,1017.8,8.7,Low,No
Dhanmondi,roadside,153,Unhealthy,22.9,76,12.5,SE,0,1016.8,8.8,Medium,Yes
Baridhara,background,79,Moderate,26.7,86,8.4,S,0,1002.8,8.5,Medium,Yes
Jatrabari,industrial,241,Very Unhealthy,28.6,71,4.5,SW,0,1004.3,4.3,Severe,Yes
Motijheel,roadside,201,Very Unhealthy,17.9,68,7.1,W,0,1013.5,7.2,Medium,No
Agargaon,roadside,184,Unhealthy,33,62,4.8,SE,0,1009.5,7.1,High,No
Baridhara,background,51,Moderate,29.4,88,15.2,SE,0,1001.2,10.6,Low,No
Mohammadpur,residential,135,Unhealthy for Sensitive Groups,32.9,71,7.2,S,0,1007.5,9.3,Medium,No
Mirpur,residential,79,Moderate,30.7,90,11.7,S,0,1006,10.2,Low,No
Hazaribagh,industrial,61,Moderate,30.6,86,3,SW,42.1,1002.5,9.9,Severe,No
Tejgaon,industrial,185,Unhealthy,30.9,76,6.8,SW,0,1003.6,8.4,High,No
Tejgaon,industrial,154,Unhealthy,27.8,78,6.2,NE,0,1003.8,10.7,Severe,No
Dhanmondi,roadside,204,Very Unhealthy,20.2,90,11.9,S,0,1007.7,5.9,Medium,No
Baridhara,background,61,Moderate,34.2,60,12.3,S,1.4,1008.2,10.8,High,No
Hazaribagh,industrial,228,Very Unhealthy,29.5,67,3.4,SE,0,1006,6.3,Severe,Yes
Mohammadpur,residential,170,Unhealthy,12.5,75,4.8,N,0,1016.5,8.6,Low,No
Old Dhaka,roadside,161,Unhealthy,28.1,74,3.9,W,0,1012.4,8.9,Medium,No
Uttara,residential,141,Unhealthy for Sensitive Groups,32,74,12.5,S,0,1007.5,9.3,Medium,No
Baridhara,background,158,Unhealthy,21.7,67,8.7,N,0,1012.5,8.8,Low,Yes
Jatrabari,industrial,192,Unhealthy,29.8,79,11.1,E,0,1009.5,6.9,High,No
Mirpur,residential,59,Moderate,28.3,84,12,S,14,1003.3,11.4,Low,No
Mirpur,residential,188,Unhealthy,15.9,65,2.5,NW,0,1015.5,6.8,High,Yes
Jatrabari,industrial,187,Unhealthy,17.9,88,4.5,N,0,1019.6,4.5,Medium,No
Baridhara,background,76,Moderate,33.1,61,14.2,N,0,1007.4,9.6,Low,Yes
Baridhara,background,127,Unhealthy for Sensitive Groups,21.7,60,12.4,N,0.3,1013,10.2,Medium,No
Tejgaon,industrial,186,Unhealthy,31.3,62,2.4,SW,0,1006,6.6,Low,No
Gulshan,residential,124,Unhealthy for Sensitive Groups,22.3,71,7,W,0,1012.9,10.2,Low,No
Uttara,residential,72,Moderate,31.6,82,6.4,NE,0.7,1004.9,10.5,Low,No
Uttara,residential,127,Unhealthy for Sensitive Groups,32.8,76,8.9,SW,0,1005.2,9.3,Medium,No
Uttara,residential,186,Unhealthy,22.7,78,8,NE,0,1011.5,7.1,Medium,No
Mirpur,residential,155,Unhealthy,20.1,75,5.3,NE,0,1007.7,8.9,High,No
Old Dhaka,roadside,185,Unhealthy,24.6,57,5.4,N,0,1015.9,7.9,High,No
Baridhara,background,125,Unhealthy for Sensitive Groups,27.8,68,2.2,SW,0,1009.3,9.1,Medium,No
Uttara,residential,98,Moderate,32.4,85,6.2,S,0,998.2,8.9,Low,No
Uttara,residential,124,Unhealthy for Sensitive Groups,14.9,57,4.3,NE,0,1019.8,10.6,Low,No
Mohammadpur,residential,66,Moderate,26.8,82,5.8,N,0,996.5,11.8,Low,Yes
Agargaon,roadside,96,Moderate,33.2,96,5.7,S,0,1001,10.5,Medium,Yes
Dhanmondi,roadside,76,Moderate,28.3,88,18.6,SE,0,1006.1,10.5,High,No
Uttara,residential,68,Moderate,29.4,85,11,SE,0,1002.1,10.9,High,No
Gulshan,residential,173,Unhealthy,20.8,62,1.8,NW,0,1021.2,7.4,Medium,Yes
Mohammadpur,residential,241,Very Unhealthy,21.7,71,0.9,N,0,1017,4.9,High,No
Gulshan,residential,94,Moderate,31.9,83,6.1,SW,0,999.1,11.7,High,No
Hazaribagh,industrial,289,Very Unhealthy,19.8,72,9.8,N,0,1016.9,2.7,High,Yes
Jatrabari,industrial,500,Hazardous,15.3,76,2.2,W,0,1013.6,2.8,High,Yes
Dhanmondi,roadside,86,Moderate,32.8,75,13.6,N,0,1006.4,9.8,Low,No
Hazaribagh,industrial,398,Hazardous,21.5,71,2.6,NW,0,1012.5,2.5,High,No
Baridhara,background,76,Moderate,26.7,89,5.1,E,0,1000.4,9.8,Low,No
Mirpur,residential,159,Unhealthy,30.5,74,4.5,NW,0,1012.8,8.3,High,No
Hazaribagh,industrial,241,Very Unhealthy,20.8,87,5.3,SE,0,1008.7,4.1,High,No
Hazaribagh,industrial,200,Unhealthy,22.6,63,1.4,W,0,1010.2,7,Low,Yes
Baridhara,background,152,Unhealthy,29.4,66,2.7,W,0,1008,8.7,Low,No
Motijheel,roadside,199,Unhealthy,28.8,88,3.9,E,0,1010.4,6.7,High,No
Gulshan,residential,152,Unhealthy,32.3,64,1.7,SE,0,1009.3,9.6,Medium,No
Motijheel,roadside,82,Moderate,29.9,74,4.6,NE,2.2,1000.1,9.2,Medium,Yes
Old Dhaka,roadside,82,Moderate,30.8,82,8,SE,0,1004.6,9.8,Low,No
Old Dhaka,roadside,169,Unhealthy,30.8,79,3.3,E,0,1008.8,7.5,High,No
Tejgaon,industrial,397,Hazardous,21.5,52,3.2,SW,0,1016.3,2.4,Low,No
Old Dhaka,roadside,158,Unhealthy,33.9,86,7.3,S,1.5,998.6,8.7,Severe,Yes
Tejgaon,industrial,345,Hazardous,14.3,65,1.6,SE,0,1014.9,2.7,Medium,Yes
Jatrabari,industrial,192,Unhealthy,19,77,6.3,NW,0,1013.3,8.3,High,No
Gulshan,residential,71,Moderate,29.3,82,6.3,SE,9.6,1000.6,10.8,Severe,No
Mohammadpur,residential,210,Very Unhealthy,17.3,78,2.5,W,0,1009.8,5.2,Low,No
Dhanmondi,roadside,60,Moderate,29.3,85,14.5,S,7.4,1000.3,10.7,Medium,Yes
Tejgaon,industrial,243,Very Unhealthy,28.7,76,3.1,N,0,1004.6,3.9,High,Yes
Mirpur,residential,152,Unhealthy,22.1,80,6.1,N,0,1013.5,9.3,Low,No
Baridhara,background,84,Moderate,23.5,78,6.7,E,0,1007.4,9.2,Low,No
Hazaribagh,industrial,131,Unhealthy for Sensitive Groups,30.8,82,2.8,SE,0.5,1003.9,8.8,Low,Yes
Mirpur,residential,88,Moderate,31.1,88,3.6,SE,0,1003.5,10.2,Medium,No
Motijheel,roadside,195,Unhealthy,27.8,83,7.4,N,0,1008.7,5.7,Medium,Yes
Motijheel,roadside,78,Moderate,30.9,76,11.6,S,23.1,1000.9,10.7,High,No
Mohammadpur,residential,80,Moderate,33.4,70,9.1,NW,0,1004.8,9.8,Medium,Yes
Uttara,residential,173,Unhealthy,19.2,68,6.8,N,0,1016.2,7.3,High,Yes
Uttara,residential,170,Unhealthy,17.8,67,3.3,W,0,1012.5,7.7,Medium,Yes
Baridhara,background,117,Unhealthy for Sensitive Groups,32.2,62,14.7,S,0,1004.9,8.8,Medium,No
Mirpur,residential,138,Unhealthy for Sensitive Groups,32.5,63,1.8,S,0,1007.2,8.5,High,No
Mirpur,residential,53,Moderate,31.6,95,7.6,NE,9.8,999.9,10.7,High,No
Mirpur,residential,106,Unhealthy for Sensitive Groups,26.7,65,14.4,NE,0,1011.2,11.1,High,No
Gulshan,residential,81,Moderate,29.7,94,12,N,0,1000.2,10.6,Medium,No
Agargaon,roadside,309,Hazardous,24.3,79,0.4,NE,0,1012.8,3.6,High,Yes
Motijheel,roadside,137,Unhealthy for Sensitive Groups,28.4,69,8.7,W,0,1013.2,8.8,High,No
Uttara,residential,151,Unhealthy,32.8,70,5.1,SW,0,1003.5,7.9,Severe,No
Motijheel,roadside,187,Unhealthy,26.3,68,3.5,NW,0,1010.3,7.1,High,Yes
Mirpur,residential,188,Unhealthy,25.2,83,6.1,W,0,1008.8,6.9,High,No
Mohammadpur,residential,370,Hazardous,21.1,68,2,NW,0,1017.3,3.1,Low,Yes
Uttara,residential,130,Unhealthy for Sensitive Groups,30.7,75,9.6,S,0,1006.8,9.8,Low,No
Mirpur,residential,224,Very Unhealthy,24,81,9.1,NW,0,1017.2,5.6,High,No
Mirpur,residential,69,Moderate,33.2,71,15.9,SW,0,1006.1,10.6,Low,No
Mohammadpur,residential,91,Moderate,31.8,81,20.5,S,3.6,1006.3,10.3,Medium,Yes
Mohammadpur,residential,146,Unhealthy for Sensitive Groups,31.6,58,8.9,SE,0,1004.3,9.2,High,No
Dhanmondi,roadside,90,Moderate,33.3,100,4.1,SE,8.3,999.1,10.1,High,No
Motijheel,roadside,113,Unhealthy for Sensitive Groups,31.6,64,3.5,S,0,1004,9.5,Medium,No
Old Dhaka,roadside,172,Unhealthy,29.8,57,25.5,NE,0,1009.8,8.7,High,No
Old Dhaka,roadside,230,Very Unhealthy,25.3,96,4.1,NW,0,1012.9,6.1,Medium,No
Tejgaon,industrial,201,Very Unhealthy,25.2,72,0.6,N,0,1012.7,6,Medium,Yes
Tejgaon,industrial,94,Moderate,30,72,3.5,SE,0.6,1003.4,10.9,Medium,No
Mohammadpur,residential,158,Unhealthy,20.6,61,3.1,E,0,1014,8.5,Low,Yes
Gulshan,residential,210,Very Unhealthy,14,71,8.2,NW,0,1015.2,6.4,Low,No
Mohammadpur,residential,165,Unhealthy,17.4,70,12,N,0,1015.8,8.7,High,No
Uttara,residential,123,Unhealthy for Sensitive Groups,31.5,61,13.4,SE,0,1007.3,10.3,High,Yes
Hazaribagh,industrial,179,Unhealthy,21.3,66,7.1,N,0,1013.4,8.1,Medium,No
Dhanmondi,roadside,165,Unhealthy,26.9,78,13.1,SE,0,1015,8.6,High,Yes
Jatrabari,industrial,161,Unhealthy,30.4,96,11.9,SE,0,999,8.4,High,No
Hazaribagh,industrial,165,Unhealthy,27.9,71,16.1,NE,0,1006,7.4,High,No
Mohammadpur,residential,265,Very Unhealthy,15.8,65,3.1,SW,0,1018.7,5.3,Medium,No
Agargaon,roadside,153,Unhealthy,30.8,66,2.8,NE,0,1009.3,9.7,Medium,No
Mohammadpur,residential,157,Unhealthy,32.3,74,3.5,NW,0,1003.8,8.4,Medium,Yes
Mirpur,residential,63,Moderate,30.4,98,6,SW,27.8,996.5,10.9,Severe,No
Uttara,residential,132,Unhealthy for Sensitive Groups,16,61,15.1,W,0,1012.4,8.8,Low,No
Mirpur,residential,54,Moderate,26.4,87,3.5,SW,45.3,1011.3,11.5,Medium,No
Hazaribagh,industrial,261,Very Unhealthy,24.3,67,2.3,NE,0,1015.2,5.6,Severe,No
Mohammadpur,residential,164,Unhealthy,20.9,57,19.9,W,0,1014.9,9.5,Medium,No
Baridhara,background,94,Moderate,26.6,63,6.5,NW,0,1012.4,10.7,Low,No
Mohammadpur,residential,328,Hazardous,15.4,81,3.5,N,0,1015.1,4.8,Medium,Yes
Baridhara,background,104,Unhealthy for Sensitive Groups,16.5,82,1.6,NW,0,1017.4,10.7,Low,Yes
Agargaon,roadside,126,Unhealthy for Sensitive Groups,30,80,2,NW,0,1003.9,9.6,High,No
Hazaribagh,industrial,96,Moderate,31.7,66,14.3,SE,0,1001.6,8,Low,No
Mirpur,residential,263,Very Unhealthy,21,56,0.8,SW,0,1015.2,3.9,Medium,No
Old Dhaka,roadside,228,Very Unhealthy,20.4,76,4.7,NW,0,1014.5,4.8,Severe,No
Dhanmondi,roadside,205,Very Unhealthy,17.7,70,11.7,W,0,1015.7,6.6,Severe,Yes
Uttara,residential,106,Unhealthy for Sensitive Groups,29.1,73,4.4,SE,0,1001.4,10.4,Low,Yes
Hazaribagh,industrial,176,Unhealthy,26.2,72,6,NW,0,1011,7.5,Medium,No
Uttara,residential,106,Unhealthy for Sensitive Groups,29,74,3.8,S,9.2,1003.1,10,High,No
Gulshan,residential,133,Unhealthy for Sensitive Groups,23.8,82,16.6,NW,0,1012.7,9.1,Medium,No
Uttara,residential,173,Unhealthy,13.3,61,6.5,NW,0,1010.4,9.1,Medium,Yes
Mohammadpur,residential,83,Moderate,30.1,71,17.7,N,0,1011.3,10.1,Severe,No
Motijheel,roadside,500,Hazardous,22.3,65,5.1,S,0,1017.3,0.3,Severe,No
Baridhara,background,176,Unhealthy,17,51,5.9,E,0,1012.8,7.7,Severe,No
Uttara,residential,215,Very Unhealthy,24.2,78,7.1,E,0,1012.3,6,High,No
Mirpur,residential,93,Moderate,30,93,5.9,SE,0,1002.5,9.8,Medium,No
Hazaribagh,industrial,231,Very Unhealthy,33.8,64,13.2,E,0,1007.3,5.1,High,No
Jatrabari,industrial,137,Unhealthy for Sensitive Groups,29.1,70,7.3,SE,7.3,1008.5,9.8,High,No
Hazaribagh,industrial,159,Unhealthy,28.7,89,10.6,SW,0,1003.2,9.8,Severe,Yes
Tejgaon,industrial,124,Unhealthy for Sensitive Groups,27.2,82,12.7,E,33.4,1012.5,9.1,High,No
Tejgaon,industrial,158,Unhealthy,32.2,82,8.5,N,0,1004.2,8.2,Severe,No
Jatrabari,industrial,254,Very Unhealthy,18.4,73,3.1,E,0,1014.6,4.6,High,No
Motijheel,roadside,165,Unhealthy,27.7,75,12.1,NW,0,1011.9,9,Medium,No
Mohammadpur,residential,166,Unhealthy,32.5,71,10.9,S,0,1006.4,7.5,High,No
Baridhara,background,75,Moderate,27.4,82,5.1,W,0,1003.6,11.3,Low,No
Mohammadpur,residential,153,Unhealthy,29.4,76,3.7,NE,0,1004.7,8.6,Severe,No
Uttara,residential,85,Moderate,29.1,95,0.3,NE,0,999.9,9.6,Low,No
Gulshan,residential,192,Unhealthy,17.4,74,5.1,NE,0,1014.9,7.4,Medium,No
Old Dhaka,roadside,194,Unhealthy,20.4,55,4.9,NW,0,1013.7,5.2,High,No
Agargaon,roadside,127,Unhealthy for Sensitive Groups,29.7,63,3.8,S,0,1005.9,10.2,Low,No
Mirpur,residential,82,Moderate,26.4,91,3.5,SW,9.3,997.9,12,High,No
Mirpur,residential,76,Moderate,29.6,72,3.7,S,11,1003,11.7,High,No
Mirpur,residential,92,Moderate,28.1,79,6.4,S,0,1009.2,10.5,Low,No
Jatrabari,industrial,150,Unhealthy for Sensitive Groups,28.2,99,10.1,SE,0,1012,9.8,Severe,Yes
Baridhara,background,131,Unhealthy for Sensitive Groups,29,75,4.5,N,0,1016.7,9.3,Low,No
Baridhara,background,85,Moderate,26.1,94,4.9,SE,0,1005.2,10,Medium,No
Uttara,residential,150,Unhealthy for Sensitive Groups,16.3,82,1.9,SW,0,1013.1,8.2,Medium,No
Hazaribagh,industrial,250,Very Unhealthy,31.9,61,1.2,SE,0,1008.1,4.4,Medium,Yes
Mohammadpur,residential,156,Unhealthy,27.5,87,2.7,NE,0,1004,8.1,Medium,No
Jatrabari,industrial,94,Moderate,31.4,100,4.5,SE,18.2,1003.8,10.4,Medium,No
Old Dhaka,roadside,237,Very Unhealthy,22.7,74,2.9,W,1.6,1013.2,5.2,High,Yes
Mirpur,residential,82,Moderate,29.7,100,7.9,E,0,1002.5,9.9,Medium,No
Jatrabari,industrial,165,Unhealthy,29.1,63,8,W,0,1011.2,8.5,High,No
Tejgaon,industrial,183,Unhealthy,25.2,82,3.1,E,0,1003.1,7.7,High,Yes
Motijheel,roadside,169,Unhealthy,29,78,6.2,N,0,1013.6,8.9,High,Yes
Gulshan,residential,133,Unhealthy for Sensitive Groups,36,65,3.9,N,7.7,1010,8.2,Medium,No
Agargaon,roadside,102,Unhealthy for Sensitive Groups,33.2,90,6,SE,6.5,997.7,9.9,Severe,No
Hazaribagh,industrial,158,Unhealthy,29.6,84,2.6,E,0,1000.4,9.6,High,Yes
Dhanmondi,roadside,62,Moderate,28,84,8,SW,16.7,1001.3,11.2,Medium,Yes
Mirpur,residential,183,Unhealthy,21.9,74,2.8,N,0,1017.2,9.1,High,No
Agargaon,roadside,77,Moderate,29.8,71,15.6,SE,17.2,1002,10.1,High,No
Agargaon,roadside,105,Unhealthy for Sensitive Groups,32.2,62,4.5,NE,17.9,1005.6,10.4,Severe,No
Tejgaon,industrial,129,Unhealthy for Sensitive Groups,30.5,91,2.5,S,0,1002.2,7.7,High,Yes
Tejgaon,industrial,291,Very Unhealthy,19.3,78,2.9,NW,0,1016.1,4.8,High,Yes
Gulshan,residential,165,Unhealthy,29.6,81,2.5,NW,0,1010.6,8.2,High,No
Uttara,residential,60,Moderate,31.9,87,0.9,NW,26.1,1006.1,11.4,High,Yes
Hazaribagh,industrial,152,Unhealthy,29.7,71,18.4,SW,0,1007.1,9.6,Medium,No
Mohammadpur,residential,134,Unhealthy for Sensitive Groups,28.7,76,10.2,SE,0,1008.9,8.7,Low,No
Baridhara,background,81,Moderate,24.8,57,8.1,W,0,1004.4,9.8,Low,No
Old Dhaka,roadside,118,Unhealthy for Sensitive Groups,29.4,81,5.3,NW,0,1002.9,8.8,High,No
Uttara,residential,91,Moderate,28,84,2.7,S,0,1000.7,10.6,Medium,No
Uttara,residential,71,Moderate,30.8,87,1.4,SE,0,1000.7,10.8,High,No
Gulshan,residential,176,Unhealthy,26.2,61,4.6,NW,0,1014.9,6.1,Medium,No
Mohammadpur,residential,211,Very Unhealthy,30.4,58,7.2,N,0,1005.4,5.2,High,No
Dhanmondi,roadside,131,Unhealthy for Sensitive Groups,31.5,85,5.1,S,0,1000.7,9.2,High,No
Gulshan,residential,111,Unhealthy for Sensitive Groups,32,76,24.4,S,3.2,1002.7,10.3,Severe,No
Dhanmondi,roadside,100,Moderate,29.8,82,0.9,S,2.8,999.8,8.4,High,Yes
Dhanmondi,roadside,149,Unhealthy for Sensitive Groups,35.2,63,6.2,SE,0,1002.8,9.4,High,Yes
Tejgaon,industrial,147,Unhealthy for Sensitive Groups,31.3,89,0.9,SW,9.6,1004.9,8.5,Medium,Yes
Tejgaon,industrial,173,Unhealthy,17.5,67,3.5,N,0,1015.9,7.9,Low,No
Agargaon,roadside,294,Very Unhealthy,17.7,77,3.2,SW,0,1017,3.5,High,No
Jatrabari,industrial,248,Very Unhealthy,21.8,68,1.2,NW,0,1016.2,5,High,No
Baridhara,background,160,Unhealthy,27.5,69,2.3,SW,0,1008.6,6.8,Low,No
Agargaon,roadside,122,Unhealthy for Sensitive Groups,28,96,5,S,0,1004,11.9,Medium,No
Tejgaon,industrial,200,Unhealthy,33.2,78,5.9,W,0,1006.5,7.6,High,Yes
Gulshan,residential,139,Unhealthy for Sensitive Groups,34.1,60,4.1,SE,0,1008.5,9.4,Low,No
Dhanmondi,roadside,180,Unhealthy,34,71,15.7,E,0,1000.2,7.1,High,No
Old Dhaka,roadside,154,Unhealthy,30.9,75,9,SW,0,1008,9.1,Severe,No
Jatrabari,industrial,152,Unhealthy,32.2,83,1.8,S,0,1009.2,8.4,Medium,No
Dhanmondi,roadside,155,Unhealthy,31.3,71,1.7,W,1.2,1011.8,8.8,Severe,Yes
Mirpur,residential,145,Unhealthy for Sensitive Groups,27.9,85,2.5,NE,0,1007.1,10,Low,Yes
Gulshan,residential,167,Unhealthy,18.3,80,5.4,N,0,1020.7,7.8,Medium,No
Mirpur,residential,183,Unhealthy,12.6,62,3.3,NW,0,1018.2,7.8,Medium,No
Old Dhaka,roadside,105,Unhealthy for Sensitive Groups,30,86,6.8,SW,16.3,1005.3,10.5,Medium,Yes
Tejgaon,industrial,78,Moderate,30.9,95,11.9,N,2.9,1005.6,10.9,Medium,Yes
Mohammadpur,residential,245,Very Unhealthy,19.2,62,2.1,W,0,1016.4,5.2,Medium,No
Old Dhaka,roadside,65,Moderate,26.6,80,1.2,NW,29.3,999.2,9.9,Medium,Yes
Jatrabari,industrial,337,Hazardous,18,75,6.1,SW,0,1016.1,4.7,Medium,No
Jatrabari,industrial,332,Hazardous,21.3,69,2.1,E,0,1013.8,4.4,High,Yes
Mirpur,residential,157,Unhealthy,28.4,55,8.9,N,0,1006.4,8.3,Medium,Yes
Motijheel,roadside,182,Unhealthy,27.4,75,5.6,NE,0,1013.1,7.9,Severe,No
Agargaon,roadside,70,Moderate,30.8,99,12.7,S,4.7,1000.6,9.6,High,Yes
Jatrabari,industrial,66,Moderate,32,100,7.6,W,8.6,1000.5,10,Medium,Yes
Baridhara,background,153,Unhealthy,31.3,73,4.9,SE,0,1013.4,10.3,Medium,Yes
Dhanmondi,roadside,258,Very Unhealthy,26.1,71,4.7,NE,0,1009,4.2,Severe,No
Agargaon,roadside,135,Unhealthy for Sensitive Groups,31.5,64,20.5,S,0,1006.2,9.1,High,Yes
Uttara,residential,62,Moderate,30.4,99,6.8,SW,16.2,1001.8,10.9,Medium,No
Tejgaon,industrial,205,Very Unhealthy,21.3,77,3.5,W,0,1016.5,6.6,High,No
Mirpur,residential,82,Moderate,31,97,4,S,0,1003.8,10.4,Low,No
Agargaon,roadside,208,Very Unhealthy,24,78,6,NW,0,1013.3,6.8,High,No
Uttara,residential,85,Moderate,25.2,57,18.5,NE,0,1002.8,8.3,Low,No
Uttara,residential,71,Moderate,30.8,77,9.5,NE,0,1005.2,10.7,High,No
Baridhara,background,167,Unhealthy,20.7,64,10.7,N,0,1009.4,8.3,Low,No
Gulshan,residential,163,Unhealthy,30.4,64,11.1,N,0,1008,6.4,High,No
Mohammadpur,residential,155,Unhealthy,25.9,80,1.8,E,0,1001.9,8.4,High,No
Baridhara,background,65,Moderate,29.9,81,23.1,SE,0.4,1002.7,11.1,Low,No
Dhanmondi,roadside,197,Unhealthy,16.5,75,5.3,N,0,1015.8,7.3,Severe,Yes
Tejgaon,industrial,177,Unhealthy,24.9,71,13.4,N,0,1014.4,7.9,Medium,No
Tejgaon,industrial,165,Unhealthy,31.9,78,16.5,NE,0,1006.8,7.8,High,Yes
Hazaribagh,industrial,188,Unhealthy,25,80,1.2,SE,0,1011.8,7.6,Severe,No
Mohammadpur,residential,179,Unhealthy,21.9,73,4.8,NW,0,1011.7,7.3,Low,No
Tejgaon,industrial,153,Unhealthy,32.5,70,4,S,18.7,1000,8.8,Severe,Yes
Old Dhaka,roadside,88,Moderate,31.3,73,3.2,S,6.4,1001.8,8.7,High,No
Gulshan,residential,80,Moderate,29.6,67,7.9,SW,1,1004,9.5,Low,No
Old Dhaka,roadside,184,Unhealthy,28.5,83,8.6,E,0,1009.2,8.1,Medium,Yes
Agargaon,roadside,295,Very Unhealthy,17.8,78,1.6,NW,0,1016.2,4,Severe,No
Baridhara,background,91,Moderate,31.9,86,2,SE,0,1004.6,9.6,Medium,No
Gulshan,residential,96,Moderate,31.8,82,6.6,NW,0,1002.2,8.9,High,No
Dhanmondi,roadside,180,Unhealthy,26.9,57,11.1,E,0,1007.3,8.5,Medium,No
Baridhara,background,182,Unhealthy,14.1,79,9,SW,0,1011.6,7.1,Medium,No
Motijheel,roadside,175,Unhealthy,26.1,74,12.9,SW,0,1014.8,8.9,Medium,No
Agargaon,roadside,129,Unhealthy for Sensitive Groups,33.3,70,18.3,SE,0,1008.2,9.4,High,Yes
Motijheel,roadside,107,Unhealthy for Sensitive Groups,27.7,85,8.8,S,0,1000.9,8.9,High,No
Mirpur,residential,75,Moderate,27.2,81,9.9,SW,5.1,1001,10.7,Medium,No
Baridhara,background,158,Unhealthy,19.7,61,8.6,N,0,1016.3,8.4,High,No
Old Dhaka,roadside,165,Unhealthy,24.1,80,1.6,S,2,1011.9,7.9,High,No
Baridhara,background,96,Moderate,30.2,64,6.4,S,0,1008.2,9.8,Low,No
Motijheel,roadside,162,Unhealthy,26.9,75,11.5,NW,0,1007.1,7.5,Severe,No
Old Dhaka,roadside,266,Very Unhealthy,18.7,84,2.3,NE,0,1016.1,4.7,High,No
Baridhara,background,80,Moderate,29.8,78,1.2,S,0,1007,9.7,Medium,No
Motijheel,roadside,281,Very Unhealthy,31.6,58,2.5,N,0,1010.3,3.4,Severe,Yes
Dhanmondi,roadside,177,Unhealthy,25.8,74,3.1,SW,0,1015.8,6.9,Severe,No
Mirpur,residential,181,Unhealthy,24.2,70,5.2,S,0,1012.4,10.6,Severe,No
Dhanmondi,roadside,43,Good,32,67,10.9,N,30.3,1007.8,10.5,Low,Yes
Mohammadpur,residential,77,Moderate,32.9,74,12.2,SW,6.2,999.9,11.1,High,No
Uttara,residential,78,Moderate,29.3,88,9,S,0,1005.9,8.4,Medium,Yes
Agargaon,roadside,158,Unhealthy,33.1,66,17.3,S,0,1007.8,8.6,Severe,Yes
Tejgaon,industrial,160,Unhealthy,24.9,74,3,E,18.3,1005.2,7.3,Severe,Yes
Uttara,residential,187,Unhealthy,19.1,71,2.7,W,0,1013.3,6.3,High,No
Agargaon,roadside,183,Unhealthy,28.1,67,2.8,SE,0,1007.7,7,High,No
Agargaon,roadside,106,Unhealthy for Sensitive Groups,27,77,4.8,S,0,1010.4,11.1,High,No
Uttara,residential,186,Unhealthy,18.6,68,2.5,N,0,1017.7,8.2,Low,No
Mirpur,residential,176,Unhealthy,21.1,70,9.3,SW,0,1012.2,7.1,Low,No
Dhanmondi,roadside,202,Very Unhealthy,35.4,71,2.2,S,0,1007.4,6.9,Medium,No
Tejgaon,industrial,94,Moderate,29.3,87,14.9,E,2.8,1000.4,9.9,High,Yes
Old Dhaka,roadside,153,Unhealthy,22,87,2.4,W,0,1011.4,8.3,Severe,No
Mohammadpur,residential,171,Unhealthy,18.3,66,9.9,N,0,1013.6,6.4,Medium,No
Motijheel,roadside,53,Moderate,30.5,87,4,SE,38.3,1002.1,11.7,High,Yes
Uttara,residential,88,Moderate,30.4,100,10.9,S,0,1005.8,10.8,Severe,No
Motijheel,roadside,106,Unhealthy for Sensitive Groups,29.7,85,6.7,NW,0,998.1,9.7,High,No
Agargaon,roadside,84,Moderate,32.7,85,10.5,NE,3.2,1007.1,9.6,Medium,No
Tejgaon,industrial,171,Unhealthy,27.3,68,0.9,W,0,1019.7,7.9,High,No
Mohammadpur,residential,180,Unhealthy,30.7,62,5.8,S,2.3,1005.7,7.7,Medium,No
Baridhara,background,158,Unhealthy,16.3,69,10.3,W,0,1018.5,9.6,Medium,Yes
Hazaribagh,industrial,181,Unhealthy,26.9,89,6,SE,0.3,1004.2,7.3,High,No
Uttara,residential,107,Unhealthy for Sensitive Groups,31.8,73,4.2,S,0,1008.9,9.1,Medium,Yes
Baridhara,background,101,Unhealthy for Sensitive Groups,31.6,71,2.1,S,0,1005.1,10,Low,Yes
Mirpur,residential,234,Very Unhealthy,15.3,76,2.4,N,0,1012.6,5.5,Medium,Yes
Agargaon,roadside,172,Unhealthy,18.8,62,11.3,NW,0,1013.8,8.6,Severe,No
Mohammadpur,residential,169,Unhealthy,26.6,82,7.2,W,0,1009.9,6,Low,Yes
Hazaribagh,industrial,255,Very Unhealthy,16.8,70,8,NW,0,1011.9,4.1,High,No
Motijheel,roadside,128,Unhealthy for Sensitive Groups,28.6,86,5,SW,0,1000,9.3,High,No
Tejgaon,industrial,163,Unhealthy,30.7,82,4.7,S,0,1004.5,7.3,High,No
Tejgaon,industrial,211,Very Unhealthy,18.2,62,8,N,0,1018.9,6.5,High,Yes
Gulshan,residential,162,Unhealthy,16.9,60,9.5,S,0,1012.7,7.6,Medium,Yes
Tejgaon,industrial,179,Unhealthy,28.8,71,4.8,N,0,1013.1,7.2,Severe,Yes
Old Dhaka,roadside,93,Moderate,29.8,89,9.5,SW,0,998.4,9.5,Medium,Yes
Hazaribagh,industrial,143,Unhealthy for Sensitive Groups,33.3,67,9.1,W,0,1004,10.7,Medium,No
Tejgaon,industrial,119,Unhealthy for Sensitive Groups,30.4,85,1.7,W,0,997.3,9.1,Low,No
Hazaribagh,industrial,218,Very Unhealthy,18.2,64,5.7,NE,0,1010.5,6.5,Medium,Yes
Hazaribagh,industrial,254,Very Unhealthy,20.1,74,4.6,SW,0,1017.9,3.5,High,No
Tejgaon,industrial,257,Very Unhealthy,23.8,70,1.5,SW,0,1013.8,5.9,High,No
Mohammadpur,residential,166,Unhealthy,32.2,65,11.6,SW,0,1006.9,7.7,High,No
Mirpur,residential,165,Unhealthy,31.7,75,3,SW,0,1006.1,7.8,Medium,No
Baridhara,background,136,Unhealthy for Sensitive Groups,28.6,83,3,SE,0,1007.6,8.8,Low,No
Agargaon,roadside,174,Unhealthy,18.4,58,24.2,NW,0,1010.5,7.2,Medium,No
Mirpur,residential,106,Unhealthy for Sensitive Groups,30.3,85,3.6,S,0,996.3,8.9,Medium,No
Dhanmondi,roadside,171,Unhealthy,29.1,77,5.1,SW,0,1001.1,9,Severe,No
Old Dhaka,roadside,151,Unhealthy,27.2,86,1.7,W,0,1002.8,8.9,Low,No
Gulshan,residential,59,Moderate,30.6,60,22.2,E,0,999.3,10,Medium,No
Hazaribagh,industrial,334,Hazardous,20.2,72,11.9,W,0,1009,4.7,High,No
Motijheel,roadside,155,Unhealthy,29.5,91,0.8,S,2.2,1004,8,Severe,No
Uttara,residential,129,Unhealthy for Sensitive Groups,33.6,67,33.9,NE,0,1009.3,9.5,High,No
Gulshan,residential,79,Moderate,28.7,76,19.8,S,0,998.1,8.5,Medium,Yes
Old Dhaka,roadside,261,Very Unhealthy,12.8,86,5.3,N,0,1011.6,2,Medium,No
Agargaon,roadside,127,Unhealthy for Sensitive Groups,28.7,94,3.2,SW,0,1003.5,9.5,High,No
Hazaribagh,industrial,69,Moderate,27.2,81,15.5,SE,14.5,996.8,10.8,High,Yes
Agargaon,roadside,32,Good,30.6,83,11.1,SW,39.3,998.2,10.4,Medium,No
Uttara,residential,190,Unhealthy,16.4,54,17.4,SW,0,1018.3,8.6,High,No
Old Dhaka,roadside,97,Moderate,31.8,89,22.5,S,1.9,1000.3,8.9,High,No
Mirpur,residential,52,Moderate,31.7,74,6.5,SE,28.8,1001.7,10.1,Medium,Yes
Uttara,residential,154,Unhealthy,28.7,73,8.3,S,0,1003.6,8.3,High,No
Old Dhaka,roadside,158,Unhealthy,29,76,3.3,W,0,1009.5,8.6,Low,No
Mohammadpur,residential,165,Unhealthy,20.9,69,2.4,NW,0,1014.4,9.6,Low,No
Motijheel,roadside,382,Hazardous,22.4,61,4.2,N,0,1017.1,2.2,Severe,Yes
Agargaon,roadside,92,Moderate,26.4,95,10.3,S,0,1000.3,9,Medium,No
Uttara,residential,81,Moderate,31.7,68,26.5,W,0,1003.7,9.2,High,No
Tejgaon,industrial,147,Unhealthy for Sensitive Groups,26,86,3.4,SE,0,1001.3,7.5,Medium,No
Agargaon,roadside,135,Unhealthy for Sensitive Groups,29,78,6.1,SW,0,999.5,9.8,Severe,No
Mohammadpur,residential,64,Moderate,32,87,12,SW,11.9,1000.3,11.5,Low,No
Tejgaon,industrial,155,Unhealthy,35.4,83,7.3,NE,0,999.4,8.7,High,No
Mohammadpur,residential,95,Moderate,29.6,74,9.7,SE,0,998.4,10,Severe,No
Agargaon,roadside,126,Unhealthy for Sensitive Groups,27.8,96,6.9,SW,0,1003.5,9.8,Severe,Yes
Uttara,residential,172,Unhealthy,17.2,84,1.6,N,0,1015.7,7,High,Yes
Agargaon,roadside,154,Unhealthy,27.2,86,11.8,W,0,1008,8.8,High,No
Jatrabari,industrial,194,Unhealthy,25.3,85,7.7,N,0,1015,5.8,Medium,No
Jatrabari,industrial,182,Unhealthy,28.7,82,4.7,SE,0,1004.7,8.1,High,No
Dhanmondi,roadside,151,Unhealthy,25.9,70,4.3,W,12.8,1012.7,9,Severe,No
Tejgaon,industrial,185,Unhealthy,28,70,3,NE,0,1004,7.1,Medium,Yes
Dhanmondi,roadside,130,Unhealthy for Sensitive Groups,30.6,65,12,SW,0,1005.8,9.3,High,No
Baridhara,background,65,Moderate,28.4,87,1.4,S,0,996.9,9.9,Low,No
Agargaon,roadside,127,Unhealthy for Sensitive Groups,28.8,83,3.7,E,1,999.4,9.4,Medium,Yes
Tejgaon,industrial,175,Unhealthy,17.6,62,3.6,NE,0,1015.6,7.4,Medium,No
Old Dhaka,roadside,228,Very Unhealthy,15.5,70,3.7,NW,0,1015.3,6.6,High,Yes
Mirpur,residential,161,Unhealthy,29.2,67,3.1,SE,0,1004.6,7.4,Medium,No
Jatrabari,industrial,142,Unhealthy for Sensitive Groups,31.2,92,6.8,SE,0,1001.7,10.5,High,Yes
Motijheel,roadside,152,Unhealthy,30.4,68,1.6,N,4.2,1007.3,9.3,Medium,No
Hazaribagh,industrial,142,Unhealthy for Sensitive Groups,26.8,70,10.9,NE,1.4,1000,9.7,Severe,No
Mirpur,residential,81,Moderate,31.8,88,18.8,SE,0,1003.3,7.9,High,No
Tejgaon,industrial,148,Unhealthy for Sensitive Groups,30.8,98,8.4,E,0,1001.9,9,Medium,No
Tejgaon,industrial,480,Hazardous,14.2,70,2,NW,0,1013.2,1.6,High,Yes
Tejgaon,industrial,169,Unhealthy,30.1,76,11.4,NW,0,1011.1,8.2,Severe,Yes
Uttara,residential,209,Very Unhealthy,16.2,66,3.7,N,0,1013.6,5,Low,No
Mohammadpur,residential,206,Very Unhealthy,21.4,75,6,NE,0,1011.9,7.3,High,No
Baridhara,background,167,Unhealthy,17.7,64,5.1,NW,0,1017,9,Low,No
Motijheel,roadside,215,Very Unhealthy,18.7,68,8.6,W,0,1016.1,6.3,Severe,No
Gulshan,residential,177,Unhealthy,18.3,68,6,NE,0,1009.5,7,Severe,Yes
Mohammadpur,residential,59,Moderate,27.3,89,4.8,SW,4.9,996.6,10.7,Low,No
Motijheel,roadside,175,Unhealthy,34.5,61,3.9,SE,0,1007.8,7.8,Severe,No
Uttara,residential,188,Unhealthy,21.3,58,3.9,W,0,1012.8,5.9,Medium,No
Jatrabari,industrial,108,Unhealthy for Sensitive Groups,25.1,82,10.1,N,14.9,1011.3,9.8,Medium,No
Old Dhaka,roadside,120,Unhealthy for Sensitive Groups,30.3,88,5.2,SW,0,1000.6,8.8,Medium,Yes
Uttara,residential,124,Unhealthy for Sensitive Groups,29.4,79,7.5,SE,0.7,1011.9,9.8,Low,No
Uttara,residential,76,Moderate,30.1,92,10,SW,1.5,1003.5,10.9,Medium,No
Agargaon,roadside,363,Hazardous,24.4,68,4.2,N,0,1009.9,3.1,Medium,Yes
Baridhara,background,159,Unhealthy,34.3,80,4.2,NE,0,1008,7.7,Low,No
Agargaon,roadside,115,Unhealthy for Sensitive Groups,26.7,75,4.9,NW,0,1014.6,9.8,Low,No
Mohammadpur,residential,67,Moderate,29,83,1.6,N,11.9,1002.7,9.4,High,No
Dhanmondi,roadside,102,Unhealthy for Sensitive Groups,28.2,88,9,SW,0,1003.3,10.2,High,Yes
Baridhara,background,124,Unhealthy for Sensitive Groups,25.5,86,4.9,SE,0,1012.4,9.5,High,No
Motijheel,roadside,138,Unhealthy for Sensitive Groups,34.1,74,8.5,W,0,1009.5,9,High,Yes
Mirpur,residential,102,Unhealthy for Sensitive Groups,29.4,89,4.1,S,0,1001.9,10,Medium,No
Dhanmondi,roadside,65,Moderate,31.6,91,16.2,S,0,998.8,10.2,Medium,No
Dhanmondi,roadside,219,Very Unhealthy,22.8,51,11.9,W,0,1018,4.7,High,No
Mirpur,residential,223,Very Unhealthy,15.2,73,7.2,N,0,1018.1,5,Medium,No
Dhanmondi,roadside,371,Hazardous,15.7,77,0.5,SW,0,1015.3,3.4,High,Yes
Tejgaon,industrial,245,Very Unhealthy,25.1,71,4.3,SW,0,1019.6,5.6,Severe,Yes
Old Dhaka,roadside,163,Unhealthy,30.8,68,13.2,SW,0,1007.7,9,High,No
Mirpur,residential,160,Unhealthy,25.3,70,20.3,NE,0,1011.2,8.6,Medium,No
Agargaon,roadside,179,Unhealthy,15.3,67,1.6,S,0,1018,7.1,Severe,Yes
Agargaon,roadside,92,Moderate,30.6,61,0.8,SE,17.2,1008.2,10.4,Medium,Yes
Old Dhaka,roadside,293,Very Unhealthy,24.3,78,3.2,SW,0,1016.9,3.6,High,No
Hazaribagh,industrial,160,Unhealthy,31.2,97,4,NE,6.3,996.6,7.7,High,No
Mohammadpur,residential,43,Good,30.3,100,10,SE,11.6,1002.9,11.7,Medium,No
Jatrabari,industrial,86,Moderate,32.9,78,2.7,SE,2.4,1000.7,10.9,Medium,No
Old Dhaka,roadside,180,Unhealthy,30.5,73,3.3,NW,0,1009.6,6.8,High,Yes
Tejgaon,industrial,190,Unhealthy,27.8,72,3.5,W,0,1010.4,7.3,High,No
Gulshan,residential,198,Unhealthy,33.9,70,6.1,W,0,1009.3,7.3,High,No
Tejgaon,industrial,224,Very Unhealthy,26.4,70,7.5,SE,0,1012.8,5.7,Severe,No
Agargaon,roadside,183,Unhealthy,33.7,64,4.1,SW,0,1004,9.1,High,Yes
Hazaribagh,industrial,88,Moderate,29.3,92,7.8,E,0,997.5,9.7,High,Yes
Mohammadpur,residential,146,Unhealthy for Sensitive Groups,33.3,62,0.9,N,3.6,1006.6,9.1,Low,No
Gulshan,residential,80,Moderate,29.6,93,17.2,S,3.7,1005.3,12,High,Yes
Old Dhaka,roadside,205,Very Unhealthy,20.6,81,2.2,NW,0,1013.7,5.6,High,No
Uttara,residential,159,Unhealthy,27.4,72,9.9,SW,0,1014.3,8.7,Low,No
Mirpur,residential,194,Unhealthy,22.3,80,2.9,N,0,1014.3,7.3,Medium,No
Tejgaon,industrial,81,Moderate,30.9,74,9.9,SE,6.4,1008.3,10.7,High,No
Hazaribagh,industrial,61,Moderate,28.6,81,5.2,S,37.6,1004.3,9.9,Medium,No
Baridhara,background,180,Unhealthy,19.7,72,8.2,N,0,1013.5,8.5,Medium,No
Mohammadpur,residential,68,Moderate,28.2,87,13.1,S,2.8,1001.5,10.3,High,No
Baridhara,background,65,Moderate,33.2,79,17.9,S,3.3,1005,10,Low,No
Mohammadpur,residential,84,Moderate,31.6,77,8.8,S,0,1006.6,10.8,Medium,Yes
Uttara,residential,191,Unhealthy,18.4,66,0.8,NE,0,1011.1,6.1,Low,No
Motijheel,roadside,500,Hazardous,24.8,69,2,W,0,1012.5,0.3,Severe,Yes
Motijheel,roadside,77,Moderate,32.7,81,16.6,S,0,1004.2,10,Low,No
Baridhara,background,69,Moderate,30.3,77,5.7,SW,0,1006.2,10.2,Medium,No
Baridhara,background,106,Unhealthy for Sensitive Groups,28.4,74,4.2,NE,0,1010.9,10.4,Medium,No
Jatrabari,industrial,59,Moderate,28.9,83,10.2,S,29.4,1001.3,10.2,Medium,Yes
Gulshan,residential,119,Unhealthy for Sensitive Groups,26.3,90,7.1,SE,0,1011.1,8.9,Low,No
Uttara,residential,143,Unhealthy for Sensitive Groups,28.3,60,25,E,0,1007.2,8.3,Medium,No
Uttara,residential,153,Unhealthy,29.8,75,7,S,0,1012.2,10.1,Medium,No
Agargaon,roadside,174,Unhealthy,26.7,88,4.4,NW,0,1012.1,6.5,High,Yes
Dhanmondi,roadside,186,Unhealthy,13.2,66,9.2,N,0,1014.1,7.3,Severe,Yes
Mirpur,residential,108,Unhealthy for Sensitive Groups,31,87,10.6,S,0,1003,10,Severe,No
Agargaon,roadside,256,Very Unhealthy,22.6,75,1.6,N,0,1017.3,4.6,Severe,No
Mirpur,residential,182,Unhealthy,31,71,6.3,SE,0,1004.6,7.5,Severe,No
Dhanmondi,roadside,162,Unhealthy,9.6,71,17,NW,0,1015.6,8.5,Severe,No
Uttara,residential,98,Moderate,29.5,80,3.4,E,2.5,1002.1,9.4,High,No
Old Dhaka,roadside,153,Unhealthy,27.5,90,5.5,S,0,999.1,9.5,High,No
Old Dhaka,roadside,189,Unhealthy,16.9,67,14.4,NW,0,1013.9,5.2,Medium,No
Jatrabari,industrial,248,Very Unhealthy,24.1,70,14.2,SE,0,1013.8,5.4,High,No
Baridhara,background,101,Unhealthy for Sensitive Groups,24.9,69,16.8,S,0,1005.8,11,Medium,No
Baridhara,background,153,Unhealthy,16.1,77,3.6,W,0,1019.7,8.8,Low,No
Hazaribagh,industrial,156,Unhealthy,33.1,83,4.3,S,0,1007,9.2,Medium,No
Jatrabari,industrial,202,Very Unhealthy,25.2,72,9.7,E,0,1011.9,6.2,High,No
Uttara,residential,152,Unhealthy,16.3,70,12.4,S,0,1016.6,9.1,Low,No
Old Dhaka,roadside,173,Unhealthy,36.1,56,6.9,S,0,1006.8,7.1,High,Yes
Jatrabari,industrial,77,Moderate,31.9,80,9.6,S,36,1005.9,10.1,Severe,No
Tejgaon,industrial,500,Hazardous,22.3,70,2.6,W,0,1018.7,1.2,Severe,Yes
Motijheel,roadside,181,Unhealthy,20.7,68,1.3,NW,0,1018.7,6,Severe,No
Uttara,residential,115,Unhealthy for Sensitive Groups,30.3,85,1.9,S,0,1004.3,9.1,Medium,No
Uttara,residential,70,Moderate,32.3,86,6.3,W,0.1,1001.7,9.8,Low,No
Uttara,residential,192,Unhealthy,31.8,72,2.6,N,0,1011.9,9,Low,No
Mirpur,residential,173,Unhealthy,26.8,78,9.1,SW,0,1005,8.4,High,No
Hazaribagh,industrial,110,Unhealthy for Sensitive Groups,29.9,90,3.8,SW,0.5,1002.2,9.4,High,No
Motijheel,roadside,209,Very Unhealthy,26.9,84,11.4,W,0,1008.1,7.8,High,No
Jatrabari,industrial,166,Unhealthy,25.9,73,3.7,SE,4.4,1013,9.2,High,No
Baridhara,background,154,Unhealthy,29.5,72,4.1,NE,0,1015.1,8.5,Medium,No
Hazaribagh,industrial,225,Very Unhealthy,19.9,69,12,NW,0,1012.2,5.8,Medium,No
Gulshan,residential,182,Unhealthy,31.8,84,6,N,0,1015.4,8.6,Low,Yes
Agargaon,roadside,156,Unhealthy,29.8,82,6.5,W,0,1012.6,9.6,High,No
Uttara,residential,61,Moderate,32.5,79,5.4,SW,0,1000.1,10.5,High,Yes
Uttara,residential,62,Moderate,27.8,90,7.1,S,0,1002.6,11,Low,No
Uttara,residential,153,Unhealthy,25,70,2,NE,0,1014.8,9.3,Low,No
Jatrabari,industrial,139,Unhealthy for Sensitive Groups,29.2,63,14.2,NW,0,1010.1,9.9,High,Yes
Baridhara,background,64,Moderate,32.4,86,4.1,SE,0,1005,9.9,High,No
Mohammadpur,residential,39,Good,28.3,76,2.1,S,41.4,1001.1,10,Medium,No
Mohammadpur,residential,56,Moderate,28.3,77,12.7,W,23.5,999.7,10.6,Low,No
Jatrabari,industrial,68,Moderate,28,97,9.2,SE,0,1002,9.1,Severe,Yes
Dhanmondi,roadside,200,Unhealthy,28.6,81,7.3,SW,0,1015.3,8,Medium,No
Uttara,residential,158,Unhealthy,30.6,86,7.3,SE,0,1006.5,8.9,High,No
Dhanmondi,roadside,157,Unhealthy,32.3,72,19.5,SW,0,1005.5,8.1,Medium,No
Baridhara,background,63,Moderate,27.9,90,3.9,E,0,999.5,10.2,Medium,No
Old Dhaka,roadside,175,Unhealthy,31.7,84,6.1,SE,0,1003.8,6.5,Severe,No
Jatrabari,industrial,190,Unhealthy,22.6,75,0.7,N,0,1009.2,6.8,Medium,Yes
Mirpur,residential,142,Unhealthy for Sensitive Groups,28.2,92,0.3,SW,0,1004,10.2,Severe,Yes
Jatrabari,industrial,75,Moderate,28.7,96,7.7,E,6.1,1001.3,8.8,Low,No
Uttara,residential,220,Very Unhealthy,19.8,76,6.8,N,0,1014.8,4.8,Medium,No
Motijheel,roadside,147,Unhealthy for Sensitive Groups,28.6,78,7.4,W,11.4,999.1,9,Medium,No
Dhanmondi,roadside,163,Unhealthy,30.8,81,7.3,NW,0,1012,9.6,High,Yes
Baridhara,background,60,Moderate,30.9,79,12.5,S,2.3,1001.3,10.7,Low,No
Mohammadpur,residential,162,Unhealthy,25.3,75,4.7,NW,0,1008.3,7.6,Low,No
Baridhara,background,175,Unhealthy,29.5,91,4,SW,0,1010.4,7.8,High,No
Jatrabari,industrial,203,Very Unhealthy,30,58,3.2,E,0,1004.8,6.2,Medium,Yes
Hazaribagh,industrial,141,Unhealthy for Sensitive Groups,28.9,100,8.2,S,1.1,998.1,8.6,High,Yes
Jatrabari,industrial,88,Moderate,31.6,89,13.6,E,2.8,1003.9,9,Low,Yes
Mohammadpur,residential,167,Unhealthy,24.9,64,11.9,NW,0,1004.1,8.1,High,No
Tejgaon,industrial,224,Very Unhealthy,21.6,71,16.2,N,0,1016.1,5.3,Medium,No
Mohammadpur,residential,239,Very Unhealthy,16.5,65,5,SW,0,1020.7,4.6,Medium,No
Jatrabari,industrial,213,Very Unhealthy,16.5,66,3.4,N,0,1012.7,6.1,Medium,No
Tejgaon,industrial,193,Unhealthy,33.5,86,5.9,S,3.2,1003.2,7.1,Severe,Yes
Mohammadpur,residential,193,Unhealthy,17.1,67,8.2,NW,0,1014,7,Medium,No
Dhanmondi,roadside,169,Unhealthy,33.4,61,10.4,SW,0,1007.6,8.2,High,No
Dhanmondi,roadside,128,Unhealthy for Sensitive Groups,30.5,83,4.1,N,4.9,997.6,10.5,High,No
Tejgaon,industrial,185,Unhealthy,32,57,8.8,N,0,1008,8.5,High,Yes
Old Dhaka,roadside,205,Very Unhealthy,26.4,68,2.9,S,4.1,1011.3,7.1,High,No
Mohammadpur,residential,121,Unhealthy for Sensitive Groups,30.2,58,10.4,SW,0,1013,10.6,Medium,No
Jatrabari,industrial,329,Hazardous,24.3,83,0.9,SW,0,1009.9,5.8,High,No
Jatrabari,industrial,174,Unhealthy,29.3,81,1.3,NE,0,1009.8,7.6,Low,No
Mohammadpur,residential,210,Very Unhealthy,25.8,83,1.7,SE,0,1012.1,7.4,Severe,No
Agargaon,roadside,138,Unhealthy for Sensitive Groups,28.1,85,3,S,0,1004.2,9,Severe,No
Gulshan,residential,26,Good,28.9,89,8.8,SE,44,1001.7,11.7,Low,No
Hazaribagh,industrial,214,Very Unhealthy,22.4,79,8.1,N,0,1018.2,6.9,Low,Yes
Baridhara,background,46,Good,32.1,88,6.4,S,34.1,1002.2,11,Low,No
Tejgaon,industrial,161,Unhealthy,20.9,83,1.5,NE,0,1015.3,9.1,Medium,No
Baridhara,background,93,Moderate,27,68,14.3,S,0,1002.7,10.8,Low,No
Mohammadpur,residential,174,Unhealthy,21.6,75,4.3,NE,0,1016.5,8.3,Low,No
Dhanmondi,roadside,57,Moderate,32.3,91,14.7,SE,6.6,1005.8,11.4,High,No
Old Dhaka,roadside,187,Unhealthy,19.6,63,5,SW,0,1012.5,6.9,Medium,Yes
Uttara,residential,170,Unhealthy,25.9,70,1.1,S,0,1013.9,8.4,Medium,No
Agargaon,roadside,219,Very Unhealthy,14.4,55,2.5,W,0,1011.5,5.6,High,No
Agargaon,roadside,79,Moderate,31.2,84,1.3,S,13.5,1003.2,9,Severe,Yes
Tejgaon,industrial,250,Very Unhealthy,15.4,68,0.4,SE,0,1014.6,5.1,Medium,Yes
Tejgaon,industrial,117,Unhealthy for Sensitive Groups,31.9,82,4.8,S,1.7,1004,10.1,Low,No
Old Dhaka,roadside,126,Unhealthy for Sensitive Groups,32.5,65,7.8,SE,16.2,1006.8,9.2,Medium,No
Gulshan,residential,74,Moderate,33.2,89,8.8,W,0,1001.8,10.5,High,Yes
Old Dhaka,roadside,198,Unhealthy,20.7,63,8.4,W,0,1014.8,8.9,Low,Yes
Gulshan,residential,157,Unhealthy,26,93,3.3,SW,0,1011.4,8.9,Low,No
Old Dhaka,roadside,208,Very Unhealthy,29.8,73,2.4,NE,0,1007.1,7.4,Medium,No
Baridhara,background,142,Unhealthy for Sensitive Groups,18.1,64,5,E,0,1016.1,9.6,Low,Yes
Old Dhaka,roadside,453,Hazardous,17.2,75,3.1,NE,0,1018.6,0.3,Severe,No
Jatrabari,industrial,228,Very Unhealthy,23.7,78,7.8,N,0,1017.4,5.2,Medium,Yes
Gulshan,residential,126,Unhealthy for Sensitive Groups,34.2,71,4.9,S,6.8,1011.4,8.9,Medium,No
Motijheel,roadside,189,Unhealthy,13.8,62,6.4,NW,0,1012.1,5.6,Medium,Yes
Mohammadpur,residential,112,Unhealthy for Sensitive Groups,27.1,96,15.2,E,0,1009.1,9.2,Severe,Yes
Baridhara,background,61,Moderate,30.1,90,10.5,NW,0,1004.8,8.8,Severe,No
Motijheel,roadside,460,Hazardous,16.3,60,11.4,SW,0,1012.5,1.8,Severe,No
Hazaribagh,industrial,282,Very Unhealthy,32.1,70,1.7,S,0,1011,4.1,Severe,No
Uttara,residential,218,Very Unhealthy,24.1,68,1.4,N,0,1013.7,6.4,Medium,No
Hazaribagh,industrial,222,Very Unhealthy,22.1,70,5.2,S,0,1014.6,5.7,Severe,No
Agargaon,roadside,164,Unhealthy,34.4,58,11.6,SW,0,1006.1,8.5,Severe,Yes
Tejgaon,industrial,184,Unhealthy,16.5,70,6.3,E,0,1015,7.4,High,No
Motijheel,roadside,223,Very Unhealthy,19.1,63,2.4,N,0,1019.1,6.2,High,No
Dhanmondi,roadside,129,Unhealthy for Sensitive Groups,25.1,75,7.7,SW,0,1014.3,9.8,High,Yes
Mirpur,residential,47,Good,30.4,88,7.6,S,30.7,1006.9,10.1,Medium,No
Tejgaon,industrial,179,Unhealthy,27.8,74,3.4,SW,0,1016.7,8.9,High,No
Jatrabari,industrial,185,Unhealthy,22.4,68,10.9,W,0,1013.9,7.8,Medium,No
Gulshan,residential,125,Unhealthy for Sensitive Groups,30.3,85,8.1,NW,0,1008.5,8.6,High,No
Old Dhaka,roadside,157,Unhealthy,32.7,61,15.2,SE,0,1007.4,9.2,High,No
Old Dhaka,roadside,327,Hazardous,16,65,5.2,S,0,1015.8,3.9,Severe,No
Jatrabari,industrial,246,Very Unhealthy,23.6,68,7.4,N,0,1007.3,4.1,Severe,No
Dhanmondi,roadside,180,Unhealthy,20.8,63,6.2,S,0,1017,5.7,Medium,No
Dhanmondi,roadside,198,Unhealthy,34.8,69,1.5,S,0,1004.4,5.8,Severe,No
Dhanmondi,roadside,185,Unhealthy,26.9,83,5.1,N,0,1010,8.8,High,Yes
Agargaon,roadside,95,Moderate,27.3,79,8.2,E,6.7,1003.9,9,High,No
Agargaon,roadside,105,Unhealthy for Sensitive Groups,33.8,90,12.2,NE,0,1003.2,10.2,Medium,Yes
Dhanmondi,roadside,174,Unhealthy,32.2,69,3.7,SE,0,1007.2,7.8,High,No
Hazaribagh,industrial,218,Very Unhealthy,19.6,59,4.9,S,3.8,1015.6,7.8,Medium,No
Tejgaon,industrial,174,Unhealthy,24.1,79,11.3,N,0,1012.6,8.9,Medium,No
Dhanmondi,roadside,349,Hazardous,19.1,80,3.9,W,0,1013.5,2.8,Medium,No
Uttara,residential,169,Unhealthy,21.4,55,1.2,NW,0,1015.8,7.9,High,No
Motijheel,roadside,238,Very Unhealthy,20.8,86,7.4,S,0,1015,3.7,High,No
Motijheel,roadside,178,Unhealthy,25.3,73,5.7,NW,0,1011.3,6.2,Severe,No
Hazaribagh,industrial,97,Moderate,29.9,72,1.2,NW,4.1,1004.9,9.2,High,No
Old Dhaka,roadside,179,Unhealthy,29.5,69,6.4,N,0,1007.7,7.9,Medium,No
Uttara,residential,85,Moderate,31.2,85,5.2,S,20.3,1014.6,8.7,Medium,No
Tejgaon,industrial,228,Very Unhealthy,22.1,68,3.9,SW,0,1013.8,5.6,High,Yes
Old Dhaka,roadside,191,Unhealthy,25.7,80,5.4,W,0,1010.8,5.7,High,No
Mohammadpur,residential,223,Very Unhealthy,14.9,87,5.4,W,0,1011.2,4.4,Medium,No
Mohammadpur,residential,96,Moderate,31.7,70,8.8,SE,0,1004.6,9.7,Low,No
Jatrabari,industrial,221,Very Unhealthy,17.3,94,4.4,N,0,1014.1,4.1,Low,No
Motijheel,roadside,215,Very Unhealthy,26,88,8.6,SW,0,1012.2,6.3,High,No
Old Dhaka,roadside,189,Unhealthy,24.2,78,8.4,NE,0,1009.8,7.1,Severe,No
Mohammadpur,residential,91,Moderate,28.2,87,4.1,S,0,999.3,10.5,Medium,No
Baridhara,background,138,Unhealthy for Sensitive Groups,19.6,67,12.1,NW,0,1015.9,8.4,Low,No
Tejgaon,industrial,170,Unhealthy,18.1,72,2.7,N,0,1010.8,6.8,Medium,No
Hazaribagh,industrial,121,Unhealthy for Sensitive Groups,37.2,72,8.7,NW,0,1002.9,10.7,Medium,No
Motijheel,roadside,199,Unhealthy,32.5,65,9.2,N,0,1005,6,Severe,No
Old Dhaka,roadside,500,Hazardous,15,59,1.8,NE,0,1016,0.3,High,No
Mirpur,residential,131,Unhealthy for Sensitive Groups,27.2,96,1.9,S,5.1,999.8,9.9,Medium,No
Hazaribagh,industrial,162,Unhealthy,30.7,93,4.4,NE,0,1002.2,7.9,Low,No
Gulshan,residential,134,Unhealthy for Sensitive Groups,26,67,7.8,SW,0,1012.9,8.1,Medium,No
Hazaribagh,industrial,191,Unhealthy,34.3,69,0.5,SW,0,1008.2,7.1,High,No
Mohammadpur,residential,69,Moderate,31.7,76,5.5,SE,22.8,1011.3,9.5,Medium,No
Hazaribagh,industrial,108,Unhealthy for Sensitive Groups,26.4,92,2.3,W,0,1002.4,11.1,High,No
Agargaon,roadside,251,Very Unhealthy,15.4,64,8.6,NW,0,1018.6,5.1,High,No
Jatrabari,industrial,73,Moderate,28.8,93,4.9,E,17.7,1003.6,11.4,High,No
Agargaon,roadside,84,Moderate,30.8,85,8.4,S,0,1001,9.9,Medium,No
Motijheel,roadside,208,Very Unhealthy,15.3,73,4.4,W,4.1,1012.6,6.8,High,Yes
Agargaon,roadside,161,Unhealthy,31.4,61,12.1,NE,7.5,1007.4,8.3,High,No
Gulshan,residential,162,Unhealthy,23.7,44,3.6,SW,0,1007.8,8,High,No
Uttara,residential,86,Moderate,30,79,3.9,SE,3.2,1001.5,9,Severe,No
Tejgaon,industrial,122,Unhealthy for Sensitive Groups,30.7,89,2.2,SE,0,1001.6,10,Medium,No
Jatrabari,industrial,159,Unhealthy,32.6,83,7.6,SE,0,1005,9.1,Severe,No
Jatrabari,industrial,107,Unhealthy for Sensitive Groups,30.4,90,10,SE,0,1000.2,9.2,Severe,No
Tejgaon,industrial,196,Unhealthy,16.1,79,2,S,0,1016.1,6.4,Medium,Yes
Tejgaon,industrial,159,Unhealthy,30.7,75,4.6,NW,0,1008.6,9.3,Medium,No
Motijheel,roadside,187,Unhealthy,26.5,75,12.9,E,0,1013.2,6.9,Low,Yes
Agargaon,roadside,216,Very Unhealthy,21.7,53,3.6,W,0,1018.8,5.8,Severe,Yes
Agargaon,roadside,243,Very Unhealthy,16.9,58,1.8,SE,0,1012.9,6.7,High,No
Mirpur,residential,65,Moderate,30.2,74,4.9,SE,0,1002.4,10.4,Medium,No
Motijheel,roadside,188,Unhealthy,28.6,89,4.7,E,0,1008.5,6.6,Severe,No
Dhanmondi,roadside,143,Unhealthy for Sensitive Groups,31.8,65,11.8,S,0,1005.2,8.7,High,Yes
Jatrabari,industrial,114,Unhealthy for Sensitive Groups,31.4,81,7,N,3.5,998.4,10.7,Medium,No
Tejgaon,industrial,137,Unhealthy for Sensitive Groups,29.1,80,1.2,SE,0,1002.6,9.3,High,No
Hazaribagh,industrial,90,Moderate,29,79,12.6,E,0,999.3,9.8,High,Yes
Mohammadpur,residential,208,Very Unhealthy,20.2,77,2.4,E,0,1015.9,5.2,Low,No
Old Dhaka,roadside,232,Very Unhealthy,16.1,71,1.7,NW,0,1017.2,3.7,High,No
Mirpur,residential,161,Unhealthy,27.2,76,6.8,SE,0,1004.4,9.1,Low,Yes
Hazaribagh,industrial,301,Hazardous,27.9,60,3,SW,0,1007.3,2.4,Low,No
Mirpur,residential,96,Moderate,29.8,89,11.3,SE,0,1004.6,9.6,Medium,Yes
Dhanmondi,roadside,150,Unhealthy for Sensitive Groups,30.7,64,8.2,NW,0,1011.3,8.4,High,Yes
Agargaon,roadside,173,Unhealthy,28.3,76,3.8,E,0,1010.2,8.5,High,No
Hazaribagh,industrial,161,Unhealthy,32.7,79,3.7,S,0,1010.5,8.4,Severe,Yes
Mohammadpur,residential,48,Good,29.7,82,17.1,SE,0,1006.4,11.4,Low,No
Mohammadpur,residential,145,Unhealthy for Sensitive Groups,15.1,74,10.4,S,0,1016.8,9.3,Low,No
Uttara,residential,80,Moderate,28.9,77,6,S,7,1002.3,10.6,High,Yes
Hazaribagh,industrial,148,Unhealthy for Sensitive Groups,31.1,85,1.1,S,0,1003.7,9.6,Medium,No
Uttara,residential,62,Moderate,30.2,72,4.8,SE,16.1,1004.2,11.1,Low,No
Uttara,residential,128,Unhealthy for Sensitive Groups,29.6,68,11.6,SE,0,1001.4,10.5,Low,No
Mohammadpur,residential,176,Unhealthy,29,71,3.3,NW,0,1006.7,7.7,Severe,No
Uttara,residential,196,Unhealthy,21.2,79,13,S,0,1011.7,5.6,High,No
Mirpur,residential,157,Unhealthy,26.4,71,12.8,NE,0,1008.7,8.8,High,Yes
Motijheel,roadside,196,Unhealthy,21.6,66,2.9,N,0,1015.8,6.8,Medium,No
Old Dhaka,roadside,157,Unhealthy,31.6,80,3.2,S,0,1001.8,8.9,High,No
Baridhara,background,56,Moderate,29.4,83,11.7,NW,0,1002.1,9.9,Medium,No
Jatrabari,industrial,219,Very Unhealthy,22.3,62,6.4,NW,0,1014.7,6.4,Severe,Yes
Motijheel,roadside,207,Very Unhealthy,31.3,51,5.8,SE,0,1006.5,5.7,Low,No
Gulshan,residential,156,Unhealthy,19.9,62,8.8,E,0,1015,9.7,Medium,No
Old Dhaka,roadside,115,Unhealthy for Sensitive Groups,26.1,85,2.2,S,5,1005.9,10.4,Low,No
Motijheel,roadside,197,Unhealthy,24.6,77,4.4,W,0,1012.6,7.9,High,No
Jatrabari,industrial,132,Unhealthy for Sensitive Groups,28.7,72,16.1,NW,0,1004.7,9.2,High,Yes
Mirpur,residential,228,Very Unhealthy,26.2,85,7.8,SE,0,1009.9,4.6,Medium,No
Gulshan,residential,170,Unhealthy,19.4,66,8.4,SW,0,1016.7,8.3,Medium,No
Baridhara,background,85,Moderate,31.4,55,31.2,SW,0,1006.3,10.6,Medium,No
Dhanmondi,roadside,164,Unhealthy,27.7,81,6.4,E,0,1012.3,7.3,High,Yes
Agargaon,roadside,192,Unhealthy,25.3,78,6.5,SE,0,1010.9,6.2,Severe,No
Old Dhaka,roadside,162,Unhealthy,32.7,66,2.6,S,0,1007.5,9.6,Medium,Yes
Tejgaon,industrial,70,Moderate,33.3,95,4.8,SE,11.9,1005.2,11.6,High,Yes
Tejgaon,industrial,184,Unhealthy,26.1,82,7.5,NW,0,1012,7.9,Medium,No
Agargaon,roadside,78,Moderate,28.8,86,9.2,S,0,1006.8,10.2,High,Yes
Mohammadpur,residential,58,Moderate,28.8,86,12,NE,0,1000.3,9.7,Low,Yes
Gulshan,residential,186,Unhealthy,19.3,77,4.8,SE,0,1012.7,7.8,Severe,No
Mirpur,residential,500,Hazardous,17.2,64,4.8,W,0,1016,0.3,High,Yes
Baridhara,background,54,Moderate,26.9,78,5.8,S,10.2,1001.5,12,Low,No
Motijheel,roadside,180,Unhealthy,27.4,83,1.2,NE,0,1002.3,8.7,Severe,No
Mohammadpur,residential,185,Unhealthy,22.6,61,1.8,SW,0,1015.9,6.8,Low,No
Mohammadpur,residential,216,Very Unhealthy,23.5,70,4,NW,0,1011.8,6.4,High,No
Mohammadpur,residential,133,Unhealthy for Sensitive Groups,35,69,14.7,SE,0,1001.6,8.7,Medium,No
Hazaribagh,industrial,87,Moderate,31.6,67,7.7,N,28.7,1008.8,10.2,High,Yes
Hazaribagh,industrial,131,Unhealthy for Sensitive Groups,28.5,65,6.5,W,21.2,1003.4,10.1,High,No
Mirpur,residential,170,Unhealthy,29.9,81,6.9,S,0,1005.7,8.2,High,No
Mirpur,residential,222,Very Unhealthy,13.8,78,3.9,NW,0,1014.6,5.8,High,Yes
Gulshan,residential,134,Unhealthy for Sensitive Groups,23.2,77,4.2,S,0,1010.8,9.8,Medium,No
Agargaon,roadside,99,Moderate,30.5,86,3.6,SE,10.4,1004,10.4,Medium,Yes
Mohammadpur,residential,161,Unhealthy,20.9,81,5.5,N,0,1016.7,7.7,High,Yes
Agargaon,roadside,164,Unhealthy,35.9,63,14.8,S,0,1007.6,8.2,High,Yes
Motijheel,roadside,172,Unhealthy,30.8,60,7.3,S,0,1008.4,8,Medium,No
Tejgaon,industrial,119,Unhealthy for Sensitive Groups,27.6,87,8.1,SW,0.2,999.4,9.6,High,No
Baridhara,background,81,Moderate,29.8,88,7,SE,0,1000.1,11.5,Low,No
Dhanmondi,roadside,73,Moderate,29.5,89,9.2,S,17.5,1011,10,High,No
Mirpur,residential,59,Moderate,29.1,92,5.7,S,0,1002.4,10.3,High,Yes
Tejgaon,industrial,388,Hazardous,20.2,64,0.8,NW,0,1017.2,0.3,Severe,Yes
Baridhara,background,111,Unhealthy for Sensitive Groups,28,57,3.6,W,0,1004.1,9.9,Low,Yes
Baridhara,background,172,Unhealthy,19.5,65,4.3,S,0,1016.8,6.7,Medium,No
Uttara,residential,116,Unhealthy for Sensitive Groups,32.6,73,20.9,SE,1.5,1006.4,9.4,Medium,No
Jatrabari,industrial,177,Unhealthy,34.5,61,3.9,S,0,1005.7,8.1,Medium,No
Hazaribagh,industrial,100,Moderate,30.6,70,4.2,NW,0,1006.4,10.3,High,No
Mohammadpur,residential,172,Unhealthy,22.7,71,2.9,S,0,1018.9,8.5,Low,No
Tejgaon,industrial,155,Unhealthy,29.2,80,1.4,S,3.3,1001.9,8.6,High,No
Hazaribagh,industrial,189,Unhealthy,30.2,54,6.8,SW,0,1007.6,6.9,Severe,No
Tejgaon,industrial,181,Unhealthy,34.4,69,1.1,W,0,1006.1,7.7,Medium,Yes
Motijheel,roadside,153,Unhealthy,27.5,82,7.6,SW,0,999.1,8.9,Severe,Yes
Mohammadpur,residential,183,Unhealthy,17.6,83,6.8,W,0,1015.2,7.4,Medium,Yes
Tejgaon,industrial,250,Very Unhealthy,33.8,69,0.9,S,0,1007.6,4.3,Severe,No
Tejgaon,industrial,156,Unhealthy,30.5,73,31.2,S,0,1009.6,8.7,Medium,Yes
Old Dhaka,roadside,81,Moderate,29.5,85,1.8,SE,9.3,1003.5,8.7,High,Yes
Motijheel,roadside,259,Very Unhealthy,18.1,65,2,SW,0,1012.5,4.7,Severe,No
Tejgaon,industrial,156,Unhealthy,27.3,74,17.2,NE,0,1005.9,8.3,High,Yes
Uttara,residential,169,Unhealthy,29.7,87,1.3,SE,0,1010.2,8.3,High,No
Agargaon,roadside,162,Unhealthy,29.3,84,5.2,N,0,1007.8,8.7,Severe,No
Agargaon,roadside,331,Hazardous,19,58,6.1,W,0,1014.8,1.8,High,No
Gulshan,residential,75,Moderate,32,75,5.1,NE,13,1003.1,9.8,Medium,No
Baridhara,background,166,Unhealthy,20.2,60,3.7,SE,0,1015.8,9.3,Low,No
Hazaribagh,industrial,189,Unhealthy,29.1,86,6.4,E,0,1009.9,5.9,High,No
Baridhara,background,57,Moderate,28.1,71,14,S,11.8,1003.1,11.5,Low,No
Jatrabari,industrial,189,Unhealthy,25.1,76,4.8,W,0,1018.5,7.2,High,No
Jatrabari,industrial,159,Unhealthy,31.6,71,21.8,SE,0,1008,8.1,Medium,Yes
Agargaon,roadside,159,Unhealthy,20.1,79,1.3,E,0,1012,9.5,High,Yes
Uttara,residential,165,Unhealthy,31.1,74,15,N,0,1009.7,9.2,Severe,No
Mohammadpur,residential,70,Moderate,30,95,4.7,S,5.5,1002.5,9.8,Medium,No
Tejgaon,industrial,171,Unhealthy,30,69,21.3,E,0,1010.9,10,Severe,Yes
Agargaon,roadside,129,Unhealthy for Sensitive Groups,28.9,73,9.8,SE,13.3,1001.9,9.2,Severe,No
Gulshan,residential,177,Unhealthy,28.1,68,2.2,NW,0,1010.3,7.2,Medium,No
Baridhara,background,47,Good,28.4,72,7.7,S,9.8,1005.1,10.4,Low,Yes
Gulshan,residential,172,Unhealthy,29.6,78,1.2,S,0,1006.7,6.9,Severe,No
Jatrabari,industrial,106,Unhealthy for Sensitive Groups,29,96,3.7,S,8.9,1003.6,8.9,High,Yes
Hazaribagh,industrial,185,Unhealthy,26.3,87,4,SW,2.1,1011.6,6.1,High,No
Mirpur,residential,279,Very Unhealthy,17.2,69,4.4,SW,0,1016.4,4.7,Medium,No
Gulshan,residential,94,Moderate,33.1,57,15.8,S,0,1009.2,9.9,Low,No
Baridhara,background,229,Very Unhealthy,19.9,62,3,N,0,1018.3,5.5,Low,No
Agargaon,roadside,155,Unhealthy,32,60,3.6,S,0,1009.8,7.9,Medium,Yes
Mohammadpur,residential,96,Moderate,31.1,85,3.1,S,0,1005.8,9.4,Medium,No
Baridhara,background,160,Unhealthy,18.7,81,5.3,W,0,1014.5,7.4,Low,No
Baridhara,background,41,Good,28.2,96,10.8,SW,23.3,999.1,10,Low,No
Motijheel,roadside,247,Very Unhealthy,25.3,66,2.7,W,0,1014.7,4.3,Low,No
Dhanmondi,roadside,205,Very Unhealthy,29.3,60,5.8,N,0,1018.3,7.2,High,No
Mirpur,residential,153,Unhealthy,31,69,3.4,N,0,1010.9,8.5,Low,No
Jatrabari,industrial,138,Unhealthy for Sensitive Groups,31.9,95,1.3,E,0,997.5,10.3,High,No
Mohammadpur,residential,79,Moderate,29.2,87,18,SE,0,1008.8,9.1,High,No
Baridhara,background,170,Unhealthy,10.8,67,13.3,NE,0,1015.6,7.6,Medium,No
Old Dhaka,roadside,165,Unhealthy,23.9,75,5.6,NW,0,1009.1,8.6,Severe,Yes
Old Dhaka,roadside,136,Unhealthy for Sensitive Groups,31.1,79,1.6,SW,0,999.2,9.1,Severe,No
Mirpur,residential,367,Hazardous,18.6,60,1.4,W,0,1015.5,2.6,Medium,No
Uttara,residential,91,Moderate,26,95,5.4,N,0,1013.1,10.1,Medium,No
Uttara,residential,217,Very Unhealthy,10.3,84,4.9,NW,0,1016.9,5.7,Medium,No
Jatrabari,industrial,143,Unhealthy for Sensitive Groups,30,78,1.2,S,7.9,1004.4,7.5,Medium,Yes
Motijheel,roadside,286,Very Unhealthy,15.2,56,2.9,SW,0,1011.4,1.9,Medium,No
Jatrabari,industrial,60,Moderate,28.7,86,5.8,SW,26,999.2,12,Medium,No
Motijheel,roadside,403,Hazardous,22,69,10.5,NE,0,1015.1,4.4,Severe,Yes
Dhanmondi,roadside,315,Hazardous,15.4,75,6.3,N,0,1018,5.6,High,Yes
Motijheel,roadside,180,Unhealthy,28.7,75,4.8,W,0,1006.1,7.9,Medium,No
Old Dhaka,roadside,152,Unhealthy,27.5,69,12,SW,0,1005.4,9,High,Yes
Dhanmondi,roadside,175,Unhealthy,22.1,80,12.6,N,0,1017.3,8.3,Medium,No
Agargaon,roadside,91,Moderate,29.3,82,10.6,E,0,995.2,9.4,Medium,No
Agargaon,roadside,185,Unhealthy,32.6,90,1.5,S,3.7,1000.9,7.1,Severe,No
Jatrabari,industrial,157,Unhealthy,23.8,76,4.1,W,0,1013.1,9.6,Medium,No
Hazaribagh,industrial,269,Very Unhealthy,13.9,77,3,NE,0,1017,4.9,High,No
Dhanmondi,roadside,76,Moderate,27.2,66,3.7,SW,23.9,998,10.3,Severe,Yes
Mirpur,residential,146,Unhealthy for Sensitive Groups,22.9,84,12.3,NW,0,1013.4,8.8,Medium,Yes
Mohammadpur,residential,130,Unhealthy for Sensitive Groups,31.8,61,18.8,NE,0,1010.6,10.3,Medium,No
Old Dhaka,roadside,99,Moderate,28.6,69,4.7,S,14,1008.8,9.2,High,No
Jatrabari,industrial,197,Unhealthy,23.5,88,3.9,NW,0,1010.6,7,High,No
Dhanmondi,roadside,145,Unhealthy for Sensitive Groups,31.9,62,2.1,S,0,1008.3,10.7,Medium,No
Baridhara,background,82,Moderate,33.1,60,16.2,W,0,1005.3,10.4,Low,Yes
Mohammadpur,residential,127,Unhealthy for Sensitive Groups,33.6,65,13.6,E,0,1009.9,9.4,Medium,No
Jatrabari,industrial,231,Very Unhealthy,29.2,75,2.6,SW,0,1015,4.6,Medium,Yes
Uttara,residential,82,Moderate,24.7,70,2.9,SW,0,1010.1,10.5,Low,Yes
Baridhara,background,45,Good,30.5,86,8.3,S,0,1004.1,9.9,Low,No
Gulshan,residential,39,Good,30.9,86,8.2,E,32.5,1004.7,9.6,High,No
Jatrabari,industrial,189,Unhealthy,29.8,72,6.9,E,0,1006.6,6.9,Medium,No
Mohammadpur,residential,193,Unhealthy,19.6,63,8.4,E,0,1009.4,6.7,Medium,No
Mirpur,residential,201,Very Unhealthy,14.6,62,6.6,N,0,1015.5,6.1,High,No
Baridhara,background,199,Unhealthy,16.8,69,5.4,S,0,1007.4,6.7,Medium,No
Uttara,residential,172,Unhealthy,20.3,68,3,NW,0,1019.2,8.2,Medium,No
Mohammadpur,residential,88,Moderate,32.7,83,9.4,S,0,1003.7,10.4,Severe,No
Hazaribagh,industrial,269,Very Unhealthy,23,64,5.4,S,0,1014.5,4.8,Medium,No
Tejgaon,industrial,254,Very Unhealthy,21.3,73,3.2,SW,0,1017.5,5.7,Medium,No
Agargaon,roadside,153,Unhealthy,31.2,60,5.2,S,0,1004.2,8.8,Medium,No
Old Dhaka,roadside,231,Very Unhealthy,18.7,69,2.5,SW,0,1018,5.9,High,No
Agargaon,roadside,173,Unhealthy,13.9,68,5,NW,0,1015.7,6.5,Low,No
Baridhara,background,115,Unhealthy for Sensitive Groups,16.1,70,7.7,NE,0,1015.8,9.7,Low,No
Hazaribagh,industrial,312,Hazardous,16.2,79,1.7,NW,0,1014.1,4.8,High,Yes
Gulshan,residential,68,Moderate,31,74,4.5,S,0,1001.4,9.2,Severe,No
Mohammadpur,residential,92,Moderate,31.7,66,11.1,NW,0,1003.5,9.6,Severe,No
Old Dhaka,roadside,191,Unhealthy,28.8,73,4,SE,0,1008.8,6.8,Severe,No
Baridhara,background,71,Moderate,32.1,76,6.4,S,6.1,998.9,10.7,High,No
Baridhara,background,69,Moderate,30.1,61,2.9,SE,12.8,1004.7,10.3,Low,No
Mirpur,residential,162,Unhealthy,24.5,92,2.1,N,0,1012.4,8.3,Medium,No
Uttara,residential,68,Moderate,29.9,89,4.4,S,0,999.6,9.6,Low,Yes
Tejgaon,industrial,114,Unhealthy for Sensitive Groups,28.7,90,5.4,E,0.9,1002.3,10.4,High,No
Hazaribagh,industrial,158,Unhealthy,32.6,66,9,S,0,1007.1,10.7,High,No
Gulshan,residential,61,Moderate,30.1,71,17.5,SE,33,1005.2,10.4,Medium,No
Mohammadpur,residential,174,Unhealthy,30.8,65,3,S,0,1007.6,7.9,Medium,No
Hazaribagh,industrial,456,Hazardous,21.4,77,1.2,NW,0,1014.9,1.7,High,No
Jatrabari,industrial,170,Unhealthy,28.7,87,1.5,SW,0,1004.3,7.1,High,No
Uttara,residential,144,Unhealthy for Sensitive Groups,22.4,70,5,S,0,1016.1,8.3,Low,No
Tejgaon,industrial,60,Moderate,27.6,85,8.2,SW,17.9,1000.7,10.9,Low,No
Mirpur,residential,249,Very Unhealthy,27.8,90,2.8,S,0,1009.6,5.6,Medium,Yes
Gulshan,residential,167,Unhealthy,30.8,69,7.3,NE,1.7,1008.1,8.2,High,No
Gulshan,residential,186,Unhealthy,21.9,62,8.5,NW,0,1010.5,7.5,Medium,No
Motijheel,roadside,172,Unhealthy,27.6,71,5.6,W,0.4,1004.2,7.7,High,Yes
Gulshan,residential,178,Unhealthy,27.2,72,5.3,E,0,1006.5,8.1,High,No
Baridhara,background,155,Unhealthy,28.9,77,1.8,E,0,1010.7,8.5,Severe,Yes
Gulshan,residential,81,Moderate,29.3,85,7.9,S,1.2,1004.5,9.9,Severe,No
Dhanmondi,roadside,121,Unhealthy for Sensitive Groups,29.8,76,3.4,S,0.4,998.5,11.7,High,No
Motijheel,roadside,106,Unhealthy for Sensitive Groups,28.8,86,9.2,E,0,1000.9,9.9,High,No
Dhanmondi,roadside,78,Moderate,31.6,75,5,SE,3.6,1002,9.8,Medium,Yes
Baridhara,background,55,Moderate,30.5,83,5.4,W,8,1001.2,11.1,Low,No
Tejgaon,industrial,340,Hazardous,19.8,65,0.9,NW,3.2,1013.1,1.4,High,No
Motijheel,roadside,500,Hazardous,14.9,78,8.7,NW,0,1013.4,0.3,Severe,No
Uttara,residential,208,Very Unhealthy,20.8,82,7.4,S,0,1015.6,5.7,High,No
Agargaon,roadside,112,Unhealthy for Sensitive Groups,28.2,76,3.3,SE,0,1001.3,11,Severe,Yes
Agargaon,roadside,158,Unhealthy,25.4,78,7.3,SE,6.1,1010.1,8.5,High,No
Motijheel,roadside,90,Moderate,27.5,83,2.6,SW,0,999.1,10.1,Medium,No
Tejgaon,industrial,91,Moderate,29.7,89,9.5,SW,0,1007.7,9.7,Severe,No
Old Dhaka,roadside,196,Unhealthy,29.7,79,6.4,SW,0,1011.4,7.7,Severe,No
Mohammadpur,residential,176,Unhealthy,19.8,67,10.8,NW,0,1018.9,7.4,Medium,No
Dhanmondi,roadside,350,Hazardous,17.5,71,5.9,W,0,1014.3,2.8,High,Yes
Dhanmondi,roadside,212,Very Unhealthy,27.3,76,2.4,SW,0,1011.3,6.6,Severe,No
Mirpur,residential,105,Unhealthy for Sensitive Groups,27.3,91,5.1,W,0,1012.3,9.1,Medium,No
Agargaon,roadside,96,Moderate,30.1,79,4.9,E,16,1001.7,9.6,Medium,Yes
Baridhara,background,153,Unhealthy,19.6,72,10.4,N,0,1015.3,8.9,Medium,No
Baridhara,background,86,Moderate,24.4,82,1.4,SW,8.6,1011.6,10.2,Low,No
Hazaribagh,industrial,138,Unhealthy for Sensitive Groups,30.2,89,6.4,SW,0,1001.5,9.3,Severe,Yes
Tejgaon,industrial,100,Moderate,26.8,83,3,E,0,1001.8,8.2,Low,No
Motijheel,roadside,162,Unhealthy,21,81,12.2,N,0,1017.6,7.5,Medium,No
Gulshan,residential,90,Moderate,28,68,6.9,SW,0,999.6,9.2,Medium,No
Baridhara,background,94,Moderate,29.9,69,6.7,W,0,1015.4,10.3,Low,No
Old Dhaka,roadside,163,Unhealthy,20.9,83,3.8,NW,0,1012.5,9,High,No
Mohammadpur,residential,93,Moderate,33,78,9.6,SE,0,1001.3,9.9,Low,Yes
Mirpur,residential,54,Moderate,27,77,3.1,SW,16.3,1004.3,9.5,Low,No
Agargaon,roadside,113,Unhealthy for Sensitive Groups,27.8,81,3.2,S,5.2,1004.1,10,High,No
Dhanmondi,roadside,85,Moderate,30.5,79,14.3,S,0,1002.8,11,Severe,No
Old Dhaka,roadside,193,Unhealthy,32.5,73,27.2,E,0,1006.8,7.5,Severe,Yes
Dhanmondi,roadside,251,Very Unhealthy,18,77,1,SE,0,1011,5.6,Medium,No
Tejgaon,industrial,397,Hazardous,22.1,71,2.8,W,0,1013.3,2.2,Medium,Yes
Jatrabari,industrial,41,Good,28.6,93,11.7,S,24.7,1002.2,10.5,Medium,No
Agargaon,roadside,214,Very Unhealthy,17.6,59,6,NW,0,1016.3,7.5,Severe,Yes
Gulshan,residential,182,Unhealthy,17.9,71,2.5,N,0,1015.2,6.9,Medium,No
Old Dhaka,roadside,195,Unhealthy,25.7,89,3.7,E,0,1012.1,6.9,High,No
Agargaon,roadside,156,Unhealthy,26.5,93,3.6,SW,0.3,1001.4,7.5,High,No
Motijheel,roadside,167,Unhealthy,18.9,81,6.5,NE,0,1016.6,7.7,Medium,No
Mirpur,residential,152,Unhealthy,30.7,63,3.8,SE,14.5,1012.5,8,Severe,No
Gulshan,residential,36,Good,31.9,92,4.8,SE,32.3,1002.5,9.9,Medium,No
Gulshan,residential,130,Unhealthy for Sensitive Groups,27.8,65,11.3,NE,0,1006.7,9.6,High,No
Mirpur,residential,113,Unhealthy for Sensitive Groups,29.4,73,8.2,NW,0,1007,10.2,Medium,No
Jatrabari,industrial,228,Very Unhealthy,34,78,14.1,S,0,1009.1,6.4,Medium,Yes
Hazaribagh,industrial,334,Hazardous,20,64,2.4,W,0,1015,1.6,High,No
Tejgaon,industrial,107,Unhealthy for Sensitive Groups,31,70,4.7,NW,0,1004,9.5,Medium,No
Motijheel,roadside,202,Very Unhealthy,20.6,85,2.2,E,0,1017.4,6.4,Medium,No
Jatrabari,industrial,152,Unhealthy,30.8,89,4.1,SW,6.3,1006.5,10.1,Severe,Yes
Dhanmondi,roadside,225,Very Unhealthy,25.4,69,1.4,W,0,1016.2,6.8,High,No
Mohammadpur,residential,224,Very Unhealthy,19.3,69,0.5,SE,0,1015.3,6.2,Medium,No
Motijheel,roadside,280,Very Unhealthy,15.5,53,1.3,N,0,1015.9,3.9,High,Yes
Baridhara,background,108,Unhealthy for Sensitive Groups,28.6,80,8.1,SE,2.8,1011.1,9.7,High,No
Uttara,residential,218,Very Unhealthy,17,66,1.4,N,0,1015.5,6.1,Medium,No
Tejgaon,industrial,212,Very Unhealthy,18.6,70,5.8,SW,0,1018.5,5.3,High,No
Jatrabari,industrial,192,Unhealthy,20.3,70,3.1,N,0,1013.9,7.1,Medium,No
Uttara,residential,91,Moderate,28.5,58,4.9,SE,0,998.8,8.6,Medium,Yes
Gulshan,residential,188,Unhealthy,29.7,72,2.3,S,0,1007.4,7.1,Severe,Yes
Baridhara,background,86,Moderate,28.2,80,2.9,N,0,1011.6,9.8,Low,No
Jatrabari,industrial,139,Unhealthy for Sensitive Groups,29,88,7,N,14.2,1004.6,8.6,Medium,No
Tejgaon,industrial,83,Moderate,31.8,84,1.9,E,0,1001.7,9.9,Low,No
Tejgaon,industrial,58,Moderate,28.2,85,3.5,S,36.5,1000.9,11.9,Medium,No
Motijheel,roadside,500,Hazardous,15.5,71,4.5,N,0,1013.5,0.3,Severe,Yes
Baridhara,background,89,Moderate,31.8,80,6.3,NE,0,1009.5,10.2,Medium,No
Old Dhaka,roadside,170,Unhealthy,23.2,82,3.9,SE,0,1009,8.6,Severe,No
Uttara,residential,204,Very Unhealthy,18.9,72,12.4,NE,0,1012.1,4.9,Medium,No
Mirpur,residential,69,Moderate,33.3,100,6,SW,23.5,996.6,11,Low,No
Jatrabari,industrial,172,Unhealthy,18.9,64,6.8,NW,0,1017.1,7.5,Medium,No
Motijheel,roadside,75,Moderate,32.4,82,7,W,14.9,1002.5,9.5,Severe,Yes
Gulshan,residential,77,Moderate,31.2,99,4.4,SE,0,1007.3,10.5,Medium,No
Mohammadpur,residential,163,Unhealthy,27,77,0.8,E,0,1007.4,8.8,High,No
Uttara,residential,145,Unhealthy for Sensitive Groups,30.7,75,11.3,E,0,1011.9,10.1,Medium,No
Old Dhaka,roadside,127,Unhealthy for Sensitive Groups,26.2,86,10.1,NE,0,1001.6,8.6,Severe,No
Jatrabari,industrial,40,Good,29.4,83,16.8,S,21.1,998.1,9.9,Low,No
Baridhara,background,211,Very Unhealthy,19.8,78,3.2,SW,0,1010,5.9,Medium,No
Dhanmondi,roadside,43,Good,30.4,89,21,SE,19.3,1000.7,11.4,Medium,Yes
Gulshan,residential,78,Moderate,34.4,73,9.7,S,0,1004.3,9.9,Low,No
Dhanmondi,roadside,60,Moderate,30.5,86,12.8,SE,0,1002.7,8.5,High,No
Baridhara,background,93,Moderate,28.6,70,1.7,SE,0,1010.1,9.7,Low,No
Gulshan,residential,177,Unhealthy,23.1,80,4.6,NE,0,1017.8,7.5,Severe,No
Mohammadpur,residential,266,Very Unhealthy,20.9,84,10.9,W,0,1015.3,3.6,Medium,No
Agargaon,roadside,230,Very Unhealthy,18.7,85,1.6,NW,0,1011.1,6,Severe,No
Jatrabari,industrial,340,Hazardous,18.7,73,0.3,NW,0,1018.2,2.9,High,Yes
Baridhara,background,135,Unhealthy for Sensitive Groups,30.1,64,4.6,SE,0,1004.4,9.5,Low,No
Hazaribagh,industrial,193,Unhealthy,28.1,81,13.5,SE,0,1008.3,6.5,Severe,No
Gulshan,residential,118,Unhealthy for Sensitive Groups,30.6,60,15.1,E,0,1006.5,9,Severe,Yes
Agargaon,roadside,100,Moderate,31.1,100,6,S,0,1002.8,8.8,High,Yes
Baridhara,background,133,Unhealthy for Sensitive Groups,28.5,78,4,N,0,1005.4,9.6,Low,No
Tejgaon,industrial,166,Unhealthy,31.4,70,9.7,SE,0,1002.6,9.1,Medium,No
Gulshan,residential,180,Unhealthy,30.9,86,10.6,W,0,1009.5,8,High,No
Jatrabari,industrial,61,Moderate,29.6,81,9.7,SE,0,1004.5,10.2,Low,Yes
Baridhara,background,124,Unhealthy for Sensitive Groups,35.6,59,16.6,SE,0,1007,9.3,Medium,Yes
Agargaon,roadside,160,Unhealthy,27.4,60,11.7,N,0,1013.8,8.4,Medium,No
Uttara,residential,167,Unhealthy,30.9,69,9.1,S,0,1008.3,8.5,Low,No
Tejgaon,industrial,500,Hazardous,19.4,68,7.3,NW,0,1013.6,0.3,Severe,No
Mirpur,residential,158,Unhealthy,30.2,72,7.8,SE,0,1005.2,9.2,High,No
Agargaon,roadside,126,Unhealthy for Sensitive Groups,26.4,85,1.2,E,0,1002.5,10.2,Medium,No
Mohammadpur,residential,140,Unhealthy for Sensitive Groups,33.2,72,8,NW,0,1007.5,9.1,Medium,No
Old Dhaka,roadside,235,Very Unhealthy,32.5,84,1.7,SW,0,1011.3,4.9,High,Yes
Agargaon,roadside,71,Moderate,30.9,73,1.9,E,37.1,1002.5,8.5,Severe,No
Tejgaon,industrial,152,Unhealthy,32.4,75,13,S,0,1006.7,9.6,Medium,No
Uttara,residential,172,Unhealthy,26.5,75,3.1,S,0,1010.7,7.2,Medium,No
Gulshan,residential,144,Unhealthy for Sensitive Groups,33.9,72,5.7,SE,0,1005,9,Medium,No
Gulshan,residential,139,Unhealthy for Sensitive Groups,30.9,76,3.1,E,0,1004.4,9,High,No
Agargaon,roadside,234,Very Unhealthy,19.9,78,2.3,W,0,1016.9,3.3,Medium,Yes
Agargaon,roadside,172,Unhealthy,27.1,69,6.4,S,0,1004.5,8.8,Medium,No
Mohammadpur,residential,154,Unhealthy,29.7,69,8.3,SW,0,1002.3,9.7,Low,No
Agargaon,roadside,209,Very Unhealthy,20.3,77,4,S,0,1014.1,6.5,Severe,No
Gulshan,residential,75,Moderate,31.6,73,8.6,W,0,1002.7,9.2,Medium,No
Old Dhaka,roadside,170,Unhealthy,22.3,62,7.6,W,0,1014.6,8,Medium,No
Dhanmondi,roadside,225,Very Unhealthy,13.5,68,1.1,N,0,1012,6.2,Medium,No
Gulshan,residential,72,Moderate,27.3,74,8.9,SW,0,1004.8,9.8,Low,Yes
Baridhara,background,153,Unhealthy,21,68,5.2,W,0,1015.6,10.3,High,Yes
Mohammadpur,residential,56,Moderate,28.7,82,7.1,SW,7,1004.9,10.6,Low,No
Dhanmondi,roadside,139,Unhealthy for Sensitive Groups,31.6,86,2.3,S,0,1001.9,10.3,High,No
Gulshan,residential,171,Unhealthy,26.9,68,5.1,NW,0,1008.2,7.3,Medium,Yes
Dhanmondi,roadside,195,Unhealthy,18.7,79,6.8,NE,0,1012.2,7.7,Severe,Yes
Mirpur,residential,165,Unhealthy,30.9,73,2.3,NE,0,999.3,8.9,High,Yes
Hazaribagh,industrial,161,Unhealthy,20.7,69,17,W,0,1015.1,8,Medium,Yes
Dhanmondi,roadside,108,Unhealthy for Sensitive Groups,28.1,82,11.7,SE,5.9,998.7,9.7,Severe,No
Mirpur,residential,126,Unhealthy for Sensitive Groups,26.5,85,2.9,SE,0,1004.2,10,Low,No
Tejgaon,industrial,78,Moderate,30.3,85,4.8,S,0,1004.3,9.2,Low,No
Agargaon,roadside,138,Unhealthy for Sensitive Groups,32.3,88,2,N,3.7,1007.8,7.7,High,Yes
Dhanmondi,roadside,141,Unhealthy for Sensitive Groups,29.5,66,9.3,E,0,1008.9,8.1,Low,Yes
Agargaon,roadside,243,Very Unhealthy,17.7,63,4,S,0,1015,4.8,High,No
Motijheel,roadside,118,Unhealthy for Sensitive Groups,28.9,69,5.7,W,11.3,1012.4,9.3,High,No
Old Dhaka,roadside,154,Unhealthy,28.2,80,4.9,NW,0,1012,8.6,Medium,No
Baridhara,background,121,Unhealthy for Sensitive Groups,34.3,70,11,NW,0,1004.7,8.5,Low,No
Uttara,residential,151,Unhealthy,18.8,65,2.1,NE,0,1010.3,9.9,Low,No
Dhanmondi,roadside,155,Unhealthy,12.9,77,20,NW,0,1015.9,9.4,High,Yes
Hazaribagh,industrial,180,Unhealthy,26.8,81,7.7,SW,0,1011,8.1,High,No
Jatrabari,industrial,384,Hazardous,19.3,78,7.7,NW,0,1016.4,0.3,High,No
Jatrabari,industrial,165,Unhealthy,28.3,88,6,SW,0,1011,9.5,Medium,No
Agargaon,roadside,81,Moderate,27.2,68,2.8,SE,0,1001.6,10.5,Medium,No
Dhanmondi,roadside,187,Unhealthy,30.2,73,5.4,SE,0,1006.6,6.2,Severe,No
Baridhara,background,93,Moderate,31.6,75,4.4,S,0,1001.2,10.5,Medium,No
Hazaribagh,industrial,296,Very Unhealthy,18.6,72,9.7,SW,0,1021,2.7,Medium,Yes
Tejgaon,industrial,204,Very Unhealthy,30.2,67,3.5,S,0,1006.4,5.1,Severe,No
Baridhara,background,115,Unhealthy for Sensitive Groups,31.8,78,5.1,NE,4.8,1010.2,10.9,Low,No
Baridhara,background,188,Unhealthy,15.3,60,1.6,NW,0,1016.8,6.9,Medium,No
Agargaon,roadside,156,Unhealthy,30.1,86,7.5,NW,5.9,1012.1,7.9,Medium,No
Uttara,residential,197,Unhealthy,29.6,68,2.9,N,0,1011.2,7,Medium,No
Uttara,residential,171,Unhealthy,18.2,76,7.5,NW,0,1012.9,8.4,Low,No
Old Dhaka,roadside,111,Unhealthy for Sensitive Groups,29.9,74,12.5,SE,0,998.7,9.2,Severe,No
Uttara,residential,182,Unhealthy,18.9,70,14.5,NE,0,1014.9,6.2,Medium,No
Gulshan,residential,58,Moderate,30.3,99,5.7,N,17.1,1001.5,10,Low,No
Hazaribagh,industrial,279,Very Unhealthy,25.5,97,6,W,0,1009.7,4.3,High,Yes
Mohammadpur,residential,227,Very Unhealthy,25.9,65,4.8,NW,0,1013,6.6,High,No
Old Dhaka,roadside,174,Unhealthy,26.1,72,3.7,W,0,1013.3,10.1,Severe,No
Mohammadpur,residential,193,Unhealthy,17.9,66,8.3,W,0,1017.9,5.4,Low,No
Mirpur,residential,93,Moderate,29.4,100,4.6,S,0,999.4,9.9,Medium,No
Gulshan,residential,185,Unhealthy,11.2,69,7.2,NW,0,1017.6,6.9,Medium,Yes
Jatrabari,industrial,325,Hazardous,27.2,87,0.3,E,0,1006.3,4,Severe,Yes
Mirpur,residential,205,Very Unhealthy,17.2,72,2.7,N,0,1014.9,5.1,High,Yes
Motijheel,roadside,192,Unhealthy,12.5,60,8.5,W,0,1017.2,7.4,High,No
Dhanmondi,roadside,175,Unhealthy,17.8,55,4.7,E,4.5,1012.4,7.6,Medium,No
Dhanmondi,roadside,197,Unhealthy,17.7,65,9.3,SE,0,1011.7,7.1,High,No
Hazaribagh,industrial,172,Unhealthy,23.5,89,4.8,N,0,1014.9,4.6,Medium,No
Motijheel,roadside,227,Very Unhealthy,17.1,72,8,NE,0,1019.1,6.2,Severe,No
Motijheel,roadside,185,Unhealthy,28.7,86,2.8,S,0,1015.3,6,High,No
Dhanmondi,roadside,123,Unhealthy for Sensitive Groups,32.5,74,10,NW,0,1004.9,9.6,High,No
Dhanmondi,roadside,192,Unhealthy,16.8,67,6.4,NW,0,1012.5,8.6,High,Yes
Old Dhaka,roadside,86,Moderate,29.9,91,6,S,17.3,1002,8.7,High,Yes
Uttara,residential,92,Moderate,35.3,59,12.5,W,6.5,1012.6,9.7,Low,No
Gulshan,residential,85,Moderate,30.4,84,12.4,E,0,1004.3,9.8,Medium,Yes
Motijheel,roadside,197,Unhealthy,31.9,61,11.7,N,0,1003.1,6.7,Severe,No
Motijheel,roadside,93,Moderate,29.3,92,11.5,SW,3.2,1004,8.7,Severe,No
Mirpur,residential,168,Unhealthy,32.7,71,9.8,NE,0,1005.2,8,Medium,No
Jatrabari,industrial,424,Hazardous,18.9,75,1.9,N,0,1014.3,3,Medium,Yes
Tejgaon,industrial,75,Moderate,26.7,92,7.1,S,12.4,1003.9,10.5,Medium,Yes
Gulshan,residential,86,Moderate,29.4,83,6,S,15.1,1001.1,9.2,Severe,No
Jatrabari,industrial,80,Moderate,27.9,93,8.2,SW,14.6,1000.7,9,Medium,No
Hazaribagh,industrial,131,Unhealthy for Sensitive Groups,31.3,63,13.9,SW,20,1009.7,9.4,High,No
Mohammadpur,residential,100,Moderate,28.3,90,10.8,SE,0,1003.9,9.9,High,No
Baridhara,background,52,Moderate,30.9,69,10.4,SE,7.2,1002.8,11.5,Low,No
Baridhara,background,172,Unhealthy,19.2,64,0.6,NE,0,1020.3,8.6,High,No
Motijheel,roadside,325,Hazardous,14.6,89,4.4,NW,0,1015.5,3.1,Low,Yes
Uttara,residential,135,Unhealthy for Sensitive Groups,29.8,73,5.3,S,0,1007.8,9,Medium,No
Mohammadpur,residential,157,Unhealthy,21.2,75,6.9,N,0,1014.2,8.6,High,No
Uttara,residential,104,Unhealthy for Sensitive Groups,33.9,61,16.2,SE,0,1004.6,9.5,High,No
Uttara,residential,252,Very Unhealthy,15.8,61,5.7,NW,0,1011.5,4.1,High,No
Mohammadpur,residential,148,Unhealthy for Sensitive Groups,28,83,2.1,S,3.9,1004.2,9.9,High,No
Old Dhaka,roadside,163,Unhealthy,33.5,84,6.6,E,0,1000.9,9.2,Severe,No
Agargaon,roadside,96,Moderate,30,100,0.3,E,5.8,1008.5,9.7,High,No
Mirpur,residential,81,Moderate,30.2,93,11.7,S,3.4,999.8,11.1,Severe,No
Gulshan,residential,162,Unhealthy,29.2,69,5.2,NW,0,1005.1,8.1,High,No
Mohammadpur,residential,153,Unhealthy,27.5,79,10.4,NW,0,1011.8,8.3,Low,No
Tejgaon,industrial,63,Moderate,33.1,91,13.7,SE,0,999.4,11.7,Medium,No
Hazaribagh,industrial,70,Moderate,30.5,74,15.5,SE,4.6,998.3,10.8,Medium,No
Old Dhaka,roadside,399,Hazardous,22.7,55,3.3,NW,0,1016.7,4.4,Severe,Yes
Tejgaon,industrial,89,Moderate,30.1,91,21.8,S,0,996.5,10.1,High,No
Uttara,residential,64,Moderate,28.2,86,13.3,W,0,1002.5,10.6,Medium,No
Uttara,residential,95,Moderate,28.8,75,4.9,W,0,1002.6,10.5,Medium,No
Mirpur,residential,79,Moderate,28,68,14.4,SE,0,1004.3,9.9,Severe,No
Motijheel,roadside,149,Unhealthy for Sensitive Groups,27.5,85,3.7,N,0,1012.2,9.4,High,No
Baridhara,background,145,Unhealthy for Sensitive Groups,30.1,74,6.5,NE,0,1018,10.7,Low,No
Gulshan,residential,75,Moderate,30.3,88,10.1,S,0,1001.1,10.6,Medium,No
Old Dhaka,roadside,196,Unhealthy,26.2,76,7.5,NE,0,1007.7,5.5,Severe,No
Jatrabari,industrial,168,Unhealthy,25,78,2.9,SW,0,1017.9,8.1,High,No
Mohammadpur,residential,175,Unhealthy,20.2,65,11,NW,0,1015.3,7.6,Severe,No
Agargaon,roadside,63,Moderate,27.8,84,12.1,SE,0,999.8,10.3,Medium,Yes
Old Dhaka,roadside,224,Very Unhealthy,15,75,13.1,NW,0,1011.1,5.5,High,No
Old Dhaka,roadside,209,Very Unhealthy,22.2,68,10.8,NW,0,1014.2,6.8,High,No
Agargaon,roadside,245,Very Unhealthy,18,67,9.5,NE,0,1013.1,4.3,Medium,No
Gulshan,residential,80,Moderate,30.3,73,14.8,S,2.5,1005.1,10.1,Low,No
Jatrabari,industrial,213,Very Unhealthy,18.4,75,7.3,NW,0,1009.8,6.3,Severe,No
Hazaribagh,industrial,183,Unhealthy,21.5,61,4.5,SW,0,1014.1,9.5,Low,Yes
Hazaribagh,industrial,269,Very Unhealthy,19.6,70,7.5,N,0,1016.1,4.4,Medium,No
Tejgaon,industrial,173,Unhealthy,28.7,81,3.5,SW,1.3,999.5,7.1,Medium,No
Jatrabari,industrial,98,Moderate,25.2,78,11.1,N,19.3,1009.9,8.8,Medium,Yes
Agargaon,roadside,166,Unhealthy,26.5,89,20.1,NE,0,1009.8,9,High,No
Agargaon,roadside,152,Unhealthy,31.8,71,11.8,N,0,1007.2,10.4,High,No
Agargaon,roadside,232,Very Unhealthy,18.9,87,3.7,NW,0,1019.2,1.5,Severe,No
Jatrabari,industrial,160,Unhealthy,26.7,80,2.5,W,0,1011.5,9.1,Medium,Yes
Dhanmondi,roadside,229,Very Unhealthy,19.2,69,4.4,N,0,1012.1,4.8,High,Yes
Old Dhaka,roadside,149,Unhealthy for Sensitive Groups,26.9,78,10.4,S,2.7,1010.7,9,Medium,Yes
Dhanmondi,roadside,80,Moderate,28.6,86,9.6,S,0,1002.9,11.2,High,No
Jatrabari,industrial,150,Unhealthy for Sensitive Groups,32,88,8.4,E,0,998.9,8.9,Medium,No
Jatrabari,industrial,297,Very Unhealthy,17.3,62,4.8,N,0,1012.7,3.2,Medium,No
Hazaribagh,industrial,330,Hazardous,19.5,68,6.6,N,0,1012.7,4,High,No
Motijheel,roadside,126,Unhealthy for Sensitive Groups,26.3,79,2,S,0,1001.5,10.9,Medium,No
Mohammadpur,residential,130,Unhealthy for Sensitive Groups,30.5,76,6.1,NE,0,1006.1,9.3,Medium,No
Mirpur,residential,159,Unhealthy,24.3,63,4.1,S,0,1006.8,8.8,Low,No
Motijheel,roadside,116,Unhealthy for Sensitive Groups,28.2,86,5.5,NW,0,1000.5,9.2,Medium,No
Tejgaon,industrial,112,Unhealthy for Sensitive Groups,37.1,56,13.3,W,0,1006.9,10,Low,Yes
Tejgaon,industrial,459,Hazardous,19.9,73,1.3,E,0,1017.7,0.3,High,No
Old Dhaka,roadside,177,Unhealthy,34.1,65,6.1,NW,0,1003.7,8.4,High,No
Agargaon,roadside,235,Very Unhealthy,22,55,5.4,SE,0,1012.7,3.6,High,Yes
Mirpur,residential,54,Moderate,31.8,93,6.5,SE,34.5,999.2,11.4,High,No
Mohammadpur,residential,111,Unhealthy for Sensitive Groups,29.6,65,6.7,SW,0,997.9,9.9,High,No
Old Dhaka,roadside,185,Unhealthy,31,78,1.4,N,0,1004.4,6.3,High,No
Jatrabari,industrial,221,Very Unhealthy,33.1,74,10,E,0,1008.1,6.9,Severe,No
Jatrabari,industrial,463,Hazardous,19.1,81,1.7,NE,0,1015.3,0.3,High,No
Jatrabari,industrial,153,Unhealthy,27.7,65,2.4,NE,1,1012,9.9,High,No
Agargaon,roadside,87,Moderate,29.8,81,11.9,SE,1.5,1002.7,8.4,High,No
Hazaribagh,industrial,159,Unhealthy,30.1,94,7.5,S,0,1000.9,7.7,High,Yes
Motijheel,roadside,125,Unhealthy for Sensitive Groups,29.9,94,4.7,S,0,1000.4,8.7,Medium,No
Gulshan,residential,80,Moderate,28,88,17.1,N,0,1013.6,10.1,Low,No
Tejgaon,industrial,212,Very Unhealthy,25.1,90,4,NW,0,1016.6,5.3,Medium,No
Old Dhaka,roadside,220,Very Unhealthy,28,64,3.3,E,0,1006.7,6.2,Medium,No
Mirpur,residential,72,Moderate,32.1,88,1.4,S,0,999.5,9.1,Medium,No
Jatrabari,industrial,217,Very Unhealthy,17.7,67,9.6,NW,0,1015.2,5.3,Medium,No
Tejgaon,industrial,174,Unhealthy,30.2,62,8.7,NE,0,1011.5,7.3,High,Yes
Hazaribagh,industrial,171,Unhealthy,30.2,67,7.8,N,0,1005.4,6.7,High,Yes
Gulshan,residential,189,Unhealthy,20.4,54,2.9,NE,0,1015.6,6.9,High,No
Agargaon,roadside,250,Very Unhealthy,18.4,66,7.2,SW,0,1016.4,3.8,High,No
Mohammadpur,residential,182,Unhealthy,22.7,66,8.5,NE,0,1012.1,7.1,Severe,No
Tejgaon,industrial,80,Moderate,33.1,89,0.5,SW,24.5,1004.4,10,High,No
Motijheel,roadside,340,Hazardous,15.7,64,2.1,NW,0,1017.1,3.4,High,Yes
Tejgaon,industrial,204,Very Unhealthy,19.3,56,8.7,N,0,1017.6,6.2,Medium,Yes
Agargaon,roadside,305,Hazardous,15.3,77,1.7,N,0,1013.7,2.8,Medium,No
Gulshan,residential,190,Unhealthy,14.3,65,3.9,E,0,1016.9,7.1,Low,No
Old Dhaka,roadside,93,Moderate,29.6,82,6.6,N,0,1003.2,10.1,Medium,No
Hazaribagh,industrial,281,Very Unhealthy,16.9,62,2.7,NE,0,1017,1,Medium,No
Gulshan,residential,214,Very Unhealthy,14.9,79,5.5,N,0,1015.3,5.6,Medium,No
Baridhara,background,177,Unhealthy,18.9,72,2.8,NW,0,1016.2,8.3,Medium,No
Mohammadpur,residential,85,Moderate,27.3,80,3,S,0,999.4,8.6,High,No
Old Dhaka,roadside,92,Moderate,30.2,70,2.2,NE,0,1003.2,10.8,Severe,No
Hazaribagh,industrial,95,Moderate,29.8,100,2.1,W,20.6,1005,9.9,High,No
Jatrabari,industrial,79,Moderate,25.5,100,13.2,S,1.6,1006.1,10.3,High,No
Jatrabari,industrial,164,Unhealthy,25.7,90,8.1,SE,0,1010.7,8.9,High,Yes
Mohammadpur,residential,123,Unhealthy for Sensitive Groups,32.2,62,8.2,NE,0,1011.5,9.8,Medium,No
Motijheel,roadside,168,Unhealthy,24.3,74,5.1,E,0,1010.6,8.9,Severe,No
Gulshan,residential,54,Moderate,30.9,88,21.8,SE,8.3,1003.7,11.2,Low,Yes
Mohammadpur,residential,175,Unhealthy,20.5,63,8.8,N,0,1015.2,7.3,Low,No
Gulshan,residential,106,Unhealthy for Sensitive Groups,24.5,70,12.2,N,3,1014.2,9.2,High,No
Uttara,residential,22,Good,30,97,6.8,S,50.4,1002.5,11.9,Low,Yes
Agargaon,roadside,89,Moderate,31.5,85,3.7,S,6.7,1000.5,10.6,High,No
Jatrabari,industrial,286,Very Unhealthy,15.9,61,2.1,E,0,1017.6,4.6,Severe,No
Tejgaon,industrial,189,Unhealthy,30.5,76,3.6,E,0,1005.8,6.7,High,Yes
Uttara,residential,107,Unhealthy for Sensitive Groups,29.9,73,3.2,W,12.8,1011.8,9,Low,No
Mirpur,residential,174,Unhealthy,16,54,4.8,N,0,1010.8,8.2,High,No
Mirpur,residential,249,Very Unhealthy,20.6,61,5.4,E,0,1017.1,5.1,High,No
Old Dhaka,roadside,192,Unhealthy,15.2,66,3.9,N,0,1010.3,7.7,High,No
Gulshan,residential,137,Unhealthy for Sensitive Groups,30.6,70,5.4,W,0,1005.8,9.8,Low,No
Baridhara,background,152,Unhealthy,28.1,79,1.9,W,0,1007.6,8.8,High,No
Agargaon,roadside,120,Unhealthy for Sensitive Groups,25.7,95,22.2,S,0,999.2,11.1,Medium,No
Agargaon,roadside,180,Unhealthy,25.7,76,1.5,E,0,1010.9,7.9,Severe,No
Jatrabari,industrial,162,Unhealthy,32.1,64,20.1,NE,0,1005.3,8.8,High,Yes
Baridhara,background,138,Unhealthy for Sensitive Groups,31.6,78,6.1,N,0,1008.8,7.2,High,No
Tejgaon,industrial,398,Hazardous,17.2,78,3.8,N,0,1014.4,2,Severe,Yes
Gulshan,residential,256,Very Unhealthy,15.1,68,2.8,W,0,1015.4,3.1,High,No
Agargaon,roadside,106,Unhealthy for Sensitive Groups,31.1,87,10.1,SW,0,1000,8.2,High,No
Mirpur,residential,349,Hazardous,17.9,66,2.2,S,0,1016.9,1.9,Medium,No
Old Dhaka,roadside,214,Very Unhealthy,20.9,61,5,NE,0,1015.5,6.2,Medium,No
Tejgaon,industrial,267,Very Unhealthy,28,96,7.3,NW,0,1012.3,6,Severe,Yes
Jatrabari,industrial,153,Unhealthy,29.2,81,0.9,W,0,1003.9,9.8,High,No
Mohammadpur,residential,188,Unhealthy,22.8,72,3.1,NW,0,1017.2,7.4,Low,No
Mirpur,residential,65,Moderate,28.9,73,23,S,0,1003,11.1,High,No
Jatrabari,industrial,154,Unhealthy,32.1,91,4,S,0,1002.4,8.9,High,Yes
Motijheel,roadside,181,Unhealthy,30.3,68,2.6,NW,0,1013.8,8.8,High,No
Mohammadpur,residential,91,Moderate,31.9,98,4.7,N,0,1002.4,10.1,Medium,No
Dhanmondi,roadside,174,Unhealthy,18.4,84,19,NW,0,1014,8.7,Medium,Yes
Dhanmondi,roadside,192,Unhealthy,27.9,75,13.2,W,0,1017.3,7.6,Medium,No
Mohammadpur,residential,273,Very Unhealthy,19.5,71,4.5,N,0,1017.6,3.9,High,No
Baridhara,background,30,Good,30.4,84,13,SE,29.7,1001.9,11.4,Medium,No
Baridhara,background,62,Moderate,30,85,6.2,SW,1.7,1003.6,10.4,Low,No
Baridhara,background,82,Moderate,28,88,6.9,E,3,1003.1,10.9,Severe,Yes
Uttara,residential,75,Moderate,32.3,86,8.7,NE,1.2,1002.2,10.3,Severe,No
Hazaribagh,industrial,145,Unhealthy for Sensitive Groups,29.6,76,12.3,NW,0,1003.3,8.3,Medium,Yes
Gulshan,residential,199,Unhealthy,22.2,63,3.4,NW,0,1012.2,6.7,Medium,No
Mirpur,residential,195,Unhealthy,23.1,82,2.3,E,0,1014.1,7,High,Yes
Mirpur,residential,176,Unhealthy,32.5,65,10.1,NE,0,1007.1,8.3,Severe,No
Hazaribagh,industrial,109,Unhealthy for Sensitive Groups,28.8,79,2.4,S,0,999.1,9.9,Low,Yes
Mohammadpur,residential,142,Unhealthy for Sensitive Groups,26.1,81,4.7,E,0,1005.8,9.4,Low,No
Baridhara,background,213,Very Unhealthy,9.6,73,4.1,SW,0,1014.7,8.1,High,No
Dhanmondi,roadside,99,Moderate,29.8,71,1.3,SE,0,1002,9.9,High,Yes
Mirpur,residential,219,Very Unhealthy,21.8,66,2.4,W,0,1017.2,3.8,High,No
Baridhara,background,61,Moderate,29.6,68,6.2,SW,0,1006.8,10.2,Low,No
Gulshan,residential,191,Unhealthy,16.9,65,0.3,W,0,1011.6,7.1,Medium,No
Jatrabari,industrial,99,Moderate,29.5,80,12,W,8.4,1002.9,10.3,High,No
Uttara,residential,213,Very Unhealthy,23.3,72,2.2,S,0,1020.9,6.5,High,No
Mohammadpur,residential,187,Unhealthy,18.8,64,7.2,SW,0,1011.7,7.4,Medium,No
Jatrabari,industrial,115,Unhealthy for Sensitive Groups,33.3,81,4.1,SE,0,999.6,9.7,Medium,No
Agargaon,roadside,151,Unhealthy,29.6,78,22.6,NE,0,1009.4,8.3,Medium,No
Tejgaon,industrial,185,Unhealthy,31.5,85,7.2,S,0,1007.5,6.7,High,Yes
Gulshan,residential,135,Unhealthy for Sensitive Groups,29.9,61,12.3,E,0,1007.7,10.6,Medium,No
Dhanmondi,roadside,171,Unhealthy,32.2,86,3.2,SW,0,1012.6,7.9,Medium,No
Gulshan,residential,157,Unhealthy,19.6,73,12.1,NW,0,1016.8,9.1,Medium,No
Motijheel,roadside,89,Moderate,33.8,71,29.8,NW,0,1003.1,10.5,High,No
Baridhara,background,98,Moderate,25.9,72,2.4,NW,7.1,1012.4,9.9,Medium,Yes
Motijheel,roadside,153,Unhealthy,32.7,61,3.8,S,0,999,9.1,Severe,No
Motijheel,roadside,151,Unhealthy,31.3,71,5.8,SE,11,1009.5,9,High,Yes
Hazaribagh,industrial,95,Moderate,31.5,76,15.2,S,0,1005.9,8.5,High,No
Dhanmondi,roadside,500,Hazardous,14.7,71,1.7,SW,0,1017.8,1.5,Severe,Yes
Hazaribagh,industrial,143,Unhealthy for Sensitive Groups,30.6,100,2.4,S,0,1003.2,9,High,No
Dhanmondi,roadside,116,Unhealthy for Sensitive Groups,28.3,81,2.4,SE,0,1011.7,9.6,Medium,No
Old Dhaka,roadside,174,Unhealthy,30.5,79,1.8,SW,0,1002.5,7.8,High,No
Motijheel,roadside,186,Unhealthy,23.2,70,2.5,W,0,1013.5,8.4,High,No
Jatrabari,industrial,239,Very Unhealthy,18.7,80,5,W,0,1019.2,4.5,High,No
Mohammadpur,residential,155,Unhealthy,22.8,62,22.6,N,0,1014.1,8.6,Low,No
Jatrabari,industrial,180,Unhealthy,32.4,76,2.3,S,0,1010.3,7.8,High,No
Dhanmondi,roadside,132,Unhealthy for Sensitive Groups,27.8,100,6.7,E,0,999.2,10.1,Medium,No
Mohammadpur,residential,153,Unhealthy,26.3,73,9.8,N,0,1004.8,8.7,Severe,No
Mohammadpur,residential,81,Moderate,30.9,94,5.4,SE,0,999.5,9.9,Medium,No
Old Dhaka,roadside,90,Moderate,32.8,94,7.3,SE,0,996.6,10.5,Low,Yes
Motijheel,roadside,126,Unhealthy for Sensitive Groups,24.6,74,3.5,NE,0,1009.2,9.7,Low,No
Uttara,residential,134,Unhealthy for Sensitive Groups,36.2,70,4,SW,1.7,1007.2,9.9,Medium,No
Jatrabari,industrial,343,Hazardous,19,62,3.5,W,0,1014.2,2.5,Medium,Yes
Jatrabari,industrial,153,Unhealthy,26.1,78,14.7,SE,0,1003.8,8.9,Low,No
Mirpur,residential,78,Moderate,27.2,76,10.4,SE,7.5,995.8,10.1,Medium,No
Hazaribagh,industrial,254,Very Unhealthy,21.7,76,4.3,N,0,1013.1,6,Severe,No
Motijheel,roadside,198,Unhealthy,19.5,79,1.5,E,0,1012.9,8,Severe,No
Mirpur,residential,173,Unhealthy,34.7,64,1.6,NW,0,1011.7,7.7,Medium,No
Mohammadpur,residential,59,Moderate,27.8,79,4.8,S,10.2,1002,9.1,Low,No
Agargaon,roadside,138,Unhealthy for Sensitive Groups,27.3,77,7.5,S,0,1015.4,7.7,High,No
Baridhara,background,81,Moderate,31,61,10,SW,0,1005.2,10,Low,No
Hazaribagh,industrial,204,Very Unhealthy,18.5,71,6,S,0,1017.6,6,Medium,Yes
Mohammadpur,residential,102,Unhealthy for Sensitive Groups,30,61,2.1,N,3.9,1007.6,10.9,Low,No
Gulshan,residential,118,Unhealthy for Sensitive Groups,30.1,61,12.8,SW,0,1005,10.5,Medium,Yes
Dhanmondi,roadside,276,Very Unhealthy,27.4,82,5.9,SE,0,1011.6,6.5,High,Yes
Tejgaon,industrial,182,Unhealthy,31.8,73,3.3,E,0,1006.5,7.9,High,No
Old Dhaka,roadside,82,Moderate,30.5,83,12.2,SE,0,1001.2,8.2,Medium,Yes
Hazaribagh,industrial,176,Unhealthy,30,65,2.1,NE,0,1006.8,7.4,Low,Yes
Gulshan,residential,106,Unhealthy for Sensitive Groups,27.8,94,8.2,S,0,1006.9,8.7,High,No
Hazaribagh,industrial,182,Unhealthy,12.7,66,2.7,W,0,1016.4,8.2,High,Yes
Tejgaon,industrial,99,Moderate,31.8,100,5.2,W,0,999.2,9,Medium,Yes
Mirpur,residential,137,Unhealthy for Sensitive Groups,28.6,67,9.8,N,0,1008,9.6,Low,No
Hazaribagh,industrial,187,Unhealthy,30.1,69,7.6,N,0,1006.1,6.9,High,No
Dhanmondi,roadside,164,Unhealthy,25.5,75,4.7,SW,0,1014.5,7.9,High,No
Motijheel,roadside,194,Unhealthy,16.8,72,2.3,N,0,1014.3,8.6,High,Yes
Old Dhaka,roadside,196,Unhealthy,27.4,96,3.9,SW,0,1006.9,7,Severe,No
Uttara,residential,192,Unhealthy,17,67,2.7,N,0,1013.4,6.7,Severe,No
Gulshan,residential,102,Unhealthy for Sensitive Groups,21.3,80,9.4,N,0,1016.2,9.4,Medium,No
Old Dhaka,roadside,80,Moderate,30,86,22.6,S,0.4,1002,10.3,Low,Yes
Baridhara,background,57,Moderate,30.9,94,3.2,SE,14.9,1005.1,11.5,Low,No
Uttara,residential,73,Moderate,29.1,70,17.5,E,0,1002.8,11.9,High,No
Uttara,residential,198,Unhealthy,33.3,84,3.2,SE,0,1013.1,6.4,High,No
Jatrabari,industrial,253,Very Unhealthy,17.2,73,6,SE,0,1014.7,4.3,Medium,No
Mirpur,residential,162,Unhealthy,25.7,66,3,SE,0,1005,9.2,Medium,No
Mirpur,residential,117,Unhealthy for Sensitive Groups,30.6,92,13.9,SW,0,1000.2,9.8,High,No
Tejgaon,industrial,161,Unhealthy,31.4,86,11.5,S,2.7,1000.2,7.7,Severe,Yes
Mirpur,residential,112,Unhealthy for Sensitive Groups,29,76,13.4,S,0,1000,8.3,Severe,No
Motijheel,roadside,182,Unhealthy,30,59,3.5,N,0,1014.8,6.5,Severe,Yes
Tejgaon,industrial,92,Moderate,28.5,100,3.3,W,12.9,1001.4,9.6,Medium,No
Motijheel,roadside,180,Unhealthy,32.7,66,14.4,SW,0,1007.8,8.7,Severe,No
Mohammadpur,residential,53,Moderate,33.1,80,5.9,SE,3.6,998.8,9.4,Low,Yes
Jatrabari,industrial,59,Moderate,30.1,81,5.9,S,20.4,1002,10.7,Medium,No
Motijheel,roadside,215,Very Unhealthy,26.4,90,3.4,NE,0,1005.2,6.4,Severe,Yes
Dhanmondi,roadside,172,Unhealthy,30.7,64,6.1,NW,0,1007.9,8.9,Severe,No
Uttara,residential,58,Moderate,32.9,90,13,SW,27,1000.7,9.6,Severe,No
Baridhara,background,151,Unhealthy,32,65,4.5,W,0,1011,8.5,Medium,No
Mirpur,residential,91,Moderate,33.9,75,4,SW,0,1004.1,10.3,Severe,Yes
Uttara,residential,156,Unhealthy,27.7,85,2.6,N,0,1013,9.6,Medium,No
Baridhara,background,71,Moderate,25.4,87,4.3,NW,22.2,1008.8,10.4,Low,No
Gulshan,residential,191,Unhealthy,17,65,9.9,N,0,1015.9,7.3,Medium,No
Uttara,residential,225,Very Unhealthy,19.2,70,2.4,NW,0,1019.9,6.3,Medium,No
Baridhara,background,55,Moderate,26.3,86,3.8,S,0,1000.1,9.2,Low,No
Tejgaon,industrial,54,Moderate,29.1,89,17.6,S,6.9,999.9,10.2,Medium,Yes
Gulshan,residential,141,Unhealthy for Sensitive Groups,25.9,94,2.9,NE,0,1011.2,8.5,Medium,No
Baridhara,background,154,Unhealthy,31.6,65,7.2,NW,0,1007.6,8.9,Medium,No
Uttara,residential,91,Moderate,31.9,75,15.5,W,0,1012.7,8.9,Low,Yes
Uttara,residential,130,Unhealthy for Sensitive Groups,30.1,84,5.6,SE,8.8,1003.4,8.9,High,Yes
Mirpur,residential,124,Unhealthy for Sensitive Groups,12.3,62,17.3,NW,0,1015.6,9.2,Low,Yes
Mohammadpur,residential,165,Unhealthy,15.8,56,2.3,NE,0,1013.3,8.4,Low,No
Motijheel,roadside,59,Moderate,30.5,86,23.1,E,17.7,1007,11.3,High,No
Jatrabari,industrial,183,Unhealthy,19.3,74,3.9,W,0,1018.8,9.4,Low,Yes
Motijheel,roadside,118,Unhealthy for Sensitive Groups,32.9,85,0.8,NE,0,1003.2,9.7,Severe,No
Motijheel,roadside,128,Unhealthy for Sensitive Groups,31.7,84,1.1,S,0,1005.2,8.5,Medium,Yes
Hazaribagh,industrial,195,Unhealthy,33.3,61,5,N,0,1007,7.1,Severe,Yes
Baridhara,background,132,Unhealthy for Sensitive Groups,18.2,72,5.5,SW,0,1012,9.2,Low,No
Jatrabari,industrial,112,Unhealthy for Sensitive Groups,29.7,79,4.5,NW,20.4,1013.3,9.9,Low,No
Hazaribagh,industrial,75,Moderate,28.4,89,15.1,S,2.8,998.9,10.3,Medium,No
Tejgaon,industrial,93,Moderate,31.7,88,8.9,SW,10.2,1007.3,9.1,Medium,No
Agargaon,roadside,94,Moderate,29.5,88,5.2,N,9.1,999.3,10.3,High,No
Mirpur,residential,62,Moderate,27.4,96,7.2,S,18.5,1005.6,11.3,Low,No
Agargaon,roadside,188,Unhealthy,28.5,83,3.7,SE,0,1015.8,7.5,Severe,No
Tejgaon,industrial,85,Moderate,32.5,89,9.2,E,6.2,998.7,10.8,Medium,No
Gulshan,residential,81,Moderate,29.3,71,3.4,S,0,998.5,10.2,Low,No
Uttara,residential,500,Hazardous,24.5,78,6.7,N,0,1016.4,0.6,High,Yes
Old Dhaka,roadside,206,Very Unhealthy,13.2,68,4.1,W,0,1019,6.7,Medium,No
Mohammadpur,residential,108,Unhealthy for Sensitive Groups,27.8,86,4.6,SW,0,1003.9,9.7,Medium,No
Baridhara,background,108,Unhealthy for Sensitive Groups,30.6,58,16.4,SE,0,1005.1,9.8,Medium,No
Dhanmondi,roadside,154,Unhealthy,29.3,100,19.7,SE,0,1006,8.7,High,No
Hazaribagh,industrial,215,Very Unhealthy,25.3,58,5.8,N,0,1016.8,5.9,Medium,No
Mohammadpur,residential,89,Moderate,31.3,80,5.5,E,0,1004.8,10.4,Low,Yes
Uttara,residential,202,Very Unhealthy,17.1,73,3.6,W,0,1016.1,7.4,Severe,No
Baridhara,background,52,Moderate,29.4,70,5,S,2.9,1003.8,9.4,Medium,No
Mirpur,residential,224,Very Unhealthy,20,86,0.3,NW,0,1014.5,3.6,Medium,No
Old Dhaka,roadside,117,Unhealthy for Sensitive Groups,28.8,89,10,SW,4.1,999.9,10.7,Severe,No
Jatrabari,industrial,94,Moderate,29.8,66,8.2,N,1.6,999.5,10.5,Medium,No
Agargaon,roadside,180,Unhealthy,29.4,65,7.7,S,0,1002.7,7.7,Severe,No
Motijheel,roadside,122,Unhealthy for Sensitive Groups,27.8,89,11.8,N,0.5,1004.3,9.5,High,Yes
Jatrabari,industrial,134,Unhealthy for Sensitive Groups,31.4,99,2.6,SW,0,1000.9,9.2,Severe,No
Mohammadpur,residential,158,Unhealthy,35.3,65,0.9,NW,0,1011.3,10,Severe,No
Motijheel,roadside,238,Very Unhealthy,22.7,49,3.5,NE,0,1016.5,5.2,Severe,No
Mirpur,residential,104,Unhealthy for Sensitive Groups,31.8,80,11.7,NW,14,1007,9,Medium,No
Tejgaon,industrial,192,Unhealthy,25.4,82,5.7,W,0,1014.8,7,Severe,Yes
Tejgaon,industrial,280,Very Unhealthy,18,52,4.2,N,0,1015,3.1,Medium,No
Uttara,residential,90,Moderate,33.6,71,22.5,S,0,1005.8,10.5,High,No
Tejgaon,industrial,238,Very Unhealthy,11,74,11.5,NW,0,1017,4.6,Medium,No
Old Dhaka,roadside,191,Unhealthy,30.1,65,12.5,SW,0,1005.8,8.6,High,No
Dhanmondi,roadside,489,Hazardous,21.6,63,4.1,NW,0,1015.6,1.8,High,No
Tejgaon,industrial,92,Moderate,28,80,32.9,SE,0,1003,9,Medium,No
Baridhara,background,177,Unhealthy,20.5,67,2,NE,0,1015.3,7.8,Medium,No
Baridhara,background,66,Moderate,30.7,88,13.6,SW,0,1003.1,9.3,Low,No
Mirpur,residential,199,Unhealthy,13.9,76,10.3,N,0,1016.1,6.4,Severe,No
Baridhara,background,97,Moderate,31.2,51,5.1,SW,0,1007.6,11,Medium,No
Jatrabari,industrial,175,Unhealthy,16.8,72,11.8,W,0,1013.8,6.7,High,Yes
Hazaribagh,industrial,101,Unhealthy for Sensitive Groups,30.7,89,2.6,SW,4.8,999.5,8.8,High,No
Motijheel,roadside,244,Very Unhealthy,28.7,79,6.9,S,0,1009.2,4.8,Severe,No
Motijheel,roadside,235,Very Unhealthy,20.4,67,9.5,E,0,1013.4,5.4,High,Yes
Motijheel,roadside,139,Unhealthy for Sensitive Groups,27.2,89,6.7,SW,0,1012.7,9.1,Medium,No
Mohammadpur,residential,177,Unhealthy,31.7,79,2,SE,0,1011.4,6.8,Severe,No
Mohammadpur,residential,86,Moderate,27.9,82,12.9,SW,0,1002.1,8.1,Medium,No
Motijheel,roadside,114,Unhealthy for Sensitive Groups,29.9,84,15.9,NW,4.8,1005.1,10.4,Severe,Yes
Jatrabari,industrial,190,Unhealthy,16.2,76,5.6,NW,1.9,1013.3,7.3,Medium,Yes
Dhanmondi,roadside,154,Unhealthy,33.6,78,1.5,S,10.1,1006.7,7.8,High,Yes
Tejgaon,industrial,173,Unhealthy,21.4,63,5.4,N,0,1014.6,7.7,Medium,No
Mohammadpur,residential,33,Good,31.2,77,4.3,S,47.2,1003.6,10.4,Low,No
Baridhara,background,64,Moderate,35.3,70,7.9,SW,0,1005.5,9.4,Low,No
Baridhara,background,136,Unhealthy for Sensitive Groups,26.2,69,8.6,S,0,1012.9,8.7,Severe,No
Uttara,residential,199,Unhealthy,17.1,54,1.7,S,0,1015.9,5.3,Severe,Yes
Mohammadpur,residential,173,Unhealthy,26.1,71,14.1,E,0,1011.5,7.6,Medium,Yes
Old Dhaka,roadside,500,Hazardous,13.4,73,3.9,E,0,1013.6,0.3,Severe,No
Old Dhaka,roadside,81,Moderate,27.3,97,7.9,E,6,997.9,8.4,High,No
Hazaribagh,industrial,186,Unhealthy,32.6,62,5.2,SE,0,1005.9,6.9,Severe,No
Uttara,residential,136,Unhealthy for Sensitive Groups,14.1,69,8,W,0,1016.9,9.1,Medium,No
Jatrabari,industrial,182,Unhealthy,15.2,71,13,W,0,1010.6,5.9,High,No
Jatrabari,industrial,91,Moderate,29.8,80,3.6,SE,0,998.1,11,Medium,No
Mohammadpur,residential,213,Very Unhealthy,17.6,64,7.3,NW,0,1014.3,6.9,High,No
Baridhara,background,92,Moderate,31.6,88,4,SW,0,999.9,10.8,High,No
Dhanmondi,roadside,129,Unhealthy for Sensitive Groups,27.2,68,8.5,NW,0,1019.1,8.4,Medium,No
Old Dhaka,roadside,211,Very Unhealthy,29,62,7.8,SE,0,1007.6,7.2,High,Yes
Agargaon,roadside,500,Hazardous,22.4,68,9.1,E,0,1014,0.5,Severe,No
Motijheel,roadside,191,Unhealthy,21.6,73,6,N,0,1017.9,8.1,Medium,Yes
Tejgaon,industrial,179,Unhealthy,14.1,58,18,NW,0,1014.9,7.5,High,Yes
Motijheel,roadside,215,Very Unhealthy,31.6,67,5.2,SW,0,1006.8,5.4,Severe,No
Uttara,residential,95,Moderate,28.7,75,2.2,S,0,1006.6,9.2,High,No
Motijheel,roadside,272,Very Unhealthy,16.4,65,3.2,SW,0,1009.8,5.1,Severe,Yes
Uttara,residential,194,Unhealthy,25.5,76,3.2,NW,0,1012.6,7.6,Medium,Yes
Hazaribagh,industrial,131,Unhealthy for Sensitive Groups,30.2,84,6.3,S,0.6,1003.3,8.3,Medium,Yes
Agargaon,roadside,263,Very Unhealthy,30.5,81,5.7,SW,0,1004.6,4.2,High,Yes
Tejgaon,industrial,118,Unhealthy for Sensitive Groups,30.2,84,7.9,NE,0,999.6,8.5,Severe,No
Dhanmondi,roadside,202,Very Unhealthy,29.2,86,1.1,SW,0,1013.1,6.9,Severe,Yes
Old Dhaka,roadside,184,Unhealthy,16.5,76,3.7,NW,0,1013.3,6.6,Medium,No
Motijheel,roadside,77,Moderate,29,85,5,S,0,1002.9,9.9,High,Yes
Old Dhaka,roadside,222,Very Unhealthy,28.6,67,9,SW,0,1010.4,5.6,Severe,No
Tejgaon,industrial,93,Moderate,27.3,84,3.2,S,7.5,1002.9,11.1,High,No
Gulshan,residential,112,Unhealthy for Sensitive Groups,31.8,81,3.1,SW,0,1001.8,8.4,High,No
Uttara,residential,83,Moderate,27.1,80,6.9,SW,0.2,1004.1,9.7,Low,No
Baridhara,background,74,Moderate,29.6,86,12,SE,0,1004.4,10.8,Medium,No
Tejgaon,industrial,110,Unhealthy for Sensitive Groups,27.1,73,0.3,E,0,1000.3,10.2,Medium,No
Mohammadpur,residential,76,Moderate,28.1,78,11.2,SE,12.7,998,9.5,High,No
Tejgaon,industrial,154,Unhealthy,32.3,77,10,SE,0,1001.7,9.3,Medium,No
Baridhara,background,74,Moderate,31.9,83,6.4,W,0,1000.6,11.1,Medium,No
Hazaribagh,industrial,208,Very Unhealthy,33.9,62,8.5,SW,0,1005.2,6.9,High,Yes
Dhanmondi,roadside,149,Unhealthy for Sensitive Groups,23.4,72,10.6,S,0,1006.7,8.5,Medium,No
Agargaon,roadside,225,Very Unhealthy,15.3,71,3.2,SW,0,1014,5.4,High,No
Dhanmondi,roadside,323,Hazardous,20.2,66,1.5,N,0,1015.1,1.3,High,No
Mohammadpur,residential,122,Unhealthy for Sensitive Groups,32.8,68,11.2,SE,0,1005.5,9.1,Medium,No
Motijheel,roadside,230,Very Unhealthy,16.2,61,6.8,NE,0,1014.9,5.4,Severe,No
Baridhara,background,72,Moderate,29,78,0.9,SE,0,1003.6,10.1,Medium,No
Gulshan,residential,151,Unhealthy,15,86,13.4,W,0,1018.5,8,Medium,No
Dhanmondi,roadside,105,Unhealthy for Sensitive Groups,33,79,9,E,3,1005.8,9.7,High,No
Jatrabari,industrial,134,Unhealthy for Sensitive Groups,29.1,68,3.4,W,0,1000.4,9,High,Yes
Mirpur,residential,185,Unhealthy,19.1,73,6.9,W,0,1013.1,5.9,Low,No
Mohammadpur,residential,170,Unhealthy,19.3,64,6.3,NE,0,1011.5,8,Medium,No
Old Dhaka,roadside,108,Unhealthy for Sensitive Groups,32,87,4.9,SW,0,1004,10.5,High,No
Old Dhaka,roadside,144,Unhealthy for Sensitive Groups,28.3,84,7.6,SE,0,1002.5,9.7,High,No
Mohammadpur,residential,149,Unhealthy for Sensitive Groups,33.9,72,8.5,SE,0,1010.5,7.8,High,No
Uttara,residential,226,Very Unhealthy,14.5,69,5.1,W,0,1015.5,5.5,High,No
Uttara,residential,184,Unhealthy,23.1,68,4.8,N,0,1013.6,7.2,Medium,Yes
Mohammadpur,residential,185,Unhealthy,13,79,6.3,N,0,1014.9,7.5,Low,No
Jatrabari,industrial,500,Hazardous,18.6,52,5.7,N,0,1014.5,0.3,Medium,No
Uttara,residential,172,Unhealthy,31.1,67,3.5,N,0,1009.2,9.4,Medium,No
Agargaon,roadside,417,Hazardous,21.4,63,2,N,0,1015.2,1.7,High,Yes
Old Dhaka,roadside,187,Unhealthy,20.5,56,5.5,N,0,1012.8,5.7,Medium,No
Uttara,residential,157,Unhealthy,24.4,74,8.6,S,0,1014.5,9.3,Medium,No
Dhanmondi,roadside,154,Unhealthy,28.7,80,7.4,N,0,997.7,9.3,High,No
Gulshan,residential,152,Unhealthy,34.4,76,4.9,NE,0,1010,8.4,Low,No
Hazaribagh,industrial,139,Unhealthy for Sensitive Groups,30.9,84,1.4,N,1.1,1000.7,9.1,High,No
Tejgaon,industrial,138,Unhealthy for Sensitive Groups,29.2,76,14.8,SE,0,1003.7,9.5,Low,No
Baridhara,background,153,Unhealthy,19.3,67,6.6,W,0,1010.5,8,Medium,No
Baridhara,background,153,Unhealthy,18,62,6.3,NW,0,1014.8,9.4,Low,No
Tejgaon,industrial,157,Unhealthy,28.9,85,3.9,E,0,1009.9,8.5,Low,No
Uttara,residential,55,Moderate,30.5,95,1.4,S,22.7,1003,9.7,Medium,No
Baridhara,background,140,Unhealthy for Sensitive Groups,26.6,68,3.2,SE,0,1009.9,9.3,Low,No
Mirpur,residential,110,Unhealthy for Sensitive Groups,27.5,81,19,SE,0,1008.4,8.9,Medium,No
Motijheel,roadside,206,Very Unhealthy,29.4,73,1.8,NW,0,1011,7.5,High,Yes
Old Dhaka,roadside,189,Unhealthy,32.1,62,1.3,E,0,1008.6,7.4,High,Yes
Mohammadpur,residential,96,Moderate,28.9,89,18.8,SW,11.6,1004.2,10.5,High,Yes
Mirpur,residential,153,Unhealthy,29.9,82,2.7,NW,0,1012.3,6.7,Low,No
Dhanmondi,roadside,234,Very Unhealthy,19.9,69,4.3,NW,0,1014.3,5.4,Medium,No
Agargaon,roadside,195,Unhealthy,19.9,67,6.4,SE,0,1018.6,7.9,High,No
Gulshan,residential,60,Moderate,31.6,94,22.8,S,0,1001.8,9.5,Low,No
Mirpur,residential,138,Unhealthy for Sensitive Groups,28.7,73,13.1,NW,0,1009.2,10.1,Medium,No
Mirpur,residential,220,Very Unhealthy,20,69,4.7,NW,0,1013.9,5.3,High,No
Jatrabari,industrial,177,Unhealthy,26.5,92,3.4,S,0.8,1012,7.6,Medium,No
Mirpur,residential,124,Unhealthy for Sensitive Groups,36,57,2.9,E,0,1009.5,8.7,Low,No
Tejgaon,industrial,187,Unhealthy,29.2,64,10.3,SW,0,1008.7,7.7,High,No
Hazaribagh,industrial,125,Unhealthy for Sensitive Groups,32.9,76,8.2,S,25.4,1008.7,9.6,High,Yes
Motijheel,roadside,125,Unhealthy for Sensitive Groups,26.8,82,1,W,38.5,1010.1,9.9,Severe,No
Dhanmondi,roadside,206,Very Unhealthy,20.6,77,4.2,N,0,1017.7,5.4,Medium,No
Gulshan,residential,108,Unhealthy for Sensitive Groups,32.2,74,7.5,NE,0,1002,10.4,Medium,No
Uttara,residential,178,Unhealthy,17.9,73,7.1,SW,0,1013.6,6.9,Medium,No
Mirpur,residential,125,Unhealthy for Sensitive Groups,28.5,76,2.4,NE,0,1006.2,9.9,Medium,No
Hazaribagh,industrial,65,Moderate,30.5,100,7.7,E,22.1,1003.5,11.3,Low,No
Mirpur,residential,155,Unhealthy,16.8,76,1.8,W,0,1013.5,8.4,Medium,No
Uttara,residential,188,Unhealthy,23.4,70,6.4,SE,0,1012.3,7.3,Medium,Yes
Jatrabari,industrial,193,Unhealthy,32.8,70,6.4,N,0.7,1003.8,6.7,Severe,No
Mohammadpur,residential,76,Moderate,29.9,68,26.5,NE,0,1009.2,8.2,Medium,Yes
Dhanmondi,roadside,132,Unhealthy for Sensitive Groups,29.8,84,2.7,NE,3.6,1011.4,10,Severe,Yes
Old Dhaka,roadside,96,Moderate,28.5,78,4.7,S,0,1003.3,9.5,High,No
Tejgaon,industrial,175,Unhealthy,30.9,79,1.5,SE,0,1006.5,7.7,Medium,No
Agargaon,roadside,81,Moderate,29.2,74,6.7,S,0,1002.1,11,High,No
Mohammadpur,residential,168,Unhealthy,32.9,70,5.8,SE,0,1006.9,8,Low,No
Old Dhaka,roadside,195,Unhealthy,17.3,63,5.2,N,0,1012.1,6.9,High,No
Agargaon,roadside,329,Hazardous,21.7,70,4.6,E,0,1017,4.5,Severe,Yes
Mohammadpur,residential,70,Moderate,32.5,76,26.9,SW,0,1004.9,10.9,Low,Yes
Baridhara,background,60,Moderate,29.3,71,9.4,S,16.6,1000.6,11,Low,No
Hazaribagh,industrial,411,Hazardous,25.4,69,8.4,N,0,1015.9,2.2,Severe,No
Gulshan,residential,65,Moderate,28.7,73,7.3,SW,0,1004.6,10.9,High,No
Uttara,residential,186,Unhealthy,14.1,68,5.9,NW,0,1013.5,8.2,Medium,No
Tejgaon,industrial,137,Unhealthy for Sensitive Groups,31.5,73,7.1,SW,4.6,1003.9,9.2,Severe,No
Hazaribagh,industrial,500,Hazardous,11.5,71,5.2,NW,0,1015.8,0.3,High,Yes
Mirpur,residential,109,Unhealthy for Sensitive Groups,34.7,65,4.9,N,0,1006.4,10,Medium,No
Agargaon,roadside,411,Hazardous,19.4,76,8.3,N,0,1014.8,3.3,High,No
Jatrabari,industrial,163,Unhealthy,27.4,78,28,E,0,1006.8,8.1,Severe,Yes
Hazaribagh,industrial,481,Hazardous,15.7,70,5.3,NW,0,1015.6,0.3,High,No
Mohammadpur,residential,224,Very Unhealthy,26.9,75,3.5,W,0,1009.9,5.2,Severe,No
Baridhara,background,22,Good,30.7,96,13.2,S,9.7,1002.7,11.5,Low,No
Tejgaon,industrial,196,Unhealthy,14.4,63,13.5,NW,0,1014.3,6.5,Low,No
Mirpur,residential,80,Moderate,30.9,96,4.6,SW,4.7,1000.9,9.8,Medium,No
Agargaon,roadside,158,Unhealthy,29.5,85,2.6,S,0.3,1002.4,8.4,Severe,No
Motijheel,roadside,123,Unhealthy for Sensitive Groups,29.1,77,10.6,S,0,1000.8,10,High,No
Mohammadpur,residential,93,Moderate,30.9,87,7.5,SW,0,997.6,10.5,Medium,No
Tejgaon,industrial,173,Unhealthy,32.6,67,11.1,SE,0,1009.9,8.3,Medium,No
Old Dhaka,roadside,100,Moderate,32.1,74,6.9,SW,0,1001.7,9.7,Severe,Yes
Tejgaon,industrial,63,Moderate,28.9,76,5.9,SE,12.5,1001.6,10,High,Yes
Agargaon,roadside,126,Unhealthy for Sensitive Groups,29.9,98,3.4,SE,0,1005.4,9.5,Medium,No
Hazaribagh,industrial,247,Very Unhealthy,16.8,72,6.6,NE,0,1013.7,4.9,Medium,No
Hazaribagh,industrial,169,Unhealthy,30.3,97,2.3,SE,0,1003.1,8.9,High,No
Motijheel,roadside,345,Hazardous,16.3,67,8.2,W,0,1015,4.4,Severe,No
Old Dhaka,roadside,152,Unhealthy,29.9,62,12.1,E,0,1007.9,9.6,Medium,No
Baridhara,background,163,Unhealthy,17.5,57,6.4,NE,0,1013.5,9.9,Low,No
Uttara,residential,192,Unhealthy,20,78,11.2,N,0,1017.3,8.9,Low,Yes
Dhanmondi,roadside,56,Moderate,30,88,5.5,SW,35.3,1006.4,10.9,High,No
Agargaon,roadside,128,Unhealthy for Sensitive Groups,28.3,75,4.2,SW,0,1008.7,9.7,High,No
Mirpur,residential,268,Very Unhealthy,18.6,64,3.6,SW,0,1016.9,4.9,Medium,Yes
Tejgaon,industrial,55,Moderate,29,94,7.7,S,23.5,1002.3,12,Medium,Yes
Gulshan,residential,49,Good,30.3,84,6.2,S,19.9,1002.9,10.3,Low,No
Mohammadpur,residential,158,Unhealthy,24.7,77,3.8,NW,0,1012.2,8.3,Severe,Yes
Mirpur,residential,106,Unhealthy for Sensitive Groups,31,80,5.2,SE,0,998.9,9.4,High,No
Old Dhaka,roadside,222,Very Unhealthy,18,67,6.2,NE,0,1013,6.9,High,Yes
Jatrabari,industrial,214,Very Unhealthy,19.7,74,10.5,NW,0,1014.4,7.4,Low,No
Jatrabari,industrial,157,Unhealthy,30.4,74,4.3,SE,0.7,1005.1,8.3,High,No
Old Dhaka,roadside,193,Unhealthy,24.6,71,0.6,NW,0,1014.2,7.1,High,Yes
Gulshan,residential,82,Moderate,28,86,8.1,SW,0,1012.2,11.6,Medium,No
Tejgaon,industrial,175,Unhealthy,27.2,77,2.5,NW,0,1011.1,8.1,High,No
Mirpur,residential,180,Unhealthy,25.3,86,11.3,SE,0,1011.2,7.6,Severe,No
Dhanmondi,roadside,223,Very Unhealthy,21.8,81,8.4,N,0,1015.4,6.8,High,No
Tejgaon,industrial,127,Unhealthy for Sensitive Groups,29.5,92,12.4,NE,0,1000,9,High,No
Old Dhaka,roadside,80,Moderate,27.3,81,7.2,SE,7.5,1001.6,12,Severe,Yes
Mirpur,residential,171,Unhealthy,18.3,70,10.1,N,0,1014,9.4,Severe,Yes
Jatrabari,industrial,266,Very Unhealthy,19.7,73,6.5,N,0,1014.9,2.9,Medium,No
Mohammadpur,residential,166,Unhealthy,16.1,66,6.2,S,0,1013.3,7.6,Medium,No
Agargaon,roadside,171,Unhealthy,30.7,64,8.4,S,0,1011.5,7.9,High,No
Tejgaon,industrial,151,Unhealthy,26.8,73,7.5,E,0,1006.7,8.5,High,Yes
Tejgaon,industrial,176,Unhealthy,26.9,98,1.5,NW,0,1006.8,6.8,Medium,Yes
Old Dhaka,roadside,199,Unhealthy,23.3,68,3.5,NE,0,1016.1,5.8,Medium,No
Jatrabari,industrial,153,Unhealthy,27.6,94,4.9,NW,0,1004.1,8.6,High,No
Mirpur,residential,159,Unhealthy,26.1,63,4.6,W,0,1019,8.2,Medium,No
Tejgaon,industrial,411,Hazardous,18.9,84,2.2,S,0,1014.3,4.2,Medium,Yes
Uttara,residential,193,Unhealthy,21,67,3,N,0,1015,7.8,Medium,No
Mohammadpur,residential,138,Unhealthy for Sensitive Groups,30.2,85,2.4,S,0.1,1003.3,9.3,High,Yes
Jatrabari,industrial,108,Unhealthy for Sensitive Groups,26.9,70,4.1,S,0,1005.5,9.7,High,No
Agargaon,roadside,189,Unhealthy,24.4,87,2.7,S,0,1007.7,6.6,Medium,No
Baridhara,background,131,Unhealthy for Sensitive Groups,25.7,89,3.1,NE,0,1011.5,10.1,High,No
Dhanmondi,roadside,238,Very Unhealthy,22.5,61,8.6,W,3,1016.6,4.3,Medium,Yes
Tejgaon,industrial,70,Moderate,27.5,94,6.5,S,4,1001.2,10.1,Medium,Yes
Dhanmondi,roadside,181,Unhealthy,16,59,4.2,E,0,1016.1,7,Severe,Yes
Gulshan,residential,93,Moderate,31.4,73,17.1,NW,0,1005.5,12,Low,No
Baridhara,background,53,Moderate,30.9,83,8.7,S,14.5,1005.1,10.9,Low,Yes
Dhanmondi,roadside,242,Very Unhealthy,20.5,81,6.6,W,0,1010.6,6.5,Severe,No
Tejgaon,industrial,229,Very Unhealthy,15.6,72,5.5,NW,0,1014.3,5.9,Low,Yes
Hazaribagh,industrial,195,Unhealthy,13.4,77,8.7,N,0,1016.4,7.7,Severe,No
Tejgaon,industrial,500,Hazardous,20.9,80,9.6,W,0,1014.3,0.6,Severe,Yes
Dhanmondi,roadside,168,Unhealthy,30.6,76,6.6,N,0,1013.1,7.8,High,Yes
Motijheel,roadside,293,Very Unhealthy,17.8,70,8.6,NW,0,1015.2,2.5,Severe,Yes
Jatrabari,industrial,92,Moderate,27.9,76,9.7,SW,0,1002.8,8.7,Low,No
Mohammadpur,residential,165,Unhealthy,25.9,76,6.7,NE,0,1012.4,8.7,Low,Yes
Mohammadpur,residential,184,Unhealthy,30.7,100,5.4,W,6.9,1001.9,9.2,Severe,No
Gulshan,residential,112,Unhealthy for Sensitive Groups,30.4,74,4.4,W,0,1002.9,8.6,Medium,No
Agargaon,roadside,184,Unhealthy,30.5,70,1.5,N,0,1015.4,7.1,High,No
Agargaon,roadside,198,Unhealthy,22.2,83,13.1,N,0,1018.4,7.4,Severe,Yes
Gulshan,residential,211,Very Unhealthy,19.6,73,8.7,W,0,1016.8,6.1,Medium,No
Dhanmondi,roadside,118,Unhealthy for Sensitive Groups,26.5,92,5,NE,0,1001.1,10.8,Medium,No
Baridhara,background,167,Unhealthy,29.3,72,1.8,S,0,1008.1,8.8,High,Yes
Hazaribagh,industrial,80,Moderate,29,88,9.7,SE,3.6,997.7,8.2,Low,No
Uttara,residential,214,Very Unhealthy,16.4,54,4,N,0,1011.1,6.2,Medium,Yes
Gulshan,residential,67,Moderate,30.3,94,12.4,E,0,1008,11.1,High,No
Baridhara,background,33,Good,30.4,67,3.3,SW,32.7,998.9,10.8,Medium,Yes
Tejgaon,industrial,209,Very Unhealthy,22.8,86,3.8,NW,0,1010.2,6.8,Medium,Yes
Gulshan,residential,195,Unhealthy,21.8,71,4.3,S,0,1015.4,6.5,Low,No
Tejgaon,industrial,271,Very Unhealthy,19.1,77,7.7,W,0,1015.9,5,Medium,Yes
Old Dhaka,roadside,169,Unhealthy,27.9,79,3.3,NE,0,1011,7.7,High,No
Jatrabari,industrial,143,Unhealthy for Sensitive Groups,31.3,93,9.8,SW,0,1001.1,7.1,High,No
Mirpur,residential,177,Unhealthy,16.3,70,1.5,NW,0,1014.7,7,Medium,No
Mirpur,residential,212,Very Unhealthy,23.4,72,4.7,NW,0,1017.8,6,High,No
Mirpur,residential,87,Moderate,29.7,88,16.6,W,0,1003.6,10.1,Medium,No
Agargaon,roadside,98,Moderate,32.7,100,21.2,NE,1.6,1003.7,8.8,Severe,No
Motijheel,roadside,102,Unhealthy for Sensitive Groups,28.4,90,13.8,S,0,997.2,9.7,Low,Yes
Tejgaon,industrial,114,Unhealthy for Sensitive Groups,30.6,67,1.2,NE,14.9,1012.3,10,High,No
Jatrabari,industrial,255,Very Unhealthy,15.8,65,4.4,NW,0,1015.3,5.8,Severe,No
Motijheel,roadside,178,Unhealthy,27.9,75,4.9,NW,0,1013.4,5.9,Medium,No
Gulshan,residential,72,Moderate,28.3,95,12.7,NE,0,1006.6,9.5,High,No
Tejgaon,industrial,182,Unhealthy,29.6,72,5.8,W,0,1007.3,8.8,High,No
Old Dhaka,roadside,337,Hazardous,17.7,88,2.2,N,0,1014.9,1.4,Severe,No
Uttara,residential,85,Moderate,31.3,86,13.9,E,0,1005,9.3,Medium,No
Motijheel,roadside,198,Unhealthy,18.9,73,14.1,W,0,1015.4,7.2,Low,No
Mohammadpur,residential,174,Unhealthy,15.2,60,8.3,W,0,1010.1,8.3,Medium,No
Uttara,residential,181,Unhealthy,20,87,3.1,NW,0,1014.6,5.4,Severe,No
Baridhara,background,180,Unhealthy,27.8,66,16.2,N,0,1010.7,7.8,Medium,No
Mohammadpur,residential,249,Very Unhealthy,19.3,64,8.7,E,0,1012,4.3,Medium,No
Dhanmondi,roadside,102,Unhealthy for Sensitive Groups,24.7,82,10.8,SW,0.5,1004.4,9.8,Severe,No
Baridhara,background,104,Unhealthy for Sensitive Groups,31.8,79,21.1,NE,4.6,1004.6,9.9,High,Yes
Motijheel,roadside,159,Unhealthy,32.7,72,13.7,NE,0,1006.4,9.4,High,Yes
Dhanmondi,roadside,66,Moderate,28.7,78,6.3,S,0,999.6,11.2,High,Yes
Mohammadpur,residential,153,Unhealthy,16.5,66,12.6,E,0,1015.2,10.1,Medium,No
Jatrabari,industrial,119,Unhealthy for Sensitive Groups,30,96,3.4,S,0,1005,10.1,High,No
Mirpur,residential,131,Unhealthy for Sensitive Groups,34,66,4.3,SE,0,1003.1,10.3,Low,No
Dhanmondi,roadside,210,Very Unhealthy,19.3,74,3.4,W,0,1015.6,5.3,High,No
Uttara,residential,72,Moderate,32.6,91,7.6,N,0,997.7,11.3,Medium,No
Hazaribagh,industrial,183,Unhealthy,33.8,41,9.4,SW,0,1012.2,8,Severe,No
Gulshan,residential,149,Unhealthy for Sensitive Groups,26.4,88,4.7,NE,0,1008.7,10.7,Medium,Yes
Jatrabari,industrial,164,Unhealthy,23.1,71,4.8,NE,0,1012.4,9.2,Medium,No
Gulshan,residential,108,Unhealthy for Sensitive Groups,26.4,75,6.8,E,0,1011.7,9,Low,No
Baridhara,background,92,Moderate,32.3,80,3.8,SW,0,1007.3,10.5,Low,No
Motijheel,roadside,436,Hazardous,19.2,82,7.4,SW,0,1013.9,2.7,Severe,No
Jatrabari,industrial,238,Very Unhealthy,28.6,82,0.6,SE,0,1007.6,5.7,Severe,No
Gulshan,residential,122,Unhealthy for Sensitive Groups,33.2,74,7.7,NW,0,1010.7,11,Medium,No
Gulshan,residential,72,Moderate,31,93,4.6,SE,14.8,999.6,10.9,Medium,No
Agargaon,roadside,147,Unhealthy for Sensitive Groups,26.3,89,17,N,0,1010.7,9,High,Yes
Baridhara,background,158,Unhealthy,20.8,82,4.1,NW,0,1014.1,8.7,Low,Yes
Gulshan,residential,184,Unhealthy,26.8,71,5.5,N,0,1017.5,7.6,High,No
Old Dhaka,roadside,152,Unhealthy,27.3,79,5.9,SE,0,1007.7,9.3,Medium,No
Mirpur,residential,128,Unhealthy for Sensitive Groups,30.9,83,2.9,SE,0,1000.3,8.8,Severe,Yes
Agargaon,roadside,239,Very Unhealthy,25.4,71,2,W,0,1015.3,5.5,Severe,No
Agargaon,roadside,160,Unhealthy,27.9,85,2.4,E,0,1004.7,8.1,High,No
Agargaon,roadside,106,Unhealthy for Sensitive Groups,31.8,77,6.8,SE,2.3,1005.3,8.6,Severe,Yes
Baridhara,background,99,Moderate,33.8,71,6.1,S,0,1006.6,9.9,High,No
Mirpur,residential,195,Unhealthy,13.8,57,1.1,N,0,1014.7,5.8,High,No
Mohammadpur,residential,58,Moderate,31.3,86,20.1,S,0,1005.2,10.7,Medium,Yes
Dhanmondi,roadside,87,Moderate,29.5,86,10.8,S,0,997.4,9.2,Severe,No
Hazaribagh,industrial,169,Unhealthy,26.8,79,6,N,0,1013.3,8,Medium,No
Motijheel,roadside,205,Very Unhealthy,17.9,77,0.7,NW,0,1013,5.7,High,Yes
Hazaribagh,industrial,169,Unhealthy,30.3,84,7.1,N,0,1011.4,8,High,No
Jatrabari,industrial,87,Moderate,29.8,100,7.4,SE,3.2,1002.2,10.8,High,No
Old Dhaka,roadside,134,Unhealthy for Sensitive Groups,29.2,81,12.3,SE,0,1000.5,8.5,High,No
Mirpur,residential,121,Unhealthy for Sensitive Groups,29.9,70,4.4,S,0,1007.8,9.8,High,No
Uttara,residential,170,Unhealthy,17.8,72,3.5,SE,0,1014.1,8.6,High,No
Uttara,residential,96,Moderate,28.1,86,8.3,SW,0,1004.5,8.9,Severe,No
Motijheel,roadside,193,Unhealthy,17.3,60,3.4,NE,0,1013.1,7.8,Severe,Yes
Gulshan,residential,192,Unhealthy,19.4,61,6.5,NE,0,1012.4,7.5,High,No
Hazaribagh,industrial,137,Unhealthy for Sensitive Groups,28,78,2.2,NW,17.5,1011.3,9.8,Severe,No
Mirpur,residential,192,Unhealthy,23.2,57,4.7,N,0,1014.8,7.4,Low,No
Hazaribagh,industrial,170,Unhealthy,27.6,75,3.1,SW,0,1014.8,8.1,Medium,No
Old Dhaka,roadside,92,Moderate,29.1,80,11.9,SE,0,1001.9,10.5,High,No
Mirpur,residential,160,Unhealthy,24.5,76,18.1,NW,0,1011,8.8,High,Yes
Uttara,residential,158,Unhealthy,20,79,14.2,N,0,1012,8.5,Low,No
Dhanmondi,roadside,79,Moderate,29.8,76,1.4,NE,4.2,1002.5,9.6,Severe,No
Dhanmondi,roadside,98,Moderate,29.8,92,9.6,SE,0,999.1,9,High,No
Baridhara,background,110,Unhealthy for Sensitive Groups,27.7,73,3.1,W,0,1010.5,8.5,Low,No
Tejgaon,industrial,244,Very Unhealthy,20.8,66,2,SE,0,1012.7,5.6,High,No
Mirpur,residential,177,Unhealthy,19.9,74,6.8,N,0,1016.3,8.9,Medium,No
Mirpur,residential,156,Unhealthy,26.6,76,2.1,NW,0,1010.7,8.8,High,No
Old Dhaka,roadside,251,Very Unhealthy,16.2,63,10.4,SW,0,1017.9,5.6,Severe,Yes
Hazaribagh,industrial,53,Moderate,28.9,82,9.5,E,26,999.5,9.9,Low,Yes
Baridhara,background,188,Unhealthy,22,56,9.1,N,0,1015.1,8.8,Low,No
Hazaribagh,industrial,487,Hazardous,17.5,73,6,SW,0,1015.3,0.3,Severe,No
Dhanmondi,roadside,71,Moderate,27.6,60,2.5,SE,20.8,1001.6,9.2,High,No
Dhanmondi,roadside,122,Unhealthy for Sensitive Groups,32.1,92,5.3,SE,0,1004.7,9.1,Medium,No
Mirpur,residential,71,Moderate,28.3,90,16.1,SE,0,1001.8,9.8,Medium,No
Mohammadpur,residential,141,Unhealthy for Sensitive Groups,31.1,81,7,SE,0,1004.4,9.5,Medium,No
Mohammadpur,residential,54,Moderate,30.9,100,6,SE,33.8,1003,11.4,High,No
Motijheel,roadside,155,Unhealthy,27,85,13.4,E,0,1015.4,9.3,Severe,No
Mirpur,residential,171,Unhealthy,10.3,65,5.8,N,0,1013.3,7.1,Medium,No
Gulshan,residential,116,Unhealthy for Sensitive Groups,32,85,16.7,S,20.7,1006.8,9.3,High,No
Mohammadpur,residential,134,Unhealthy for Sensitive Groups,34.3,58,7.1,S,0.4,1007.5,9.5,Low,No
Uttara,residential,89,Moderate,31.4,70,3.3,S,0,1004.3,11.3,Low,Yes
Mirpur,residential,157,Unhealthy,25.7,83,0.9,N,9.6,1008.8,7.5,Medium,No
Motijheel,roadside,86,Moderate,33.8,90,6.3,S,0,1002.3,9.9,Medium,No
Hazaribagh,industrial,140,Unhealthy for Sensitive Groups,27.7,53,8.3,W,0,1005.9,8.2,Medium,No
Tejgaon,industrial,157,Unhealthy,28.1,74,14.1,NE,0,1000.8,8.9,Severe,No
Mirpur,residential,170,Unhealthy,29,82,0.3,W,0,1012.2,7.6,Medium,No
Hazaribagh,industrial,99,Moderate,30.8,78,10.2,SE,5.7,1000.2,9.5,High,No
Tejgaon,industrial,183,Unhealthy,31.2,62,7.8,S,0,1003.5,5.9,High,No
Old Dhaka,roadside,303,Hazardous,17,86,4.4,NE,0,1014.4,0.3,Severe,No
Gulshan,residential,75,Moderate,32.4,100,22.5,S,0,1000.7,10.5,Low,Yes
Tejgaon,industrial,264,Very Unhealthy,18.9,71,6.9,NW,0,1014,4.6,Medium,No
Uttara,residential,142,Unhealthy for Sensitive Groups,23.1,77,13.8,NW,0,1012.3,9.4,High,No
Motijheel,roadside,169,Unhealthy,34.1,75,4.3,SE,0,1007.2,8.4,Medium,Yes
Gulshan,residential,213,Very Unhealthy,19.8,66,3.7,NW,0,1014.4,4.2,Low,No
Agargaon,roadside,159,Unhealthy,22.9,52,10.2,E,0,1012,8.4,Medium,Yes
Uttara,residential,82,Moderate,31,63,3.4,N,0,1001,9.8,Low,Yes
Motijheel,roadside,162,Unhealthy,33,77,2.8,SE,0,1006.9,8.4,High,No
Mirpur,residential,123,Unhealthy for Sensitive Groups,30.2,75,3.4,SE,0,1005.1,9.3,High,No
Old Dhaka,roadside,218,Very Unhealthy,19.1,70,3.3,S,0,1013,5,High,Yes
Mohammadpur,residential,108,Unhealthy for Sensitive Groups,32.8,74,9.3,NW,0,1007,9.9,Medium,No
Hazaribagh,industrial,198,Unhealthy,26.2,85,7.8,W,0,1011.1,5.9,High,Yes
Motijheel,roadside,105,Unhealthy for Sensitive Groups,29,89,6.1,NW,0,1010.4,9.5,Low,Yes
Dhanmondi,roadside,320,Hazardous,8.7,71,4,S,0,1012.1,0.9,Severe,No
Mirpur,residential,81,Moderate,29.9,87,7.2,W,0,997.7,8.8,Medium,No
Motijheel,roadside,75,Moderate,29.8,85,17.8,SE,17.2,1005.4,10.9,High,No
Mohammadpur,residential,90,Moderate,29.7,83,7.1,S,0,999.9,9.3,Severe,No
Uttara,residential,122,Unhealthy for Sensitive Groups,28.8,55,5.8,SE,0,1006.3,10.4,Medium,No
Tejgaon,industrial,127,Unhealthy for Sensitive Groups,31.6,94,0.7,E,0,1000.8,7.8,High,No
Gulshan,residential,57,Moderate,29.1,82,6.6,SE,11.4,1004.2,10,Low,No
Gulshan,residential,181,Unhealthy,19.7,66,9.9,E,0,1015.7,6.8,Severe,No
Uttara,residential,175,Unhealthy,18.9,66,1.1,NE,0,1013.2,7,Medium,No
Dhanmondi,roadside,170,Unhealthy,32.3,57,2.7,S,0,1008.3,10.6,High,Yes
Gulshan,residential,179,Unhealthy,24,69,3.4,W,0,1011.6,7.2,Low,No
Uttara,residential,152,Unhealthy,31.5,72,4.7,SE,0,1006.7,10.8,Low,No
Mohammadpur,residential,181,Unhealthy,29.1,72,5.9,W,0,1003.5,9.5,Medium,No
Gulshan,residential,105,Unhealthy for Sensitive Groups,27.4,86,16.4,N,11.3,1011.8,9.9,Severe,Yes
Mirpur,residential,229,Very Unhealthy,17.2,67,2.1,NE,0,1013.9,7.1,Medium,No
Mohammadpur,residential,270,Very Unhealthy,18.5,58,3,S,0,1014.4,3.5,Medium,No
Uttara,residential,22,Good,29.5,96,6.2,N,48.5,1005,10.4,Medium,No
Hazaribagh,industrial,206,Very Unhealthy,32.4,70,4.3,S,0,1005.1,6.3,High,No
Mohammadpur,residential,175,Unhealthy,19.4,77,5.4,SE,0,1013.2,8.6,Medium,No
Hazaribagh,industrial,169,Unhealthy,25,85,7.7,W,0,1007.3,8.7,High,No
Agargaon,roadside,240,Very Unhealthy,18.2,62,3.1,W,0,1015.1,4.8,High,No
Hazaribagh,industrial,157,Unhealthy,13.7,66,9,NW,0,1014.8,9.6,High,Yes
Tejgaon,industrial,92,Moderate,29.7,93,5.3,E,0,1003.8,9.6,Low,Yes
Mohammadpur,residential,80,Moderate,30,100,3.9,E,0,1001.9,10.9,Medium,Yes
Old Dhaka,roadside,157,Unhealthy,35.5,69,2.1,SE,0,1007.8,10.2,High,Yes
Uttara,residential,60,Moderate,32.4,80,10.6,S,16.7,1003.3,10,Low,No
Agargaon,roadside,153,Unhealthy,24.4,91,6.6,N,0,1011.9,8.7,Medium,No
Baridhara,background,185,Unhealthy,19.7,65,2,N,0,1014.7,7.3,Medium,No
Uttara,residential,120,Unhealthy for Sensitive Groups,30.4,88,3.5,N,0,1003.3,8.6,High,No
Gulshan,residential,204,Very Unhealthy,18.2,67,5.8,SW,0,1016.6,7.2,Medium,No
Gulshan,residential,180,Unhealthy,30.6,70,11.2,S,0,1009.5,7.6,Medium,No
Uttara,residential,113,Unhealthy for Sensitive Groups,30.1,60,9.7,N,0,1012.7,9.8,Medium,No
Old Dhaka,roadside,61,Moderate,35.7,65,11.7,N,32.7,1004.5,9.6,Medium,Yes
Mirpur,residential,239,Very Unhealthy,17.5,65,18.3,N,0,1016.3,5,Medium,No
Agargaon,roadside,161,Unhealthy,27.9,83,9.8,NW,0,1011,7.9,High,No
Mohammadpur,residential,147,Unhealthy for Sensitive Groups,24.7,69,11.9,SW,0,1007.5,9.9,High,Yes
Old Dhaka,roadside,218,Very Unhealthy,29.1,85,3.5,NW,0,1012.9,6.1,High,No
Dhanmondi,roadside,171,Unhealthy,34,61,2.8,SW,0,1007.6,8.7,High,Yes
Mirpur,residential,116,Unhealthy for Sensitive Groups,24.4,76,12.6,E,0,1008.3,8.5,Low,No
Gulshan,residential,102,Unhealthy for Sensitive Groups,29.1,90,4.7,SE,0,1000.7,9.7,Medium,No
Motijheel,roadside,152,Unhealthy,32.1,75,10.3,NW,0,1008.4,8.7,Severe,Yes
Old Dhaka,roadside,109,Unhealthy for Sensitive Groups,30,73,1.8,SE,0,1000.1,9.2,Severe,No
Baridhara,background,71,Moderate,30.8,88,1.2,S,0,999.2,11.8,Low,No
Dhanmondi,roadside,101,Unhealthy for Sensitive Groups,30.3,61,13.9,S,0,1006.2,9.7,Severe,Yes
Hazaribagh,industrial,124,Unhealthy for Sensitive Groups,35.7,75,4.2,SE,0,1003.4,8.1,Low,No
Agargaon,roadside,119,Unhealthy for Sensitive Groups,28.8,100,9.2,NE,1.6,1000.1,6.6,Low,No
Dhanmondi,roadside,61,Moderate,34.8,64,3.8,S,10.1,1006.8,11.2,Medium,No
Gulshan,residential,107,Unhealthy for Sensitive Groups,34.1,63,11,SW,0,1005.6,9.7,Medium,No
Baridhara,background,64,Moderate,31.5,87,6.5,S,9.7,1003,11,Low,No
Tejgaon,industrial,219,Very Unhealthy,28.4,68,6.3,W,0,1004.9,7.5,Severe,Yes
Tejgaon,industrial,178,Unhealthy,33.3,76,9.6,SE,0,1008.6,8.3,High,Yes
Gulshan,residential,67,Moderate,31.1,86,9.6,E,2,1001.3,10.5,Medium,No
Uttara,residential,157,Unhealthy,21.7,74,3.2,SW,0,1013,8.6,Severe,No
Mohammadpur,residential,182,Unhealthy,14.1,62,6.7,N,0,1014.2,8,Medium,No
Jatrabari,industrial,261,Very Unhealthy,20.3,60,7.1,E,0,1013.8,4.2,High,No
Mirpur,residential,164,Unhealthy,18.5,64,8.9,N,0,1014.6,8.1,High,Yes
Dhanmondi,roadside,74,Moderate,29.1,80,15,S,7.9,1002,10.5,Medium,Yes
Mirpur,residential,137,Unhealthy for Sensitive Groups,33.7,71,7.4,SE,0,1007.6,10.3,Low,Yes
Gulshan,residential,141,Unhealthy for Sensitive Groups,28.8,67,4.3,S,0,1005.3,9,High,No
Motijheel,roadside,333,Hazardous,17.4,65,2.3,NW,0,1012.8,2.2,High,No
Baridhara,background,166,Unhealthy,25.4,70,3.4,NW,0,1007.5,7.8,Medium,No
Baridhara,background,145,Unhealthy for Sensitive Groups,32.3,62,5.1,SE,0,1005.5,9.4,High,No
Hazaribagh,industrial,140,Unhealthy for Sensitive Groups,26.9,80,5.2,SE,0,997.8,8.7,High,No
Gulshan,residential,183,Unhealthy,17.3,64,4.7,W,0,1011.8,7.8,High,No
Gulshan,residential,132,Unhealthy for Sensitive Groups,13,75,5.5,W,0,1014.4,8.8,Low,No
Hazaribagh,industrial,230,Very Unhealthy,17.9,81,5.8,N,0,1016.5,5.7,Severe,No
Tejgaon,industrial,170,Unhealthy,32.8,59,12.5,S,0,1006.2,8.4,Severe,Yes
Uttara,residential,74,Moderate,32.9,77,17.9,W,0,1012,9.1,Low,No
Mohammadpur,residential,175,Unhealthy,16.5,76,5.8,NW,0,1015.8,8.9,Medium,No
Tejgaon,industrial,102,Unhealthy for Sensitive Groups,32.3,69,5.1,W,13.1,1007.5,11.2,Medium,Yes
Baridhara,background,157,Unhealthy,18.4,82,8,NE,0,1012.2,8.4,Low,Yes
Tejgaon,industrial,156,Unhealthy,34.4,67,11.8,NE,11.5,1008.5,9.5,High,Yes
Motijheel,roadside,355,Hazardous,18.5,73,3.1,NE,0,1016.4,2.9,Severe,No
Baridhara,background,211,Very Unhealthy,8.6,71,7.7,NW,0,1012.6,6.6,High,No
Jatrabari,industrial,212,Very Unhealthy,22.1,70,0.3,W,0,1015.1,5.4,High,Yes
Mohammadpur,residential,137,Unhealthy for Sensitive Groups,29.2,89,3.1,E,0,1005.8,9.9,High,No
Hazaribagh,industrial,207,Very Unhealthy,26.3,78,2,E,0,1011.7,7,High,No
Mirpur,residential,71,Moderate,30.6,89,3.3,NE,25.2,1004.1,9.5,Severe,No
Baridhara,background,196,Unhealthy,14,65,8.1,W,0,1014.2,5.4,Medium,No
Old Dhaka,roadside,139,Unhealthy for Sensitive Groups,27.2,73,4.3,W,0,1006.6,9.2,Medium,No
Agargaon,roadside,158,Unhealthy,28.3,73,9.5,E,7.3,1012.2,8,Severe,No
Gulshan,residential,95,Moderate,31.9,65,18.9,S,0,1006.6,10.4,Medium,No
Hazaribagh,industrial,198,Unhealthy,16.9,78,11.9,NW,0,1015.6,6.1,Severe,No
Gulshan,residential,81,Moderate,31.8,81,4.2,NW,0,1002.1,9.9,Medium,No
Dhanmondi,roadside,160,Unhealthy,24.5,83,4.5,SE,6.9,1009,8.6,Medium,Yes
Baridhara,background,47,Good,28.9,87,6.7,SE,29,1002.2,9.2,High,No
Mohammadpur,residential,63,Moderate,29.8,81,18.6,SW,0,1000.4,10.4,Severe,No
Agargaon,roadside,87,Moderate,30.5,95,4.1,S,8.5,999.4,8.7,High,No
Old Dhaka,roadside,138,Unhealthy for Sensitive Groups,26.2,84,10.5,NW,0,1013,9.7,Medium,Yes
Jatrabari,industrial,220,Very Unhealthy,23.3,70,6.7,SE,0,1012.9,7.8,Severe,No
Baridhara,background,166,Unhealthy,20,69,0.5,NE,0,1014.6,10,High,No
Hazaribagh,industrial,250,Very Unhealthy,27.2,79,4.2,SE,0,1008.8,4.7,Medium,No
Mohammadpur,residential,187,Unhealthy,19.9,58,2.1,NE,0,1018.6,8.1,Medium,Yes
Motijheel,roadside,165,Unhealthy,32.8,61,5.9,NE,0,1008.2,8.4,High,No
Old Dhaka,roadside,270,Very Unhealthy,19.8,74,0.5,N,0,1012.5,5.1,High,No
Motijheel,roadside,181,Unhealthy,12.7,57,14,NW,0,1015,6.7,High,No
Motijheel,roadside,410,Hazardous,22.8,64,3.6,NE,0,1015.1,2.5,High,Yes
Mohammadpur,residential,93,Moderate,30.2,82,5.3,SW,0,1002.3,9.9,Low,No
Motijheel,roadside,163,Unhealthy,32.7,91,20.2,SE,0,1005.5,9,High,No
Agargaon,roadside,105,Unhealthy for Sensitive Groups,29.3,90,2.2,SW,0,1000.3,9.6,Medium,No
Dhanmondi,roadside,170,Unhealthy,26.4,77,10.5,SE,0,1010.7,8,High,No
Tejgaon,industrial,165,Unhealthy,21.3,72,2.9,N,8.9,1008.8,8,High,No
Gulshan,residential,137,Unhealthy for Sensitive Groups,28.3,88,1.3,SE,0,999.4,8.2,Severe,No
Dhanmondi,roadside,172,Unhealthy,28.3,64,8,SE,0,1006.4,8.4,High,No
Jatrabari,industrial,136,Unhealthy for Sensitive Groups,34.2,65,17,W,0,1006.4,9,Medium,No
Motijheel,roadside,197,Unhealthy,20.1,74,4.6,N,0,1011.8,6.8,Low,Yes
Gulshan,residential,55,Moderate,28.1,74,11.4,S,24.8,1007.5,8.5,Medium,Yes
Tejgaon,industrial,191,Unhealthy,25,81,3.2,E,0,1007.6,7,High,Yes
Jatrabari,industrial,190,Unhealthy,23.8,74,7,NW,0,1013.1,6.7,Medium,Yes
Mirpur,residential,151,Unhealthy,27.6,80,6.8,SE,0,1007.4,9.6,Medium,No
Uttara,residential,79,Moderate,33.8,78,4.5,SE,4.6,1004.7,9.7,High,No
Dhanmondi,roadside,236,Very Unhealthy,25.6,64,2,NW,0,1010.4,5,High,Yes
Motijheel,roadside,99,Moderate,33.8,82,15.2,NW,0,1002,8.9,Severe,No
Baridhara,background,233,Very Unhealthy,20.3,67,5.1,NW,0,1015.6,5.1,Medium,No
Jatrabari,industrial,209,Very Unhealthy,17.8,74,3.7,E,0,1012.5,5.9,Low,Yes
Agargaon,roadside,197,Unhealthy,27.9,74,4.3,NW,0,1012.5,6.9,High,Yes
Tejgaon,industrial,166,Unhealthy,33.3,81,11,SE,0,1003.4,7.9,Low,Yes
Dhanmondi,roadside,51,Moderate,28.8,98,11.2,SE,15.3,997.7,9.2,Low,Yes
Uttara,residential,137,Unhealthy for Sensitive Groups,28,87,6.9,E,4.4,1004.4,8.7,Severe,Yes
Jatrabari,industrial,167,Unhealthy,26.3,75,7.3,W,8.5,1012.4,8.4,High,Yes
Agargaon,roadside,162,Unhealthy,29.1,64,5.9,S,0,1011.6,7.7,Medium,No
Mohammadpur,residential,160,Unhealthy,34.1,71,6.5,S,0,1006.7,10,Medium,No
Tejgaon,industrial,393,Hazardous,16.8,74,7.5,N,0,1018.9,2.8,Medium,No
Jatrabari,industrial,134,Unhealthy for Sensitive Groups,30.2,83,5.1,S,3,1000.6,8.8,Severe,Yes
Old Dhaka,roadside,199,Unhealthy,33.5,65,2.9,SE,0,1009.8,7.5,Severe,No
Mirpur,residential,88,Moderate,32.3,88,10.1,S,0,1006.6,9.6,Low,No
Old Dhaka,roadside,175,Unhealthy,31.5,69,9.8,S,0,1004.7,7.7,High,Yes
Hazaribagh,industrial,286,Very Unhealthy,20.3,65,9,NW,0,1010.5,5.1,Medium,Yes
Jatrabari,industrial,204,Very Unhealthy,24.5,79,7.7,W,0,1011.5,6.9,Severe,No
Mohammadpur,residential,92,Moderate,29.6,73,6.8,SW,31.7,1011.5,9.6,Medium,No
Tejgaon,industrial,203,Very Unhealthy,34.2,62,2.6,S,0,1006.6,7,High,No
Baridhara,background,80,Moderate,26.6,85,6.7,SE,0,1004.4,10,High,Yes
Motijheel,roadside,206,Very Unhealthy,35.4,63,5.2,SE,0,1004.2,5.6,High,No
Gulshan,residential,89,Moderate,28.7,79,9.9,S,0,1001.7,9.9,Medium,No
Dhanmondi,roadside,155,Unhealthy,32.5,76,21.5,SE,0,1005,8.5,Severe,No
Baridhara,background,56,Moderate,30.1,82,11,SW,0,1006.1,11.1,Low,No
Dhanmondi,roadside,225,Very Unhealthy,18.8,85,1.6,W,0,1016.9,5.6,Medium,No
Dhanmondi,roadside,409,Hazardous,18.3,75,6,N,0,1013.2,3.4,Severe,No
Uttara,residential,77,Moderate,28.2,78,4.7,SE,0,1002.1,9.5,High,No
Old Dhaka,roadside,163,Unhealthy,32.3,77,11.8,E,0,1006.5,7.3,High,No
Mohammadpur,residential,207,Very Unhealthy,18,64,8.5,NW,0,1011.7,7.1,Severe,No
Hazaribagh,industrial,374,Hazardous,14.4,86,4.8,W,0,1019,0.3,High,No
Gulshan,residential,90,Moderate,28.4,70,5.8,N,1.8,1005.9,11.6,Low,No
Old Dhaka,roadside,158,Unhealthy,27.7,89,8.7,SW,0,1009.7,8.6,Severe,No
Gulshan,residential,124,Unhealthy for Sensitive Groups,29.7,68,4.7,SE,0,1007.1,9.4,Medium,No
Tejgaon,industrial,94,Moderate,30.9,87,12,SW,0,1005.1,10.2,Medium,No
Mohammadpur,residential,162,Unhealthy,25.2,76,7.8,NW,0,1011.1,7.8,Low,No
Mohammadpur,residential,185,Unhealthy,33.4,61,5.6,W,0,1007.8,8,Medium,No
Motijheel,roadside,232,Very Unhealthy,26.7,81,2.3,NE,0,1010,5.9,High,Yes
Jatrabari,industrial,189,Unhealthy,18,78,5.8,W,0,1010.5,6.3,Low,Yes
Baridhara,background,83,Moderate,31,58,15,SE,0,1011.2,11.1,High,No
Agargaon,roadside,500,Hazardous,23.9,82,8.3,SE,0,1013.5,0.3,Severe,Yes
Gulshan,residential,155,Unhealthy,14.2,75,1.9,N,0,1018.7,8.4,Low,No
Baridhara,background,233,Very Unhealthy,24.8,67,6.7,W,0,1020.2,6.7,High,Yes
Baridhara,background,185,Unhealthy,22.4,66,7.2,S,0,1013.4,6.9,Medium,No
Hazaribagh,industrial,207,Very Unhealthy,26.9,93,4.6,N,0,1008.9,6.8,Medium,Yes
Mirpur,residential,60,Moderate,32.1,93,7,SW,32,1000.5,10.9,High,No
Dhanmondi,roadside,152,Unhealthy,26.2,87,8.6,SW,0,1006.2,8.6,High,Yes
Mohammadpur,residential,52,Moderate,30.5,83,7.6,SW,31.9,1002.9,9.8,High,No
Jatrabari,industrial,174,Unhealthy,29,89,1,S,0,1005.2,6.8,Medium,Yes
Mohammadpur,residential,178,Unhealthy,22.4,73,2.6,N,0,1012.6,7.8,High,No
Hazaribagh,industrial,163,Unhealthy,28.7,84,5,S,0,1003.2,8.1,Medium,Yes
Old Dhaka,roadside,231,Very Unhealthy,30.9,69,4.1,W,0,1006.4,5,Medium,Yes
Old Dhaka,roadside,165,Unhealthy,28.7,87,9.3,SW,0,1010.4,8,Severe,No
Jatrabari,industrial,213,Very Unhealthy,29.6,91,7.1,E,0,1010.9,7.7,High,No
Mirpur,residential,310,Hazardous,16.1,68,1.7,N,0,1015.8,3.3,Medium,No
Mohammadpur,residential,154,Unhealthy,31.4,74,9,SW,0,1000.4,8.2,High,No
Motijheel,roadside,41,Good,28.2,98,12.6,S,24.6,1002,9.7,High,No
Gulshan,residential,105,Unhealthy for Sensitive Groups,26.1,98,5.9,SE,0,1000.5,10,Medium,No
Mirpur,residential,186,Unhealthy,16.4,73,6.2,NW,0,1015.3,6.4,Low,Yes
Mirpur,residential,108,Unhealthy for Sensitive Groups,31.5,99,7.4,SE,4.6,999.7,9.7,Medium,Yes
Jatrabari,industrial,155,Unhealthy,30,88,2.8,SE,0,1004.3,9.8,High,No
Motijheel,roadside,170,Unhealthy,29.7,61,10,N,0,1006.1,9.3,High,No
Baridhara,background,123,Unhealthy for Sensitive Groups,30.1,75,4.6,SW,0,998.9,8.1,Medium,No
Old Dhaka,roadside,245,Very Unhealthy,19.1,59,12.1,NW,0,1014.5,5.4,Severe,Yes
Old Dhaka,roadside,292,Very Unhealthy,28.6,78,2.1,N,0,1010.8,0.6,High,No
Jatrabari,industrial,279,Very Unhealthy,13.4,66,4.9,N,0,1013.8,3,Medium,Yes
Agargaon,roadside,179,Unhealthy,18.6,65,9.4,NE,0,1011,7.3,High,No
Agargaon,roadside,289,Very Unhealthy,19.4,69,3.6,W,0,1014.7,3.8,Severe,No
Gulshan,residential,180,Unhealthy,23.6,85,6.9,E,0,1011.4,8.1,Medium,No
Jatrabari,industrial,87,Moderate,27.5,81,38.6,SE,0,1003.1,9.8,Severe,Yes
Dhanmondi,roadside,218,Very Unhealthy,17.7,64,9,W,0,1017.5,6.5,High,Yes
Dhanmondi,roadside,154,Unhealthy,19,66,6.6,SE,0,1016.2,9.6,High,Yes
Motijheel,roadside,91,Moderate,30,92,11.4,S,0,1002.8,9,Severe,No
Motijheel,roadside,152,Unhealthy,29.6,67,10.6,SE,0,1008.4,9.3,Severe,Yes
Mohammadpur,residential,163,Unhealthy,16.9,72,2.5,E,0,1013.6,7.9,Low,No
Hazaribagh,industrial,271,Very Unhealthy,26,90,6.8,NE,0,1013.3,5.1,Severe,Yes
Gulshan,residential,161,Unhealthy,20,93,17.6,NW,0,1014.8,6.3,High,No
Mirpur,residential,68,Moderate,32.2,90,14.9,SE,1,1001.5,10.6,Medium,No
Uttara,residential,172,Unhealthy,11.2,74,4,N,0,1011.9,8.8,Medium,No
Jatrabari,industrial,139,Unhealthy for Sensitive Groups,31.1,76,6.1,E,4,1003.1,8.8,High,No
Dhanmondi,roadside,86,Moderate,29.8,88,25.4,S,11.4,1002.8,11.2,Medium,No
Mohammadpur,residential,163,Unhealthy,32.3,68,7.5,SE,0,1008.9,7.7,Medium,No
Motijheel,roadside,138,Unhealthy for Sensitive Groups,32.1,92,5.1,NW,0,998.5,9.7,Medium,Yes
Mohammadpur,residential,186,Unhealthy,25.1,75,2.8,NE,0,1012.8,7.4,Medium,Yes
Tejgaon,industrial,197,Unhealthy,29.4,80,6,NW,0,1010.6,7.2,Severe,No
Uttara,residential,95,Moderate,27.9,73,5.4,SE,0,1004.8,9.3,Medium,No
Mirpur,residential,172,Unhealthy,31.3,83,8.4,S,0,1005.8,8.9,Medium,No
Hazaribagh,industrial,188,Unhealthy,26.4,91,7,SE,0,1009,8.4,Severe,No
Mohammadpur,residential,120,Unhealthy for Sensitive Groups,19.2,80,11.6,NW,0,1015.8,10.2,Low,No
Gulshan,residential,198,Unhealthy,15.5,76,4.3,SE,0,1013.9,7.2,Medium,No
Dhanmondi,roadside,500,Hazardous,20.5,67,0.7,N,0,1014.8,0.3,High,No
Dhanmondi,roadside,210,Very Unhealthy,31,84,4.5,SE,0,1009.8,8.7,High,Yes
Baridhara,background,137,Unhealthy for Sensitive Groups,15.6,64,4.2,NW,0,1014.7,9.9,Medium,No
Baridhara,background,185,Unhealthy,19.7,68,4,NW,0,1012.2,7.3,Severe,No
Old Dhaka,roadside,92,Moderate,31.5,99,6.6,NE,0,997,7.7,Medium,No
Mirpur,residential,181,Unhealthy,18,74,1,NW,0,1021.6,7.1,High,No
Baridhara,background,108,Unhealthy for Sensitive Groups,34.4,70,3.1,SE,0,1007.1,10.5,Low,No
Mohammadpur,residential,153,Unhealthy,29.9,71,5.9,NE,0,1014.4,8.7,Medium,No
Tejgaon,industrial,185,Unhealthy,18.6,69,9,W,0,1014.8,6.9,High,Yes
Agargaon,roadside,174,Unhealthy,24.5,61,5.4,N,0,1010.9,8.4,Severe,No
Hazaribagh,industrial,257,Very Unhealthy,19.4,60,7.2,W,0,1014.3,4,Severe,No
Baridhara,background,106,Unhealthy for Sensitive Groups,27,83,1.9,NW,0,1012.4,9.8,Medium,No
Tejgaon,industrial,124,Unhealthy for Sensitive Groups,32.6,61,4.4,N,5.3,1007.2,10.3,High,Yes
Uttara,residential,186,Unhealthy,16.8,69,0.3,NE,0,1011.6,6.8,High,No
Motijheel,roadside,179,Unhealthy,16.6,60,0.9,NE,0,1012.3,7.1,Medium,Yes
Mirpur,residential,79,Moderate,30.8,79,22.9,S,0,998.9,10.6,Medium,Yes
Uttara,residential,155,Unhealthy,34.5,68,2.6,SE,0,1007.3,9.5,Medium,No
Old Dhaka,roadside,387,Hazardous,21.2,77,2.3,NW,0,1015.4,1.5,Medium,No
Gulshan,residential,80,Moderate,31.6,87,3,E,0,1011.2,9.9,Low,No
Mohammadpur,residential,168,Unhealthy,32.4,62,20.7,S,0,1005.2,9.4,High,No
Mirpur,residential,117,Unhealthy for Sensitive Groups,28.3,80,1.9,S,0,1007.9,9.5,Low,No
Old Dhaka,roadside,224,Very Unhealthy,21.4,59,4.5,W,0,1017.8,6.2,Medium,Yes
Jatrabari,industrial,202,Very Unhealthy,24.2,70,3,S,0,1015.5,6.7,Low,No
Tejgaon,industrial,90,Moderate,32.2,93,4.8,E,0,1003.4,10.8,High,No
Agargaon,roadside,236,Very Unhealthy,15.2,69,1.4,W,0,1017.4,4.9,Medium,Yes
Mohammadpur,residential,199,Unhealthy,21.8,81,3,SE,0,1009.8,7.8,Medium,No
Gulshan,residential,224,Very Unhealthy,19.9,77,7.6,NW,0,1015.1,5.2,Low,No
Mirpur,residential,198,Unhealthy,18.3,72,4.5,NE,0,1017.8,7.8,Medium,No
Gulshan,residential,85,Moderate,26.8,83,8.8,NE,0,998.9,10.5,Severe,No
Gulshan,residential,163,Unhealthy,13.6,66,1.9,N,0,1012.1,8.6,Low,No
Baridhara,background,82,Moderate,26.1,66,8.9,N,3,1008.1,9.7,Low,No
Gulshan,residential,133,Unhealthy for Sensitive Groups,13.9,60,4.7,N,0,1011.1,8.9,Medium,No
Motijheel,roadside,147,Unhealthy for Sensitive Groups,30.1,76,5.5,SE,8.7,1008.4,8.4,High,Yes
Mirpur,residential,178,Unhealthy,32.8,80,6.1,NW,0,1007.4,8.1,Severe,Yes
Motijheel,roadside,67,Moderate,29,76,7.1,SE,12.5,998.8,10.4,Medium,Yes
Dhanmondi,roadside,195,Unhealthy,27.2,79,5.4,S,0,1006.3,6.3,High,No
Old Dhaka,roadside,167,Unhealthy,24.3,65,12.5,N,0,1008.8,8.2,High,No
Tejgaon,industrial,315,Hazardous,20,62,5.3,NW,0,1017.6,4.2,High,No
Agargaon,roadside,154,Unhealthy,32.3,70,7.9,E,0,1004,8.3,Medium,No
Mohammadpur,residential,145,Unhealthy for Sensitive Groups,23.4,74,4.7,SE,0,1006.5,10.6,Medium,No
Baridhara,background,183,Unhealthy,16.4,55,5.9,NE,0,1014.5,7.5,Low,No
Motijheel,roadside,109,Unhealthy for Sensitive Groups,27.7,99,12.2,E,0,998.8,7.7,Severe,Yes
Motijheel,roadside,500,Hazardous,20.8,70,0.9,NW,0,1019,1.4,Severe,Yes
Mohammadpur,residential,126,Unhealthy for Sensitive Groups,31.4,59,1.2,W,3.9,1007.1,8.9,Low,No
Tejgaon,industrial,78,Moderate,30.9,69,6.5,SW,0,1005.8,9.1,Medium,Yes
Mohammadpur,residential,226,Very Unhealthy,30.7,67,4,SW,0,1005.8,4.5,Severe,No
Baridhara,background,89,Moderate,27.8,81,5.3,NW,0,1009.3,8.9,Low,No
Baridhara,background,58,Moderate,30.6,82,7,SE,0,1000.5,9.8,Medium,No
Agargaon,roadside,195,Unhealthy,25.8,81,4.5,N,0,1016.8,7.9,High,No
Old Dhaka,roadside,68,Moderate,28.9,93,14.4,S,0,1004.1,8.3,High,No
Mirpur,residential,176,Unhealthy,30.9,57,3.7,S,0,1006.2,7.2,Medium,No
Hazaribagh,industrial,178,Unhealthy,30.5,62,4.4,N,7.5,1007.3,10.3,Severe,Yes
Old Dhaka,roadside,157,Unhealthy,36.2,75,19,SW,0,1004.9,8.9,Medium,No
Uttara,residential,184,Unhealthy,26,74,1.8,E,0,1013.2,7.2,Severe,No
Old Dhaka,roadside,199,Unhealthy,20,69,4,N,0,1006.3,6.7,High,Yes
Motijheel,roadside,162,Unhealthy,28.2,74,3.9,NE,0,1009.2,9.7,High,No
Agargaon,roadside,132,Unhealthy for Sensitive Groups,32.5,82,9.2,SW,0,998.9,8.1,High,Yes
Mohammadpur,residential,72,Moderate,28.5,81,6.3,NE,0,1003.8,11.5,Low,No
Tejgaon,industrial,127,Unhealthy for Sensitive Groups,32.4,75,2,SE,0,1001.5,10.8,High,Yes
Baridhara,background,70,Moderate,29.7,89,4.5,N,0,997.2,10,Low,Yes
Baridhara,background,86,Moderate,34.5,93,4.1,S,0,1001.2,9.7,Medium,Yes
Motijheel,roadside,26,Good,30.7,84,10.4,SE,39.4,1001.4,12,Medium,No
Jatrabari,industrial,240,Very Unhealthy,14.7,78,12.3,N,0,1018.2,6.8,High,No
Agargaon,roadside,55,Moderate,29.6,81,14.4,W,33.1,1002.1,10,Medium,No
Jatrabari,industrial,179,Unhealthy,34.3,64,6.8,E,0,1006.3,6.3,Medium,No
Motijheel,roadside,92,Moderate,30.1,88,12.6,E,19.3,1001.6,10.9,Severe,No
Tejgaon,industrial,65,Moderate,29.9,88,12.8,S,14.7,995.7,8.4,Medium,No
Dhanmondi,roadside,151,Unhealthy,21.5,69,14.1,NW,0,1012.4,9.5,Medium,Yes
Jatrabari,industrial,158,Unhealthy,29.4,90,0.3,SW,3.4,996.5,7.5,Severe,No
Baridhara,background,138,Unhealthy for Sensitive Groups,30.5,58,5.4,SE,0,1011.5,8.9,High,No
Baridhara,background,83,Moderate,28.3,83,10.1,S,2.1,1000.2,9.6,Low,No
Agargaon,roadside,86,Moderate,33.1,93,3.8,S,18.1,1003,10.7,Severe,Yes
Motijheel,roadside,91,Moderate,27.8,93,2.1,S,21.5,998.9,10,High,No
Dhanmondi,roadside,106,Unhealthy for Sensitive Groups,30.3,92,2.6,SW,0,1000.4,9.5,High,Yes
Agargaon,roadside,225,Very Unhealthy,20.7,78,6.1,SE,0,1013.6,5.9,High,No
Hazaribagh,industrial,327,Hazardous,19,67,2.9,W,0,1015.7,3.4,Medium,No
Baridhara,background,79,Moderate,27.7,71,2.6,S,0,1001,9.6,Low,No
Tejgaon,industrial,392,Hazardous,15.5,68,12.5,W,0,1012.7,1.3,Medium,No
Mohammadpur,residential,329,Hazardous,20.8,75,6,W,0,1009.2,3.3,Severe,Yes
Old Dhaka,roadside,201,Very Unhealthy,16.3,76,11.3,SW,0,1019.9,6.3,Medium,No
Hazaribagh,industrial,191,Unhealthy,25.8,64,5.5,E,0,1005.1,6.3,High,Yes
Tejgaon,industrial,192,Unhealthy,28,70,9,NE,0,1009.4,7.1,High,No
Jatrabari,industrial,500,Hazardous,15.9,63,2.2,W,0,1012.9,0.3,Severe,No
Motijheel,roadside,244,Very Unhealthy,21.2,66,2.9,SW,0,1017.9,4.3,High,No
Agargaon,roadside,145,Unhealthy for Sensitive Groups,26.5,63,3.7,E,0,1008.7,9.3,High,Yes
Dhanmondi,roadside,196,Unhealthy,26.4,74,3.2,NW,0,1009.1,7,High,No
Dhanmondi,roadside,381,Hazardous,19.2,70,1.8,SE,0,1014.9,2.1,Severe,No
Mohammadpur,residential,169,Unhealthy,24.2,77,3.4,SE,0,1013.4,7,Severe,No
Hazaribagh,industrial,446,Hazardous,16.1,67,1.2,W,0,1014.3,1.7,Medium,Yes
Motijheel,roadside,66,Moderate,29.5,79,6.8,S,29.8,1001.5,10.2,Medium,No
Mirpur,residential,202,Very Unhealthy,15,65,9.8,N,0,1014.1,6.3,High,Yes
Uttara,residential,154,Unhealthy,32.8,64,4.1,SE,0,1005.2,8.6,High,No
Tejgaon,industrial,227,Very Unhealthy,17.9,76,4.1,NE,0,1019,4.7,Severe,No
Jatrabari,industrial,86,Moderate,27.4,85,12.8,E,10.1,999.3,10.5,Medium,No
Mohammadpur,residential,206,Very Unhealthy,17,95,12.7,N,0,1015.4,3.8,Severe,No
Tejgaon,industrial,158,Unhealthy,31.3,65,13.5,E,0,1005,9.4,High,No
Jatrabari,industrial,71,Moderate,29.2,89,7,W,11.6,1002.9,11.1,Severe,Yes
Tejgaon,industrial,304,Hazardous,20.4,68,6.8,NW,0,1014.2,2.6,Severe,Yes
Agargaon,roadside,194,Unhealthy,28.4,75,7.8,S,0,1011,7.7,Severe,No
Motijheel,roadside,91,Moderate,37,80,10.6,SW,28.8,1006.6,9.5,High,No
Old Dhaka,roadside,268,Very Unhealthy,23,78,2.9,W,0,1011.6,5.7,High,Yes
Jatrabari,industrial,209,Very Unhealthy,13.3,56,8.1,N,0,1014.2,7.2,Severe,No
Motijheel,roadside,162,Unhealthy,30.1,60,14.9,S,0,1001.8,7.8,Medium,No
Uttara,residential,295,Very Unhealthy,18.1,69,0.5,NW,0,1014.9,4.1,Medium,No
Mohammadpur,residential,69,Moderate,31,81,4.8,W,10.6,1000.1,10.2,High,Yes
Mirpur,residential,74,Moderate,28.3,73,8.9,S,3.1,1000.8,9.5,High,Yes
Tejgaon,industrial,166,Unhealthy,29.7,69,8.4,S,0,1006.4,8.6,High,Yes
Mirpur,residential,170,Unhealthy,27.9,53,10,SW,0,1006.7,6.5,Medium,No
Tejgaon,industrial,103,Unhealthy for Sensitive Groups,28.9,86,2.8,S,22.9,995.6,9.4,High,No
Dhanmondi,roadside,175,Unhealthy,29.6,74,0.7,SE,0,1005.4,8.4,High,No
Uttara,residential,75,Moderate,29.4,92,7.2,S,0,1002,9.8,Low,No
Mirpur,residential,169,Unhealthy,24,77,4.8,W,0,1014.3,7.6,High,No
Tejgaon,industrial,186,Unhealthy,22.4,82,9.6,NE,0,1020.8,7,Severe,Yes
Uttara,residential,61,Moderate,30.8,88,8.9,E,0,1006.4,11.2,Medium,No
Agargaon,roadside,194,Unhealthy,23.4,85,0.5,N,0,1008.5,6.5,High,No
Jatrabari,industrial,163,Unhealthy,30,79,9.1,S,0,1002.8,8.6,Medium,Yes
Old Dhaka,roadside,364,Hazardous,23.1,90,12.3,E,0,1013.2,4,Severe,Yes
Gulshan,residential,117,Unhealthy for Sensitive Groups,34.4,68,14.4,S,0,1008.1,9.8,High,Yes
Jatrabari,industrial,87,Moderate,32.9,98,9,S,0,1001.3,9.2,Medium,No
Motijheel,roadside,159,Unhealthy,30.9,79,4.9,S,0,1007.2,9.7,High,No
Dhanmondi,roadside,500,Hazardous,16,72,4.1,N,0,1015.5,0.3,High,No
Uttara,residential,121,Unhealthy for Sensitive Groups,25.3,81,4.3,N,0,1009,8.6,Medium,No
Tejgaon,industrial,238,Very Unhealthy,17.4,69,7.3,N,0,1015.2,5.7,High,No
Jatrabari,industrial,234,Very Unhealthy,26.7,71,7.5,N,0,1007.5,6.1,Severe,No
Uttara,residential,76,Moderate,32.5,90,6.8,S,0,1007.5,11,Low,No
Uttara,residential,174,Unhealthy,29.4,82,9.6,NE,0,1009.7,8,Medium,No
Dhanmondi,roadside,138,Unhealthy for Sensitive Groups,29.4,65,2.8,S,0,1012.1,8.9,Medium,No
Tejgaon,industrial,75,Moderate,30.3,84,11.6,N,3.8,1002.3,10.5,Medium,Yes
Mohammadpur,residential,118,Unhealthy for Sensitive Groups,24.1,85,13.9,SE,0,1011,8.8,Medium,No
Mohammadpur,residential,73,Moderate,28.6,97,14.8,NE,0,1003.3,11.2,Medium,No
Baridhara,background,86,Moderate,30.1,91,11.7,E,0,1004.5,10.3,High,Yes
Uttara,residential,56,Moderate,27.8,73,4.3,S,0,1002,10.6,Low,Yes
Uttara,residential,170,Unhealthy,20.1,62,5.9,SW,0,1016.8,9.8,Low,No
Mirpur,residential,199,Unhealthy,21.8,67,7.2,N,0,1016,7.5,Medium,Yes
Old Dhaka,roadside,274,Very Unhealthy,20.9,81,5.7,W,0,1011.6,3,Medium,Yes
Jatrabari,industrial,151,Unhealthy,32.3,63,11,S,5.6,1006.9,9.5,High,No
Mohammadpur,residential,175,Unhealthy,12.5,78,15.3,NW,0,1014.2,8.6,High,No
Uttara,residential,74,Moderate,32.4,80,14.4,SE,0,1003.3,10.5,Medium,No
Dhanmondi,roadside,80,Moderate,27.2,89,19,SW,8.7,1003.6,9.8,High,No
Hazaribagh,industrial,149,Unhealthy for Sensitive Groups,29.7,77,14,W,7.8,1002.1,10.1,Severe,No
Gulshan,residential,154,Unhealthy,28.5,76,4.4,NE,0,1011.8,9.3,Medium,No
Mohammadpur,residential,175,Unhealthy,27.9,69,2.3,N,0,1011.2,7.3,Medium,Yes
Tejgaon,industrial,148,Unhealthy for Sensitive Groups,23.8,90,4.3,SE,0,1009.4,8.4,High,No
Baridhara,background,65,Moderate,28,79,7.6,S,10,1004.9,10.9,Severe,No
Mohammadpur,residential,220,Very Unhealthy,20,58,9.7,SE,0,1016.3,6.8,High,Yes
Mohammadpur,residential,182,Unhealthy,28.3,65,9.3,N,0,1015.6,7.7,High,No
Mohammadpur,residential,162,Unhealthy,15.1,69,2.6,NW,0,1014.4,9.1,Medium,No
Old Dhaka,roadside,241,Very Unhealthy,20.4,66,5.8,N,0,1013.4,5.1,High,No
Tejgaon,industrial,136,Unhealthy for Sensitive Groups,27.2,73,17.7,S,0,1001.6,10.6,Medium,No
Uttara,residential,152,Unhealthy,31.1,83,3.7,SE,0,1007.7,9.4,Severe,No
Uttara,residential,60,Moderate,28.4,94,6.3,S,3.8,1003.2,11,Medium,No
Dhanmondi,roadside,235,Very Unhealthy,19.3,67,3.9,W,0,1016.9,5.8,Medium,No
Agargaon,roadside,80,Moderate,29.8,93,12.6,SE,14.5,1006.2,10.6,Severe,Yes
Uttara,residential,192,Unhealthy,23.1,62,14.1,NW,0,1015.3,7.7,High,Yes
Uttara,residential,224,Very Unhealthy,19.8,58,3.7,SW,0,1013.2,4.3,Severe,Yes
Old Dhaka,roadside,207,Very Unhealthy,29.5,61,4.8,N,0,1009.2,5.8,Severe,Yes
Mohammadpur,residential,193,Unhealthy,31.9,59,2.7,SE,0,1006.4,7.5,Severe,Yes
Gulshan,residential,53,Moderate,33.9,75,7.3,SE,14.1,997.4,10.3,Low,Yes
Gulshan,residential,170,Unhealthy,21.6,73,9.4,NW,0,1018.8,8.5,Medium,Yes
Motijheel,roadside,260,Very Unhealthy,18.8,68,1.2,W,0,1012.2,4.9,Low,No
Tejgaon,industrial,265,Very Unhealthy,16.1,71,4.8,N,0,1013.1,4.1,High,Yes
Motijheel,roadside,72,Moderate,28.9,89,9,NE,3.1,1003.9,11.2,Severe,No
Baridhara,background,81,Moderate,28.7,65,9.3,NE,0,1005.9,9.9,Medium,Yes
Tejgaon,industrial,165,Unhealthy,28.4,90,8.6,SE,0,1002.2,8.9,Severe,No
Agargaon,roadside,118,Unhealthy for Sensitive Groups,30,75,2.8,NW,0,1002.6,10.1,Severe,No
Baridhara,background,72,Moderate,30.6,73,3.5,N,0,1013.6,9.5,Low,No
Dhanmondi,roadside,179,Unhealthy,19.5,55,12.3,NW,0,1016.5,7.8,High,No
Mirpur,residential,195,Unhealthy,15.2,75,7.8,N,0,1016.8,7.6,Low,No
Motijheel,roadside,105,Unhealthy for Sensitive Groups,33.9,71,5.1,SW,0,1004.2,8.7,High,No
Uttara,residential,243,Very Unhealthy,25.2,60,4.7,NW,0,1018.6,4.5,Medium,No
Gulshan,residential,113,Unhealthy for Sensitive Groups,32.3,59,3.6,S,0,1005.8,8.8,Medium,Yes
Old Dhaka,roadside,188,Unhealthy,34.2,67,1.6,NE,0,1004.5,8.2,Medium,No
Uttara,residential,171,Unhealthy,30.3,67,7.7,E,2.4,1004.6,8.3,Severe,Yes
Hazaribagh,industrial,183,Unhealthy,32.8,74,4.6,S,0,1008.5,8.4,Medium,Yes
Dhanmondi,roadside,168,Unhealthy,29.9,67,10.2,NE,1.6,1006.2,7.9,High,No
Dhanmondi,roadside,259,Very Unhealthy,14.3,78,16.2,N,0,1013.4,5.9,High,No
Tejgaon,industrial,184,Unhealthy,33.5,81,6.8,S,0,1013.6,7.2,Medium,No
Motijheel,roadside,65,Moderate,27.5,77,8.8,W,7.3,1003.4,9.3,High,No
Mohammadpur,residential,192,Unhealthy,20,65,9.3,SW,0,1018.9,5.9,High,Yes
Agargaon,roadside,274,Very Unhealthy,20,82,1.7,W,0,1015.6,3.5,High,No
Hazaribagh,industrial,500,Hazardous,20.8,80,7.2,W,0,1016.3,0.4,Severe,Yes
Gulshan,residential,198,Unhealthy,18.7,77,2.3,W,0,1014,6.5,Medium,No
Old Dhaka,roadside,199,Unhealthy,18.7,78,9.2,N,0,1009.7,6.6,Low,No
Baridhara,background,181,Unhealthy,19.5,74,6.3,E,0,1013.6,7.3,Medium,No
Hazaribagh,industrial,183,Unhealthy,28.2,81,2,NE,0,1009.1,7.8,Low,Yes
Baridhara,background,108,Unhealthy for Sensitive Groups,27,78,6.9,E,0,1007.6,8.3,High,Yes
Baridhara,background,98,Moderate,29.9,99,2.1,SE,0,1002.4,8.9,Medium,No
Old Dhaka,roadside,97,Moderate,27.6,81,2.5,SE,0,1004.3,12,Medium,No
Jatrabari,industrial,99,Moderate,33.6,87,1.9,NE,0,1000.8,10.2,Severe,Yes
Mirpur,residential,52,Moderate,31,71,13.3,S,28.5,1003,9.5,Medium,No
Tejgaon,industrial,158,Unhealthy,27.5,67,7.3,NE,0,1009.5,8.6,Medium,Yes
Dhanmondi,roadside,106,Unhealthy for Sensitive Groups,28.9,100,7.6,SW,0,1001.6,8.8,High,No
Motijheel,roadside,77,Moderate,28.2,90,3.5,NW,2.5,1000.5,10.6,Medium,No
Tejgaon,industrial,181,Unhealthy,29.1,76,7.8,NW,0,1011.7,7.3,High,Yes
Hazaribagh,industrial,101,Unhealthy for Sensitive Groups,29.7,86,7.8,SE,0,1003.5,10.5,Medium,No
Hazaribagh,industrial,239,Very Unhealthy,21.2,59,3.4,W,0,1019.3,4.5,Medium,No
Motijheel,roadside,222,Very Unhealthy,14.3,67,6,E,0,1013.6,5.6,Medium,No
Old Dhaka,roadside,161,Unhealthy,34.9,56,10.5,S,1.9,1006.5,9.7,High,Yes
Agargaon,roadside,224,Very Unhealthy,22.2,68,2,S,0,1017.8,6.4,Severe,No
Gulshan,residential,146,Unhealthy for Sensitive Groups,18.7,75,11.3,N,0,1014.1,9.9,Medium,No
Old Dhaka,roadside,294,Very Unhealthy,20.6,74,4.5,W,0,1016.3,4.1,High,No
Jatrabari,industrial,152,Unhealthy,32.9,81,10.8,E,0,1005.7,10.5,Medium,No
Mirpur,residential,100,Moderate,23.7,80,4.6,SW,0,1012,10.1,Low,No
Agargaon,roadside,161,Unhealthy,35.2,48,9.8,NE,0,1008.5,8.8,Severe,No
Old Dhaka,roadside,215,Very Unhealthy,20.7,86,3.8,E,0.8,1018.3,3.6,High,No
Dhanmondi,roadside,163,Unhealthy,29.2,61,6.2,SW,0,1005.1,7.9,Severe,No
Mohammadpur,residential,181,Unhealthy,28.3,69,5.7,SW,0,1008.2,8.6,High,No
Mohammadpur,residential,67,Moderate,31.8,86,7.6,NE,0,1001.6,9.7,Low,No
Hazaribagh,industrial,126,Unhealthy for Sensitive Groups,30.4,87,11.1,S,13.3,997.9,9.2,High,No
Hazaribagh,industrial,245,Very Unhealthy,20.7,70,8.1,N,0,1013.4,6.1,High,No
Jatrabari,industrial,90,Moderate,30,86,10.8,SE,0,1000.1,10.9,Medium,Yes
Motijheel,roadside,500,Hazardous,15.5,59,5.9,SW,0,1016.1,1.8,High,Yes
Mirpur,residential,68,Moderate,30.9,100,4.7,S,8.8,999.8,11.3,Low,No
Agargaon,roadside,181,Unhealthy,26.5,83,0.5,E,0,1011.2,7.9,Severe,Yes
Mirpur,residential,152,Unhealthy,26.9,78,8.5,W,0,1011,8.9,Medium,No
Gulshan,residential,491,Hazardous,27.3,85,5.4,SE,0,1016.6,0.3,Medium,No
Uttara,residential,59,Moderate,31.6,76,4.3,S,0,1000.8,10.7,High,No
Hazaribagh,industrial,90,Moderate,31.7,92,6.2,S,13.9,998.3,10,High,No
Mohammadpur,residential,181,Unhealthy,33.8,74,9.2,W,0,1013.3,7.3,High,No
Gulshan,residential,187,Unhealthy,20.3,73,2.1,W,0,1013.6,6.9,Low,No
Uttara,residential,129,Unhealthy for Sensitive Groups,31.3,71,18,SE,0,1009.7,9.9,Medium,No
Dhanmondi,roadside,227,Very Unhealthy,16.6,51,17.3,NE,0,1015,6.8,Severe,No
Old Dhaka,roadside,463,Hazardous,17.4,59,3.4,N,0,1015.2,0.5,Severe,Yes
Hazaribagh,industrial,71,Moderate,26.3,98,5.2,W,20.3,1003.5,9.9,Medium,No
Tejgaon,industrial,185,Unhealthy,33,66,6.6,SE,0,1008.6,7.1,Medium,No
Motijheel,roadside,279,Very Unhealthy,14.6,86,3.3,E,0,1014.8,0.3,Severe,No
Agargaon,roadside,167,Unhealthy,29.3,88,15.4,SW,0,1009.9,6.5,Severe,Yes
Agargaon,roadside,159,Unhealthy,30.9,66,6.6,SE,0,1006.9,9.4,Severe,Yes
Baridhara,background,99,Moderate,27.3,76,2.1,SE,0,1006.5,9,Low,No
Hazaribagh,industrial,65,Moderate,29.9,98,7.8,SW,19.6,1004.5,10,Medium,No
Tejgaon,industrial,170,Unhealthy,30.5,95,2.8,SE,0,1008.9,6.7,High,Yes
Hazaribagh,industrial,95,Moderate,32.2,83,2.1,S,0,1000.7,9.7,Medium,No
Mirpur,residential,294,Very Unhealthy,18.9,82,2.9,NW,0,1014,4.9,High,No
Mirpur,residential,169,Unhealthy,15.9,78,3.1,N,0,1015.9,8,Low,No
Agargaon,roadside,79,Moderate,29.3,88,4.6,W,27.6,1010.7,10.9,High,Yes
Old Dhaka,roadside,254,Very Unhealthy,15.6,71,1.1,NE,0,1016.7,5.3,Medium,No
Gulshan,residential,87,Moderate,27.1,63,20.8,E,0,1008.3,8.9,Medium,No
Agargaon,roadside,123,Unhealthy for Sensitive Groups,30.9,77,8.5,SE,0,1000,9.9,High,No
Mirpur,residential,195,Unhealthy,23.3,60,7.5,NW,0,1013,6.1,Medium,No
Old Dhaka,roadside,301,Hazardous,17.6,85,5.3,NW,0,1014.3,0.5,High,Yes
Gulshan,residential,87,Moderate,32,68,15.8,S,0,1008.8,9.4,Medium,No
Uttara,residential,156,Unhealthy,30,59,5.8,NW,0,1008.3,8.7,Severe,No
Jatrabari,industrial,88,Moderate,31.3,93,7.3,SW,13.4,1003.6,9.3,Medium,No
Agargaon,roadside,171,Unhealthy,22.8,66,2.4,SE,0,1014.4,8,Medium,Yes
Mirpur,residential,159,Unhealthy,30.3,63,7,SW,0,1009.5,8.2,Medium,No
Mirpur,residential,227,Very Unhealthy,15.4,87,4.9,NW,0,1015.9,2.1,Severe,Yes
Motijheel,roadside,131,Unhealthy for Sensitive Groups,27.4,74,3.6,NE,14.6,1000.5,9.4,Severe,No
Uttara,residential,139,Unhealthy for Sensitive Groups,22.2,72,6.1,W,0,1014.3,10.4,Low,No
Old Dhaka,roadside,185,Unhealthy,15,65,6.5,NE,0,1017,8.3,Low,Yes
Agargaon,roadside,172,Unhealthy,27.9,72,8.1,N,0,1014.8,8.3,High,Yes
Jatrabari,industrial,271,Very Unhealthy,21.7,58,6.4,W,0,1010.7,3.1,Low,Yes
Gulshan,residential,106,Unhealthy for Sensitive Groups,29.1,85,6.4,SE,0,1002.7,8.8,High,No
Gulshan,residential,163,Unhealthy,18.4,63,8.5,NE,0,1011,9,Medium,No
Old Dhaka,roadside,211,Very Unhealthy,22.5,75,5.2,SW,0,1013.1,6.5,Low,Yes
Uttara,residential,233,Very Unhealthy,16.2,70,0.8,S,0,1016.2,4.9,Medium,No
Tejgaon,industrial,243,Very Unhealthy,24.7,75,1.7,S,0,1011.3,6.6,Severe,No
Mohammadpur,residential,171,Unhealthy,30.4,61,3.7,E,0,1005,6.9,Low,No
Old Dhaka,roadside,204,Very Unhealthy,23.5,81,2.9,S,0,1013.9,6.6,High,Yes
Gulshan,residential,80,Moderate,32.9,91,8.5,SE,17,1004.3,9.5,Medium,No
Jatrabari,industrial,110,Unhealthy for Sensitive Groups,30.8,63,16.2,SE,8,1007.2,10.8,High,Yes
Old Dhaka,roadside,98,Moderate,28.7,74,9.5,NE,2.5,1002,9.1,Medium,No
Gulshan,residential,129,Unhealthy for Sensitive Groups,29.7,63,6.4,NW,0,1013.5,8.7,Medium,No
Dhanmondi,roadside,72,Moderate,27,94,1.5,SE,23.8,1003.9,9.1,Severe,No
Uttara,residential,159,Unhealthy,31.6,75,0.8,E,0,1006,8.6,High,No
Mohammadpur,residential,167,Unhealthy,30.9,76,17.7,S,0,1008.5,8.8,Medium,Yes
Baridhara,background,85,Moderate,30.2,77,3.9,W,0,1010.4,9.9,Low,No
Mirpur,residential,92,Moderate,34.5,74,9.6,SE,6.6,1007.2,9.2,Severe,No
Tejgaon,industrial,194,Unhealthy,15.7,78,6.7,NW,0,1010.7,6.9,High,No
Tejgaon,industrial,153,Unhealthy,27.4,77,18.1,SE,0,1009.6,9.6,Severe,No
Mirpur,residential,152,Unhealthy,25.6,75,14.8,W,0,1011.4,9,Medium,No
Gulshan,residential,103,Unhealthy for Sensitive Groups,30.3,60,28.8,SW,0,1004.2,9.7,Medium,No
Uttara,residential,142,Unhealthy for Sensitive Groups,32.5,71,11.6,S,0,1006.2,8.9,Medium,Yes
Old Dhaka,roadside,75,Moderate,29.4,89,17,SE,13.6,998,10.7,High,No
Dhanmondi,roadside,143,Unhealthy for Sensitive Groups,27.5,75,2.2,N,0,1012.8,9.1,Low,Yes
Uttara,residential,105,Unhealthy for Sensitive Groups,33.4,66,26.2,SE,0,1010.5,10.4,High,No
Gulshan,residential,80,Moderate,34.8,66,12.9,SE,0,1004.5,11.2,Low,No
Hazaribagh,industrial,189,Unhealthy,31.7,74,6.2,NE,0,1003,6.3,Medium,No
Baridhara,background,68,Moderate,31.3,57,13.8,SE,0,1008.4,10.2,Low,Yes
Old Dhaka,roadside,156,Unhealthy,15.1,61,10.6,NW,0,1015.6,8.6,Medium,Yes
Mohammadpur,residential,78,Moderate,32.9,76,9.8,S,0,1003.1,10.8,High,No
Gulshan,residential,230,Very Unhealthy,20.7,69,0.3,W,0,1016.8,6.1,Low,No
Baridhara,background,77,Moderate,31.3,71,17,W,0,1007.3,10.1,Medium,No
Uttara,residential,152,Unhealthy,27.2,69,5.1,NW,0,1014.4,9.6,Medium,No
Old Dhaka,roadside,129,Unhealthy for Sensitive Groups,31.9,75,10.9,S,0,1010.7,10.2,Medium,No
Dhanmondi,roadside,189,Unhealthy,21.7,82,2.3,N,0,1019.8,6.8,Severe,No
Mohammadpur,residential,121,Unhealthy for Sensitive Groups,29.2,81,4.4,SE,0,1016.2,10.4,Low,No
Mirpur,residential,196,Unhealthy,24.6,79,3.5,N,0,1013.2,5.2,Low,Yes
Jatrabari,industrial,157,Unhealthy,27.6,71,2.1,W,0,1013.7,7.2,High,Yes
Gulshan,residential,262,Very Unhealthy,25.1,63,0.8,W,0,1015.5,4.1,Medium,Yes
Tejgaon,industrial,125,Unhealthy for Sensitive Groups,33.6,72,6.4,S,0,1002.2,9.6,Medium,No
Agargaon,roadside,94,Moderate,29.9,85,3.4,SE,0,1003.3,9.3,High,Yes
Old Dhaka,roadside,152,Unhealthy,26.8,61,8.9,SE,0,1005.2,8.8,High,Yes
Motijheel,roadside,103,Unhealthy for Sensitive Groups,30.2,96,8.8,W,0,1002,9.8,Severe,No
Agargaon,roadside,244,Very Unhealthy,24.5,72,13.9,NW,0,1012.1,4.4,Medium,Yes
Gulshan,residential,78,Moderate,28.6,91,4.7,SW,0,1005.3,10.5,Medium,No
Hazaribagh,industrial,207,Very Unhealthy,19.3,65,10.7,N,0,1012.8,6.5,High,Yes
Tejgaon,industrial,137,Unhealthy for Sensitive Groups,30.3,98,8.5,E,0,1000.2,9,High,No
Dhanmondi,roadside,68,Moderate,31.7,84,9.5,SW,4,1004.9,12,Medium,No
Baridhara,background,97,Moderate,30,76,8.6,S,0,1007.7,8.9,Low,No
Old Dhaka,roadside,500,Hazardous,16,65,9.6,NW,0,1019.5,0.9,Severe,Yes
Hazaribagh,industrial,183,Unhealthy,32.4,69,8.5,W,0,1009.2,8.6,Medium,Yes
Old Dhaka,roadside,99,Moderate,28.7,89,7.5,W,0,1004.7,9.2,Low,No
Uttara,residential,186,Unhealthy,12.6,86,2.4,S,0,1012.4,5,Low,No
Mohammadpur,residential,75,Moderate,33.3,81,3.7,NE,0,1002.9,9.6,Low,No
Old Dhaka,roadside,187,Unhealthy,22.2,72,6.2,SE,0,1019.6,7.5,High,No
Dhanmondi,roadside,262,Very Unhealthy,25.6,75,3.8,W,0,1012.3,3.2,High,No
Jatrabari,industrial,106,Unhealthy for Sensitive Groups,31.6,74,2,SE,0,1002,9.1,Low,No
Old Dhaka,roadside,300,Very Unhealthy,21.4,53,3.5,NW,0,1014.8,3.7,High,No
Uttara,residential,257,Very Unhealthy,20.3,62,8.5,N,0,1015.7,5.3,High,Yes
Tejgaon,industrial,153,Unhealthy,29.7,93,8,SW,0,1003.9,8.9,Medium,No
Gulshan,residential,84,Moderate,30.9,99,4.4,E,0,1002.3,9.8,Medium,No
Mohammadpur,residential,218,Very Unhealthy,17.1,63,4.9,NW,0,1020.1,5.5,High,No
Dhanmondi,roadside,159,Unhealthy,15.3,60,9.1,N,0,1009.1,8.8,Low,No
Jatrabari,industrial,155,Unhealthy,30.2,80,3.6,SE,0,1000.3,8.2,Low,No
Agargaon,roadside,94,Moderate,32.3,80,3,SW,0,1001.4,10.6,Medium,No
Mohammadpur,residential,157,Unhealthy,27.9,65,8.7,S,0,1010.2,10.3,Medium,No
Tejgaon,industrial,130,Unhealthy for Sensitive Groups,27.8,97,4.9,E,0,1001.6,10.2,Severe,No
Motijheel,roadside,92,Moderate,31.1,95,7.8,SE,9.1,1000.9,10,High,Yes
Motijheel,roadside,173,Unhealthy,26,85,5.5,S,0,1006.3,8.6,High,No
Motijheel,roadside,149,Unhealthy for Sensitive Groups,32.2,54,8.7,NW,0,1006.2,9.8,Medium,No
Jatrabari,industrial,287,Very Unhealthy,22.5,60,14.2,NW,0,1013.7,4.6,Severe,Yes
Hazaribagh,industrial,271,Very Unhealthy,20.6,79,1.8,W,0,1014.6,3.2,Medium,No
Jatrabari,industrial,192,Unhealthy,16.8,73,7.7,SW,0,1014.6,8.5,Medium,Yes
Mirpur,residential,140,Unhealthy for Sensitive Groups,34.2,62,10.2,S,0,1008.7,9.5,Low,No
Mohammadpur,residential,143,Unhealthy for Sensitive Groups,28.9,75,8.1,S,0,1009.9,10.2,Medium,No
Mohammadpur,residential,178,Unhealthy,31.1,77,1.5,S,0,1004.9,8.8,Medium,Yes
Tejgaon,industrial,327,Hazardous,18.9,82,8.3,SW,0,1015,1.5,High,No
Tejgaon,industrial,77,Moderate,30.7,85,5.8,S,14,1002,10.5,High,No
Old Dhaka,roadside,198,Unhealthy,26.2,73,5.9,E,0,1007.9,6.1,Severe,Yes
Mohammadpur,residential,234,Very Unhealthy,13.3,68,4.6,NW,0,1015.9,3.6,High,No
Baridhara,background,68,Moderate,31.4,96,3.6,N,0,998.8,9.9,Low,No
Mohammadpur,residential,142,Unhealthy for Sensitive Groups,28.7,89,4.6,NE,0,1012.6,11.2,Medium,No
Agargaon,roadside,175,Unhealthy,25.2,70,7.8,SW,0,1005.7,7.6,Severe,No
Baridhara,background,76,Moderate,30.9,81,9.8,SW,0,999.2,10.9,Medium,No
Uttara,residential,110,Unhealthy for Sensitive Groups,35.4,77,9.7,SE,0,1013.9,9.4,Severe,Yes
Hazaribagh,industrial,314,Hazardous,15.1,83,4.7,NW,0,1015.3,6.7,High,Yes
Gulshan,residential,161,Unhealthy,30.8,56,8.1,N,0,1009.6,7,Medium,No
Motijheel,roadside,416,Hazardous,18.4,68,5.2,NW,0,1014.8,2.1,Severe,No
Jatrabari,industrial,22,Good,33,94,9.6,S,58.2,1005.3,12,High,No
Baridhara,background,67,Moderate,29.8,79,8.8,SE,10.2,1012.8,10.3,Medium,No
Dhanmondi,roadside,172,Unhealthy,28.8,64,13.5,SE,0,1006.3,9.1,High,No
Baridhara,background,52,Moderate,30.6,86,5.4,W,0,1004.4,11.2,Low,No
Mirpur,residential,186,Unhealthy,27.1,73,4.2,N,0,1018,7,High,No
Mirpur,residential,210,Very Unhealthy,16.8,61,3.7,SE,0,1014,4.4,Low,No
Gulshan,residential,60,Moderate,30,86,7.1,N,23.7,1002,9.5,Low,Yes
Mohammadpur,residential,124,Unhealthy for Sensitive Groups,20.8,73,16.7,NE,2.3,1020.2,9.4,Low,Yes
Tejgaon,industrial,120,Unhealthy for Sensitive Groups,28.9,81,5.4,SE,0,1002.5,8.4,Medium,No
Uttara,residential,257,Very Unhealthy,25.2,64,7.5,E,0,1017.8,5.5,High,Yes
Agargaon,roadside,169,Unhealthy,25.8,74,8.2,NW,0,1013.1,8,Severe,Yes
Old Dhaka,roadside,167,Unhealthy,27.5,60,9.9,NE,0,1009.7,9,Severe,Yes
Uttara,residential,179,Unhealthy,29.7,75,1.4,W,0,1009.5,7.5,Low,No
Agargaon,roadside,98,Moderate,31.2,77,6.6,SE,1.8,995.2,9.5,High,No
Uttara,residential,61,Moderate,28.6,87,9.5,S,0,1000.7,10,Severe,No
Tejgaon,industrial,268,Very Unhealthy,20.1,67,2.9,NW,0,1014.2,3.9,High,No
Mohammadpur,residential,185,Unhealthy,28.4,72,1.2,N,0,1011.7,8.4,High,No
Tejgaon,industrial,191,Unhealthy,28,79,10.7,SW,0,1004.8,8.1,High,No
Hazaribagh,industrial,260,Very Unhealthy,17,69,8.4,SW,0,1014.7,4.6,Medium,Yes
Hazaribagh,industrial,170,Unhealthy,31.9,63,7,SW,0,1003.9,7.4,Low,Yes
Baridhara,background,64,Moderate,31.3,79,4.8,S,0,997,12,Medium,No
Tejgaon,industrial,147,Unhealthy for Sensitive Groups,29,88,16.2,E,0,1008.7,9.7,High,No
Hazaribagh,industrial,169,Unhealthy,27.4,85,9.3,E,0,1009.9,7.7,Medium,No
Old Dhaka,roadside,137,Unhealthy for Sensitive Groups,29.5,95,3.1,NE,3,1005.2,8.6,Medium,No
Agargaon,roadside,249,Very Unhealthy,21.5,69,5.6,NW,0,1017.2,5,Medium,No
Mohammadpur,residential,227,Very Unhealthy,20.8,68,2.5,N,0,1014,6.3,Medium,No
Baridhara,background,123,Unhealthy for Sensitive Groups,17.7,71,4,SW,9.4,1018.8,10.3,Low,No
Tejgaon,industrial,109,Unhealthy for Sensitive Groups,30.9,86,14.7,SE,0,999.8,11.1,Low,Yes
Jatrabari,industrial,193,Unhealthy,17.6,64,10.7,NW,0,1014.8,6.4,Low,Yes
Hazaribagh,industrial,133,Unhealthy for Sensitive Groups,30.8,97,4.7,E,0,1003.5,8,Medium,No
Old Dhaka,roadside,141,Unhealthy for Sensitive Groups,30.8,85,10.2,E,3.2,1002.1,8.6,Severe,Yes
Old Dhaka,roadside,93,Moderate,34.3,89,3.1,SE,14.9,1001.6,9.5,Severe,No
Tejgaon,industrial,203,Very Unhealthy,17.8,73,16.3,E,0,1010.1,7.5,Low,Yes
Baridhara,background,193,Unhealthy,18.5,73,1.1,SW,0,1016.9,6.4,High,No
Mohammadpur,residential,162,Unhealthy,25.4,70,4.2,N,0,1013.3,9.5,High,Yes
Mohammadpur,residential,92,Moderate,28.1,85,10.1,S,0,1000.8,10.2,Medium,Yes
Jatrabari,industrial,164,Unhealthy,29.9,86,4,SE,0,1009.3,7.1,High,Yes
Tejgaon,industrial,153,Unhealthy,31.2,98,3.1,SW,0,1002.6,9.3,Severe,No
Jatrabari,industrial,165,Unhealthy,28.8,79,5.3,SW,3.6,1013.8,9.9,Medium,No
Uttara,residential,216,Very Unhealthy,20,67,3.1,NE,0,1017,6.6,Medium,No
Jatrabari,industrial,229,Very Unhealthy,26.3,60,1,E,0,1010.3,5.2,High,Yes
Tejgaon,industrial,219,Very Unhealthy,17.3,66,4.9,W,0,1020.2,5.8,High,No
Hazaribagh,industrial,167,Unhealthy,24.7,77,7.7,NW,0,1008.8,8.1,High,No
Mohammadpur,residential,310,Hazardous,17.1,67,4.3,N,0,1007.4,4,High,No
Mohammadpur,residential,245,Very Unhealthy,14.5,68,4.8,SW,0,1008.4,5.4,Low,No
Mirpur,residential,296,Very Unhealthy,23.8,75,6.5,N,0,1016.1,2.4,Low,No
Jatrabari,industrial,153,Unhealthy,31.6,70,14.5,NE,0,1005.3,8.6,Medium,No
Old Dhaka,roadside,173,Unhealthy,22.2,80,4,SE,0,1009.4,8.7,High,Yes
Agargaon,roadside,195,Unhealthy,20,69,6.2,S,0,1017.8,7.2,Severe,No
Mirpur,residential,130,Unhealthy for Sensitive Groups,31.7,61,7.4,SW,0,1000.7,8.6,Low,No
Gulshan,residential,165,Unhealthy,19.7,83,2.1,SW,0,1014.4,7.9,High,No
Agargaon,roadside,212,Very Unhealthy,16.9,76,7.9,SE,0,1014.8,6.9,Severe,No
Uttara,residential,49,Good,31.8,79,15.8,SE,23.5,998.1,11.3,Medium,No
Tejgaon,industrial,169,Unhealthy,20.4,74,7.1,N,0,1015.6,8.8,Medium,Yes
Dhanmondi,roadside,183,Unhealthy,29.6,67,0.7,NW,0,1010.5,7.6,High,Yes
Hazaribagh,industrial,259,Very Unhealthy,25.2,73,4.2,NE,0,1012.5,4.8,Severe,No
Agargaon,roadside,215,Very Unhealthy,14.2,81,7.1,SW,0,1014.9,5.7,Medium,No
Agargaon,roadside,78,Moderate,30.8,88,13.1,S,6.3,1000.8,9.7,Low,Yes
Baridhara,background,98,Moderate,24.6,80,1.5,N,0,1011.9,8.2,Low,No
Motijheel,roadside,149,Unhealthy for Sensitive Groups,29.6,86,2.2,SW,0,1014.2,8.9,Medium,No
Old Dhaka,roadside,139,Unhealthy for Sensitive Groups,26.2,90,8.7,S,0,1005.5,9.3,Medium,No
Hazaribagh,industrial,307,Hazardous,17.4,68,5.3,NE,0,1016.5,2.3,Severe,No
Uttara,residential,192,Unhealthy,16.8,77,4.9,S,0,1017.1,7.5,High,No
Hazaribagh,industrial,110,Unhealthy for Sensitive Groups,29.4,71,18,SW,0,1000.4,11,Severe,No
Dhanmondi,roadside,98,Moderate,31.7,63,21.2,S,0,1006.3,10,Medium,Yes
Mirpur,residential,73,Moderate,30.7,84,3.4,SE,10.6,1003.2,11,Low,No
Motijheel,roadside,146,Unhealthy for Sensitive Groups,31.2,89,1.5,SW,0,1002.6,8.4,High,No
Jatrabari,industrial,174,Unhealthy,32.9,65,7.2,NE,0,1008.5,8.5,Medium,No
Mirpur,residential,185,Unhealthy,18.4,56,7.8,N,0,1018.6,7.3,High,No
Uttara,residential,154,Unhealthy,36.3,53,15.4,NE,0,1006.7,9.1,Severe,No
Agargaon,roadside,184,Unhealthy,30.5,77,4.1,N,0,1007.3,7.5,High,Yes
Hazaribagh,industrial,193,Unhealthy,30.2,64,4.5,SW,0,1004.8,6.6,High,No
Mirpur,residential,216,Very Unhealthy,18.5,63,6.5,N,0,1015.5,4.8,Severe,No
Agargaon,roadside,166,Unhealthy,26.2,69,4.5,E,0,1010.1,7.9,Medium,No
Agargaon,roadside,99,Moderate,30.7,86,7.1,S,0,998.9,9.4,High,Yes
Hazaribagh,industrial,108,Unhealthy for Sensitive Groups,28.3,95,9.9,S,0,1001.9,8.8,Medium,Yes
Gulshan,residential,117,Unhealthy for Sensitive Groups,25,79,4.8,NE,0,1009.2,9.2,High,Yes
Tejgaon,industrial,195,Unhealthy,25.6,79,2.4,SW,0,1008.5,6.4,Severe,No
Hazaribagh,industrial,189,Unhealthy,26,75,3.2,SE,0,1014.8,7.7,High,Yes
Agargaon,roadside,268,Very Unhealthy,29.7,82,3.3,N,0,1013.9,5.1,Severe,No
Motijheel,roadside,214,Very Unhealthy,18.5,81,3.1,W,0,1012.7,7.5,Severe,No
Gulshan,residential,111,Unhealthy for Sensitive Groups,30.8,67,1.4,S,0,1005.4,11.8,Medium,No
Mirpur,residential,149,Unhealthy for Sensitive Groups,20,70,15.1,NW,0,1011.2,9.7,Low,Yes
Baridhara,background,73,Moderate,28.2,82,2.9,S,0,1004.8,8.7,Low,No
Uttara,residential,79,Moderate,30,90,11.2,SW,0,1002.3,9.8,High,No
Gulshan,residential,59,Moderate,31.6,92,3.7,S,0,1006,9.6,Low,No
Uttara,residential,78,Moderate,27.8,81,4.1,NW,20,1012.5,11.8,High,No
Jatrabari,industrial,193,Unhealthy,33.4,66,7.7,E,0,1005.9,7,Medium,No
Motijheel,roadside,180,Unhealthy,32.3,73,4.5,S,0,997.6,7.5,Severe,No
Tejgaon,industrial,97,Moderate,31.2,85,17,W,0,1002.8,10.9,Medium,Yes
Jatrabari,industrial,93,Moderate,28.7,83,39.7,SW,0,1007.3,9.6,High,Yes
Dhanmondi,roadside,273,Very Unhealthy,17.8,72,1,NW,0,1017.1,4.1,Severe,No
Dhanmondi,roadside,67,Moderate,33.5,86,13.3,SE,3.2,1001.7,10,Medium,No
Gulshan,residential,106,Unhealthy for Sensitive Groups,30.6,98,7.7,E,0,1004.1,9.7,Medium,No
Mohammadpur,residential,304,Hazardous,19.6,64,3.9,N,0,1016.8,4,High,No
Gulshan,residential,65,Moderate,28.5,72,11.9,E,0,1005.2,9.6,Medium,No
Motijheel,roadside,172,Unhealthy,30.8,59,15.6,W,0,1004.9,9.4,Severe,No
Hazaribagh,industrial,171,Unhealthy,32.8,63,7.2,SW,0,1008.1,8.3,High,No
Tejgaon,industrial,180,Unhealthy,27,87,12.2,N,0,1007.3,7.3,High,No
Baridhara,background,107,Unhealthy for Sensitive Groups,29.7,58,1.2,S,0,1002.3,9.1,Low,No
Old Dhaka,roadside,90,Moderate,29.5,76,10.8,SE,0,1003.8,10.7,High,Yes
Jatrabari,industrial,106,Unhealthy for Sensitive Groups,32.1,88,7.1,S,10.9,1005.1,10,Severe,No
Mohammadpur,residential,162,Unhealthy,21.3,77,5.8,SW,0,1015,7.9,Medium,No
Baridhara,background,84,Moderate,32.3,56,14.6,SW,0,1006.8,11.3,Low,No
Old Dhaka,roadside,225,Very Unhealthy,20.5,56,7.3,NW,0,1015.9,5.9,High,No
Gulshan,residential,163,Unhealthy,14.9,64,15.4,SE,0,1017.9,9.4,Low,No
Hazaribagh,industrial,68,Moderate,30.5,90,23.6,SE,16.5,1004.2,11.6,Medium,No
Baridhara,background,170,Unhealthy,22.7,71,4.4,NW,0,1015.8,8.3,Medium,No
Dhanmondi,roadside,218,Very Unhealthy,26.3,72,2,NW,0,1012.7,6,Severe,No
Old Dhaka,roadside,182,Unhealthy,33.4,74,7.6,NE,0,1009.1,6.7,Medium,No
Uttara,residential,247,Very Unhealthy,20.9,71,2.5,N,0,1012.3,5.6,High,No
Gulshan,residential,136,Unhealthy for Sensitive Groups,29.1,77,3.9,W,0,1012.3,9.5,High,No
Mirpur,residential,162,Unhealthy,31.1,55,8.4,SW,0,1003.8,8.3,Medium,No
Dhanmondi,roadside,168,Unhealthy,31.6,79,1.9,S,0,1004.7,7.7,Severe,No
Tejgaon,industrial,77,Moderate,27.4,100,9.7,SW,0,1004.1,10.5,High,No
Gulshan,residential,96,Moderate,27.1,75,5,W,0,1011.2,10.9,Low,No
Dhanmondi,roadside,343,Hazardous,21.5,62,2.8,NW,0,1014.5,2.2,High,No
Jatrabari,industrial,309,Hazardous,20,67,0.5,W,0,1017.9,2.2,High,No
Hazaribagh,industrial,166,Unhealthy,29.7,79,10,SW,0,1011.7,8.5,High,Yes
Uttara,residential,159,Unhealthy,18.5,77,10.2,W,0,1015.6,7.7,High,Yes
Motijheel,roadside,84,Moderate,29,90,13.2,SE,0,1002.8,9.5,High,Yes
Uttara,residential,62,Moderate,27,80,3.4,SE,3.2,1003,10.8,High,No
Tejgaon,industrial,110,Unhealthy for Sensitive Groups,29.5,95,9.1,NE,0,1004.9,9.3,Medium,Yes
Agargaon,roadside,108,Unhealthy for Sensitive Groups,30.9,92,14.5,E,4,998,8.5,Severe,No
Jatrabari,industrial,266,Very Unhealthy,28.9,74,6.6,NW,0,1010.7,4.6,High,Yes
Gulshan,residential,155,Unhealthy,14.1,69,5.8,W,0,1009.9,10.5,High,No
Baridhara,background,68,Moderate,32.1,90,19.6,SE,0,1003,9.4,Medium,No
Jatrabari,industrial,77,Moderate,28.2,94,18.7,SE,7.6,1000.4,10,Medium,Yes
Jatrabari,industrial,189,Unhealthy,30.7,56,5.6,SW,0,1007.4,7.6,Medium,Yes
Baridhara,background,69,Moderate,25.6,79,3.4,W,0,1009.1,10.4,Low,No
Uttara,residential,153,Unhealthy,32,68,4.1,S,0,1005,8.9,Medium,No
Mohammadpur,residential,166,Unhealthy,19.3,65,0.9,NW,0,1013.9,9,Low,No
Motijheel,roadside,125,Unhealthy for Sensitive Groups,28.7,73,13.2,SE,0,1011.2,10.5,Medium,No
Mohammadpur,residential,229,Very Unhealthy,31.6,86,6.6,W,0,1012.7,5.8,Severe,No
Hazaribagh,industrial,460,Hazardous,20.4,74,3.7,NE,0,1013.2,0.3,High,No
Jatrabari,industrial,131,Unhealthy for Sensitive Groups,29,100,7.4,SE,0,1002.3,9.4,High,No
Jatrabari,industrial,162,Unhealthy,20.6,65,12.9,N,0,1016,9.2,High,No
Uttara,residential,177,Unhealthy,25.8,71,1.4,SW,0,1013.8,7.8,Medium,Yes
Agargaon,roadside,266,Very Unhealthy,21.3,72,12,NW,0,1015.9,4.2,Medium,No
Jatrabari,industrial,172,Unhealthy,29.4,85,5.4,NW,0,1007.8,9,Medium,Yes
Dhanmondi,roadside,186,Unhealthy,13.4,81,6.9,NW,0,1012.7,8.4,Severe,No
Motijheel,roadside,238,Very Unhealthy,20.4,71,7.1,N,0,1017.6,7.2,High,No
Jatrabari,industrial,105,Unhealthy for Sensitive Groups,29.5,76,18.6,SE,0,996.4,9.6,Severe,Yes
Agargaon,roadside,143,Unhealthy for Sensitive Groups,29.3,62,4,W,0,1006.2,9.6,Medium,No
Tejgaon,industrial,181,Unhealthy,18.9,71,19.1,N,0,1015.2,8.7,High,Yes
Uttara,residential,156,Unhealthy,19.4,79,1.7,NW,0,1015.6,8.9,Low,No
Motijheel,roadside,174,Unhealthy,28.9,73,4.1,E,0,1002.7,8.8,Medium,Yes
Old Dhaka,roadside,56,Moderate,30.3,76,11,S,21,1001.4,10.2,Medium,No
Uttara,residential,74,Moderate,29.7,91,17.2,S,0,1001.1,10.3,Severe,No
Jatrabari,industrial,226,Very Unhealthy,21.5,60,2.7,W,0,1012.9,5.2,Medium,No
Gulshan,residential,180,Unhealthy,31.6,59,2.4,N,0,1010.9,6.9,Severe,No
Agargaon,roadside,66,Moderate,30.7,94,17.8,SE,0,1003.9,10.1,Severe,No
Tejgaon,industrial,251,Very Unhealthy,22.4,68,3.7,W,0,1015.7,4.7,High,Yes
Baridhara,background,173,Unhealthy,20.9,68,4,W,0,1014.8,9.1,Medium,No
Uttara,residential,139,Unhealthy for Sensitive Groups,31,79,8.5,NE,0,1005.5,9,Low,No
Uttara,residential,132,Unhealthy for Sensitive Groups,25.8,59,7.4,NW,0,1006.9,9.7,Low,No
Old Dhaka,roadside,180,Unhealthy,20.8,60,8.1,N,0,1012.6,6.7,Medium,Yes
Dhanmondi,roadside,159,Unhealthy,24.7,91,2,NW,0,1014.4,8.8,Low,No
Agargaon,roadside,199,Unhealthy,30.8,70,2.1,SW,0,1004.8,5.4,Severe,No
Gulshan,residential,71,Moderate,30.7,90,9.4,E,0,998.9,9.4,Low,No
Hazaribagh,industrial,225,Very Unhealthy,23.7,68,7.1,SE,0,1022.4,5.9,Medium,No
Hazaribagh,industrial,80,Moderate,33.3,84,11.2,NE,23.6,1001.6,10.6,Medium,Yes
Mirpur,residential,80,Moderate,28.3,79,10.8,S,8.6,999.8,10.8,Medium,No
Motijheel,roadside,181,Unhealthy,23.7,81,1.5,SW,0,1012.9,7.1,Severe,No
Hazaribagh,industrial,171,Unhealthy,31.8,75,11.9,E,0,1003.7,8.3,Severe,Yes
Baridhara,background,61,Moderate,30.4,87,10.4,SE,5,1000.3,10.7,Low,Yes
Uttara,residential,104,Unhealthy for Sensitive Groups,28,76,2.5,W,0,1009,10,Low,No
Agargaon,roadside,66,Moderate,30,90,14.1,S,6.7,1007.4,11.8,Low,No
Mohammadpur,residential,188,Unhealthy,28.5,70,2.8,NW,0,1013.6,6.9,Severe,No
Uttara,residential,63,Moderate,27.8,84,3.3,S,3.2,1003.8,10.8,Low,No
Agargaon,roadside,102,Unhealthy for Sensitive Groups,28.2,81,11.4,SE,8.9,1005.5,10,Severe,Yes
Old Dhaka,roadside,241,Very Unhealthy,25.4,84,2.1,S,0,1010.3,6,Severe,No
Uttara,residential,116,Unhealthy for Sensitive Groups,26.5,82,4.7,NE,0,1007.3,9.2,Severe,No
Baridhara,background,180,Unhealthy,21.4,71,3.8,S,0,1013.3,8,Medium,No
Uttara,residential,283,Very Unhealthy,17.9,78,3.3,W,0,1018.4,4.3,High,No
Hazaribagh,industrial,141,Unhealthy for Sensitive Groups,30.1,70,3.8,NE,0,999,10.2,High,No
Uttara,residential,104,Unhealthy for Sensitive Groups,32.6,73,18.7,NE,0,1010.6,10,Severe,Yes
Jatrabari,industrial,162,Unhealthy,28.6,64,12.2,N,0,1007.1,8.4,Low,Yes
Tejgaon,industrial,169,Unhealthy,29.4,70,4.7,SE,0,1008.1,8.3,High,Yes
Tejgaon,industrial,135,Unhealthy for Sensitive Groups,31.2,89,4.3,S,0,1003.5,8.9,Medium,Yes
Jatrabari,industrial,330,Hazardous,22.5,70,6.4,W,0,1016.6,4.4,High,Yes
Agargaon,roadside,187,Unhealthy,20.5,59,3.8,NW,0,1022.4,8.3,High,No
Mirpur,residential,183,Unhealthy,25.3,73,6.6,SW,0,1016.9,5.3,Low,No
Uttara,residential,161,Unhealthy,20.1,71,2.1,W,0,1018.6,8.6,Low,Yes
Mirpur,residential,79,Moderate,26.4,73,7.7,W,0,1002.2,10.1,Severe,Yes
Old Dhaka,roadside,177,Unhealthy,31.2,66,13.2,E,0,1012,7.7,High,No
Tejgaon,industrial,253,Very Unhealthy,17,73,5.3,N,0,1013.1,6.4,High,No
Mirpur,residential,52,Moderate,32.5,98,5.6,E,3.7,1004.6,11.7,Low,Yes
Gulshan,residential,127,Unhealthy for Sensitive Groups,33.4,59,11,W,1,1006.8,8.5,Low,No
Tejgaon,industrial,156,Unhealthy,27,74,1.1,NW,0,1009.5,8.2,Medium,No
Old Dhaka,roadside,163,Unhealthy,34.4,59,13.2,NE,0,1008.4,9.3,High,No
Dhanmondi,roadside,218,Very Unhealthy,22.3,60,0.9,W,0,1018.2,6.6,High,No
Hazaribagh,industrial,153,Unhealthy,29.4,75,13.2,SE,0,1003.3,9.6,Severe,No
Hazaribagh,industrial,353,Hazardous,18.7,75,3.9,SW,0,1014.9,4.2,Medium,Yes
Jatrabari,industrial,226,Very Unhealthy,23.9,71,9,SE,0,1017.5,6.3,Medium,Yes
Mohammadpur,residential,182,Unhealthy,12.1,67,10.4,W,0,1013,7,Low,Yes
Agargaon,roadside,160,Unhealthy,32.1,72,6.3,W,0,1002.6,8.9,Medium,Yes
Old Dhaka,roadside,297,Very Unhealthy,22.8,70,9.9,N,0,1009.5,3.3,Severe,No
Tejgaon,industrial,168,Unhealthy,30.8,69,9.3,N,0,1011.6,9.7,Medium,No
Mohammadpur,residential,223,Very Unhealthy,21.3,68,7.1,NW,0,1015.7,5.5,Medium,No
Jatrabari,industrial,370,Hazardous,19.4,62,11.5,NW,0,1016.2,3.7,High,Yes
Tejgaon,industrial,196,Unhealthy,25,92,7,SW,0,1010.1,5.7,Medium,No
Gulshan,residential,130,Unhealthy for Sensitive Groups,29,79,13.9,W,0,1007.8,10.4,High,No
Hazaribagh,industrial,277,Very Unhealthy,21.5,83,16.5,N,0,1013.3,3.1,Medium,No
Uttara,residential,71,Moderate,28.9,81,12.5,SE,0,1002,9.6,High,No
Old Dhaka,roadside,205,Very Unhealthy,13.7,65,3.8,E,0,1010.5,6.5,Low,No
Motijheel,roadside,75,Moderate,30.2,82,8.6,SE,18,997.3,9.9,Medium,Yes
Motijheel,roadside,257,Very Unhealthy,17.2,79,3.1,NW,0,1011.8,4.1,Severe,Yes
Uttara,residential,159,Unhealthy,28,68,9.9,W,0,1004.9,7.7,Medium,No
Mohammadpur,residential,161,Unhealthy,27.2,74,4.6,E,0,1014.4,7,Medium,No
Agargaon,roadside,171,Unhealthy,21.7,73,6.9,N,0,1021.4,8.4,High,No
Gulshan,residential,158,Unhealthy,19.1,64,9.1,NE,0,1017.9,9.2,High,No
Old Dhaka,roadside,152,Unhealthy,28.1,74,4.2,S,3.7,994.1,10.2,High,No
Agargaon,roadside,151,Unhealthy,28.2,79,5.8,N,0,1015.4,8.8,Medium,Yes
Hazaribagh,industrial,189,Unhealthy,33.6,64,3.7,SW,0,1006.1,7.4,High,Yes
Tejgaon,industrial,88,Moderate,34,85,4.3,SE,13,998.1,10.9,Severe,Yes
Baridhara,background,166,Unhealthy,24,49,6,NW,0,1019.8,8.4,Low,No
Old Dhaka,roadside,124,Unhealthy for Sensitive Groups,28.2,78,5.6,SE,0,1001,11.4,High,No
Mohammadpur,residential,151,Unhealthy,22,70,12.8,E,0,1012.6,9.5,Low,Yes
Motijheel,roadside,90,Moderate,30.5,73,1.6,E,0,1000.7,9.6,High,Yes
Old Dhaka,roadside,217,Very Unhealthy,15,58,14.5,E,0,1014.2,6.1,Medium,No
Old Dhaka,roadside,71,Moderate,30.5,85,12.5,SE,18.7,1003.5,9.7,Severe,No
Gulshan,residential,133,Unhealthy for Sensitive Groups,25.7,76,7.9,SE,0,1015.5,7.5,Low,No
Jatrabari,industrial,112,Unhealthy for Sensitive Groups,32.2,78,12,NW,0.8,1000.4,8.7,High,No
Tejgaon,industrial,72,Moderate,28.2,83,11.8,SW,19.8,997.1,8,High,No
Hazaribagh,industrial,183,Unhealthy,27,76,4.1,N,0,1009.1,7.1,High,Yes
Motijheel,roadside,161,Unhealthy,28.2,66,10,N,0,1011.6,8.2,Medium,Yes
Agargaon,roadside,193,Unhealthy,26.7,77,9.8,N,0,1005.2,6.7,Severe,No
Hazaribagh,industrial,151,Unhealthy,26.9,84,1.9,E,0,1002.4,8.3,High,No
Hazaribagh,industrial,197,Unhealthy,19.5,69,3.2,NW,0,1015,6.1,High,Yes
Old Dhaka,roadside,190,Unhealthy,27.4,81,2.6,W,0,1013.9,6.6,High,No
Motijheel,roadside,139,Unhealthy for Sensitive Groups,26.7,73,6.4,S,0,1002.7,8.8,Medium,Yes
Mirpur,residential,102,Unhealthy for Sensitive Groups,32,75,1.3,E,6.9,1009.2,9.4,Medium,No
Dhanmondi,roadside,167,Unhealthy,33.7,76,12.9,S,0,1006.4,8.5,High,Yes
Mohammadpur,residential,71,Moderate,29.6,86,12.9,S,3.8,1006.1,10,Medium,No
Jatrabari,industrial,159,Unhealthy,27.1,82,4,N,0,1009.9,10,High,No
Motijheel,roadside,198,Unhealthy,28.4,75,7.5,W,0,1008.9,7,High,No
Mohammadpur,residential,74,Moderate,30.8,92,18.2,S,0,1005.4,11.3,Severe,No
Mirpur,residential,166,Unhealthy,26.8,61,6.1,SE,1.2,1005.4,8.5,Severe,No
Old Dhaka,roadside,183,Unhealthy,24.7,78,4.3,N,0,1008.3,7,Medium,Yes
Mohammadpur,residential,100,Moderate,29.3,85,6.1,W,0,999.2,10.1,High,No
Uttara,residential,41,Good,28.5,85,11,E,20.8,1000.8,10.8,Low,No
Baridhara,background,102,Unhealthy for Sensitive Groups,32.6,94,5.4,S,0,1001.3,9.2,High,Yes
Agargaon,roadside,89,Moderate,31.1,100,6.2,NE,0,1003,9.1,High,No
Mirpur,residential,88,Moderate,28,84,10.7,SE,0,1003.9,10.7,Severe,No
Dhanmondi,roadside,130,Unhealthy for Sensitive Groups,29.6,89,10.3,S,0.8,1002.1,10.2,Severe,No
Tejgaon,industrial,192,Unhealthy,29.8,72,3.8,N,0,1013.4,6.6,Severe,No
Mirpur,residential,164,Unhealthy,25.4,86,2.5,NW,0,1013,7.8,High,No
Mirpur,residential,162,Unhealthy,33.1,64,6.3,SE,0,1004.7,9.4,Severe,No
Hazaribagh,industrial,192,Unhealthy,23.8,95,4.8,N,0,1012.6,3.6,Severe,No
Motijheel,roadside,130,Unhealthy for Sensitive Groups,32.2,72,8.5,E,0,1000.9,9.4,Medium,No
Gulshan,residential,74,Moderate,30.3,100,7.4,SE,0,996.6,9,Severe,No
Gulshan,residential,86,Moderate,32.3,93,2.7,S,0.1,1002.2,9.9,Medium,No
Mohammadpur,residential,85,Moderate,25.7,69,4.1,W,0,1010.4,10.2,Low,No
Old Dhaka,roadside,273,Very Unhealthy,27.7,89,0.9,E,0,1019.1,0.4,High,No
Old Dhaka,roadside,188,Unhealthy,19.8,63,6.1,E,0,1017.8,6.9,High,Yes
Gulshan,residential,100,Moderate,29.9,75,2.4,S,0,1010.3,9.6,Medium,No
Old Dhaka,roadside,161,Unhealthy,26.1,68,1.6,NE,0,1013.4,7.9,Medium,No
Agargaon,roadside,111,Unhealthy for Sensitive Groups,32.2,67,6.5,S,0,1006.6,10.2,Medium,No
Gulshan,residential,192,Unhealthy,20.9,70,6.7,NW,0,1016.2,7.9,Severe,Yes
Uttara,residential,123,Unhealthy for Sensitive Groups,28.7,75,8.1,NE,0,1002.2,9.1,Low,Yes
Hazaribagh,industrial,160,Unhealthy,28.6,88,21.6,S,0,1005.6,6.7,High,No
Tejgaon,industrial,98,Moderate,29.6,81,1.6,SE,0,1002.4,9.3,Medium,No
Jatrabari,industrial,371,Hazardous,22.9,48,1.1,NE,0,1014.3,0.8,Severe,No
Baridhara,background,111,Unhealthy for Sensitive Groups,26.4,73,5.2,NE,0,1010.2,9.3,Medium,No
Baridhara,background,76,Moderate,29.3,81,12.6,S,8.3,1002.9,11.6,Severe,Yes
Gulshan,residential,55,Moderate,32.4,100,5,S,2.9,1003.5,10.7,Medium,No
Gulshan,residential,80,Moderate,27.8,85,3.6,S,0,1002.5,9.3,Low,Yes
Mohammadpur,residential,148,Unhealthy for Sensitive Groups,34.1,62,10.8,E,0,1007,9.3,Medium,Yes
Mirpur,residential,144,Unhealthy for Sensitive Groups,28.2,60,5.9,S,0,1009.3,10.5,High,Yes
Agargaon,roadside,177,Unhealthy,28.7,73,17.4,S,0,1011.5,7,Severe,Yes
Tejgaon,industrial,172,Unhealthy,26.6,76,4.7,N,0,1005.8,8.1,Medium,Yes
Agargaon,roadside,161,Unhealthy,35.7,80,14.1,E,0,1004.5,9.6,Severe,No
Tejgaon,industrial,117,Unhealthy for Sensitive Groups,28.8,83,6.4,S,0,1002.1,9.5,Medium,Yes
Baridhara,background,86,Moderate,26.9,96,9.4,SE,0,1005.4,10,Low,No
Tejgaon,industrial,106,Unhealthy for Sensitive Groups,23.5,67,10.9,E,9.6,1013,9.6,Low,No
Mirpur,residential,155,Unhealthy,33.3,54,1.7,SE,0,1005,9.6,Low,No
Jatrabari,industrial,254,Very Unhealthy,27.6,75,1.2,SW,0,1006,5.7,Severe,No
Old Dhaka,roadside,185,Unhealthy,30,74,1.3,W,0,1012.9,9.1,High,No
Mirpur,residential,307,Hazardous,19.2,68,2.4,NW,0,1013.5,4.3,Severe,No
Tejgaon,industrial,102,Unhealthy for Sensitive Groups,29.9,77,14.4,S,0,1002.7,9.9,Severe,No
Tejgaon,industrial,98,Moderate,31.7,59,23.5,S,17.4,1005.3,9.1,Medium,Yes
Gulshan,residential,115,Unhealthy for Sensitive Groups,25,83,5.2,S,2.7,1012.2,9.7,Low,No
Mirpur,residential,78,Moderate,30.2,85,5.2,SE,3.2,1003.6,11,Medium,No
Jatrabari,industrial,220,Very Unhealthy,14.8,62,6.5,SE,0,1008.3,6.6,Medium,No
Baridhara,background,92,Moderate,30.4,84,3.2,W,0,1015.5,9.7,Low,No
Tejgaon,industrial,65,Moderate,28.2,94,8.7,SW,13.8,1006.8,8.8,Medium,No
Gulshan,residential,54,Moderate,30.8,84,14,E,14.2,996.9,11.3,Medium,No
Motijheel,roadside,210,Very Unhealthy,15.4,78,6.6,S,0,1014.4,6.9,Medium,No
Uttara,residential,193,Unhealthy,17.1,62,2.1,W,0,1010.9,7.2,Low,No
Dhanmondi,roadside,101,Unhealthy for Sensitive Groups,29.3,90,6.5,SE,0,996.7,10.9,Severe,No
Tejgaon,industrial,196,Unhealthy,38.5,69,25.2,SE,0,1009,6.4,Severe,No
Mohammadpur,residential,99,Moderate,27,72,7.6,SW,0,1015.5,9.6,Low,No
Motijheel,roadside,189,Unhealthy,16.1,86,3.5,SW,0,1014.9,3,Medium,No
Gulshan,residential,81,Moderate,29.2,87,4,SE,0,1005.9,9.4,Low,No
Mohammadpur,residential,280,Very Unhealthy,13.7,65,3.4,N,0,1013.3,3.6,High,No
Jatrabari,industrial,74,Moderate,29.7,85,11.8,SW,0,998.4,10.8,Low,No
Dhanmondi,roadside,299,Very Unhealthy,25.5,63,6,NW,0,1014,3.1,High,No
Mirpur,residential,161,Unhealthy,31.8,59,3.6,S,0,1005,7.1,Low,Yes
Agargaon,roadside,224,Very Unhealthy,22.2,66,9.7,NE,0,1016.1,4.9,High,Yes
Jatrabari,industrial,87,Moderate,28.4,82,22.3,S,0,1004.7,9,Low,No
Old Dhaka,roadside,177,Unhealthy,30.5,62,9.5,NE,0,1004.1,8.8,High,No
Jatrabari,industrial,74,Moderate,30.4,95,15.2,S,7.4,998.6,9.8,High,No
Jatrabari,industrial,216,Very Unhealthy,16.5,64,2,NW,0,1017.2,6.3,Medium,No
Old Dhaka,roadside,98,Moderate,30.7,78,6.2,SE,1.7,1001.1,9.4,High,Yes
Tejgaon,industrial,88,Moderate,31.1,76,2.6,SE,1.2,1003.9,9,Low,No
Uttara,residential,205,Very Unhealthy,20.9,60,8.7,NW,0,1012.9,4.9,High,No
Motijheel,roadside,312,Hazardous,18.5,78,5.1,SW,0,1013.4,3.3,High,No
Baridhara,background,88,Moderate,33.7,70,1.2,SE,0,1009.6,10.5,Low,Yes
Jatrabari,industrial,80,Moderate,29.5,91,2.9,S,11.7,1004.1,11.5,High,No
Mohammadpur,residential,184,Unhealthy,26.1,86,5.1,NW,0,1014.5,7.2,Medium,Yes
Agargaon,roadside,266,Very Unhealthy,24,67,1.3,N,0,1014.5,5.6,Severe,No
Motijheel,roadside,138,Unhealthy for Sensitive Groups,28,97,3,S,3.2,1005.2,8.4,High,No
Tejgaon,industrial,86,Moderate,26.9,80,14.4,S,0,1003.1,8.7,High,No
Hazaribagh,industrial,163,Unhealthy,28.4,76,3.9,S,3.3,1003,7.4,Medium,No
Mohammadpur,residential,102,Unhealthy for Sensitive Groups,30.7,88,8.5,SW,0,999.9,11.3,Severe,No
Dhanmondi,roadside,185,Unhealthy,30.2,79,10.1,W,0,1012.7,7.2,Severe,No
Dhanmondi,roadside,115,Unhealthy for Sensitive Groups,28.8,86,11.5,E,0,1001.4,8.2,High,No
Agargaon,roadside,115,Unhealthy for Sensitive Groups,31.5,86,14.5,NE,0,1015.7,10.1,Severe,Yes
Jatrabari,industrial,157,Unhealthy,19.1,71,9.9,N,0,1015,8.6,Low,Yes
Mirpur,residential,154,Unhealthy,26.7,81,6.4,NE,0,1010.5,8.6,High,No
Mohammadpur,residential,164,Unhealthy,24.9,89,1.5,NE,0,1014.2,9,Medium,No
Dhanmondi,roadside,170,Unhealthy,31.9,80,5.2,NE,0,1011.2,6.8,High,Yes
Motijheel,roadside,188,Unhealthy,30.6,72,12.9,SW,0,1004.9,8.2,Severe,No
Uttara,residential,129,Unhealthy for Sensitive Groups,23.7,67,2.7,N,0,1007.2,9.8,Medium,No
Old Dhaka,roadside,173,Unhealthy,27.6,100,10.5,NW,0,1012.8,7.7,Medium,No
Old Dhaka,roadside,75,Moderate,30.7,72,7.1,SE,1.4,997.4,11.4,Low,No
Gulshan,residential,138,Unhealthy for Sensitive Groups,33,64,12.8,W,0,1006.8,8.3,Low,No
Mirpur,residential,82,Moderate,33,80,11.5,S,0.6,1004.1,10.4,Low,No
Motijheel,roadside,108,Unhealthy for Sensitive Groups,32.5,85,13.2,N,0,1005.6,10.5,Medium,Yes
Baridhara,background,211,Very Unhealthy,22.4,65,3.6,NE,0,1021.3,5.6,Severe,Yes
Hazaribagh,industrial,169,Unhealthy,19.2,74,13.6,SW,0.8,1011.5,8.7,Low,No
Jatrabari,industrial,182,Unhealthy,21.6,65,11.8,NW,0,1016.3,7.5,Severe,No
Hazaribagh,industrial,183,Unhealthy,30.9,60,8.6,S,0,1008.1,6.1,Severe,No
Tejgaon,industrial,176,Unhealthy,26.9,83,2.1,W,0,1009.9,9.9,Medium,No
Hazaribagh,industrial,162,Unhealthy,30.2,79,5.1,SW,0,1001.6,9.2,Severe,Yes
Uttara,residential,76,Moderate,29.3,87,4.9,SW,0,1006.2,10.6,Low,Yes
Baridhara,background,164,Unhealthy,28.3,83,1.4,NE,0,1013.7,8.3,Medium,No
Uttara,residential,154,Unhealthy,32.3,83,4.6,N,10.2,1009.3,9.1,Medium,Yes
Old Dhaka,roadside,105,Unhealthy for Sensitive Groups,31.5,75,0.3,S,0,999.7,9.1,Medium,Yes
Tejgaon,industrial,113,Unhealthy for Sensitive Groups,31.2,84,10.2,S,0.2,1003.2,9.2,Severe,No
Baridhara,background,177,Unhealthy,26,69,4.5,N,0,1017,7.7,Low,Yes
Baridhara,background,70,Moderate,31.9,85,12,NE,0,1004.2,9.9,High,Yes
Motijheel,roadside,136,Unhealthy for Sensitive Groups,29.6,100,5.6,W,8.5,998.5,9.3,Severe,Yes
Gulshan,residential,81,Moderate,30.8,84,1.7,SW,8.6,1002.9,9.1,Low,No
Tejgaon,industrial,94,Moderate,32.5,65,2.6,SE,0,1002.8,9.6,Severe,No
Motijheel,roadside,245,Very Unhealthy,15.7,68,5,S,0,1017.8,4.7,Medium,No
Gulshan,residential,63,Moderate,33.6,84,6.8,S,16.9,1001.3,10.2,Medium,No
Gulshan,residential,196,Unhealthy,16.3,68,3,W,0,1012.1,6.9,Medium,Yes
Dhanmondi,roadside,173,Unhealthy,29.3,72,3.1,SE,0,1008.6,8.6,Medium,No
Motijheel,roadside,215,Very Unhealthy,19,59,8.9,SW,0,1015.9,6.7,Medium,No
Baridhara,background,148,Unhealthy for Sensitive Groups,30.9,85,1.4,SW,13.5,1009.9,7.5,Medium,Yes
Dhanmondi,roadside,159,Unhealthy,27.7,71,9.9,SW,0,1006.1,9,Medium,No
Tejgaon,industrial,246,Very Unhealthy,22.2,68,4.1,SE,0,1015.7,6.1,Severe,No
Gulshan,residential,62,Moderate,27.8,85,13.7,W,28.4,1001.9,11.6,High,No
Tejgaon,industrial,200,Unhealthy,14,63,17,E,0,1009.7,6.7,Severe,Yes
Mirpur,residential,118,Unhealthy for Sensitive Groups,32.1,90,2.3,SE,0,1003.2,9.3,Low,Yes
Mirpur,residential,150,Unhealthy for Sensitive Groups,31.5,68,8.5,NW,0,1012.1,9.7,Severe,No
Gulshan,residential,162,Unhealthy,29.3,74,11.8,N,0,1008.8,7.2,Medium,No
Baridhara,background,59,Moderate,31.8,76,3.6,W,11.9,996.8,9.9,Low,No
Uttara,residential,84,Moderate,29,82,3.7,NE,0,1014.6,10.5,Low,No
Hazaribagh,industrial,207,Very Unhealthy,30.8,84,6.7,N,0,1005.6,6,Medium,No
Baridhara,background,131,Unhealthy for Sensitive Groups,30.3,79,8,S,0,1009.5,9.9,Low,Yes
Jatrabari,industrial,153,Unhealthy,30.6,50,8.3,SE,0,1008.7,8.7,Low,No
Agargaon,roadside,156,Unhealthy,32.3,68,18.7,E,0,1007.2,8.4,High,Yes
Jatrabari,industrial,303,Hazardous,14.6,74,2.4,N,0,1019.2,4,Medium,No
Jatrabari,industrial,457,Hazardous,14.8,77,4.9,W,0,1016.8,1.3,High,No
Mirpur,residential,58,Moderate,32.1,97,8.7,S,15.9,1005.9,10.6,Low,Yes
Dhanmondi,roadside,212,Very Unhealthy,28.4,90,4.3,SE,0,1010,5.8,High,Yes
Old Dhaka,roadside,229,Very Unhealthy,18.5,69,2.1,N,0,1018.1,6.6,Medium,No
Tejgaon,industrial,187,Unhealthy,31.8,73,11.5,NW,0,1005.4,6.8,Medium,No
Uttara,residential,90,Moderate,35.7,59,9.3,SE,0,1006.8,9.2,Medium,No
Tejgaon,industrial,251,Very Unhealthy,32.1,64,1.4,NE,0,1003.6,4.9,High,No
Jatrabari,industrial,148,Unhealthy for Sensitive Groups,23.4,82,3.4,NW,0,1011.3,7.9,Medium,No
Jatrabari,industrial,166,Unhealthy,26.7,67,2.7,NW,0,1011.5,8.2,Medium,Yes
Dhanmondi,roadside,85,Moderate,28.5,78,19.5,SW,0.9,1004.4,10,Low,No
Gulshan,residential,197,Unhealthy,19.3,74,4.2,SW,0,1015.6,6.9,High,No
Baridhara,background,167,Unhealthy,15.7,65,12.5,N,0,1013.2,7.2,Medium,Yes
Baridhara,background,139,Unhealthy for Sensitive Groups,14.8,73,7,N,0,1013.9,9,Medium,Yes
Dhanmondi,roadside,61,Moderate,25.9,78,9.3,S,20,1002.5,9.7,Severe,No
Baridhara,background,99,Moderate,31.4,70,4.7,SW,0,1005.4,9,Low,No
Mohammadpur,residential,62,Moderate,25.9,79,5.8,S,0,1005,10,Low,No
Uttara,residential,281,Very Unhealthy,17.9,55,1.6,SW,0,1014.1,4,Medium,Yes
Baridhara,background,82,Moderate,32.7,76,14.9,S,0,1009.6,9.9,Low,No
Baridhara,background,68,Moderate,29.2,62,15,SE,0,1005.3,8.8,Low,No
Mirpur,residential,76,Moderate,28,83,9.3,SW,0,1003.6,9.5,Low,No
Agargaon,roadside,60,Moderate,29.9,79,7.5,E,24.1,1001.5,11.1,Medium,No
Old Dhaka,roadside,197,Unhealthy,24.9,82,5,NE,0,1013.9,7,High,No
Agargaon,roadside,155,Unhealthy,27.5,81,15.1,NW,0,1015.8,9.5,High,No
Tejgaon,industrial,81,Moderate,28.1,89,14.9,NE,0,1002.5,9.4,High,Yes
Mirpur,residential,196,Unhealthy,18.6,66,6.1,NE,0,1019.8,7.1,High,No
Agargaon,roadside,262,Very Unhealthy,26.1,78,3.8,W,0,1010.6,5.5,High,No
Mohammadpur,residential,160,Unhealthy,27,81,3.5,SE,0,1011.5,9.4,Low,No
Old Dhaka,roadside,145,Unhealthy for Sensitive Groups,31.1,90,14.3,S,0,1010.7,8.4,High,No
Dhanmondi,roadside,193,Unhealthy,31.5,70,4.2,S,0,1004.5,6.9,High,No
Mohammadpur,residential,319,Hazardous,20.8,62,4.9,SW,0,1018.7,2.5,Medium,No
Mohammadpur,residential,91,Moderate,28.9,87,10.6,S,0,1002.4,10.1,Medium,Yes
Baridhara,background,93,Moderate,31.6,67,14.2,SE,0,1006,11.4,Medium,No
Tejgaon,industrial,152,Unhealthy,30.3,52,9.9,S,0,1005.2,9.4,Severe,No
Old Dhaka,roadside,163,Unhealthy,31.1,53,8.5,SE,0,1011.7,7.4,Medium,No
Uttara,residential,61,Moderate,31.2,84,7.3,W,0,1001.6,10.8,Low,No
Mirpur,residential,166,Unhealthy,29.7,68,6.8,SE,0,1006.6,8.9,High,No
Agargaon,roadside,69,Moderate,29.3,83,3,E,0,1004.6,10.9,Medium,Yes
Tejgaon,industrial,138,Unhealthy for Sensitive Groups,29.1,92,11.7,SE,0,1005.9,9.5,Severe,No
Hazaribagh,industrial,93,Moderate,29.1,78,5,SE,0,1000.7,10.2,Severe,No
Motijheel,roadside,331,Hazardous,19.6,59,1.8,N,0,1016.6,2.1,Severe,Yes
Motijheel,roadside,252,Very Unhealthy,26.1,71,2.5,N,0,1012.6,4.6,High,No
Agargaon,roadside,146,Unhealthy for Sensitive Groups,34.7,63,9.3,N,0,1006.6,9.1,High,No
Motijheel,roadside,102,Unhealthy for Sensitive Groups,37.7,68,12.6,SE,9.1,1006,9,Medium,No
Baridhara,background,105,Unhealthy for Sensitive Groups,29.6,62,9.1,SE,0,1005.5,9.3,Low,Yes
Tejgaon,industrial,158,Unhealthy,31.7,51,7.3,SE,0,1009.6,9.4,Medium,Yes
Gulshan,residential,93,Moderate,31.9,64,7,W,4.5,1002.6,9.7,Medium,No
Dhanmondi,roadside,217,Very Unhealthy,18.1,71,2.8,NW,0,1015.2,5.7,High,Yes
Old Dhaka,roadside,194,Unhealthy,24.5,69,10.6,NW,0,1009.2,6.7,High,Yes
Mirpur,residential,243,Very Unhealthy,25.1,54,2.4,N,0,1017.6,6,High,No
Old Dhaka,roadside,172,Unhealthy,28.7,83,7.1,NE,0,1011.8,8.3,Medium,No
Motijheel,roadside,100,Moderate,30.6,97,13.1,SW,0,999.8,9.2,High,Yes
Baridhara,background,164,Unhealthy,24.1,69,6.2,N,0,1014.1,7.7,Low,No
Uttara,residential,78,Moderate,31.4,87,10.8,NW,0,1003.9,9.8,High,No
Old Dhaka,roadside,199,Unhealthy,30.9,70,4.6,NW,0,1002.6,7.3,Medium,No
Jatrabari,industrial,158,Unhealthy,24.6,59,6.9,SE,0,1010.9,8.4,High,Yes
Old Dhaka,roadside,155,Unhealthy,29.1,92,12.6,SW,0,1004.1,10.2,High,No
Mohammadpur,residential,59,Moderate,32.2,95,11.8,SE,0,1002.6,10.9,Low,Yes
Motijheel,roadside,170,Unhealthy,32.7,83,14.1,E,0,1008.8,9.7,Medium,No
Dhanmondi,roadside,241,Very Unhealthy,26.5,74,4.5,SW,0,1005.8,5.3,High,Yes
Dhanmondi,roadside,152,Unhealthy,33.2,76,14.2,NE,0,998.7,9.1,Severe,No
Baridhara,background,52,Moderate,29.7,96,7.9,S,0,1004.2,10.9,Medium,Yes
Gulshan,residential,126,Unhealthy for Sensitive Groups,33.5,72,6.2,SE,0,1008,8.5,Low,Yes
Hazaribagh,industrial,164,Unhealthy,31.6,75,20.7,S,0,1006.3,8,High,Yes
Motijheel,roadside,63,Moderate,33.5,80,1.3,SW,48.7,1002.7,10.3,High,No
Gulshan,residential,59,Moderate,31.4,87,7.5,S,0,1003.5,9.8,Low,Yes
Agargaon,roadside,185,Unhealthy,27.1,70,3.4,W,0.6,1009.8,6.6,Severe,Yes
Mirpur,residential,58,Moderate,29.7,85,11.7,SE,9.4,1000.3,11.3,Medium,No
Motijheel,roadside,134,Unhealthy for Sensitive Groups,30,82,4.1,SW,0,998.7,9.6,High,No
Mirpur,residential,153,Unhealthy,29.2,87,2.1,E,0,1010.6,9.6,Medium,No
Dhanmondi,roadside,74,Moderate,27.5,89,5.3,SE,17.9,1002.2,10.7,High,Yes
Motijheel,roadside,174,Unhealthy,31.8,51,6.4,S,0,1010.8,6.4,Severe,Yes
Hazaribagh,industrial,162,Unhealthy,25.7,78,3.7,W,0,1007.7,7.5,High,No
Hazaribagh,industrial,209,Very Unhealthy,29.7,71,2.8,S,0,1007.3,5.7,Medium,No
Agargaon,roadside,76,Moderate,29.8,81,6.5,SW,0,999,8.9,Severe,Yes
Gulshan,residential,168,Unhealthy,27.1,69,1.2,SW,0,1015.4,9.1,High,No
Mirpur,residential,70,Moderate,30,90,6.5,SE,4.2,1008.8,10.3,Low,No
Agargaon,roadside,171,Unhealthy,35.3,60,7.5,NW,0,1010.1,8.1,Medium,No
Hazaribagh,industrial,156,Unhealthy,31.2,90,17.4,S,0,999.2,9.6,Medium,No
Baridhara,background,149,Unhealthy for Sensitive Groups,26.4,62,6,W,0,1012.1,9.2,Severe,No
Uttara,residential,169,Unhealthy,17.5,66,1.2,NW,0,1014.8,7.9,Low,No
Motijheel,roadside,100,Moderate,31.4,93,9.8,S,0,1002.3,9.4,High,Yes
Uttara,residential,97,Moderate,26,82,14.9,E,0,1012.3,10.8,Medium,No
Uttara,residential,198,Unhealthy,17,70,3,N,3.8,1016.2,6.4,Medium,Yes
Hazaribagh,industrial,189,Unhealthy,32.4,78,5.2,W,0,1011,8.6,High,Yes
Mohammadpur,residential,149,Unhealthy for Sensitive Groups,29.1,69,6.5,S,0,1006.4,7.6,High,No
Mirpur,residential,132,Unhealthy for Sensitive Groups,21.4,72,5.4,NE,0,1008.9,9.3,Medium,Yes
Motijheel,roadside,68,Moderate,28.7,73,6.8,S,0,1003.7,10,Medium,Yes
Dhanmondi,roadside,166,Unhealthy,22,83,5.2,W,0,1005.1,7.4,Low,Yes
Tejgaon,industrial,181,Unhealthy,24.6,90,3.5,NE,0,1011.2,6.9,Severe,No
Agargaon,roadside,267,Very Unhealthy,24.9,83,4.8,E,0,1011.6,4.3,High,Yes
Gulshan,residential,93,Moderate,30.1,87,7.5,SE,0,1001.4,10.1,Low,No
Motijheel,roadside,204,Very Unhealthy,11.8,60,5.8,N,0,1017,5.8,Medium,No
Jatrabari,industrial,169,Unhealthy,34,75,10,S,0,1009.5,7.6,High,No
Mohammadpur,residential,73,Moderate,26.6,89,15.3,S,0,1002.5,10.3,Severe,No
Hazaribagh,industrial,238,Very Unhealthy,18.6,76,7.7,SW,0,1020.8,5.9,High,No
Mohammadpur,residential,96,Moderate,26.2,86,6.3,E,15.1,1009.3,8.7,Medium,No
Mohammadpur,residential,193,Unhealthy,21.9,83,4.1,S,0,1013.8,5.4,Medium,Yes
Agargaon,roadside,117,Unhealthy for Sensitive Groups,27.9,69,19.1,SW,22.8,1010,9.1,Severe,No
Motijheel,roadside,345,Hazardous,34,58,1.7,SW,0,1009.8,3.7,Severe,Yes
Agargaon,roadside,160,Unhealthy,26.1,79,7,SW,0,1011.9,8.5,High,Yes
Jatrabari,industrial,139,Unhealthy for Sensitive Groups,25.8,71,9.4,NE,1.9,1006.2,8.4,High,No
Old Dhaka,roadside,152,Unhealthy,32,59,8.4,SE,0,1006.2,9.3,Low,No
Gulshan,residential,76,Moderate,31.9,95,4.3,W,1.4,1000.5,9.6,Low,No
Dhanmondi,roadside,216,Very Unhealthy,21.9,62,7,N,0,1019.2,6.5,Medium,Yes
Agargaon,roadside,197,Unhealthy,27.8,78,2.5,E,0,1009,6.5,Medium,Yes
Motijheel,roadside,143,Unhealthy for Sensitive Groups,27.6,65,9.4,W,0,1011,8.4,High,No
Baridhara,background,169,Unhealthy,18.9,71,2.1,N,0,1011.1,9.4,Low,No
Baridhara,background,212,Very Unhealthy,20.4,79,11.8,NW,0,1015.4,7.3,High,No
Jatrabari,industrial,168,Unhealthy,36.1,78,10.9,SE,0.3,1011.7,8.3,Medium,Yes
Gulshan,residential,152,Unhealthy,18.2,78,5.6,N,0,1012.9,9.7,Low,Yes
Mirpur,residential,144,Unhealthy for Sensitive Groups,26.1,77,5,N,0,1013.3,9,Severe,No
Jatrabari,industrial,245,Very Unhealthy,17.5,79,5,W,0,1014.5,4,High,No
Baridhara,background,171,Unhealthy,28,81,2.7,NW,0,1011,7.5,Medium,Yes
Jatrabari,industrial,182,Unhealthy,21.7,74,5.8,NW,0,1012.6,7.7,High,No
Tejgaon,industrial,162,Unhealthy,26.7,81,4.1,N,0,1007.9,9,Medium,No
Hazaribagh,industrial,108,Unhealthy for Sensitive Groups,31.6,92,5,SE,0,1000.1,10.7,Severe,No
Tejgaon,industrial,281,Very Unhealthy,17.2,59,17,NW,0,1012.7,3.2,Medium,Yes
Agargaon,roadside,127,Unhealthy for Sensitive Groups,27.5,70,4.2,W,0,1015.2,9.8,High,No
Agargaon,roadside,80,Moderate,33.8,84,6,NE,5.8,1004.6,9.3,Medium,No
Gulshan,residential,87,Moderate,27.8,68,10.7,N,0,1013.5,10.3,Low,No
Hazaribagh,industrial,174,Unhealthy,25.4,58,3.9,SW,0,1009.5,7,Medium,No
Old Dhaka,roadside,227,Very Unhealthy,14.1,67,11.6,N,0,1017,6.4,Severe,No
Mirpur,residential,186,Unhealthy,26.4,86,4.5,E,0,1006.9,7.5,High,Yes
Uttara,residential,127,Unhealthy for Sensitive Groups,25,86,3.1,NE,0,1009.5,8.2,High,No
Baridhara,background,174,Unhealthy,19.4,73,1.1,W,0,1014.5,8.2,Medium,No
Uttara,residential,58,Moderate,29.5,86,14.8,SW,0,1002.3,8.7,High,Yes
Dhanmondi,roadside,156,Unhealthy,23.1,87,3.4,W,0,1012.5,7,Low,No
Hazaribagh,industrial,83,Moderate,28,81,5.7,N,14.8,998.5,10.5,High,Yes
Mohammadpur,residential,154,Unhealthy,30.5,70,6.4,S,0,1004.4,8.8,Low,No
Uttara,residential,163,Unhealthy,31.5,63,5.3,N,0,1005.1,7.9,Medium,No
Mohammadpur,residential,188,Unhealthy,20.2,60,7,SW,0,1014.1,6.2,Low,No
Gulshan,residential,172,Unhealthy,19.5,79,9.1,N,0,1016.1,6.4,Medium,No
Agargaon,roadside,153,Unhealthy,25,66,27.1,W,6.6,1006.6,8.3,Severe,No
Mirpur,residential,159,Unhealthy,19.3,76,12.2,NW,0,1018,7.6,Low,No
Jatrabari,industrial,164,Unhealthy,30.6,66,8.6,SE,0,1008.6,8.7,Severe,No
Mohammadpur,residential,63,Moderate,31.6,95,12.2,NE,0,1001.2,9.3,Low,No
Uttara,residential,78,Moderate,31.3,77,19.9,E,0,1003.1,9.4,Severe,No
Old Dhaka,roadside,85,Moderate,30.4,94,13.4,SW,3,1001.7,10.6,Severe,Yes
Mohammadpur,residential,241,Very Unhealthy,20.1,77,5.8,NW,0,1013.5,6.5,Low,No
Jatrabari,industrial,196,Unhealthy,23.7,56,7.1,E,0,1015.1,5.9,Medium,No
Motijheel,roadside,112,Unhealthy for Sensitive Groups,29.9,74,12.6,W,0,1012,10,High,No
Jatrabari,industrial,221,Very Unhealthy,27.7,86,0.9,N,1.1,1013.5,6.7,High,No
Mohammadpur,residential,173,Unhealthy,32.4,91,4.9,NE,0,1016.5,7.3,Medium,Yes
Uttara,residential,163,Unhealthy,25.4,84,0.7,W,0,1014.2,8.1,Medium,No
Mirpur,residential,95,Moderate,27.9,82,2.8,NE,0,999.5,9.9,Medium,No
Mohammadpur,residential,162,Unhealthy,27,70,0.4,N,0,1007,8.7,Medium,Yes
Dhanmondi,roadside,136,Unhealthy for Sensitive Groups,30.1,73,6.6,S,12.9,1010.2,9.5,Severe,No
Jatrabari,industrial,83,Moderate,25.6,82,18.8,S,1.5,1001.7,10.4,Medium,Yes
Dhanmondi,roadside,167,Unhealthy,25.4,75,11.6,NE,0,1009.2,9.7,Severe,Yes
Agargaon,roadside,97,Moderate,30.6,83,3.9,E,0,1006.1,9.7,Medium,Yes
Gulshan,residential,86,Moderate,30.9,75,10.9,SE,0,1006.5,10.8,High,No
Dhanmondi,roadside,138,Unhealthy for Sensitive Groups,29.1,82,3.7,S,0,1006.7,7.1,Medium,No
Jatrabari,industrial,238,Very Unhealthy,19.1,78,5.6,E,0,1013.4,4.8,Medium,No
Mirpur,residential,91,Moderate,31.3,68,19.3,S,0,1001.9,8.3,Medium,Yes
Baridhara,background,95,Moderate,28.8,71,1.9,NW,0,1008.7,12,Low,No
Jatrabari,industrial,128,Unhealthy for Sensitive Groups,28.8,90,8.8,S,0,1000.4,10.6,Medium,Yes
Motijheel,roadside,171,Unhealthy,22.1,83,8.6,SW,0,1010.9,7.2,High,Yes
Jatrabari,industrial,108,Unhealthy for Sensitive Groups,28,93,4.6,S,0,1002.2,9,Severe,No
Tejgaon,industrial,172,Unhealthy,29.7,70,9.7,N,0,1007.7,6.9,Medium,Yes
Agargaon,roadside,103,Unhealthy for Sensitive Groups,33.1,81,3.8,SE,0,1004.3,9.7,Severe,No
Agargaon,roadside,162,Unhealthy,28.4,71,8.9,SE,0,1005.1,8.6,High,No
Hazaribagh,industrial,69,Moderate,28.8,94,8,S,0,997.3,9.5,High,No
Mirpur,residential,100,Moderate,27.7,87,2.2,SE,2.5,1001.2,10,Low,No
Motijheel,roadside,152,Unhealthy,28.5,84,1.8,SW,0,998.9,8.2,Medium,No
Mirpur,residential,86,Moderate,30.2,80,1.5,W,5.2,1001.9,9.7,Medium,No
Gulshan,residential,90,Moderate,32.8,89,11.3,E,0,1009.2,10.3,Medium,No
Baridhara,background,112,Unhealthy for Sensitive Groups,30,78,9.1,S,0,1000.7,8.8,Severe,Yes
Motijheel,roadside,456,Hazardous,17.9,62,5.4,NW,0,1014.8,0.3,High,No
Mohammadpur,residential,185,Unhealthy,27.9,69,6.8,S,0,1001.9,7.4,Medium,No
Agargaon,roadside,86,Moderate,28.7,83,12.5,E,2.5,1001,9.8,Low,No
Baridhara,background,66,Moderate,27.2,93,5.6,SE,2.4,1006,12,Low,No
Motijheel,roadside,167,Unhealthy,28.8,86,3.2,NW,0,1012.4,9.3,Medium,No
Jatrabari,industrial,238,Very Unhealthy,33,58,3,NW,0,1005,5.7,High,No
Hazaribagh,industrial,185,Unhealthy,26.9,72,5.5,SW,0,1008.2,6.5,High,No
Gulshan,residential,62,Moderate,32.1,61,9.2,SW,0,1006.9,10.2,Low,No
Old Dhaka,roadside,76,Moderate,31.6,91,6.9,SW,22.4,1003.3,9.1,Severe,No
Mirpur,residential,157,Unhealthy,27.3,81,8.9,SE,0,1009.1,8.8,High,No
Tejgaon,industrial,93,Moderate,32.5,82,5.7,SE,0,1001.5,8.9,Medium,No
Dhanmondi,roadside,174,Unhealthy,24.4,80,21.9,W,0,1006.2,9,Severe,No
Hazaribagh,industrial,181,Unhealthy,26.1,69,5.6,E,0,1013,7.7,Severe,No
Jatrabari,industrial,250,Very Unhealthy,17.4,64,3.6,NW,0,1012.9,5,Medium,No
Hazaribagh,industrial,122,Unhealthy for Sensitive Groups,28.6,68,4.1,N,0,1012.6,9.2,Medium,No
Agargaon,roadside,157,Unhealthy,23.4,79,7.2,SE,1.2,1011.9,7.6,Severe,No
Dhanmondi,roadside,122,Unhealthy for Sensitive Groups,34.6,69,26.8,W,0,1008.2,9.8,Medium,No
Old Dhaka,roadside,186,Unhealthy,21,62,3,NE,0,1014.4,5.1,Severe,No
Uttara,residential,120,Unhealthy for Sensitive Groups,35.4,71,12,S,0,1011.1,9.3,Severe,No
Tejgaon,industrial,198,Unhealthy,26.9,86,6.9,SW,0,1009.4,7.8,High,No
Uttara,residential,96,Moderate,25.6,70,13.7,S,0,1015.2,10.4,Low,No
Old Dhaka,roadside,225,Very Unhealthy,28.6,75,3.1,SE,0,1011.6,6.4,Medium,No
Hazaribagh,industrial,161,Unhealthy,33.6,72,10.9,N,0,1007.3,9.1,Low,No
Old Dhaka,roadside,171,Unhealthy,16.5,70,9.8,SW,0,1014.4,7.9,Medium,No
Agargaon,roadside,26,Good,26.4,74,10.6,E,65.3,1002.3,10.7,Medium,Yes
Gulshan,residential,117,Unhealthy for Sensitive Groups,26.4,64,14.1,E,0,1007,9.6,Low,No
Hazaribagh,industrial,286,Very Unhealthy,19.9,66,4,E,0,1019.4,3,High,No
Tejgaon,industrial,277,Very Unhealthy,24.4,69,6.1,N,0,1012,2.4,Medium,No
Old Dhaka,roadside,193,Unhealthy,14.4,69,11.2,N,0,1014.5,6.4,Severe,No
Jatrabari,industrial,263,Very Unhealthy,18,83,1.3,NE,0,1012.6,5.2,Medium,Yes
Motijheel,roadside,88,Moderate,29.4,83,5.6,W,0,1000.6,9.5,Medium,Yes
Baridhara,background,165,Unhealthy,35.8,54,4.2,S,0,1007,7.6,Severe,No
Motijheel,roadside,157,Unhealthy,36.6,69,4,SE,0,1010.8,8.8,High,No
Motijheel,roadside,114,Unhealthy for Sensitive Groups,30.8,99,9,S,0,1003.2,9.7,High,No
Agargaon,roadside,186,Unhealthy,29.2,77,6.9,NW,0,1008.6,7.5,Medium,No
Mohammadpur,residential,92,Moderate,31.6,81,5.8,S,0,1001.3,9.2,High,No
Tejgaon,industrial,157,Unhealthy,27.7,83,8,W,0,1004.9,11,High,No
Tejgaon,industrial,94,Moderate,31.3,90,6.8,S,2.9,1000.5,9.9,High,No
Mirpur,residential,70,Moderate,28.2,83,1.6,S,0,1002.3,12,Low,No
Mirpur,residential,101,Unhealthy for Sensitive Groups,29.7,73,2.7,SE,0,1003,11.6,Medium,No
Uttara,residential,121,Unhealthy for Sensitive Groups,33.8,63,12,SE,0,1006.5,9.1,Medium,No
Motijheel,roadside,154,Unhealthy,30.1,84,3.2,S,0,999.7,10.3,Medium,Yes
Mohammadpur,residential,110,Unhealthy for Sensitive Groups,33.8,72,6.4,SW,0,1007.6,9.3,Low,No
Agargaon,roadside,170,Unhealthy,34.2,63,10.5,N,0.4,1012.8,7,Medium,No
Old Dhaka,roadside,223,Very Unhealthy,12.9,68,6.3,E,0,1013.8,5.7,Medium,Yes
Mirpur,residential,164,Unhealthy,25.6,68,4.8,E,0,1005.7,7.9,Low,No
Mirpur,residential,107,Unhealthy for Sensitive Groups,33.9,62,8,NW,0,1008.9,9.5,Low,No
Dhanmondi,roadside,97,Moderate,32.2,84,5.6,S,0,1008,10.4,High,No
Hazaribagh,industrial,172,Unhealthy,31.6,72,7.3,S,0,1004.9,7.9,Medium,Yes
Uttara,residential,213,Very Unhealthy,20.4,61,12.5,W,0,1012,6.5,High,No
Gulshan,residential,113,Unhealthy for Sensitive Groups,33.2,70,10.9,SE,3.2,1009,10.4,Low,Yes
Uttara,residential,108,Unhealthy for Sensitive Groups,33.2,59,7.3,E,0,1009,10.3,High,No
Dhanmondi,roadside,69,Moderate,29.5,76,7.3,E,10.9,999.6,10.2,High,Yes
Hazaribagh,industrial,202,Very Unhealthy,33.4,63,0.9,SE,0,1006.3,7.8,Severe,Yes
Old Dhaka,roadside,170,Unhealthy,17.8,81,23.1,W,0,1012.1,8.2,Medium,Yes
Mohammadpur,residential,240,Very Unhealthy,19.9,56,11.1,NW,0,1014.1,5.9,Medium,No
Mirpur,residential,117,Unhealthy for Sensitive Groups,31.5,64,5.9,SW,0,1006.3,9.2,Low,Yes
Dhanmondi,roadside,189,Unhealthy,16,70,1.1,W,0,1017.4,6.8,High,No
Tejgaon,industrial,170,Unhealthy,29.1,77,6.1,NW,1.7,1010.1,8.3,Severe,No
Baridhara,background,58,Moderate,34,100,13.7,SW,11.5,1001.8,9.5,Medium,Yes
Old Dhaka,roadside,160,Unhealthy,24.8,75,9.9,N,0,1014.8,8.2,Medium,No
Hazaribagh,industrial,132,Unhealthy for Sensitive Groups,30.7,89,7.1,S,5.5,1004.4,9.1,Low,Yes
Gulshan,residential,105,Unhealthy for Sensitive Groups,21,69,15.3,N,0,1011.7,8.8,Low,No
Baridhara,background,122,Unhealthy for Sensitive Groups,30.9,67,6.9,E,0,1009.8,9.6,High,No
Mirpur,residential,157,Unhealthy,31.2,87,5.7,SE,2.8,1004,8.2,Medium,No
Old Dhaka,roadside,247,Very Unhealthy,20.2,57,6.8,W,0,1019.8,6,Medium,Yes
Mohammadpur,residential,125,Unhealthy for Sensitive Groups,24.8,78,3.1,E,6.4,1011.7,9.8,Medium,Yes
Baridhara,background,54,Moderate,31,89,4.8,SW,0,1006.4,9.6,Low,Yes
Gulshan,residential,166,Unhealthy,17.1,63,7.9,N,0,1010.7,9.4,High,No
Uttara,residential,191,Unhealthy,25.1,74,2.7,N,0,1013.9,7.7,Medium,No
Mohammadpur,residential,176,Unhealthy,28.1,64,7.3,NE,0,1006,7.1,Medium,No
Old Dhaka,roadside,160,Unhealthy,25.2,79,10.2,E,0,1010.2,9.5,Severe,No
Gulshan,residential,116,Unhealthy for Sensitive Groups,27.9,89,4.1,E,0,1011.4,9.9,Medium,Yes
Uttara,residential,154,Unhealthy,28.7,66,6.8,SW,0,1006.9,10.1,High,Yes
Mohammadpur,residential,106,Unhealthy for Sensitive Groups,30.5,77,7.7,E,3.8,1004.3,8.7,Low,Yes
Old Dhaka,roadside,367,Hazardous,18.2,59,2.7,NW,0,1021.2,3.9,Medium,No
Dhanmondi,roadside,120,Unhealthy for Sensitive Groups,28.9,71,5.8,N,0,1006.1,8.5,High,Yes
Baridhara,background,75,Moderate,28.5,92,2,S,0.2,1005.2,9.8,Medium,No
Mirpur,residential,163,Unhealthy,33.1,78,2.4,N,0,1012.8,7.9,Low,No
Old Dhaka,roadside,173,Unhealthy,31.2,64,7.4,SW,0,1007.9,8.1,High,Yes
Agargaon,roadside,88,Moderate,29.9,53,10,SW,18.4,1009.1,9.9,Severe,Yes
Jatrabari,industrial,338,Hazardous,16.9,71,6.5,N,0,1014.1,2,Severe,No
Tejgaon,industrial,196,Unhealthy,32.2,62,4.8,SE,0,1009.6,7.5,High,Yes
Old Dhaka,roadside,500,Hazardous,16.8,65,3.2,S,0,1011.4,0.3,Severe,Yes
Dhanmondi,roadside,170,Unhealthy,24.3,91,3.8,N,0,1011.4,8.5,Medium,No
Uttara,residential,175,Unhealthy,18.9,56,5.1,NW,0,1014.2,6.7,Medium,No
Dhanmondi,roadside,72,Moderate,29.9,72,3.1,S,15.3,1008.2,9.9,Low,Yes
Old Dhaka,roadside,223,Very Unhealthy,17.5,72,1.3,W,0,1012.3,5.3,High,Yes
Motijheel,roadside,188,Unhealthy,28.8,65,8.8,S,0,1008.2,6.1,High,No
Hazaribagh,industrial,500,Hazardous,17.6,66,3.3,S,0,1018.2,0.3,High,No
Hazaribagh,industrial,156,Unhealthy,29.8,70,10.1,NW,0,1005.6,10.1,High,Yes
Gulshan,residential,22,Good,28.9,87,21.9,S,49.2,1002.1,10.7,Medium,No
Uttara,residential,140,Unhealthy for Sensitive Groups,30.5,77,4.7,SE,2,1000.7,8,High,No
Baridhara,background,159,Unhealthy,32.6,73,7.4,W,0,1009.9,7.6,High,Yes
Agargaon,roadside,170,Unhealthy,34.3,68,1.2,S,0,1011.2,8.9,Medium,No
Jatrabari,industrial,68,Moderate,33.5,86,5.4,SE,13.8,997.3,11.3,High,Yes
Mirpur,residential,141,Unhealthy for Sensitive Groups,25.6,82,5.9,E,0,1011.7,9.9,Low,No
Mirpur,residential,229,Very Unhealthy,24.9,65,0.7,E,0,1009.8,5.9,Severe,No
Tejgaon,industrial,165,Unhealthy,27.6,81,12.5,NW,0,1013.4,8,Severe,Yes
Motijheel,roadside,189,Unhealthy,29.5,86,2.9,NW,0,1010,6.4,High,No
Hazaribagh,industrial,98,Moderate,28.1,78,9.3,NW,8,1006.7,9.4,Medium,No
Jatrabari,industrial,81,Moderate,29.4,84,10.1,NE,6.4,1001.6,9.6,Low,Yes
Gulshan,residential,83,Moderate,31.3,83,18.5,SW,0,999,10.3,Severe,No
Uttara,residential,157,Unhealthy,32.2,63,1.2,S,0,1009.5,10.6,High,Yes
Motijheel,roadside,159,Unhealthy,26.8,77,8.4,E,0,1004.6,7.2,Severe,Yes
Tejgaon,industrial,167,Unhealthy,26.7,76,5.1,SW,0,1008.2,9.1,High,No
Hazaribagh,industrial,448,Hazardous,22.1,74,0.6,N,0,1016.4,3.1,High,No
Tejgaon,industrial,167,Unhealthy,30.5,78,6.1,S,0,1000.4,7.7,Severe,Yes
Tejgaon,industrial,70,Moderate,30.8,84,5.6,N,33.9,1001.3,10.5,Severe,Yes
Baridhara,background,158,Unhealthy,16.4,68,1.8,NW,0,1020,6.8,High,Yes
Mirpur,residential,147,Unhealthy for Sensitive Groups,30.5,99,5.8,S,0,1001.1,9.5,Medium,No
Agargaon,roadside,97,Moderate,29.8,91,5.4,SE,0,1005.7,9.9,Medium,No
Jatrabari,industrial,103,Unhealthy for Sensitive Groups,29.6,91,4.7,S,16.8,1006.4,10.5,High,No
Mirpur,residential,168,Unhealthy,25.3,85,6.7,S,0,1010.2,7.2,High,No
Old Dhaka,roadside,200,Unhealthy,33.3,64,12.4,N,0,1007.7,6.3,Severe,Yes
Dhanmondi,roadside,187,Unhealthy,27.9,89,3,W,0,1009.8,7.3,Medium,No
Mohammadpur,residential,84,Moderate,30.4,86,6.3,SW,0,1002.1,9.2,Medium,No
Agargaon,roadside,159,Unhealthy,32.1,78,14.1,N,0,1012.7,7.9,Severe,No
Agargaon,roadside,285,Very Unhealthy,20.7,60,4.5,NW,0,1014.8,4.1,Severe,No
Gulshan,residential,152,Unhealthy,34,65,4.1,E,0,1008,10.3,High,No
Baridhara,background,154,Unhealthy,27.7,64,2.2,N,0,1009.3,9.5,Low,Yes
Jatrabari,industrial,311,Hazardous,17.8,68,7.1,NW,0,1012.8,2.1,Medium,No
Hazaribagh,industrial,169,Unhealthy,28.4,63,4.4,E,11.5,1006.1,8.7,High,Yes
Uttara,residential,82,Moderate,30.4,82,3.4,NW,0,1002.4,10.8,Medium,No
Agargaon,roadside,109,Unhealthy for Sensitive Groups,25.2,74,9.3,SW,5.6,1005.3,11.3,High,No
Mohammadpur,residential,191,Unhealthy,27.7,84,1.7,N,0,1010.6,6.8,Medium,No
Motijheel,roadside,111,Unhealthy for Sensitive Groups,30.6,90,9,W,0,1003.1,9.9,Severe,Yes
Uttara,residential,120,Unhealthy for Sensitive Groups,26.5,92,2.3,W,0,1008.7,8.6,Low,No
Old Dhaka,roadside,168,Unhealthy,30.8,81,3.8,NE,0,1009.2,7.7,Severe,No
Old Dhaka,roadside,117,Unhealthy for Sensitive Groups,27.7,86,2.1,W,0,1001.1,8.8,Severe,No
Motijheel,roadside,191,Unhealthy,30.5,86,2.8,N,0,1010.5,6.8,High,Yes
Jatrabari,industrial,118,Unhealthy for Sensitive Groups,29.4,87,13.8,SE,0,1002.2,9.7,Medium,Yes
Hazaribagh,industrial,163,Unhealthy,15.6,67,21.8,NW,0,1013.7,7,Medium,No
Agargaon,roadside,175,Unhealthy,32.4,66,6.5,N,0,1004.3,8.2,Medium,Yes
Old Dhaka,roadside,155,Unhealthy,30.2,90,5.1,SE,0,1003.2,8.2,High,No
Hazaribagh,industrial,169,Unhealthy,29.4,100,11.2,SE,0,1004.3,9.3,Severe,Yes
Old Dhaka,roadside,92,Moderate,29.2,94,9.1,SE,0,998.7,10,Medium,No
Old Dhaka,roadside,160,Unhealthy,30,87,12.7,SW,0,1002.7,9.8,Severe,No
Tejgaon,industrial,176,Unhealthy,30.4,82,6.6,NW,0,1011.6,7.6,Medium,No
Jatrabari,industrial,196,Unhealthy,20.6,74,10,SW,0,1014.1,7.7,Medium,No
Uttara,residential,70,Moderate,29.9,84,8.2,SE,0,1001.1,10.7,Medium,No
Tejgaon,industrial,84,Moderate,31.5,91,18.2,W,0,1004.7,9.3,Medium,Yes
Mohammadpur,residential,157,Unhealthy,19.1,69,7.9,N,0,1020.5,11.2,Low,No
Agargaon,roadside,146,Unhealthy for Sensitive Groups,32,60,19,W,0,1010.3,9.2,High,No
Uttara,residential,69,Moderate,30.3,89,5.2,S,0.8,1003.4,9.2,Low,No
Motijheel,roadside,149,Unhealthy for Sensitive Groups,28.5,83,4.4,S,0,1014,9.1,High,No
Gulshan,residential,158,Unhealthy,29.9,67,8.7,E,0,1008.2,8,High,Yes
Agargaon,roadside,243,Very Unhealthy,15,72,5.9,NW,0,1013.3,4.5,High,Yes
Agargaon,roadside,155,Unhealthy,33.3,76,7.2,SW,0,1007.9,7.4,Medium,Yes
Gulshan,residential,167,Unhealthy,30.8,78,5.4,NW,0,1007.7,7.3,High,Yes
Agargaon,roadside,113,Unhealthy for Sensitive Groups,28,81,5.6,SE,0,1000.2,8.5,Medium,No
Mohammadpur,residential,104,Unhealthy for Sensitive Groups,31.4,62,8.6,W,0,1009.4,9.9,Medium,No
Hazaribagh,industrial,191,Unhealthy,25.9,76,3.7,W,0,1010.6,7.3,Medium,No
Old Dhaka,roadside,218,Very Unhealthy,22.1,82,9.8,N,0,1013,5,Medium,Yes
Uttara,residential,117,Unhealthy for Sensitive Groups,31.6,66,11.8,SE,0,1005.5,7.9,Medium,No
Gulshan,residential,77,Moderate,39.3,71,8.7,SE,0,1004,10.3,Low,Yes
Dhanmondi,roadside,197,Unhealthy,29.5,82,1.7,SW,0,1002.8,6.4,High,No
Gulshan,residential,158,Unhealthy,30.8,75,1.2,N,0,1009.9,8.4,High,Yes
Mirpur,residential,170,Unhealthy,24.7,63,5,S,0,1014.4,8.9,Low,Yes
Hazaribagh,industrial,118,Unhealthy for Sensitive Groups,31,86,3.2,S,0,1003,10.2,Low,Yes
Agargaon,roadside,91,Moderate,30.1,81,9.7,SE,0,1002.9,10.6,High,No
Mohammadpur,residential,137,Unhealthy for Sensitive Groups,27.2,88,0.7,SE,0,1008,10,Low,No
Gulshan,residential,160,Unhealthy,27,77,15.6,NE,0,1008.1,9.8,High,No
Gulshan,residential,76,Moderate,32,85,2.4,SW,0.4,1001.8,10.3,Severe,No
Agargaon,roadside,173,Unhealthy,15.9,69,9.2,W,0,1016.6,9,Medium,Yes
Baridhara,background,88,Moderate,30.6,71,6,SW,0,1005.3,10,Low,No
Uttara,residential,174,Unhealthy,26.3,90,1.3,N,0,1009.7,7.2,High,No
Dhanmondi,roadside,155,Unhealthy,26.9,77,5.7,S,2.8,1002.4,9.6,Severe,No
Mohammadpur,residential,70,Moderate,31.5,87,16,E,0,1002.3,9.6,Severe,Yes
Motijheel,roadside,173,Unhealthy,29.7,65,4.2,S,0,1010.9,9.2,Medium,No
Dhanmondi,roadside,108,Unhealthy for Sensitive Groups,25.4,88,11.8,E,0,1012,11.3,High,No
Hazaribagh,industrial,92,Moderate,31.9,84,6.6,SW,0,999.7,10.6,Medium,No
Motijheel,roadside,163,Unhealthy,23,66,8.1,SE,0,1014.8,9.2,Medium,Yes
Hazaribagh,industrial,290,Very Unhealthy,19.1,60,3,NW,0,1014.3,4,High,Yes
Dhanmondi,roadside,64,Moderate,29.8,92,3.5,S,5.1,1006.2,10.8,High,No
Motijheel,roadside,160,Unhealthy,27.2,65,2,SE,0,1005.6,9.7,High,No
Dhanmondi,roadside,268,Very Unhealthy,19.3,72,5.7,NW,0,1010.8,5.3,Severe,No
Old Dhaka,roadside,468,Hazardous,18.7,67,6.7,E,0,1014.8,1.8,Severe,Yes
Old Dhaka,roadside,92,Moderate,29.3,83,5.6,NE,4.7,1004.5,8.6,High,No
Baridhara,background,63,Moderate,29.8,80,3.9,E,0,1002.6,9,Low,Yes
Hazaribagh,industrial,204,Very Unhealthy,23.8,62,12.9,N,0,1014.7,7.3,Severe,No
Agargaon,roadside,414,Hazardous,17,66,4.8,SW,0,1015.7,1.5,Severe,Yes
Agargaon,roadside,176,Unhealthy,36.6,73,9.7,NW,0,1006.9,7.6,High,Yes
Gulshan,residential,154,Unhealthy,29.4,66,5.3,NE,7.2,1011.9,10,Low,Yes
Old Dhaka,roadside,248,Very Unhealthy,27.6,81,1.4,N,0,1009.7,5.5,High,Yes
Mirpur,residential,99,Moderate,31,83,3.4,SW,4.5,1005.2,11,Severe,Yes
Mirpur,residential,77,Moderate,29.5,90,6.3,NE,0,1000.1,9.5,Low,No
Hazaribagh,industrial,338,Hazardous,23.8,73,1.5,NW,0,1014.3,2.3,Severe,No
Mirpur,residential,154,Unhealthy,32.4,64,10.8,SE,0,1004.6,9.6,High,No
Agargaon,roadside,162,Unhealthy,30.5,60,7.2,SW,8.8,1009.1,9.5,High,Yes
Mohammadpur,residential,177,Unhealthy,30.4,86,4.6,N,0,1014,8.6,High,Yes
Baridhara,background,166,Unhealthy,24.5,71,0.8,NW,0,1010.6,10.1,Medium,Yes
Uttara,residential,117,Unhealthy for Sensitive Groups,29.6,72,7,N,0,1008.4,9.6,Medium,No
Old Dhaka,roadside,192,Unhealthy,28.4,78,5.7,E,0,1011.3,6.7,High,Yes
Old Dhaka,roadside,237,Very Unhealthy,21.8,66,2.2,NE,0,1016.5,5,High,No
Mohammadpur,residential,183,Unhealthy,31.8,71,5,SE,0,1010,7.7,High,No
Jatrabari,industrial,71,Moderate,29.8,96,7.2,S,0.3,999.1,9.1,Medium,No
Baridhara,background,130,Unhealthy for Sensitive Groups,30.4,73,3.7,NE,5.4,1004.4,10.2,Medium,No
Tejgaon,industrial,159,Unhealthy,29.8,79,3.4,N,0,1009.6,9.6,Medium,Yes
Baridhara,background,171,Unhealthy,19.8,83,2.7,SW,0,1013.9,8.6,Medium,Yes
Tejgaon,industrial,39,Good,28.4,72,9.4,NE,47.2,1002.5,10.2,Medium,No
Mirpur,residential,167,Unhealthy,15.7,61,9.5,N,0,1015,8.8,Medium,No
Mohammadpur,residential,170,Unhealthy,24.3,66,5.3,W,0,1014.5,8.1,Low,Yes
Tejgaon,industrial,184,Unhealthy,29.2,79,5.8,SW,0,1006.8,8.6,High,No
Tejgaon,industrial,172,Unhealthy,27.7,86,8.1,E,0,1011.6,7.4,High,Yes
Mohammadpur,residential,101,Unhealthy for Sensitive Groups,32.4,71,1.7,SW,1.6,1000.1,10.7,Medium,No
Motijheel,roadside,154,Unhealthy,31,82,6.2,E,0,996.7,8.6,High,No
Tejgaon,industrial,233,Very Unhealthy,16.3,59,9.8,W,0,1012.7,4.7,Severe,No
Baridhara,background,182,Unhealthy,15.4,70,2.9,W,0,1017.8,7,Low,No
Gulshan,residential,168,Unhealthy,25.5,77,6.3,NE,0,1008.5,8.5,High,No
Motijheel,roadside,228,Very Unhealthy,24.4,86,8.5,SW,0,1013.8,5.4,Medium,Yes
Hazaribagh,industrial,187,Unhealthy,17.1,72,5.2,W,0,1013.6,7.9,Medium,No
Jatrabari,industrial,176,Unhealthy,31.9,65,3.7,E,0,1009.1,7.1,Severe,No
Motijheel,roadside,152,Unhealthy,29.6,84,4.4,S,0,999.4,8.1,Medium,No
Hazaribagh,industrial,139,Unhealthy for Sensitive Groups,31,90,9.5,NW,1.7,995.7,9.3,High,Yes
Agargaon,roadside,169,Unhealthy,27.3,87,10.4,S,0,1004.9,8.4,High,Yes
Tejgaon,industrial,269,Very Unhealthy,18.3,61,4.9,N,0,1014.7,3.3,Severe,No
Mirpur,residential,148,Unhealthy for Sensitive Groups,32.7,81,1.4,S,0,1008,8.4,Medium,No
Motijheel,roadside,91,Moderate,31.2,87,2.3,S,0,998.5,11.3,High,No
Motijheel,roadside,348,Hazardous,17,77,4.4,SE,0,1015.9,3,Severe,No
Baridhara,background,78,Moderate,28.2,86,3.8,SE,0,1002.1,8.2,Low,No
Agargaon,roadside,296,Very Unhealthy,19.7,81,1.9,NW,0,1013.5,4.3,Severe,No
Agargaon,roadside,176,Unhealthy,23.7,81,2.1,S,0,1011.3,8.8,High,No
Baridhara,background,153,Unhealthy,30.2,73,18.1,NE,0,1011.2,9.3,Medium,No
Mohammadpur,residential,210,Very Unhealthy,19.6,74,5.6,SW,0,1016.3,4.9,Medium,No
Gulshan,residential,127,Unhealthy for Sensitive Groups,29.3,77,10.5,W,1.4,1007.5,9.8,Medium,No
Gulshan,residential,154,Unhealthy,28.4,68,6,N,0,1007.3,9.5,Medium,No
Baridhara,background,160,Unhealthy,25.4,61,9.4,NE,0,1015.9,8.3,Low,No
Dhanmondi,roadside,59,Moderate,27.2,84,8.9,SE,15.7,997.1,10.7,Medium,No
Baridhara,background,63,Moderate,30.9,86,7.2,W,0,998.7,9.4,Medium,No
Mirpur,residential,184,Unhealthy,16.2,70,5.3,NW,0,1017.7,7.6,Low,No
Mohammadpur,residential,216,Very Unhealthy,20.4,66,2.6,NW,0,1011.3,5.7,High,No
Motijheel,roadside,154,Unhealthy,31,96,3.4,S,0,1004.2,8.4,High,Yes
Baridhara,background,66,Moderate,31.7,66,7.6,NW,0,1002.8,11.2,Low,Yes
Tejgaon,industrial,183,Unhealthy,27.6,79,8.7,SW,0,1007.7,6.8,Medium,No
Baridhara,background,152,Unhealthy,29.8,79,10.9,E,0,1013.5,7.9,Medium,No
Old Dhaka,roadside,95,Moderate,32.5,100,10,NE,0,1005,9.3,Medium,Yes
Motijheel,roadside,155,Unhealthy,30.5,85,15.1,SW,0,1002.1,8.4,Severe,Yes
Hazaribagh,industrial,168,Unhealthy,27.8,82,10.6,S,0,1010.8,7.6,Medium,No
Uttara,residential,159,Unhealthy,25.6,79,4.5,NE,0,1014.2,8.6,Low,No
Agargaon,roadside,164,Unhealthy,24.5,79,13.5,E,0,1006.8,8,Severe,No
Dhanmondi,roadside,143,Unhealthy for Sensitive Groups,30.2,92,5.1,W,0,1012.7,9.9,Medium,No
Uttara,residential,135,Unhealthy for Sensitive Groups,32.5,59,7,S,0,1003.4,9.7,Medium,No
Old Dhaka,roadside,74,Moderate,31.2,80,9.5,SE,33.4,1003.5,9.4,High,No
Gulshan,residential,56,Moderate,28.9,91,14,SE,0,1001.7,9.7,Medium,No
Gulshan,residential,210,Very Unhealthy,24.7,72,2.9,SW,0,1014.9,6.1,Low,No
Hazaribagh,industrial,70,Moderate,29.6,83,6.6,S,0.5,1006.1,10.3,Low,Yes
Gulshan,residential,158,Unhealthy,29,67,6.4,W,0,1003.1,8.7,High,No
Tejgaon,industrial,226,Very Unhealthy,29.6,75,3.4,S,0,1008.8,4.3,High,Yes
Gulshan,residential,157,Unhealthy,24.5,74,2.9,E,0,1014.8,8.9,Medium,No
Mirpur,residential,81,Moderate,28,79,3.2,SW,0,1002.2,10.6,Medium,No
Uttara,residential,107,Unhealthy for Sensitive Groups,28.6,87,9.2,S,0,1004.1,8.6,Medium,No
Uttara,residential,83,Moderate,35.2,85,5.5,E,0,1004,11.5,High,No
Mohammadpur,residential,191,Unhealthy,22.3,74,3.5,W,0,1016.6,8.1,Medium,No
Mohammadpur,residential,68,Moderate,28.7,82,8.5,N,16.7,999.8,10.9,Severe,No
Uttara,residential,166,Unhealthy,15.2,60,6.2,NW,0,1016.5,7.9,High,No
Dhanmondi,roadside,155,Unhealthy,26.8,73,15.1,NW,0,1008.9,8.4,High,No
Baridhara,background,166,Unhealthy,31.2,72,1.3,E,0,1008.3,8,Medium,No
Tejgaon,industrial,171,Unhealthy,28.8,89,9.2,S,0,1012.6,8.7,Medium,No
Hazaribagh,industrial,263,Very Unhealthy,34.8,57,3.3,SE,0,1007.2,4.2,Severe,No
Old Dhaka,roadside,84,Moderate,26.6,84,8.1,SW,13.7,999.1,9.6,Severe,Yes
Hazaribagh,industrial,208,Very Unhealthy,23.7,76,2.2,E,0,1010,7.1,High,No
Gulshan,residential,156,Unhealthy,30.7,65,11.1,SW,0,1005.8,10,Medium,Yes
Gulshan,residential,165,Unhealthy,34,66,3.3,NE,0,1011.1,6.7,High,No
Jatrabari,industrial,214,Very Unhealthy,22.1,61,6.5,SW,0,1014,5.5,Severe,No
Baridhara,background,115,Unhealthy for Sensitive Groups,31.9,70,4.2,SE,0,1011.5,7.9,High,No
Agargaon,roadside,287,Very Unhealthy,14.7,66,1.1,N,0,1016.1,3.6,Severe,Yes
Mohammadpur,residential,101,Unhealthy for Sensitive Groups,26.2,78,3.9,SE,0,1001.9,10.1,Low,No
Gulshan,residential,109,Unhealthy for Sensitive Groups,27.1,89,6.7,S,12.8,1011.7,9.8,High,No
Agargaon,roadside,90,Moderate,29.8,100,5.5,S,17.7,1003.1,10.6,High,No
Tejgaon,industrial,121,Unhealthy for Sensitive Groups,29.5,85,10.7,SW,13.9,1007.4,9.8,High,Yes
Jatrabari,industrial,317,Hazardous,17.7,58,4.3,NE,0,1016.1,2.8,Medium,No
Mohammadpur,residential,133,Unhealthy for Sensitive Groups,25.1,81,6.1,E,0,1010,8.9,Low,No
Mirpur,residential,156,Unhealthy,28.6,51,2.1,E,0,1004.4,9.5,Medium,No
Old Dhaka,roadside,302,Hazardous,23.9,59,6.3,S,0,1015.6,3.4,Medium,Yes
Mirpur,residential,158,Unhealthy,24.8,81,9,E,0,1016.1,9.4,Medium,No
Motijheel,roadside,165,Unhealthy,30.3,57,1.3,NE,5,1006.6,9.2,Medium,Yes
Mohammadpur,residential,149,Unhealthy for Sensitive Groups,30.9,66,2.6,SW,0,1004.7,8.3,Low,No
Jatrabari,industrial,183,Unhealthy,21.5,58,13.8,NW,0,1017.5,7.8,High,No
Agargaon,roadside,168,Unhealthy,16,70,5.5,NW,9,1015.3,7.9,High,No
Dhanmondi,roadside,165,Unhealthy,29.4,87,4.3,SW,0,1006.9,9.8,High,No
Agargaon,roadside,169,Unhealthy,29.6,63,5.6,NE,0,1007.5,8.5,Severe,No
Mirpur,residential,178,Unhealthy,26.6,78,0.4,S,0,1013.9,8.9,Medium,Yes
Mirpur,residential,180,Unhealthy,24.8,63,7.1,NW,0,1009.8,6.4,Medium,Yes
Hazaribagh,industrial,137,Unhealthy for Sensitive Groups,28.3,79,5.3,S,0,1003.8,9.3,High,No
Tejgaon,industrial,107,Unhealthy for Sensitive Groups,31.3,78,6.8,E,0,998.9,8.9,High,No
Mohammadpur,residential,81,Moderate,31.8,91,11.6,SW,0,1001.5,10.6,High,No
Mirpur,residential,64,Moderate,30.6,74,6,SW,16,1000.8,10.3,Low,Yes
Baridhara,background,22,Good,29.8,82,13,SW,19.2,1004.8,10.3,Medium,Yes
Old Dhaka,roadside,160,Unhealthy,33.8,88,1.6,S,0,1004.5,10,Medium,No
Jatrabari,industrial,180,Unhealthy,27,85,6.5,NE,0,1007.6,6.5,High,No
Agargaon,roadside,145,Unhealthy for Sensitive Groups,31.5,72,4.9,NE,0,1002,9.5,Medium,Yes
Dhanmondi,roadside,131,Unhealthy for Sensitive Groups,30.2,67,9.5,SE,0,1003.2,10.1,High,Yes
Mohammadpur,residential,83,Moderate,30.3,80,5.5,SE,0,1003.1,9.1,Low,Yes
Mirpur,residential,71,Moderate,33.4,75,15.1,W,0,1001.3,10.8,High,No
Uttara,residential,201,Very Unhealthy,18,63,7.4,N,0,1013.4,5.7,Low,Yes
Mohammadpur,residential,148,Unhealthy for Sensitive Groups,21.7,71,3.5,W,0,1013.3,9.3,Medium,Yes
Tejgaon,industrial,422,Hazardous,20.8,81,3.1,N,0,1016.5,2.6,Medium,No
Mirpur,residential,211,Very Unhealthy,15.2,73,6,NW,0,1010.8,6.3,Medium,No
Dhanmondi,roadside,97,Moderate,31.3,88,5.7,S,2.5,1002.5,9.5,High,No
Motijheel,roadside,329,Hazardous,19,75,5.4,NE,0,1012.6,4.4,High,No
Jatrabari,industrial,197,Unhealthy,22.3,69,6.7,W,0,1013.4,6.5,Medium,Yes
Hazaribagh,industrial,191,Unhealthy,15.7,58,8.5,NW,0,1013.6,7.1,Low,No
Dhanmondi,roadside,500,Hazardous,17.1,72,3.7,SW,0,1013.9,0.3,Severe,Yes
Dhanmondi,roadside,184,Unhealthy,30.1,68,3.7,S,0,1006.8,7.6,High,Yes
Agargaon,roadside,163,Unhealthy,23.3,71,10.7,W,0,1009.2,9.1,Low,No
Old Dhaka,roadside,156,Unhealthy,33.8,59,12.9,SE,0,1005.3,8.7,Medium,No
Baridhara,background,87,Moderate,26.9,68,9.6,W,0,1009.2,11,Medium,No
Old Dhaka,roadside,118,Unhealthy for Sensitive Groups,32,74,9.7,S,0,1002,8.1,Severe,Yes
Mirpur,residential,80,Moderate,32.1,67,6.9,SE,14.5,1004.3,11.3,Medium,No
Mohammadpur,residential,105,Unhealthy for Sensitive Groups,30.5,66,10.6,N,0,1007.3,9.8,High,No
Baridhara,background,115,Unhealthy for Sensitive Groups,31.9,67,16.9,SE,0,1003.3,8.4,Severe,No
Hazaribagh,industrial,164,Unhealthy,31.8,71,3.4,S,0,1007.3,9.4,Medium,Yes
Uttara,residential,168,Unhealthy,30,73,4,W,0,1008.4,9.6,High,No
Agargaon,roadside,193,Unhealthy,20,64,7.4,N,0,1017,7,High,No
Baridhara,background,81,Moderate,28.8,85,0.7,S,0,1012.1,10,Low,No
Uttara,residential,141,Unhealthy for Sensitive Groups,24.6,76,12.3,S,0,1008.3,7.6,Low,No
Motijheel,roadside,183,Unhealthy,27.9,92,13.9,NE,0,1009.6,7.9,Severe,Yes
Old Dhaka,roadside,362,Hazardous,9.8,65,2.4,E,0,1017.8,4.7,High,No
Mirpur,residential,72,Moderate,26.5,72,3.4,SE,13.2,1001.2,9.7,High,No
Uttara,residential,111,Unhealthy for Sensitive Groups,31,92,0.5,S,0,1001.8,8,Low,No
Mirpur,residential,183,Unhealthy,17.5,73,2.4,NW,0,1016.7,8.4,Low,No
Dhanmondi,roadside,174,Unhealthy,24.9,88,5.1,E,0,1014.8,7.6,High,No
Mirpur,residential,84,Moderate,29.9,87,1.5,SW,11.5,1001.8,8.9,Medium,Yes
Old Dhaka,roadside,192,Unhealthy,17.6,89,8.9,SW,0,1014,6.2,Severe,Yes
Uttara,residential,127,Unhealthy for Sensitive Groups,24.5,76,9.2,NW,0,1015.7,9.7,Low,No
Jatrabari,industrial,286,Very Unhealthy,13.3,78,5.5,NW,0,1019.9,5.3,High,Yes
Agargaon,roadside,192,Unhealthy,26.1,64,4.8,S,0,1007.1,7.3,Severe,No
Old Dhaka,roadside,257,Very Unhealthy,21.6,74,2.8,N,0,1015,4,Medium,No
Hazaribagh,industrial,303,Hazardous,17.5,75,7.2,N,0,1017.3,3.2,Medium,No
Hazaribagh,industrial,191,Unhealthy,29.4,85,11,W,0,1012.1,6.5,Low,No
Uttara,residential,96,Moderate,29.2,91,4.3,SE,0,1002.1,9.9,Severe,No
Dhanmondi,roadside,152,Unhealthy,20.2,44,10.4,W,0,1016.8,11,Medium,No
Jatrabari,industrial,79,Moderate,29.8,84,8.8,S,0,1000.4,9.4,Severe,No
Dhanmondi,roadside,164,Unhealthy,27.1,73,11.4,NW,0,1013.8,7.7,Low,No
Old Dhaka,roadside,158,Unhealthy,27.2,75,4,NW,0,1012.7,9,Medium,No
Jatrabari,industrial,176,Unhealthy,25.9,76,1.8,W,0,1012.1,7.2,Medium,No
Hazaribagh,industrial,189,Unhealthy,23.9,86,11.4,SE,0,1010.7,7.1,Medium,No
Baridhara,background,71,Moderate,31.4,87,4,S,4.9,1000.4,10.8,Medium,No
Dhanmondi,roadside,213,Very Unhealthy,35,64,14,S,0,1002.6,7.4,Severe,No
Uttara,residential,168,Unhealthy,31.1,66,0.7,E,0,1006.6,7.9,Low,No
Baridhara,background,159,Unhealthy,17.1,82,4.9,NE,0,1010.8,9.6,Medium,No
Baridhara,background,144,Unhealthy for Sensitive Groups,16.4,65,6.4,SW,0,1018.1,10.4,Low,No
Mohammadpur,residential,158,Unhealthy,29.6,67,8.5,S,0,1005.4,8.7,Low,No
Mohammadpur,residential,194,Unhealthy,18.4,87,5.6,E,0,1012,4.4,High,No
Agargaon,roadside,135,Unhealthy for Sensitive Groups,29.9,80,6.1,SW,0,1001.8,8.8,High,No
Jatrabari,industrial,221,Very Unhealthy,24.5,76,4.5,NW,0,1008.6,5.9,Low,No
Old Dhaka,roadside,138,Unhealthy for Sensitive Groups,27.3,70,9.2,E,2.9,1006,10.1,High,No
Uttara,residential,65,Moderate,30.1,72,13.9,S,0,1003.4,10.7,High,Yes
Mohammadpur,residential,127,Unhealthy for Sensitive Groups,22.2,54,4.5,W,0,1006.2,8.2,High,No
Old Dhaka,roadside,78,Moderate,29.8,81,10.3,S,1.2,1001.2,11.8,High,Yes
Gulshan,residential,181,Unhealthy,15.7,66,1.8,NE,0,1014.9,7.3,High,No
Mohammadpur,residential,192,Unhealthy,21.7,71,6.7,N,0,1011.5,7,High,No
Old Dhaka,roadside,124,Unhealthy for Sensitive Groups,31.9,77,4.7,S,0,1002.7,9.8,Severe,Yes
Jatrabari,industrial,155,Unhealthy,31.9,88,3.5,SW,0,1005.6,8.8,Severe,No
Agargaon,roadside,166,Unhealthy,30.1,51,9.1,S,0,1006.1,8.4,Severe,No
Mohammadpur,residential,121,Unhealthy for Sensitive Groups,28.2,67,17,S,9.5,1007.2,9.6,Medium,No
Dhanmondi,roadside,500,Hazardous,16.1,73,2.3,SW,0,1012.9,0.3,Severe,No
Dhanmondi,roadside,72,Moderate,30.5,88,2.6,SW,15,1000.2,10.2,Medium,No
Old Dhaka,roadside,165,Unhealthy,26.9,67,7.5,S,0,1009.5,8.3,High,Yes
Mohammadpur,residential,137,Unhealthy for Sensitive Groups,34.5,63,4.1,N,0,1007.4,9,Medium,No
Dhanmondi,roadside,136,Unhealthy for Sensitive Groups,26.2,76,5.4,W,0,1012.7,9.7,High,No
Gulshan,residential,80,Moderate,30.9,95,5.1,SE,0,1002.7,10.9,High,No
Mohammadpur,residential,207,Very Unhealthy,12.8,65,1.9,N,0,1014.6,6.6,Medium,No
Gulshan,residential,45,Good,28.3,93,4.1,S,33.6,1005,11.3,Medium,No
Tejgaon,industrial,379,Hazardous,12.3,79,9.2,W,0,1010.5,2.3,Medium,Yes
Agargaon,roadside,258,Very Unhealthy,22.6,56,4,NE,0,1013,5.5,High,No
Jatrabari,industrial,80,Moderate,29.7,84,6.5,SE,24.8,1001.1,9.1,Medium,No
Mohammadpur,residential,176,Unhealthy,21,62,2.6,N,0,1015.1,7.9,Low,Yes
Hazaribagh,industrial,199,Unhealthy,19.2,58,5.9,NW,0,1014.3,6.7,Severe,No
Hazaribagh,industrial,206,Very Unhealthy,28.2,84,8.2,N,0,1011.5,7.3,High,No
Mohammadpur,residential,90,Moderate,29.4,89,7.3,SW,2.5,1005.4,10.1,Low,Yes
Jatrabari,industrial,174,Unhealthy,26.5,80,4.2,NE,0,1008.1,7.9,Severe,Yes
Dhanmondi,roadside,98,Moderate,26.8,69,9.2,SW,0,1014.8,9.9,Medium,Yes
Agargaon,roadside,123,Unhealthy for Sensitive Groups,32,70,7.4,S,0,1006.5,9.8,High,No
Dhanmondi,roadside,124,Unhealthy for Sensitive Groups,30.8,75,13.7,SW,0,1002.5,9.6,Severe,Yes
Baridhara,background,86,Moderate,38,69,10.7,NE,4.3,1007.1,9,Low,No
Mirpur,residential,103,Unhealthy for Sensitive Groups,33,80,5.3,SW,1.3,1002.7,9.3,Severe,Yes
Agargaon,roadside,194,Unhealthy,26.6,76,2.1,S,0,1010,7.7,High,No
Baridhara,background,161,Unhealthy,18.5,67,7.1,NW,0,1012.1,9,Medium,No
Jatrabari,industrial,174,Unhealthy,17.6,72,9.9,N,0,1013.2,7.8,High,No
Mirpur,residential,84,Moderate,32.3,87,3.1,S,0,1003.6,10.2,Medium,No
Tejgaon,industrial,500,Hazardous,17.9,69,4.5,NW,0,1013,0.3,Medium,Yes
Mohammadpur,residential,99,Moderate,30.8,86,9.8,S,3.6,997.3,10.2,Medium,No
Mohammadpur,residential,167,Unhealthy,21.2,80,4.1,W,0,1012.6,9,Medium,Yes
Gulshan,residential,66,Moderate,27.3,78,6.8,SW,0,1000.1,11.1,Low,No
Uttara,residential,130,Unhealthy for Sensitive Groups,36.2,71,19,SW,0,1009.2,10.5,Medium,No
Dhanmondi,roadside,225,Very Unhealthy,19.2,77,5.8,S,0,1013.9,7.3,Low,No
Mohammadpur,residential,179,Unhealthy,24.5,81,2.8,N,0,1013.9,6.9,High,Yes
Jatrabari,industrial,112,Unhealthy for Sensitive Groups,30.4,82,6.7,NE,0,1002.6,11,Medium,Yes
Mohammadpur,residential,154,Unhealthy,28.4,69,7.5,NE,0,1005.3,9.2,High,No
Gulshan,residential,167,Unhealthy,26.3,75,2.4,S,0,1007.9,8,Low,No
Baridhara,background,132,Unhealthy for Sensitive Groups,13.9,69,15.4,N,0,1014.4,10.8,Low,No
Motijheel,roadside,183,Unhealthy,29,58,0.8,SE,2.4,1007.1,9.4,Severe,No
Mohammadpur,residential,214,Very Unhealthy,17.5,81,1.4,E,0,1013.4,7.3,High,Yes
Agargaon,roadside,212,Very Unhealthy,22.9,85,2.2,SW,0,1011.8,4.2,High,No
Mohammadpur,residential,164,Unhealthy,32.2,62,2.2,S,0,1006.4,8.3,Medium,No
Tejgaon,industrial,88,Moderate,31.1,91,1.4,S,0,1005.8,9.8,High,No
Uttara,residential,96,Moderate,30.9,80,19.1,S,0,1007.6,10.8,Medium,No
Gulshan,residential,55,Moderate,31.5,77,10.2,SE,12.8,1000.4,10.4,Medium,No
Agargaon,roadside,182,Unhealthy,24.8,61,9.4,S,0,1011.4,8.4,High,No
Dhanmondi,roadside,183,Unhealthy,25.2,90,3.9,E,0,1012.6,7.8,High,No
Mohammadpur,residential,357,Hazardous,20.4,70,10.2,NE,0,1012.7,1.1,Severe,No
Motijheel,roadside,111,Unhealthy for Sensitive Groups,29.5,81,9.8,S,0,1001.4,9.9,Severe,No
Uttara,residential,216,Very Unhealthy,19,70,3.5,NW,0,1014.6,6.6,Medium,Yes
Tejgaon,industrial,73,Moderate,29.7,82,9.1,S,0,1001,10.4,High,No
Dhanmondi,roadside,165,Unhealthy,34.1,92,2.4,NE,0,1003.9,9.1,Medium,No
Mirpur,residential,56,Moderate,32.3,81,8.2,S,26.5,1003.7,11.3,Severe,Yes
Mohammadpur,residential,157,Unhealthy,16.8,73,4.2,N,1.1,1009.7,9.7,Low,No
Mohammadpur,residential,71,Moderate,26.8,95,17,E,0,1000.4,10.4,Low,Yes
Gulshan,residential,230,Very Unhealthy,16.5,80,9.2,NW,0,1013.2,5.1,Medium,Yes
Tejgaon,industrial,291,Very Unhealthy,15.9,79,1.5,SE,0,1013.6,5.1,High,No
Old Dhaka,roadside,90,Moderate,31.5,82,3.3,W,0,1005.6,9.1,High,No
Baridhara,background,59,Moderate,33.3,67,24.4,SE,0,1006.2,11.1,Low,Yes
Hazaribagh,industrial,139,Unhealthy for Sensitive Groups,28.1,68,5,S,1.3,1004.7,9.4,High,Yes
Motijheel,roadside,124,Unhealthy for Sensitive Groups,28.6,84,2.1,SE,0,1002.3,9.4,Severe,No
Jatrabari,industrial,80,Moderate,27.3,85,10.5,SW,5.2,1003.1,11.1,Severe,No
Uttara,residential,59,Moderate,30.2,91,15.5,S,11.9,1001.3,10.8,Low,No
Jatrabari,industrial,155,Unhealthy,29.9,99,5.7,S,0.7,1003.8,8.5,Medium,No
Dhanmondi,roadside,147,Unhealthy for Sensitive Groups,29,84,6.9,S,0,1009.5,8.2,Severe,No
Old Dhaka,roadside,409,Hazardous,20.7,79,4.5,NW,0,1013.9,2.1,Severe,No
Jatrabari,industrial,80,Moderate,31.1,85,10.6,SE,3.1,1000.7,9.7,Medium,Yes
Baridhara,background,59,Moderate,27.2,95,3.6,SE,17.9,999.4,11.1,High,No
Baridhara,background,178,Unhealthy,16.8,70,5.6,S,0,1014.9,7.4,Low,No
Uttara,residential,168,Unhealthy,22.3,79,9,N,0,1017.2,7.8,High,No
Motijheel,roadside,283,Very Unhealthy,17.1,76,3.5,SE,0,1014.2,5.7,High,Yes
Jatrabari,industrial,62,Moderate,27.1,88,11.9,NE,17.9,1000,10.2,High,No
Dhanmondi,roadside,170,Unhealthy,33,56,11.4,N,0,1011.9,8.6,Severe,No
Mirpur,residential,65,Moderate,29,94,2.6,SE,23.8,1001,10.7,Medium,No
Baridhara,background,56,Moderate,31.9,88,3.7,S,0,1003.8,11.2,Low,Yes
Dhanmondi,roadside,85,Moderate,30,91,11.1,SW,0,1002,9.2,Severe,No
Agargaon,roadside,497,Hazardous,18,73,2.7,SE,0,1017.7,0.3,Severe,No
Mirpur,residential,133,Unhealthy for Sensitive Groups,32.5,89,0.7,S,0,1001.9,9.8,High,No
Dhanmondi,roadside,96,Moderate,27.7,95,7.4,SE,0,1001.9,9.4,Medium,No
Motijheel,roadside,284,Very Unhealthy,24,66,5.1,E,0,1014.9,4.4,Medium,No
Gulshan,residential,161,Unhealthy,16.8,74,7.7,NW,0,1014.4,8.8,Medium,No
Agargaon,roadside,151,Unhealthy,31.4,62,16.4,SW,1.6,1007.2,9.4,Severe,No
Agargaon,roadside,164,Unhealthy,27.4,83,5.5,N,0,1009.1,8.3,Severe,Yes
Dhanmondi,roadside,131,Unhealthy for Sensitive Groups,29.9,70,9.3,SW,0,1008.2,9.1,Severe,No
Old Dhaka,roadside,225,Very Unhealthy,16.3,65,1.4,W,0,1021.8,6.9,High,No
Jatrabari,industrial,283,Very Unhealthy,17.7,71,3.7,NW,0,1012.7,2.5,Severe,No
Old Dhaka,roadside,222,Very Unhealthy,15.4,65,18.5,W,0,1015.8,5.1,High,No
Gulshan,residential,160,Unhealthy,35.9,65,10.7,S,0,1007,9.4,Medium,Yes
Uttara,residential,69,Moderate,29.1,88,15.1,W,1.8,999.2,10.1,Medium,No
Dhanmondi,roadside,180,Unhealthy,33.9,70,5.7,NW,0,1009,7.9,High,No
Mirpur,residential,200,Unhealthy,29.6,63,3.5,E,0,1009.9,6.1,Severe,No
Baridhara,background,193,Unhealthy,20.3,73,3.2,W,0,1013.3,5,Medium,No
Motijheel,roadside,156,Unhealthy,30.7,66,13.6,NE,0,1010.4,8,Severe,No
Motijheel,roadside,83,Moderate,30.3,82,5.8,SE,7.9,1001.1,10.6,High,No
Gulshan,residential,66,Moderate,31,76,1.9,S,15.6,1004.9,9.7,Medium,No
Uttara,residential,187,Unhealthy,27.3,78,4.8,NE,4.1,1012.4,7.6,Medium,No
Gulshan,residential,197,Unhealthy,13.5,66,3.3,NE,0,1015.2,6.7,Low,No
Mohammadpur,residential,72,Moderate,26.7,95,12.8,SE,0,1003.6,9.9,Medium,No
Jatrabari,industrial,89,Moderate,32.7,71,21.1,E,0,1004,10.6,Medium,Yes
Dhanmondi,roadside,206,Very Unhealthy,9.8,62,1.4,W,0,1014.6,5.6,Low,Yes
Baridhara,background,80,Moderate,27.5,70,7.6,S,0,1010.1,10,Low,No
Tejgaon,industrial,154,Unhealthy,30.4,70,15.5,S,0,1009.1,10.1,Severe,No
Uttara,residential,190,Unhealthy,19.6,79,8,W,0,1021.9,7.2,Medium,No
Gulshan,residential,98,Moderate,27.9,89,4.6,SW,0,997.9,10.3,Medium,No
Uttara,residential,83,Moderate,30.6,76,5.4,S,0,999.2,10.1,Medium,No
Tejgaon,industrial,181,Unhealthy,27.5,75,5.3,S,0,1008.6,7.4,Severe,No
Mohammadpur,residential,178,Unhealthy,33.9,72,3.1,N,0,1010.2,8.5,High,No
Tejgaon,industrial,187,Unhealthy,19.5,74,5.7,N,0,1012.6,5.2,Medium,Yes
Motijheel,roadside,74,Moderate,32.4,81,15.8,S,2.1,1003.5,9.7,High,No
Dhanmondi,roadside,235,Very Unhealthy,23.3,67,7.6,NW,7.7,1007.4,5.6,High,Yes
Agargaon,roadside,224,Very Unhealthy,22.6,75,1.1,N,0,1013.9,6.3,Severe,No
Hazaribagh,industrial,192,Unhealthy,31.6,78,7,E,0,1005.8,6.2,Medium,Yes
Mirpur,residential,133,Unhealthy for Sensitive Groups,27.7,77,15.4,E,0,1013.5,10.1,High,No
Hazaribagh,industrial,317,Hazardous,20,71,2.6,N,0,1014.9,2.2,High,No
Gulshan,residential,170,Unhealthy,31.3,66,8.6,NE,0,1007.7,8.1,High,No
Gulshan,residential,99,Moderate,31.6,52,2.9,SE,0,1007.7,11.4,Medium,No
Tejgaon,industrial,177,Unhealthy,25,63,7.5,SE,0,1008.7,8.3,High,No
Uttara,residential,60,Moderate,28.9,85,5.4,SE,3.6,999,10.6,Low,No
Dhanmondi,roadside,76,Moderate,31.5,83,17.1,SW,0,1004.8,10.6,Severe,Yes
Gulshan,residential,88,Moderate,30.8,89,17,SW,0,1000.9,9.5,Medium,Yes
Mohammadpur,residential,170,Unhealthy,13.6,68,1.5,W,0,1016.2,8.2,Low,No
Jatrabari,industrial,47,Good,30.9,93,6.2,SW,41.5,1000.8,12,High,No
Hazaribagh,industrial,185,Unhealthy,24.3,85,3.9,S,0,1011.6,8.9,Low,Yes
Gulshan,residential,213,Very Unhealthy,28.1,75,8.5,NW,0,1014.5,4.8,Medium,No
Tejgaon,industrial,156,Unhealthy,25,70,20.7,NW,0,1011.5,9.1,High,No
Mohammadpur,residential,72,Moderate,29.5,70,5.9,NE,7.5,1001.1,9.3,High,No
Dhanmondi,roadside,79,Moderate,29,96,15.9,SE,1.9,998.7,9.3,High,Yes
Motijheel,roadside,149,Unhealthy for Sensitive Groups,32.7,77,5.6,E,0,1004.2,9.9,High,No
Hazaribagh,industrial,164,Unhealthy,30.7,73,7.5,SE,0,1003.2,8.9,Severe,Yes
Dhanmondi,roadside,86,Moderate,32.3,86,6,E,0,1002.8,9.1,Severe,Yes
Uttara,residential,221,Very Unhealthy,29.1,58,7.9,W,0,1014.8,6.4,Low,No
Agargaon,roadside,235,Very Unhealthy,19.2,71,12.8,E,0,1017.8,5.9,Severe,Yes
Hazaribagh,industrial,82,Moderate,32.7,82,12.5,E,0,1000.9,9.6,Medium,No
Baridhara,background,97,Moderate,29.3,75,5.9,N,0,1008.4,11.2,Low,No
Tejgaon,industrial,184,Unhealthy,34.1,75,2.9,NE,0.4,1011.5,7.5,Medium,Yes
Agargaon,roadside,217,Very Unhealthy,16.2,79,2.9,NE,0,1015.2,5.9,Medium,Yes
Tejgaon,industrial,167,Unhealthy,27,80,11.7,W,0,1010.2,10.5,High,Yes
Mohammadpur,residential,226,Very Unhealthy,28.3,71,6,W,0,1009.6,6.3,High,No
Hazaribagh,industrial,106,Unhealthy for Sensitive Groups,31.2,77,8.3,S,6.4,1000.6,9.4,Medium,Yes
Jatrabari,industrial,156,Unhealthy,23.8,74,9.3,E,3,1011.1,8.8,Medium,No
Tejgaon,industrial,159,Unhealthy,24.8,94,5.4,E,0,1015.1,8.2,Low,No
Mirpur,residential,252,Very Unhealthy,21.1,68,9.4,N,0,1016.1,4.2,Medium,No
Mohammadpur,residential,228,Very Unhealthy,17.7,71,4.4,NE,0,1015.5,6.2,High,Yes
Old Dhaka,roadside,219,Very Unhealthy,14.1,82,3.7,S,0,1015.4,6.4,Severe,Yes
Baridhara,background,169,Unhealthy,18.8,72,2.1,W,0,1011.1,9.6,Medium,No
Tejgaon,industrial,124,Unhealthy for Sensitive Groups,29.8,79,1,S,0,1001.8,9,Medium,Yes
Motijheel,roadside,172,Unhealthy,19.6,76,5.7,NW,0,1012.7,9,Low,No
Mirpur,residential,174,Unhealthy,28.3,75,8.9,E,0,1014.8,7.1,Low,Yes
Tejgaon,industrial,80,Moderate,30.8,87,11.4,SE,0,999.8,10.2,High,Yes
Old Dhaka,roadside,183,Unhealthy,29.1,72,17.1,SE,0,1003.7,7.9,Medium,No
Gulshan,residential,97,Moderate,26,74,5.2,E,0,1006.7,10.1,Low,No
Tejgaon,industrial,167,Unhealthy,29.3,79,11.9,S,0,1009.1,8.3,Medium,Yes
Old Dhaka,roadside,120,Unhealthy for Sensitive Groups,29,98,7.2,SW,15.1,994.7,8.9,Severe,No
Uttara,residential,95,Moderate,29.3,80,2.8,S,0,1002.5,9.1,High,No
Motijheel,roadside,155,Unhealthy,23.2,89,7.4,SE,0,1011.6,8.2,Medium,No
Baridhara,background,59,Moderate,29.9,80,3,S,12.1,999.3,10.3,Low,No
Dhanmondi,roadside,172,Unhealthy,27.9,92,5.1,E,0,1013.2,8.2,Medium,No
Motijheel,roadside,268,Very Unhealthy,12.1,63,9.9,W,0,1014.6,3.8,Medium,No
Uttara,residential,59,Moderate,28.1,82,0.6,N,12.9,1001.6,10.6,Medium,No
Uttara,residential,80,Moderate,27.4,97,7.5,S,0,1004.2,9.5,Severe,No
Mohammadpur,residential,312,Hazardous,21.8,82,2.9,SW,0,1017.8,3.1,Medium,No
Hazaribagh,industrial,304,Hazardous,12.3,77,9.9,E,0,1012.5,5.4,High,Yes
Uttara,residential,175,Unhealthy,18.7,61,13.6,S,0,1011.4,8.4,Medium,No
Jatrabari,industrial,423,Hazardous,21.5,71,4.1,W,0,1014.1,2.8,High,Yes
Uttara,residential,193,Unhealthy,19.7,70,7.6,W,0,1018.9,8.2,High,No
Mohammadpur,residential,174,Unhealthy,29.9,61,2.3,S,0,1005.1,7.3,Low,No
Mohammadpur,residential,160,Unhealthy,27.9,84,6.6,W,0,1013.4,8.9,Low,No
Mohammadpur,residential,31,Good,31.9,79,3.2,SW,54.9,999.6,10.7,High,No
Uttara,residential,67,Moderate,29.8,75,3.6,SE,0,1001.6,10.2,Medium,No
Jatrabari,industrial,324,Hazardous,11.2,57,4.5,N,0,1013.6,3.2,High,No
Baridhara,background,168,Unhealthy,29.9,92,2.8,NW,4.9,1012,8.5,Medium,No
Jatrabari,industrial,500,Hazardous,20.4,66,6.3,NW,0,1015.4,0.3,Severe,Yes
Motijheel,roadside,55,Moderate,30.9,64,7.8,S,37.2,1004.8,9.5,High,Yes
Tejgaon,industrial,152,Unhealthy,26.4,77,4.3,E,2.7,1000.8,8.9,Medium,Yes
Baridhara,background,156,Unhealthy,26.3,89,3.2,S,0,1008.3,8.5,Medium,No
Motijheel,roadside,177,Unhealthy,24.8,67,7.6,E,0,1011.6,7.5,High,No
Hazaribagh,industrial,77,Moderate,27.8,75,11.4,SE,7.5,999.5,9.9,Severe,No
Hazaribagh,industrial,93,Moderate,29.8,82,7.5,S,0,1002.2,9.1,Medium,No
Agargaon,roadside,85,Moderate,29,85,10.8,W,10.4,1003,10.1,High,Yes
Gulshan,residential,93,Moderate,29.2,90,2.9,SE,0,1003.6,11.2,Severe,No
Motijheel,roadside,500,Hazardous,21.6,65,2.4,NW,0,1016.7,0.3,Severe,Yes
Dhanmondi,roadside,167,Unhealthy,19.9,82,3.2,NW,0,1015.8,7.8,Medium,Yes
Hazaribagh,industrial,194,Unhealthy,25.8,73,2.1,W,0,1008.3,6.7,High,No
Hazaribagh,industrial,164,Unhealthy,25.4,70,0.5,NE,0,1008.8,8.6,High,No
Agargaon,roadside,144,Unhealthy for Sensitive Groups,29.9,59,6.5,NW,0,1004.8,10.2,Severe,No
Mirpur,residential,162,Unhealthy,18.1,64,2.8,NW,0,1014.8,7.6,Low,Yes
Baridhara,background,128,Unhealthy for Sensitive Groups,21,61,3.7,N,0,1017.7,8.4,Medium,No
Old Dhaka,roadside,174,Unhealthy,28.4,74,3.9,SW,0,1005.3,8.8,Low,No
Old Dhaka,roadside,197,Unhealthy,24.1,62,3.6,S,0,1014.2,7.6,Medium,Yes
Dhanmondi,roadside,54,Moderate,31.1,84,7,SW,20.4,1005,10.1,Medium,No
Mirpur,residential,175,Unhealthy,9.4,62,7.5,N,0,1011.6,8.5,Low,Yes
Mirpur,residential,166,Unhealthy,19.3,61,10.5,NW,0,1018.8,8.6,Low,No
Old Dhaka,roadside,338,Hazardous,22.6,79,4.1,NW,0,1016.6,4.4,Severe,Yes
Mohammadpur,residential,102,Unhealthy for Sensitive Groups,30.7,98,3.8,SW,0,1000.2,9.8,Severe,No
Mohammadpur,residential,176,Unhealthy,30,78,1.7,N,0,1006.1,8.2,High,No
Jatrabari,industrial,164,Unhealthy,30.8,56,25.6,N,0,1011.2,10.4,Medium,No
Uttara,residential,73,Moderate,30.3,74,11.2,SW,0,1000.7,11,Severe,No
Jatrabari,industrial,114,Unhealthy for Sensitive Groups,31.4,100,7.7,S,14,1003.8,10.1,Medium,No
Baridhara,background,130,Unhealthy for Sensitive Groups,27.5,66,2.5,W,0,1012.1,9.9,Medium,No
Hazaribagh,industrial,154,Unhealthy,28.9,74,0.8,W,0.8,1001.9,8,Low,Yes
Hazaribagh,industrial,323,Hazardous,24.7,79,1.1,SW,0,1015,3.8,High,No
Tejgaon,industrial,116,Unhealthy for Sensitive Groups,30.1,86,4.6,W,7.2,1007.5,9,Medium,No
Baridhara,background,77,Moderate,34.8,73,4.4,S,0,1004.3,8.6,Low,No
Gulshan,residential,151,Unhealthy,34.5,60,2.9,S,0,1011,10.1,Severe,No
Gulshan,residential,120,Unhealthy for Sensitive Groups,25.8,75,3.2,NE,0,1012.1,8.9,Low,No
Hazaribagh,industrial,82,Moderate,27.8,93,12.4,NE,0,998.1,8.8,High,Yes
Gulshan,residential,169,Unhealthy,26.3,73,1.7,NE,0,1008.1,7.8,High,No
Mohammadpur,residential,219,Very Unhealthy,22.8,80,2,N,0,1013.6,4.7,High,No
Mohammadpur,residential,78,Moderate,32.2,74,2.9,S,0,1003,11.8,Medium,Yes
Old Dhaka,roadside,362,Hazardous,27,69,3.2,S,0,1013.8,4.7,High,No
Agargaon,roadside,296,Very Unhealthy,18.9,83,1.1,N,0,1014.8,3.1,High,No
Tejgaon,industrial,63,Moderate,30.9,76,9.3,SE,3.7,1004,10.6,Medium,Yes
Jatrabari,industrial,146,Unhealthy for Sensitive Groups,28.7,87,3.8,SW,7.7,1003.5,9,High,No
Tejgaon,industrial,133,Unhealthy for Sensitive Groups,25.5,90,5.9,SE,0,996.9,9.4,Medium,No
Mohammadpur,residential,112,Unhealthy for Sensitive Groups,26.9,79,5.2,S,0,1011.5,9.2,Medium,No
Mirpur,residential,61,Moderate,27.9,83,5.1,W,14.4,1003.4,10.4,Medium,No
Gulshan,residential,116,Unhealthy for Sensitive Groups,28.6,71,8.8,N,0,1010.8,8.4,Medium,Yes
Mohammadpur,residential,113,Unhealthy for Sensitive Groups,22.3,80,11.1,S,0,1012.3,9,Medium,No
Uttara,residential,204,Very Unhealthy,25.2,77,1.9,NW,0,1012.9,7.6,High,No
Baridhara,background,163,Unhealthy,19.9,59,2.6,N,0,1015.8,9.9,Medium,No
Mohammadpur,residential,56,Moderate,30.7,94,3.1,SW,7,1001.8,10.6,Medium,No
Mohammadpur,residential,90,Moderate,29.9,78,1.9,SE,0,1002.6,10.2,Medium,No
Jatrabari,industrial,161,Unhealthy,31.7,67,7.9,W,0,1005.2,8.6,Medium,No
Hazaribagh,industrial,218,Very Unhealthy,24.5,65,6.3,N,0,1018.5,4.7,High,Yes
Old Dhaka,roadside,189,Unhealthy,29.3,61,4.1,NW,0,1010.3,6.9,High,Yes
Uttara,residential,133,Unhealthy for Sensitive Groups,35,66,4,N,0,1010.1,8.6,Severe,No
Dhanmondi,roadside,325,Hazardous,25.2,60,5.4,N,0,1015.3,2,High,No
Old Dhaka,roadside,174,Unhealthy,26.7,82,4.2,SW,0,1012.4,7.7,Medium,No
Motijheel,roadside,262,Very Unhealthy,19.2,81,5.5,NW,0,1015.4,3.1,Severe,No
Mohammadpur,residential,133,Unhealthy for Sensitive Groups,30.9,69,4.7,W,8,1007.8,9,High,Yes
Mohammadpur,residential,114,Unhealthy for Sensitive Groups,28.8,73,7.1,S,0,1005.4,7.9,Low,No
Dhanmondi,roadside,133,Unhealthy for Sensitive Groups,29.6,61,13,S,0,1002.6,9.2,High,No
Tejgaon,industrial,290,Very Unhealthy,23.6,72,4.3,N,0,1016.1,3.1,Severe,No
Gulshan,residential,67,Moderate,30.8,69,16.7,N,0,999.9,9.6,Low,No
Tejgaon,industrial,123,Unhealthy for Sensitive Groups,29,75,7.8,SE,0,999.1,9.5,Severe,No
Gulshan,residential,168,Unhealthy,24.7,65,0.7,N,0,1010.7,7.5,Medium,No
Old Dhaka,roadside,114,Unhealthy for Sensitive Groups,28.6,86,5.6,S,11.2,998.9,9.1,High,No
Agargaon,roadside,169,Unhealthy,26.6,95,7.5,N,7.6,1007.9,6.5,High,Yes
Tejgaon,industrial,259,Very Unhealthy,22.2,60,6.1,NE,0,1010.8,5.6,Severe,No
Dhanmondi,roadside,95,Moderate,28.5,92,9.6,SE,1.6,1000.8,10.3,Severe,No
Hazaribagh,industrial,119,Unhealthy for Sensitive Groups,31.6,80,7,E,0,1003.3,9.4,Medium,Yes
Motijheel,roadside,91,Moderate,30.4,74,16.2,W,0,1004.1,10.2,Severe,Yes
Mohammadpur,residential,108,Unhealthy for Sensitive Groups,31.4,81,11.6,SE,2.4,1011.9,11.1,High,No
Uttara,residential,190,Unhealthy,22.6,87,4.7,N,0,1014,4.6,Medium,No
Uttara,residential,243,Very Unhealthy,22,73,5.6,S,0,1017,3.6,Medium,No
Gulshan,residential,109,Unhealthy for Sensitive Groups,23.5,81,16.9,W,1.9,1011.5,11.2,Low,No
Gulshan,residential,88,Moderate,24.3,78,11.9,W,1.1,1011.4,9.4,Medium,No
Old Dhaka,roadside,296,Very Unhealthy,18.2,69,3.9,NE,1.3,1015.9,3.6,Severe,No
Tejgaon,industrial,136,Unhealthy for Sensitive Groups,30.6,88,7.9,S,0,1004,9.6,Medium,No
Hazaribagh,industrial,68,Moderate,32.5,90,16.1,S,13.1,1003.2,9.4,Medium,No
Tejgaon,industrial,154,Unhealthy,30.1,98,2.8,SW,0,1001,9.8,Severe,No
Agargaon,roadside,500,Hazardous,35.3,64,5.2,E,0,1008.5,0.3,Severe,Yes
Tejgaon,industrial,261,Very Unhealthy,25.2,79,9.5,N,0,1009.4,4.5,Severe,No
Dhanmondi,roadside,123,Unhealthy for Sensitive Groups,29,84,3.5,S,0.9,1003.5,9.4,Severe,No
Old Dhaka,roadside,138,Unhealthy for Sensitive Groups,29.4,93,5.4,S,0,1002.3,9.5,Medium,No
Mohammadpur,residential,75,Moderate,28.5,100,7.6,SE,5.4,997.3,11.3,Medium,No
Baridhara,background,68,Moderate,32.1,93,11.1,SE,0,1001.7,9.5,High,Yes
Mohammadpur,residential,251,Very Unhealthy,9.3,76,1.6,NE,0,1017.3,4.7,Medium,No
Motijheel,roadside,210,Very Unhealthy,25.7,85,9,SE,0,1010.7,5.5,Severe,No
Dhanmondi,roadside,330,Hazardous,23,80,5.1,NW,0,1015.6,3.5,Severe,No
Old Dhaka,roadside,187,Unhealthy,26.2,97,5.8,NW,0,1009.8,7.4,Severe,Yes
Hazaribagh,industrial,359,Hazardous,29.7,65,1.2,W,0,1010.3,1.6,Severe,No
Dhanmondi,roadside,83,Moderate,34,90,6.3,SE,0,1004.4,11.1,High,No
Baridhara,background,79,Moderate,30.1,64,2.5,S,0,1000.9,11,Medium,No
Dhanmondi,roadside,160,Unhealthy,23.1,78,12.4,W,0,1012.1,7.4,Medium,No
Agargaon,roadside,173,Unhealthy,37,72,5.7,S,0,1001.5,7.9,High,Yes
Gulshan,residential,61,Moderate,30.7,81,14.7,S,0,1000.1,10.1,Low,Yes
Hazaribagh,industrial,380,Hazardous,18.8,49,5.3,NE,0,1012.3,0.3,High,No
Dhanmondi,roadside,214,Very Unhealthy,22.2,70,10.8,E,0,1011.3,6.8,Severe,No
Agargaon,roadside,197,Unhealthy,30,80,0.8,SE,0,1008.3,6,Low,No
Jatrabari,industrial,173,Unhealthy,30.9,67,3.7,S,0,1004.5,8.2,Medium,No
Jatrabari,industrial,160,Unhealthy,29.8,63,15.8,E,0,1004.4,8.6,Severe,No
Agargaon,roadside,223,Very Unhealthy,25,63,14,E,0,1018.5,6.3,Severe,No
Gulshan,residential,59,Moderate,29.5,85,5.6,E,0,997.9,11.6,Medium,No
Motijheel,roadside,179,Unhealthy,34,62,4.7,SW,0,1008.4,8.9,Severe,No
Mirpur,residential,104,Unhealthy for Sensitive Groups,30.5,91,2,SW,0,1003.3,10.2,Medium,Yes
Baridhara,background,120,Unhealthy for Sensitive Groups,33.3,84,1.4,SE,0,1003.5,10.5,Low,No
Uttara,residential,223,Very Unhealthy,16,56,0.9,SE,0,1014.9,4.8,Medium,No
Old Dhaka,roadside,120,Unhealthy for Sensitive Groups,28.9,69,7.4,SW,0,1010.2,9,Medium,No
Motijheel,roadside,212,Very Unhealthy,22,73,4.6,N,0,1015,6.3,High,Yes
Old Dhaka,roadside,167,Unhealthy,24.2,91,1.9,SE,0,1010.5,7.1,High,Yes
Gulshan,residential,187,Unhealthy,19.4,77,2.7,E,0,1017.9,6.6,Low,No
Baridhara,background,181,Unhealthy,24.4,63,3.7,NW,0,1014.6,7.8,Low,No
Old Dhaka,roadside,134,Unhealthy for Sensitive Groups,26.5,79,1.1,S,0,1003,10.3,Low,Yes
Jatrabari,industrial,360,Hazardous,20.4,59,5.5,W,0,1016.3,0.9,Severe,No
Agargaon,roadside,84,Moderate,32.2,85,8.3,S,0.9,1004.7,9.7,High,Yes
Uttara,residential,103,Unhealthy for Sensitive Groups,30.9,74,10.8,S,0,1007.7,10.2,Medium,No
Dhanmondi,roadside,149,Unhealthy for Sensitive Groups,24.7,90,7.1,SE,0,1010.1,8.3,High,Yes
Uttara,residential,175,Unhealthy,18.1,85,4.3,N,0,1015.7,5.9,Medium,No
Jatrabari,industrial,90,Moderate,28.5,95,17,NE,0,1003.7,10.1,Medium,No
Mirpur,residential,130,Unhealthy for Sensitive Groups,30.1,84,4.4,W,0,999.4,7.5,Medium,No
Jatrabari,industrial,182,Unhealthy,18,75,6.5,NW,0,1009.9,5.8,Medium,Yes
Mirpur,residential,67,Moderate,29.1,87,2.3,NE,10.3,1001.7,10,High,No
Uttara,residential,196,Unhealthy,28.2,72,1.9,N,0,1013.6,6.7,Severe,No
Agargaon,roadside,106,Unhealthy for Sensitive Groups,32.8,84,8.5,NE,0,999.2,8.6,Severe,No
Mohammadpur,residential,154,Unhealthy,27.8,92,2.3,SW,0,1007.8,9.1,Medium,No
Mohammadpur,residential,90,Moderate,32.4,90,8.5,E,0,1002.5,10.6,Medium,No
Motijheel,roadside,165,Unhealthy,34.9,84,9.8,W,0,1006.4,8.2,Severe,No
Baridhara,background,89,Moderate,25.5,69,14.1,SE,0,1009.3,10.2,High,No
Old Dhaka,roadside,283,Very Unhealthy,20,67,1.6,SE,0,1017.9,3.9,Severe,Yes
Mohammadpur,residential,104,Unhealthy for Sensitive Groups,29.2,88,1.9,S,0,1000.3,8.8,Medium,No
Baridhara,background,56,Moderate,27.3,91,6.9,S,0.3,1002.9,11,Low,Yes
Dhanmondi,roadside,182,Unhealthy,27.9,77,10.8,N,0,1013.1,7.1,High,No
Uttara,residential,160,Unhealthy,24.4,84,5.2,N,0,1010.5,9.3,High,No
Baridhara,background,145,Unhealthy for Sensitive Groups,20.7,76,22.4,W,0,1017.1,9.5,Medium,Yes
Motijheel,roadside,106,Unhealthy for Sensitive Groups,27.2,74,8.4,E,0,1003.7,8.8,Severe,No
Mirpur,residential,192,Unhealthy,19.6,76,5.7,SE,0,1015.5,5.8,High,No
Mirpur,residential,65,Moderate,27.2,94,5.2,SW,14.4,1001.1,10.8,High,No
Motijheel,roadside,152,Unhealthy,31.2,87,9.3,E,0,1005.6,8.6,High,No
Mohammadpur,residential,211,Very Unhealthy,17.6,55,9.8,NW,0,1017.3,5.9,Severe,No
Mirpur,residential,158,Unhealthy,25.8,76,5.7,S,0,1012.8,8.8,High,No
Old Dhaka,roadside,154,Unhealthy,33.8,72,14.2,SE,0,1007.1,8.2,Severe,No
Jatrabari,industrial,121,Unhealthy for Sensitive Groups,29.4,78,7.3,W,0,1000.7,8.2,Severe,No
Uttara,residential,168,Unhealthy,27.3,85,1.6,S,0,1006.2,9.4,Medium,No
Gulshan,residential,82,Moderate,29.6,91,1.7,S,0,1003.3,10.3,Medium,No
Dhanmondi,roadside,90,Moderate,30.9,86,10.6,S,0,1001.2,9.6,High,No
Old Dhaka,roadside,277,Very Unhealthy,22.7,70,5.4,W,0,1015.6,2.2,Severe,No
Uttara,residential,165,Unhealthy,21.9,72,9.6,W,0,1021.2,6.5,Medium,No
Jatrabari,industrial,235,Very Unhealthy,17.4,70,7.8,NW,0,1018.1,4.7,High,No
Baridhara,background,189,Unhealthy,34,58,1.8,S,0,1008.1,7.1,High,No
Mirpur,residential,160,Unhealthy,28.7,65,5.1,SE,0,1006.7,9.1,Medium,No
Agargaon,roadside,128,Unhealthy for Sensitive Groups,28.7,86,3.1,SW,0,1004,9.5,High,No
Mirpur,residential,77,Moderate,29.8,96,6.5,SW,0,1004.3,10.5,Medium,Yes
Mirpur,residential,255,Very Unhealthy,22.7,76,4.4,NW,0,1014,3.8,High,No
Hazaribagh,industrial,119,Unhealthy for Sensitive Groups,27.9,97,1.5,SW,4.9,1001.3,9.2,Severe,No
Tejgaon,industrial,172,Unhealthy,29.2,67,3.3,W,9.8,1011.6,7,High,No
Mohammadpur,residential,162,Unhealthy,18.8,67,3.1,SW,0,1013.1,8.3,High,No
Old Dhaka,roadside,101,Unhealthy for Sensitive Groups,29.2,100,8.8,SE,0,1000.3,9.8,Severe,Yes
Motijheel,roadside,216,Very Unhealthy,22.8,64,4.5,W,0,1012.2,7.1,High,No
Motijheel,roadside,130,Unhealthy for Sensitive Groups,28.6,79,3.7,SW,0,1006.4,8.7,Severe,Yes
Uttara,residential,82,Moderate,34.1,83,3.3,E,0,998.6,10.2,Medium,No
Tejgaon,industrial,500,Hazardous,18.4,86,1.1,E,0,1011.7,0.3,Severe,No
Baridhara,background,89,Moderate,31.4,63,11.7,SE,0,1001.3,9.6,Low,No
Jatrabari,industrial,219,Very Unhealthy,30.9,82,8.3,N,0,1012.5,7.3,High,No
Tejgaon,industrial,197,Unhealthy,19.6,73,10.2,W,0,1012.6,6.5,Severe,No
Mirpur,residential,74,Moderate,32.1,70,4,S,0,1003.9,10.6,Medium,No
Agargaon,roadside,94,Moderate,26.5,85,17,SE,14,1001.9,9.6,Severe,No
Baridhara,background,128,Unhealthy for Sensitive Groups,17.5,66,7.7,NE,0,1018.2,9,Low,No
Baridhara,background,64,Moderate,30.7,90,11.6,N,0.1,999.9,11.4,Low,No
Hazaribagh,industrial,76,Moderate,31.9,99,4.9,SW,20.6,1002.1,11,High,No
Jatrabari,industrial,223,Very Unhealthy,21.7,67,3.4,SW,0,1017.8,5.4,Severe,No
Agargaon,roadside,127,Unhealthy for Sensitive Groups,28.7,75,7.6,N,0,1014,8.3,Medium,Yes
Motijheel,roadside,134,Unhealthy for Sensitive Groups,33.7,88,16.1,W,0,1009.7,10.7,High,Yes
Agargaon,roadside,72,Moderate,30.9,79,17,SW,5.1,1003.4,9.9,High,Yes
Mirpur,residential,188,Unhealthy,11.5,59,11.2,NW,0,1014.9,6.6,Medium,No
Motijheel,roadside,218,Very Unhealthy,24,81,6.3,SW,0,1016.5,6.2,Medium,No
Baridhara,background,84,Moderate,28.5,85,2.3,E,0,998.7,9,Severe,No
Dhanmondi,roadside,100,Moderate,30.6,87,0.3,E,12.2,1001.1,10.2,Medium,No
Gulshan,residential,236,Very Unhealthy,19.6,88,8.1,W,0,1018.5,2.6,High,No
Gulshan,residential,89,Moderate,30.1,74,3.2,E,0,1004.3,10.1,Medium,No
Mohammadpur,residential,73,Moderate,28,83,20.8,NW,0,999,8.9,High,No
Hazaribagh,industrial,156,Unhealthy,26.2,58,16.8,E,0,1007.9,8.4,Medium,No
Motijheel,roadside,141,Unhealthy for Sensitive Groups,28.2,88,6.6,NE,0,999.7,8.4,Severe,No
Dhanmondi,roadside,80,Moderate,31.5,81,7.2,S,0.7,1001.3,9.2,Severe,Yes
Mohammadpur,residential,77,Moderate,27.4,76,9.9,NE,3.3,1005.7,9.1,Medium,No
Tejgaon,industrial,122,Unhealthy for Sensitive Groups,28.4,91,7,S,0,997.5,9.3,High,No
Gulshan,residential,63,Moderate,30.8,85,10.4,W,1.1,998.8,10.5,Medium,No
Tejgaon,industrial,164,Unhealthy,24.4,68,5.1,W,0,1011.4,9,Medium,No
Old Dhaka,roadside,170,Unhealthy,25.6,68,3.6,N,0,1012.2,7.5,High,Yes
Gulshan,residential,190,Unhealthy,31.2,70,3.6,S,0,1006.2,8,Severe,No
Motijheel,roadside,144,Unhealthy for Sensitive Groups,31.7,55,5.4,E,0,1009.9,9.1,Medium,No
Old Dhaka,roadside,185,Unhealthy,24.4,80,5.9,N,2.4,1010.4,8.6,High,No
Tejgaon,industrial,289,Very Unhealthy,27.4,89,2.4,NW,0,1011.7,3.3,Severe,No
Baridhara,background,160,Unhealthy,20.4,75,8.9,NE,0,1015.1,8.3,Medium,No
Tejgaon,industrial,308,Hazardous,14.5,65,5.5,NW,0,1014.4,3.8,Medium,No
Jatrabari,industrial,164,Unhealthy,31.5,70,6.2,S,0,1008.9,7.4,Low,Yes
Gulshan,residential,165,Unhealthy,25.2,68,2.3,N,0,1009,8.8,Medium,No
Tejgaon,industrial,131,Unhealthy for Sensitive Groups,27.3,79,10.2,SE,0,1014.2,9.5,Medium,Yes
Old Dhaka,roadside,196,Unhealthy,28.8,75,12.8,NW,0,1013.4,6.9,High,No
Baridhara,background,179,Unhealthy,18.4,62,0.5,S,0,1017.5,7.1,High,No
Dhanmondi,roadside,177,Unhealthy,29.3,83,5.6,NE,0,1016.7,7.3,Severe,Yes
Agargaon,roadside,191,Unhealthy,21.8,54,10.6,SE,0,1016.1,6.9,High,No
Dhanmondi,roadside,140,Unhealthy for Sensitive Groups,33.3,59,11.1,SW,0,1007.3,9.8,High,Yes
Motijheel,roadside,224,Very Unhealthy,32,59,1.9,SE,0,1008.2,6.1,Severe,Yes
Mirpur,residential,77,Moderate,32,81,5.3,E,0,1001,8,Low,No
Hazaribagh,industrial,102,Unhealthy for Sensitive Groups,30.7,95,2.6,S,7.4,1001.8,10.2,Severe,Yes
Motijheel,roadside,217,Very Unhealthy,13.2,76,2.2,N,0,1012.9,6.1,High,Yes
Jatrabari,industrial,193,Unhealthy,16.2,71,4.9,N,0,1018.4,8,Medium,Yes
Motijheel,roadside,246,Very Unhealthy,26.5,78,7.1,SE,0,1008.5,4.4,Severe,No
Dhanmondi,roadside,196,Unhealthy,18.7,70,3,N,0,1013,6.7,Low,No
Dhanmondi,roadside,158,Unhealthy,31.9,79,7,SE,0,1006.5,8.1,Severe,Yes
Old Dhaka,roadside,218,Very Unhealthy,16.2,55,6.6,SW,0,1012.2,6.9,Severe,Yes
Agargaon,roadside,205,Very Unhealthy,36,74,1.9,S,0,1005.4,6.8,High,No
Mirpur,residential,233,Very Unhealthy,18.6,66,2.1,N,0,1014.1,4.7,High,No
Agargaon,roadside,89,Moderate,30,89,3.4,S,0,1004,11.2,Severe,Yes
Jatrabari,industrial,93,Moderate,29.3,72,5.4,S,0,1003.4,9.1,Medium,No
Mirpur,residential,219,Very Unhealthy,15.5,76,3.9,W,0,1013.7,5.8,High,No
Mirpur,residential,186,Unhealthy,26.7,91,5.4,NW,0,1011.8,8.8,Medium,Yes
Old Dhaka,roadside,236,Very Unhealthy,19.1,59,3,N,0,1016.3,5.2,Severe,No
Agargaon,roadside,133,Unhealthy for Sensitive Groups,29.8,93,9.6,SE,0,1008.5,9.1,Severe,No
Dhanmondi,roadside,361,Hazardous,24.8,69,3.2,W,0,1018.7,1.2,High,No
Motijheel,roadside,168,Unhealthy,26.7,74,1.8,NE,0,1015.1,7.6,Severe,Yes
Hazaribagh,industrial,221,Very Unhealthy,18.7,86,2.7,SW,0,1011.2,4.7,High,No
Baridhara,background,72,Moderate,31.5,91,2.6,SW,0,1002.8,9.8,Medium,No
Gulshan,residential,88,Moderate,29.7,82,0.8,S,0,1003.6,9.3,Low,No
Hazaribagh,industrial,72,Moderate,31,93,19.4,SE,22,998.9,10.6,Severe,No
Baridhara,background,140,Unhealthy for Sensitive Groups,23.8,78,0.6,W,0,1010.4,8.9,Medium,No
Mohammadpur,residential,500,Hazardous,14.6,67,3.4,NE,0,1017,0.6,Medium,No
Mohammadpur,residential,176,Unhealthy,31.3,63,6.9,S,0,1009.2,7.2,High,No
Tejgaon,industrial,177,Unhealthy,26.4,80,4.7,SW,0,1014.2,8,High,Yes
Baridhara,background,138,Unhealthy for Sensitive Groups,25,73,0.6,W,0,1011.3,9.4,Medium,No
Old Dhaka,roadside,160,Unhealthy,31.3,69,7.5,NE,0,1005.6,7.5,Medium,No
Old Dhaka,roadside,144,Unhealthy for Sensitive Groups,30.4,92,13.1,E,0,1003.5,8,High,Yes
Gulshan,residential,72,Moderate,28.7,86,1.7,SW,0,1002.5,10.5,High,No
Mohammadpur,residential,84,Moderate,29.1,100,6.6,NE,0,1003.2,10,Medium,No
Uttara,residential,86,Moderate,27.5,78,5.2,E,0,1006.3,9.3,Low,No
Gulshan,residential,152,Unhealthy,24.4,89,4.4,SW,0,1011,10.3,Low,No
Hazaribagh,industrial,173,Unhealthy,29.5,76,23.5,S,0,1008.1,7.6,High,No
Tejgaon,industrial,87,Moderate,31,97,5.5,SW,0,1002,11.9,High,No
Motijheel,roadside,135,Unhealthy for Sensitive Groups,30.9,84,4.3,SW,6.7,1006.7,9.4,Severe,No
Agargaon,roadside,270,Very Unhealthy,17.3,56,0.9,S,0,1014.7,4.8,Severe,Yes
Old Dhaka,roadside,178,Unhealthy,24.7,80,11.2,S,3.6,1008.8,8.2,Severe,Yes
Jatrabari,industrial,77,Moderate,28.2,84,2.6,E,9.1,1004.2,10.8,High,No
Old Dhaka,roadside,193,Unhealthy,18.5,71,5.3,S,0,1014.3,6.3,Low,Yes
Mohammadpur,residential,84,Moderate,33.6,82,15.4,SW,0,995.7,10.3,Medium,Yes
Motijheel,roadside,321,Hazardous,21,66,6.3,N,0,1013.5,4.8,Severe,No
Baridhara,background,159,Unhealthy,14.3,61,1.1,S,0,1013.1,8.5,Low,No
Agargaon,roadside,92,Moderate,31.3,86,10,SE,0,1001.2,10.5,Severe,No
Gulshan,residential,57,Moderate,28.6,92,3.7,SW,0,1000.4,11.1,Medium,No
Agargaon,roadside,71,Moderate,30,81,9.5,NW,12.6,1001.7,11.4,Severe,No
Agargaon,roadside,216,Very Unhealthy,16.9,67,13.9,W,0,1015.5,5.2,Severe,No
Mirpur,residential,53,Moderate,33.6,79,8.9,SE,27.4,1000,10.1,Medium,No
Old Dhaka,roadside,296,Very Unhealthy,15,62,4.3,W,0,1015.1,4,Medium,No
Hazaribagh,industrial,280,Very Unhealthy,27.8,76,0.3,NW,0,1012.7,3.5,Medium,No
Tejgaon,industrial,238,Very Unhealthy,16.6,73,2.4,NW,0,1014.1,5.6,Medium,Yes
Dhanmondi,roadside,146,Unhealthy for Sensitive Groups,28.8,88,1.9,NE,0,1012.6,7.9,Severe,Yes
Agargaon,roadside,199,Unhealthy,20,60,6.3,W,0,1018.3,7.4,High,No
Tejgaon,industrial,286,Very Unhealthy,23.4,70,10.7,SW,0,1012.6,3.4,High,No
Mirpur,residential,162,Unhealthy,32.8,77,9.1,SW,0,1007.7,9,Low,No
Gulshan,residential,61,Moderate,28.8,76,6.7,SW,0,1007.1,10.5,Medium,Yes
Old Dhaka,roadside,166,Unhealthy,34.3,88,5.1,N,0,1011.6,8.4,High,No
Mohammadpur,residential,79,Moderate,31,81,5.8,SW,4.5,999.9,10.3,Medium,No
Gulshan,residential,122,Unhealthy for Sensitive Groups,29.6,74,15.3,S,0,1008.2,9.4,Low,No
Jatrabari,industrial,177,Unhealthy,19.7,68,7.6,NE,0,1014.6,7.2,Low,No
Mirpur,residential,83,Moderate,31.1,89,16.4,SW,0,998.8,10.3,Medium,No
Gulshan,residential,67,Moderate,32.5,81,17.1,SE,0,1006.6,8.9,High,No
Mohammadpur,residential,125,Unhealthy for Sensitive Groups,28.2,77,18.2,E,0,1008.1,9.8,Medium,No
Uttara,residential,97,Moderate,33.4,76,13.1,S,0,1002.9,9.8,High,No
Dhanmondi,roadside,63,Moderate,31.6,87,10.7,SE,9.3,1004.2,10.3,Low,No
Agargaon,roadside,131,Unhealthy for Sensitive Groups,24.9,72,4.7,W,0,1005.1,8.5,Medium,Yes
Hazaribagh,industrial,216,Very Unhealthy,26.4,69,4.9,S,0,1018.5,5.1,Low,No
Agargaon,roadside,129,Unhealthy for Sensitive Groups,35.9,66,14.1,SW,8.9,1008.4,10.7,Medium,No
Baridhara,background,124,Unhealthy for Sensitive Groups,29,67,3.9,SE,0,1014.7,7.9,Low,Yes
Uttara,residential,136,Unhealthy for Sensitive Groups,31.1,72,15.7,NE,0,1011.2,7.4,Low,No
Jatrabari,industrial,126,Unhealthy for Sensitive Groups,30.1,90,6,SW,1.9,1004.8,9.8,High,Yes
Dhanmondi,roadside,158,Unhealthy,26.2,84,5.5,S,0,1009.9,8.2,Low,No
Old Dhaka,roadside,187,Unhealthy,18.3,81,13.3,NW,0,1013.5,6.7,High,No
Mirpur,residential,169,Unhealthy,21.5,86,8.4,NE,0,1011.3,6.2,High,No
Old Dhaka,roadside,157,Unhealthy,34.8,63,8.1,S,0,1009.5,9.7,Medium,No
Motijheel,roadside,86,Moderate,32.1,82,21.6,W,0,1006.7,10.9,High,No
Hazaribagh,industrial,206,Very Unhealthy,26.8,75,4.6,SE,0,1004.5,6,Medium,Yes
Mirpur,residential,147,Unhealthy for Sensitive Groups,31.6,88,3.5,N,1.3,1004,7.9,Medium,No
Dhanmondi,roadside,234,Very Unhealthy,19,70,2.4,NW,0,1015.1,6,Severe,Yes
Hazaribagh,industrial,317,Hazardous,18.3,63,5.7,W,0,1015.1,3.4,High,No
Dhanmondi,roadside,136,Unhealthy for Sensitive Groups,32.2,64,7.7,S,0,1008.6,10.6,Medium,Yes
Motijheel,roadside,156,Unhealthy,26.6,73,9.9,S,0,1000.6,9.2,High,No
Mirpur,residential,63,Moderate,30,69,1.4,SW,2.7,1002.1,11,High,No
Old Dhaka,roadside,331,Hazardous,19.3,51,1.1,N,0,1011.9,2.5,High,Yes
Baridhara,background,156,Unhealthy,19.3,76,2.5,N,0,1016.8,8.7,Low,No
Tejgaon,industrial,351,Hazardous,14.2,66,5.8,NW,0,1015.8,0.3,High,No
Agargaon,roadside,158,Unhealthy,32.1,72,5.4,E,0,1011.2,8.4,High,Yes
Motijheel,roadside,280,Very Unhealthy,22.7,83,1.8,NW,0,1018.7,3.2,Severe,No
Mohammadpur,residential,233,Very Unhealthy,20.4,62,2.2,SW,0.3,1013.5,5.8,Medium,No
Gulshan,residential,68,Moderate,29.6,72,11.1,E,23.8,1002.7,10.5,Low,Yes
Dhanmondi,roadside,77,Moderate,34.8,83,16.5,SE,0,1006,9.3,Severe,Yes
Agargaon,roadside,90,Moderate,28.3,80,5.2,SE,0,1003.2,9.6,Medium,No
Gulshan,residential,208,Very Unhealthy,21.7,70,1.9,SE,0,1016.8,5.6,High,No
Motijheel,roadside,171,Unhealthy,27.6,82,6.4,NE,0,1015.1,7.8,High,No
Mohammadpur,residential,90,Moderate,33.6,88,20,NW,0.8,1005.7,9.5,High,No
Baridhara,background,67,Moderate,30.7,85,7.4,S,0,1002.6,9.4,Low,Yes
Old Dhaka,roadside,370,Hazardous,21.1,78,5.6,N,0,1017.8,2.7,High,Yes
Dhanmondi,roadside,195,Unhealthy,20.8,75,4.4,SW,0,1017.3,5.5,Medium,No
Baridhara,background,116,Unhealthy for Sensitive Groups,28.4,67,10.5,E,0,1011.3,10,Low,Yes
Tejgaon,industrial,266,Very Unhealthy,16,75,5.6,W,0,1015.4,5.3,Severe,No
Jatrabari,industrial,157,Unhealthy,29.5,73,1.2,NW,0.4,1005.3,9.2,High,Yes
Agargaon,roadside,152,Unhealthy,33.4,77,10.3,NE,0,1006.1,9.9,Low,No
Motijheel,roadside,236,Very Unhealthy,19.8,70,5.4,N,0,1016.3,4.8,High,Yes
Motijheel,roadside,236,Very Unhealthy,18.3,60,2,S,0,1017.4,3.9,Severe,No
Jatrabari,industrial,462,Hazardous,23.8,67,2.9,E,0,1016.9,2.2,Severe,Yes
Baridhara,background,110,Unhealthy for Sensitive Groups,26,76,2,S,0,1008,9.5,High,Yes
Baridhara,background,177,Unhealthy,14.5,64,7.4,NW,0,1015.1,7.3,Medium,Yes
Mohammadpur,residential,94,Moderate,25.5,88,12.1,SE,1.5,1004,9.9,High,No
Motijheel,roadside,500,Hazardous,23.2,77,6,W,0,1016.5,0.3,Medium,Yes
Motijheel,roadside,153,Unhealthy,29.8,85,5,S,0,1002.5,8.9,High,No
Mirpur,residential,103,Unhealthy for Sensitive Groups,29.4,71,5.3,NE,0,1012.9,10,Medium,No
Jatrabari,industrial,165,Unhealthy,26.7,77,6.3,SE,0,1007.4,7.9,High,No
Dhanmondi,roadside,99,Moderate,31.8,74,8,S,0,1003.2,10.5,High,No
Agargaon,roadside,153,Unhealthy,30.7,64,12.2,S,0,1002.9,7.9,High,No
Old Dhaka,roadside,128,Unhealthy for Sensitive Groups,30.7,76,4.1,N,0,1000,10.3,Medium,No
Hazaribagh,industrial,169,Unhealthy,27.7,78,5.8,S,0,1012,6.9,Severe,Yes
Motijheel,roadside,71,Moderate,31.8,58,3.8,NE,31.6,1007,9.4,Severe,Yes
Tejgaon,industrial,195,Unhealthy,24.9,71,7.4,NW,0,1010.9,6.9,High,No
Gulshan,residential,68,Moderate,27.1,94,3.7,E,27.7,997.4,9.3,Low,No
Dhanmondi,roadside,221,Very Unhealthy,18.8,80,15.6,E,0,1014.3,6,High,No
Agargaon,roadside,102,Unhealthy for Sensitive Groups,30.4,75,6.9,N,0,997.6,7.5,Severe,No
Dhanmondi,roadside,257,Very Unhealthy,19.2,65,3.6,N,0,1011.7,4.9,Severe,No
Uttara,residential,160,Unhealthy,17.6,77,3.1,NW,0,1013.6,8.1,Low,No
Gulshan,residential,108,Unhealthy for Sensitive Groups,29,91,6.9,S,0,1004.2,9.9,High,No
Motijheel,roadside,75,Moderate,32.8,80,18.5,S,0,999.1,12,High,No
Motijheel,roadside,116,Unhealthy for Sensitive Groups,29.9,81,2.9,NE,0,996.6,9.4,High,No
Hazaribagh,industrial,167,Unhealthy,33.1,79,8.1,NW,0,1014.4,8.5,High,No
Hazaribagh,industrial,179,Unhealthy,28.3,63,2.7,E,0,1013.1,9.1,Medium,Yes
Tejgaon,industrial,203,Very Unhealthy,30.3,72,2.8,S,0,1007.9,6,Severe,Yes
Tejgaon,industrial,179,Unhealthy,28.4,87,7,N,0,1010.9,8.3,High,No
Jatrabari,industrial,211,Very Unhealthy,31.3,65,5.7,SW,0,1012.2,7,High,No
Uttara,residential,157,Unhealthy,23.7,59,4.7,S,0,1015.8,9.1,Low,No
Motijheel,roadside,115,Unhealthy for Sensitive Groups,24.1,89,6.6,SE,0,1011.2,8.3,High,No
Mohammadpur,residential,130,Unhealthy for Sensitive Groups,26.5,70,20.6,NE,0,1006.6,10.4,Medium,No
Jatrabari,industrial,220,Very Unhealthy,27.9,84,7.9,S,0,1012.1,6.3,Medium,No
Jatrabari,industrial,210,Very Unhealthy,21.9,59,3.7,SW,0,1013.2,6.1,High,No
Motijheel,roadside,283,Very Unhealthy,20,59,7.9,W,0,1017.8,3.8,Severe,No
Motijheel,roadside,314,Hazardous,21.4,73,1.6,W,0,1018.3,4.9,Severe,Yes
Old Dhaka,roadside,101,Unhealthy for Sensitive Groups,30.9,93,5.8,SE,2.9,1005.2,8.2,Severe,No
Tejgaon,industrial,177,Unhealthy,23.3,69,3.5,S,0,1010.9,7.9,Severe,Yes
Gulshan,residential,142,Unhealthy for Sensitive Groups,31.7,67,26.9,E,0,1007.9,9.8,High,No
Baridhara,background,192,Unhealthy,23.6,57,2.5,NW,0,1011.7,6.9,Low,No
Old Dhaka,roadside,206,Very Unhealthy,31.4,62,11.2,E,0,1003.9,5.8,Severe,No
Motijheel,roadside,198,Unhealthy,27.7,66,4.8,S,0,1008.9,5.6,High,No
Gulshan,residential,85,Moderate,29.4,89,3.3,SW,2,1004.3,11,Medium,Yes
Agargaon,roadside,108,Unhealthy for Sensitive Groups,31,68,3.8,E,0,997.6,10.1,Severe,No
Hazaribagh,industrial,398,Hazardous,25.3,81,5.3,N,0,1011.8,1.6,Severe,No
Motijheel,roadside,227,Very Unhealthy,26.1,67,7,W,0,1004.7,5,Severe,No
Gulshan,residential,60,Moderate,30.7,95,5.1,S,14.7,1002.9,10.7,Medium,No
Hazaribagh,industrial,237,Very Unhealthy,15.7,76,9,N,0,1013.9,5.5,Severe,No
Gulshan,residential,155,Unhealthy,32.3,75,6.1,N,0,1004.1,8.6,Medium,No
Mohammadpur,residential,67,Moderate,31.1,100,11.8,S,0,1001.2,11.2,Medium,No
Agargaon,roadside,171,Unhealthy,30.4,62,7.4,SW,0,1006.2,8.5,High,No
Tejgaon,industrial,190,Unhealthy,21.2,71,2,E,0,1017.3,5.8,Severe,Yes
Gulshan,residential,215,Very Unhealthy,23,62,5.1,SW,0,1014.3,5.4,Medium,No
Uttara,residential,72,Moderate,29.7,84,7.1,E,8.6,1005.7,9.7,Medium,No
Dhanmondi,roadside,187,Unhealthy,14.3,76,19.8,NW,0,1009.9,6.8,High,No
Old Dhaka,roadside,189,Unhealthy,30.6,87,11.9,NW,0,1012.1,7.8,Severe,Yes
Old Dhaka,roadside,157,Unhealthy,33.1,65,19.1,SE,0,1012.2,9.6,Severe,No
Gulshan,residential,162,Unhealthy,32.4,58,7,SW,0,1006.7,8.8,Medium,Yes
Mirpur,residential,128,Unhealthy for Sensitive Groups,28.8,86,4.3,SW,0,1001.3,10.3,Medium,No
Old Dhaka,roadside,195,Unhealthy,33.5,61,6.2,SW,0,1005.3,5.7,High,Yes
Mirpur,residential,206,Very Unhealthy,26.1,65,3.9,NW,0,1011.4,6,Low,No
Uttara,residential,459,Hazardous,18.6,75,8.7,SW,0,1017.6,0.3,Medium,Yes
Mohammadpur,residential,80,Moderate,30.2,89,4.5,SW,21.7,1000,10.7,Medium,No
Tejgaon,industrial,155,Unhealthy,28.3,75,12.3,S,0,1009.3,8.9,High,Yes
Gulshan,residential,154,Unhealthy,25.2,75,10.3,SE,0,1012,8.9,High,No
Gulshan,residential,76,Moderate,28.3,76,10.5,E,0,1008.6,9.8,Low,No
Gulshan,residential,180,Unhealthy,31.3,68,2.6,N,0,1004.6,7.8,Severe,Yes
Dhanmondi,roadside,193,Unhealthy,17.8,68,6.5,NW,0,1015.9,7.2,High,No
Uttara,residential,406,Hazardous,20.3,61,1.6,SW,0,1015,1.7,Severe,No
Uttara,residential,174,Unhealthy,24.8,61,5.4,N,0,1011.5,8.1,High,No
Dhanmondi,roadside,203,Very Unhealthy,18.4,57,4.1,NE,0,1008.7,7.9,High,No
Uttara,residential,153,Unhealthy,24.6,80,7.6,NW,0,1012.3,9.8,Medium,No
Baridhara,background,214,Very Unhealthy,19.7,63,3.5,W,0,1020.6,6.3,High,No
Tejgaon,industrial,155,Unhealthy,27.1,72,4.4,S,0,998.8,9.3,High,Yes
Uttara,residential,173,Unhealthy,19.5,67,3.5,W,0,1017.4,8.3,Medium,Yes
Motijheel,roadside,161,Unhealthy,29.5,87,5.2,S,0,1001.4,9.3,High,No
Motijheel,roadside,182,Unhealthy,19.6,73,1.5,SW,0,1012.4,8,Severe,No
Tejgaon,industrial,73,Moderate,27,85,13.7,NE,4.6,1000.2,10.3,Severe,No
Motijheel,roadside,190,Unhealthy,28.6,78,4.2,E,0,1014.6,7,Severe,No
Jatrabari,industrial,98,Moderate,29.5,81,11.1,W,0,1002.7,9.9,High,No
Uttara,residential,190,Unhealthy,19.8,75,6.4,NW,0,1014.7,6.3,Medium,No
Gulshan,residential,65,Moderate,26.6,84,5.6,SW,5.9,998.1,10.5,High,No
Baridhara,background,99,Moderate,27.9,67,5.2,NE,0,1008.4,8.8,Medium,No
Old Dhaka,roadside,182,Unhealthy,17.6,78,1.4,N,0,1017.7,6.6,Low,No
Agargaon,roadside,153,Unhealthy,34.4,74,4.5,SE,0,1007.8,9,High,No
Hazaribagh,industrial,184,Unhealthy,28.3,77,1.9,N,0,1008.1,6.6,Medium,Yes
Tejgaon,industrial,168,Unhealthy,31.3,65,3.4,SW,0,1008.3,9.8,Severe,Yes
Dhanmondi,roadside,85,Moderate,28.3,82,10.9,NW,0,1006.7,10.4,High,No
Dhanmondi,roadside,108,Unhealthy for Sensitive Groups,28,69,4.7,SW,0,1001.6,10.9,Severe,No
Uttara,residential,154,Unhealthy,31.7,77,4.1,S,0,1009.6,9.9,Medium,No
Mohammadpur,residential,102,Unhealthy for Sensitive Groups,32.8,63,5.4,S,0,1006.4,7.2,Medium,No
Tejgaon,industrial,117,Unhealthy for Sensitive Groups,30.4,92,2.4,S,0,1001.6,9.5,Low,Yes
Gulshan,residential,97,Moderate,35.3,68,3,N,13.4,1007.5,11,High,No
Jatrabari,industrial,230,Very Unhealthy,16.6,81,8.6,NE,0,1014.1,5.8,Medium,Yes
Jatrabari,industrial,165,Unhealthy,31.4,72,18,NE,0,1005.9,7.9,Severe,No
Baridhara,background,140,Unhealthy for Sensitive Groups,22.8,85,5,NE,4.7,1011,8.1,High,Yes
Agargaon,roadside,258,Very Unhealthy,19.7,65,1,W,0,1017.4,4,High,No
Mirpur,residential,242,Very Unhealthy,24.1,60,11.2,N,0,1015.2,4.2,Medium,No
Agargaon,roadside,164,Unhealthy,15.4,71,14.9,N,0,1014.9,6.2,Severe,No
Jatrabari,industrial,500,Hazardous,21.9,55,5.8,NW,0,1015.5,0.3,Severe,Yes
Gulshan,residential,187,Unhealthy,30.6,74,3,SE,0,1015,7.4,High,Yes
Motijheel,roadside,103,Unhealthy for Sensitive Groups,28.8,75,11.1,SW,0,999.5,10.3,Severe,No
Baridhara,background,76,Moderate,30.8,78,6.1,W,0,1003.7,10.5,Low,No
Jatrabari,industrial,157,Unhealthy,32.8,90,10.3,W,3.6,1004.1,9.3,Medium,No
Mirpur,residential,138,Unhealthy for Sensitive Groups,31.6,72,1.9,W,0,1006.6,8,High,Yes
Gulshan,residential,88,Moderate,31.4,84,4.5,NE,0,1005.1,9.5,Medium,No
Baridhara,background,91,Moderate,22.6,81,1.8,NW,0,1013.3,8.6,Low,Yes
Gulshan,residential,93,Moderate,31.1,81,3.1,SW,0,1004.1,11.3,Medium,Yes
Baridhara,background,106,Unhealthy for Sensitive Groups,30.9,100,1.6,SE,0,998.8,9.9,High,No
Motijheel,roadside,161,Unhealthy,27.7,70,3.4,S,0,1005.7,8.7,High,Yes
Motijheel,roadside,160,Unhealthy,24.6,73,10.5,N,0,1009.3,9.4,High,No
Tejgaon,industrial,236,Very Unhealthy,21.1,77,2.5,NW,0,1016.8,5.3,Medium,No
Gulshan,residential,127,Unhealthy for Sensitive Groups,29.5,95,1.6,SW,0,1004.3,10.5,High,No
Gulshan,residential,178,Unhealthy,33.8,62,3.8,W,0,1006.4,7.4,High,No
Hazaribagh,industrial,152,Unhealthy,30.6,74,1.7,NE,0,1001.4,8.8,Medium,No
Baridhara,background,124,Unhealthy for Sensitive Groups,27.1,68,5.1,NW,0,1016.6,9.8,Low,No
Mirpur,residential,96,Moderate,29.7,80,3.5,S,3.7,1002.5,10,High,No
Mohammadpur,residential,239,Very Unhealthy,20,70,3.8,S,0,1016.1,5.4,Medium,No
Uttara,residential,99,Moderate,31.4,72,3.9,NW,0,1001.4,9.1,Medium,No
Dhanmondi,roadside,205,Very Unhealthy,28.3,75,4.1,N,0,1014.3,6.1,Severe,Yes
Agargaon,roadside,134,Unhealthy for Sensitive Groups,29.2,83,1.5,S,0,1003,10,High,Yes
Baridhara,background,97,Moderate,30.1,81,2.5,SW,0,1011.5,9.4,Medium,No
Old Dhaka,roadside,159,Unhealthy,28.6,83,7,NE,0,1011.6,9.2,High,No
Mohammadpur,residential,157,Unhealthy,28,81,7.4,E,0,1010,8.1,Low,No
Dhanmondi,roadside,165,Unhealthy,31.2,82,6.1,S,0,1004.6,8.7,Severe,Yes
Motijheel,roadside,175,Unhealthy,32.3,77,6.5,N,0,1007,8.4,Medium,No
Motijheel,roadside,180,Unhealthy,22.4,80,0.9,NW,0,1014.9,8,High,Yes
Baridhara,background,84,Moderate,27.6,70,6.1,S,3.8,1010.3,10,Low,No
Gulshan,residential,189,Unhealthy,24.7,65,9.7,N,0,1017.6,7,Medium,No
Hazaribagh,industrial,212,Very Unhealthy,19.8,59,1.2,NW,0,1014,7.8,High,No
Gulshan,residential,155,Unhealthy,31.2,69,11.7,SW,0,1002.3,9.8,High,No
Hazaribagh,industrial,85,Moderate,28.9,88,1.7,NE,12.7,1000.7,10.1,Medium,No
Mohammadpur,residential,145,Unhealthy for Sensitive Groups,28.2,85,5,W,0,1006.9,8.4,Medium,No
Hazaribagh,industrial,128,Unhealthy for Sensitive Groups,29.6,87,1.4,W,1.5,1003.9,10.2,High,No
Dhanmondi,roadside,278,Very Unhealthy,23.6,78,1.4,NW,0,1010.4,3.7,Severe,Yes
Tejgaon,industrial,233,Very Unhealthy,28.8,77,3.4,NW,0,1007.2,5.4,Medium,Yes
Motijheel,roadside,199,Unhealthy,25.9,70,2,NE,3.9,1009.1,5.9,Severe,No
