Order_ID,Date,Region,Salesperson,Category,Product,Quantity,Unit_Price,Sales,Profit
ORD00001,2025-07-19,West,Sneha,Electronics,Laptop,12,50000,600000,83914
ORD00002,2025-08-13,West,Sneha,Furniture,Table,14,8000,112000,19810
ORD00003,2025-08-25,North,Amit,Electronics,Laptop,14,50000,700000,137261
ORD00004,2025-01-30,East,Arun,Electronics,Laptop,3,50000,150000,17069
ORD00005,2025-03-09,West,Rahul,Electronics,Laptop,17,50000,850000,248242
ORD00006,2025-08-13,West,Sneha,Electronics,Laptop,13,50000,650000,148476
ORD00007,2025-07-29,West,Rahul,Furniture,Table,10,8000,80000,13420
ORD00008,2025-12-10,North,Vikram,Furniture,Chair,11,3000,33000,7561
ORD00009,2025-11-12,East,Suresh,Furniture,Table,14,8000,112000,26227
ORD00010,2025-12-27,South,Priya,Electronics,Mobile,7,20000,140000,30460
ORD00011,2025-06-02,East,Arun,Electronics,Monitor,3,12000,36000,8199
ORD00012,2025-05-22,North,Amit,Furniture,Table,6,8000,48000,11774
ORD00013,2025-07-20,West,Meena,Furniture,Sofa,5,25000,125000,23143
ORD00014,2025-02-28,North,Amit,Electronics,Laptop,9,50000,450000,58205
ORD00015,2025-08-14,West,Sneha,Electronics,Laptop,16,50000,800000,132690
ORD00016,2025-03-29,East,Suresh,Furniture,Table,6,8000,48000,9197
ORD00017,2025-02-11,East,Arun,Furniture,Chair,6,3000,18000,3176
ORD00018,2025-11-23,North,Vikram,Electronics,Monitor,20,12000,240000,65556
ORD00019,2025-02-28,North,Vikram,Electronics,Mobile,13,20000,260000,47241
ORD00020,2025-10-31,South,Karthik,Electronics,Monitor,9,12000,108000,23356
ORD00021,2025-07-24,South,Anita,Electronics,Laptop,13,50000,650000,147195
ORD00022,2025-04-26,South,Priya,Furniture,Table,1,8000,8000,1494
ORD00023,2025-02-13,South,Priya,Furniture,Chair,18,3000,54000,11277
ORD00024,2025-10-20,South,Anita,Electronics,Monitor,20,12000,240000,42710
ORD00025,2025-06-30,North,Amit,Electronics,Laptop,10,50000,500000,123959
ORD00026,2025-10-28,East,Suresh,Furniture,Chair,9,3000,27000,6871
ORD00027,2025-02-12,North,Vikram,Electronics,Monitor,7,12000,84000,17371
ORD00028,2025-03-26,East,Suresh,Furniture,Table,17,8000,136000,21476
ORD00029,2025-07-03,South,Karthik,Furniture,Chair,5,3000,15000,2121
ORD00030,2025-01-16,West,Sneha,Electronics,Monitor,3,12000,36000,6044
ORD00031,2025-10-02,South,Priya,Furniture,Chair,5,3000,15000,4248
ORD00032,2025-05-06,North,Amit,Furniture,Sofa,12,25000,300000,69516
ORD00033,2025-10-14,South,Karthik,Furniture,Sofa,5,25000,125000,34583
ORD00034,2025-02-13,South,Karthik,Furniture,Sofa,9,25000,225000,44609
ORD00035,2025-04-06,North,Vikram,Electronics,Monitor,15,12000,180000,23931
ORD00036,2025-07-09,South,Priya,Electronics,Mobile,19,20000,380000,50582
ORD00037,2025-11-01,North,Vikram,Furniture,Sofa,3,25000,75000,8437
ORD00038,2025-06-02,West,Rahul,Electronics,Mobile,14,20000,280000,57063
ORD00039,2025-08-01,West,Sneha,Electronics,Monitor,12,12000,144000,28372
ORD00040,2025-09-11,North,Raj,Furniture,Table,5,8000,40000,4690
ORD00041,2025-08-19,South,Priya,Furniture,Chair,11,3000,33000,3917
ORD00042,2025-05-05,West,Sneha,Furniture,Sofa,15,25000,375000,63433
ORD00043,2025-08-18,South,Karthik,Furniture,Chair,8,3000,24000,2662
ORD00044,2025-08-29,North,Amit,Furniture,Table,20,8000,160000,35772
ORD00045,2025-11-26,South,Anita,Furniture,Chair,8,3000,24000,3005
ORD00046,2025-12-16,North,Raj,Electronics,Mobile,15,20000,300000,74181
ORD00047,2025-04-16,North,Amit,Furniture,Table,18,8000,144000,23496
ORD00048,2025-06-29,West,Meena,Electronics,Laptop,12,50000,600000,167097
ORD00049,2025-12-18,North,Amit,Electronics,Monitor,19,12000,228000,50401
ORD00050,2025-06-25,East,Arun,Furniture,Table,7,8000,56000,13117
ORD00051,2025-12-16,North,Raj,Electronics,Mobile,8,20000,160000,21887
ORD00052,2025-04-09,East,Arun,Furniture,Sofa,17,25000,425000,126630
ORD00053,2025-07-16,South,Priya,Electronics,Monitor,16,12000,192000,28690
ORD00054,2025-02-10,West,Sneha,Furniture,Chair,11,3000,33000,4728
ORD00055,2025-09-21,South,Priya,Furniture,Chair,16,3000,48000,11045
ORD00056,2025-09-08,West,Rahul,Furniture,Chair,5,3000,15000,3463
ORD00057,2025-03-29,North,Vikram,Electronics,Monitor,19,12000,228000,64171
ORD00058,2025-12-12,East,Arun,Furniture,Chair,9,3000,27000,3280
ORD00059,2025-05-09,West,Sneha,Electronics,Mobile,14,20000,280000,68649
ORD00060,2025-07-24,East,Arun,Furniture,Chair,20,3000,60000,11757
ORD00061,2025-08-30,East,Suresh,Furniture,Sofa,12,25000,300000,69381
ORD00062,2025-04-02,West,Rahul,Electronics,Monitor,19,12000,228000,42107
ORD00063,2025-06-10,South,Karthik,Electronics,Laptop,11,50000,550000,152677
ORD00064,2025-10-09,North,Raj,Electronics,Mobile,3,20000,60000,9052
ORD00065,2025-10-03,West,Rahul,Electronics,Mobile,9,20000,180000,50317
ORD00066,2025-11-24,South,Priya,Electronics,Mobile,15,20000,300000,50127
ORD00067,2025-08-06,South,Karthik,Electronics,Monitor,2,12000,24000,3038
ORD00068,2025-10-15,East,Suresh,Electronics,Monitor,17,12000,204000,35414
ORD00069,2025-04-16,South,Priya,Electronics,Mobile,17,20000,340000,50595
ORD00070,2025-08-19,North,Vikram,Furniture,Sofa,6,25000,150000,43030
ORD00071,2025-09-14,West,Sneha,Furniture,Chair,10,3000,30000,6814
ORD00072,2025-12-15,South,Karthik,Electronics,Mobile,10,20000,200000,20681
ORD00073,2025-10-06,North,Raj,Electronics,Monitor,11,12000,132000,17835
ORD00074,2025-01-10,South,Priya,Electronics,Laptop,1,50000,50000,5400
ORD00075,2025-01-16,South,Priya,Furniture,Sofa,4,25000,100000,25712
ORD00076,2025-08-23,West,Rahul,Furniture,Chair,13,3000,39000,4276
ORD00077,2025-02-03,West,Meena,Electronics,Laptop,15,50000,750000,157204
ORD00078,2025-04-08,West,Rahul,Furniture,Table,20,8000,160000,33470
ORD00079,2025-06-07,North,Vikram,Electronics,Mobile,20,20000,400000,52015
ORD00080,2025-02-20,South,Anita,Electronics,Laptop,17,50000,850000,110207
ORD00081,2025-01-27,North,Raj,Furniture,Table,14,8000,112000,32371
ORD00082,2025-05-26,South,Karthik,Furniture,Sofa,8,25000,200000,40436
ORD00083,2025-06-27,South,Anita,Electronics,Monitor,16,12000,192000,45701
ORD00084,2025-05-19,West,Meena,Electronics,Monitor,10,12000,120000,24908
ORD00085,2025-12-01,West,Meena,Furniture,Sofa,10,25000,250000,61540
ORD00086,2025-07-16,North,Vikram,Electronics,Laptop,16,50000,800000,130117
ORD00087,2025-10-19,South,Priya,Furniture,Chair,12,3000,36000,7722
ORD00088,2025-12-30,North,Raj,Furniture,Table,10,8000,80000,18850
ORD00089,2025-02-07,East,Arun,Furniture,Table,16,8000,128000,28965
ORD00090,2025-06-20,South,Karthik,Electronics,Mobile,13,20000,260000,38180
ORD00091,2025-11-19,East,Suresh,Electronics,Laptop,14,50000,700000,118341
ORD00092,2025-12-31,East,Arun,Furniture,Chair,13,3000,39000,5491
ORD00093,2025-03-12,South,Karthik,Electronics,Monitor,1,12000,12000,2006
ORD00094,2025-12-22,East,Suresh,Furniture,Chair,20,3000,60000,8996
ORD00095,2025-01-15,West,Meena,Furniture,Chair,9,3000,27000,3245
ORD00096,2025-09-03,East,Arun,Electronics,Monitor,9,12000,108000,22946
ORD00097,2025-12-07,East,Arun,Electronics,Laptop,5,50000,250000,37690
ORD00098,2025-06-22,North,Amit,Furniture,Sofa,4,25000,100000,28969
ORD00099,2025-05-15,North,Vikram,Furniture,Chair,3,3000,9000,1701
ORD00100,2025-10-07,West,Meena,Electronics,Mobile,12,20000,240000,52127
ORD00101,2025-07-28,North,Amit,Electronics,Laptop,13,50000,650000,151743
ORD00102,2025-10-14,South,Karthik,Electronics,Monitor,15,12000,180000,22462
ORD00103,2025-02-26,East,Suresh,Furniture,Sofa,5,25000,125000,15630
ORD00104,2025-10-01,North,Vikram,Furniture,Chair,5,3000,15000,3721
ORD00105,2025-06-05,East,Arun,Furniture,Chair,1,3000,3000,734
ORD00106,2025-04-10,South,Anita,Electronics,Laptop,17,50000,850000,116378
ORD00107,2025-08-12,North,Vikram,Furniture,Table,2,8000,16000,3279
ORD00108,2025-09-30,North,Amit,Furniture,Table,2,8000,16000,3295
ORD00109,2025-08-01,West,Meena,Electronics,Laptop,8,50000,400000,59941
ORD00110,2025-12-02,West,Rahul,Furniture,Chair,9,3000,27000,4342
ORD00111,2025-02-10,South,Karthik,Electronics,Laptop,15,50000,750000,152529
ORD00112,2025-11-11,West,Sneha,Furniture,Sofa,7,25000,175000,32697
ORD00113,2025-12-25,North,Vikram,Electronics,Monitor,10,12000,120000,12930
ORD00114,2025-05-14,North,Amit,Furniture,Sofa,3,25000,75000,12826
ORD00115,2025-08-09,North,Amit,Electronics,Monitor,9,12000,108000,16304
ORD00116,2025-03-08,West,Sneha,Furniture,Chair,19,3000,57000,11611
ORD00117,2025-12-29,West,Meena,Electronics,Monitor,2,12000,24000,6678
ORD00118,2025-11-04,West,Meena,Electronics,Monitor,9,12000,108000,15555
ORD00119,2025-04-19,East,Riya,Electronics,Laptop,17,50000,850000,199923
ORD00120,2025-09-24,East,Arun,Electronics,Mobile,3,20000,60000,12071
ORD00121,2025-05-07,North,Amit,Furniture,Sofa,1,25000,25000,5848
ORD00122,2025-05-12,West,Sneha,Furniture,Chair,6,3000,18000,3050
ORD00123,2025-09-15,West,Meena,Electronics,Mobile,8,20000,160000,45749
ORD00124,2025-11-13,North,Vikram,Furniture,Table,10,8000,80000,21292
ORD00125,2025-02-10,North,Amit,Furniture,Table,15,8000,120000,31356
ORD00126,2025-07-21,North,Raj,Electronics,Laptop,1,50000,50000,14450
ORD00127,2025-10-19,South,Anita,Electronics,Laptop,2,50000,100000,21574
ORD00128,2025-03-26,West,Sneha,Furniture,Chair,13,3000,39000,6436
ORD00129,2025-09-10,West,Sneha,Furniture,Sofa,4,25000,100000,15993
ORD00130,2025-01-01,South,Priya,Furniture,Sofa,8,25000,200000,43316
ORD00131,2025-09-14,North,Raj,Electronics,Monitor,9,12000,108000,16493
ORD00132,2025-01-17,West,Meena,Furniture,Sofa,8,25000,200000,38672
ORD00133,2025-08-10,East,Riya,Furniture,Sofa,19,25000,475000,109648
ORD00134,2025-02-06,North,Vikram,Electronics,Monitor,15,12000,180000,31743
ORD00135,2025-09-10,East,Riya,Electronics,Monitor,12,12000,144000,19146
ORD00136,2025-12-27,West,Meena,Electronics,Mobile,8,20000,160000,41298
ORD00137,2025-08-23,East,Arun,Electronics,Mobile,18,20000,360000,54123
ORD00138,2025-10-31,East,Riya,Electronics,Mobile,8,20000,160000,30006
ORD00139,2025-03-10,West,Sneha,Electronics,Monitor,7,12000,84000,21532
ORD00140,2025-05-18,North,Amit,Furniture,Chair,16,3000,48000,11998
ORD00141,2025-04-04,West,Meena,Electronics,Mobile,15,20000,300000,70460
ORD00142,2025-01-04,West,Meena,Furniture,Table,3,8000,24000,7127
ORD00143,2025-03-11,North,Raj,Furniture,Sofa,17,25000,425000,91820
ORD00144,2025-09-19,West,Rahul,Electronics,Monitor,2,12000,24000,3135
ORD00145,2025-07-21,West,Sneha,Furniture,Sofa,17,25000,425000,118250
ORD00146,2025-04-19,South,Anita,Electronics,Monitor,10,12000,120000,24046
ORD00147,2025-09-13,East,Riya,Electronics,Mobile,14,20000,280000,71023
ORD00148,2025-12-21,East,Suresh,Electronics,Monitor,3,12000,36000,9431
ORD00149,2025-09-26,West,Rahul,Furniture,Sofa,5,25000,125000,35337
ORD00150,2025-09-16,East,Arun,Furniture,Sofa,13,25000,325000,71701
ORD00151,2025-12-28,South,Priya,Electronics,Laptop,4,50000,200000,24002
ORD00152,2025-04-19,South,Karthik,Electronics,Laptop,10,50000,500000,81751
ORD00153,2025-12-13,West,Meena,Electronics,Laptop,6,50000,300000,81364
ORD00154,2025-06-09,South,Priya,Furniture,Sofa,14,25000,350000,94562
ORD00155,2025-08-30,West,Sneha,Furniture,Chair,2,3000,6000,1141
ORD00156,2025-06-09,North,Vikram,Electronics,Laptop,14,50000,700000,86196
ORD00157,2025-12-31,North,Vikram,Furniture,Chair,8,3000,24000,3756
ORD00158,2025-12-06,North,Amit,Electronics,Monitor,3,12000,36000,6301
ORD00159,2025-05-18,West,Meena,Furniture,Chair,15,3000,45000,9699
ORD00160,2025-04-21,South,Anita,Electronics,Mobile,6,20000,120000,14545
ORD00161,2025-06-03,East,Riya,Electronics,Laptop,1,50000,50000,9650
ORD00162,2025-07-30,West,Rahul,Electronics,Monitor,15,12000,180000,18888
ORD00163,2025-03-21,East,Riya,Electronics,Laptop,4,50000,200000,28299
ORD00164,2025-06-01,South,Karthik,Electronics,Mobile,19,20000,380000,47933
ORD00165,2025-10-02,South,Karthik,Electronics,Laptop,20,50000,1000000,249845
ORD00166,2025-03-09,South,Priya,Electronics,Mobile,12,20000,240000,42161
ORD00167,2025-06-26,West,Rahul,Electronics,Mobile,5,20000,100000,27390
ORD00168,2025-12-09,North,Vikram,Electronics,Monitor,16,12000,192000,50005
ORD00169,2025-02-06,South,Anita,Furniture,Table,9,8000,72000,13638
ORD00170,2025-12-03,South,Karthik,Electronics,Mobile,19,20000,380000,106992
ORD00171,2025-10-30,South,Priya,Electronics,Mobile,6,20000,120000,33898
ORD00172,2025-11-25,North,Amit,Electronics,Monitor,18,12000,216000,40297
ORD00173,2025-05-13,South,Anita,Electronics,Mobile,20,20000,400000,42115
ORD00174,2025-09-07,North,Raj,Furniture,Sofa,15,25000,375000,63693
ORD00175,2025-10-29,North,Raj,Electronics,Mobile,17,20000,340000,53304
ORD00176,2025-04-22,East,Riya,Electronics,Monitor,9,12000,108000,10854
ORD00177,2025-02-06,West,Sneha,Electronics,Laptop,4,50000,200000,31390
ORD00178,2025-12-28,West,Rahul,Furniture,Chair,16,3000,48000,6191
ORD00179,2025-10-12,East,Riya,Furniture,Table,18,8000,144000,28811
ORD00180,2025-12-10,West,Sneha,Electronics,Mobile,1,20000,20000,2673
ORD00181,2025-06-06,South,Anita,Furniture,Chair,1,3000,3000,432
ORD00182,2025-07-19,South,Anita,Furniture,Table,15,8000,120000,13056
ORD00183,2025-07-23,South,Anita,Electronics,Laptop,9,50000,450000,62592
ORD00184,2025-10-07,East,Suresh,Electronics,Laptop,8,50000,400000,47457
ORD00185,2025-04-03,North,Vikram,Electronics,Laptop,12,50000,600000,92420
ORD00186,2025-06-08,East,Arun,Furniture,Chair,19,3000,57000,9652
ORD00187,2025-06-09,West,Sneha,Furniture,Sofa,8,25000,200000,57643
ORD00188,2025-03-27,North,Amit,Electronics,Monitor,12,12000,144000,24005
ORD00189,2025-04-15,North,Vikram,Furniture,Sofa,8,25000,200000,44921
ORD00190,2025-06-30,North,Raj,Electronics,Monitor,13,12000,156000,22237
ORD00191,2025-06-21,East,Riya,Furniture,Chair,10,3000,30000,5539
ORD00192,2025-06-02,East,Arun,Electronics,Mobile,3,20000,60000,11823
ORD00193,2025-07-26,East,Arun,Furniture,Chair,3,3000,9000,1041
ORD00194,2025-11-12,West,Sneha,Furniture,Sofa,2,25000,50000,12442
ORD00195,2025-05-05,West,Rahul,Furniture,Chair,8,3000,24000,5612
ORD00196,2025-12-29,West,Sneha,Electronics,Mobile,4,20000,80000,20066
ORD00197,2025-01-11,South,Priya,Furniture,Table,12,8000,96000,22984
ORD00198,2025-02-11,South,Priya,Electronics,Monitor,4,12000,48000,10218
ORD00199,2025-06-04,East,Arun,Electronics,Monitor,8,12000,96000,16750
ORD00200,2025-08-08,North,Raj,Furniture,Sofa,16,25000,400000,60373
ORD00201,2025-03-04,South,Priya,Electronics,Laptop,6,50000,300000,64188
ORD00202,2025-02-11,North,Raj,Furniture,Table,9,8000,72000,12863
ORD00203,2025-08-05,North,Amit,Electronics,Monitor,8,12000,96000,19148
ORD00204,2025-04-24,West,Sneha,Electronics,Mobile,6,20000,120000,28918
ORD00205,2025-08-31,South,Priya,Electronics,Laptop,10,50000,500000,103361
ORD00206,2025-07-16,South,Anita,Furniture,Table,12,8000,96000,17610
ORD00207,2025-12-28,South,Priya,Furniture,Sofa,2,25000,50000,9268
ORD00208,2025-06-15,West,Sneha,Electronics,Laptop,13,50000,650000,175495
ORD00209,2025-09-24,North,Vikram,Electronics,Monitor,10,12000,120000,24297
ORD00210,2025-12-25,North,Raj,Furniture,Chair,1,3000,3000,622
ORD00211,2025-04-02,East,Riya,Electronics,Mobile,8,20000,160000,44792
ORD00212,2025-06-22,South,Priya,Furniture,Chair,3,3000,9000,950
ORD00213,2025-10-12,South,Priya,Furniture,Chair,15,3000,45000,8631
ORD00214,2025-12-16,South,Priya,Electronics,Laptop,7,50000,350000,60629
ORD00215,2025-01-19,North,Raj,Electronics,Mobile,16,20000,320000,95485
ORD00216,2025-11-25,South,Anita,Furniture,Table,17,8000,136000,25747
ORD00217,2025-11-06,North,Vikram,Furniture,Table,4,8000,32000,9159
ORD00218,2025-03-03,North,Vikram,Electronics,Mobile,6,20000,120000,26275
ORD00219,2025-04-21,East,Riya,Furniture,Table,1,8000,8000,1288
ORD00220,2025-03-16,North,Vikram,Furniture,Chair,8,3000,24000,3637
ORD00221,2025-06-25,West,Meena,Electronics,Monitor,9,12000,108000,25353
ORD00222,2025-07-07,South,Priya,Furniture,Chair,13,3000,39000,7880
ORD00223,2025-10-30,North,Raj,Furniture,Chair,8,3000,24000,3122
ORD00224,2025-08-17,North,Raj,Electronics,Monitor,12,12000,144000,18575
ORD00225,2025-11-24,North,Vikram,Electronics,Monitor,13,12000,156000,30149
ORD00226,2025-09-24,West,Sneha,Electronics,Mobile,7,20000,140000,14004
ORD00227,2025-10-16,North,Vikram,Furniture,Sofa,5,25000,125000,18612
ORD00228,2025-07-26,West,Rahul,Electronics,Monitor,4,12000,48000,12904
ORD00229,2025-03-30,West,Sneha,Electronics,Monitor,1,12000,12000,2391
ORD00230,2025-02-04,West,Sneha,Furniture,Sofa,9,25000,225000,39058
ORD00231,2025-09-18,East,Arun,Electronics,Mobile,5,20000,100000,13612
ORD00232,2025-09-20,West,Sneha,Furniture,Chair,17,3000,51000,8538
ORD00233,2025-09-02,West,Sneha,Electronics,Laptop,7,50000,350000,35062
ORD00234,2025-05-07,West,Sneha,Furniture,Sofa,3,25000,75000,9201
ORD00235,2025-09-12,East,Riya,Furniture,Table,11,8000,88000,19523
ORD00236,2025-07-23,East,Suresh,Electronics,Monitor,5,12000,60000,7966
ORD00237,2025-09-21,West,Rahul,Electronics,Laptop,13,50000,650000,137176
ORD00238,2025-04-02,South,Karthik,Electronics,Laptop,14,50000,700000,91461
ORD00239,2025-03-23,South,Priya,Electronics,Mobile,1,20000,20000,2403
ORD00240,2025-02-26,West,Meena,Electronics,Monitor,17,12000,204000,44749
ORD00241,2025-09-12,West,Meena,Electronics,Monitor,18,12000,216000,53688
ORD00242,2025-09-14,West,Meena,Furniture,Table,8,8000,64000,10397
ORD00243,2025-02-12,West,Sneha,Electronics,Laptop,13,50000,650000,190705
ORD00244,2025-04-22,North,Vikram,Furniture,Sofa,2,25000,50000,8205
ORD00245,2025-02-26,West,Sneha,Electronics,Mobile,17,20000,340000,84264
ORD00246,2025-07-21,East,Arun,Electronics,Laptop,1,50000,50000,8374
ORD00247,2025-12-08,South,Karthik,Furniture,Chair,16,3000,48000,6638
ORD00248,2025-04-01,North,Amit,Electronics,Laptop,1,50000,50000,7934
ORD00249,2025-07-03,East,Riya,Furniture,Table,13,8000,104000,12260
ORD00250,2025-07-12,North,Raj,Electronics,Mobile,4,20000,80000,15347
ORD00251,2025-02-21,South,Anita,Furniture,Chair,7,3000,21000,5800
ORD00252,2025-04-01,East,Riya,Furniture,Chair,3,3000,9000,2407
ORD00253,2025-02-24,East,Arun,Electronics,Mobile,20,20000,400000,79053
ORD00254,2025-02-19,East,Suresh,Furniture,Chair,4,3000,12000,3374
ORD00255,2025-07-05,West,Meena,Furniture,Chair,15,3000,45000,13080
ORD00256,2025-04-01,East,Suresh,Furniture,Sofa,5,25000,125000,33686
ORD00257,2025-07-05,South,Anita,Electronics,Mobile,3,20000,60000,15961
ORD00258,2025-07-08,South,Priya,Electronics,Laptop,6,50000,300000,76361
ORD00259,2025-11-19,West,Meena,Furniture,Chair,18,3000,54000,9399
ORD00260,2025-07-23,South,Priya,Furniture,Table,13,8000,104000,25146
ORD00261,2025-08-12,North,Amit,Furniture,Table,12,8000,96000,13122
ORD00262,2025-04-21,South,Karthik,Electronics,Mobile,9,20000,180000,21674
ORD00263,2025-05-12,West,Meena,Furniture,Table,19,8000,152000,28589
ORD00264,2025-10-21,North,Raj,Electronics,Monitor,1,12000,12000,3217
ORD00265,2025-07-17,West,Rahul,Electronics,Monitor,9,12000,108000,22702
ORD00266,2025-08-20,West,Rahul,Furniture,Table,19,8000,152000,41171
ORD00267,2025-12-31,West,Sneha,Electronics,Monitor,13,12000,156000,28540
ORD00268,2025-12-03,West,Sneha,Electronics,Monitor,16,12000,192000,22991
ORD00269,2025-02-19,East,Suresh,Furniture,Chair,5,3000,15000,2927
ORD00270,2025-06-22,North,Raj,Electronics,Mobile,11,20000,220000,32158
ORD00271,2025-12-15,North,Raj,Furniture,Chair,9,3000,27000,4403
ORD00272,2025-10-15,North,Raj,Furniture,Table,3,8000,24000,3559
ORD00273,2025-10-05,West,Rahul,Electronics,Monitor,8,12000,96000,10054
ORD00274,2025-03-21,East,Suresh,Electronics,Mobile,19,20000,380000,75136
ORD00275,2025-09-02,North,Amit,Furniture,Table,8,8000,64000,17402
ORD00276,2025-01-17,East,Riya,Furniture,Chair,5,3000,15000,4142
ORD00277,2025-05-15,North,Amit,Furniture,Sofa,20,25000,500000,63103
ORD00278,2025-12-29,West,Rahul,Furniture,Chair,18,3000,54000,9885
ORD00279,2025-06-14,East,Suresh,Furniture,Chair,17,3000,51000,15208
ORD00280,2025-10-27,West,Meena,Electronics,Laptop,10,50000,500000,53474
ORD00281,2025-10-30,East,Suresh,Electronics,Laptop,19,50000,950000,234414
ORD00282,2025-02-27,South,Karthik,Electronics,Mobile,6,20000,120000,33258
ORD00283,2025-09-01,South,Karthik,Electronics,Mobile,16,20000,320000,34075
ORD00284,2025-10-23,West,Sneha,Electronics,Monitor,12,12000,144000,42981
ORD00285,2025-03-12,North,Amit,Furniture,Sofa,6,25000,150000,38632
ORD00286,2025-07-05,East,Riya,Furniture,Chair,11,3000,33000,7244
ORD00287,2025-08-12,West,Rahul,Furniture,Table,20,8000,160000,43681
ORD00288,2025-11-15,South,Anita,Furniture,Table,3,8000,24000,4498
ORD00289,2025-04-14,North,Amit,Furniture,Chair,9,3000,27000,4924
ORD00290,2025-06-24,North,Vikram,Electronics,Laptop,4,50000,200000,46787
ORD00291,2025-06-24,South,Anita,Electronics,Monitor,14,12000,168000,40400
ORD00292,2025-08-20,North,Raj,Electronics,Laptop,10,50000,500000,119938
ORD00293,2025-03-31,South,Anita,Furniture,Table,17,8000,136000,35261
ORD00294,2025-03-08,North,Vikram,Electronics,Monitor,20,12000,240000,39845
ORD00295,2025-05-11,East,Riya,Electronics,Laptop,18,50000,900000,142832
ORD00296,2025-10-06,East,Suresh,Furniture,Table,5,8000,40000,5368
ORD00297,2025-10-24,West,Meena,Furniture,Sofa,9,25000,225000,31899
ORD00298,2025-02-25,West,Rahul,Electronics,Laptop,1,50000,50000,12312
ORD00299,2025-11-18,West,Rahul,Electronics,Laptop,17,50000,850000,144438
ORD00300,2025-07-13,North,Amit,Furniture,Chair,7,3000,21000,2820
ORD00301,2025-10-03,East,Arun,Furniture,Table,19,8000,152000,37966
ORD00302,2025-08-16,North,Amit,Furniture,Chair,12,3000,36000,7268
ORD00303,2025-06-02,South,Priya,Furniture,Sofa,10,25000,250000,28263
ORD00304,2025-11-26,East,Riya,Furniture,Chair,10,3000,30000,4136
ORD00305,2025-12-11,South,Karthik,Furniture,Table,8,8000,64000,15556
ORD00306,2025-01-25,South,Priya,Furniture,Sofa,5,25000,125000,14559
ORD00307,2025-10-15,North,Raj,Electronics,Laptop,10,50000,500000,55272
ORD00308,2025-06-18,South,Karthik,Electronics,Monitor,3,12000,36000,7970
ORD00309,2025-11-20,West,Rahul,Electronics,Mobile,6,20000,120000,18497
ORD00310,2025-08-18,West,Meena,Furniture,Sofa,6,25000,150000,30689
ORD00311,2025-09-03,North,Vikram,Furniture,Sofa,4,25000,100000,26742
ORD00312,2025-04-05,North,Amit,Electronics,Laptop,18,50000,900000,254984
ORD00313,2025-09-14,West,Rahul,Furniture,Table,2,8000,16000,4660
ORD00314,2025-06-25,East,Riya,Furniture,Table,14,8000,112000,25922
ORD00315,2025-11-25,West,Rahul,Electronics,Mobile,15,20000,300000,68728
ORD00316,2025-01-27,South,Karthik,Furniture,Sofa,15,25000,375000,112266
ORD00317,2025-11-18,North,Raj,Electronics,Laptop,10,50000,500000,133462
ORD00318,2025-02-07,East,Riya,Furniture,Sofa,6,25000,150000,32267
ORD00319,2025-01-14,South,Priya,Electronics,Laptop,11,50000,550000,113461
ORD00320,2025-09-06,West,Rahul,Electronics,Mobile,16,20000,320000,67716
ORD00321,2025-01-21,South,Karthik,Furniture,Sofa,3,25000,75000,14258
ORD00322,2025-09-04,West,Meena,Electronics,Mobile,1,20000,20000,5816
ORD00323,2025-12-24,East,Suresh,Electronics,Monitor,2,12000,24000,3430
ORD00324,2025-08-24,North,Vikram,Electronics,Mobile,12,20000,240000,47243
ORD00325,2025-03-30,East,Riya,Electronics,Mobile,14,20000,280000,82305
ORD00326,2025-11-08,East,Suresh,Furniture,Chair,5,3000,15000,4245
ORD00327,2025-04-21,North,Raj,Furniture,Chair,18,3000,54000,12601
ORD00328,2025-12-17,North,Raj,Furniture,Table,14,8000,112000,11900
ORD00329,2025-01-08,East,Riya,Furniture,Chair,12,3000,36000,5505
ORD00330,2025-02-07,East,Arun,Electronics,Monitor,13,12000,156000,44217
ORD00331,2025-01-16,North,Amit,Electronics,Mobile,19,20000,380000,111955
ORD00332,2025-09-10,North,Amit,Electronics,Mobile,17,20000,340000,88525
ORD00333,2025-04-27,North,Vikram,Electronics,Laptop,1,50000,50000,5273
ORD00334,2025-06-16,North,Raj,Electronics,Laptop,16,50000,800000,192690
ORD00335,2025-02-18,West,Sneha,Electronics,Laptop,17,50000,850000,178182
ORD00336,2025-10-12,South,Karthik,Furniture,Table,8,8000,64000,16104
ORD00337,2025-07-24,North,Amit,Furniture,Sofa,16,25000,400000,84340
ORD00338,2025-03-28,South,Priya,Electronics,Laptop,14,50000,700000,108902
ORD00339,2025-11-11,South,Karthik,Furniture,Chair,16,3000,48000,5769
ORD00340,2025-01-28,South,Karthik,Furniture,Sofa,14,25000,350000,62653
ORD00341,2025-11-11,West,Meena,Furniture,Sofa,19,25000,475000,132692
ORD00342,2025-06-12,East,Riya,Electronics,Monitor,2,12000,24000,4925
ORD00343,2025-07-05,West,Meena,Electronics,Laptop,10,50000,500000,129362
ORD00344,2025-12-09,North,Amit,Furniture,Sofa,19,25000,475000,136100
ORD00345,2025-07-11,West,Sneha,Furniture,Sofa,15,25000,375000,83931
ORD00346,2025-07-22,South,Anita,Electronics,Monitor,7,12000,84000,19503
ORD00347,2025-07-29,West,Meena,Furniture,Sofa,14,25000,350000,36326
ORD00348,2025-07-16,South,Anita,Electronics,Monitor,4,12000,48000,10269
ORD00349,2025-11-01,West,Rahul,Electronics,Mobile,3,20000,60000,15847
ORD00350,2025-02-23,East,Riya,Electronics,Laptop,14,50000,700000,111245
ORD00351,2025-12-10,West,Meena,Electronics,Mobile,20,20000,400000,82374
ORD00352,2025-10-05,East,Suresh,Furniture,Chair,15,3000,45000,5546
ORD00353,2025-06-20,East,Arun,Electronics,Monitor,16,12000,192000,19220
ORD00354,2025-05-05,West,Meena,Electronics,Monitor,9,12000,108000,24364
ORD00355,2025-07-13,East,Suresh,Electronics,Laptop,19,50000,950000,141374
ORD00356,2025-07-08,South,Karthik,Electronics,Monitor,4,12000,48000,9692
ORD00357,2025-10-17,South,Anita,Electronics,Monitor,8,12000,96000,15337
ORD00358,2025-11-04,East,Arun,Electronics,Laptop,7,50000,350000,68434
ORD00359,2025-10-12,East,Riya,Furniture,Sofa,5,25000,125000,15707
ORD00360,2025-10-27,South,Anita,Electronics,Laptop,16,50000,800000,218128
ORD00361,2025-10-26,South,Karthik,Electronics,Monitor,9,12000,108000,27835
ORD00362,2025-11-16,North,Raj,Furniture,Sofa,4,25000,100000,13192
ORD00363,2025-04-03,South,Karthik,Furniture,Table,11,8000,88000,24685
ORD00364,2025-12-14,South,Priya,Furniture,Chair,12,3000,36000,4622
ORD00365,2025-10-05,West,Meena,Electronics,Mobile,9,20000,180000,43898
ORD00366,2025-10-11,West,Meena,Furniture,Table,8,8000,64000,10015
ORD00367,2025-09-26,West,Rahul,Furniture,Chair,10,3000,30000,6431
ORD00368,2025-11-08,East,Arun,Electronics,Laptop,9,50000,450000,134360
ORD00369,2025-04-25,West,Meena,Electronics,Mobile,17,20000,340000,83139
ORD00370,2025-08-31,West,Rahul,Electronics,Laptop,1,50000,50000,11818
ORD00371,2025-11-06,North,Vikram,Electronics,Monitor,5,12000,60000,12040
ORD00372,2025-03-31,South,Anita,Electronics,Laptop,4,50000,200000,29399
ORD00373,2025-01-02,North,Raj,Furniture,Sofa,8,25000,200000,58843
ORD00374,2025-04-13,West,Meena,Furniture,Chair,17,3000,51000,6461
ORD00375,2025-04-29,West,Rahul,Furniture,Chair,15,3000,45000,8945
ORD00376,2025-07-12,East,Riya,Electronics,Monitor,18,12000,216000,34356
ORD00377,2025-12-22,East,Arun,Electronics,Monitor,4,12000,48000,11521
ORD00378,2025-07-08,East,Riya,Electronics,Mobile,20,20000,400000,95926
ORD00379,2025-02-06,West,Rahul,Electronics,Mobile,9,20000,180000,24010
ORD00380,2025-05-31,North,Amit,Furniture,Sofa,18,25000,450000,98528
ORD00381,2025-11-29,West,Meena,Furniture,Table,17,8000,136000,30602
ORD00382,2025-05-07,South,Karthik,Furniture,Sofa,11,25000,275000,67270
ORD00383,2025-02-26,East,Suresh,Electronics,Monitor,8,12000,96000,18120
ORD00384,2025-08-27,North,Amit,Furniture,Table,3,8000,24000,6474
ORD00385,2025-03-04,East,Arun,Electronics,Mobile,5,20000,100000,17138
ORD00386,2025-11-14,West,Sneha,Furniture,Chair,3,3000,9000,1208
ORD00387,2025-02-12,South,Priya,Electronics,Monitor,15,12000,180000,24959
ORD00388,2025-01-26,South,Karthik,Furniture,Table,9,8000,72000,12381
ORD00389,2025-05-03,South,Anita,Electronics,Mobile,9,20000,180000,29366
ORD00390,2025-12-29,West,Sneha,Electronics,Mobile,10,20000,200000,57267
ORD00391,2025-04-15,West,Sneha,Furniture,Sofa,3,25000,75000,10509
ORD00392,2025-08-18,West,Rahul,Electronics,Monitor,8,12000,96000,24514
ORD00393,2025-12-31,East,Riya,Furniture,Chair,5,3000,15000,3090
ORD00394,2025-03-01,South,Priya,Furniture,Table,18,8000,144000,25527
ORD00395,2025-10-09,South,Anita,Furniture,Chair,16,3000,48000,5669
ORD00396,2025-05-20,East,Riya,Furniture,Table,15,8000,120000,29812
ORD00397,2025-05-17,East,Riya,Electronics,Mobile,12,20000,240000,65443
ORD00398,2025-04-03,East,Riya,Electronics,Monitor,10,12000,120000,24235
ORD00399,2025-12-13,East,Suresh,Furniture,Chair,7,3000,21000,3603
ORD00400,2025-08-12,West,Meena,Electronics,Monitor,4,12000,48000,10837
ORD00401,2025-10-17,North,Vikram,Furniture,Chair,16,3000,48000,5717
ORD00402,2025-04-08,East,Suresh,Electronics,Mobile,1,20000,20000,4719
ORD00403,2025-09-06,East,Arun,Electronics,Laptop,15,50000,750000,189155
ORD00404,2025-12-18,East,Riya,Furniture,Table,5,8000,40000,10883
ORD00405,2025-04-06,South,Anita,Electronics,Monitor,7,12000,84000,12653
ORD00406,2025-08-06,West,Meena,Electronics,Monitor,5,12000,60000,11884
ORD00407,2025-12-26,East,Suresh,Electronics,Laptop,5,50000,250000,74290
ORD00408,2025-07-28,South,Anita,Electronics,Monitor,20,12000,240000,63135
ORD00409,2025-10-31,East,Suresh,Electronics,Laptop,1,50000,50000,8072
ORD00410,2025-04-28,North,Raj,Electronics,Mobile,20,20000,400000,52985
ORD00411,2025-04-21,West,Rahul,Furniture,Sofa,4,25000,100000,13290
ORD00412,2025-10-29,North,Vikram,Furniture,Sofa,9,25000,225000,29988
ORD00413,2025-11-18,East,Arun,Furniture,Sofa,20,25000,500000,76721
ORD00414,2025-09-23,East,Riya,Electronics,Laptop,5,50000,250000,37528
ORD00415,2025-10-26,East,Suresh,Furniture,Table,12,8000,96000,15476
ORD00416,2025-08-20,South,Priya,Electronics,Mobile,17,20000,340000,49952
ORD00417,2025-01-09,South,Priya,Electronics,Mobile,3,20000,60000,14986
ORD00418,2025-05-11,East,Arun,Electronics,Laptop,9,50000,450000,45984
ORD00419,2025-03-27,North,Raj,Furniture,Sofa,18,25000,450000,102936
ORD00420,2025-02-26,West,Sneha,Furniture,Chair,9,3000,27000,7132
ORD00421,2025-12-25,North,Raj,Electronics,Mobile,2,20000,40000,9160
ORD00422,2025-04-14,East,Arun,Furniture,Sofa,19,25000,475000,73104
ORD00423,2025-10-01,South,Priya,Electronics,Mobile,13,20000,260000,44426
ORD00424,2025-11-22,West,Sneha,Electronics,Laptop,4,50000,200000,46024
ORD00425,2025-08-17,South,Anita,Furniture,Sofa,20,25000,500000,51957
ORD00426,2025-02-24,South,Anita,Electronics,Monitor,5,12000,60000,7024
ORD00427,2025-03-05,West,Meena,Electronics,Monitor,5,12000,60000,15801
ORD00428,2025-09-24,South,Karthik,Electronics,Mobile,3,20000,60000,17754
ORD00429,2025-01-31,South,Karthik,Electronics,Monitor,15,12000,180000,49120
ORD00430,2025-11-21,North,Vikram,Electronics,Laptop,4,50000,200000,46984
ORD00431,2025-11-07,South,Priya,Electronics,Monitor,4,12000,48000,5621
ORD00432,2025-04-28,West,Meena,Electronics,Mobile,20,20000,400000,68483
ORD00433,2025-01-05,North,Amit,Electronics,Laptop,15,50000,750000,106312
ORD00434,2025-01-30,East,Suresh,Electronics,Mobile,4,20000,80000,13008
ORD00435,2025-06-08,East,Arun,Furniture,Sofa,18,25000,450000,132565
ORD00436,2025-07-01,West,Meena,Electronics,Monitor,7,12000,84000,22875
ORD00437,2025-11-06,West,Sneha,Furniture,Sofa,14,25000,350000,71809
ORD00438,2025-06-25,South,Priya,Furniture,Table,14,8000,112000,20326
ORD00439,2025-03-17,South,Karthik,Electronics,Monitor,13,12000,156000,20491
ORD00440,2025-10-21,East,Riya,Electronics,Laptop,14,50000,700000,143375
ORD00441,2025-07-05,South,Karthik,Furniture,Table,7,8000,56000,8234
ORD00442,2025-06-22,South,Karthik,Furniture,Sofa,20,25000,500000,145504
ORD00443,2025-05-15,South,Anita,Furniture,Table,1,8000,8000,1610
ORD00444,2025-02-13,East,Suresh,Furniture,Chair,7,3000,21000,3568
ORD00445,2025-06-26,South,Karthik,Furniture,Sofa,19,25000,475000,134643
ORD00446,2025-06-21,East,Riya,Furniture,Chair,12,3000,36000,3918
ORD00447,2025-11-28,West,Rahul,Furniture,Table,18,8000,144000,29040
ORD00448,2025-11-01,South,Anita,Electronics,Mobile,16,20000,320000,66347
ORD00449,2025-06-06,West,Rahul,Furniture,Sofa,17,25000,425000,55532
ORD00450,2025-12-06,East,Riya,Furniture,Table,13,8000,104000,21704
ORD00451,2025-01-29,South,Anita,Electronics,Monitor,11,12000,132000,20101
ORD00452,2025-09-06,South,Anita,Furniture,Chair,16,3000,48000,7020
ORD00453,2025-11-03,West,Sneha,Furniture,Chair,6,3000,18000,2859
ORD00454,2025-04-08,South,Karthik,Furniture,Chair,13,3000,39000,6085
ORD00455,2025-04-27,East,Riya,Electronics,Laptop,20,50000,1000000,182577
ORD00456,2025-03-26,West,Rahul,Electronics,Mobile,13,20000,260000,53201
ORD00457,2025-09-23,East,Arun,Electronics,Monitor,4,12000,48000,7567
ORD00458,2025-02-12,South,Priya,Electronics,Mobile,2,20000,40000,6431
ORD00459,2025-12-02,North,Amit,Electronics,Mobile,18,20000,360000,53764
ORD00460,2025-09-17,East,Riya,Furniture,Sofa,8,25000,200000,32188
ORD00461,2025-08-01,North,Vikram,Furniture,Chair,1,3000,3000,460
ORD00462,2025-07-26,North,Amit,Electronics,Mobile,8,20000,160000,24434
ORD00463,2025-02-04,East,Arun,Furniture,Table,6,8000,48000,12972
ORD00464,2025-10-11,South,Karthik,Electronics,Monitor,6,12000,72000,9390
ORD00465,2025-03-30,East,Arun,Electronics,Laptop,8,50000,400000,57080
ORD00466,2025-04-20,South,Priya,Electronics,Monitor,8,12000,96000,21497
ORD00467,2025-10-22,South,Priya,Furniture,Table,1,8000,8000,2009
ORD00468,2025-08-07,East,Arun,Furniture,Sofa,10,25000,250000,33383
ORD00469,2025-03-20,North,Raj,Furniture,Chair,7,3000,21000,5779
ORD00470,2025-03-08,South,Anita,Electronics,Mobile,13,20000,260000,75128
ORD00471,2025-09-16,North,Amit,Furniture,Table,3,8000,24000,7103
ORD00472,2025-07-10,South,Anita,Electronics,Laptop,6,50000,300000,49935
ORD00473,2025-03-14,East,Arun,Furniture,Chair,12,3000,36000,8869
ORD00474,2025-04-19,East,Arun,Electronics,Laptop,14,50000,700000,100878
ORD00475,2025-09-02,West,Sneha,Furniture,Table,6,8000,48000,8876
ORD00476,2025-04-13,South,Anita,Electronics,Mobile,6,20000,120000,12744
ORD00477,2025-07-08,South,Priya,Furniture,Sofa,16,25000,400000,73386
ORD00478,2025-11-08,South,Karthik,Electronics,Laptop,12,50000,600000,105210
ORD00479,2025-05-11,West,Meena,Electronics,Laptop,18,50000,900000,92165
ORD00480,2025-11-03,South,Priya,Electronics,Monitor,17,12000,204000,61016
ORD00481,2025-02-12,East,Suresh,Electronics,Monitor,10,12000,120000,28502
ORD00482,2025-09-09,East,Arun,Electronics,Monitor,17,12000,204000,37167
ORD00483,2025-11-11,West,Rahul,Electronics,Monitor,18,12000,216000,44765
ORD00484,2025-01-03,East,Riya,Furniture,Chair,6,3000,18000,2046
ORD00485,2025-02-12,East,Suresh,Electronics,Monitor,20,12000,240000,27955
ORD00486,2025-11-08,West,Sneha,Electronics,Laptop,10,50000,500000,127708
ORD00487,2025-03-11,South,Anita,Electronics,Laptop,8,50000,400000,103864
ORD00488,2025-08-12,North,Amit,Furniture,Chair,20,3000,60000,7864
ORD00489,2025-08-28,South,Priya,Electronics,Monitor,5,12000,60000,10117
ORD00490,2025-10-27,West,Meena,Electronics,Monitor,10,12000,120000,21517
ORD00491,2025-08-18,North,Vikram,Electronics,Laptop,4,50000,200000,46803
ORD00492,2025-07-14,West,Sneha,Electronics,Laptop,18,50000,900000,121782
ORD00493,2025-03-23,East,Suresh,Furniture,Chair,5,3000,15000,4031
ORD00494,2025-02-02,North,Amit,Furniture,Table,8,8000,64000,15037
ORD00495,2025-10-05,East,Suresh,Furniture,Chair,19,3000,57000,17035
ORD00496,2025-01-20,East,Arun,Furniture,Sofa,3,25000,75000,12960
ORD00497,2025-12-22,East,Arun,Furniture,Chair,9,3000,27000,3375
ORD00498,2025-12-11,South,Anita,Electronics,Laptop,20,50000,1000000,209386
ORD00499,2025-05-20,West,Rahul,Electronics,Laptop,13,50000,650000,134326
ORD00500,2025-07-29,South,Priya,Electronics,Monitor,17,12000,204000,37706
ORD00501,2025-11-03,South,Karthik,Electronics,Mobile,3,20000,60000,11619
ORD00502,2025-06-21,East,Riya,Furniture,Sofa,20,25000,500000,82593
ORD00503,2025-09-09,North,Amit,Electronics,Laptop,6,50000,300000,70027
ORD00504,2025-09-18,East,Suresh,Furniture,Sofa,15,25000,375000,80799
ORD00505,2025-05-04,West,Meena,Electronics,Laptop,2,50000,100000,20156
ORD00506,2025-02-02,East,Arun,Furniture,Table,11,8000,88000,19135
ORD00507,2025-05-06,South,Anita,Furniture,Table,20,8000,160000,44361
ORD00508,2025-07-05,South,Anita,Electronics,Laptop,4,50000,200000,37595
ORD00509,2025-12-03,North,Vikram,Electronics,Monitor,13,12000,156000,43122
ORD00510,2025-06-03,South,Karthik,Furniture,Table,10,8000,80000,17908
ORD00511,2025-11-03,West,Sneha,Electronics,Monitor,19,12000,228000,67716
ORD00512,2025-03-30,North,Raj,Furniture,Sofa,19,25000,475000,88678
ORD00513,2025-05-18,North,Amit,Furniture,Table,19,8000,152000,19112
ORD00514,2025-03-22,East,Suresh,Electronics,Laptop,11,50000,550000,113430
ORD00515,2025-09-17,East,Suresh,Electronics,Laptop,14,50000,700000,100278
ORD00516,2025-01-07,West,Meena,Furniture,Chair,6,3000,18000,2585
ORD00517,2025-05-31,East,Suresh,Electronics,Laptop,8,50000,400000,58697
ORD00518,2025-03-31,West,Meena,Electronics,Monitor,10,12000,120000,34204
ORD00519,2025-01-07,East,Arun,Furniture,Sofa,10,25000,250000,36870
ORD00520,2025-11-21,North,Amit,Furniture,Chair,13,3000,39000,6521
ORD00521,2025-03-12,East,Arun,Furniture,Sofa,9,25000,225000,23401
ORD00522,2025-04-26,East,Arun,Furniture,Sofa,4,25000,100000,24965
ORD00523,2025-02-03,North,Raj,Furniture,Table,3,8000,24000,5353
ORD00524,2025-07-31,North,Vikram,Electronics,Laptop,8,50000,400000,98496
ORD00525,2025-09-24,West,Meena,Furniture,Sofa,4,25000,100000,26431
ORD00526,2025-11-12,North,Raj,Furniture,Sofa,15,25000,375000,65343
ORD00527,2025-10-31,West,Sneha,Electronics,Laptop,16,50000,800000,88129
ORD00528,2025-02-06,North,Raj,Electronics,Laptop,16,50000,800000,230101
ORD00529,2025-02-01,West,Meena,Electronics,Monitor,10,12000,120000,17090
ORD00530,2025-09-15,South,Karthik,Furniture,Table,6,8000,48000,11279
ORD00531,2025-05-12,North,Raj,Furniture,Table,18,8000,144000,42523
ORD00532,2025-11-28,South,Karthik,Electronics,Laptop,10,50000,500000,97020
ORD00533,2025-12-31,North,Raj,Furniture,Sofa,2,25000,50000,8541
ORD00534,2025-11-01,North,Amit,Electronics,Monitor,8,12000,96000,15332
ORD00535,2025-05-16,East,Suresh,Electronics,Monitor,6,12000,72000,20991
ORD00536,2025-04-08,East,Arun,Furniture,Chair,17,3000,51000,6779
ORD00537,2025-10-31,East,Suresh,Electronics,Mobile,10,20000,200000,32414
ORD00538,2025-10-13,South,Priya,Furniture,Sofa,17,25000,425000,62815
ORD00539,2025-10-24,South,Karthik,Furniture,Chair,9,3000,27000,3436
ORD00540,2025-07-18,East,Riya,Electronics,Mobile,5,20000,100000,10587
ORD00541,2025-04-16,East,Riya,Electronics,Monitor,16,12000,192000,55737
ORD00542,2025-08-16,North,Amit,Furniture,Sofa,1,25000,25000,5787
ORD00543,2025-09-04,West,Sneha,Furniture,Sofa,13,25000,325000,72931
ORD00544,2025-03-07,West,Meena,Furniture,Sofa,8,25000,200000,26982
ORD00545,2025-02-27,South,Karthik,Furniture,Table,9,8000,72000,12393
ORD00546,2025-09-10,South,Anita,Furniture,Table,13,8000,104000,14417
ORD00547,2025-08-30,North,Raj,Furniture,Sofa,17,25000,425000,85597
ORD00548,2025-06-01,West,Rahul,Electronics,Mobile,13,20000,260000,39321
ORD00549,2025-12-04,North,Amit,Furniture,Sofa,14,25000,350000,102478
ORD00550,2025-10-29,East,Suresh,Furniture,Chair,15,3000,45000,9111
ORD00551,2025-01-03,South,Karthik,Electronics,Laptop,14,50000,700000,193489
ORD00552,2025-06-14,West,Sneha,Furniture,Sofa,15,25000,375000,63805
ORD00553,2025-04-26,East,Riya,Electronics,Laptop,12,50000,600000,84191
ORD00554,2025-11-26,West,Sneha,Electronics,Monitor,8,12000,96000,18272
ORD00555,2025-07-21,South,Anita,Furniture,Sofa,15,25000,375000,104993
ORD00556,2025-05-21,North,Amit,Electronics,Monitor,8,12000,96000,26041
ORD00557,2025-08-08,South,Anita,Furniture,Chair,19,3000,57000,13926
ORD00558,2025-04-19,North,Vikram,Electronics,Laptop,14,50000,700000,193163
ORD00559,2025-10-14,South,Anita,Electronics,Monitor,4,12000,48000,8281
ORD00560,2025-01-19,South,Anita,Electronics,Laptop,7,50000,350000,73296
ORD00561,2025-04-03,East,Suresh,Electronics,Monitor,8,12000,96000,21543
ORD00562,2025-07-23,East,Suresh,Furniture,Table,3,8000,24000,6251
ORD00563,2025-03-19,South,Karthik,Electronics,Monitor,1,12000,12000,1531
ORD00564,2025-01-04,South,Anita,Furniture,Table,3,8000,24000,3741
ORD00565,2025-12-26,North,Vikram,Furniture,Table,17,8000,136000,24028
ORD00566,2025-07-17,East,Arun,Furniture,Table,13,8000,104000,16211
ORD00567,2025-07-26,West,Rahul,Furniture,Sofa,9,25000,225000,51922
ORD00568,2025-06-08,North,Vikram,Electronics,Monitor,6,12000,72000,10143
ORD00569,2025-07-10,East,Suresh,Electronics,Mobile,4,20000,80000,19723
ORD00570,2025-12-20,South,Priya,Electronics,Monitor,5,12000,60000,13547
ORD00571,2025-03-16,North,Vikram,Furniture,Chair,8,3000,24000,7109
ORD00572,2025-02-20,North,Raj,Furniture,Chair,12,3000,36000,9317
ORD00573,2025-07-31,East,Riya,Electronics,Mobile,5,20000,100000,19317
ORD00574,2025-09-23,North,Raj,Furniture,Table,16,8000,128000,30089
ORD00575,2025-06-08,East,Arun,Furniture,Sofa,19,25000,475000,81252
ORD00576,2025-05-18,East,Arun,Electronics,Monitor,18,12000,216000,52893
ORD00577,2025-09-18,West,Meena,Furniture,Chair,5,3000,15000,4169
ORD00578,2025-05-02,North,Raj,Electronics,Mobile,19,20000,380000,95691
ORD00579,2025-02-13,North,Amit,Furniture,Sofa,15,25000,375000,86313
ORD00580,2025-03-23,West,Sneha,Electronics,Monitor,6,12000,72000,10649
ORD00581,2025-06-15,North,Vikram,Electronics,Laptop,16,50000,800000,208428
ORD00582,2025-12-06,West,Sneha,Electronics,Monitor,18,12000,216000,56930
ORD00583,2025-08-09,North,Amit,Electronics,Laptop,20,50000,1000000,200361
ORD00584,2025-03-20,South,Karthik,Electronics,Mobile,6,20000,120000,15880
ORD00585,2025-02-26,West,Meena,Electronics,Monitor,1,12000,12000,3045
ORD00586,2025-02-15,South,Karthik,Electronics,Laptop,12,50000,600000,125291
ORD00587,2025-12-03,North,Vikram,Electronics,Monitor,17,12000,204000,41865
ORD00588,2025-12-12,South,Anita,Furniture,Table,20,8000,160000,17903
ORD00589,2025-05-27,North,Raj,Furniture,Table,10,8000,80000,17872
ORD00590,2025-05-11,East,Arun,Electronics,Monitor,11,12000,132000,26378
ORD00591,2025-11-18,North,Amit,Furniture,Chair,4,3000,12000,2729
ORD00592,2025-02-21,South,Priya,Electronics,Monitor,17,12000,204000,31076
ORD00593,2025-02-18,West,Meena,Electronics,Monitor,2,12000,24000,6764
ORD00594,2025-03-21,North,Raj,Furniture,Sofa,8,25000,200000,26678
ORD00595,2025-11-06,North,Vikram,Electronics,Laptop,17,50000,850000,94676
ORD00596,2025-07-11,South,Priya,Furniture,Sofa,11,25000,275000,79678
ORD00597,2025-07-17,West,Meena,Furniture,Chair,13,3000,39000,9318
ORD00598,2025-05-21,South,Priya,Furniture,Chair,15,3000,45000,8303
ORD00599,2025-07-09,East,Arun,Electronics,Laptop,16,50000,800000,210207
ORD00600,2025-01-09,South,Karthik,Electronics,Laptop,4,50000,200000,21356
ORD00601,2025-04-09,East,Suresh,Electronics,Laptop,3,50000,150000,35846
ORD00602,2025-12-30,North,Vikram,Electronics,Laptop,3,50000,150000,20015
ORD00603,2025-02-18,West,Rahul,Electronics,Monitor,20,12000,240000,41766
ORD00604,2025-03-27,East,Riya,Electronics,Monitor,14,12000,168000,39138
ORD00605,2025-01-22,West,Meena,Furniture,Chair,15,3000,45000,9766
ORD00606,2025-08-15,North,Amit,Electronics,Monitor,3,12000,36000,9128
ORD00607,2025-07-06,North,Amit,Furniture,Sofa,2,25000,50000,10585
ORD00608,2025-11-02,East,Arun,Electronics,Laptop,19,50000,950000,122066
ORD00609,2025-02-21,East,Riya,Electronics,Monitor,17,12000,204000,58897
ORD00610,2025-09-30,North,Raj,Electronics,Laptop,5,50000,250000,38484
ORD00611,2025-04-11,East,Arun,Furniture,Sofa,14,25000,350000,75948
ORD00612,2025-05-20,East,Suresh,Electronics,Monitor,20,12000,240000,60197
ORD00613,2025-03-30,West,Rahul,Furniture,Sofa,19,25000,475000,97230
ORD00614,2025-12-05,West,Meena,Electronics,Mobile,18,20000,360000,68969
ORD00615,2025-11-07,South,Anita,Furniture,Table,5,8000,40000,7734
ORD00616,2025-11-12,South,Anita,Furniture,Table,3,8000,24000,6608
ORD00617,2025-05-31,North,Amit,Furniture,Table,17,8000,136000,15816
ORD00618,2025-11-07,North,Amit,Furniture,Table,11,8000,88000,25988
ORD00619,2025-09-25,East,Suresh,Electronics,Monitor,4,12000,48000,9723
ORD00620,2025-09-08,North,Raj,Furniture,Sofa,14,25000,350000,85912
ORD00621,2025-11-22,West,Rahul,Furniture,Sofa,4,25000,100000,24403
ORD00622,2025-06-10,East,Suresh,Electronics,Laptop,8,50000,400000,89999
ORD00623,2025-12-02,East,Arun,Furniture,Chair,3,3000,9000,1125
ORD00624,2025-05-11,West,Meena,Furniture,Chair,19,3000,57000,11657
ORD00625,2025-04-18,South,Priya,Furniture,Table,4,8000,32000,4010
ORD00626,2025-06-27,West,Sneha,Electronics,Mobile,13,20000,260000,39612
ORD00627,2025-06-04,South,Karthik,Electronics,Mobile,16,20000,320000,73743
ORD00628,2025-10-13,South,Anita,Electronics,Monitor,10,12000,120000,28898
ORD00629,2025-08-21,East,Riya,Furniture,Chair,8,3000,24000,5943
ORD00630,2025-10-13,West,Rahul,Furniture,Sofa,10,25000,250000,33346
ORD00631,2025-07-30,West,Meena,Furniture,Table,17,8000,136000,28189
ORD00632,2025-11-15,South,Anita,Electronics,Monitor,7,12000,84000,15940
ORD00633,2025-06-27,South,Anita,Furniture,Chair,16,3000,48000,7401
ORD00634,2025-05-01,South,Priya,Electronics,Mobile,1,20000,20000,5085
ORD00635,2025-10-04,West,Rahul,Furniture,Sofa,19,25000,475000,69386
ORD00636,2025-03-23,North,Vikram,Electronics,Laptop,19,50000,950000,166228
ORD00637,2025-07-14,South,Priya,Furniture,Table,17,8000,136000,27583
ORD00638,2025-02-19,South,Anita,Electronics,Monitor,6,12000,72000,16931
ORD00639,2025-04-22,North,Raj,Furniture,Chair,7,3000,21000,2761
ORD00640,2025-08-19,North,Amit,Furniture,Sofa,3,25000,75000,20413
ORD00641,2025-08-24,North,Vikram,Electronics,Mobile,7,20000,140000,38705
ORD00642,2025-03-27,South,Anita,Furniture,Table,9,8000,72000,9376
ORD00643,2025-03-13,South,Karthik,Furniture,Chair,7,3000,21000,2723
ORD00644,2025-04-18,East,Riya,Furniture,Table,4,8000,32000,3336
ORD00645,2025-06-06,North,Vikram,Furniture,Sofa,11,25000,275000,64398
ORD00646,2025-06-26,West,Rahul,Furniture,Chair,4,3000,12000,2807
ORD00647,2025-10-11,North,Vikram,Furniture,Table,9,8000,72000,15616
ORD00648,2025-12-31,South,Priya,Furniture,Table,12,8000,96000,14888
ORD00649,2025-09-29,East,Suresh,Electronics,Monitor,4,12000,48000,11124
ORD00650,2025-07-28,South,Priya,Electronics,Monitor,5,12000,60000,13745
ORD00651,2025-10-18,North,Raj,Electronics,Laptop,14,50000,700000,186834
ORD00652,2025-05-30,South,Anita,Furniture,Chair,2,3000,6000,612
ORD00653,2025-06-02,North,Raj,Furniture,Table,4,8000,32000,8705
ORD00654,2025-06-08,East,Riya,Furniture,Table,7,8000,56000,11538
ORD00655,2025-06-17,West,Rahul,Furniture,Table,8,8000,64000,13934
ORD00656,2025-09-03,North,Raj,Electronics,Mobile,14,20000,280000,83128
ORD00657,2025-05-22,North,Amit,Furniture,Table,12,8000,96000,26834
ORD00658,2025-12-25,South,Karthik,Electronics,Laptop,2,50000,100000,26319
ORD00659,2025-12-02,North,Raj,Furniture,Table,2,8000,16000,3064
ORD00660,2025-10-01,South,Karthik,Electronics,Monitor,11,12000,132000,16021
ORD00661,2025-01-27,North,Amit,Furniture,Sofa,9,25000,225000,47548
ORD00662,2025-09-13,North,Vikram,Electronics,Mobile,18,20000,360000,42283
ORD00663,2025-10-07,South,Priya,Electronics,Laptop,6,50000,300000,67280
ORD00664,2025-11-28,West,Sneha,Electronics,Mobile,12,20000,240000,59337
ORD00665,2025-05-04,East,Arun,Furniture,Sofa,18,25000,450000,91626
ORD00666,2025-03-17,North,Amit,Furniture,Chair,12,3000,36000,5232
ORD00667,2025-05-29,West,Meena,Electronics,Monitor,16,12000,192000,29180
ORD00668,2025-05-30,West,Rahul,Electronics,Laptop,1,50000,50000,13061
ORD00669,2025-12-27,South,Anita,Furniture,Sofa,2,25000,50000,5662
ORD00670,2025-09-17,South,Anita,Furniture,Table,5,8000,40000,6221
ORD00671,2025-01-06,West,Sneha,Electronics,Mobile,18,20000,360000,101783
ORD00672,2025-02-18,West,Sneha,Electronics,Monitor,10,12000,120000,30223
ORD00673,2025-09-08,West,Sneha,Electronics,Laptop,20,50000,1000000,203453
ORD00674,2025-02-04,South,Anita,Electronics,Mobile,15,20000,300000,36140
ORD00675,2025-06-02,East,Riya,Electronics,Mobile,11,20000,220000,42118
ORD00676,2025-11-29,North,Amit,Furniture,Table,13,8000,104000,22144
ORD00677,2025-08-10,North,Vikram,Furniture,Table,13,8000,104000,23738
ORD00678,2025-09-07,North,Amit,Furniture,Sofa,7,25000,175000,21666
ORD00679,2025-02-24,East,Arun,Furniture,Sofa,12,25000,300000,74983
ORD00680,2025-01-19,West,Meena,Electronics,Mobile,17,20000,340000,83080
ORD00681,2025-03-24,North,Raj,Furniture,Table,11,8000,88000,19871
ORD00682,2025-06-01,West,Sneha,Furniture,Table,10,8000,80000,14852
ORD00683,2025-07-16,North,Vikram,Electronics,Mobile,12,20000,240000,45344
ORD00684,2025-01-07,North,Amit,Furniture,Chair,20,3000,60000,16701
ORD00685,2025-06-02,North,Amit,Furniture,Sofa,20,25000,500000,82219
ORD00686,2025-11-21,East,Arun,Electronics,Laptop,1,50000,50000,13016
ORD00687,2025-12-16,North,Amit,Furniture,Table,19,8000,152000,25320
ORD00688,2025-08-03,East,Riya,Electronics,Laptop,20,50000,1000000,280385
ORD00689,2025-07-29,East,Arun,Electronics,Mobile,13,20000,260000,27578
ORD00690,2025-01-11,West,Sneha,Furniture,Chair,8,3000,24000,5130
ORD00691,2025-06-17,South,Karthik,Furniture,Chair,14,3000,42000,9130
ORD00692,2025-06-06,West,Sneha,Furniture,Chair,11,3000,33000,5034
ORD00693,2025-04-11,South,Karthik,Furniture,Sofa,10,25000,250000,40853
ORD00694,2025-03-01,West,Meena,Furniture,Table,19,8000,152000,41898
ORD00695,2025-05-31,West,Meena,Electronics,Laptop,20,50000,1000000,152056
ORD00696,2025-04-16,West,Sneha,Furniture,Table,18,8000,144000,28814
ORD00697,2025-07-15,East,Arun,Furniture,Table,1,8000,8000,1338
ORD00698,2025-05-29,North,Amit,Furniture,Sofa,11,25000,275000,35895
ORD00699,2025-07-14,North,Vikram,Furniture,Table,6,8000,48000,13651
ORD00700,2025-02-11,North,Vikram,Furniture,Table,9,8000,72000,9194
ORD00701,2025-02-12,West,Meena,Electronics,Laptop,8,50000,400000,57364
ORD00702,2025-09-10,West,Sneha,Furniture,Table,16,8000,128000,23181
ORD00703,2025-04-17,East,Riya,Electronics,Monitor,4,12000,48000,9396
ORD00704,2025-11-18,North,Amit,Electronics,Monitor,7,12000,84000,21367
ORD00705,2025-07-15,North,Raj,Electronics,Monitor,14,12000,168000,21700
ORD00706,2025-10-19,West,Rahul,Electronics,Mobile,13,20000,260000,50479
ORD00707,2025-09-30,East,Arun,Furniture,Sofa,1,25000,25000,3179
ORD00708,2025-12-22,South,Karthik,Electronics,Laptop,3,50000,150000,41380
ORD00709,2025-01-04,South,Priya,Furniture,Table,16,8000,128000,27635
ORD00710,2025-06-13,North,Vikram,Electronics,Laptop,1,50000,50000,13960
ORD00711,2025-07-17,South,Karthik,Furniture,Chair,2,3000,6000,1759
ORD00712,2025-01-06,East,Riya,Electronics,Mobile,18,20000,360000,39678
ORD00713,2025-12-28,East,Arun,Furniture,Chair,12,3000,36000,10156
ORD00714,2025-10-18,West,Sneha,Electronics,Mobile,12,20000,240000,39833
ORD00715,2025-08-21,South,Anita,Electronics,Mobile,10,20000,200000,29406
ORD00716,2025-02-16,North,Amit,Furniture,Sofa,10,25000,250000,53606
ORD00717,2025-09-06,East,Riya,Electronics,Mobile,2,20000,40000,11301
ORD00718,2025-07-15,North,Vikram,Electronics,Laptop,18,50000,900000,100586
ORD00719,2025-03-12,East,Arun,Electronics,Mobile,2,20000,40000,11436
ORD00720,2025-02-02,East,Suresh,Furniture,Chair,6,3000,18000,3258
ORD00721,2025-09-02,South,Karthik,Electronics,Laptop,17,50000,850000,149228
ORD00722,2025-05-26,North,Amit,Furniture,Sofa,6,25000,150000,38195
ORD00723,2025-04-03,West,Sneha,Furniture,Sofa,1,25000,25000,3642
ORD00724,2025-10-15,North,Amit,Electronics,Mobile,4,20000,80000,23698
ORD00725,2025-10-05,East,Arun,Electronics,Monitor,16,12000,192000,55731
ORD00726,2025-12-27,South,Karthik,Electronics,Laptop,4,50000,200000,25293
ORD00727,2025-03-31,East,Arun,Electronics,Monitor,6,12000,72000,15494
ORD00728,2025-03-25,West,Meena,Furniture,Chair,5,3000,15000,1587
ORD00729,2025-02-14,West,Rahul,Electronics,Mobile,17,20000,340000,55382
ORD00730,2025-01-01,West,Rahul,Electronics,Laptop,8,50000,400000,71736
ORD00731,2025-02-19,South,Anita,Electronics,Monitor,17,12000,204000,59850
ORD00732,2025-06-19,West,Sneha,Furniture,Table,19,8000,152000,41493
ORD00733,2025-05-25,East,Riya,Furniture,Sofa,10,25000,250000,69823
ORD00734,2025-10-30,West,Rahul,Electronics,Mobile,15,20000,300000,31946
ORD00735,2025-06-07,East,Arun,Furniture,Chair,11,3000,33000,7579
ORD00736,2025-12-03,North,Raj,Furniture,Table,1,8000,8000,1328
ORD00737,2025-01-31,East,Riya,Furniture,Table,5,8000,40000,11080
ORD00738,2025-10-29,South,Anita,Electronics,Mobile,11,20000,220000,35894
ORD00739,2025-05-21,South,Priya,Furniture,Chair,19,3000,57000,9309
ORD00740,2025-07-03,East,Arun,Furniture,Sofa,3,25000,75000,19094
ORD00741,2025-09-07,North,Vikram,Electronics,Mobile,13,20000,260000,43802
ORD00742,2025-12-03,South,Priya,Electronics,Laptop,7,50000,350000,104506
ORD00743,2025-02-05,West,Rahul,Electronics,Monitor,18,12000,216000,57599
ORD00744,2025-08-19,North,Vikram,Electronics,Laptop,2,50000,100000,25924
ORD00745,2025-12-09,North,Raj,Furniture,Table,14,8000,112000,31469
ORD00746,2025-02-18,South,Priya,Furniture,Chair,9,3000,27000,6189
ORD00747,2025-05-24,West,Sneha,Furniture,Chair,11,3000,33000,5826
ORD00748,2025-03-14,East,Arun,Electronics,Mobile,10,20000,200000,22127
ORD00749,2025-11-13,East,Riya,Furniture,Table,10,8000,80000,8229
ORD00750,2025-04-30,West,Rahul,Furniture,Chair,12,3000,36000,10337
ORD00751,2025-01-09,East,Suresh,Furniture,Chair,17,3000,51000,12720
ORD00752,2025-06-07,East,Suresh,Electronics,Mobile,11,20000,220000,35181
ORD00753,2025-08-01,West,Rahul,Electronics,Monitor,18,12000,216000,57430
ORD00754,2025-10-09,South,Karthik,Electronics,Monitor,18,12000,216000,47789
ORD00755,2025-11-02,South,Anita,Furniture,Sofa,3,25000,75000,17894
ORD00756,2025-07-17,South,Karthik,Electronics,Laptop,10,50000,500000,106303
ORD00757,2025-01-10,West,Sneha,Electronics,Mobile,17,20000,340000,101778
ORD00758,2025-10-16,North,Amit,Electronics,Monitor,16,12000,192000,34857
ORD00759,2025-07-25,South,Priya,Electronics,Laptop,8,50000,400000,119463
ORD00760,2025-08-23,South,Priya,Electronics,Monitor,1,12000,12000,1572
ORD00761,2025-03-14,South,Priya,Electronics,Monitor,18,12000,216000,52244
ORD00762,2025-06-29,West,Rahul,Electronics,Monitor,13,12000,156000,22895
ORD00763,2025-07-11,South,Karthik,Furniture,Table,11,8000,88000,15585
ORD00764,2025-12-25,South,Karthik,Furniture,Sofa,15,25000,375000,67155
ORD00765,2025-07-07,North,Raj,Furniture,Sofa,7,25000,175000,35487
ORD00766,2025-12-22,West,Rahul,Furniture,Sofa,13,25000,325000,72635
ORD00767,2025-11-08,West,Rahul,Electronics,Laptop,19,50000,950000,249759
ORD00768,2025-12-23,North,Amit,Furniture,Table,8,8000,64000,19080
ORD00769,2025-06-24,West,Sneha,Electronics,Monitor,4,12000,48000,5716
ORD00770,2025-04-16,West,Sneha,Furniture,Chair,9,3000,27000,3599
ORD00771,2025-07-02,West,Meena,Electronics,Mobile,20,20000,400000,57599
ORD00772,2025-10-15,East,Arun,Furniture,Sofa,19,25000,475000,80958
ORD00773,2025-04-27,North,Amit,Furniture,Sofa,20,25000,500000,50315
ORD00774,2025-06-13,West,Sneha,Furniture,Sofa,13,25000,325000,54614
ORD00775,2025-10-21,East,Riya,Electronics,Mobile,9,20000,180000,53582
ORD00776,2025-07-22,East,Riya,Electronics,Mobile,16,20000,320000,93845
ORD00777,2025-04-07,South,Anita,Electronics,Mobile,5,20000,100000,29690
ORD00778,2025-12-13,West,Meena,Electronics,Monitor,8,12000,96000,27643
ORD00779,2025-08-28,West,Rahul,Electronics,Laptop,8,50000,400000,113005
ORD00780,2025-05-18,North,Raj,Furniture,Sofa,7,25000,175000,18646
ORD00781,2025-08-30,West,Rahul,Electronics,Mobile,10,20000,200000,44182
ORD00782,2025-07-28,North,Raj,Electronics,Mobile,12,20000,240000,27889
ORD00783,2025-09-18,South,Priya,Furniture,Table,2,8000,16000,3659
ORD00784,2025-02-16,South,Priya,Furniture,Sofa,12,25000,300000,39245
ORD00785,2025-06-11,West,Meena,Electronics,Mobile,5,20000,100000,11769
ORD00786,2025-06-22,West,Sneha,Electronics,Laptop,7,50000,350000,100713
ORD00787,2025-11-06,West,Sneha,Electronics,Monitor,14,12000,168000,21525
ORD00788,2025-08-30,East,Suresh,Furniture,Table,8,8000,64000,10401
ORD00789,2025-10-01,North,Vikram,Electronics,Monitor,12,12000,144000,22271
ORD00790,2025-12-02,North,Raj,Furniture,Sofa,1,25000,25000,5990
ORD00791,2025-01-09,North,Raj,Electronics,Mobile,11,20000,220000,49345
ORD00792,2025-12-21,North,Vikram,Furniture,Sofa,12,25000,300000,53593
ORD00793,2025-06-11,South,Karthik,Electronics,Monitor,3,12000,36000,10658
ORD00794,2025-03-31,East,Riya,Furniture,Sofa,14,25000,350000,73045
ORD00795,2025-12-29,East,Riya,Furniture,Table,18,8000,144000,29026
ORD00796,2025-11-04,West,Meena,Furniture,Chair,7,3000,21000,3621
ORD00797,2025-11-13,West,Meena,Furniture,Chair,3,3000,9000,922
ORD00798,2025-01-06,South,Karthik,Electronics,Monitor,2,12000,24000,6874
ORD00799,2025-02-25,North,Raj,Furniture,Table,11,8000,88000,19185
ORD00800,2025-09-12,North,Amit,Electronics,Laptop,13,50000,650000,153481
ORD00801,2025-05-01,West,Meena,Electronics,Monitor,2,12000,24000,6084
ORD00802,2025-10-26,West,Sneha,Furniture,Chair,8,3000,24000,4709
ORD00803,2025-05-31,South,Karthik,Electronics,Mobile,4,20000,80000,10448
ORD00804,2025-10-13,South,Priya,Electronics,Monitor,1,12000,12000,2989
ORD00805,2025-05-01,South,Anita,Electronics,Mobile,1,20000,20000,2024
ORD00806,2025-06-11,South,Karthik,Furniture,Chair,9,3000,27000,6016
ORD00807,2025-09-05,South,Anita,Electronics,Laptop,2,50000,100000,27759
ORD00808,2025-09-09,South,Karthik,Electronics,Monitor,3,12000,36000,5814
ORD00809,2025-10-30,East,Arun,Electronics,Monitor,12,12000,144000,41086
ORD00810,2025-05-12,North,Vikram,Furniture,Table,9,8000,72000,10354
ORD00811,2025-08-25,North,Vikram,Furniture,Chair,7,3000,21000,3630
ORD00812,2025-05-29,North,Vikram,Electronics,Laptop,5,50000,250000,70396
ORD00813,2025-11-06,West,Rahul,Furniture,Chair,5,3000,15000,1626
ORD00814,2025-07-11,East,Riya,Furniture,Sofa,7,25000,175000,41738
ORD00815,2025-02-19,South,Priya,Electronics,Mobile,4,20000,80000,23297
ORD00816,2025-06-07,South,Priya,Furniture,Sofa,12,25000,300000,67041
ORD00817,2025-09-07,West,Rahul,Furniture,Chair,2,3000,6000,1616
ORD00818,2025-11-12,North,Vikram,Electronics,Laptop,9,50000,450000,114465
ORD00819,2025-01-16,South,Karthik,Electronics,Monitor,4,12000,48000,9890
ORD00820,2025-08-22,East,Suresh,Furniture,Table,14,8000,112000,13730
ORD00821,2025-07-20,West,Rahul,Furniture,Chair,4,3000,12000,1530
ORD00822,2025-11-27,West,Meena,Electronics,Monitor,8,12000,96000,22957
ORD00823,2025-05-29,South,Karthik,Electronics,Monitor,4,12000,48000,12993
ORD00824,2025-04-22,East,Riya,Furniture,Sofa,14,25000,350000,74468
ORD00825,2025-09-08,South,Priya,Furniture,Chair,3,3000,9000,1057
ORD00826,2025-12-18,South,Priya,Furniture,Chair,18,3000,54000,11031
ORD00827,2025-05-10,South,Anita,Electronics,Mobile,19,20000,380000,83699
ORD00828,2025-11-03,North,Vikram,Furniture,Sofa,10,25000,250000,34223
ORD00829,2025-06-14,West,Meena,Furniture,Sofa,5,25000,125000,14767
ORD00830,2025-09-21,West,Rahul,Electronics,Laptop,16,50000,800000,208902
ORD00831,2025-04-29,West,Rahul,Electronics,Monitor,3,12000,36000,6225
ORD00832,2025-04-04,West,Rahul,Electronics,Monitor,4,12000,48000,7770
ORD00833,2025-11-28,East,Suresh,Furniture,Table,11,8000,88000,12385
ORD00834,2025-11-22,South,Anita,Furniture,Sofa,7,25000,175000,43914
ORD00835,2025-10-27,South,Priya,Electronics,Mobile,8,20000,160000,18449
ORD00836,2025-07-14,North,Raj,Electronics,Laptop,18,50000,900000,231616
ORD00837,2025-05-19,East,Riya,Electronics,Laptop,10,50000,500000,130931
ORD00838,2025-05-04,South,Priya,Furniture,Chair,15,3000,45000,7133
ORD00839,2025-06-18,West,Sneha,Electronics,Monitor,8,12000,96000,12446
ORD00840,2025-10-08,East,Arun,Furniture,Chair,17,3000,51000,6987
ORD00841,2025-06-18,East,Arun,Electronics,Monitor,16,12000,192000,39614
ORD00842,2025-12-11,South,Anita,Electronics,Monitor,9,12000,108000,20411
ORD00843,2025-01-13,North,Raj,Electronics,Laptop,7,50000,350000,82268
ORD00844,2025-12-26,West,Rahul,Furniture,Sofa,2,25000,50000,8748
ORD00845,2025-07-19,North,Raj,Furniture,Sofa,4,25000,100000,15227
ORD00846,2025-04-19,West,Rahul,Electronics,Mobile,9,20000,180000,46570
ORD00847,2025-01-12,South,Priya,Electronics,Laptop,2,50000,100000,12331
ORD00848,2025-08-09,East,Arun,Electronics,Mobile,14,20000,280000,75965
ORD00849,2025-08-30,North,Vikram,Electronics,Monitor,16,12000,192000,40866
ORD00850,2025-02-19,East,Riya,Electronics,Laptop,6,50000,300000,85605
ORD00851,2025-09-20,North,Vikram,Electronics,Mobile,7,20000,140000,14337
ORD00852,2025-07-12,East,Suresh,Electronics,Mobile,5,20000,100000,24784
ORD00853,2025-03-09,South,Priya,Electronics,Mobile,2,20000,40000,8624
ORD00854,2025-08-29,North,Amit,Furniture,Sofa,6,25000,150000,36087
ORD00855,2025-07-12,North,Vikram,Electronics,Laptop,13,50000,650000,65777
ORD00856,2025-04-03,East,Arun,Furniture,Table,15,8000,120000,33408
ORD00857,2025-06-29,West,Sneha,Furniture,Table,5,8000,40000,8683
ORD00858,2025-05-08,South,Priya,Furniture,Chair,16,3000,48000,13288
ORD00859,2025-07-12,South,Karthik,Electronics,Laptop,10,50000,500000,137184
ORD00860,2025-05-21,South,Karthik,Electronics,Monitor,16,12000,192000,54028
ORD00861,2025-02-25,North,Vikram,Furniture,Chair,14,3000,42000,6393
ORD00862,2025-08-16,West,Rahul,Electronics,Mobile,5,20000,100000,17189
ORD00863,2025-11-05,East,Riya,Electronics,Mobile,10,20000,200000,20995
ORD00864,2025-07-14,West,Sneha,Electronics,Monitor,7,12000,84000,8907
ORD00865,2025-12-14,East,Suresh,Furniture,Sofa,8,25000,200000,31350
ORD00866,2025-02-10,West,Meena,Furniture,Sofa,19,25000,475000,92778
ORD00867,2025-09-27,East,Suresh,Electronics,Mobile,4,20000,80000,20814
ORD00868,2025-06-18,West,Meena,Electronics,Laptop,10,50000,500000,55357
ORD00869,2025-06-03,South,Priya,Electronics,Mobile,8,20000,160000,40739
ORD00870,2025-02-02,North,Vikram,Electronics,Monitor,5,12000,60000,8443
ORD00871,2025-05-23,North,Vikram,Furniture,Sofa,7,25000,175000,43785
ORD00872,2025-04-20,West,Rahul,Electronics,Laptop,15,50000,750000,112235
ORD00873,2025-04-27,North,Vikram,Electronics,Mobile,11,20000,220000,28333
ORD00874,2025-01-19,South,Anita,Electronics,Monitor,14,12000,168000,40475
ORD00875,2025-12-15,North,Vikram,Electronics,Mobile,11,20000,220000,45109
ORD00876,2025-11-10,North,Vikram,Electronics,Monitor,4,12000,48000,11097
ORD00877,2025-10-23,North,Vikram,Electronics,Monitor,7,12000,84000,13679
ORD00878,2025-08-19,North,Amit,Furniture,Table,4,8000,32000,9293
ORD00879,2025-08-31,West,Rahul,Furniture,Table,12,8000,96000,28587
ORD00880,2025-10-21,West,Meena,Electronics,Monitor,16,12000,192000,50639
ORD00881,2025-11-16,North,Vikram,Furniture,Table,10,8000,80000,9577
ORD00882,2025-06-29,East,Suresh,Electronics,Laptop,8,50000,400000,76308
ORD00883,2025-07-31,West,Sneha,Furniture,Sofa,9,25000,225000,44222
ORD00884,2025-02-16,East,Arun,Electronics,Laptop,20,50000,1000000,160565
ORD00885,2025-09-11,East,Suresh,Electronics,Laptop,1,50000,50000,10061
ORD00886,2025-10-24,West,Sneha,Furniture,Chair,13,3000,39000,11358
ORD00887,2025-12-23,North,Amit,Electronics,Mobile,20,20000,400000,88843
ORD00888,2025-01-04,East,Arun,Furniture,Sofa,20,25000,500000,141801
ORD00889,2025-02-14,North,Vikram,Electronics,Monitor,12,12000,144000,28908
ORD00890,2025-08-28,South,Anita,Furniture,Sofa,2,25000,50000,5978
ORD00891,2025-12-30,North,Vikram,Furniture,Chair,13,3000,39000,11622
ORD00892,2025-07-31,West,Sneha,Electronics,Monitor,18,12000,216000,49041
ORD00893,2025-06-03,South,Priya,Electronics,Monitor,3,12000,36000,7004
ORD00894,2025-05-16,West,Sneha,Electronics,Monitor,12,12000,144000,38609
ORD00895,2025-09-30,North,Amit,Furniture,Chair,19,3000,57000,15889
ORD00896,2025-06-01,North,Amit,Electronics,Mobile,17,20000,340000,56002
ORD00897,2025-07-23,East,Arun,Electronics,Mobile,10,20000,200000,21985
ORD00898,2025-06-07,West,Meena,Electronics,Mobile,16,20000,320000,34443
ORD00899,2025-06-30,East,Arun,Furniture,Chair,12,3000,36000,4523
ORD00900,2025-02-17,West,Rahul,Furniture,Chair,2,3000,6000,630
ORD00901,2025-03-23,South,Anita,Furniture,Table,6,8000,48000,11050
ORD00902,2025-01-23,West,Rahul,Electronics,Monitor,18,12000,216000,59519
ORD00903,2025-03-12,South,Anita,Furniture,Chair,6,3000,18000,3561
ORD00904,2025-09-21,East,Arun,Furniture,Sofa,6,25000,150000,17456
ORD00905,2025-05-07,West,Rahul,Furniture,Table,6,8000,48000,13024
ORD00906,2025-12-04,West,Sneha,Furniture,Sofa,17,25000,425000,62682
ORD00907,2025-02-11,East,Suresh,Furniture,Sofa,8,25000,200000,55230
ORD00908,2025-03-12,West,Sneha,Electronics,Mobile,2,20000,40000,5437
ORD00909,2025-01-10,East,Suresh,Electronics,Mobile,11,20000,220000,33443
ORD00910,2025-07-02,South,Priya,Electronics,Mobile,1,20000,20000,4453
ORD00911,2025-04-15,West,Sneha,Electronics,Monitor,17,12000,204000,36449
ORD00912,2025-12-13,North,Raj,Furniture,Table,9,8000,72000,21380
ORD00913,2025-11-15,West,Sneha,Furniture,Chair,7,3000,21000,6090
ORD00914,2025-07-03,South,Karthik,Furniture,Chair,8,3000,24000,3821
ORD00915,2025-08-12,West,Rahul,Furniture,Table,4,8000,32000,4829
ORD00916,2025-05-03,East,Suresh,Electronics,Monitor,17,12000,204000,26371
ORD00917,2025-06-06,East,Arun,Electronics,Monitor,9,12000,108000,12761
ORD00918,2025-04-22,West,Sneha,Electronics,Mobile,16,20000,320000,60570
ORD00919,2025-03-01,North,Vikram,Furniture,Chair,9,3000,27000,4169
ORD00920,2025-04-10,South,Karthik,Furniture,Chair,18,3000,54000,6514
ORD00921,2025-01-02,South,Priya,Electronics,Monitor,16,12000,192000,43685
ORD00922,2025-02-13,East,Arun,Furniture,Table,3,8000,24000,6176
ORD00923,2025-10-20,East,Arun,Electronics,Mobile,16,20000,320000,77360
ORD00924,2025-05-17,West,Meena,Furniture,Table,20,8000,160000,24314
ORD00925,2025-02-11,South,Priya,Electronics,Mobile,15,20000,300000,44291
ORD00926,2025-03-14,North,Vikram,Electronics,Monitor,1,12000,12000,1719
ORD00927,2025-07-11,South,Karthik,Furniture,Chair,6,3000,18000,3937
ORD00928,2025-01-07,South,Priya,Electronics,Laptop,19,50000,950000,263648
ORD00929,2025-09-16,East,Riya,Furniture,Table,5,8000,40000,5735
ORD00930,2025-04-11,South,Anita,Electronics,Laptop,1,50000,50000,14265
ORD00931,2025-03-31,South,Karthik,Furniture,Chair,10,3000,30000,6138
ORD00932,2025-10-08,North,Vikram,Electronics,Mobile,8,20000,160000,46323
ORD00933,2025-05-01,South,Anita,Electronics,Monitor,17,12000,204000,37822
ORD00934,2025-05-24,East,Arun,Furniture,Chair,2,3000,6000,646
ORD00935,2025-06-06,West,Rahul,Furniture,Table,10,8000,80000,14672
ORD00936,2025-12-10,West,Meena,Furniture,Sofa,13,25000,325000,62539
ORD00937,2025-03-16,West,Rahul,Electronics,Laptop,7,50000,350000,79527
ORD00938,2025-04-27,West,Sneha,Electronics,Mobile,4,20000,80000,9028
ORD00939,2025-12-12,East,Suresh,Furniture,Table,17,8000,136000,22621
ORD00940,2025-04-06,South,Anita,Electronics,Laptop,12,50000,600000,109263
ORD00941,2025-11-03,West,Meena,Furniture,Table,17,8000,136000,32403
ORD00942,2025-07-26,West,Sneha,Electronics,Laptop,2,50000,100000,23631
ORD00943,2025-10-22,North,Amit,Electronics,Monitor,7,12000,84000,13013
ORD00944,2025-11-16,West,Meena,Electronics,Laptop,19,50000,950000,99654
ORD00945,2025-11-17,North,Vikram,Electronics,Mobile,8,20000,160000,37589
ORD00946,2025-10-12,West,Sneha,Electronics,Laptop,2,50000,100000,16639
ORD00947,2025-07-12,West,Rahul,Furniture,Sofa,4,25000,100000,23750
ORD00948,2025-04-02,North,Vikram,Electronics,Mobile,15,20000,300000,39788
ORD00949,2025-05-15,East,Riya,Furniture,Sofa,16,25000,400000,87636
ORD00950,2025-12-01,South,Anita,Furniture,Chair,8,3000,24000,4715
ORD00951,2025-03-23,South,Anita,Electronics,Monitor,15,12000,180000,28714
ORD00952,2025-10-02,East,Suresh,Electronics,Monitor,15,12000,180000,28488
ORD00953,2025-10-01,North,Raj,Electronics,Mobile,4,20000,80000,10980
ORD00954,2025-12-11,North,Amit,Furniture,Table,11,8000,88000,16567
ORD00955,2025-09-21,West,Meena,Furniture,Sofa,16,25000,400000,48287
ORD00956,2025-07-13,North,Vikram,Electronics,Mobile,1,20000,20000,4518
ORD00957,2025-10-05,East,Suresh,Electronics,Monitor,5,12000,60000,11906
ORD00958,2025-04-29,East,Arun,Electronics,Monitor,17,12000,204000,43553
ORD00959,2025-08-23,North,Vikram,Electronics,Mobile,15,20000,300000,52819
ORD00960,2025-06-12,South,Priya,Furniture,Sofa,6,25000,150000,40504
ORD00961,2025-08-10,East,Riya,Furniture,Chair,6,3000,18000,3236
ORD00962,2025-12-23,South,Priya,Furniture,Sofa,14,25000,350000,41424
ORD00963,2025-04-02,South,Karthik,Electronics,Laptop,12,50000,600000,124170
ORD00964,2025-05-18,North,Raj,Furniture,Chair,2,3000,6000,1117
ORD00965,2025-10-10,West,Sneha,Electronics,Laptop,11,50000,550000,141645
ORD00966,2025-04-16,East,Riya,Electronics,Mobile,11,20000,220000,46910
ORD00967,2025-07-04,North,Amit,Furniture,Sofa,17,25000,425000,96202
ORD00968,2025-03-24,South,Priya,Electronics,Laptop,17,50000,850000,178977
ORD00969,2025-04-24,West,Meena,Electronics,Monitor,7,12000,84000,10899
ORD00970,2025-09-29,North,Amit,Electronics,Laptop,4,50000,200000,25770
ORD00971,2025-03-13,South,Priya,Electronics,Laptop,16,50000,800000,234428
ORD00972,2025-06-13,East,Suresh,Furniture,Table,10,8000,80000,17302
ORD00973,2025-08-22,East,Suresh,Furniture,Sofa,15,25000,375000,85962
ORD00974,2025-01-18,West,Rahul,Furniture,Table,7,8000,56000,15973
ORD00975,2025-03-11,East,Arun,Electronics,Laptop,8,50000,400000,63185
ORD00976,2025-01-26,East,Suresh,Electronics,Laptop,8,50000,400000,69106
ORD00977,2025-02-03,North,Raj,Electronics,Laptop,18,50000,900000,184855
ORD00978,2025-01-29,East,Arun,Electronics,Mobile,5,20000,100000,21153
ORD00979,2025-06-03,South,Priya,Furniture,Sofa,5,25000,125000,13576
ORD00980,2025-04-16,East,Suresh,Electronics,Mobile,20,20000,400000,59329
ORD00981,2025-10-18,West,Sneha,Electronics,Mobile,5,20000,100000,26634
ORD00982,2025-01-23,North,Raj,Electronics,Mobile,4,20000,80000,21341
ORD00983,2025-02-04,South,Anita,Electronics,Laptop,6,50000,300000,36078
ORD00984,2025-03-18,East,Arun,Electronics,Laptop,9,50000,450000,99576
ORD00985,2025-11-27,North,Raj,Furniture,Table,8,8000,64000,12672
ORD00986,2025-09-02,North,Amit,Furniture,Table,9,8000,72000,12664
ORD00987,2025-05-08,South,Karthik,Electronics,Monitor,18,12000,216000,46529
ORD00988,2025-04-05,South,Karthik,Electronics,Mobile,5,20000,100000,17916
ORD00989,2025-10-14,North,Amit,Furniture,Table,2,8000,16000,4753
ORD00990,2025-12-10,South,Anita,Electronics,Mobile,10,20000,200000,35726
ORD00991,2025-10-21,West,Sneha,Electronics,Laptop,11,50000,550000,128281
ORD00992,2025-06-05,North,Vikram,Furniture,Table,8,8000,64000,8980
ORD00993,2025-08-17,East,Arun,Electronics,Laptop,11,50000,550000,78604
ORD00994,2025-10-08,East,Arun,Electronics,Mobile,5,20000,100000,22384
ORD00995,2025-03-23,South,Anita,Electronics,Monitor,13,12000,156000,24832
ORD00996,2025-12-08,West,Rahul,Furniture,Sofa,15,25000,375000,54327
ORD00997,2025-01-24,West,Meena,Electronics,Mobile,20,20000,400000,106379
ORD00998,2025-10-24,East,Arun,Electronics,Mobile,1,20000,20000,3391
ORD00999,2025-01-16,North,Vikram,Electronics,Monitor,10,12000,120000,21069
ORD01000,2025-06-25,East,Riya,Furniture,Table,5,8000,40000,5139
ORD01001,2025-11-13,West,Sneha,Furniture,Chair,5,3000,15000,2084
ORD01002,2025-08-05,South,Priya,Furniture,Chair,14,3000,42000,10678
ORD01003,2025-02-09,North,Raj,Furniture,Sofa,12,25000,300000,81933
ORD01004,2025-09-22,East,Arun,Furniture,Table,11,8000,88000,23408
ORD01005,2025-12-28,South,Anita,Furniture,Table,14,8000,112000,27047
ORD01006,2025-08-20,East,Arun,Electronics,Monitor,9,12000,108000,10987
ORD01007,2025-07-07,West,Rahul,Electronics,Mobile,8,20000,160000,37667
ORD01008,2025-11-27,West,Sneha,Furniture,Chair,5,3000,15000,1928
ORD01009,2025-02-10,South,Karthik,Electronics,Mobile,16,20000,320000,38226
ORD01010,2025-05-01,East,Riya,Electronics,Monitor,17,12000,204000,52837
ORD01011,2025-07-25,South,Anita,Furniture,Sofa,17,25000,425000,110311
ORD01012,2025-03-03,North,Amit,Electronics,Monitor,1,12000,12000,3238
ORD01013,2025-12-10,South,Priya,Electronics,Laptop,7,50000,350000,40652
ORD01014,2025-12-06,East,Arun,Furniture,Sofa,18,25000,450000,46058
ORD01015,2025-03-31,South,Anita,Electronics,Laptop,5,50000,250000,54546
ORD01016,2025-01-08,North,Vikram,Furniture,Table,20,8000,160000,19640
ORD01017,2025-08-10,North,Amit,Furniture,Chair,13,3000,39000,4224
ORD01018,2025-01-24,West,Meena,Electronics,Mobile,14,20000,280000,58112
ORD01019,2025-07-24,North,Amit,Electronics,Laptop,8,50000,400000,82708
ORD01020,2025-06-27,West,Meena,Furniture,Sofa,10,25000,250000,41564
ORD01021,2025-06-12,South,Anita,Electronics,Monitor,10,12000,120000,17865
ORD01022,2025-02-05,South,Karthik,Furniture,Sofa,12,25000,300000,55419
ORD01023,2025-07-17,South,Anita,Electronics,Mobile,17,20000,340000,60003
ORD01024,2025-06-26,North,Amit,Furniture,Table,10,8000,80000,12864
ORD01025,2025-08-08,North,Raj,Electronics,Laptop,12,50000,600000,171252
ORD01026,2025-05-07,West,Rahul,Electronics,Monitor,15,12000,180000,37994
ORD01027,2025-11-18,West,Meena,Furniture,Chair,3,3000,9000,1595
ORD01028,2025-01-11,North,Amit,Furniture,Sofa,12,25000,300000,70804
ORD01029,2025-09-19,South,Priya,Furniture,Sofa,7,25000,175000,19980
ORD01030,2025-05-25,North,Vikram,Electronics,Mobile,13,20000,260000,48431
ORD01031,2025-06-10,South,Anita,Electronics,Monitor,3,12000,36000,8796
ORD01032,2025-08-02,West,Meena,Furniture,Table,15,8000,120000,31827
ORD01033,2025-08-03,West,Sneha,Electronics,Laptop,1,50000,50000,8316
ORD01034,2025-10-13,North,Raj,Electronics,Mobile,2,20000,40000,7979
ORD01035,2025-08-19,West,Sneha,Furniture,Table,20,8000,160000,21505
ORD01036,2025-11-12,North,Amit,Electronics,Monitor,8,12000,96000,23442
ORD01037,2025-03-15,South,Karthik,Electronics,Mobile,2,20000,40000,10926
ORD01038,2025-11-09,West,Sneha,Furniture,Table,9,8000,72000,14407
ORD01039,2025-11-12,East,Arun,Furniture,Table,5,8000,40000,11349
ORD01040,2025-10-24,East,Arun,Furniture,Chair,10,3000,30000,3599
ORD01041,2025-01-16,West,Rahul,Furniture,Table,15,8000,120000,28137
ORD01042,2025-10-03,West,Meena,Electronics,Monitor,6,12000,72000,17895
ORD01043,2025-06-29,West,Meena,Electronics,Monitor,19,12000,228000,49873
ORD01044,2025-09-27,South,Anita,Furniture,Sofa,6,25000,150000,38391
ORD01045,2025-07-23,West,Rahul,Electronics,Laptop,9,50000,450000,102453
ORD01046,2025-03-27,North,Raj,Furniture,Table,5,8000,40000,11073
ORD01047,2025-01-14,East,Riya,Furniture,Sofa,11,25000,275000,49131
ORD01048,2025-02-09,North,Amit,Electronics,Mobile,20,20000,400000,62939
ORD01049,2025-01-15,North,Amit,Electronics,Monitor,11,12000,132000,27435
ORD01050,2025-12-08,South,Karthik,Furniture,Table,9,8000,72000,10673
ORD01051,2025-02-28,South,Anita,Furniture,Sofa,19,25000,475000,99053
ORD01052,2025-01-08,South,Karthik,Electronics,Laptop,18,50000,900000,159946
ORD01053,2025-01-27,East,Arun,Electronics,Mobile,10,20000,200000,51287
ORD01054,2025-01-05,West,Sneha,Furniture,Chair,8,3000,24000,2686
ORD01055,2025-04-20,East,Suresh,Furniture,Sofa,2,25000,50000,14774
ORD01056,2025-08-22,North,Raj,Electronics,Monitor,16,12000,192000,57243
ORD01057,2025-06-16,East,Suresh,Furniture,Chair,17,3000,51000,5512
ORD01058,2025-08-02,North,Vikram,Furniture,Table,1,8000,8000,1358
ORD01059,2025-10-24,South,Anita,Electronics,Mobile,14,20000,280000,38009
ORD01060,2025-12-09,South,Priya,Electronics,Mobile,12,20000,240000,60248
ORD01061,2025-09-06,North,Amit,Electronics,Monitor,8,12000,96000,22053
ORD01062,2025-03-29,West,Meena,Electronics,Laptop,10,50000,500000,133754
ORD01063,2025-07-20,North,Amit,Electronics,Mobile,7,20000,140000,18357
ORD01064,2025-02-27,West,Rahul,Electronics,Mobile,8,20000,160000,25935
ORD01065,2025-05-25,East,Arun,Electronics,Monitor,14,12000,168000,33513
ORD01066,2025-12-13,North,Vikram,Electronics,Mobile,17,20000,340000,101187
ORD01067,2025-05-25,North,Amit,Electronics,Monitor,4,12000,48000,6359
ORD01068,2025-07-29,West,Sneha,Furniture,Table,13,8000,104000,22908
ORD01069,2025-02-04,East,Suresh,Furniture,Table,3,8000,24000,3704
ORD01070,2025-06-18,North,Amit,Furniture,Table,20,8000,160000,44812
ORD01071,2025-09-19,South,Karthik,Furniture,Chair,20,3000,60000,12610
ORD01072,2025-10-15,West,Meena,Electronics,Monitor,8,12000,96000,17012
ORD01073,2025-12-08,West,Sneha,Furniture,Chair,1,3000,3000,557
ORD01074,2025-06-12,East,Arun,Furniture,Table,10,8000,80000,22042
ORD01075,2025-01-21,East,Arun,Electronics,Laptop,7,50000,350000,103811
ORD01076,2025-04-03,East,Suresh,Electronics,Mobile,7,20000,140000,21552
ORD01077,2025-07-02,East,Suresh,Electronics,Laptop,13,50000,650000,141724
ORD01078,2025-12-05,South,Anita,Furniture,Chair,12,3000,36000,7398
ORD01079,2025-09-03,North,Amit,Electronics,Monitor,14,12000,168000,34126
ORD01080,2025-02-16,West,Sneha,Electronics,Mobile,8,20000,160000,19023
ORD01081,2025-10-24,West,Rahul,Electronics,Laptop,7,50000,350000,90515
ORD01082,2025-06-21,North,Amit,Furniture,Sofa,12,25000,300000,88419
ORD01083,2025-06-10,West,Rahul,Electronics,Laptop,8,50000,400000,85550
ORD01084,2025-12-08,North,Amit,Furniture,Chair,11,3000,33000,9026
ORD01085,2025-04-05,West,Meena,Electronics,Laptop,13,50000,650000,75726
ORD01086,2025-12-31,East,Arun,Furniture,Table,19,8000,152000,20450
ORD01087,2025-10-24,East,Riya,Furniture,Table,4,8000,32000,9092
ORD01088,2025-10-26,East,Suresh,Furniture,Chair,12,3000,36000,4161
ORD01089,2025-03-26,South,Karthik,Furniture,Sofa,4,25000,100000,12110
ORD01090,2025-07-12,East,Riya,Furniture,Sofa,20,25000,500000,111819
ORD01091,2025-09-10,South,Priya,Furniture,Sofa,9,25000,225000,31865
ORD01092,2025-02-05,South,Karthik,Electronics,Mobile,17,20000,340000,54351
ORD01093,2025-02-06,South,Karthik,Furniture,Table,12,8000,96000,13914
ORD01094,2025-07-31,North,Amit,Furniture,Chair,17,3000,51000,11316
ORD01095,2025-12-06,East,Suresh,Electronics,Mobile,16,20000,320000,80599
ORD01096,2025-11-12,West,Sneha,Electronics,Monitor,7,12000,84000,12460
ORD01097,2025-11-30,South,Anita,Furniture,Table,13,8000,104000,21520
ORD01098,2025-04-18,East,Suresh,Electronics,Monitor,16,12000,192000,21994
ORD01099,2025-06-18,East,Arun,Electronics,Mobile,3,20000,60000,8199
ORD01100,2025-03-16,East,Suresh,Electronics,Monitor,9,12000,108000,31935
ORD01101,2025-03-06,South,Anita,Electronics,Laptop,18,50000,900000,223534
ORD01102,2025-08-04,South,Anita,Furniture,Table,5,8000,40000,10112
ORD01103,2025-08-03,West,Rahul,Furniture,Chair,3,3000,9000,1568
ORD01104,2025-06-18,South,Priya,Electronics,Monitor,7,12000,84000,17769
ORD01105,2025-04-29,North,Raj,Electronics,Mobile,15,20000,300000,65441
ORD01106,2025-07-17,South,Priya,Furniture,Table,19,8000,152000,29749
ORD01107,2025-01-21,North,Amit,Electronics,Mobile,3,20000,60000,6987
ORD01108,2025-11-10,East,Riya,Electronics,Monitor,10,12000,120000,28214
ORD01109,2025-01-24,West,Meena,Electronics,Laptop,19,50000,950000,148526
ORD01110,2025-02-07,South,Karthik,Electronics,Mobile,4,20000,80000,16068
ORD01111,2025-10-22,West,Meena,Electronics,Mobile,8,20000,160000,26332
ORD01112,2025-12-08,West,Sneha,Electronics,Mobile,16,20000,320000,48919
ORD01113,2025-05-21,East,Suresh,Furniture,Sofa,10,25000,250000,48718
ORD01114,2025-08-16,West,Rahul,Electronics,Monitor,3,12000,36000,5605
ORD01115,2025-03-27,North,Amit,Electronics,Monitor,6,12000,72000,13066
ORD01116,2025-06-01,East,Riya,Electronics,Mobile,9,20000,180000,27163
ORD01117,2025-06-18,South,Priya,Electronics,Laptop,3,50000,150000,38119
ORD01118,2025-02-02,North,Amit,Furniture,Chair,14,3000,42000,5219
ORD01119,2025-12-20,South,Anita,Electronics,Laptop,14,50000,700000,206815
ORD01120,2025-11-13,West,Sneha,Furniture,Sofa,6,25000,150000,39335
ORD01121,2025-10-17,North,Amit,Furniture,Table,16,8000,128000,12828
ORD01122,2025-07-05,South,Anita,Electronics,Mobile,14,20000,280000,54063
ORD01123,2025-08-27,South,Karthik,Furniture,Chair,14,3000,42000,6001
ORD01124,2025-09-10,South,Anita,Electronics,Monitor,5,12000,60000,10871
ORD01125,2025-01-26,East,Suresh,Electronics,Mobile,2,20000,40000,6012
ORD01126,2025-06-29,West,Meena,Electronics,Mobile,4,20000,80000,14092
ORD01127,2025-06-28,East,Arun,Electronics,Laptop,16,50000,800000,205971
ORD01128,2025-07-27,East,Riya,Electronics,Laptop,8,50000,400000,44181
ORD01129,2025-07-19,West,Sneha,Electronics,Laptop,6,50000,300000,41430
ORD01130,2025-02-21,North,Raj,Electronics,Laptop,16,50000,800000,142396
ORD01131,2025-06-01,West,Sneha,Furniture,Chair,15,3000,45000,4920
ORD01132,2025-02-18,West,Meena,Electronics,Laptop,12,50000,600000,122804
ORD01133,2025-11-19,West,Rahul,Electronics,Monitor,8,12000,96000,26440
ORD01134,2025-07-03,South,Karthik,Electronics,Monitor,6,12000,72000,11677
ORD01135,2025-07-29,West,Sneha,Furniture,Table,12,8000,96000,23942
ORD01136,2025-11-15,North,Vikram,Furniture,Table,3,8000,24000,5207
ORD01137,2025-11-04,South,Priya,Furniture,Table,12,8000,96000,28255
ORD01138,2025-07-28,West,Meena,Furniture,Sofa,12,25000,300000,88247
ORD01139,2025-05-03,North,Raj,Furniture,Table,13,8000,104000,12705
ORD01140,2025-02-08,North,Amit,Electronics,Laptop,1,50000,50000,9462
ORD01141,2025-04-01,East,Suresh,Electronics,Mobile,17,20000,340000,48525
ORD01142,2025-05-27,West,Sneha,Furniture,Sofa,12,25000,300000,84989
ORD01143,2025-11-15,North,Raj,Furniture,Chair,7,3000,21000,3893
ORD01144,2025-10-12,East,Suresh,Electronics,Monitor,11,12000,132000,17276
ORD01145,2025-07-13,West,Sneha,Electronics,Laptop,6,50000,300000,61984
ORD01146,2025-12-31,East,Arun,Electronics,Mobile,4,20000,80000,19575
ORD01147,2025-11-09,North,Vikram,Furniture,Table,5,8000,40000,11233
ORD01148,2025-11-14,East,Suresh,Furniture,Sofa,4,25000,100000,28217
ORD01149,2025-06-19,North,Vikram,Electronics,Laptop,14,50000,700000,123016
ORD01150,2025-09-21,West,Rahul,Furniture,Table,16,8000,128000,26862
ORD01151,2025-06-19,South,Karthik,Electronics,Laptop,18,50000,900000,169427
ORD01152,2025-03-16,East,Riya,Electronics,Mobile,10,20000,200000,38367
ORD01153,2025-11-28,North,Amit,Furniture,Table,17,8000,136000,32106
ORD01154,2025-10-05,North,Vikram,Electronics,Monitor,17,12000,204000,48051
ORD01155,2025-11-20,South,Priya,Furniture,Chair,19,3000,57000,9281
ORD01156,2025-11-23,West,Sneha,Electronics,Mobile,6,20000,120000,16292
ORD01157,2025-02-17,East,Riya,Electronics,Monitor,11,12000,132000,34186
ORD01158,2025-11-23,North,Raj,Electronics,Monitor,15,12000,180000,51596
ORD01159,2025-08-26,East,Riya,Furniture,Chair,18,3000,54000,5532
ORD01160,2025-08-18,North,Amit,Furniture,Table,8,8000,64000,7154
ORD01161,2025-10-30,North,Amit,Electronics,Monitor,18,12000,216000,51832
ORD01162,2025-09-10,East,Suresh,Furniture,Sofa,8,25000,200000,27422
ORD01163,2025-10-12,North,Raj,Electronics,Monitor,2,12000,24000,3809
ORD01164,2025-09-06,East,Suresh,Furniture,Table,17,8000,136000,27236
ORD01165,2025-01-31,North,Raj,Furniture,Sofa,18,25000,450000,121381
ORD01166,2025-01-13,North,Vikram,Electronics,Mobile,11,20000,220000,55567
ORD01167,2025-12-21,West,Rahul,Electronics,Mobile,19,20000,380000,100019
ORD01168,2025-02-16,North,Vikram,Electronics,Monitor,7,12000,84000,16579
ORD01169,2025-02-10,West,Sneha,Electronics,Monitor,8,12000,96000,12507
ORD01170,2025-03-04,West,Meena,Electronics,Mobile,19,20000,380000,92590
ORD01171,2025-11-11,East,Riya,Furniture,Table,6,8000,48000,5801
ORD01172,2025-04-02,West,Sneha,Furniture,Sofa,9,25000,225000,57558
ORD01173,2025-12-18,North,Vikram,Electronics,Monitor,1,12000,12000,1210
ORD01174,2025-10-13,East,Arun,Furniture,Chair,6,3000,18000,3202
ORD01175,2025-08-26,South,Priya,Electronics,Monitor,20,12000,240000,55778
ORD01176,2025-04-07,South,Priya,Electronics,Mobile,9,20000,180000,49012
ORD01177,2025-09-13,South,Priya,Electronics,Mobile,10,20000,200000,26049
ORD01178,2025-12-20,East,Riya,Electronics,Laptop,11,50000,550000,118169
ORD01179,2025-08-28,East,Suresh,Furniture,Chair,15,3000,45000,5300
ORD01180,2025-11-02,East,Suresh,Furniture,Chair,19,3000,57000,10919
ORD01181,2025-01-17,North,Raj,Electronics,Laptop,15,50000,750000,132185
ORD01182,2025-05-18,East,Riya,Furniture,Table,17,8000,136000,32084
ORD01183,2025-03-11,South,Anita,Furniture,Chair,19,3000,57000,11174
ORD01184,2025-02-06,South,Karthik,Electronics,Laptop,7,50000,350000,49323
ORD01185,2025-11-23,East,Riya,Electronics,Laptop,5,50000,250000,40513
ORD01186,2025-08-12,North,Amit,Furniture,Chair,13,3000,39000,11351
ORD01187,2025-12-17,North,Raj,Furniture,Sofa,19,25000,475000,55054
ORD01188,2025-03-15,South,Karthik,Electronics,Mobile,15,20000,300000,44933
ORD01189,2025-07-08,West,Sneha,Furniture,Sofa,6,25000,150000,34309
ORD01190,2025-04-08,South,Anita,Electronics,Laptop,19,50000,950000,248211
ORD01191,2025-10-12,East,Suresh,Furniture,Sofa,12,25000,300000,55333
ORD01192,2025-03-28,West,Sneha,Furniture,Chair,10,3000,30000,3042
ORD01193,2025-02-06,South,Priya,Furniture,Chair,3,3000,9000,2097
ORD01194,2025-06-08,North,Vikram,Electronics,Mobile,2,20000,40000,5182
ORD01195,2025-05-30,South,Anita,Furniture,Chair,9,3000,27000,3063
ORD01196,2025-10-18,South,Priya,Furniture,Sofa,9,25000,225000,46311
ORD01197,2025-08-07,East,Suresh,Furniture,Table,20,8000,160000,42836
ORD01198,2025-12-31,South,Karthik,Furniture,Chair,2,3000,6000,885
ORD01199,2025-10-14,North,Amit,Furniture,Sofa,20,25000,500000,87740
ORD01200,2025-12-21,South,Karthik,Furniture,Table,10,8000,80000,19046
ORD01201,2025-10-27,South,Priya,Furniture,Sofa,3,25000,75000,15502
ORD01202,2025-09-10,East,Suresh,Electronics,Laptop,17,50000,850000,95657
ORD01203,2025-04-17,North,Amit,Furniture,Sofa,19,25000,475000,51463
ORD01204,2025-05-18,North,Raj,Electronics,Mobile,10,20000,200000,31710
ORD01205,2025-06-13,West,Sneha,Electronics,Mobile,11,20000,220000,24148
ORD01206,2025-04-27,South,Anita,Electronics,Laptop,2,50000,100000,18229
ORD01207,2025-12-20,West,Sneha,Furniture,Chair,18,3000,54000,14287
ORD01208,2025-06-13,South,Anita,Electronics,Laptop,18,50000,900000,176449
ORD01209,2025-05-06,West,Sneha,Furniture,Table,2,8000,16000,4631
ORD01210,2025-03-25,North,Amit,Furniture,Sofa,3,25000,75000,11095
ORD01211,2025-07-03,South,Priya,Furniture,Sofa,9,25000,225000,51681
ORD01212,2025-07-03,South,Priya,Furniture,Sofa,2,25000,50000,5293
ORD01213,2025-02-13,South,Priya,Furniture,Chair,14,3000,42000,6210
ORD01214,2025-12-04,West,Meena,Furniture,Table,11,8000,88000,12347
ORD01215,2025-01-07,North,Raj,Furniture,Table,16,8000,128000,25316
ORD01216,2025-07-24,West,Sneha,Furniture,Table,8,8000,64000,7509
ORD01217,2025-03-15,East,Riya,Furniture,Sofa,5,25000,125000,18023
ORD01218,2025-08-30,West,Sneha,Furniture,Chair,16,3000,48000,8034
ORD01219,2025-02-26,South,Karthik,Furniture,Chair,18,3000,54000,7375
ORD01220,2025-10-01,West,Rahul,Electronics,Laptop,12,50000,600000,76659
ORD01221,2025-04-04,East,Riya,Electronics,Mobile,20,20000,400000,116463
ORD01222,2025-03-18,North,Raj,Electronics,Monitor,2,12000,24000,3683
ORD01223,2025-03-22,South,Anita,Electronics,Laptop,17,50000,850000,194439
ORD01224,2025-02-23,West,Meena,Electronics,Monitor,19,12000,228000,28626
ORD01225,2025-06-30,West,Sneha,Electronics,Mobile,2,20000,40000,8972
ORD01226,2025-01-30,East,Arun,Furniture,Chair,4,3000,12000,2742
ORD01227,2025-02-10,South,Anita,Electronics,Mobile,4,20000,80000,15251
ORD01228,2025-04-15,East,Arun,Furniture,Table,20,8000,160000,44730
ORD01229,2025-02-11,South,Karthik,Electronics,Monitor,18,12000,216000,63426
ORD01230,2025-12-03,South,Priya,Furniture,Chair,7,3000,21000,4897
ORD01231,2025-01-01,South,Priya,Furniture,Table,12,8000,96000,26687
ORD01232,2025-10-12,South,Karthik,Electronics,Monitor,3,12000,36000,9542
ORD01233,2025-01-17,East,Suresh,Electronics,Monitor,20,12000,240000,32743
ORD01234,2025-07-09,North,Amit,Electronics,Laptop,1,50000,50000,7045
ORD01235,2025-06-09,South,Priya,Furniture,Table,6,8000,48000,14003
ORD01236,2025-06-16,South,Anita,Electronics,Laptop,11,50000,550000,55592
ORD01237,2025-01-29,North,Amit,Electronics,Laptop,5,50000,250000,37749
ORD01238,2025-05-15,North,Amit,Furniture,Sofa,18,25000,450000,106299
ORD01239,2025-01-29,South,Anita,Electronics,Monitor,19,12000,228000,40622
ORD01240,2025-11-27,East,Riya,Furniture,Table,6,8000,48000,6782
ORD01241,2025-09-08,South,Priya,Electronics,Mobile,9,20000,180000,22222
ORD01242,2025-11-13,South,Priya,Electronics,Mobile,8,20000,160000,38202
ORD01243,2025-01-06,South,Karthik,Electronics,Monitor,16,12000,192000,48886
ORD01244,2025-11-07,East,Suresh,Furniture,Chair,9,3000,27000,4804
ORD01245,2025-04-27,South,Anita,Furniture,Sofa,17,25000,425000,45011
ORD01246,2025-06-04,West,Sneha,Furniture,Sofa,2,25000,50000,6762
ORD01247,2025-01-19,North,Amit,Furniture,Sofa,14,25000,350000,48485
ORD01248,2025-06-26,South,Anita,Electronics,Monitor,14,12000,168000,49377
ORD01249,2025-07-09,South,Anita,Electronics,Monitor,5,12000,60000,6977
ORD01250,2025-01-06,East,Suresh,Furniture,Table,11,8000,88000,21102
ORD01251,2025-09-12,West,Meena,Furniture,Chair,2,3000,6000,1017
ORD01252,2025-03-25,South,Karthik,Furniture,Chair,7,3000,21000,6150
ORD01253,2025-07-23,North,Raj,Furniture,Sofa,13,25000,325000,72766
ORD01254,2025-03-16,South,Karthik,Furniture,Table,8,8000,64000,13557
ORD01255,2025-06-11,North,Vikram,Furniture,Chair,15,3000,45000,5397
ORD01256,2025-07-19,West,Rahul,Furniture,Table,18,8000,144000,41025
ORD01257,2025-11-12,East,Suresh,Furniture,Sofa,6,25000,150000,42294
ORD01258,2025-11-19,North,Amit,Electronics,Mobile,4,20000,80000,20222
ORD01259,2025-09-26,South,Priya,Electronics,Monitor,10,12000,120000,15176
ORD01260,2025-09-21,East,Riya,Electronics,Laptop,7,50000,350000,70635
ORD01261,2025-06-27,South,Karthik,Electronics,Monitor,5,12000,60000,13416
ORD01262,2025-02-14,South,Anita,Furniture,Sofa,18,25000,450000,85242
ORD01263,2025-08-24,West,Sneha,Furniture,Sofa,2,25000,50000,5355
ORD01264,2025-07-07,West,Rahul,Electronics,Laptop,1,50000,50000,11003
ORD01265,2025-02-03,West,Sneha,Furniture,Sofa,12,25000,300000,81633
ORD01266,2025-05-30,West,Rahul,Electronics,Mobile,6,20000,120000,15253
ORD01267,2025-12-06,East,Riya,Electronics,Mobile,9,20000,180000,28356
ORD01268,2025-09-19,South,Karthik,Electronics,Mobile,18,20000,360000,61220
ORD01269,2025-08-21,South,Priya,Furniture,Sofa,14,25000,350000,69189
ORD01270,2025-11-18,West,Meena,Furniture,Table,13,8000,104000,21266
ORD01271,2025-05-22,South,Priya,Electronics,Monitor,10,12000,120000,32261
ORD01272,2025-09-30,South,Karthik,Electronics,Monitor,18,12000,216000,59214
ORD01273,2025-08-13,East,Suresh,Furniture,Sofa,7,25000,175000,47585
ORD01274,2025-09-22,North,Amit,Furniture,Sofa,19,25000,475000,105488
ORD01275,2025-09-26,North,Raj,Furniture,Sofa,11,25000,275000,43960
ORD01276,2025-01-11,North,Amit,Electronics,Mobile,7,20000,140000,28657
ORD01277,2025-06-30,North,Amit,Electronics,Mobile,10,20000,200000,20564
ORD01278,2025-10-23,North,Raj,Furniture,Chair,15,3000,45000,8839
ORD01279,2025-01-07,South,Anita,Electronics,Laptop,7,50000,350000,45758
ORD01280,2025-11-14,East,Riya,Furniture,Table,1,8000,8000,952
ORD01281,2025-06-03,North,Vikram,Electronics,Mobile,16,20000,320000,48816
ORD01282,2025-01-29,South,Karthik,Furniture,Sofa,5,25000,125000,26488
ORD01283,2025-06-19,East,Riya,Furniture,Table,1,8000,8000,1846
ORD01284,2025-08-17,South,Priya,Electronics,Mobile,11,20000,220000,38653
ORD01285,2025-08-11,East,Arun,Electronics,Laptop,6,50000,300000,75937
ORD01286,2025-05-12,East,Riya,Electronics,Mobile,10,20000,200000,45136
ORD01287,2025-11-12,West,Rahul,Electronics,Monitor,20,12000,240000,71910
ORD01288,2025-12-18,South,Karthik,Furniture,Sofa,8,25000,200000,57757
ORD01289,2025-01-13,North,Vikram,Electronics,Mobile,15,20000,300000,82089
ORD01290,2025-03-27,East,Riya,Electronics,Mobile,1,20000,20000,3278
ORD01291,2025-11-24,South,Karthik,Electronics,Monitor,5,12000,60000,17878
ORD01292,2025-10-21,West,Meena,Electronics,Monitor,19,12000,228000,54873
ORD01293,2025-07-26,West,Rahul,Furniture,Table,12,8000,96000,15252
ORD01294,2025-10-12,West,Rahul,Electronics,Mobile,10,20000,200000,32911
ORD01295,2025-07-24,West,Meena,Electronics,Mobile,4,20000,80000,22563
ORD01296,2025-08-17,North,Raj,Furniture,Sofa,2,25000,50000,9956
ORD01297,2025-03-08,South,Karthik,Electronics,Mobile,9,20000,180000,40451
ORD01298,2025-02-05,South,Karthik,Furniture,Table,18,8000,144000,29465
ORD01299,2025-03-01,East,Riya,Furniture,Sofa,20,25000,500000,97633
ORD01300,2025-01-12,North,Raj,Furniture,Chair,10,3000,30000,8810
ORD01301,2025-11-17,South,Karthik,Furniture,Sofa,2,25000,50000,7243
ORD01302,2025-11-13,West,Rahul,Electronics,Laptop,3,50000,150000,33974
ORD01303,2025-06-04,South,Priya,Furniture,Table,5,8000,40000,4831
ORD01304,2025-08-29,North,Amit,Furniture,Chair,5,3000,15000,4434
ORD01305,2025-08-08,East,Suresh,Electronics,Laptop,19,50000,950000,188414
ORD01306,2025-11-23,North,Amit,Electronics,Laptop,11,50000,550000,150183
ORD01307,2025-06-12,South,Anita,Electronics,Monitor,10,12000,120000,29507
ORD01308,2025-03-23,North,Raj,Furniture,Table,11,8000,88000,18476
ORD01309,2025-04-03,South,Karthik,Electronics,Mobile,20,20000,400000,98168
ORD01310,2025-05-12,West,Sneha,Electronics,Mobile,18,20000,360000,37018
ORD01311,2025-12-07,South,Priya,Furniture,Sofa,4,25000,100000,29646
ORD01312,2025-10-30,South,Karthik,Electronics,Laptop,16,50000,800000,174509
ORD01313,2025-10-03,South,Priya,Furniture,Chair,11,3000,33000,6223
ORD01314,2025-02-04,East,Riya,Electronics,Mobile,12,20000,240000,52446
ORD01315,2025-07-08,West,Rahul,Electronics,Mobile,17,20000,340000,46612
ORD01316,2025-05-19,East,Riya,Furniture,Table,17,8000,136000,21496
ORD01317,2025-09-07,East,Riya,Electronics,Laptop,1,50000,50000,13824
ORD01318,2025-12-06,East,Arun,Furniture,Table,11,8000,88000,26222
ORD01319,2025-06-08,West,Sneha,Furniture,Chair,4,3000,12000,2002
ORD01320,2025-01-30,West,Sneha,Furniture,Table,18,8000,144000,29479
ORD01321,2025-12-16,North,Raj,Electronics,Monitor,10,12000,120000,31616
ORD01322,2025-09-25,North,Vikram,Furniture,Chair,6,3000,18000,4781
ORD01323,2025-09-26,North,Amit,Furniture,Table,13,8000,104000,20205
ORD01324,2025-11-30,North,Amit,Electronics,Monitor,12,12000,144000,37038
ORD01325,2025-07-27,East,Arun,Furniture,Chair,9,3000,27000,6164
ORD01326,2025-09-07,North,Raj,Electronics,Mobile,3,20000,60000,12335
ORD01327,2025-06-01,West,Sneha,Furniture,Sofa,15,25000,375000,89026
ORD01328,2025-01-25,East,Arun,Electronics,Mobile,15,20000,300000,36768
ORD01329,2025-12-03,South,Priya,Furniture,Chair,2,3000,6000,1547
ORD01330,2025-03-04,South,Anita,Furniture,Table,16,8000,128000,18071
ORD01331,2025-03-20,East,Riya,Electronics,Laptop,13,50000,650000,180295
ORD01332,2025-10-07,East,Suresh,Electronics,Mobile,18,20000,360000,55445
ORD01333,2025-06-11,North,Amit,Electronics,Laptop,2,50000,100000,14819
ORD01334,2025-07-29,East,Arun,Electronics,Mobile,10,20000,200000,37283
ORD01335,2025-05-20,West,Meena,Furniture,Chair,14,3000,42000,11907
ORD01336,2025-09-11,East,Arun,Furniture,Sofa,16,25000,400000,90762
ORD01337,2025-05-14,West,Meena,Furniture,Table,18,8000,144000,29883
ORD01338,2025-10-09,South,Karthik,Furniture,Chair,6,3000,18000,4754
ORD01339,2025-06-02,North,Vikram,Electronics,Laptop,13,50000,650000,180548
ORD01340,2025-03-29,East,Riya,Electronics,Monitor,20,12000,240000,34084
ORD01341,2025-11-05,West,Rahul,Furniture,Table,11,8000,88000,25096
ORD01342,2025-04-21,West,Sneha,Electronics,Laptop,10,50000,500000,61745
ORD01343,2025-07-11,West,Rahul,Furniture,Sofa,8,25000,200000,59103
ORD01344,2025-07-27,North,Raj,Electronics,Mobile,14,20000,280000,66541
ORD01345,2025-07-15,East,Suresh,Electronics,Laptop,8,50000,400000,116171
ORD01346,2025-02-04,East,Riya,Electronics,Mobile,10,20000,200000,36482
ORD01347,2025-03-31,South,Karthik,Furniture,Table,7,8000,56000,16177
ORD01348,2025-07-12,East,Riya,Electronics,Laptop,2,50000,100000,25078
ORD01349,2025-01-05,East,Suresh,Furniture,Table,10,8000,80000,15446
ORD01350,2025-08-11,West,Meena,Electronics,Mobile,20,20000,400000,103002
ORD01351,2025-02-24,East,Suresh,Furniture,Table,1,8000,8000,1692
ORD01352,2025-11-29,West,Sneha,Electronics,Mobile,6,20000,120000,35327
ORD01353,2025-11-08,North,Vikram,Furniture,Sofa,15,25000,375000,37978
ORD01354,2025-04-25,East,Suresh,Furniture,Chair,5,3000,15000,1551
ORD01355,2025-10-16,West,Rahul,Furniture,Sofa,10,25000,250000,36000
ORD01356,2025-09-21,East,Suresh,Furniture,Sofa,16,25000,400000,59699
ORD01357,2025-09-06,South,Anita,Electronics,Mobile,10,20000,200000,45039
ORD01358,2025-07-26,West,Rahul,Furniture,Chair,2,3000,6000,1736
ORD01359,2025-12-06,South,Anita,Furniture,Table,8,8000,64000,13222
ORD01360,2025-11-15,South,Karthik,Electronics,Mobile,1,20000,20000,2749
ORD01361,2025-06-26,West,Rahul,Electronics,Monitor,14,12000,168000,40993
ORD01362,2025-02-23,East,Arun,Furniture,Table,18,8000,144000,19187
ORD01363,2025-06-04,East,Arun,Furniture,Sofa,13,25000,325000,75745
ORD01364,2025-04-22,West,Sneha,Electronics,Monitor,9,12000,108000,19525
ORD01365,2025-11-28,South,Karthik,Electronics,Laptop,20,50000,1000000,245181
ORD01366,2025-03-20,South,Anita,Electronics,Mobile,12,20000,240000,47254
ORD01367,2025-12-13,South,Priya,Electronics,Mobile,9,20000,180000,32947
ORD01368,2025-08-09,South,Anita,Furniture,Chair,6,3000,18000,4809
ORD01369,2025-07-28,East,Riya,Furniture,Chair,9,3000,27000,5486
ORD01370,2025-11-27,North,Raj,Furniture,Chair,19,3000,57000,14664
ORD01371,2025-07-01,East,Riya,Electronics,Laptop,4,50000,200000,23764
ORD01372,2025-09-25,East,Arun,Electronics,Laptop,16,50000,800000,188760
ORD01373,2025-10-20,East,Riya,Electronics,Laptop,1,50000,50000,14571
ORD01374,2025-05-20,West,Sneha,Furniture,Sofa,12,25000,300000,73898
ORD01375,2025-05-11,North,Raj,Electronics,Laptop,17,50000,850000,215039
ORD01376,2025-09-17,East,Riya,Electronics,Monitor,2,12000,24000,6671
ORD01377,2025-09-15,North,Amit,Electronics,Mobile,19,20000,380000,63476
ORD01378,2025-11-28,East,Suresh,Furniture,Sofa,7,25000,175000,24352
ORD01379,2025-01-30,North,Raj,Electronics,Mobile,7,20000,140000,14095
ORD01380,2025-06-04,South,Karthik,Electronics,Mobile,15,20000,300000,84427
ORD01381,2025-03-19,East,Arun,Furniture,Chair,1,3000,3000,885
ORD01382,2025-05-19,South,Priya,Electronics,Mobile,3,20000,60000,12077
ORD01383,2025-05-07,North,Amit,Furniture,Sofa,9,25000,225000,35234
ORD01384,2025-03-31,South,Priya,Furniture,Table,7,8000,56000,16302
ORD01385,2025-07-29,East,Suresh,Furniture,Sofa,3,25000,75000,7999
ORD01386,2025-12-20,East,Riya,Electronics,Monitor,12,12000,144000,17301
ORD01387,2025-08-02,South,Karthik,Electronics,Monitor,14,12000,168000,39556
ORD01388,2025-07-09,East,Suresh,Furniture,Sofa,3,25000,75000,21047
ORD01389,2025-11-03,East,Riya,Furniture,Sofa,9,25000,225000,60479
ORD01390,2025-06-27,North,Vikram,Electronics,Mobile,16,20000,320000,76185
ORD01391,2025-11-29,East,Riya,Furniture,Sofa,20,25000,500000,123973
ORD01392,2025-11-01,South,Priya,Electronics,Mobile,14,20000,280000,49733
ORD01393,2025-06-23,West,Rahul,Electronics,Mobile,3,20000,60000,17298
ORD01394,2025-10-29,North,Vikram,Electronics,Mobile,17,20000,340000,61070
ORD01395,2025-07-12,North,Raj,Furniture,Sofa,15,25000,375000,86021
ORD01396,2025-02-15,West,Meena,Electronics,Mobile,7,20000,140000,27116
ORD01397,2025-05-13,North,Amit,Electronics,Monitor,11,12000,132000,25024
ORD01398,2025-12-30,West,Rahul,Electronics,Monitor,13,12000,156000,33220
ORD01399,2025-08-02,North,Amit,Electronics,Laptop,17,50000,850000,208650
ORD01400,2025-01-03,North,Amit,Electronics,Laptop,16,50000,800000,140895
ORD01401,2025-05-06,North,Vikram,Furniture,Table,18,8000,144000,37681
ORD01402,2025-01-23,North,Vikram,Electronics,Laptop,9,50000,450000,51644
ORD01403,2025-07-02,West,Sneha,Electronics,Mobile,19,20000,380000,46130
ORD01404,2025-04-23,South,Priya,Furniture,Sofa,2,25000,50000,10657
ORD01405,2025-11-15,South,Anita,Furniture,Chair,6,3000,18000,3064
ORD01406,2025-04-30,West,Rahul,Furniture,Table,4,8000,32000,4797
ORD01407,2025-03-01,West,Sneha,Furniture,Sofa,20,25000,500000,148001
ORD01408,2025-03-25,East,Riya,Furniture,Sofa,13,25000,325000,95475
ORD01409,2025-03-04,West,Meena,Furniture,Chair,3,3000,9000,1137
ORD01410,2025-07-06,East,Suresh,Electronics,Monitor,8,12000,96000,26018
ORD01411,2025-11-16,West,Rahul,Electronics,Mobile,19,20000,380000,102368
ORD01412,2025-01-06,East,Riya,Furniture,Chair,12,3000,36000,9245
ORD01413,2025-09-15,East,Suresh,Electronics,Monitor,5,12000,60000,9110
ORD01414,2025-03-14,South,Priya,Furniture,Chair,3,3000,9000,1951
ORD01415,2025-01-26,West,Meena,Furniture,Sofa,2,25000,50000,11101
ORD01416,2025-05-27,North,Amit,Electronics,Mobile,15,20000,300000,78814
ORD01417,2025-08-03,West,Rahul,Furniture,Chair,10,3000,30000,8866
ORD01418,2025-10-03,East,Suresh,Electronics,Monitor,13,12000,156000,37194
ORD01419,2025-10-04,West,Sneha,Furniture,Table,20,8000,160000,38736
ORD01420,2025-03-14,East,Suresh,Electronics,Monitor,19,12000,228000,68208
ORD01421,2025-04-07,South,Priya,Furniture,Table,14,8000,112000,31777
ORD01422,2025-05-30,East,Riya,Electronics,Mobile,11,20000,220000,31565
ORD01423,2025-07-26,East,Arun,Electronics,Mobile,7,20000,140000,25272
ORD01424,2025-02-04,South,Priya,Furniture,Chair,5,3000,15000,3797
ORD01425,2025-04-27,South,Priya,Electronics,Laptop,3,50000,150000,17334
ORD01426,2025-02-23,East,Suresh,Furniture,Table,7,8000,56000,6776
ORD01427,2025-10-03,West,Sneha,Electronics,Laptop,8,50000,400000,61873
ORD01428,2025-07-15,South,Karthik,Electronics,Laptop,10,50000,500000,73750
ORD01429,2025-10-18,East,Suresh,Electronics,Laptop,19,50000,950000,208710
ORD01430,2025-12-20,South,Priya,Furniture,Sofa,7,25000,175000,38427
ORD01431,2025-08-26,West,Rahul,Electronics,Laptop,4,50000,200000,27346
ORD01432,2025-02-11,East,Arun,Furniture,Sofa,12,25000,300000,70679
ORD01433,2025-09-27,South,Priya,Electronics,Monitor,15,12000,180000,41715
ORD01434,2025-03-20,South,Anita,Furniture,Chair,12,3000,36000,7037
ORD01435,2025-07-23,West,Rahul,Electronics,Mobile,8,20000,160000,39262
ORD01436,2025-07-14,West,Rahul,Furniture,Sofa,19,25000,475000,73821
ORD01437,2025-12-22,West,Meena,Electronics,Monitor,19,12000,228000,57145
ORD01438,2025-09-16,South,Anita,Furniture,Table,16,8000,128000,20591
ORD01439,2025-05-03,North,Raj,Furniture,Chair,15,3000,45000,12134
ORD01440,2025-03-24,West,Rahul,Furniture,Table,8,8000,64000,12154
ORD01441,2025-08-17,East,Suresh,Furniture,Sofa,1,25000,25000,6280
ORD01442,2025-10-16,West,Meena,Furniture,Table,13,8000,104000,19370
ORD01443,2025-03-20,South,Karthik,Furniture,Chair,17,3000,51000,11790
ORD01444,2025-05-18,North,Raj,Furniture,Table,13,8000,104000,24147
ORD01445,2025-03-19,East,Suresh,Furniture,Table,4,8000,32000,9308
ORD01446,2025-07-26,South,Karthik,Electronics,Mobile,3,20000,60000,8313
ORD01447,2025-02-15,East,Suresh,Electronics,Mobile,16,20000,320000,37221
ORD01448,2025-08-15,West,Sneha,Electronics,Monitor,4,12000,48000,7717
ORD01449,2025-10-17,South,Anita,Furniture,Table,20,8000,160000,44823
ORD01450,2025-03-21,North,Vikram,Furniture,Sofa,11,25000,275000,33755
ORD01451,2025-05-08,East,Arun,Electronics,Mobile,10,20000,200000,50663
ORD01452,2025-03-10,East,Arun,Furniture,Table,16,8000,128000,32217
ORD01453,2025-08-08,East,Suresh,Furniture,Sofa,5,25000,125000,19297
ORD01454,2025-09-05,East,Arun,Electronics,Mobile,15,20000,300000,72386
ORD01455,2025-02-15,South,Karthik,Electronics,Mobile,15,20000,300000,86167
ORD01456,2025-11-02,East,Arun,Furniture,Sofa,20,25000,500000,123598
ORD01457,2025-01-24,North,Vikram,Electronics,Monitor,19,12000,228000,62281
ORD01458,2025-01-20,North,Amit,Electronics,Laptop,11,50000,550000,133170
ORD01459,2025-01-30,East,Arun,Furniture,Sofa,18,25000,450000,101993
ORD01460,2025-03-28,North,Raj,Furniture,Chair,20,3000,60000,12622
ORD01461,2025-11-20,North,Raj,Furniture,Table,18,8000,144000,20467
ORD01462,2025-04-23,South,Priya,Electronics,Mobile,5,20000,100000,26550
ORD01463,2025-01-23,East,Riya,Electronics,Laptop,10,50000,500000,144623
ORD01464,2025-06-05,West,Rahul,Furniture,Table,3,8000,24000,3576
ORD01465,2025-02-25,North,Vikram,Furniture,Chair,1,3000,3000,884
ORD01466,2025-12-27,South,Anita,Furniture,Chair,16,3000,48000,8165
ORD01467,2025-12-24,East,Riya,Electronics,Mobile,20,20000,400000,88458
ORD01468,2025-11-25,North,Raj,Furniture,Table,7,8000,56000,6178
ORD01469,2025-01-12,West,Sneha,Furniture,Sofa,5,25000,125000,30276
ORD01470,2025-09-20,South,Anita,Furniture,Table,4,8000,32000,8285
ORD01471,2025-06-05,South,Anita,Furniture,Table,6,8000,48000,9769
ORD01472,2025-11-15,North,Vikram,Electronics,Mobile,7,20000,140000,35759
ORD01473,2025-05-11,West,Meena,Furniture,Table,2,8000,16000,2115
ORD01474,2025-02-09,South,Priya,Furniture,Sofa,12,25000,300000,55790
ORD01475,2025-05-06,West,Rahul,Furniture,Table,9,8000,72000,19227
ORD01476,2025-07-09,South,Karthik,Electronics,Monitor,6,12000,72000,9722
ORD01477,2025-10-16,North,Amit,Furniture,Chair,9,3000,27000,7776
ORD01478,2025-04-07,West,Sneha,Electronics,Mobile,20,20000,400000,98243
ORD01479,2025-12-13,South,Karthik,Electronics,Mobile,3,20000,60000,17333
ORD01480,2025-05-05,West,Meena,Furniture,Table,19,8000,152000,17800
ORD01481,2025-04-27,West,Rahul,Electronics,Mobile,7,20000,140000,40815
ORD01482,2025-01-23,North,Raj,Electronics,Laptop,20,50000,1000000,132140
ORD01483,2025-06-08,East,Riya,Electronics,Mobile,10,20000,200000,50603
ORD01484,2025-01-26,North,Amit,Electronics,Laptop,2,50000,100000,14436
ORD01485,2025-06-14,North,Raj,Electronics,Laptop,11,50000,550000,74775
ORD01486,2025-12-18,South,Priya,Electronics,Mobile,17,20000,340000,101877
ORD01487,2025-08-05,South,Karthik,Electronics,Mobile,3,20000,60000,7169
ORD01488,2025-03-22,North,Amit,Furniture,Chair,11,3000,33000,7457
ORD01489,2025-09-23,West,Sneha,Electronics,Monitor,20,12000,240000,70053
ORD01490,2025-10-25,East,Suresh,Electronics,Laptop,8,50000,400000,91842
ORD01491,2025-05-16,East,Suresh,Electronics,Mobile,16,20000,320000,53655
ORD01492,2025-12-11,East,Arun,Electronics,Mobile,15,20000,300000,32414
ORD01493,2025-11-04,South,Karthik,Furniture,Chair,19,3000,57000,15550
ORD01494,2025-01-21,East,Suresh,Furniture,Sofa,9,25000,225000,25005
ORD01495,2025-09-02,North,Vikram,Furniture,Sofa,7,25000,175000,51276
ORD01496,2025-09-14,West,Meena,Furniture,Sofa,18,25000,450000,113839
ORD01497,2025-04-18,South,Priya,Electronics,Laptop,19,50000,950000,212677
ORD01498,2025-11-07,North,Raj,Electronics,Laptop,17,50000,850000,184886
ORD01499,2025-06-19,West,Sneha,Electronics,Monitor,18,12000,216000,52876
ORD01500,2025-06-18,South,Anita,Electronics,Mobile,16,20000,320000,64933
ORD01501,2025-03-30,East,Riya,Electronics,Mobile,13,20000,260000,39117
ORD01502,2025-05-16,South,Karthik,Electronics,Monitor,18,12000,216000,47310
ORD01503,2025-01-19,West,Rahul,Furniture,Sofa,5,25000,125000,35266
ORD01504,2025-08-12,North,Raj,Furniture,Table,18,8000,144000,42732
ORD01505,2025-02-13,South,Priya,Electronics,Laptop,4,50000,200000,23914
ORD01506,2025-09-19,South,Karthik,Electronics,Monitor,8,12000,96000,26770
ORD01507,2025-11-20,South,Priya,Furniture,Table,4,8000,32000,4708
ORD01508,2025-08-11,East,Arun,Furniture,Chair,17,3000,51000,14248
ORD01509,2025-03-11,South,Priya,Electronics,Mobile,2,20000,40000,9806
ORD01510,2025-05-11,West,Meena,Electronics,Laptop,17,50000,850000,206953
ORD01511,2025-05-13,South,Karthik,Electronics,Laptop,12,50000,600000,154872
ORD01512,2025-07-17,East,Riya,Furniture,Chair,10,3000,30000,8162
ORD01513,2025-05-24,East,Suresh,Electronics,Laptop,6,50000,300000,39307
ORD01514,2025-12-19,West,Rahul,Electronics,Monitor,18,12000,216000,35926
ORD01515,2025-12-20,South,Priya,Electronics,Laptop,5,50000,250000,55643
ORD01516,2025-05-06,South,Anita,Furniture,Table,19,8000,152000,19517
ORD01517,2025-06-19,East,Riya,Furniture,Chair,12,3000,36000,5403
ORD01518,2025-02-28,West,Rahul,Furniture,Sofa,18,25000,450000,53112
ORD01519,2025-09-05,East,Riya,Furniture,Chair,13,3000,39000,6626
ORD01520,2025-12-25,South,Anita,Electronics,Mobile,10,20000,200000,40854
ORD01521,2025-04-09,South,Priya,Furniture,Chair,12,3000,36000,6077
ORD01522,2025-11-15,West,Sneha,Electronics,Mobile,10,20000,200000,20082
ORD01523,2025-08-16,East,Suresh,Electronics,Mobile,16,20000,320000,51981
ORD01524,2025-07-18,West,Sneha,Electronics,Laptop,4,50000,200000,21403
ORD01525,2025-05-18,North,Vikram,Electronics,Mobile,20,20000,400000,57761
ORD01526,2025-11-11,West,Rahul,Furniture,Table,8,8000,64000,9800
ORD01527,2025-01-26,West,Meena,Electronics,Mobile,17,20000,340000,47905
ORD01528,2025-07-17,South,Karthik,Furniture,Chair,1,3000,3000,873
ORD01529,2025-04-03,East,Suresh,Furniture,Sofa,9,25000,225000,31747
ORD01530,2025-01-04,South,Anita,Electronics,Monitor,13,12000,156000,39975
ORD01531,2025-07-25,East,Riya,Furniture,Table,12,8000,96000,22832
ORD01532,2025-10-27,East,Arun,Furniture,Sofa,3,25000,75000,22375
ORD01533,2025-08-13,West,Meena,Electronics,Laptop,17,50000,850000,96886
ORD01534,2025-07-03,South,Anita,Electronics,Monitor,20,12000,240000,34485
ORD01535,2025-04-08,North,Vikram,Furniture,Sofa,6,25000,150000,16229
ORD01536,2025-11-05,North,Amit,Furniture,Chair,1,3000,3000,322
ORD01537,2025-01-07,East,Arun,Furniture,Table,5,8000,40000,11245
ORD01538,2025-07-14,South,Anita,Furniture,Table,10,8000,80000,11060
ORD01539,2025-07-26,East,Suresh,Electronics,Mobile,14,20000,280000,32055
ORD01540,2025-08-07,South,Anita,Electronics,Mobile,5,20000,100000,29820
ORD01541,2025-08-18,West,Sneha,Furniture,Table,13,8000,104000,12685
ORD01542,2025-08-06,West,Sneha,Electronics,Mobile,19,20000,380000,102907
ORD01543,2025-01-17,East,Suresh,Furniture,Table,1,8000,8000,854
ORD01544,2025-02-11,West,Meena,Electronics,Laptop,10,50000,500000,66276
ORD01545,2025-04-30,West,Rahul,Electronics,Mobile,14,20000,280000,54968
ORD01546,2025-07-12,East,Riya,Furniture,Table,15,8000,120000,32897
ORD01547,2025-07-16,East,Riya,Electronics,Monitor,6,12000,72000,13691
ORD01548,2025-10-27,East,Arun,Furniture,Table,12,8000,96000,22484
ORD01549,2025-05-01,North,Raj,Electronics,Monitor,9,12000,108000,21654
ORD01550,2025-07-07,North,Amit,Furniture,Sofa,2,25000,50000,8706
ORD01551,2025-07-15,South,Karthik,Electronics,Monitor,16,12000,192000,28738
ORD01552,2025-04-06,East,Riya,Electronics,Mobile,20,20000,400000,62007
ORD01553,2025-11-28,East,Arun,Electronics,Monitor,7,12000,84000,16368
ORD01554,2025-10-04,South,Anita,Furniture,Sofa,18,25000,450000,102022
ORD01555,2025-06-08,West,Rahul,Electronics,Mobile,1,20000,20000,5887
ORD01556,2025-10-11,West,Meena,Electronics,Monitor,20,12000,240000,62254
ORD01557,2025-06-02,North,Raj,Furniture,Table,13,8000,104000,31053
ORD01558,2025-01-11,East,Suresh,Electronics,Monitor,10,12000,120000,13645
ORD01559,2025-03-17,East,Suresh,Furniture,Chair,2,3000,6000,607
ORD01560,2025-08-13,South,Karthik,Electronics,Monitor,3,12000,36000,6251
ORD01561,2025-11-17,West,Meena,Electronics,Mobile,18,20000,360000,102674
ORD01562,2025-03-07,West,Sneha,Furniture,Table,5,8000,40000,10698
ORD01563,2025-11-29,East,Arun,Furniture,Chair,8,3000,24000,5067
ORD01564,2025-01-09,South,Priya,Electronics,Mobile,14,20000,280000,83355
ORD01565,2025-11-06,West,Rahul,Electronics,Mobile,16,20000,320000,36450
ORD01566,2025-01-30,West,Rahul,Furniture,Table,18,8000,144000,39577
ORD01567,2025-09-02,South,Karthik,Furniture,Sofa,3,25000,75000,21457
ORD01568,2025-04-24,East,Riya,Electronics,Mobile,13,20000,260000,65495
ORD01569,2025-12-21,East,Arun,Electronics,Laptop,20,50000,1000000,227997
ORD01570,2025-11-20,South,Karthik,Electronics,Monitor,16,12000,192000,24182
ORD01571,2025-02-26,East,Arun,Electronics,Laptop,9,50000,450000,113207
ORD01572,2025-07-17,East,Riya,Electronics,Monitor,11,12000,132000,34431
ORD01573,2025-11-21,West,Meena,Furniture,Chair,13,3000,39000,11617
ORD01574,2025-06-07,West,Meena,Furniture,Chair,14,3000,42000,9297
ORD01575,2025-09-30,South,Anita,Electronics,Monitor,14,12000,168000,25932
ORD01576,2025-11-20,North,Amit,Furniture,Table,9,8000,72000,13899
ORD01577,2025-02-14,West,Sneha,Furniture,Chair,19,3000,57000,11526
ORD01578,2025-04-21,West,Meena,Furniture,Table,4,8000,32000,7818
ORD01579,2025-12-06,West,Sneha,Electronics,Mobile,4,20000,80000,19558
ORD01580,2025-12-04,East,Riya,Furniture,Chair,12,3000,36000,3938
ORD01581,2025-12-08,East,Riya,Electronics,Mobile,9,20000,180000,47269
ORD01582,2025-12-10,West,Rahul,Furniture,Table,20,8000,160000,37108
ORD01583,2025-03-13,East,Arun,Furniture,Chair,11,3000,33000,7857
ORD01584,2025-12-26,South,Anita,Furniture,Sofa,9,25000,225000,27224
ORD01585,2025-08-25,North,Vikram,Electronics,Monitor,20,12000,240000,36035
ORD01586,2025-11-07,South,Anita,Electronics,Laptop,5,50000,250000,73046
ORD01587,2025-07-14,South,Anita,Electronics,Monitor,15,12000,180000,52698
ORD01588,2025-05-04,West,Sneha,Furniture,Table,13,8000,104000,15212
ORD01589,2025-06-13,South,Anita,Furniture,Sofa,18,25000,450000,64189
ORD01590,2025-01-25,South,Anita,Electronics,Monitor,8,12000,96000,26549
ORD01591,2025-10-15,East,Arun,Furniture,Table,11,8000,88000,10204
ORD01592,2025-11-06,West,Sneha,Electronics,Laptop,11,50000,550000,127733
ORD01593,2025-02-26,East,Arun,Furniture,Sofa,11,25000,275000,38755
ORD01594,2025-01-18,North,Raj,Furniture,Table,1,8000,8000,2077
ORD01595,2025-04-19,East,Arun,Furniture,Chair,4,3000,12000,1344
ORD01596,2025-07-04,South,Karthik,Electronics,Monitor,4,12000,48000,8504
ORD01597,2025-01-18,West,Meena,Electronics,Laptop,4,50000,200000,26573
ORD01598,2025-03-31,East,Riya,Electronics,Mobile,18,20000,360000,41057
ORD01599,2025-12-09,South,Karthik,Furniture,Table,12,8000,96000,14693
ORD01600,2025-06-28,East,Suresh,Electronics,Mobile,11,20000,220000,53846
ORD01601,2025-02-23,West,Sneha,Electronics,Laptop,8,50000,400000,60791
ORD01602,2025-12-26,South,Priya,Furniture,Sofa,5,25000,125000,32480
ORD01603,2025-03-05,West,Sneha,Electronics,Monitor,15,12000,180000,20515
ORD01604,2025-07-02,North,Amit,Furniture,Sofa,5,25000,125000,20964
ORD01605,2025-04-05,South,Priya,Electronics,Mobile,17,20000,340000,34479
ORD01606,2025-07-04,West,Rahul,Electronics,Laptop,3,50000,150000,43823
ORD01607,2025-11-10,West,Sneha,Furniture,Table,20,8000,160000,19776
ORD01608,2025-02-14,West,Rahul,Furniture,Table,19,8000,152000,43824
ORD01609,2025-02-28,South,Anita,Electronics,Laptop,6,50000,300000,81360
ORD01610,2025-10-14,West,Rahul,Furniture,Sofa,6,25000,150000,33268
ORD01611,2025-09-18,West,Rahul,Electronics,Mobile,11,20000,220000,36550
ORD01612,2025-06-19,West,Meena,Electronics,Monitor,2,12000,24000,2520
ORD01613,2025-05-02,North,Amit,Furniture,Sofa,18,25000,450000,76529
ORD01614,2025-11-14,North,Raj,Electronics,Monitor,5,12000,60000,14506
ORD01615,2025-05-11,South,Karthik,Electronics,Laptop,17,50000,850000,232643
ORD01616,2025-03-07,South,Priya,Electronics,Laptop,8,50000,400000,60277
ORD01617,2025-07-25,South,Karthik,Electronics,Laptop,6,50000,300000,75964
ORD01618,2025-05-18,South,Priya,Furniture,Sofa,1,25000,25000,2730
ORD01619,2025-10-23,East,Riya,Furniture,Sofa,5,25000,125000,13103
ORD01620,2025-06-04,South,Karthik,Furniture,Table,2,8000,16000,3777
ORD01621,2025-06-22,South,Karthik,Electronics,Laptop,4,50000,200000,57813
ORD01622,2025-10-11,West,Sneha,Electronics,Mobile,10,20000,200000,31172
ORD01623,2025-12-02,East,Arun,Electronics,Monitor,14,12000,168000,29808
ORD01624,2025-07-29,North,Amit,Electronics,Monitor,6,12000,72000,17305
ORD01625,2025-05-11,North,Amit,Electronics,Laptop,17,50000,850000,158288
ORD01626,2025-07-30,North,Raj,Furniture,Chair,9,3000,27000,5482
ORD01627,2025-04-01,South,Anita,Furniture,Sofa,16,25000,400000,87902
ORD01628,2025-01-09,West,Rahul,Electronics,Mobile,11,20000,220000,29903
ORD01629,2025-07-11,West,Sneha,Furniture,Chair,3,3000,9000,2623
ORD01630,2025-10-26,North,Raj,Furniture,Sofa,1,25000,25000,5058
ORD01631,2025-04-09,West,Meena,Furniture,Chair,5,3000,15000,3835
ORD01632,2025-02-24,West,Rahul,Electronics,Mobile,9,20000,180000,40295
ORD01633,2025-08-06,South,Anita,Furniture,Table,9,8000,72000,14546
ORD01634,2025-04-16,South,Priya,Electronics,Laptop,15,50000,750000,224403
ORD01635,2025-02-25,North,Vikram,Electronics,Laptop,3,50000,150000,43373
ORD01636,2025-05-25,North,Vikram,Furniture,Chair,12,3000,36000,10266
ORD01637,2025-08-01,West,Meena,Furniture,Chair,8,3000,24000,4722
ORD01638,2025-09-21,West,Rahul,Furniture,Sofa,16,25000,400000,108689
ORD01639,2025-06-13,West,Meena,Electronics,Laptop,12,50000,600000,156756
ORD01640,2025-03-16,West,Sneha,Electronics,Mobile,16,20000,320000,35480
ORD01641,2025-05-28,West,Sneha,Electronics,Monitor,7,12000,84000,17098
ORD01642,2025-11-10,West,Sneha,Furniture,Chair,3,3000,9000,2644
ORD01643,2025-11-20,West,Meena,Furniture,Sofa,4,25000,100000,28922
ORD01644,2025-07-19,East,Suresh,Electronics,Laptop,2,50000,100000,16346
ORD01645,2025-07-28,East,Suresh,Furniture,Sofa,13,25000,325000,64574
ORD01646,2025-10-25,North,Amit,Furniture,Chair,2,3000,6000,1528
ORD01647,2025-06-02,North,Amit,Furniture,Table,7,8000,56000,6040
ORD01648,2025-07-21,South,Priya,Electronics,Monitor,18,12000,216000,52683
ORD01649,2025-10-25,South,Anita,Electronics,Monitor,10,12000,120000,35863
ORD01650,2025-12-23,West,Meena,Furniture,Sofa,11,25000,275000,58198
ORD01651,2025-09-13,East,Suresh,Electronics,Mobile,14,20000,280000,29049
ORD01652,2025-11-24,East,Riya,Electronics,Monitor,12,12000,144000,23678
ORD01653,2025-11-01,East,Riya,Furniture,Table,9,8000,72000,15884
ORD01654,2025-11-20,East,Suresh,Electronics,Monitor,2,12000,24000,2585
ORD01655,2025-02-09,South,Priya,Furniture,Chair,1,3000,3000,647
ORD01656,2025-03-02,West,Meena,Electronics,Mobile,20,20000,400000,99619
ORD01657,2025-07-27,East,Arun,Furniture,Table,20,8000,160000,16393
ORD01658,2025-03-02,North,Vikram,Furniture,Table,2,8000,16000,3257
ORD01659,2025-12-12,North,Raj,Electronics,Mobile,4,20000,80000,13958
ORD01660,2025-06-06,North,Raj,Electronics,Laptop,12,50000,600000,131997
ORD01661,2025-11-03,West,Meena,Furniture,Chair,8,3000,24000,6263
ORD01662,2025-10-15,East,Arun,Furniture,Sofa,9,25000,225000,32220
ORD01663,2025-07-09,East,Riya,Electronics,Monitor,4,12000,48000,13846
ORD01664,2025-06-03,West,Sneha,Electronics,Monitor,19,12000,228000,47536
ORD01665,2025-04-18,West,Sneha,Electronics,Monitor,5,12000,60000,9539
ORD01666,2025-05-17,East,Suresh,Electronics,Laptop,16,50000,800000,236439
ORD01667,2025-12-28,North,Raj,Electronics,Monitor,12,12000,144000,35882
ORD01668,2025-02-15,West,Rahul,Furniture,Sofa,6,25000,150000,26564
ORD01669,2025-12-09,South,Karthik,Electronics,Laptop,3,50000,150000,34040
ORD01670,2025-04-16,West,Meena,Electronics,Laptop,16,50000,800000,198261
ORD01671,2025-08-31,East,Suresh,Electronics,Monitor,20,12000,240000,66270
ORD01672,2025-04-18,East,Suresh,Electronics,Mobile,1,20000,20000,4253
ORD01673,2025-07-05,South,Priya,Electronics,Monitor,8,12000,96000,19377
ORD01674,2025-09-05,North,Raj,Furniture,Chair,15,3000,45000,5232
ORD01675,2025-07-28,North,Amit,Furniture,Sofa,6,25000,150000,34566
ORD01676,2025-07-12,East,Riya,Furniture,Table,11,8000,88000,26204
ORD01677,2025-05-21,North,Amit,Furniture,Table,8,8000,64000,11387
ORD01678,2025-08-06,South,Priya,Furniture,Table,6,8000,48000,12303
ORD01679,2025-01-09,North,Amit,Electronics,Monitor,20,12000,240000,39421
ORD01680,2025-06-18,East,Riya,Furniture,Sofa,7,25000,175000,42616
ORD01681,2025-06-03,North,Amit,Furniture,Chair,19,3000,57000,11093
ORD01682,2025-12-31,West,Meena,Furniture,Sofa,6,25000,150000,17738
ORD01683,2025-08-25,North,Vikram,Furniture,Table,8,8000,64000,10095
ORD01684,2025-10-04,South,Karthik,Furniture,Table,11,8000,88000,16472
ORD01685,2025-11-18,North,Amit,Electronics,Laptop,6,50000,300000,45608
ORD01686,2025-12-21,East,Suresh,Electronics,Laptop,16,50000,800000,141193
ORD01687,2025-04-12,North,Raj,Electronics,Laptop,13,50000,650000,144947
ORD01688,2025-09-19,East,Suresh,Furniture,Sofa,20,25000,500000,137882
ORD01689,2025-11-09,North,Raj,Furniture,Chair,12,3000,36000,6450
ORD01690,2025-06-30,East,Arun,Electronics,Laptop,3,50000,150000,30307
ORD01691,2025-05-27,North,Amit,Electronics,Monitor,1,12000,12000,3422
ORD01692,2025-01-31,North,Vikram,Electronics,Mobile,13,20000,260000,60928
ORD01693,2025-05-30,North,Vikram,Electronics,Mobile,18,20000,360000,63950
ORD01694,2025-05-26,East,Riya,Electronics,Mobile,2,20000,40000,10260
ORD01695,2025-01-31,South,Priya,Electronics,Laptop,4,50000,200000,34978
ORD01696,2025-10-17,East,Riya,Furniture,Table,11,8000,88000,25601
ORD01697,2025-05-23,West,Rahul,Electronics,Mobile,12,20000,240000,49847
ORD01698,2025-11-25,West,Sneha,Furniture,Chair,15,3000,45000,9443
ORD01699,2025-07-31,East,Suresh,Electronics,Mobile,18,20000,360000,53203
ORD01700,2025-06-25,East,Arun,Furniture,Chair,10,3000,30000,7725
ORD01701,2025-07-07,South,Karthik,Furniture,Chair,15,3000,45000,10488
ORD01702,2025-10-05,East,Riya,Furniture,Table,9,8000,72000,12828
ORD01703,2025-09-08,North,Raj,Electronics,Laptop,13,50000,650000,127022
ORD01704,2025-01-14,East,Suresh,Furniture,Chair,14,3000,42000,10599
ORD01705,2025-10-24,North,Raj,Furniture,Sofa,9,25000,225000,42376
ORD01706,2025-08-08,West,Meena,Electronics,Mobile,9,20000,180000,39390
ORD01707,2025-12-12,South,Priya,Furniture,Sofa,10,25000,250000,27013
ORD01708,2025-01-13,South,Karthik,Furniture,Table,19,8000,152000,16692
ORD01709,2025-01-17,East,Suresh,Furniture,Chair,18,3000,54000,9161
ORD01710,2025-10-25,West,Meena,Electronics,Monitor,12,12000,144000,31680
ORD01711,2025-09-11,South,Anita,Furniture,Chair,11,3000,33000,5476
ORD01712,2025-05-09,North,Amit,Furniture,Chair,6,3000,18000,3713
ORD01713,2025-03-08,South,Priya,Furniture,Table,8,8000,64000,13412
ORD01714,2025-11-23,South,Karthik,Furniture,Sofa,13,25000,325000,57086
ORD01715,2025-11-27,West,Rahul,Electronics,Laptop,18,50000,900000,177908
ORD01716,2025-04-07,West,Rahul,Furniture,Chair,16,3000,48000,13185
ORD01717,2025-03-28,South,Anita,Electronics,Mobile,7,20000,140000,17806
ORD01718,2025-09-16,North,Vikram,Electronics,Monitor,5,12000,60000,15148
ORD01719,2025-05-08,South,Anita,Furniture,Chair,16,3000,48000,6376
ORD01720,2025-10-08,South,Karthik,Furniture,Table,15,8000,120000,35694
ORD01721,2025-10-19,South,Priya,Furniture,Sofa,7,25000,175000,31307
ORD01722,2025-11-21,South,Priya,Furniture,Sofa,15,25000,375000,55468
ORD01723,2025-03-19,West,Rahul,Electronics,Laptop,9,50000,450000,108618
ORD01724,2025-07-07,South,Karthik,Electronics,Monitor,3,12000,36000,10020
ORD01725,2025-09-18,North,Vikram,Electronics,Monitor,11,12000,132000,17566
ORD01726,2025-07-29,East,Arun,Electronics,Laptop,19,50000,950000,190722
ORD01727,2025-01-10,South,Priya,Electronics,Monitor,2,12000,24000,6029
ORD01728,2025-12-28,North,Raj,Electronics,Laptop,12,50000,600000,84692
ORD01729,2025-12-27,South,Priya,Furniture,Chair,20,3000,60000,17607
ORD01730,2025-12-27,West,Rahul,Furniture,Sofa,18,25000,450000,123863
ORD01731,2025-11-03,East,Riya,Furniture,Chair,13,3000,39000,8789
ORD01732,2025-04-18,East,Riya,Furniture,Sofa,12,25000,300000,38036
ORD01733,2025-07-10,South,Anita,Furniture,Chair,19,3000,57000,10868
ORD01734,2025-07-17,West,Meena,Electronics,Laptop,14,50000,700000,95877
ORD01735,2025-05-19,West,Meena,Electronics,Monitor,8,12000,96000,21605
ORD01736,2025-03-01,East,Arun,Electronics,Monitor,10,12000,120000,30760
ORD01737,2025-09-22,South,Priya,Electronics,Mobile,7,20000,140000,41206
ORD01738,2025-06-21,West,Sneha,Furniture,Chair,9,3000,27000,4530
ORD01739,2025-06-20,North,Vikram,Furniture,Table,12,8000,96000,15554
ORD01740,2025-07-21,South,Karthik,Furniture,Chair,6,3000,18000,4979
ORD01741,2025-04-07,West,Meena,Furniture,Chair,19,3000,57000,11551
ORD01742,2025-07-07,North,Vikram,Furniture,Chair,20,3000,60000,11531
ORD01743,2025-08-22,East,Suresh,Electronics,Mobile,13,20000,260000,32824
ORD01744,2025-12-28,North,Vikram,Electronics,Mobile,11,20000,220000,49899
ORD01745,2025-01-24,South,Priya,Electronics,Monitor,19,12000,228000,56902
ORD01746,2025-11-14,West,Meena,Furniture,Table,12,8000,96000,22827
ORD01747,2025-01-20,South,Anita,Electronics,Monitor,13,12000,156000,33717
ORD01748,2025-12-19,East,Suresh,Furniture,Sofa,16,25000,400000,52646
ORD01749,2025-02-03,South,Anita,Electronics,Mobile,3,20000,60000,6395
ORD01750,2025-10-16,North,Amit,Furniture,Sofa,2,25000,50000,5553
ORD01751,2025-07-14,North,Raj,Furniture,Chair,16,3000,48000,13959
ORD01752,2025-03-10,North,Vikram,Electronics,Laptop,4,50000,200000,48537
ORD01753,2025-11-11,East,Riya,Electronics,Laptop,13,50000,650000,184571
ORD01754,2025-10-25,East,Riya,Furniture,Chair,7,3000,21000,4969
ORD01755,2025-03-15,South,Priya,Furniture,Chair,17,3000,51000,5249
ORD01756,2025-08-14,East,Arun,Electronics,Monitor,12,12000,144000,24251
ORD01757,2025-02-21,South,Priya,Furniture,Table,11,8000,88000,9321
ORD01758,2025-06-22,West,Meena,Electronics,Laptop,9,50000,450000,133283
ORD01759,2025-04-24,East,Suresh,Furniture,Chair,11,3000,33000,7592
ORD01760,2025-06-26,West,Meena,Furniture,Table,17,8000,136000,16882
ORD01761,2025-04-16,East,Arun,Electronics,Monitor,15,12000,180000,33418
ORD01762,2025-11-05,South,Karthik,Electronics,Monitor,1,12000,12000,3093
ORD01763,2025-01-29,South,Karthik,Electronics,Laptop,17,50000,850000,173851
ORD01764,2025-05-20,West,Sneha,Furniture,Chair,3,3000,9000,2224
ORD01765,2025-08-15,East,Arun,Electronics,Monitor,3,12000,36000,9483
ORD01766,2025-11-14,South,Anita,Furniture,Table,12,8000,96000,27330
ORD01767,2025-09-08,South,Karthik,Furniture,Sofa,13,25000,325000,77866
ORD01768,2025-06-07,South,Priya,Electronics,Mobile,9,20000,180000,25286
ORD01769,2025-07-15,East,Suresh,Furniture,Sofa,10,25000,250000,47489
ORD01770,2025-11-08,South,Priya,Electronics,Laptop,20,50000,1000000,298757
ORD01771,2025-11-14,South,Karthik,Electronics,Mobile,5,20000,100000,20115
ORD01772,2025-07-25,South,Karthik,Electronics,Mobile,5,20000,100000,25522
ORD01773,2025-07-20,East,Arun,Electronics,Monitor,5,12000,60000,16685
ORD01774,2025-07-15,West,Rahul,Furniture,Sofa,2,25000,50000,11827
ORD01775,2025-08-28,East,Suresh,Furniture,Table,2,8000,16000,2375
ORD01776,2025-01-26,North,Raj,Electronics,Mobile,4,20000,80000,11055
ORD01777,2025-04-03,West,Sneha,Furniture,Chair,7,3000,21000,5406
ORD01778,2025-04-12,North,Raj,Furniture,Table,10,8000,80000,17151
ORD01779,2025-06-18,West,Rahul,Furniture,Sofa,8,25000,200000,48317
ORD01780,2025-02-09,West,Rahul,Furniture,Chair,13,3000,39000,5945
ORD01781,2025-11-18,East,Suresh,Furniture,Sofa,5,25000,125000,18082
ORD01782,2025-01-02,East,Riya,Furniture,Chair,3,3000,9000,2315
ORD01783,2025-02-20,West,Sneha,Furniture,Chair,18,3000,54000,8201
ORD01784,2025-12-07,West,Meena,Furniture,Table,10,8000,80000,16677
ORD01785,2025-10-31,South,Anita,Furniture,Sofa,11,25000,275000,46595
ORD01786,2025-01-09,West,Meena,Furniture,Chair,8,3000,24000,3695
ORD01787,2025-03-11,East,Riya,Furniture,Chair,20,3000,60000,9519
ORD01788,2025-07-26,East,Riya,Electronics,Laptop,15,50000,750000,90144
ORD01789,2025-09-23,South,Priya,Electronics,Laptop,6,50000,300000,84175
ORD01790,2025-12-11,South,Karthik,Furniture,Sofa,1,25000,25000,5441
ORD01791,2025-03-21,East,Riya,Furniture,Chair,6,3000,18000,3616
ORD01792,2025-09-21,West,Meena,Furniture,Sofa,6,25000,150000,42866
ORD01793,2025-11-01,East,Arun,Furniture,Sofa,19,25000,475000,129441
ORD01794,2025-10-29,South,Karthik,Electronics,Monitor,19,12000,228000,44240
ORD01795,2025-04-03,West,Meena,Furniture,Chair,16,3000,48000,8618
ORD01796,2025-06-30,South,Priya,Furniture,Sofa,10,25000,250000,45637
ORD01797,2025-12-27,South,Anita,Electronics,Monitor,9,12000,108000,22402
ORD01798,2025-06-27,East,Suresh,Electronics,Mobile,12,20000,240000,61544
ORD01799,2025-12-24,North,Vikram,Furniture,Table,2,8000,16000,4466
ORD01800,2025-03-15,South,Priya,Furniture,Sofa,16,25000,400000,55652
ORD01801,2025-12-04,North,Raj,Electronics,Mobile,11,20000,220000,49678
ORD01802,2025-01-21,North,Vikram,Furniture,Sofa,17,25000,425000,43256
ORD01803,2025-04-20,South,Karthik,Electronics,Mobile,14,20000,280000,51053
ORD01804,2025-08-14,South,Priya,Electronics,Laptop,17,50000,850000,150372
ORD01805,2025-08-27,West,Rahul,Furniture,Sofa,1,25000,25000,4598
ORD01806,2025-11-08,South,Priya,Electronics,Monitor,4,12000,48000,11743
ORD01807,2025-06-18,North,Amit,Furniture,Table,4,8000,32000,3218
ORD01808,2025-09-08,South,Priya,Electronics,Mobile,14,20000,280000,70937
ORD01809,2025-04-11,North,Vikram,Furniture,Table,9,8000,72000,19927
ORD01810,2025-09-25,South,Priya,Electronics,Mobile,7,20000,140000,32534
ORD01811,2025-07-03,West,Rahul,Furniture,Chair,12,3000,36000,6686
ORD01812,2025-06-04,North,Raj,Furniture,Table,13,8000,104000,11218
ORD01813,2025-05-26,West,Meena,Furniture,Sofa,13,25000,325000,50710
ORD01814,2025-09-09,South,Karthik,Electronics,Monitor,5,12000,60000,13694
ORD01815,2025-03-25,East,Suresh,Electronics,Laptop,7,50000,350000,74269
ORD01816,2025-09-29,West,Sneha,Electronics,Laptop,20,50000,1000000,237381
ORD01817,2025-09-27,West,Sneha,Furniture,Sofa,15,25000,375000,76290
ORD01818,2025-09-26,West,Rahul,Electronics,Monitor,7,12000,84000,12834
ORD01819,2025-11-03,East,Suresh,Furniture,Chair,11,3000,33000,6909
ORD01820,2025-09-04,East,Riya,Electronics,Laptop,11,50000,550000,84900
ORD01821,2025-04-22,North,Raj,Furniture,Table,16,8000,128000,25269
ORD01822,2025-09-04,East,Riya,Electronics,Monitor,9,12000,108000,15317
ORD01823,2025-09-01,East,Riya,Furniture,Sofa,20,25000,500000,83002
ORD01824,2025-11-09,North,Vikram,Furniture,Chair,1,3000,3000,512
ORD01825,2025-12-17,West,Sneha,Electronics,Laptop,13,50000,650000,151692
ORD01826,2025-08-18,West,Sneha,Electronics,Laptop,14,50000,700000,86964
ORD01827,2025-03-13,West,Meena,Electronics,Laptop,13,50000,650000,99274
ORD01828,2025-11-26,East,Suresh,Electronics,Laptop,15,50000,750000,187081
ORD01829,2025-08-08,East,Arun,Electronics,Mobile,9,20000,180000,36362
ORD01830,2025-03-06,East,Arun,Furniture,Sofa,16,25000,400000,115040
ORD01831,2025-10-04,East,Riya,Electronics,Mobile,1,20000,20000,3179
ORD01832,2025-03-04,South,Priya,Furniture,Table,18,8000,144000,18366
ORD01833,2025-05-07,West,Meena,Furniture,Chair,13,3000,39000,10534
ORD01834,2025-03-16,West,Meena,Furniture,Sofa,17,25000,425000,79698
ORD01835,2025-06-07,West,Rahul,Furniture,Table,4,8000,32000,8037
ORD01836,2025-03-21,South,Priya,Furniture,Sofa,18,25000,450000,119436
ORD01837,2025-07-03,North,Raj,Furniture,Table,18,8000,144000,30399
ORD01838,2025-11-30,East,Suresh,Furniture,Sofa,17,25000,425000,96509
ORD01839,2025-01-14,North,Raj,Furniture,Sofa,20,25000,500000,62779
ORD01840,2025-11-28,South,Karthik,Furniture,Table,19,8000,152000,33187
ORD01841,2025-01-16,North,Amit,Furniture,Table,9,8000,72000,18537
ORD01842,2025-02-20,East,Riya,Furniture,Table,5,8000,40000,10830
ORD01843,2025-10-07,South,Priya,Furniture,Chair,20,3000,60000,12008
ORD01844,2025-12-29,North,Raj,Electronics,Mobile,17,20000,340000,79925
ORD01845,2025-02-26,North,Vikram,Furniture,Chair,13,3000,39000,9116
ORD01846,2025-05-24,East,Riya,Furniture,Table,8,8000,64000,7876
ORD01847,2025-01-16,North,Raj,Electronics,Mobile,16,20000,320000,94772
ORD01848,2025-04-23,West,Meena,Furniture,Sofa,11,25000,275000,51429
ORD01849,2025-05-31,West,Meena,Furniture,Sofa,1,25000,25000,2806
ORD01850,2025-05-24,East,Suresh,Electronics,Monitor,7,12000,84000,24536
ORD01851,2025-01-02,East,Suresh,Electronics,Laptop,16,50000,800000,237031
ORD01852,2025-09-19,North,Vikram,Electronics,Mobile,13,20000,260000,64786
ORD01853,2025-07-09,North,Vikram,Electronics,Laptop,10,50000,500000,140115
ORD01854,2025-09-30,North,Amit,Furniture,Chair,9,3000,27000,5726
ORD01855,2025-01-20,West,Rahul,Electronics,Mobile,12,20000,240000,60889
ORD01856,2025-11-02,North,Vikram,Electronics,Monitor,11,12000,132000,13314
ORD01857,2025-09-30,North,Vikram,Furniture,Chair,9,3000,27000,7881
ORD01858,2025-10-20,East,Riya,Electronics,Monitor,8,12000,96000,26122
ORD01859,2025-08-23,West,Sneha,Furniture,Chair,10,3000,30000,7957
ORD01860,2025-08-10,South,Karthik,Furniture,Sofa,5,25000,125000,14010
ORD01861,2025-11-09,West,Meena,Electronics,Monitor,14,12000,168000,37619
ORD01862,2025-03-02,North,Amit,Furniture,Table,14,8000,112000,27676
ORD01863,2025-06-28,North,Vikram,Furniture,Chair,18,3000,54000,15834
ORD01864,2025-02-26,South,Anita,Furniture,Table,13,8000,104000,10797
ORD01865,2025-01-08,East,Arun,Electronics,Mobile,11,20000,220000,48867
ORD01866,2025-06-19,West,Sneha,Furniture,Chair,20,3000,60000,15515
ORD01867,2025-09-12,East,Suresh,Furniture,Sofa,19,25000,475000,72726
ORD01868,2025-06-23,South,Karthik,Furniture,Sofa,18,25000,450000,86313
ORD01869,2025-10-24,South,Karthik,Furniture,Chair,20,3000,60000,7065
ORD01870,2025-10-16,North,Vikram,Electronics,Mobile,20,20000,400000,44122
ORD01871,2025-10-25,South,Karthik,Furniture,Chair,17,3000,51000,10769
ORD01872,2025-01-26,South,Priya,Furniture,Table,18,8000,144000,24625
ORD01873,2025-01-10,West,Meena,Furniture,Table,3,8000,24000,4746
ORD01874,2025-10-14,South,Priya,Electronics,Mobile,16,20000,320000,47300
ORD01875,2025-01-18,West,Meena,Furniture,Table,15,8000,120000,13156
ORD01876,2025-06-10,West,Sneha,Furniture,Sofa,9,25000,225000,29798
ORD01877,2025-06-21,East,Riya,Electronics,Monitor,19,12000,228000,49885
ORD01878,2025-12-14,North,Amit,Furniture,Table,1,8000,8000,1619
ORD01879,2025-09-05,South,Karthik,Furniture,Table,18,8000,144000,38179
ORD01880,2025-03-21,North,Amit,Electronics,Monitor,19,12000,228000,33561
ORD01881,2025-08-12,West,Meena,Electronics,Laptop,11,50000,550000,156232
ORD01882,2025-05-15,East,Suresh,Furniture,Chair,18,3000,54000,15114
ORD01883,2025-04-18,East,Riya,Electronics,Monitor,8,12000,96000,15481
ORD01884,2025-09-04,South,Anita,Furniture,Chair,18,3000,54000,10755
ORD01885,2025-11-19,South,Anita,Electronics,Laptop,17,50000,850000,162709
ORD01886,2025-06-13,West,Rahul,Electronics,Laptop,17,50000,850000,195005
ORD01887,2025-09-09,East,Arun,Furniture,Sofa,17,25000,425000,123404
ORD01888,2025-12-04,North,Raj,Furniture,Table,12,8000,96000,12727
ORD01889,2025-12-23,South,Karthik,Electronics,Mobile,16,20000,320000,93226
ORD01890,2025-01-04,East,Arun,Furniture,Chair,12,3000,36000,5369
ORD01891,2025-06-23,North,Raj,Electronics,Monitor,6,12000,72000,20119
ORD01892,2025-04-13,West,Sneha,Furniture,Sofa,7,25000,175000,24979
ORD01893,2025-06-07,East,Riya,Electronics,Laptop,2,50000,100000,17543
ORD01894,2025-05-17,South,Karthik,Electronics,Laptop,19,50000,950000,246394
ORD01895,2025-11-05,North,Amit,Furniture,Table,7,8000,56000,13791
ORD01896,2025-02-13,South,Priya,Electronics,Laptop,8,50000,400000,83347
ORD01897,2025-02-02,South,Karthik,Electronics,Laptop,8,50000,400000,113799
ORD01898,2025-10-07,North,Vikram,Furniture,Sofa,1,25000,25000,5202
ORD01899,2025-02-19,South,Karthik,Furniture,Sofa,12,25000,300000,79014
ORD01900,2025-06-28,West,Meena,Furniture,Chair,5,3000,15000,3483
ORD01901,2025-12-31,West,Rahul,Electronics,Mobile,18,20000,360000,48509
ORD01902,2025-04-28,East,Suresh,Furniture,Table,20,8000,160000,31705
ORD01903,2025-05-25,West,Sneha,Furniture,Chair,13,3000,39000,11345
ORD01904,2025-06-02,West,Meena,Electronics,Laptop,6,50000,300000,65611
ORD01905,2025-04-22,North,Amit,Furniture,Chair,13,3000,39000,7182
ORD01906,2025-07-13,South,Anita,Furniture,Sofa,5,25000,125000,24215
ORD01907,2025-12-29,North,Amit,Electronics,Laptop,20,50000,1000000,270412
ORD01908,2025-02-28,North,Amit,Electronics,Laptop,15,50000,750000,142395
ORD01909,2025-09-17,North,Amit,Electronics,Laptop,1,50000,50000,6254
ORD01910,2025-02-01,East,Riya,Furniture,Sofa,12,25000,300000,86489
ORD01911,2025-01-03,North,Raj,Furniture,Sofa,5,25000,125000,15930
ORD01912,2025-05-25,West,Rahul,Furniture,Sofa,3,25000,75000,7871
ORD01913,2025-02-04,South,Karthik,Furniture,Table,13,8000,104000,28868
ORD01914,2025-03-01,North,Vikram,Furniture,Sofa,13,25000,325000,73570
ORD01915,2025-07-19,North,Vikram,Furniture,Table,11,8000,88000,23720
ORD01916,2025-12-13,North,Amit,Electronics,Monitor,5,12000,60000,11639
ORD01917,2025-07-12,South,Anita,Furniture,Table,9,8000,72000,10218
ORD01918,2025-05-31,North,Raj,Furniture,Table,20,8000,160000,38377
ORD01919,2025-02-20,South,Anita,Electronics,Mobile,8,20000,160000,42858
ORD01920,2025-08-06,South,Anita,Electronics,Mobile,8,20000,160000,18173
ORD01921,2025-08-28,East,Suresh,Electronics,Mobile,14,20000,280000,45952
ORD01922,2025-06-15,West,Sneha,Furniture,Table,19,8000,152000,44802
ORD01923,2025-08-04,South,Priya,Electronics,Monitor,4,12000,48000,14116
ORD01924,2025-10-20,South,Karthik,Furniture,Sofa,9,25000,225000,35093
ORD01925,2025-05-23,North,Vikram,Electronics,Monitor,17,12000,204000,42880
ORD01926,2025-02-15,East,Arun,Furniture,Table,18,8000,144000,15879
ORD01927,2025-01-25,East,Suresh,Electronics,Laptop,12,50000,600000,96691
ORD01928,2025-04-23,South,Priya,Furniture,Chair,17,3000,51000,9518
ORD01929,2025-11-01,East,Suresh,Furniture,Table,8,8000,64000,7659
ORD01930,2025-08-09,South,Anita,Electronics,Mobile,2,20000,40000,7172
ORD01931,2025-12-20,West,Rahul,Furniture,Table,17,8000,136000,18685
ORD01932,2025-09-28,North,Amit,Electronics,Monitor,2,12000,24000,5263
ORD01933,2025-09-11,East,Arun,Furniture,Table,1,8000,8000,1901
ORD01934,2025-08-31,West,Rahul,Furniture,Sofa,20,25000,500000,98780
ORD01935,2025-09-07,East,Suresh,Furniture,Chair,7,3000,21000,3130
ORD01936,2025-08-05,West,Sneha,Furniture,Chair,17,3000,51000,7978
ORD01937,2025-08-12,West,Rahul,Furniture,Sofa,16,25000,400000,76018
ORD01938,2025-03-09,North,Amit,Electronics,Laptop,18,50000,900000,98282
ORD01939,2025-05-09,North,Raj,Furniture,Sofa,5,25000,125000,34109
ORD01940,2025-09-28,South,Anita,Electronics,Laptop,10,50000,500000,133984
ORD01941,2025-06-09,East,Riya,Furniture,Chair,9,3000,27000,7098
ORD01942,2025-05-06,South,Anita,Electronics,Laptop,2,50000,100000,19821
ORD01943,2025-12-29,South,Anita,Furniture,Table,12,8000,96000,28771
ORD01944,2025-02-18,South,Anita,Furniture,Table,15,8000,120000,16839
ORD01945,2025-11-02,North,Vikram,Furniture,Chair,2,3000,6000,1348
ORD01946,2025-05-28,East,Arun,Electronics,Monitor,16,12000,192000,21591
ORD01947,2025-06-26,East,Suresh,Electronics,Laptop,1,50000,50000,5734
ORD01948,2025-01-08,East,Arun,Furniture,Table,18,8000,144000,28885
ORD01949,2025-07-27,East,Suresh,Electronics,Mobile,17,20000,340000,43579
ORD01950,2025-04-17,North,Amit,Electronics,Mobile,20,20000,400000,102516
ORD01951,2025-06-07,East,Arun,Furniture,Table,15,8000,120000,21341
ORD01952,2025-09-19,North,Vikram,Furniture,Chair,17,3000,51000,12031
ORD01953,2025-01-20,East,Riya,Electronics,Monitor,7,12000,84000,20875
ORD01954,2025-07-12,South,Karthik,Furniture,Chair,14,3000,42000,4756
ORD01955,2025-04-13,South,Priya,Furniture,Sofa,8,25000,200000,47341
ORD01956,2025-09-12,North,Vikram,Furniture,Sofa,20,25000,500000,130011
ORD01957,2025-09-22,North,Raj,Furniture,Sofa,14,25000,350000,88192
ORD01958,2025-06-14,West,Rahul,Electronics,Laptop,8,50000,400000,108921
ORD01959,2025-01-10,North,Raj,Furniture,Sofa,20,25000,500000,101451
ORD01960,2025-03-25,East,Riya,Electronics,Monitor,9,12000,108000,12395
ORD01961,2025-06-13,West,Meena,Electronics,Laptop,14,50000,700000,185236
ORD01962,2025-02-02,East,Riya,Furniture,Sofa,2,25000,50000,7681
ORD01963,2025-06-08,East,Arun,Electronics,Mobile,19,20000,380000,44560
ORD01964,2025-03-28,West,Sneha,Electronics,Laptop,11,50000,550000,112011
ORD01965,2025-04-28,West,Rahul,Electronics,Laptop,11,50000,550000,63571
ORD01966,2025-10-29,North,Vikram,Electronics,Monitor,3,12000,36000,6937
ORD01967,2025-04-03,West,Meena,Furniture,Sofa,13,25000,325000,93626
ORD01968,2025-03-28,West,Rahul,Electronics,Monitor,9,12000,108000,30700
ORD01969,2025-01-25,East,Arun,Furniture,Sofa,18,25000,450000,48764
ORD01970,2025-06-11,East,Riya,Furniture,Sofa,10,25000,250000,68961
ORD01971,2025-05-30,North,Raj,Electronics,Laptop,12,50000,600000,61120
ORD01972,2025-01-31,East,Arun,Furniture,Table,2,8000,16000,2705
ORD01973,2025-10-25,North,Vikram,Electronics,Monitor,10,12000,120000,33011
ORD01974,2025-07-11,West,Sneha,Furniture,Chair,9,3000,27000,4031
ORD01975,2025-10-24,East,Suresh,Furniture,Table,18,8000,144000,19220
ORD01976,2025-06-03,South,Anita,Electronics,Laptop,20,50000,1000000,242279
ORD01977,2025-11-29,North,Vikram,Furniture,Sofa,3,25000,75000,21504
ORD01978,2025-08-05,South,Karthik,Electronics,Laptop,15,50000,750000,140398
ORD01979,2025-10-25,West,Meena,Furniture,Table,2,8000,16000,3368
ORD01980,2025-09-09,North,Raj,Furniture,Table,2,8000,16000,4572
ORD01981,2025-10-17,North,Amit,Furniture,Chair,14,3000,42000,7257
ORD01982,2025-11-04,West,Meena,Furniture,Sofa,2,25000,50000,11245
ORD01983,2025-09-10,East,Riya,Electronics,Laptop,14,50000,700000,105828
ORD01984,2025-12-30,South,Karthik,Electronics,Mobile,9,20000,180000,39828
ORD01985,2025-04-05,North,Raj,Furniture,Table,3,8000,24000,2589
ORD01986,2025-07-04,North,Amit,Electronics,Laptop,20,50000,1000000,290699
ORD01987,2025-12-08,North,Amit,Furniture,Sofa,20,25000,500000,122614
ORD01988,2025-03-03,South,Anita,Electronics,Monitor,18,12000,216000,61358
ORD01989,2025-12-01,South,Anita,Electronics,Laptop,8,50000,400000,116670
ORD01990,2025-11-08,South,Anita,Furniture,Sofa,19,25000,475000,81200
ORD01991,2025-03-04,East,Riya,Furniture,Chair,8,3000,24000,7116
ORD01992,2025-02-17,South,Anita,Electronics,Laptop,18,50000,900000,182671
ORD01993,2025-10-07,North,Vikram,Electronics,Laptop,8,50000,400000,80406
ORD01994,2025-05-12,South,Priya,Electronics,Mobile,2,20000,40000,9429
ORD01995,2025-08-19,North,Vikram,Furniture,Chair,1,3000,3000,558
ORD01996,2025-07-10,East,Riya,Electronics,Laptop,16,50000,800000,215091
ORD01997,2025-03-11,South,Anita,Furniture,Chair,15,3000,45000,4954
ORD01998,2025-08-01,East,Riya,Electronics,Monitor,14,12000,168000,34987
ORD01999,2025-01-28,South,Karthik,Electronics,Laptop,18,50000,900000,112286
ORD02000,2025-09-16,North,Vikram,Electronics,Mobile,11,20000,220000,40685
ORD02001,2025-05-14,South,Priya,Electronics,Laptop,8,50000,400000,60328
ORD02002,2025-10-22,South,Priya,Electronics,Monitor,17,12000,204000,49499
ORD02003,2025-03-03,North,Amit,Electronics,Mobile,6,20000,120000,34625
ORD02004,2025-02-02,South,Priya,Electronics,Mobile,18,20000,360000,64182
ORD02005,2025-12-05,West,Meena,Electronics,Mobile,19,20000,380000,61266
ORD02006,2025-06-26,East,Riya,Furniture,Table,16,8000,128000,14424
ORD02007,2025-09-05,South,Priya,Furniture,Table,8,8000,64000,16920
ORD02008,2025-10-04,South,Priya,Electronics,Monitor,10,12000,120000,35722
ORD02009,2025-03-09,East,Arun,Electronics,Mobile,6,20000,120000,23967
ORD02010,2025-02-24,East,Suresh,Furniture,Sofa,11,25000,275000,58188
ORD02011,2025-09-18,East,Arun,Electronics,Laptop,20,50000,1000000,105201
ORD02012,2025-04-23,North,Raj,Electronics,Laptop,14,50000,700000,180070
ORD02013,2025-02-23,North,Vikram,Electronics,Mobile,3,20000,60000,8524
ORD02014,2025-06-17,West,Meena,Furniture,Sofa,4,25000,100000,23265
ORD02015,2025-11-22,East,Suresh,Furniture,Sofa,12,25000,300000,71197
ORD02016,2025-08-17,West,Sneha,Furniture,Sofa,4,25000,100000,11550
ORD02017,2025-01-24,West,Sneha,Electronics,Mobile,13,20000,260000,50890
ORD02018,2025-12-13,East,Riya,Electronics,Monitor,5,12000,60000,13018
ORD02019,2025-10-05,South,Anita,Furniture,Table,8,8000,64000,16455
ORD02020,2025-03-02,East,Arun,Electronics,Laptop,10,50000,500000,144951
ORD02021,2025-04-29,East,Riya,Furniture,Chair,1,3000,3000,741
ORD02022,2025-03-07,West,Rahul,Furniture,Chair,9,3000,27000,2830
ORD02023,2025-07-13,North,Raj,Furniture,Sofa,4,25000,100000,11514
ORD02024,2025-10-27,East,Suresh,Furniture,Table,20,8000,160000,21057
ORD02025,2025-09-28,South,Anita,Furniture,Table,10,8000,80000,22695
ORD02026,2025-08-19,South,Priya,Electronics,Monitor,13,12000,156000,32220
ORD02027,2025-08-21,West,Sneha,Furniture,Sofa,2,25000,50000,14767
ORD02028,2025-02-03,North,Amit,Electronics,Laptop,16,50000,800000,157139
ORD02029,2025-10-20,West,Meena,Furniture,Sofa,8,25000,200000,26037
ORD02030,2025-07-31,East,Riya,Furniture,Chair,11,3000,33000,9819
ORD02031,2025-12-21,North,Amit,Electronics,Monitor,11,12000,132000,34882
ORD02032,2025-04-22,North,Vikram,Furniture,Table,17,8000,136000,34716
ORD02033,2025-04-24,South,Anita,Electronics,Laptop,3,50000,150000,42475
ORD02034,2025-05-31,North,Amit,Furniture,Sofa,13,25000,325000,39547
ORD02035,2025-04-19,North,Vikram,Electronics,Mobile,4,20000,80000,13179
ORD02036,2025-01-20,South,Priya,Electronics,Laptop,16,50000,800000,104536
ORD02037,2025-01-22,East,Riya,Electronics,Mobile,1,20000,20000,3821
ORD02038,2025-01-19,West,Rahul,Electronics,Mobile,2,20000,40000,10760
ORD02039,2025-05-09,South,Priya,Electronics,Laptop,13,50000,650000,159485
ORD02040,2025-03-03,East,Arun,Furniture,Sofa,11,25000,275000,80552
ORD02041,2025-03-28,North,Vikram,Electronics,Mobile,17,20000,340000,85312
ORD02042,2025-04-14,South,Karthik,Furniture,Table,16,8000,128000,32230
ORD02043,2025-07-24,West,Sneha,Electronics,Mobile,15,20000,300000,61805
ORD02044,2025-12-30,East,Arun,Furniture,Sofa,13,25000,325000,34971
ORD02045,2025-03-20,West,Sneha,Furniture,Chair,1,3000,3000,320
ORD02046,2025-10-23,North,Amit,Furniture,Sofa,10,25000,250000,39474
ORD02047,2025-08-11,North,Raj,Electronics,Monitor,8,12000,96000,12715
ORD02048,2025-07-03,South,Priya,Electronics,Monitor,14,12000,168000,30054
ORD02049,2025-10-20,East,Arun,Furniture,Chair,10,3000,30000,5997
ORD02050,2025-07-12,South,Anita,Furniture,Chair,19,3000,57000,10312
ORD02051,2025-08-15,South,Karthik,Furniture,Sofa,12,25000,300000,52258
ORD02052,2025-03-07,South,Karthik,Furniture,Table,15,8000,120000,20586
ORD02053,2025-12-21,South,Karthik,Furniture,Sofa,15,25000,375000,103886
ORD02054,2025-12-01,North,Vikram,Furniture,Sofa,12,25000,300000,58401
ORD02055,2025-12-01,East,Suresh,Furniture,Sofa,9,25000,225000,60919
ORD02056,2025-06-07,East,Suresh,Electronics,Mobile,7,20000,140000,37668
ORD02057,2025-06-14,North,Vikram,Furniture,Table,3,8000,24000,4366
ORD02058,2025-08-14,West,Meena,Electronics,Laptop,3,50000,150000,21751
ORD02059,2025-02-25,East,Riya,Furniture,Table,11,8000,88000,14825
ORD02060,2025-01-28,South,Anita,Furniture,Table,20,8000,160000,46711
ORD02061,2025-12-30,West,Rahul,Furniture,Chair,2,3000,6000,652
ORD02062,2025-06-22,South,Priya,Electronics,Mobile,16,20000,320000,54666
ORD02063,2025-12-05,West,Rahul,Furniture,Table,9,8000,72000,15414
ORD02064,2025-03-13,West,Meena,Electronics,Laptop,6,50000,300000,66601
ORD02065,2025-01-25,West,Meena,Electronics,Laptop,18,50000,900000,178547
ORD02066,2025-02-07,North,Amit,Furniture,Chair,10,3000,30000,5640
ORD02067,2025-08-07,North,Vikram,Electronics,Laptop,6,50000,300000,87455
ORD02068,2025-01-17,South,Karthik,Furniture,Table,19,8000,152000,24549
ORD02069,2025-01-17,East,Suresh,Furniture,Table,11,8000,88000,11298
ORD02070,2025-11-14,North,Amit,Electronics,Monitor,3,12000,36000,9886
ORD02071,2025-03-05,North,Raj,Electronics,Mobile,18,20000,360000,50056
ORD02072,2025-06-08,East,Suresh,Furniture,Chair,6,3000,18000,2790
ORD02073,2025-08-30,North,Amit,Furniture,Table,9,8000,72000,12055
ORD02074,2025-09-06,North,Raj,Electronics,Monitor,8,12000,96000,14387
ORD02075,2025-08-20,North,Vikram,Electronics,Monitor,9,12000,108000,23106
ORD02076,2025-05-15,North,Raj,Furniture,Table,5,8000,40000,8835
ORD02077,2025-11-23,West,Sneha,Furniture,Table,3,8000,24000,5272
ORD02078,2025-08-20,East,Suresh,Furniture,Chair,17,3000,51000,13367
ORD02079,2025-05-25,North,Amit,Furniture,Chair,10,3000,30000,3487
ORD02080,2025-10-06,East,Riya,Furniture,Chair,18,3000,54000,9982
ORD02081,2025-07-25,North,Vikram,Furniture,Table,18,8000,144000,34359
ORD02082,2025-03-27,West,Meena,Furniture,Chair,19,3000,57000,9645
ORD02083,2025-12-24,West,Sneha,Electronics,Laptop,14,50000,700000,134315
ORD02084,2025-11-05,East,Arun,Furniture,Table,14,8000,112000,23169
ORD02085,2025-07-01,North,Raj,Electronics,Monitor,5,12000,60000,9499
ORD02086,2025-11-03,West,Rahul,Furniture,Chair,6,3000,18000,1955
ORD02087,2025-10-22,North,Amit,Furniture,Table,10,8000,80000,20557
ORD02088,2025-01-13,North,Raj,Furniture,Chair,4,3000,12000,2998
ORD02089,2025-01-06,North,Vikram,Furniture,Chair,12,3000,36000,4445
ORD02090,2025-10-06,West,Meena,Furniture,Sofa,1,25000,25000,3108
ORD02091,2025-02-03,South,Anita,Electronics,Mobile,14,20000,280000,62786
ORD02092,2025-07-08,North,Amit,Electronics,Monitor,12,12000,144000,18368
ORD02093,2025-07-26,North,Amit,Electronics,Monitor,8,12000,96000,21787
ORD02094,2025-01-23,West,Rahul,Furniture,Chair,4,3000,12000,1731
ORD02095,2025-08-24,North,Vikram,Electronics,Laptop,10,50000,500000,55107
ORD02096,2025-02-05,East,Arun,Furniture,Sofa,6,25000,150000,16410
ORD02097,2025-04-08,South,Priya,Electronics,Mobile,13,20000,260000,48998
ORD02098,2025-12-11,West,Meena,Furniture,Sofa,10,25000,250000,62086
ORD02099,2025-07-24,North,Vikram,Furniture,Chair,19,3000,57000,9952
ORD02100,2025-03-02,South,Priya,Furniture,Table,12,8000,96000,27566
ORD02101,2025-02-04,East,Arun,Furniture,Table,4,8000,32000,5891
ORD02102,2025-02-15,West,Sneha,Electronics,Monitor,7,12000,84000,11882
ORD02103,2025-01-08,East,Riya,Electronics,Monitor,13,12000,156000,28031
ORD02104,2025-03-30,North,Amit,Furniture,Table,19,8000,152000,44442
ORD02105,2025-05-07,East,Suresh,Furniture,Table,2,8000,16000,2007
ORD02106,2025-01-28,North,Vikram,Electronics,Laptop,15,50000,750000,133422
ORD02107,2025-05-26,South,Anita,Furniture,Table,9,8000,72000,13119
ORD02108,2025-01-14,North,Vikram,Electronics,Laptop,16,50000,800000,237126
ORD02109,2025-07-26,South,Karthik,Furniture,Table,18,8000,144000,30298
ORD02110,2025-05-19,South,Priya,Electronics,Laptop,7,50000,350000,79315
ORD02111,2025-09-18,West,Sneha,Furniture,Chair,10,3000,30000,4826
ORD02112,2025-06-18,West,Meena,Electronics,Laptop,4,50000,200000,46868
ORD02113,2025-08-11,South,Priya,Electronics,Laptop,8,50000,400000,101882
ORD02114,2025-02-07,South,Anita,Electronics,Mobile,6,20000,120000,14652
ORD02115,2025-01-04,East,Arun,Furniture,Table,3,8000,24000,4904
ORD02116,2025-04-27,East,Riya,Electronics,Laptop,1,50000,50000,6787
ORD02117,2025-09-25,South,Karthik,Electronics,Mobile,13,20000,260000,51936
ORD02118,2025-11-05,North,Amit,Electronics,Mobile,14,20000,280000,50246
ORD02119,2025-01-19,North,Vikram,Furniture,Sofa,13,25000,325000,32910
ORD02120,2025-03-02,East,Suresh,Electronics,Mobile,8,20000,160000,21510
ORD02121,2025-05-18,South,Priya,Furniture,Sofa,14,25000,350000,53952
ORD02122,2025-09-17,East,Arun,Electronics,Monitor,12,12000,144000,21620
ORD02123,2025-07-30,East,Suresh,Furniture,Chair,12,3000,36000,10378
ORD02124,2025-11-01,North,Amit,Electronics,Monitor,14,12000,168000,41666
ORD02125,2025-10-08,South,Anita,Electronics,Monitor,6,12000,72000,16771
ORD02126,2025-11-21,North,Raj,Electronics,Laptop,5,50000,250000,30441
ORD02127,2025-06-12,East,Suresh,Electronics,Monitor,19,12000,228000,35047
ORD02128,2025-02-01,East,Suresh,Electronics,Laptop,10,50000,500000,57290
ORD02129,2025-06-24,West,Rahul,Furniture,Sofa,18,25000,450000,57384
ORD02130,2025-06-08,North,Raj,Electronics,Monitor,10,12000,120000,15233
ORD02131,2025-03-19,South,Anita,Electronics,Mobile,11,20000,220000,62212
ORD02132,2025-12-13,South,Karthik,Electronics,Monitor,17,12000,204000,40144
ORD02133,2025-07-28,West,Sneha,Electronics,Mobile,11,20000,220000,62442
ORD02134,2025-09-08,West,Meena,Furniture,Sofa,18,25000,450000,113267
ORD02135,2025-08-30,East,Arun,Furniture,Table,12,8000,96000,15698
ORD02136,2025-05-09,West,Meena,Electronics,Mobile,1,20000,20000,4025
ORD02137,2025-02-07,West,Rahul,Furniture,Chair,5,3000,15000,1510
ORD02138,2025-11-23,West,Sneha,Electronics,Monitor,5,12000,60000,7860
ORD02139,2025-02-05,North,Vikram,Electronics,Laptop,3,50000,150000,29936
ORD02140,2025-09-24,South,Karthik,Electronics,Monitor,9,12000,108000,28501
ORD02141,2025-12-16,South,Anita,Furniture,Chair,4,3000,12000,3510
ORD02142,2025-06-23,East,Riya,Electronics,Laptop,10,50000,500000,65427
ORD02143,2025-10-05,South,Priya,Electronics,Monitor,4,12000,48000,10938
ORD02144,2025-09-02,East,Suresh,Furniture,Chair,14,3000,42000,9033
ORD02145,2025-03-09,South,Karthik,Furniture,Table,18,8000,144000,32742
ORD02146,2025-02-04,North,Vikram,Electronics,Monitor,18,12000,216000,28556
ORD02147,2025-12-26,West,Sneha,Electronics,Laptop,3,50000,150000,24286
ORD02148,2025-05-09,West,Rahul,Furniture,Sofa,5,25000,125000,18174
ORD02149,2025-12-23,East,Suresh,Furniture,Sofa,15,25000,375000,76734
ORD02150,2025-12-27,East,Riya,Furniture,Chair,3,3000,9000,2346
ORD02151,2025-03-26,East,Suresh,Electronics,Monitor,16,12000,192000,32995
ORD02152,2025-06-24,West,Meena,Furniture,Sofa,16,25000,400000,103625
ORD02153,2025-02-16,North,Amit,Furniture,Sofa,14,25000,350000,88879
ORD02154,2025-02-06,South,Priya,Furniture,Sofa,10,25000,250000,58598
ORD02155,2025-08-23,South,Priya,Furniture,Sofa,19,25000,475000,138538
ORD02156,2025-03-04,South,Karthik,Furniture,Sofa,1,25000,25000,5185
ORD02157,2025-08-09,West,Meena,Furniture,Chair,18,3000,54000,13580
ORD02158,2025-04-13,West,Rahul,Electronics,Laptop,6,50000,300000,71957
ORD02159,2025-01-14,South,Karthik,Electronics,Mobile,5,20000,100000,16931
ORD02160,2025-07-25,South,Anita,Furniture,Table,3,8000,24000,3757
ORD02161,2025-08-28,West,Rahul,Electronics,Mobile,13,20000,260000,67502
ORD02162,2025-02-22,North,Vikram,Electronics,Monitor,17,12000,204000,45761
ORD02163,2025-08-21,East,Arun,Furniture,Sofa,19,25000,475000,137013
ORD02164,2025-02-21,West,Rahul,Electronics,Laptop,8,50000,400000,86702
ORD02165,2025-08-09,North,Amit,Electronics,Monitor,12,12000,144000,33961
ORD02166,2025-11-09,South,Priya,Electronics,Monitor,5,12000,60000,10848
ORD02167,2025-01-23,North,Amit,Electronics,Monitor,2,12000,24000,2730
ORD02168,2025-12-17,East,Arun,Furniture,Chair,17,3000,51000,5658
ORD02169,2025-08-12,North,Amit,Electronics,Mobile,15,20000,300000,45246
ORD02170,2025-10-04,East,Riya,Electronics,Monitor,4,12000,48000,12189
ORD02171,2025-04-16,South,Priya,Electronics,Mobile,2,20000,40000,9739
ORD02172,2025-05-19,East,Arun,Electronics,Laptop,18,50000,900000,242658
ORD02173,2025-06-22,East,Suresh,Furniture,Sofa,15,25000,375000,102162
ORD02174,2025-12-28,North,Vikram,Furniture,Chair,19,3000,57000,7723
ORD02175,2025-05-16,South,Anita,Furniture,Table,9,8000,72000,17643
ORD02176,2025-05-04,North,Amit,Furniture,Table,11,8000,88000,11874
ORD02177,2025-02-14,West,Meena,Furniture,Sofa,20,25000,500000,147089
ORD02178,2025-07-12,South,Anita,Electronics,Laptop,11,50000,550000,69690
ORD02179,2025-05-05,East,Riya,Electronics,Mobile,16,20000,320000,53818
ORD02180,2025-01-22,East,Suresh,Furniture,Chair,14,3000,42000,4873
ORD02181,2025-04-16,North,Amit,Furniture,Table,20,8000,160000,31761
ORD02182,2025-05-03,North,Amit,Electronics,Monitor,14,12000,168000,45693
ORD02183,2025-11-21,East,Suresh,Electronics,Mobile,6,20000,120000,18079
ORD02184,2025-06-18,West,Sneha,Furniture,Chair,4,3000,12000,1457
ORD02185,2025-01-02,North,Vikram,Furniture,Table,14,8000,112000,32986
ORD02186,2025-12-09,North,Vikram,Furniture,Chair,3,3000,9000,2154
ORD02187,2025-09-14,North,Raj,Furniture,Sofa,11,25000,275000,51358
ORD02188,2025-05-15,South,Priya,Furniture,Table,12,8000,96000,13315
ORD02189,2025-08-01,West,Sneha,Furniture,Chair,14,3000,42000,12242
ORD02190,2025-05-09,South,Karthik,Electronics,Laptop,10,50000,500000,146614
ORD02191,2025-11-07,West,Meena,Furniture,Sofa,3,25000,75000,16493
ORD02192,2025-03-16,North,Raj,Furniture,Table,11,8000,88000,13170
ORD02193,2025-04-07,South,Karthik,Furniture,Table,14,8000,112000,23293
ORD02194,2025-12-16,West,Meena,Electronics,Mobile,11,20000,220000,27415
ORD02195,2025-04-14,South,Priya,Furniture,Table,12,8000,96000,22765
ORD02196,2025-12-25,East,Arun,Furniture,Chair,5,3000,15000,2927
ORD02197,2025-04-24,West,Sneha,Furniture,Chair,15,3000,45000,5119
ORD02198,2025-06-12,North,Amit,Furniture,Table,12,8000,96000,19659
ORD02199,2025-06-02,North,Amit,Electronics,Mobile,10,20000,200000,30999
ORD02200,2025-08-29,West,Sneha,Furniture,Chair,20,3000,60000,15986
ORD02201,2025-06-03,East,Riya,Electronics,Mobile,8,20000,160000,26108
ORD02202,2025-11-22,East,Arun,Furniture,Sofa,17,25000,425000,102311
ORD02203,2025-12-01,East,Riya,Electronics,Laptop,1,50000,50000,8776
ORD02204,2025-06-16,East,Suresh,Furniture,Chair,14,3000,42000,4464
ORD02205,2025-11-12,North,Amit,Furniture,Table,12,8000,96000,24432
ORD02206,2025-03-23,North,Vikram,Furniture,Chair,19,3000,57000,15929
ORD02207,2025-07-15,South,Priya,Electronics,Monitor,16,12000,192000,30084
ORD02208,2025-09-11,West,Sneha,Electronics,Laptop,6,50000,300000,34139
ORD02209,2025-06-06,South,Anita,Furniture,Sofa,12,25000,300000,63747
ORD02210,2025-08-21,North,Raj,Electronics,Laptop,5,50000,250000,62169
ORD02211,2025-05-13,East,Suresh,Furniture,Sofa,4,25000,100000,17839
ORD02212,2025-09-28,East,Arun,Electronics,Monitor,16,12000,192000,24044
ORD02213,2025-05-13,West,Meena,Electronics,Monitor,12,12000,144000,40114
ORD02214,2025-05-23,North,Raj,Electronics,Mobile,7,20000,140000,38498
ORD02215,2025-10-01,West,Meena,Furniture,Table,15,8000,120000,21798
ORD02216,2025-11-26,North,Raj,Furniture,Chair,7,3000,21000,2276
ORD02217,2025-05-02,South,Karthik,Furniture,Sofa,12,25000,300000,33130
ORD02218,2025-06-16,West,Meena,Electronics,Laptop,7,50000,350000,79783
ORD02219,2025-11-17,West,Meena,Furniture,Sofa,5,25000,125000,27950
ORD02220,2025-11-07,East,Suresh,Furniture,Chair,15,3000,45000,11246
ORD02221,2025-09-13,North,Vikram,Furniture,Chair,16,3000,48000,13063
ORD02222,2025-06-06,East,Suresh,Electronics,Mobile,8,20000,160000,36439
ORD02223,2025-03-09,South,Anita,Electronics,Monitor,19,12000,228000,31093
ORD02224,2025-06-02,North,Amit,Furniture,Chair,3,3000,9000,1700
ORD02225,2025-05-06,North,Amit,Furniture,Sofa,7,25000,175000,51588
ORD02226,2025-06-16,West,Rahul,Electronics,Mobile,18,20000,360000,50961
ORD02227,2025-05-03,South,Priya,Electronics,Laptop,11,50000,550000,66462
ORD02228,2025-10-29,East,Arun,Furniture,Chair,18,3000,54000,12917
ORD02229,2025-08-31,South,Anita,Electronics,Mobile,1,20000,20000,5153
ORD02230,2025-05-26,East,Riya,Furniture,Table,12,8000,96000,22384
ORD02231,2025-04-16,West,Sneha,Electronics,Monitor,2,12000,24000,6343
ORD02232,2025-01-03,South,Anita,Furniture,Chair,8,3000,24000,5848
ORD02233,2025-05-02,West,Sneha,Electronics,Laptop,6,50000,300000,85963
ORD02234,2025-09-09,South,Priya,Furniture,Sofa,3,25000,75000,13279
ORD02235,2025-11-19,North,Amit,Electronics,Laptop,16,50000,800000,100080
ORD02236,2025-01-22,North,Raj,Electronics,Monitor,20,12000,240000,27761
ORD02237,2025-10-14,East,Riya,Electronics,Laptop,15,50000,750000,127447
ORD02238,2025-04-12,East,Suresh,Electronics,Monitor,12,12000,144000,27903
ORD02239,2025-04-30,South,Karthik,Furniture,Table,16,8000,128000,34864
ORD02240,2025-12-31,West,Sneha,Electronics,Monitor,15,12000,180000,53512
ORD02241,2025-06-05,North,Raj,Electronics,Mobile,2,20000,40000,6200
ORD02242,2025-10-04,West,Meena,Furniture,Chair,17,3000,51000,9580
ORD02243,2025-01-10,North,Vikram,Furniture,Chair,1,3000,3000,870
ORD02244,2025-11-22,West,Rahul,Electronics,Laptop,13,50000,650000,177282
ORD02245,2025-06-08,West,Rahul,Electronics,Laptop,8,50000,400000,56065
ORD02246,2025-05-09,West,Sneha,Furniture,Sofa,17,25000,425000,119350
ORD02247,2025-08-04,South,Karthik,Electronics,Mobile,4,20000,80000,23977
ORD02248,2025-02-15,West,Sneha,Electronics,Monitor,3,12000,36000,5899
ORD02249,2025-12-18,South,Anita,Furniture,Sofa,13,25000,325000,41076
ORD02250,2025-10-05,East,Riya,Furniture,Chair,11,3000,33000,5557
ORD02251,2025-09-27,West,Rahul,Electronics,Laptop,2,50000,100000,28191
ORD02252,2025-05-20,West,Sneha,Electronics,Laptop,18,50000,900000,103189
ORD02253,2025-09-11,East,Arun,Furniture,Table,4,8000,32000,6487
ORD02254,2025-05-11,North,Amit,Furniture,Chair,16,3000,48000,12574
ORD02255,2025-05-14,East,Suresh,Furniture,Sofa,16,25000,400000,67382
ORD02256,2025-07-10,West,Rahul,Furniture,Sofa,13,25000,325000,90567
ORD02257,2025-05-29,North,Vikram,Electronics,Laptop,1,50000,50000,11720
ORD02258,2025-05-13,South,Anita,Electronics,Laptop,13,50000,650000,69226
ORD02259,2025-11-07,North,Vikram,Furniture,Sofa,3,25000,75000,8706
ORD02260,2025-03-01,West,Rahul,Furniture,Sofa,12,25000,300000,51965
ORD02261,2025-08-23,East,Suresh,Electronics,Laptop,12,50000,600000,102169
ORD02262,2025-03-05,North,Amit,Furniture,Table,6,8000,48000,6764
ORD02263,2025-08-07,South,Karthik,Furniture,Sofa,13,25000,325000,49740
ORD02264,2025-01-30,North,Raj,Electronics,Laptop,1,50000,50000,10109
ORD02265,2025-01-12,West,Sneha,Furniture,Chair,8,3000,24000,6346
ORD02266,2025-09-06,East,Arun,Furniture,Chair,18,3000,54000,15370
ORD02267,2025-06-20,East,Suresh,Furniture,Table,20,8000,160000,42576
ORD02268,2025-08-08,South,Anita,Electronics,Monitor,16,12000,192000,35033
ORD02269,2025-01-07,North,Amit,Electronics,Laptop,13,50000,650000,176378
ORD02270,2025-03-17,South,Anita,Furniture,Chair,5,3000,15000,4453
ORD02271,2025-07-31,North,Vikram,Furniture,Table,1,8000,8000,2169
ORD02272,2025-07-11,North,Raj,Electronics,Mobile,9,20000,180000,46479
ORD02273,2025-03-19,West,Rahul,Electronics,Mobile,6,20000,120000,34563
ORD02274,2025-06-04,East,Suresh,Electronics,Mobile,12,20000,240000,42728
ORD02275,2025-04-16,West,Sneha,Electronics,Monitor,2,12000,24000,3068
ORD02276,2025-08-12,East,Arun,Furniture,Table,8,8000,64000,13843
ORD02277,2025-10-27,North,Raj,Furniture,Sofa,11,25000,275000,74212
ORD02278,2025-05-14,West,Rahul,Furniture,Sofa,7,25000,175000,46953
ORD02279,2025-06-23,North,Raj,Electronics,Monitor,17,12000,204000,61061
ORD02280,2025-05-22,East,Suresh,Electronics,Laptop,14,50000,700000,166019
ORD02281,2025-11-05,South,Priya,Electronics,Monitor,18,12000,216000,45279
ORD02282,2025-04-12,East,Suresh,Electronics,Monitor,16,12000,192000,32975
ORD02283,2025-03-23,South,Anita,Electronics,Mobile,6,20000,120000,17766
ORD02284,2025-10-29,North,Amit,Furniture,Table,11,8000,88000,24675
ORD02285,2025-02-24,North,Raj,Electronics,Mobile,4,20000,80000,14273
ORD02286,2025-09-21,North,Amit,Furniture,Sofa,2,25000,50000,13980
ORD02287,2025-02-17,South,Priya,Furniture,Chair,15,3000,45000,6273
ORD02288,2025-12-09,North,Vikram,Electronics,Monitor,3,12000,36000,10788
ORD02289,2025-02-17,West,Rahul,Furniture,Sofa,10,25000,250000,35222
ORD02290,2025-05-05,East,Suresh,Furniture,Chair,5,3000,15000,1724
ORD02291,2025-08-23,East,Arun,Electronics,Mobile,3,20000,60000,14186
ORD02292,2025-11-10,East,Arun,Furniture,Chair,15,3000,45000,6083
ORD02293,2025-05-27,West,Meena,Electronics,Mobile,12,20000,240000,24964
ORD02294,2025-09-02,South,Anita,Electronics,Mobile,10,20000,200000,33756
ORD02295,2025-07-30,West,Sneha,Furniture,Sofa,20,25000,500000,127026
ORD02296,2025-02-25,West,Meena,Electronics,Mobile,17,20000,340000,59236
ORD02297,2025-01-27,East,Suresh,Electronics,Mobile,1,20000,20000,3912
ORD02298,2025-10-01,West,Meena,Furniture,Sofa,12,25000,300000,69900
ORD02299,2025-04-21,East,Riya,Electronics,Mobile,12,20000,240000,42994
ORD02300,2025-06-20,South,Karthik,Furniture,Table,11,8000,88000,24926
ORD02301,2025-10-06,North,Amit,Electronics,Monitor,6,12000,72000,18575
ORD02302,2025-11-24,North,Vikram,Electronics,Monitor,3,12000,36000,4054
ORD02303,2025-04-11,North,Vikram,Furniture,Chair,1,3000,3000,814
ORD02304,2025-09-19,East,Arun,Furniture,Chair,14,3000,42000,9674
ORD02305,2025-01-29,East,Riya,Furniture,Chair,12,3000,36000,5380
ORD02306,2025-07-27,South,Priya,Furniture,Sofa,14,25000,350000,58775
ORD02307,2025-08-30,South,Karthik,Electronics,Laptop,17,50000,850000,102524
ORD02308,2025-09-23,North,Amit,Electronics,Monitor,3,12000,36000,4197
ORD02309,2025-12-30,South,Karthik,Electronics,Mobile,13,20000,260000,48209
ORD02310,2025-09-28,West,Meena,Electronics,Laptop,16,50000,800000,147545
ORD02311,2025-09-27,East,Suresh,Furniture,Sofa,2,25000,50000,9488
ORD02312,2025-07-18,North,Vikram,Furniture,Sofa,11,25000,275000,75198
ORD02313,2025-11-17,South,Anita,Furniture,Chair,12,3000,36000,5219
ORD02314,2025-01-26,North,Raj,Furniture,Sofa,20,25000,500000,123015
ORD02315,2025-04-16,East,Suresh,Electronics,Monitor,8,12000,96000,10331
ORD02316,2025-12-18,South,Karthik,Electronics,Mobile,14,20000,280000,62108
ORD02317,2025-06-05,East,Suresh,Furniture,Sofa,20,25000,500000,133235
ORD02318,2025-06-02,North,Vikram,Electronics,Mobile,4,20000,80000,19537
ORD02319,2025-05-29,West,Rahul,Electronics,Monitor,18,12000,216000,45852
ORD02320,2025-12-28,North,Raj,Furniture,Table,5,8000,40000,8765
ORD02321,2025-11-03,South,Karthik,Electronics,Mobile,1,20000,20000,4839
ORD02322,2025-11-23,West,Rahul,Electronics,Mobile,16,20000,320000,83859
ORD02323,2025-05-17,West,Rahul,Furniture,Chair,6,3000,18000,4292
ORD02324,2025-01-11,North,Amit,Electronics,Laptop,15,50000,750000,109213
ORD02325,2025-03-01,South,Karthik,Furniture,Chair,12,3000,36000,10227
ORD02326,2025-08-28,East,Suresh,Electronics,Mobile,3,20000,60000,16976
ORD02327,2025-04-21,West,Sneha,Furniture,Table,20,8000,160000,16695
ORD02328,2025-02-06,East,Arun,Furniture,Sofa,6,25000,150000,16355
ORD02329,2025-10-11,East,Arun,Electronics,Mobile,19,20000,380000,47003
ORD02330,2025-04-22,West,Meena,Furniture,Sofa,11,25000,275000,81332
ORD02331,2025-11-02,West,Meena,Electronics,Monitor,20,12000,240000,46852
ORD02332,2025-06-29,North,Vikram,Electronics,Monitor,1,12000,12000,2109
ORD02333,2025-02-15,East,Riya,Furniture,Chair,7,3000,21000,4218
ORD02334,2025-04-02,East,Riya,Furniture,Sofa,13,25000,325000,67707
ORD02335,2025-12-27,South,Karthik,Electronics,Monitor,19,12000,228000,24158
ORD02336,2025-10-27,West,Meena,Furniture,Sofa,8,25000,200000,28486
ORD02337,2025-09-26,West,Meena,Electronics,Mobile,19,20000,380000,79826
ORD02338,2025-07-10,South,Anita,Furniture,Table,16,8000,128000,31294
ORD02339,2025-06-21,North,Vikram,Electronics,Mobile,13,20000,260000,50678
ORD02340,2025-06-08,South,Priya,Electronics,Laptop,9,50000,450000,130153
ORD02341,2025-03-23,West,Meena,Electronics,Monitor,13,12000,156000,36245
ORD02342,2025-07-25,West,Meena,Electronics,Laptop,8,50000,400000,52592
ORD02343,2025-02-10,East,Arun,Electronics,Monitor,16,12000,192000,49195
ORD02344,2025-11-30,West,Rahul,Electronics,Laptop,3,50000,150000,43243
ORD02345,2025-07-26,East,Riya,Furniture,Sofa,19,25000,475000,95284
ORD02346,2025-12-12,East,Arun,Furniture,Sofa,14,25000,350000,77355
ORD02347,2025-09-17,East,Arun,Electronics,Mobile,15,20000,300000,71403
ORD02348,2025-12-30,West,Rahul,Furniture,Sofa,19,25000,475000,92398
ORD02349,2025-08-26,West,Sneha,Furniture,Sofa,9,25000,225000,23474
ORD02350,2025-03-08,South,Priya,Electronics,Laptop,18,50000,900000,267478
ORD02351,2025-04-17,West,Rahul,Electronics,Monitor,1,12000,12000,1755
ORD02352,2025-02-04,East,Arun,Furniture,Table,15,8000,120000,35305
ORD02353,2025-01-22,North,Raj,Furniture,Table,1,8000,8000,979
ORD02354,2025-07-18,North,Amit,Electronics,Mobile,13,20000,260000,69469
ORD02355,2025-04-25,West,Meena,Electronics,Laptop,17,50000,850000,129302
ORD02356,2025-06-01,South,Anita,Furniture,Chair,20,3000,60000,17869
ORD02357,2025-05-30,South,Priya,Electronics,Mobile,20,20000,400000,72916
ORD02358,2025-01-10,East,Suresh,Furniture,Table,14,8000,112000,16582
ORD02359,2025-11-02,West,Rahul,Electronics,Mobile,4,20000,80000,23091
ORD02360,2025-04-21,South,Priya,Electronics,Laptop,4,50000,200000,38325
ORD02361,2025-10-01,East,Riya,Furniture,Chair,4,3000,12000,1525
ORD02362,2025-06-07,North,Amit,Furniture,Sofa,16,25000,400000,47091
ORD02363,2025-06-24,South,Priya,Electronics,Monitor,10,12000,120000,25551
ORD02364,2025-08-29,South,Anita,Electronics,Monitor,13,12000,156000,20129
ORD02365,2025-09-22,North,Amit,Electronics,Mobile,18,20000,360000,90653
ORD02366,2025-12-20,South,Priya,Electronics,Monitor,20,12000,240000,40812
ORD02367,2025-11-06,North,Vikram,Furniture,Sofa,18,25000,450000,89848
ORD02368,2025-12-28,West,Rahul,Electronics,Monitor,6,12000,72000,14834
ORD02369,2025-03-18,East,Arun,Furniture,Table,20,8000,160000,33492
ORD02370,2025-12-29,West,Sneha,Electronics,Laptop,15,50000,750000,214192
ORD02371,2025-06-07,West,Rahul,Electronics,Laptop,6,50000,300000,42965
ORD02372,2025-06-03,West,Rahul,Furniture,Sofa,3,25000,75000,16435
ORD02373,2025-11-27,South,Anita,Electronics,Laptop,20,50000,1000000,255187
ORD02374,2025-11-26,South,Anita,Electronics,Monitor,6,12000,72000,12845
ORD02375,2025-07-03,North,Amit,Furniture,Sofa,17,25000,425000,123483
ORD02376,2025-01-19,South,Priya,Furniture,Sofa,14,25000,350000,54928
ORD02377,2025-07-07,North,Vikram,Furniture,Chair,4,3000,12000,3572
ORD02378,2025-11-28,South,Karthik,Furniture,Sofa,14,25000,350000,82069
ORD02379,2025-11-02,South,Priya,Electronics,Laptop,10,50000,500000,51288
ORD02380,2025-11-22,South,Priya,Furniture,Chair,14,3000,42000,6561
ORD02381,2025-08-17,East,Arun,Furniture,Sofa,2,25000,50000,7066
ORD02382,2025-05-10,West,Meena,Electronics,Monitor,11,12000,132000,39261
ORD02383,2025-09-12,East,Riya,Furniture,Chair,13,3000,39000,5618
ORD02384,2025-09-26,East,Arun,Furniture,Chair,7,3000,21000,2996
ORD02385,2025-01-11,South,Karthik,Electronics,Laptop,15,50000,750000,157165
ORD02386,2025-11-12,East,Arun,Electronics,Mobile,2,20000,40000,8817
ORD02387,2025-06-28,North,Raj,Electronics,Mobile,18,20000,360000,72449
ORD02388,2025-09-15,North,Amit,Electronics,Mobile,19,20000,380000,99822
ORD02389,2025-09-22,West,Meena,Furniture,Chair,18,3000,54000,5548
ORD02390,2025-03-18,West,Rahul,Electronics,Laptop,20,50000,1000000,170158
ORD02391,2025-07-04,North,Amit,Electronics,Laptop,16,50000,800000,83430
ORD02392,2025-05-08,South,Karthik,Furniture,Table,14,8000,112000,12391
ORD02393,2025-12-16,North,Vikram,Electronics,Monitor,20,12000,240000,28435
ORD02394,2025-08-28,North,Amit,Electronics,Laptop,4,50000,200000,40900
ORD02395,2025-09-28,East,Riya,Electronics,Laptop,16,50000,800000,92879
ORD02396,2025-07-03,West,Rahul,Electronics,Laptop,12,50000,600000,135700
ORD02397,2025-10-17,East,Riya,Electronics,Monitor,5,12000,60000,7953
ORD02398,2025-09-24,East,Suresh,Furniture,Sofa,14,25000,350000,65263
ORD02399,2025-05-22,East,Arun,Furniture,Table,18,8000,144000,15917
ORD02400,2025-10-17,South,Anita,Furniture,Table,17,8000,136000,32724
ORD02401,2025-11-02,East,Riya,Furniture,Sofa,9,25000,225000,24364
ORD02402,2025-07-19,West,Meena,Electronics,Laptop,13,50000,650000,76907
ORD02403,2025-10-02,North,Raj,Electronics,Mobile,14,20000,280000,48965
ORD02404,2025-03-29,East,Arun,Furniture,Chair,19,3000,57000,15701
ORD02405,2025-04-09,North,Amit,Furniture,Chair,11,3000,33000,3479
ORD02406,2025-01-14,West,Sneha,Electronics,Mobile,14,20000,280000,62092
ORD02407,2025-04-25,South,Karthik,Furniture,Table,6,8000,48000,9260
ORD02408,2025-02-02,South,Karthik,Electronics,Monitor,13,12000,156000,23029
ORD02409,2025-02-28,West,Rahul,Electronics,Mobile,18,20000,360000,87761
ORD02410,2025-05-23,South,Anita,Electronics,Laptop,16,50000,800000,116966
ORD02411,2025-02-17,North,Raj,Furniture,Table,11,8000,88000,13033
ORD02412,2025-04-12,West,Sneha,Electronics,Monitor,16,12000,192000,52032
ORD02413,2025-03-28,West,Rahul,Electronics,Laptop,5,50000,250000,37186
ORD02414,2025-03-24,East,Arun,Electronics,Monitor,3,12000,36000,4502
ORD02415,2025-10-29,East,Riya,Furniture,Table,20,8000,160000,47396
ORD02416,2025-01-14,South,Karthik,Furniture,Table,11,8000,88000,23313
ORD02417,2025-05-16,North,Vikram,Electronics,Laptop,6,50000,300000,44809
ORD02418,2025-04-14,East,Suresh,Electronics,Mobile,4,20000,80000,13740
ORD02419,2025-12-25,South,Anita,Electronics,Laptop,1,50000,50000,6273
ORD02420,2025-12-02,West,Rahul,Furniture,Table,7,8000,56000,10914
ORD02421,2025-09-13,South,Anita,Electronics,Laptop,2,50000,100000,18476
ORD02422,2025-12-04,West,Sneha,Electronics,Monitor,15,12000,180000,19802
ORD02423,2025-02-28,North,Amit,Electronics,Laptop,13,50000,650000,176625
ORD02424,2025-06-09,South,Anita,Electronics,Mobile,20,20000,400000,55773
ORD02425,2025-05-02,East,Arun,Furniture,Chair,7,3000,21000,2676
ORD02426,2025-08-21,North,Raj,Electronics,Laptop,14,50000,700000,186308
ORD02427,2025-10-20,East,Riya,Electronics,Laptop,8,50000,400000,101758
ORD02428,2025-08-24,East,Suresh,Electronics,Mobile,15,20000,300000,60172
ORD02429,2025-06-20,West,Rahul,Furniture,Sofa,20,25000,500000,90471
ORD02430,2025-10-03,North,Vikram,Furniture,Sofa,7,25000,175000,46933
ORD02431,2025-03-21,North,Vikram,Furniture,Table,7,8000,56000,13188
ORD02432,2025-10-09,South,Priya,Furniture,Chair,5,3000,15000,3117
ORD02433,2025-08-06,North,Raj,Electronics,Mobile,20,20000,400000,87669
ORD02434,2025-12-05,North,Amit,Electronics,Laptop,2,50000,100000,17946
ORD02435,2025-07-24,West,Rahul,Electronics,Monitor,6,12000,72000,8204
ORD02436,2025-05-29,North,Amit,Furniture,Table,1,8000,8000,2252
ORD02437,2025-12-16,West,Rahul,Furniture,Sofa,5,25000,125000,23324
ORD02438,2025-09-12,East,Arun,Electronics,Mobile,16,20000,320000,69612
ORD02439,2025-07-15,East,Arun,Electronics,Mobile,2,20000,40000,9309
ORD02440,2025-08-14,West,Rahul,Electronics,Laptop,1,50000,50000,9695
ORD02441,2025-02-04,West,Sneha,Furniture,Table,20,8000,160000,16180
ORD02442,2025-10-28,South,Karthik,Furniture,Table,7,8000,56000,12917
ORD02443,2025-09-13,West,Sneha,Furniture,Sofa,13,25000,325000,95280
ORD02444,2025-11-26,South,Anita,Electronics,Laptop,17,50000,850000,174857
ORD02445,2025-02-10,West,Rahul,Furniture,Table,1,8000,8000,1058
ORD02446,2025-02-25,West,Sneha,Furniture,Chair,20,3000,60000,11560
ORD02447,2025-03-28,West,Sneha,Electronics,Laptop,10,50000,500000,104106
ORD02448,2025-06-21,North,Raj,Furniture,Sofa,2,25000,50000,13647
ORD02449,2025-01-02,East,Riya,Furniture,Sofa,14,25000,350000,68405
ORD02450,2025-09-29,North,Vikram,Furniture,Sofa,2,25000,50000,9694
ORD02451,2025-03-25,North,Vikram,Furniture,Chair,11,3000,33000,7306
ORD02452,2025-07-25,East,Riya,Electronics,Mobile,9,20000,180000,27963
ORD02453,2025-07-31,South,Priya,Electronics,Mobile,20,20000,400000,50153
ORD02454,2025-01-06,South,Anita,Furniture,Chair,8,3000,24000,4373
ORD02455,2025-08-17,West,Meena,Electronics,Laptop,2,50000,100000,16473
ORD02456,2025-08-19,North,Amit,Electronics,Mobile,12,20000,240000,67366
ORD02457,2025-10-18,North,Amit,Electronics,Laptop,12,50000,600000,76224
ORD02458,2025-09-12,East,Riya,Electronics,Mobile,13,20000,260000,72626
ORD02459,2025-04-19,East,Arun,Furniture,Chair,8,3000,24000,2752
ORD02460,2025-11-21,North,Amit,Electronics,Mobile,16,20000,320000,39933
ORD02461,2025-04-16,South,Karthik,Electronics,Laptop,17,50000,850000,159262
ORD02462,2025-05-01,East,Arun,Furniture,Table,7,8000,56000,12052
ORD02463,2025-12-17,North,Amit,Electronics,Mobile,3,20000,60000,16690
ORD02464,2025-10-06,West,Sneha,Furniture,Sofa,15,25000,375000,112003
ORD02465,2025-06-23,South,Karthik,Furniture,Sofa,3,25000,75000,11721
ORD02466,2025-03-06,West,Meena,Electronics,Mobile,18,20000,360000,79603
ORD02467,2025-08-05,East,Riya,Electronics,Laptop,4,50000,200000,31755
ORD02468,2025-10-03,South,Priya,Electronics,Monitor,8,12000,96000,12816
ORD02469,2025-06-18,South,Anita,Furniture,Sofa,7,25000,175000,37614
ORD02470,2025-03-21,South,Priya,Electronics,Mobile,20,20000,400000,73326
ORD02471,2025-10-30,North,Vikram,Electronics,Laptop,13,50000,650000,157684
ORD02472,2025-08-06,North,Vikram,Electronics,Mobile,8,20000,160000,18048
ORD02473,2025-01-22,West,Rahul,Furniture,Chair,11,3000,33000,4441
ORD02474,2025-04-30,West,Sneha,Electronics,Mobile,4,20000,80000,10302
ORD02475,2025-01-18,East,Riya,Electronics,Monitor,9,12000,108000,24191
ORD02476,2025-07-14,North,Raj,Furniture,Chair,18,3000,54000,7592
ORD02477,2025-09-26,North,Raj,Electronics,Monitor,17,12000,204000,41346
ORD02478,2025-01-11,North,Raj,Furniture,Chair,17,3000,51000,10168
ORD02479,2025-02-14,North,Raj,Electronics,Laptop,8,50000,400000,98660
ORD02480,2025-05-03,East,Riya,Electronics,Monitor,4,12000,48000,9095
ORD02481,2025-06-04,North,Raj,Electronics,Laptop,10,50000,500000,102471
ORD02482,2025-02-02,North,Vikram,Electronics,Monitor,13,12000,156000,26957
ORD02483,2025-09-02,North,Raj,Furniture,Table,2,8000,16000,2354
ORD02484,2025-01-16,East,Arun,Furniture,Table,9,8000,72000,19587
ORD02485,2025-12-12,South,Anita,Electronics,Laptop,8,50000,400000,117398
ORD02486,2025-03-26,West,Rahul,Furniture,Table,8,8000,64000,18065
ORD02487,2025-10-05,South,Anita,Electronics,Monitor,1,12000,12000,2672
ORD02488,2025-11-22,East,Arun,Furniture,Table,10,8000,80000,13385
ORD02489,2025-08-20,South,Anita,Electronics,Monitor,12,12000,144000,40829
ORD02490,2025-01-21,East,Arun,Furniture,Sofa,8,25000,200000,58226
ORD02491,2025-08-31,East,Riya,Furniture,Sofa,2,25000,50000,14971
ORD02492,2025-06-24,North,Amit,Electronics,Monitor,5,12000,60000,12502
ORD02493,2025-01-20,South,Priya,Furniture,Table,19,8000,152000,27238
ORD02494,2025-08-24,West,Meena,Furniture,Chair,2,3000,6000,1724
ORD02495,2025-08-07,West,Sneha,Electronics,Laptop,17,50000,850000,145125
ORD02496,2025-06-15,East,Suresh,Electronics,Mobile,17,20000,340000,78388
ORD02497,2025-09-20,South,Priya,Electronics,Laptop,8,50000,400000,48578
ORD02498,2025-09-30,South,Karthik,Furniture,Sofa,11,25000,275000,68546
ORD02499,2025-05-08,South,Priya,Electronics,Mobile,15,20000,300000,63782
ORD02500,2025-11-13,East,Suresh,Furniture,Chair,5,3000,15000,2040
ORD02501,2025-04-11,North,Raj,Furniture,Chair,18,3000,54000,14068
ORD02502,2025-03-22,North,Raj,Electronics,Mobile,3,20000,60000,14695
ORD02503,2025-02-13,West,Rahul,Furniture,Table,5,8000,40000,7612
ORD02504,2025-09-14,South,Priya,Furniture,Sofa,17,25000,425000,118466
ORD02505,2025-01-30,South,Anita,Electronics,Mobile,8,20000,160000,17793
ORD02506,2025-03-22,West,Rahul,Electronics,Monitor,17,12000,204000,22778
ORD02507,2025-11-20,East,Suresh,Furniture,Chair,12,3000,36000,8414
ORD02508,2025-03-19,South,Anita,Furniture,Sofa,3,25000,75000,11574
ORD02509,2025-08-16,East,Suresh,Electronics,Mobile,20,20000,400000,51109
ORD02510,2025-11-11,West,Rahul,Furniture,Sofa,13,25000,325000,78596
ORD02511,2025-11-08,South,Karthik,Furniture,Table,6,8000,48000,5162
ORD02512,2025-07-20,South,Anita,Electronics,Laptop,14,50000,700000,120893
ORD02513,2025-06-02,South,Priya,Electronics,Mobile,2,20000,40000,4062
ORD02514,2025-11-15,East,Suresh,Furniture,Sofa,5,25000,125000,22055
ORD02515,2025-09-28,South,Anita,Electronics,Monitor,16,12000,192000,27282
ORD02516,2025-09-20,North,Vikram,Furniture,Table,7,8000,56000,8599
ORD02517,2025-09-18,North,Vikram,Electronics,Monitor,3,12000,36000,5976
ORD02518,2025-12-26,North,Vikram,Furniture,Sofa,12,25000,300000,35499
ORD02519,2025-06-10,West,Meena,Furniture,Chair,15,3000,45000,12324
ORD02520,2025-02-20,North,Amit,Furniture,Table,1,8000,8000,2147
ORD02521,2025-06-03,North,Vikram,Furniture,Table,8,8000,64000,10032
ORD02522,2025-05-29,South,Anita,Furniture,Sofa,19,25000,475000,94755
ORD02523,2025-08-03,South,Priya,Electronics,Laptop,16,50000,800000,234712
ORD02524,2025-11-04,South,Karthik,Furniture,Chair,3,3000,9000,1844
ORD02525,2025-02-08,East,Arun,Furniture,Sofa,2,25000,50000,7161
ORD02526,2025-01-01,East,Suresh,Electronics,Laptop,12,50000,600000,122526
ORD02527,2025-06-04,South,Priya,Electronics,Laptop,14,50000,700000,145669
ORD02528,2025-05-19,East,Suresh,Furniture,Chair,2,3000,6000,1787
ORD02529,2025-09-19,West,Meena,Electronics,Monitor,16,12000,192000,57025
ORD02530,2025-09-06,East,Riya,Electronics,Laptop,7,50000,350000,37217
ORD02531,2025-06-30,East,Suresh,Furniture,Chair,12,3000,36000,5700
ORD02532,2025-05-28,South,Priya,Furniture,Chair,11,3000,33000,9294
ORD02533,2025-06-01,North,Raj,Furniture,Chair,16,3000,48000,9136
ORD02534,2025-11-08,North,Raj,Electronics,Monitor,19,12000,228000,55191
ORD02535,2025-04-16,East,Suresh,Furniture,Table,3,8000,24000,7063
ORD02536,2025-08-28,North,Amit,Electronics,Laptop,13,50000,650000,133412
ORD02537,2025-09-07,West,Meena,Furniture,Table,3,8000,24000,3125
ORD02538,2025-04-19,West,Rahul,Electronics,Mobile,14,20000,280000,30295
ORD02539,2025-01-04,South,Karthik,Furniture,Table,15,8000,120000,31294
ORD02540,2025-09-14,East,Suresh,Electronics,Laptop,3,50000,150000,44141
ORD02541,2025-05-31,South,Karthik,Electronics,Laptop,14,50000,700000,141406
ORD02542,2025-09-24,South,Karthik,Furniture,Sofa,11,25000,275000,39604
ORD02543,2025-07-29,East,Suresh,Electronics,Mobile,7,20000,140000,18303
ORD02544,2025-07-30,East,Riya,Furniture,Table,3,8000,24000,3190
ORD02545,2025-07-05,South,Priya,Furniture,Sofa,6,25000,150000,39275
ORD02546,2025-11-08,North,Raj,Electronics,Laptop,17,50000,850000,219539
ORD02547,2025-03-13,West,Rahul,Furniture,Table,19,8000,152000,32485
ORD02548,2025-09-07,West,Rahul,Electronics,Monitor,4,12000,48000,8209
ORD02549,2025-02-06,East,Suresh,Electronics,Mobile,1,20000,20000,3779
ORD02550,2025-06-05,West,Meena,Electronics,Laptop,2,50000,100000,24251
ORD02551,2025-04-02,North,Raj,Furniture,Table,6,8000,48000,14019
ORD02552,2025-10-29,West,Rahul,Electronics,Mobile,20,20000,400000,82600
ORD02553,2025-09-19,East,Arun,Furniture,Sofa,7,25000,175000,31372
ORD02554,2025-10-24,East,Arun,Electronics,Laptop,2,50000,100000,15377
ORD02555,2025-01-11,West,Sneha,Electronics,Mobile,5,20000,100000,21833
ORD02556,2025-09-06,South,Anita,Furniture,Chair,7,3000,21000,4038
ORD02557,2025-07-07,North,Raj,Furniture,Sofa,6,25000,150000,21652
ORD02558,2025-01-22,East,Suresh,Furniture,Chair,11,3000,33000,8560
ORD02559,2025-04-22,West,Meena,Furniture,Sofa,18,25000,450000,47324
ORD02560,2025-04-20,East,Suresh,Electronics,Mobile,20,20000,400000,76873
ORD02561,2025-06-26,North,Amit,Electronics,Monitor,4,12000,48000,8747
ORD02562,2025-10-27,North,Raj,Furniture,Sofa,19,25000,475000,62957
ORD02563,2025-11-26,North,Raj,Furniture,Sofa,1,25000,25000,2846
ORD02564,2025-01-04,East,Arun,Furniture,Table,6,8000,48000,9961
ORD02565,2025-11-01,South,Anita,Electronics,Mobile,12,20000,240000,30334
ORD02566,2025-02-26,West,Meena,Electronics,Monitor,2,12000,24000,2508
ORD02567,2025-05-27,North,Vikram,Furniture,Sofa,4,25000,100000,25841
ORD02568,2025-04-30,West,Sneha,Electronics,Laptop,13,50000,650000,184982
ORD02569,2025-03-19,East,Arun,Furniture,Table,14,8000,112000,30517
ORD02570,2025-12-09,North,Amit,Furniture,Table,5,8000,40000,7218
ORD02571,2025-07-06,West,Meena,Electronics,Laptop,14,50000,700000,108873
ORD02572,2025-01-02,West,Rahul,Furniture,Chair,3,3000,9000,1103
ORD02573,2025-11-15,South,Karthik,Electronics,Mobile,4,20000,80000,11695
ORD02574,2025-09-03,South,Priya,Furniture,Chair,5,3000,15000,4000
ORD02575,2025-08-21,North,Vikram,Electronics,Laptop,20,50000,1000000,147189
ORD02576,2025-07-28,South,Anita,Furniture,Table,18,8000,144000,39358
ORD02577,2025-03-27,East,Riya,Electronics,Monitor,7,12000,84000,24140
ORD02578,2025-02-11,South,Karthik,Electronics,Monitor,16,12000,192000,23559
ORD02579,2025-08-19,East,Riya,Furniture,Chair,20,3000,60000,7217
ORD02580,2025-06-05,South,Karthik,Electronics,Laptop,15,50000,750000,127797
ORD02581,2025-11-07,North,Amit,Electronics,Mobile,5,20000,100000,26578
ORD02582,2025-02-23,West,Meena,Electronics,Laptop,6,50000,300000,35452
ORD02583,2025-12-14,East,Arun,Electronics,Mobile,1,20000,20000,4285
ORD02584,2025-11-08,West,Rahul,Electronics,Laptop,17,50000,850000,223495
ORD02585,2025-05-03,South,Anita,Furniture,Chair,18,3000,54000,6273
ORD02586,2025-12-22,West,Sneha,Furniture,Sofa,11,25000,275000,63142
ORD02587,2025-06-22,East,Riya,Electronics,Monitor,19,12000,228000,32674
ORD02588,2025-01-24,South,Karthik,Electronics,Laptop,15,50000,750000,209844
ORD02589,2025-10-31,North,Amit,Electronics,Mobile,19,20000,380000,91135
ORD02590,2025-02-21,East,Suresh,Electronics,Monitor,19,12000,228000,38495
ORD02591,2025-10-05,West,Meena,Electronics,Laptop,7,50000,350000,55800
ORD02592,2025-02-15,West,Meena,Electronics,Mobile,2,20000,40000,11653
ORD02593,2025-11-07,North,Raj,Electronics,Monitor,6,12000,72000,9900
ORD02594,2025-03-15,West,Sneha,Furniture,Table,1,8000,8000,1692
ORD02595,2025-12-29,West,Meena,Electronics,Monitor,20,12000,240000,67632
ORD02596,2025-02-21,East,Arun,Electronics,Mobile,11,20000,220000,29056
ORD02597,2025-08-06,South,Karthik,Electronics,Laptop,4,50000,200000,24629
ORD02598,2025-04-08,East,Arun,Electronics,Mobile,10,20000,200000,41024
ORD02599,2025-04-28,North,Raj,Electronics,Monitor,18,12000,216000,60355
ORD02600,2025-07-01,East,Riya,Electronics,Monitor,10,12000,120000,14391
ORD02601,2025-03-16,East,Suresh,Electronics,Mobile,5,20000,100000,12702
ORD02602,2025-04-17,North,Amit,Furniture,Chair,14,3000,42000,11991
ORD02603,2025-05-01,North,Amit,Electronics,Mobile,5,20000,100000,13325
ORD02604,2025-02-21,South,Anita,Electronics,Mobile,12,20000,240000,29998
ORD02605,2025-08-06,East,Riya,Furniture,Chair,12,3000,36000,9864
ORD02606,2025-10-13,West,Sneha,Electronics,Mobile,3,20000,60000,16512
ORD02607,2025-09-09,West,Meena,Furniture,Sofa,11,25000,275000,36038
ORD02608,2025-09-14,North,Vikram,Electronics,Laptop,11,50000,550000,106435
ORD02609,2025-04-12,East,Suresh,Electronics,Mobile,13,20000,260000,75079
ORD02610,2025-09-14,West,Sneha,Furniture,Sofa,5,25000,125000,26699
ORD02611,2025-01-21,East,Arun,Electronics,Monitor,17,12000,204000,61147
ORD02612,2025-07-12,East,Suresh,Furniture,Table,12,8000,96000,22758
ORD02613,2025-08-12,South,Priya,Electronics,Monitor,3,12000,36000,4824
ORD02614,2025-02-27,West,Rahul,Furniture,Sofa,6,25000,150000,15156
ORD02615,2025-05-08,East,Riya,Furniture,Sofa,7,25000,175000,29375
ORD02616,2025-01-22,West,Rahul,Furniture,Chair,20,3000,60000,10344
ORD02617,2025-08-16,South,Karthik,Furniture,Table,1,8000,8000,2072
ORD02618,2025-05-13,South,Priya,Electronics,Mobile,1,20000,20000,2766
ORD02619,2025-05-25,North,Amit,Electronics,Laptop,8,50000,400000,51908
ORD02620,2025-02-22,North,Vikram,Electronics,Monitor,12,12000,144000,25753
ORD02621,2025-12-25,West,Rahul,Electronics,Laptop,20,50000,1000000,248843
ORD02622,2025-04-07,South,Priya,Electronics,Mobile,5,20000,100000,15232
ORD02623,2025-03-20,West,Sneha,Furniture,Table,19,8000,152000,32919
ORD02624,2025-05-15,South,Karthik,Furniture,Table,7,8000,56000,9096
ORD02625,2025-01-14,South,Anita,Electronics,Laptop,4,50000,200000,35247
ORD02626,2025-11-23,West,Sneha,Furniture,Table,17,8000,136000,23773
ORD02627,2025-07-15,West,Sneha,Furniture,Chair,1,3000,3000,446
ORD02628,2025-03-18,North,Amit,Electronics,Laptop,3,50000,150000,17619
ORD02629,2025-02-26,North,Vikram,Furniture,Sofa,5,25000,125000,26052
ORD02630,2025-12-10,South,Priya,Electronics,Laptop,17,50000,850000,183445
ORD02631,2025-10-25,West,Rahul,Furniture,Chair,1,3000,3000,795
ORD02632,2025-05-28,North,Amit,Electronics,Monitor,12,12000,144000,32302
ORD02633,2025-10-04,South,Anita,Electronics,Monitor,3,12000,36000,3882
ORD02634,2025-12-26,West,Meena,Furniture,Chair,14,3000,42000,4549
ORD02635,2025-02-25,South,Anita,Furniture,Table,2,8000,16000,3858
ORD02636,2025-12-22,North,Amit,Electronics,Laptop,16,50000,800000,219498
ORD02637,2025-08-25,North,Vikram,Electronics,Mobile,13,20000,260000,75090
ORD02638,2025-10-26,North,Raj,Furniture,Table,15,8000,120000,35167
ORD02639,2025-06-01,West,Meena,Electronics,Mobile,2,20000,40000,8738
ORD02640,2025-01-23,West,Meena,Electronics,Laptop,5,50000,250000,54516
ORD02641,2025-08-14,South,Karthik,Electronics,Mobile,2,20000,40000,7963
ORD02642,2025-11-27,North,Raj,Furniture,Table,18,8000,144000,37808
ORD02643,2025-12-02,South,Anita,Electronics,Mobile,20,20000,400000,80730
ORD02644,2025-07-04,East,Arun,Furniture,Table,1,8000,8000,2159
ORD02645,2025-04-21,North,Raj,Furniture,Sofa,12,25000,300000,87296
ORD02646,2025-06-24,South,Priya,Furniture,Sofa,3,25000,75000,19462
ORD02647,2025-05-14,North,Vikram,Furniture,Chair,9,3000,27000,4660
ORD02648,2025-01-18,East,Arun,Electronics,Mobile,5,20000,100000,10791
ORD02649,2025-07-17,North,Raj,Furniture,Chair,19,3000,57000,10902
ORD02650,2025-03-01,South,Anita,Furniture,Table,8,8000,64000,18760
ORD02651,2025-07-09,South,Karthik,Furniture,Sofa,14,25000,350000,46171
ORD02652,2025-10-16,West,Rahul,Electronics,Monitor,10,12000,120000,32814
ORD02653,2025-11-09,North,Raj,Electronics,Monitor,14,12000,168000,29074
ORD02654,2025-06-03,South,Priya,Furniture,Chair,11,3000,33000,6712
ORD02655,2025-01-07,South,Priya,Electronics,Laptop,20,50000,1000000,275962
ORD02656,2025-02-17,South,Priya,Furniture,Sofa,11,25000,275000,72982
ORD02657,2025-04-10,North,Vikram,Furniture,Sofa,20,25000,500000,51024
ORD02658,2025-08-11,South,Priya,Electronics,Monitor,5,12000,60000,9228
ORD02659,2025-04-28,North,Raj,Electronics,Laptop,4,50000,200000,54822
ORD02660,2025-04-13,East,Suresh,Electronics,Laptop,18,50000,900000,185047
ORD02661,2025-02-17,West,Rahul,Electronics,Mobile,14,20000,280000,75405
ORD02662,2025-12-23,North,Amit,Furniture,Sofa,12,25000,300000,84216
ORD02663,2025-04-08,South,Priya,Furniture,Table,11,8000,88000,23159
ORD02664,2025-09-18,North,Amit,Electronics,Laptop,1,50000,50000,5808
ORD02665,2025-03-08,East,Riya,Furniture,Sofa,10,25000,250000,68987
ORD02666,2025-05-28,West,Rahul,Furniture,Sofa,13,25000,325000,71803
ORD02667,2025-09-07,South,Anita,Furniture,Chair,15,3000,45000,4901
ORD02668,2025-07-20,South,Anita,Electronics,Laptop,4,50000,200000,29384
ORD02669,2025-11-14,South,Priya,Furniture,Chair,13,3000,39000,10510
ORD02670,2025-09-26,West,Meena,Electronics,Monitor,15,12000,180000,47507
ORD02671,2025-09-05,West,Rahul,Electronics,Mobile,14,20000,280000,68873
ORD02672,2025-12-01,East,Riya,Electronics,Mobile,2,20000,40000,4372
ORD02673,2025-11-17,North,Raj,Electronics,Mobile,12,20000,240000,58116
ORD02674,2025-07-09,East,Suresh,Electronics,Mobile,7,20000,140000,37898
ORD02675,2025-09-02,East,Arun,Electronics,Laptop,12,50000,600000,172722
ORD02676,2025-02-27,East,Arun,Furniture,Sofa,4,25000,100000,10016
ORD02677,2025-12-17,North,Vikram,Electronics,Laptop,13,50000,650000,135034
ORD02678,2025-04-05,North,Amit,Furniture,Chair,10,3000,30000,5631
ORD02679,2025-03-18,East,Suresh,Electronics,Mobile,12,20000,240000,65419
ORD02680,2025-08-12,West,Sneha,Electronics,Mobile,10,20000,200000,51941
ORD02681,2025-12-19,North,Amit,Furniture,Sofa,8,25000,200000,23512
ORD02682,2025-07-08,North,Amit,Electronics,Monitor,11,12000,132000,16902
ORD02683,2025-07-16,North,Amit,Furniture,Table,14,8000,112000,26841
ORD02684,2025-04-18,South,Priya,Furniture,Table,20,8000,160000,41503
ORD02685,2025-05-28,East,Riya,Electronics,Monitor,1,12000,12000,1856
ORD02686,2025-05-07,North,Amit,Furniture,Table,3,8000,24000,7149
ORD02687,2025-09-10,West,Rahul,Electronics,Mobile,1,20000,20000,3741
ORD02688,2025-03-28,West,Rahul,Electronics,Laptop,9,50000,450000,131432
ORD02689,2025-11-06,South,Priya,Electronics,Laptop,10,50000,500000,60636
ORD02690,2025-02-26,South,Karthik,Furniture,Chair,19,3000,57000,6291
ORD02691,2025-06-25,East,Arun,Electronics,Mobile,15,20000,300000,65326
ORD02692,2025-08-08,South,Karthik,Electronics,Mobile,13,20000,260000,33806
ORD02693,2025-04-29,West,Rahul,Electronics,Monitor,2,12000,24000,4213
ORD02694,2025-03-16,East,Suresh,Electronics,Laptop,5,50000,250000,36797
ORD02695,2025-07-23,East,Arun,Furniture,Table,15,8000,120000,25065
ORD02696,2025-04-23,East,Arun,Electronics,Laptop,20,50000,1000000,234715
ORD02697,2025-02-10,East,Riya,Electronics,Monitor,13,12000,156000,26061
ORD02698,2025-05-09,South,Priya,Furniture,Sofa,20,25000,500000,80752
ORD02699,2025-02-06,East,Arun,Furniture,Chair,20,3000,60000,11650
ORD02700,2025-04-06,East,Arun,Furniture,Sofa,20,25000,500000,90868
ORD02701,2025-11-13,East,Suresh,Electronics,Monitor,5,12000,60000,13550
ORD02702,2025-10-24,South,Karthik,Furniture,Chair,8,3000,24000,3454
ORD02703,2025-09-06,North,Amit,Electronics,Mobile,3,20000,60000,14103
ORD02704,2025-10-21,West,Meena,Furniture,Sofa,11,25000,275000,36579
ORD02705,2025-04-06,West,Meena,Electronics,Laptop,20,50000,1000000,214864
ORD02706,2025-10-17,North,Vikram,Furniture,Chair,2,3000,6000,1281
ORD02707,2025-12-04,West,Sneha,Furniture,Chair,9,3000,27000,6884
ORD02708,2025-07-25,West,Sneha,Electronics,Mobile,19,20000,380000,62179
ORD02709,2025-06-20,North,Amit,Furniture,Chair,2,3000,6000,1033
ORD02710,2025-08-18,North,Raj,Furniture,Sofa,8,25000,200000,59908
ORD02711,2025-02-03,East,Suresh,Electronics,Laptop,2,50000,100000,27209
ORD02712,2025-02-15,East,Riya,Furniture,Table,3,8000,24000,2594
ORD02713,2025-05-24,West,Sneha,Furniture,Sofa,18,25000,450000,125306
ORD02714,2025-07-02,East,Riya,Furniture,Table,1,8000,8000,1271
ORD02715,2025-07-16,West,Sneha,Furniture,Sofa,11,25000,275000,63630
ORD02716,2025-02-14,North,Raj,Furniture,Chair,8,3000,24000,6316
ORD02717,2025-12-24,North,Vikram,Electronics,Laptop,6,50000,300000,85811
ORD02718,2025-01-26,South,Karthik,Electronics,Mobile,5,20000,100000,23786
ORD02719,2025-02-23,East,Riya,Furniture,Chair,16,3000,48000,8591
ORD02720,2025-01-05,North,Raj,Furniture,Table,6,8000,48000,9439
ORD02721,2025-05-16,West,Sneha,Electronics,Laptop,15,50000,750000,133960
ORD02722,2025-04-26,East,Riya,Electronics,Monitor,7,12000,84000,21920
ORD02723,2025-03-31,South,Karthik,Electronics,Monitor,12,12000,144000,38796
ORD02724,2025-10-19,North,Amit,Electronics,Laptop,17,50000,850000,124011
ORD02725,2025-07-31,North,Raj,Furniture,Sofa,5,25000,125000,25034
ORD02726,2025-11-14,North,Amit,Furniture,Chair,15,3000,45000,13458
ORD02727,2025-03-24,East,Riya,Electronics,Laptop,5,50000,250000,31904
ORD02728,2025-12-06,West,Rahul,Electronics,Mobile,7,20000,140000,41924
ORD02729,2025-05-13,North,Amit,Furniture,Chair,2,3000,6000,1085
ORD02730,2025-07-07,West,Rahul,Electronics,Mobile,13,20000,260000,58467
ORD02731,2025-10-27,North,Vikram,Electronics,Mobile,17,20000,340000,61788
ORD02732,2025-11-12,South,Anita,Furniture,Table,13,8000,104000,18811
ORD02733,2025-03-03,North,Raj,Electronics,Mobile,8,20000,160000,37033
ORD02734,2025-01-01,North,Vikram,Furniture,Table,7,8000,56000,15500
ORD02735,2025-10-17,West,Sneha,Electronics,Laptop,13,50000,650000,191345
ORD02736,2025-03-06,East,Riya,Furniture,Chair,7,3000,21000,2703
ORD02737,2025-04-05,South,Anita,Furniture,Chair,13,3000,39000,7692
ORD02738,2025-09-09,East,Riya,Electronics,Monitor,9,12000,108000,15439
ORD02739,2025-01-23,South,Karthik,Electronics,Laptop,7,50000,350000,89263
ORD02740,2025-08-02,West,Rahul,Furniture,Table,12,8000,96000,27939
ORD02741,2025-04-14,South,Anita,Furniture,Sofa,12,25000,300000,31520
ORD02742,2025-08-02,West,Sneha,Furniture,Chair,6,3000,18000,2277
ORD02743,2025-01-30,East,Suresh,Electronics,Laptop,3,50000,150000,19753
ORD02744,2025-12-25,West,Sneha,Electronics,Monitor,20,12000,240000,43772
ORD02745,2025-01-14,East,Riya,Furniture,Table,17,8000,136000,39033
ORD02746,2025-01-05,West,Sneha,Electronics,Mobile,17,20000,340000,37404
ORD02747,2025-11-05,South,Karthik,Furniture,Chair,8,3000,24000,4759
ORD02748,2025-11-26,North,Vikram,Electronics,Monitor,8,12000,96000,19074
ORD02749,2025-11-29,East,Riya,Furniture,Sofa,2,25000,50000,14721
ORD02750,2025-12-25,North,Raj,Furniture,Table,6,8000,48000,13569
ORD02751,2025-06-28,North,Amit,Electronics,Monitor,19,12000,228000,54069
ORD02752,2025-10-18,West,Rahul,Electronics,Monitor,16,12000,192000,33482
ORD02753,2025-04-05,North,Vikram,Furniture,Chair,6,3000,18000,4348
ORD02754,2025-01-18,East,Arun,Furniture,Sofa,9,25000,225000,33529
ORD02755,2025-09-28,North,Amit,Electronics,Mobile,3,20000,60000,8727
ORD02756,2025-03-29,East,Arun,Electronics,Mobile,5,20000,100000,15874
ORD02757,2025-01-31,South,Karthik,Electronics,Monitor,15,12000,180000,39015
ORD02758,2025-08-28,North,Vikram,Electronics,Monitor,15,12000,180000,38903
ORD02759,2025-10-05,West,Meena,Furniture,Chair,9,3000,27000,5202
ORD02760,2025-06-21,East,Riya,Furniture,Table,20,8000,160000,34337
ORD02761,2025-10-15,North,Amit,Electronics,Mobile,14,20000,280000,45393
ORD02762,2025-10-25,West,Sneha,Furniture,Chair,15,3000,45000,4856
ORD02763,2025-12-09,East,Arun,Electronics,Monitor,2,12000,24000,3379
ORD02764,2025-07-07,South,Priya,Electronics,Mobile,12,20000,240000,35866
ORD02765,2025-09-24,South,Anita,Electronics,Laptop,5,50000,250000,59892
ORD02766,2025-03-04,East,Arun,Furniture,Chair,9,3000,27000,2776
ORD02767,2025-04-25,West,Sneha,Furniture,Sofa,7,25000,175000,31288
ORD02768,2025-04-26,East,Suresh,Furniture,Chair,18,3000,54000,6909
ORD02769,2025-12-12,North,Raj,Electronics,Mobile,8,20000,160000,36839
ORD02770,2025-06-29,North,Amit,Electronics,Mobile,3,20000,60000,14558
ORD02771,2025-03-29,South,Karthik,Electronics,Mobile,8,20000,160000,39994
ORD02772,2025-04-27,North,Amit,Electronics,Monitor,14,12000,168000,23074
ORD02773,2025-06-17,North,Raj,Furniture,Table,19,8000,152000,25706
ORD02774,2025-02-13,South,Priya,Furniture,Sofa,2,25000,50000,5303
ORD02775,2025-02-28,North,Amit,Furniture,Chair,1,3000,3000,889
ORD02776,2025-10-23,North,Vikram,Electronics,Monitor,6,12000,72000,9365
ORD02777,2025-03-12,East,Arun,Furniture,Sofa,14,25000,350000,44507
ORD02778,2025-11-26,South,Karthik,Electronics,Laptop,2,50000,100000,21940
ORD02779,2025-03-15,North,Amit,Furniture,Table,6,8000,48000,11765
ORD02780,2025-08-13,West,Rahul,Electronics,Mobile,4,20000,80000,14630
ORD02781,2025-10-23,East,Arun,Furniture,Chair,10,3000,30000,6112
ORD02782,2025-11-10,South,Karthik,Electronics,Monitor,10,12000,120000,27022
ORD02783,2025-11-27,West,Sneha,Furniture,Chair,6,3000,18000,4240
ORD02784,2025-07-31,East,Riya,Furniture,Chair,14,3000,42000,5017
ORD02785,2025-11-28,South,Priya,Furniture,Table,3,8000,24000,4596
ORD02786,2025-03-28,West,Meena,Electronics,Laptop,17,50000,850000,203557
ORD02787,2025-11-05,East,Suresh,Electronics,Mobile,18,20000,360000,65979
ORD02788,2025-04-05,South,Karthik,Furniture,Sofa,15,25000,375000,53330
ORD02789,2025-03-02,South,Karthik,Furniture,Sofa,15,25000,375000,104444
ORD02790,2025-11-04,West,Sneha,Electronics,Monitor,1,12000,12000,1398
ORD02791,2025-07-16,West,Meena,Electronics,Monitor,13,12000,156000,25596
ORD02792,2025-09-02,East,Riya,Furniture,Chair,11,3000,33000,5357
ORD02793,2025-06-27,East,Riya,Electronics,Mobile,11,20000,220000,25480
ORD02794,2025-09-26,South,Priya,Furniture,Table,20,8000,160000,24403
ORD02795,2025-02-26,West,Meena,Electronics,Laptop,20,50000,1000000,201016
ORD02796,2025-02-24,South,Anita,Electronics,Monitor,20,12000,240000,65879
ORD02797,2025-10-04,North,Vikram,Electronics,Mobile,3,20000,60000,16167
ORD02798,2025-11-27,East,Riya,Electronics,Mobile,17,20000,340000,52249
ORD02799,2025-03-21,South,Priya,Electronics,Monitor,19,12000,228000,23707
ORD02800,2025-03-14,North,Raj,Furniture,Chair,11,3000,33000,8301
ORD02801,2025-07-10,South,Priya,Electronics,Mobile,6,20000,120000,27144
ORD02802,2025-07-22,South,Anita,Furniture,Sofa,7,25000,175000,20590
ORD02803,2025-10-31,West,Sneha,Furniture,Sofa,1,25000,25000,4318
ORD02804,2025-02-28,West,Rahul,Electronics,Monitor,14,12000,168000,21003
ORD02805,2025-01-03,West,Meena,Furniture,Table,9,8000,72000,9134
ORD02806,2025-05-12,West,Sneha,Electronics,Monitor,1,12000,12000,3298
ORD02807,2025-04-14,South,Anita,Furniture,Sofa,15,25000,375000,106160
ORD02808,2025-05-19,East,Arun,Electronics,Mobile,20,20000,400000,46036
ORD02809,2025-03-29,South,Anita,Electronics,Monitor,10,12000,120000,16266
ORD02810,2025-09-06,West,Meena,Electronics,Laptop,1,50000,50000,8615
ORD02811,2025-11-09,North,Amit,Electronics,Monitor,5,12000,60000,16985
ORD02812,2025-05-07,West,Sneha,Furniture,Sofa,1,25000,25000,5447
ORD02813,2025-06-30,West,Rahul,Furniture,Chair,6,3000,18000,2906
ORD02814,2025-10-04,East,Riya,Furniture,Table,15,8000,120000,18964
ORD02815,2025-09-18,West,Sneha,Electronics,Mobile,9,20000,180000,41197
ORD02816,2025-12-19,North,Raj,Electronics,Monitor,7,12000,84000,11319
ORD02817,2025-12-11,West,Meena,Furniture,Chair,11,3000,33000,6226
ORD02818,2025-10-19,East,Arun,Furniture,Chair,18,3000,54000,9923
ORD02819,2025-09-15,West,Meena,Furniture,Table,1,8000,8000,2271
ORD02820,2025-04-11,South,Priya,Furniture,Table,18,8000,144000,29225
ORD02821,2025-12-18,East,Riya,Electronics,Mobile,15,20000,300000,36972
ORD02822,2025-10-02,North,Vikram,Furniture,Chair,3,3000,9000,1759
ORD02823,2025-07-05,West,Sneha,Furniture,Chair,4,3000,12000,1942
ORD02824,2025-10-02,North,Amit,Electronics,Monitor,3,12000,36000,6559
ORD02825,2025-01-14,South,Anita,Furniture,Table,14,8000,112000,21883
ORD02826,2025-11-30,West,Sneha,Furniture,Table,11,8000,88000,16164
ORD02827,2025-10-01,South,Anita,Furniture,Chair,19,3000,57000,13542
ORD02828,2025-09-17,East,Suresh,Electronics,Laptop,12,50000,600000,117067
ORD02829,2025-02-27,West,Rahul,Electronics,Laptop,9,50000,450000,95547
ORD02830,2025-11-17,West,Meena,Furniture,Sofa,17,25000,425000,55678
ORD02831,2025-11-23,West,Sneha,Electronics,Monitor,6,12000,72000,8189
ORD02832,2025-03-23,West,Sneha,Furniture,Table,19,8000,152000,34854
ORD02833,2025-03-19,East,Suresh,Furniture,Table,19,8000,152000,40621
ORD02834,2025-03-10,East,Riya,Electronics,Laptop,4,50000,200000,26165
ORD02835,2025-04-01,South,Anita,Furniture,Table,13,8000,104000,26250
ORD02836,2025-06-03,West,Meena,Electronics,Laptop,17,50000,850000,146337
ORD02837,2025-10-20,East,Arun,Furniture,Table,4,8000,32000,6605
ORD02838,2025-10-17,North,Raj,Furniture,Chair,8,3000,24000,2685
ORD02839,2025-03-20,North,Vikram,Furniture,Chair,18,3000,54000,13038
ORD02840,2025-04-11,North,Raj,Electronics,Monitor,12,12000,144000,14760
ORD02841,2025-01-26,South,Karthik,Electronics,Monitor,18,12000,216000,63628
ORD02842,2025-07-30,South,Anita,Furniture,Chair,11,3000,33000,7035
ORD02843,2025-01-01,North,Amit,Furniture,Table,1,8000,8000,1806
ORD02844,2025-05-29,South,Priya,Furniture,Sofa,13,25000,325000,66187
ORD02845,2025-08-17,South,Karthik,Furniture,Table,14,8000,112000,23755
ORD02846,2025-06-29,North,Amit,Furniture,Sofa,10,25000,250000,47797
ORD02847,2025-04-27,North,Amit,Electronics,Laptop,9,50000,450000,98629
ORD02848,2025-10-19,South,Priya,Furniture,Sofa,15,25000,375000,52004
ORD02849,2025-05-31,South,Priya,Furniture,Sofa,3,25000,75000,22090
ORD02850,2025-12-13,East,Suresh,Furniture,Sofa,14,25000,350000,100435
ORD02851,2025-05-04,North,Raj,Electronics,Laptop,15,50000,750000,132360
ORD02852,2025-12-14,North,Vikram,Furniture,Sofa,15,25000,375000,90692
ORD02853,2025-04-09,West,Sneha,Furniture,Sofa,6,25000,150000,29897
ORD02854,2025-04-09,West,Meena,Furniture,Table,20,8000,160000,46863
ORD02855,2025-02-13,North,Amit,Electronics,Monitor,5,12000,60000,11298
ORD02856,2025-03-17,South,Priya,Electronics,Monitor,10,12000,120000,16613
ORD02857,2025-10-14,North,Amit,Electronics,Monitor,17,12000,204000,61055
ORD02858,2025-09-01,North,Raj,Electronics,Monitor,6,12000,72000,14024
ORD02859,2025-03-15,North,Amit,Electronics,Mobile,4,20000,80000,15399
ORD02860,2025-02-02,North,Raj,Furniture,Sofa,16,25000,400000,86818
ORD02861,2025-10-09,East,Riya,Furniture,Table,7,8000,56000,11478
ORD02862,2025-07-07,North,Raj,Electronics,Monitor,19,12000,228000,42528
ORD02863,2025-07-30,East,Arun,Furniture,Sofa,18,25000,450000,132048
ORD02864,2025-11-06,North,Amit,Furniture,Sofa,11,25000,275000,55393
ORD02865,2025-05-06,North,Raj,Furniture,Chair,5,3000,15000,2099
ORD02866,2025-07-07,North,Raj,Electronics,Mobile,6,20000,120000,19205
ORD02867,2025-05-15,North,Amit,Furniture,Chair,4,3000,12000,3328
ORD02868,2025-11-25,North,Vikram,Electronics,Mobile,14,20000,280000,52632
ORD02869,2025-11-08,North,Vikram,Furniture,Sofa,12,25000,300000,85877
ORD02870,2025-04-12,South,Karthik,Furniture,Table,20,8000,160000,18719
ORD02871,2025-11-05,North,Raj,Electronics,Laptop,8,50000,400000,114169
ORD02872,2025-05-07,South,Priya,Furniture,Chair,7,3000,21000,5970
ORD02873,2025-11-03,West,Rahul,Furniture,Table,12,8000,96000,21912
ORD02874,2025-03-28,East,Riya,Electronics,Monitor,12,12000,144000,23652
ORD02875,2025-08-20,East,Riya,Electronics,Monitor,19,12000,228000,40458
ORD02876,2025-02-17,East,Riya,Furniture,Chair,1,3000,3000,864
ORD02877,2025-10-08,West,Sneha,Electronics,Monitor,6,12000,72000,16835
ORD02878,2025-09-10,East,Suresh,Electronics,Laptop,20,50000,1000000,255158
ORD02879,2025-01-20,East,Suresh,Furniture,Sofa,2,25000,50000,10617
ORD02880,2025-04-07,East,Arun,Electronics,Monitor,7,12000,84000,9719
ORD02881,2025-03-07,West,Sneha,Furniture,Sofa,6,25000,150000,36137
ORD02882,2025-11-19,East,Arun,Furniture,Sofa,10,25000,250000,32139
ORD02883,2025-12-09,South,Anita,Furniture,Sofa,4,25000,100000,21720
ORD02884,2025-10-28,East,Riya,Electronics,Mobile,11,20000,220000,27471
ORD02885,2025-05-16,West,Meena,Electronics,Monitor,15,12000,180000,40479
ORD02886,2025-10-19,South,Anita,Electronics,Monitor,14,12000,168000,34094
ORD02887,2025-10-25,North,Raj,Electronics,Laptop,10,50000,500000,50545
ORD02888,2025-12-29,West,Rahul,Electronics,Mobile,13,20000,260000,52997
ORD02889,2025-05-29,East,Arun,Furniture,Sofa,10,25000,250000,59265
ORD02890,2025-02-06,West,Rahul,Furniture,Sofa,15,25000,375000,92248
ORD02891,2025-12-22,North,Raj,Electronics,Monitor,12,12000,144000,41706
ORD02892,2025-05-14,East,Suresh,Electronics,Laptop,11,50000,550000,159398
ORD02893,2025-04-16,South,Anita,Electronics,Laptop,12,50000,600000,76169
ORD02894,2025-09-09,East,Riya,Electronics,Laptop,10,50000,500000,93525
ORD02895,2025-08-25,North,Vikram,Furniture,Chair,8,3000,24000,4545
ORD02896,2025-01-27,West,Rahul,Electronics,Monitor,14,12000,168000,43878
ORD02897,2025-04-25,South,Anita,Electronics,Mobile,10,20000,200000,50933
ORD02898,2025-05-13,East,Riya,Furniture,Table,7,8000,56000,7272
ORD02899,2025-08-01,West,Rahul,Furniture,Sofa,19,25000,475000,107467
ORD02900,2025-08-20,West,Sneha,Electronics,Monitor,1,12000,12000,1873
ORD02901,2025-09-11,East,Suresh,Electronics,Monitor,15,12000,180000,52107
ORD02902,2025-11-20,West,Sneha,Electronics,Mobile,13,20000,260000,45612
ORD02903,2025-03-13,East,Riya,Furniture,Table,11,8000,88000,24605
ORD02904,2025-10-02,East,Suresh,Furniture,Sofa,12,25000,300000,69032
ORD02905,2025-09-05,North,Vikram,Electronics,Monitor,2,12000,24000,3924
ORD02906,2025-12-08,East,Arun,Electronics,Laptop,2,50000,100000,28531
ORD02907,2025-08-01,East,Suresh,Furniture,Chair,5,3000,15000,2135
ORD02908,2025-07-17,South,Anita,Furniture,Table,15,8000,120000,20726
ORD02909,2025-04-24,East,Suresh,Furniture,Table,6,8000,48000,9180
ORD02910,2025-03-15,East,Arun,Furniture,Chair,12,3000,36000,9511
ORD02911,2025-09-15,East,Riya,Furniture,Chair,17,3000,51000,5920
ORD02912,2025-12-21,South,Priya,Furniture,Chair,3,3000,9000,1122
ORD02913,2025-10-29,West,Rahul,Furniture,Chair,13,3000,39000,7764
ORD02914,2025-10-11,North,Amit,Furniture,Table,17,8000,136000,32665
ORD02915,2025-07-23,North,Raj,Electronics,Mobile,4,20000,80000,17148
ORD02916,2025-06-27,East,Arun,Electronics,Laptop,11,50000,550000,154507
ORD02917,2025-03-30,South,Priya,Furniture,Sofa,6,25000,150000,43836
ORD02918,2025-06-15,North,Vikram,Furniture,Chair,9,3000,27000,6161
ORD02919,2025-01-01,North,Vikram,Furniture,Sofa,8,25000,200000,36730
ORD02920,2025-06-08,North,Raj,Furniture,Chair,20,3000,60000,8671
ORD02921,2025-02-21,South,Anita,Furniture,Chair,10,3000,30000,5798
ORD02922,2025-07-19,East,Arun,Furniture,Chair,17,3000,51000,13673
ORD02923,2025-04-18,North,Vikram,Furniture,Sofa,5,25000,125000,13809
ORD02924,2025-05-12,West,Meena,Furniture,Table,1,8000,8000,1499
ORD02925,2025-03-02,South,Anita,Electronics,Laptop,12,50000,600000,124939
ORD02926,2025-09-19,North,Vikram,Furniture,Sofa,19,25000,475000,50002
ORD02927,2025-11-14,North,Amit,Electronics,Mobile,12,20000,240000,46289
ORD02928,2025-05-15,East,Suresh,Electronics,Laptop,6,50000,300000,45546
ORD02929,2025-06-25,West,Sneha,Furniture,Sofa,20,25000,500000,117339
ORD02930,2025-06-14,West,Rahul,Furniture,Table,13,8000,104000,27802
ORD02931,2025-05-16,West,Rahul,Furniture,Sofa,6,25000,150000,31231
ORD02932,2025-10-29,South,Karthik,Electronics,Laptop,12,50000,600000,73230
ORD02933,2025-08-30,West,Rahul,Furniture,Sofa,20,25000,500000,115570
ORD02934,2025-10-23,South,Priya,Furniture,Sofa,6,25000,150000,19547
ORD02935,2025-04-13,North,Raj,Furniture,Table,7,8000,56000,11595
ORD02936,2025-12-12,South,Karthik,Furniture,Table,11,8000,88000,17227
ORD02937,2025-12-16,North,Amit,Furniture,Chair,4,3000,12000,2875
ORD02938,2025-11-14,North,Raj,Electronics,Mobile,6,20000,120000,14345
ORD02939,2025-04-27,North,Vikram,Electronics,Laptop,19,50000,950000,188808
ORD02940,2025-12-14,East,Arun,Electronics,Laptop,14,50000,700000,195904
ORD02941,2025-09-23,West,Rahul,Electronics,Mobile,15,20000,300000,38679
ORD02942,2025-10-08,East,Riya,Furniture,Sofa,11,25000,275000,38646
ORD02943,2025-01-15,South,Anita,Electronics,Laptop,10,50000,500000,73470
ORD02944,2025-06-30,North,Amit,Electronics,Monitor,7,12000,84000,17074
ORD02945,2025-07-03,East,Riya,Electronics,Laptop,2,50000,100000,27758
ORD02946,2025-06-28,North,Raj,Electronics,Mobile,8,20000,160000,31584
ORD02947,2025-08-09,East,Arun,Electronics,Laptop,18,50000,900000,95786
ORD02948,2025-12-09,North,Amit,Furniture,Table,2,8000,16000,2415
ORD02949,2025-05-06,South,Priya,Electronics,Monitor,2,12000,24000,3206
ORD02950,2025-08-09,North,Vikram,Furniture,Table,18,8000,144000,41726
ORD02951,2025-10-13,East,Riya,Electronics,Laptop,3,50000,150000,40013
ORD02952,2025-09-23,North,Amit,Electronics,Mobile,3,20000,60000,10154
ORD02953,2025-08-15,North,Raj,Furniture,Sofa,1,25000,25000,2996
ORD02954,2025-12-03,West,Rahul,Electronics,Mobile,10,20000,200000,43036
ORD02955,2025-04-22,West,Meena,Furniture,Table,14,8000,112000,26688
ORD02956,2025-10-22,North,Vikram,Electronics,Mobile,18,20000,360000,66021
ORD02957,2025-09-03,North,Amit,Furniture,Sofa,8,25000,200000,28008
ORD02958,2025-05-01,West,Rahul,Electronics,Mobile,7,20000,140000,27681
ORD02959,2025-05-31,East,Riya,Furniture,Table,3,8000,24000,6894
ORD02960,2025-02-24,North,Amit,Furniture,Sofa,16,25000,400000,69189
ORD02961,2025-02-10,East,Suresh,Furniture,Table,17,8000,136000,24595
ORD02962,2025-12-25,North,Vikram,Electronics,Monitor,15,12000,180000,53999
ORD02963,2025-08-21,South,Karthik,Furniture,Chair,16,3000,48000,4842
ORD02964,2025-10-13,West,Meena,Electronics,Mobile,13,20000,260000,41892
ORD02965,2025-12-20,South,Karthik,Furniture,Table,8,8000,64000,11776
ORD02966,2025-09-05,South,Priya,Electronics,Laptop,5,50000,250000,52267
ORD02967,2025-11-13,South,Anita,Electronics,Laptop,20,50000,1000000,255773
ORD02968,2025-01-19,North,Vikram,Electronics,Monitor,7,12000,84000,14507
ORD02969,2025-09-19,East,Riya,Electronics,Laptop,13,50000,650000,141883
ORD02970,2025-03-01,South,Anita,Electronics,Laptop,7,50000,350000,43245
ORD02971,2025-05-27,South,Priya,Electronics,Laptop,4,50000,200000,31016
ORD02972,2025-07-30,South,Priya,Furniture,Chair,19,3000,57000,13303
ORD02973,2025-07-14,North,Raj,Furniture,Table,18,8000,144000,21938
ORD02974,2025-12-07,South,Karthik,Furniture,Table,12,8000,96000,11654
ORD02975,2025-09-15,West,Meena,Electronics,Monitor,7,12000,84000,19459
ORD02976,2025-12-12,North,Raj,Furniture,Sofa,8,25000,200000,22275
ORD02977,2025-07-05,South,Karthik,Electronics,Monitor,9,12000,108000,11860
ORD02978,2025-07-31,West,Sneha,Furniture,Table,11,8000,88000,15412
ORD02979,2025-04-27,North,Raj,Electronics,Mobile,15,20000,300000,71276
ORD02980,2025-08-23,North,Vikram,Furniture,Sofa,6,25000,150000,40683
ORD02981,2025-05-27,East,Arun,Electronics,Mobile,19,20000,380000,79388
ORD02982,2025-03-23,South,Priya,Furniture,Chair,12,3000,36000,7695
ORD02983,2025-11-06,West,Sneha,Electronics,Laptop,8,50000,400000,50288
ORD02984,2025-03-27,East,Arun,Electronics,Monitor,16,12000,192000,45320
ORD02985,2025-06-30,East,Arun,Electronics,Monitor,12,12000,144000,36163
ORD02986,2025-04-06,South,Anita,Electronics,Laptop,18,50000,900000,113012
ORD02987,2025-04-15,South,Anita,Electronics,Monitor,13,12000,156000,23950
ORD02988,2025-06-19,East,Arun,Furniture,Chair,3,3000,9000,1458
ORD02989,2025-02-26,South,Karthik,Furniture,Sofa,10,25000,250000,54167
ORD02990,2025-04-01,West,Sneha,Furniture,Chair,11,3000,33000,8471
ORD02991,2025-02-16,South,Karthik,Electronics,Monitor,15,12000,180000,30582
ORD02992,2025-06-22,South,Anita,Electronics,Laptop,4,50000,200000,44241
ORD02993,2025-02-22,North,Vikram,Electronics,Laptop,9,50000,450000,70725
ORD02994,2025-09-26,West,Sneha,Furniture,Table,8,8000,64000,16116
ORD02995,2025-11-05,West,Meena,Furniture,Sofa,4,25000,100000,26439
ORD02996,2025-04-25,North,Raj,Electronics,Monitor,16,12000,192000,48795
ORD02997,2025-08-16,East,Riya,Furniture,Sofa,12,25000,300000,72458
ORD02998,2025-10-05,North,Amit,Furniture,Chair,9,3000,27000,7479
ORD02999,2025-12-24,West,Sneha,Furniture,Chair,14,3000,42000,8318
ORD03000,2025-10-20,East,Arun,Furniture,Sofa,9,25000,225000,66190
ORD03001,2025-12-26,East,Arun,Electronics,Mobile,4,20000,80000,21556
ORD03002,2025-05-06,North,Vikram,Furniture,Table,1,8000,8000,1992
ORD03003,2025-09-15,West,Sneha,Furniture,Table,17,8000,136000,27262
ORD03004,2025-07-11,North,Raj,Electronics,Monitor,6,12000,72000,13288
ORD03005,2025-07-15,West,Meena,Furniture,Table,13,8000,104000,25296
ORD03006,2025-01-11,East,Suresh,Furniture,Sofa,1,25000,25000,2993
ORD03007,2025-03-14,North,Amit,Electronics,Laptop,1,50000,50000,11906
ORD03008,2025-03-15,North,Raj,Furniture,Chair,19,3000,57000,12847
ORD03009,2025-09-12,North,Amit,Furniture,Table,12,8000,96000,20809
ORD03010,2025-11-14,South,Anita,Furniture,Table,17,8000,136000,35554
ORD03011,2025-02-27,South,Karthik,Furniture,Chair,8,3000,24000,5665
ORD03012,2025-12-26,North,Raj,Furniture,Table,16,8000,128000,16100
ORD03013,2025-06-19,East,Suresh,Electronics,Mobile,2,20000,40000,11425
ORD03014,2025-08-20,North,Vikram,Electronics,Laptop,9,50000,450000,80347
ORD03015,2025-06-18,North,Amit,Electronics,Laptop,11,50000,550000,140582
ORD03016,2025-02-15,West,Meena,Furniture,Chair,4,3000,12000,2285
ORD03017,2025-09-24,West,Rahul,Electronics,Mobile,5,20000,100000,12725
ORD03018,2025-11-28,East,Riya,Furniture,Chair,11,3000,33000,9282
ORD03019,2025-04-16,East,Riya,Furniture,Sofa,10,25000,250000,32922
ORD03020,2025-08-31,South,Priya,Electronics,Monitor,20,12000,240000,36987
ORD03021,2025-03-12,West,Meena,Electronics,Laptop,3,50000,150000,22157
ORD03022,2025-02-22,East,Suresh,Electronics,Laptop,18,50000,900000,195524
ORD03023,2025-12-27,North,Amit,Electronics,Monitor,15,12000,180000,45457
ORD03024,2025-12-17,West,Rahul,Electronics,Laptop,13,50000,650000,138573
ORD03025,2025-08-23,South,Anita,Electronics,Laptop,16,50000,800000,128442
ORD03026,2025-07-11,East,Arun,Electronics,Monitor,10,12000,120000,31652
ORD03027,2025-09-03,South,Anita,Furniture,Sofa,10,25000,250000,48067
ORD03028,2025-08-14,East,Suresh,Furniture,Table,15,8000,120000,29834
ORD03029,2025-09-08,North,Raj,Furniture,Chair,15,3000,45000,12825
ORD03030,2025-01-29,West,Sneha,Electronics,Laptop,20,50000,1000000,269907
ORD03031,2025-07-08,East,Riya,Electronics,Monitor,15,12000,180000,20240
ORD03032,2025-11-25,East,Suresh,Electronics,Laptop,10,50000,500000,75490
ORD03033,2025-02-02,North,Raj,Furniture,Chair,7,3000,21000,2373
ORD03034,2025-09-02,West,Rahul,Furniture,Chair,13,3000,39000,8487
ORD03035,2025-01-02,West,Meena,Electronics,Laptop,17,50000,850000,240041
ORD03036,2025-08-27,South,Priya,Furniture,Sofa,3,25000,75000,17765
ORD03037,2025-10-26,West,Sneha,Furniture,Sofa,9,25000,225000,34886
ORD03038,2025-12-08,East,Suresh,Furniture,Sofa,16,25000,400000,86040
ORD03039,2025-10-12,West,Meena,Furniture,Table,6,8000,48000,12726
ORD03040,2025-03-24,West,Sneha,Furniture,Table,7,8000,56000,7704
ORD03041,2025-01-01,South,Anita,Electronics,Monitor,4,12000,48000,9244
ORD03042,2025-06-12,East,Arun,Furniture,Sofa,13,25000,325000,43932
ORD03043,2025-05-12,East,Arun,Electronics,Mobile,1,20000,20000,3432
ORD03044,2025-07-01,South,Anita,Furniture,Sofa,15,25000,375000,87960
ORD03045,2025-08-06,South,Karthik,Electronics,Laptop,13,50000,650000,103178
ORD03046,2025-02-14,West,Rahul,Furniture,Chair,18,3000,54000,8785
ORD03047,2025-03-06,North,Vikram,Electronics,Laptop,15,50000,750000,177229
ORD03048,2025-12-12,West,Sneha,Furniture,Chair,2,3000,6000,1345
ORD03049,2025-02-25,South,Anita,Electronics,Laptop,19,50000,950000,230651
ORD03050,2025-08-24,East,Suresh,Electronics,Mobile,10,20000,200000,54136
ORD03051,2025-09-03,South,Anita,Electronics,Monitor,2,12000,24000,4351
ORD03052,2025-04-15,North,Amit,Furniture,Sofa,13,25000,325000,46559
ORD03053,2025-08-21,North,Raj,Furniture,Chair,17,3000,51000,10548
ORD03054,2025-01-03,West,Meena,Furniture,Table,3,8000,24000,5395
ORD03055,2025-12-22,East,Arun,Furniture,Chair,2,3000,6000,1491
ORD03056,2025-07-17,East,Arun,Electronics,Laptop,13,50000,650000,179837
ORD03057,2025-06-05,South,Karthik,Electronics,Laptop,14,50000,700000,84879
ORD03058,2025-01-11,South,Priya,Electronics,Laptop,9,50000,450000,84919
ORD03059,2025-07-24,East,Arun,Furniture,Sofa,8,25000,200000,40961
ORD03060,2025-07-04,East,Suresh,Furniture,Chair,4,3000,12000,2567
ORD03061,2025-06-01,West,Rahul,Electronics,Monitor,4,12000,48000,10680
ORD03062,2025-04-11,South,Karthik,Furniture,Sofa,7,25000,175000,28285
ORD03063,2025-12-27,West,Meena,Electronics,Laptop,12,50000,600000,163723
ORD03064,2025-05-29,North,Amit,Furniture,Sofa,13,25000,325000,82159
ORD03065,2025-11-09,West,Rahul,Furniture,Table,3,8000,24000,3532
ORD03066,2025-06-18,East,Suresh,Furniture,Chair,17,3000,51000,9115
ORD03067,2025-10-09,South,Anita,Electronics,Laptop,9,50000,450000,96234
ORD03068,2025-08-02,South,Karthik,Electronics,Laptop,10,50000,500000,77300
ORD03069,2025-12-18,East,Riya,Furniture,Sofa,16,25000,400000,86541
ORD03070,2025-03-05,West,Rahul,Electronics,Monitor,5,12000,60000,9841
ORD03071,2025-02-19,West,Sneha,Electronics,Laptop,4,50000,200000,23552
ORD03072,2025-09-24,South,Anita,Furniture,Chair,16,3000,48000,7267
ORD03073,2025-09-19,North,Vikram,Electronics,Laptop,14,50000,700000,142677
ORD03074,2025-07-07,West,Rahul,Electronics,Monitor,16,12000,192000,26522
ORD03075,2025-12-29,North,Raj,Electronics,Laptop,5,50000,250000,26363
ORD03076,2025-08-26,South,Anita,Furniture,Table,10,8000,80000,23557
ORD03077,2025-07-18,North,Amit,Electronics,Mobile,1,20000,20000,5297
ORD03078,2025-03-31,North,Vikram,Furniture,Table,9,8000,72000,18887
ORD03079,2025-08-06,West,Sneha,Furniture,Sofa,19,25000,475000,85815
ORD03080,2025-03-20,South,Karthik,Furniture,Chair,2,3000,6000,1534
ORD03081,2025-08-07,East,Riya,Furniture,Sofa,10,25000,250000,26179
ORD03082,2025-05-14,West,Rahul,Furniture,Sofa,11,25000,275000,42299
ORD03083,2025-09-03,West,Sneha,Electronics,Laptop,15,50000,750000,210710
ORD03084,2025-10-01,South,Priya,Furniture,Table,19,8000,152000,44556
ORD03085,2025-10-06,West,Rahul,Furniture,Sofa,13,25000,325000,69826
ORD03086,2025-12-31,South,Anita,Furniture,Sofa,4,25000,100000,28992
ORD03087,2025-10-16,West,Sneha,Furniture,Table,9,8000,72000,8618
ORD03088,2025-07-20,North,Vikram,Electronics,Monitor,12,12000,144000,32423
ORD03089,2025-02-11,South,Anita,Furniture,Table,15,8000,120000,32040
ORD03090,2025-09-19,West,Meena,Furniture,Table,5,8000,40000,11653
ORD03091,2025-05-31,South,Anita,Electronics,Mobile,6,20000,120000,28870
ORD03092,2025-07-03,South,Priya,Electronics,Mobile,1,20000,20000,2283
ORD03093,2025-02-26,South,Karthik,Furniture,Sofa,8,25000,200000,47855
ORD03094,2025-01-31,North,Vikram,Electronics,Monitor,4,12000,48000,6478
ORD03095,2025-11-03,South,Priya,Furniture,Table,2,8000,16000,3920
ORD03096,2025-12-29,North,Amit,Electronics,Laptop,4,50000,200000,30687
ORD03097,2025-08-23,West,Rahul,Furniture,Table,19,8000,152000,22263
ORD03098,2025-09-15,North,Vikram,Electronics,Laptop,11,50000,550000,131041
ORD03099,2025-03-24,East,Arun,Electronics,Mobile,19,20000,380000,62310
ORD03100,2025-01-19,South,Karthik,Electronics,Mobile,6,20000,120000,13895
ORD03101,2025-11-26,East,Suresh,Furniture,Table,5,8000,40000,9538
ORD03102,2025-04-25,East,Arun,Furniture,Sofa,13,25000,325000,56819
ORD03103,2025-01-29,North,Raj,Furniture,Sofa,1,25000,25000,6064
ORD03104,2025-12-02,West,Sneha,Furniture,Chair,16,3000,48000,5035
ORD03105,2025-01-03,East,Suresh,Furniture,Chair,1,3000,3000,561
ORD03106,2025-03-14,South,Anita,Electronics,Mobile,19,20000,380000,106558
ORD03107,2025-09-06,West,Meena,Electronics,Mobile,3,20000,60000,16126
ORD03108,2025-04-12,North,Vikram,Furniture,Table,13,8000,104000,12478
ORD03109,2025-07-25,South,Karthik,Furniture,Sofa,20,25000,500000,56066
ORD03110,2025-11-01,South,Priya,Furniture,Chair,5,3000,15000,3448
ORD03111,2025-06-04,East,Riya,Furniture,Sofa,6,25000,150000,44047
ORD03112,2025-01-18,North,Raj,Furniture,Sofa,10,25000,250000,65391
ORD03113,2025-05-10,West,Meena,Electronics,Monitor,20,12000,240000,52302
ORD03114,2025-02-03,North,Raj,Electronics,Mobile,20,20000,400000,107272
ORD03115,2025-12-21,South,Karthik,Electronics,Monitor,6,12000,72000,9168
ORD03116,2025-07-30,West,Sneha,Furniture,Table,7,8000,56000,8046
ORD03117,2025-02-08,North,Raj,Furniture,Table,20,8000,160000,42149
ORD03118,2025-01-31,West,Sneha,Electronics,Mobile,11,20000,220000,53654
ORD03119,2025-08-19,North,Amit,Furniture,Sofa,5,25000,125000,13054
ORD03120,2025-02-12,West,Sneha,Electronics,Monitor,12,12000,144000,15550
ORD03121,2025-08-23,East,Arun,Electronics,Monitor,11,12000,132000,29308
ORD03122,2025-10-16,South,Karthik,Electronics,Laptop,14,50000,700000,154057
ORD03123,2025-11-19,South,Karthik,Furniture,Sofa,17,25000,425000,91998
ORD03124,2025-05-27,East,Riya,Electronics,Monitor,2,12000,24000,7153
ORD03125,2025-09-17,South,Karthik,Electronics,Mobile,9,20000,180000,47787
ORD03126,2025-07-26,South,Priya,Furniture,Table,1,8000,8000,2131
ORD03127,2025-09-14,East,Riya,Electronics,Monitor,5,12000,60000,9857
ORD03128,2025-11-02,South,Karthik,Furniture,Sofa,6,25000,150000,34060
ORD03129,2025-10-07,West,Sneha,Electronics,Laptop,8,50000,400000,113677
ORD03130,2025-05-12,North,Vikram,Electronics,Monitor,11,12000,132000,34282
ORD03131,2025-03-25,South,Karthik,Furniture,Table,15,8000,120000,14084
ORD03132,2025-04-07,East,Arun,Electronics,Laptop,10,50000,500000,89484
ORD03133,2025-02-17,North,Amit,Electronics,Mobile,6,20000,120000,26301
ORD03134,2025-01-27,South,Karthik,Electronics,Mobile,17,20000,340000,50154
ORD03135,2025-03-14,North,Raj,Electronics,Monitor,18,12000,216000,41923
ORD03136,2025-01-24,North,Raj,Furniture,Sofa,16,25000,400000,65199
ORD03137,2025-04-14,North,Vikram,Electronics,Laptop,8,50000,400000,79821
ORD03138,2025-11-18,North,Vikram,Electronics,Mobile,7,20000,140000,21866
ORD03139,2025-10-18,East,Arun,Electronics,Monitor,3,12000,36000,10785
ORD03140,2025-01-08,East,Riya,Furniture,Sofa,20,25000,500000,133365
ORD03141,2025-10-16,South,Anita,Electronics,Mobile,13,20000,260000,38237
ORD03142,2025-09-22,North,Amit,Electronics,Laptop,11,50000,550000,123895
ORD03143,2025-05-23,South,Karthik,Furniture,Sofa,14,25000,350000,56811
ORD03144,2025-01-09,West,Meena,Electronics,Monitor,9,12000,108000,25624
ORD03145,2025-04-25,South,Priya,Furniture,Chair,3,3000,9000,1448
ORD03146,2025-04-29,West,Sneha,Electronics,Monitor,11,12000,132000,26587
ORD03147,2025-04-16,North,Amit,Furniture,Sofa,9,25000,225000,26150
ORD03148,2025-12-23,West,Rahul,Electronics,Mobile,6,20000,120000,18763
ORD03149,2025-03-04,South,Karthik,Furniture,Table,2,8000,16000,1724
ORD03150,2025-06-08,North,Vikram,Electronics,Mobile,12,20000,240000,49031
ORD03151,2025-11-01,West,Meena,Electronics,Laptop,4,50000,200000,20769
ORD03152,2025-07-02,East,Suresh,Furniture,Table,17,8000,136000,29791
ORD03153,2025-06-10,North,Amit,Furniture,Chair,9,3000,27000,7466
ORD03154,2025-04-02,West,Meena,Furniture,Table,13,8000,104000,12838
ORD03155,2025-10-26,East,Suresh,Electronics,Mobile,5,20000,100000,16952
ORD03156,2025-01-27,West,Sneha,Electronics,Laptop,9,50000,450000,101225
ORD03157,2025-06-30,West,Meena,Furniture,Chair,3,3000,9000,2642
ORD03158,2025-07-30,West,Meena,Electronics,Mobile,13,20000,260000,35379
ORD03159,2025-04-07,South,Priya,Electronics,Laptop,10,50000,500000,145822
ORD03160,2025-08-12,North,Amit,Furniture,Table,5,8000,40000,7779
ORD03161,2025-03-18,South,Karthik,Furniture,Table,9,8000,72000,8352
ORD03162,2025-06-26,South,Priya,Furniture,Table,3,8000,24000,2879
ORD03163,2025-12-02,West,Rahul,Electronics,Monitor,3,12000,36000,5942
ORD03164,2025-09-29,West,Rahul,Electronics,Mobile,16,20000,320000,44286
ORD03165,2025-05-13,South,Anita,Furniture,Table,2,8000,16000,2965
ORD03166,2025-11-27,West,Meena,Electronics,Laptop,2,50000,100000,15706
ORD03167,2025-11-11,West,Rahul,Electronics,Monitor,10,12000,120000,27529
ORD03168,2025-06-24,West,Sneha,Furniture,Table,10,8000,80000,10430
ORD03169,2025-08-20,East,Suresh,Furniture,Table,17,8000,136000,15453
ORD03170,2025-07-23,West,Rahul,Electronics,Monitor,14,12000,168000,38766
ORD03171,2025-08-11,South,Karthik,Electronics,Laptop,20,50000,1000000,264210
ORD03172,2025-09-05,South,Anita,Electronics,Laptop,16,50000,800000,81202
ORD03173,2025-02-14,South,Priya,Electronics,Monitor,12,12000,144000,19300
ORD03174,2025-09-04,North,Raj,Electronics,Laptop,6,50000,300000,68030
ORD03175,2025-12-01,North,Raj,Electronics,Mobile,19,20000,380000,56411
ORD03176,2025-11-24,South,Anita,Furniture,Table,19,8000,152000,42495
ORD03177,2025-05-01,South,Anita,Electronics,Mobile,13,20000,260000,34727
ORD03178,2025-03-17,East,Riya,Electronics,Monitor,20,12000,240000,56611
ORD03179,2025-06-08,West,Sneha,Furniture,Sofa,6,25000,150000,43385
ORD03180,2025-05-17,North,Raj,Electronics,Monitor,3,12000,36000,10749
ORD03181,2025-09-06,South,Anita,Electronics,Laptop,16,50000,800000,130290
ORD03182,2025-10-25,North,Amit,Electronics,Monitor,10,12000,120000,34333
ORD03183,2025-11-22,North,Raj,Electronics,Mobile,14,20000,280000,74331
ORD03184,2025-10-24,South,Karthik,Furniture,Chair,1,3000,3000,315
ORD03185,2025-02-03,South,Anita,Electronics,Laptop,15,50000,750000,111570
ORD03186,2025-08-11,South,Anita,Furniture,Table,4,8000,32000,7161
ORD03187,2025-08-04,West,Meena,Electronics,Laptop,10,50000,500000,149381
ORD03188,2025-01-01,South,Karthik,Electronics,Monitor,18,12000,216000,34560
ORD03189,2025-08-19,East,Arun,Furniture,Sofa,18,25000,450000,125550
ORD03190,2025-03-26,East,Riya,Electronics,Laptop,12,50000,600000,81187
ORD03191,2025-02-17,North,Raj,Electronics,Mobile,1,20000,20000,2510
ORD03192,2025-02-09,North,Vikram,Electronics,Laptop,20,50000,1000000,241318
ORD03193,2025-12-27,South,Priya,Furniture,Chair,5,3000,15000,2520
ORD03194,2025-04-27,North,Raj,Electronics,Mobile,13,20000,260000,40059
ORD03195,2025-07-20,South,Anita,Electronics,Mobile,13,20000,260000,62620
ORD03196,2025-05-12,South,Priya,Furniture,Sofa,15,25000,375000,45168
ORD03197,2025-12-02,South,Anita,Furniture,Table,8,8000,64000,14936
ORD03198,2025-04-03,West,Meena,Furniture,Chair,3,3000,9000,906
ORD03199,2025-10-07,North,Amit,Furniture,Sofa,7,25000,175000,29914
ORD03200,2025-05-16,South,Priya,Electronics,Monitor,16,12000,192000,53876
ORD03201,2025-03-21,West,Sneha,Electronics,Mobile,6,20000,120000,23528
ORD03202,2025-11-13,North,Raj,Furniture,Table,1,8000,8000,1649
ORD03203,2025-03-07,North,Vikram,Furniture,Chair,2,3000,6000,1245
ORD03204,2025-07-31,North,Vikram,Furniture,Sofa,8,25000,200000,29372
ORD03205,2025-03-04,East,Arun,Furniture,Table,12,8000,96000,23114
ORD03206,2025-09-13,North,Vikram,Electronics,Mobile,15,20000,300000,69204
ORD03207,2025-06-27,West,Meena,Electronics,Monitor,11,12000,132000,31832
ORD03208,2025-02-01,South,Karthik,Furniture,Chair,19,3000,57000,7481
ORD03209,2025-06-02,East,Riya,Electronics,Laptop,8,50000,400000,67256
ORD03210,2025-12-24,West,Sneha,Furniture,Sofa,11,25000,275000,77297
ORD03211,2025-03-16,North,Amit,Electronics,Laptop,17,50000,850000,237465
ORD03212,2025-11-23,West,Meena,Furniture,Chair,18,3000,54000,14526
ORD03213,2025-01-01,West,Meena,Furniture,Sofa,19,25000,475000,75974
ORD03214,2025-10-07,South,Anita,Electronics,Laptop,12,50000,600000,72160
ORD03215,2025-08-19,North,Amit,Electronics,Laptop,12,50000,600000,74937
ORD03216,2025-11-24,South,Karthik,Furniture,Sofa,9,25000,225000,43809
ORD03217,2025-10-16,North,Amit,Electronics,Monitor,10,12000,120000,16458
ORD03218,2025-01-23,East,Riya,Furniture,Sofa,14,25000,350000,81235
ORD03219,2025-02-09,West,Rahul,Electronics,Laptop,19,50000,950000,109673
ORD03220,2025-07-13,South,Priya,Electronics,Mobile,14,20000,280000,49719
ORD03221,2025-03-15,South,Karthik,Electronics,Monitor,20,12000,240000,35541
ORD03222,2025-05-04,South,Karthik,Furniture,Chair,10,3000,30000,6150
ORD03223,2025-12-14,South,Priya,Electronics,Monitor,13,12000,156000,21425
ORD03224,2025-08-31,South,Priya,Furniture,Sofa,5,25000,125000,26101
ORD03225,2025-04-06,West,Sneha,Furniture,Chair,18,3000,54000,6607
ORD03226,2025-05-20,South,Anita,Furniture,Chair,2,3000,6000,1281
ORD03227,2025-12-06,North,Amit,Furniture,Sofa,3,25000,75000,10783
ORD03228,2025-09-07,West,Sneha,Furniture,Sofa,15,25000,375000,105123
ORD03229,2025-08-11,North,Raj,Electronics,Mobile,3,20000,60000,6661
ORD03230,2025-12-31,West,Meena,Furniture,Sofa,11,25000,275000,35891
ORD03231,2025-02-04,East,Suresh,Electronics,Laptop,10,50000,500000,73849
ORD03232,2025-10-16,South,Karthik,Electronics,Monitor,13,12000,156000,30106
ORD03233,2025-09-11,East,Arun,Furniture,Sofa,12,25000,300000,70924
ORD03234,2025-05-24,South,Karthik,Furniture,Table,11,8000,88000,19314
ORD03235,2025-01-15,North,Vikram,Electronics,Mobile,12,20000,240000,66039
ORD03236,2025-09-22,North,Amit,Furniture,Chair,8,3000,24000,3218
ORD03237,2025-04-10,West,Rahul,Electronics,Laptop,11,50000,550000,133965
ORD03238,2025-12-19,East,Arun,Electronics,Laptop,1,50000,50000,5906
ORD03239,2025-08-13,East,Arun,Electronics,Laptop,15,50000,750000,75138
ORD03240,2025-08-30,North,Vikram,Furniture,Table,3,8000,24000,4467
ORD03241,2025-11-11,West,Sneha,Furniture,Sofa,4,25000,100000,10993
ORD03242,2025-08-26,West,Rahul,Furniture,Table,7,8000,56000,12324
ORD03243,2025-01-24,North,Raj,Furniture,Chair,6,3000,18000,2542
ORD03244,2025-11-21,East,Riya,Electronics,Monitor,3,12000,36000,5594
ORD03245,2025-01-03,North,Amit,Furniture,Sofa,16,25000,400000,73990
ORD03246,2025-11-06,North,Vikram,Electronics,Laptop,14,50000,700000,93852
ORD03247,2025-02-04,South,Priya,Furniture,Chair,2,3000,6000,1428
ORD03248,2025-10-03,South,Priya,Furniture,Table,20,8000,160000,23315
ORD03249,2025-11-17,South,Anita,Furniture,Table,8,8000,64000,16113
ORD03250,2025-10-07,South,Priya,Furniture,Table,16,8000,128000,15839
ORD03251,2025-10-28,West,Sneha,Furniture,Sofa,14,25000,350000,55639
ORD03252,2025-06-08,West,Rahul,Electronics,Mobile,18,20000,360000,42904
ORD03253,2025-03-07,South,Anita,Furniture,Chair,11,3000,33000,5865
ORD03254,2025-04-06,West,Rahul,Electronics,Laptop,6,50000,300000,55536
ORD03255,2025-05-18,South,Karthik,Electronics,Laptop,17,50000,850000,107678
ORD03256,2025-06-13,South,Karthik,Furniture,Chair,17,3000,51000,14310
ORD03257,2025-11-03,South,Karthik,Furniture,Table,16,8000,128000,34126
ORD03258,2025-10-31,North,Vikram,Electronics,Mobile,9,20000,180000,37096
ORD03259,2025-07-17,North,Amit,Electronics,Monitor,19,12000,228000,29492
ORD03260,2025-10-27,West,Sneha,Furniture,Sofa,8,25000,200000,40763
ORD03261,2025-03-26,East,Arun,Furniture,Table,10,8000,80000,13022
ORD03262,2025-04-22,South,Anita,Electronics,Monitor,8,12000,96000,18054
ORD03263,2025-01-06,South,Anita,Electronics,Mobile,15,20000,300000,53883
ORD03264,2025-12-04,South,Priya,Furniture,Chair,18,3000,54000,13123
ORD03265,2025-09-09,North,Vikram,Electronics,Mobile,11,20000,220000,36851
ORD03266,2025-06-30,West,Meena,Furniture,Table,4,8000,32000,8827
ORD03267,2025-09-15,West,Meena,Electronics,Monitor,13,12000,156000,22726
ORD03268,2025-05-04,North,Raj,Electronics,Monitor,5,12000,60000,10928
ORD03269,2025-09-08,West,Sneha,Electronics,Laptop,4,50000,200000,22420
ORD03270,2025-03-12,South,Priya,Furniture,Table,9,8000,72000,13472
ORD03271,2025-02-24,North,Vikram,Furniture,Table,8,8000,64000,11913
ORD03272,2025-07-03,East,Suresh,Electronics,Laptop,1,50000,50000,10380
ORD03273,2025-10-31,East,Riya,Furniture,Sofa,15,25000,375000,44450
ORD03274,2025-06-09,East,Riya,Electronics,Monitor,14,12000,168000,27209
ORD03275,2025-10-03,North,Amit,Furniture,Sofa,5,25000,125000,19963
ORD03276,2025-08-31,West,Meena,Furniture,Chair,5,3000,15000,3601
ORD03277,2025-08-01,East,Arun,Electronics,Mobile,10,20000,200000,41543
ORD03278,2025-11-10,West,Meena,Electronics,Mobile,6,20000,120000,35799
ORD03279,2025-01-18,East,Arun,Electronics,Mobile,6,20000,120000,29319
ORD03280,2025-12-10,West,Meena,Electronics,Mobile,8,20000,160000,20842
ORD03281,2025-05-31,East,Arun,Furniture,Table,18,8000,144000,19684
ORD03282,2025-12-17,West,Sneha,Electronics,Mobile,8,20000,160000,44808
ORD03283,2025-11-27,North,Vikram,Furniture,Chair,7,3000,21000,2205
ORD03284,2025-09-22,East,Suresh,Furniture,Sofa,7,25000,175000,49623
ORD03285,2025-07-29,North,Amit,Electronics,Mobile,11,20000,220000,47274
ORD03286,2025-05-31,West,Rahul,Electronics,Monitor,13,12000,156000,17959
ORD03287,2025-12-18,South,Karthik,Furniture,Table,17,8000,136000,27706
ORD03288,2025-03-25,West,Meena,Furniture,Sofa,11,25000,275000,30678
ORD03289,2025-08-06,West,Rahul,Furniture,Sofa,20,25000,500000,99929
ORD03290,2025-06-27,North,Amit,Furniture,Sofa,5,25000,125000,14089
ORD03291,2025-10-21,North,Amit,Electronics,Mobile,6,20000,120000,29079
ORD03292,2025-08-15,West,Rahul,Furniture,Sofa,11,25000,275000,52062
ORD03293,2025-07-16,North,Raj,Furniture,Table,10,8000,80000,11815
ORD03294,2025-09-20,South,Karthik,Electronics,Monitor,16,12000,192000,42000
ORD03295,2025-10-30,North,Amit,Electronics,Mobile,19,20000,380000,47897
ORD03296,2025-06-11,North,Amit,Electronics,Laptop,11,50000,550000,144119
ORD03297,2025-09-26,West,Sneha,Furniture,Chair,15,3000,45000,5065
ORD03298,2025-04-01,North,Amit,Electronics,Monitor,9,12000,108000,12834
ORD03299,2025-06-12,East,Riya,Furniture,Table,14,8000,112000,16208
ORD03300,2025-09-01,West,Sneha,Furniture,Chair,8,3000,24000,5256
ORD03301,2025-04-10,North,Amit,Electronics,Laptop,19,50000,950000,219836
ORD03302,2025-08-07,West,Meena,Furniture,Chair,6,3000,18000,3899
ORD03303,2025-11-18,East,Riya,Electronics,Mobile,17,20000,340000,47806
ORD03304,2025-05-16,South,Karthik,Electronics,Monitor,11,12000,132000,32349
ORD03305,2025-01-11,West,Sneha,Furniture,Chair,10,3000,30000,7026
ORD03306,2025-04-09,South,Anita,Electronics,Mobile,5,20000,100000,13003
ORD03307,2025-08-31,East,Riya,Furniture,Chair,16,3000,48000,11141
ORD03308,2025-09-07,West,Sneha,Electronics,Laptop,5,50000,250000,35498
ORD03309,2025-07-25,North,Amit,Furniture,Chair,17,3000,51000,13894
ORD03310,2025-10-02,South,Anita,Furniture,Sofa,9,25000,225000,61607
ORD03311,2025-06-02,East,Suresh,Furniture,Chair,3,3000,9000,2112
ORD03312,2025-10-15,East,Arun,Electronics,Monitor,7,12000,84000,23737
ORD03313,2025-09-23,West,Sneha,Furniture,Sofa,16,25000,400000,117702
ORD03314,2025-11-16,East,Arun,Furniture,Chair,7,3000,21000,5877
ORD03315,2025-07-30,North,Vikram,Electronics,Laptop,6,50000,300000,66747
ORD03316,2025-02-18,South,Karthik,Furniture,Table,2,8000,16000,3504
ORD03317,2025-12-08,West,Rahul,Furniture,Sofa,6,25000,150000,31925
ORD03318,2025-11-17,South,Karthik,Electronics,Laptop,14,50000,700000,83145
ORD03319,2025-02-08,East,Suresh,Electronics,Mobile,4,20000,80000,23893
ORD03320,2025-12-04,South,Anita,Furniture,Sofa,6,25000,150000,34595
ORD03321,2025-09-10,East,Arun,Furniture,Sofa,6,25000,150000,43126
ORD03322,2025-03-30,East,Arun,Electronics,Mobile,6,20000,120000,33876
ORD03323,2025-12-10,West,Meena,Electronics,Mobile,7,20000,140000,17253
ORD03324,2025-01-01,East,Suresh,Electronics,Mobile,19,20000,380000,98349
ORD03325,2025-09-09,East,Suresh,Furniture,Table,12,8000,96000,23737
ORD03326,2025-08-27,East,Arun,Electronics,Laptop,8,50000,400000,54914
ORD03327,2025-06-07,South,Karthik,Electronics,Laptop,1,50000,50000,10685
ORD03328,2025-08-03,East,Riya,Furniture,Sofa,5,25000,125000,29155
ORD03329,2025-04-02,North,Amit,Furniture,Table,19,8000,152000,31660
ORD03330,2025-07-29,East,Arun,Electronics,Monitor,4,12000,48000,13677
ORD03331,2025-12-12,South,Anita,Furniture,Table,5,8000,40000,7656
ORD03332,2025-08-08,North,Amit,Electronics,Mobile,13,20000,260000,63817
ORD03333,2025-08-27,North,Vikram,Furniture,Table,19,8000,152000,28879
ORD03334,2025-06-08,East,Arun,Furniture,Sofa,13,25000,325000,39908
ORD03335,2025-09-23,East,Arun,Furniture,Table,8,8000,64000,17486
ORD03336,2025-12-28,East,Riya,Furniture,Table,5,8000,40000,10883
ORD03337,2025-02-07,East,Riya,Furniture,Table,17,8000,136000,24893
ORD03338,2025-12-24,South,Priya,Furniture,Chair,9,3000,27000,6234
ORD03339,2025-08-21,West,Meena,Furniture,Table,8,8000,64000,7083
ORD03340,2025-02-08,West,Sneha,Furniture,Table,20,8000,160000,39245
ORD03341,2025-08-17,West,Sneha,Furniture,Chair,20,3000,60000,12316
ORD03342,2025-12-19,South,Anita,Furniture,Sofa,3,25000,75000,11417
ORD03343,2025-04-27,East,Arun,Furniture,Chair,15,3000,45000,12810
ORD03344,2025-09-01,West,Rahul,Electronics,Mobile,11,20000,220000,37222
ORD03345,2025-04-28,East,Riya,Furniture,Sofa,14,25000,350000,99037
ORD03346,2025-11-01,South,Anita,Furniture,Sofa,10,25000,250000,49522
ORD03347,2025-09-29,East,Arun,Furniture,Table,12,8000,96000,13784
ORD03348,2025-04-10,East,Riya,Electronics,Laptop,6,50000,300000,32987
ORD03349,2025-04-15,East,Riya,Furniture,Table,4,8000,32000,3380
ORD03350,2025-11-22,South,Priya,Electronics,Laptop,18,50000,900000,191574
ORD03351,2025-08-21,East,Suresh,Electronics,Monitor,11,12000,132000,37310
ORD03352,2025-03-27,South,Karthik,Furniture,Sofa,9,25000,225000,26244
ORD03353,2025-04-09,South,Karthik,Furniture,Chair,15,3000,45000,9891
ORD03354,2025-08-17,East,Arun,Electronics,Monitor,4,12000,48000,11736
ORD03355,2025-05-28,West,Sneha,Furniture,Table,5,8000,40000,10690
ORD03356,2025-12-19,North,Vikram,Furniture,Table,1,8000,8000,1474
ORD03357,2025-05-22,South,Anita,Electronics,Mobile,11,20000,220000,36015
ORD03358,2025-04-25,North,Raj,Electronics,Monitor,10,12000,120000,23024
ORD03359,2025-04-07,West,Rahul,Electronics,Mobile,4,20000,80000,20564
ORD03360,2025-01-02,East,Riya,Furniture,Table,5,8000,40000,9243
ORD03361,2025-11-17,North,Amit,Furniture,Table,11,8000,88000,12592
ORD03362,2025-02-07,East,Riya,Furniture,Chair,1,3000,3000,863
ORD03363,2025-09-01,West,Rahul,Electronics,Laptop,12,50000,600000,174243
ORD03364,2025-04-26,East,Riya,Electronics,Mobile,9,20000,180000,25397
ORD03365,2025-11-20,South,Karthik,Furniture,Sofa,20,25000,500000,51950
ORD03366,2025-12-26,North,Raj,Electronics,Monitor,5,12000,60000,8228
ORD03367,2025-07-20,South,Anita,Electronics,Mobile,12,20000,240000,31407
ORD03368,2025-01-14,East,Riya,Furniture,Sofa,14,25000,350000,39574
ORD03369,2025-01-12,South,Anita,Furniture,Chair,8,3000,24000,5228
ORD03370,2025-05-15,East,Suresh,Furniture,Sofa,12,25000,300000,35078
ORD03371,2025-10-25,South,Priya,Electronics,Mobile,10,20000,200000,29198
ORD03372,2025-09-29,North,Vikram,Electronics,Laptop,19,50000,950000,154947
ORD03373,2025-12-25,East,Suresh,Electronics,Mobile,5,20000,100000,27107
ORD03374,2025-06-20,West,Sneha,Electronics,Mobile,5,20000,100000,23710
ORD03375,2025-05-27,South,Priya,Furniture,Table,2,8000,16000,4646
ORD03376,2025-10-23,East,Riya,Electronics,Mobile,6,20000,120000,20741
ORD03377,2025-04-18,West,Meena,Electronics,Monitor,12,12000,144000,22342
ORD03378,2025-03-09,North,Raj,Furniture,Sofa,10,25000,250000,38473
ORD03379,2025-07-20,East,Riya,Electronics,Laptop,6,50000,300000,70895
ORD03380,2025-05-08,North,Vikram,Furniture,Table,14,8000,112000,20539
ORD03381,2025-07-22,North,Amit,Electronics,Mobile,6,20000,120000,18426
ORD03382,2025-09-26,North,Vikram,Electronics,Laptop,19,50000,950000,170161
ORD03383,2025-09-05,South,Karthik,Electronics,Monitor,10,12000,120000,20403
ORD03384,2025-02-25,East,Riya,Electronics,Monitor,17,12000,204000,44244
ORD03385,2025-09-27,East,Riya,Furniture,Chair,7,3000,21000,3210
ORD03386,2025-06-16,North,Vikram,Furniture,Chair,18,3000,54000,12838
ORD03387,2025-12-19,North,Raj,Furniture,Chair,1,3000,3000,764
ORD03388,2025-05-07,West,Rahul,Furniture,Chair,20,3000,60000,8631
ORD03389,2025-05-07,South,Karthik,Furniture,Table,1,8000,8000,2398
ORD03390,2025-03-22,North,Amit,Furniture,Sofa,8,25000,200000,21463
ORD03391,2025-11-05,North,Raj,Furniture,Sofa,16,25000,400000,59403
ORD03392,2025-04-27,West,Meena,Furniture,Sofa,1,25000,25000,6955
ORD03393,2025-08-17,West,Sneha,Electronics,Laptop,3,50000,150000,20177
ORD03394,2025-05-28,West,Sneha,Furniture,Sofa,16,25000,400000,116641
ORD03395,2025-11-04,East,Arun,Electronics,Monitor,17,12000,204000,56833
ORD03396,2025-09-09,East,Suresh,Electronics,Mobile,8,20000,160000,33712
ORD03397,2025-09-09,South,Karthik,Electronics,Mobile,17,20000,340000,98722
ORD03398,2025-07-02,West,Sneha,Furniture,Table,18,8000,144000,35240
ORD03399,2025-06-30,North,Vikram,Furniture,Sofa,12,25000,300000,61130
ORD03400,2025-05-16,East,Riya,Furniture,Table,9,8000,72000,20302
ORD03401,2025-01-08,North,Amit,Electronics,Laptop,14,50000,700000,99479
ORD03402,2025-04-18,East,Suresh,Electronics,Mobile,11,20000,220000,58007
ORD03403,2025-10-19,West,Rahul,Furniture,Table,11,8000,88000,21416
ORD03404,2025-03-14,North,Vikram,Furniture,Sofa,2,25000,50000,5270
ORD03405,2025-07-05,East,Arun,Electronics,Laptop,13,50000,650000,178837
ORD03406,2025-04-14,West,Sneha,Electronics,Mobile,2,20000,40000,8700
ORD03407,2025-05-25,North,Amit,Electronics,Monitor,13,12000,156000,17186
ORD03408,2025-05-21,East,Suresh,Electronics,Laptop,10,50000,500000,135521
ORD03409,2025-08-16,East,Riya,Electronics,Monitor,6,12000,72000,8365
ORD03410,2025-01-12,South,Priya,Furniture,Chair,4,3000,12000,3337
ORD03411,2025-10-25,North,Raj,Electronics,Monitor,7,12000,84000,22876
ORD03412,2025-12-21,South,Karthik,Furniture,Table,19,8000,152000,18905
ORD03413,2025-02-12,East,Suresh,Electronics,Laptop,13,50000,650000,166416
ORD03414,2025-07-24,South,Priya,Furniture,Chair,18,3000,54000,9958
ORD03415,2025-01-13,South,Karthik,Electronics,Mobile,14,20000,280000,63735
ORD03416,2025-08-15,North,Amit,Electronics,Mobile,13,20000,260000,63913
ORD03417,2025-05-23,North,Amit,Furniture,Table,2,8000,16000,3134
ORD03418,2025-06-03,West,Sneha,Furniture,Sofa,2,25000,50000,5673
ORD03419,2025-06-14,West,Sneha,Furniture,Sofa,13,25000,325000,53319
ORD03420,2025-09-26,South,Priya,Electronics,Laptop,19,50000,950000,159665
ORD03421,2025-06-14,East,Suresh,Electronics,Laptop,14,50000,700000,129576
ORD03422,2025-12-01,West,Meena,Electronics,Laptop,13,50000,650000,163632
ORD03423,2025-11-03,East,Arun,Electronics,Mobile,7,20000,140000,40693
ORD03424,2025-07-01,East,Suresh,Furniture,Table,12,8000,96000,11934
ORD03425,2025-06-10,East,Suresh,Electronics,Monitor,18,12000,216000,43532
ORD03426,2025-02-10,East,Suresh,Electronics,Mobile,6,20000,120000,17736
ORD03427,2025-05-09,South,Anita,Electronics,Mobile,11,20000,220000,28986
ORD03428,2025-10-15,West,Sneha,Furniture,Sofa,9,25000,225000,46010
ORD03429,2025-06-13,North,Amit,Furniture,Table,15,8000,120000,13750
ORD03430,2025-08-29,East,Arun,Furniture,Chair,11,3000,33000,5172
ORD03431,2025-02-27,South,Priya,Furniture,Sofa,19,25000,475000,92844
ORD03432,2025-02-17,East,Riya,Electronics,Mobile,9,20000,180000,48669
ORD03433,2025-01-07,North,Amit,Electronics,Laptop,18,50000,900000,228154
ORD03434,2025-07-02,East,Riya,Furniture,Table,18,8000,144000,39489
ORD03435,2025-10-30,North,Vikram,Electronics,Mobile,10,20000,200000,26972
ORD03436,2025-09-04,South,Priya,Electronics,Laptop,14,50000,700000,156358
ORD03437,2025-06-17,West,Meena,Electronics,Monitor,7,12000,84000,19645
ORD03438,2025-07-02,East,Suresh,Furniture,Chair,14,3000,42000,10732
ORD03439,2025-06-07,West,Meena,Electronics,Monitor,6,12000,72000,19916
ORD03440,2025-04-25,South,Karthik,Electronics,Monitor,15,12000,180000,46739
ORD03441,2025-08-10,South,Anita,Furniture,Table,16,8000,128000,15665
ORD03442,2025-12-21,North,Vikram,Furniture,Chair,18,3000,54000,13006
ORD03443,2025-12-18,West,Sneha,Electronics,Monitor,18,12000,216000,34474
ORD03444,2025-10-31,West,Meena,Electronics,Laptop,7,50000,350000,71327
ORD03445,2025-09-19,North,Amit,Electronics,Laptop,19,50000,950000,246413
ORD03446,2025-09-08,South,Priya,Electronics,Mobile,15,20000,300000,34705
ORD03447,2025-03-20,East,Arun,Electronics,Laptop,4,50000,200000,31290
ORD03448,2025-01-12,East,Arun,Furniture,Chair,8,3000,24000,3077
ORD03449,2025-01-02,East,Suresh,Electronics,Monitor,20,12000,240000,33417
ORD03450,2025-02-07,South,Priya,Electronics,Mobile,10,20000,200000,56731
ORD03451,2025-07-28,South,Priya,Electronics,Mobile,13,20000,260000,33242
ORD03452,2025-11-04,South,Anita,Electronics,Laptop,4,50000,200000,45024
ORD03453,2025-05-06,West,Rahul,Electronics,Mobile,10,20000,200000,49745
ORD03454,2025-08-28,South,Karthik,Furniture,Table,18,8000,144000,23691
ORD03455,2025-03-28,East,Suresh,Electronics,Laptop,20,50000,1000000,274542
ORD03456,2025-06-08,North,Vikram,Furniture,Chair,1,3000,3000,840
ORD03457,2025-01-11,North,Vikram,Electronics,Monitor,7,12000,84000,19456
ORD03458,2025-01-13,South,Priya,Furniture,Table,17,8000,136000,32090
ORD03459,2025-02-03,North,Amit,Furniture,Sofa,10,25000,250000,69613
ORD03460,2025-12-04,North,Amit,Furniture,Sofa,9,25000,225000,54080
ORD03461,2025-09-26,North,Vikram,Furniture,Sofa,2,25000,50000,9025
ORD03462,2025-08-18,West,Rahul,Furniture,Table,18,8000,144000,36583
ORD03463,2025-09-17,East,Arun,Furniture,Sofa,3,25000,75000,18264
ORD03464,2025-05-22,West,Meena,Furniture,Table,8,8000,64000,11840
ORD03465,2025-06-18,West,Meena,Electronics,Laptop,9,50000,450000,75328
ORD03466,2025-06-03,North,Vikram,Electronics,Monitor,12,12000,144000,27401
ORD03467,2025-07-07,South,Anita,Electronics,Mobile,17,20000,340000,88119
ORD03468,2025-10-19,East,Arun,Electronics,Mobile,20,20000,400000,45433
ORD03469,2025-02-09,North,Vikram,Furniture,Table,17,8000,136000,20213
ORD03470,2025-11-08,West,Rahul,Furniture,Sofa,16,25000,400000,48748
ORD03471,2025-11-26,North,Amit,Furniture,Sofa,8,25000,200000,31490
ORD03472,2025-08-01,East,Suresh,Electronics,Laptop,20,50000,1000000,240171
ORD03473,2025-12-28,North,Vikram,Electronics,Mobile,10,20000,200000,55049
ORD03474,2025-06-18,West,Rahul,Furniture,Chair,16,3000,48000,10937
ORD03475,2025-12-06,West,Sneha,Furniture,Table,6,8000,48000,11809
ORD03476,2025-03-15,South,Karthik,Furniture,Chair,4,3000,12000,3146
ORD03477,2025-08-10,East,Riya,Electronics,Mobile,6,20000,120000,12983
ORD03478,2025-11-29,West,Rahul,Furniture,Table,19,8000,152000,37193
ORD03479,2025-03-19,South,Karthik,Electronics,Monitor,2,12000,24000,4906
ORD03480,2025-07-21,East,Riya,Furniture,Sofa,1,25000,25000,4540
ORD03481,2025-11-08,North,Vikram,Electronics,Laptop,7,50000,350000,72452
ORD03482,2025-07-04,North,Amit,Furniture,Sofa,18,25000,450000,100026
ORD03483,2025-09-11,North,Vikram,Furniture,Table,9,8000,72000,16312
ORD03484,2025-06-12,East,Suresh,Electronics,Monitor,19,12000,228000,61171
ORD03485,2025-06-06,South,Priya,Electronics,Laptop,12,50000,600000,84282
ORD03486,2025-12-15,South,Karthik,Furniture,Chair,20,3000,60000,14624
ORD03487,2025-02-22,West,Meena,Furniture,Chair,2,3000,6000,1309
ORD03488,2025-09-11,East,Suresh,Electronics,Laptop,20,50000,1000000,296664
ORD03489,2025-05-03,South,Karthik,Electronics,Monitor,17,12000,204000,56957
ORD03490,2025-11-17,West,Meena,Furniture,Table,20,8000,160000,23200
ORD03491,2025-11-14,North,Amit,Furniture,Chair,16,3000,48000,6049
ORD03492,2025-10-12,East,Riya,Electronics,Laptop,3,50000,150000,20911
ORD03493,2025-05-21,East,Riya,Furniture,Chair,7,3000,21000,2303
ORD03494,2025-09-24,West,Rahul,Electronics,Mobile,13,20000,260000,27154
ORD03495,2025-03-27,South,Karthik,Furniture,Sofa,10,25000,250000,59886
ORD03496,2025-09-28,North,Raj,Furniture,Table,19,8000,152000,38521
ORD03497,2025-03-15,South,Anita,Furniture,Sofa,6,25000,150000,44774
ORD03498,2025-11-15,South,Anita,Furniture,Table,18,8000,144000,27692
ORD03499,2025-05-01,South,Karthik,Furniture,Sofa,11,25000,275000,72949
ORD03500,2025-04-10,East,Arun,Furniture,Chair,16,3000,48000,13425
ORD03501,2025-09-23,West,Rahul,Electronics,Mobile,14,20000,280000,60314
ORD03502,2025-05-16,North,Amit,Electronics,Mobile,20,20000,400000,76397
ORD03503,2025-05-13,East,Suresh,Electronics,Mobile,17,20000,340000,36461
ORD03504,2025-01-16,West,Rahul,Furniture,Table,11,8000,88000,24656
ORD03505,2025-07-29,East,Suresh,Furniture,Chair,1,3000,3000,546
ORD03506,2025-04-06,West,Meena,Furniture,Sofa,9,25000,225000,47885
ORD03507,2025-07-13,North,Raj,Electronics,Mobile,17,20000,340000,42900
ORD03508,2025-02-15,West,Sneha,Electronics,Laptop,17,50000,850000,200553
ORD03509,2025-06-03,South,Karthik,Furniture,Sofa,11,25000,275000,41302
ORD03510,2025-03-17,West,Sneha,Furniture,Table,11,8000,88000,13533
ORD03511,2025-04-10,East,Arun,Electronics,Laptop,5,50000,250000,64673
ORD03512,2025-03-26,South,Priya,Furniture,Sofa,20,25000,500000,70955
ORD03513,2025-08-17,South,Anita,Furniture,Chair,18,3000,54000,6105
ORD03514,2025-07-09,North,Amit,Furniture,Sofa,13,25000,325000,45013
ORD03515,2025-12-05,North,Raj,Electronics,Mobile,6,20000,120000,25855
ORD03516,2025-01-20,North,Amit,Electronics,Mobile,12,20000,240000,49677
ORD03517,2025-08-04,South,Priya,Furniture,Table,10,8000,80000,17241
ORD03518,2025-09-28,South,Priya,Electronics,Monitor,3,12000,36000,9333
ORD03519,2025-01-29,South,Priya,Furniture,Table,17,8000,136000,15553
ORD03520,2025-09-08,West,Rahul,Furniture,Table,11,8000,88000,11886
ORD03521,2025-01-25,South,Karthik,Furniture,Chair,9,3000,27000,4374
ORD03522,2025-11-04,South,Priya,Furniture,Chair,17,3000,51000,5181
ORD03523,2025-04-29,West,Rahul,Furniture,Chair,8,3000,24000,4647
ORD03524,2025-01-26,North,Vikram,Electronics,Mobile,14,20000,280000,34018
ORD03525,2025-04-14,West,Rahul,Furniture,Table,12,8000,96000,16631
ORD03526,2025-04-07,West,Rahul,Electronics,Laptop,13,50000,650000,83051
ORD03527,2025-02-22,West,Rahul,Furniture,Table,12,8000,96000,12277
ORD03528,2025-01-25,West,Meena,Furniture,Sofa,13,25000,325000,91050
ORD03529,2025-02-25,East,Arun,Furniture,Chair,14,3000,42000,9327
ORD03530,2025-04-05,North,Raj,Furniture,Sofa,3,25000,75000,17041
ORD03531,2025-09-24,South,Anita,Furniture,Sofa,14,25000,350000,37118
ORD03532,2025-09-06,West,Meena,Furniture,Table,11,8000,88000,25559
ORD03533,2025-01-06,West,Sneha,Furniture,Chair,14,3000,42000,11377
ORD03534,2025-05-10,West,Meena,Electronics,Laptop,7,50000,350000,58556
ORD03535,2025-12-25,West,Meena,Electronics,Laptop,9,50000,450000,58888
ORD03536,2025-03-30,North,Vikram,Electronics,Laptop,10,50000,500000,78350
ORD03537,2025-01-18,North,Raj,Electronics,Monitor,10,12000,120000,18385
ORD03538,2025-12-15,North,Vikram,Electronics,Mobile,7,20000,140000,30445
ORD03539,2025-10-13,East,Riya,Furniture,Sofa,18,25000,450000,71280
ORD03540,2025-07-01,South,Karthik,Electronics,Laptop,4,50000,200000,48151
ORD03541,2025-05-02,South,Priya,Electronics,Mobile,2,20000,40000,7976
ORD03542,2025-08-25,South,Anita,Electronics,Mobile,8,20000,160000,18540
ORD03543,2025-07-11,North,Raj,Electronics,Mobile,16,20000,320000,92883
ORD03544,2025-07-19,North,Amit,Furniture,Table,7,8000,56000,7539
ORD03545,2025-08-04,East,Suresh,Electronics,Laptop,8,50000,400000,88388
ORD03546,2025-06-04,East,Riya,Electronics,Mobile,7,20000,140000,37846
ORD03547,2025-07-01,East,Arun,Furniture,Table,15,8000,120000,30908
ORD03548,2025-01-16,East,Riya,Electronics,Laptop,2,50000,100000,18643
ORD03549,2025-05-04,North,Raj,Electronics,Monitor,13,12000,156000,45981
ORD03550,2025-11-21,West,Rahul,Furniture,Table,6,8000,48000,5809
ORD03551,2025-02-09,West,Meena,Furniture,Table,17,8000,136000,33256
ORD03552,2025-10-16,East,Riya,Furniture,Table,18,8000,144000,18447
ORD03553,2025-01-06,North,Vikram,Furniture,Chair,20,3000,60000,13599
ORD03554,2025-03-07,East,Riya,Furniture,Chair,2,3000,6000,837
ORD03555,2025-06-15,West,Rahul,Furniture,Chair,5,3000,15000,2486
ORD03556,2025-11-30,North,Amit,Furniture,Chair,5,3000,15000,3323
ORD03557,2025-07-02,South,Anita,Electronics,Laptop,14,50000,700000,156813
ORD03558,2025-05-08,East,Arun,Furniture,Chair,1,3000,3000,350
ORD03559,2025-06-18,East,Riya,Electronics,Mobile,9,20000,180000,28579
ORD03560,2025-11-11,West,Rahul,Electronics,Mobile,1,20000,20000,5558
ORD03561,2025-02-19,South,Priya,Furniture,Chair,3,3000,9000,2065
ORD03562,2025-03-30,South,Karthik,Furniture,Table,10,8000,80000,20506
ORD03563,2025-06-15,South,Karthik,Electronics,Mobile,15,20000,300000,63904
ORD03564,2025-03-30,North,Raj,Furniture,Chair,17,3000,51000,5749
ORD03565,2025-04-24,South,Karthik,Electronics,Laptop,1,50000,50000,10638
ORD03566,2025-11-11,North,Raj,Electronics,Mobile,14,20000,280000,48051
ORD03567,2025-01-22,West,Sneha,Furniture,Table,12,8000,96000,15253
ORD03568,2025-09-23,North,Raj,Furniture,Sofa,9,25000,225000,34461
ORD03569,2025-02-22,West,Meena,Electronics,Mobile,16,20000,320000,73786
ORD03570,2025-02-28,North,Vikram,Electronics,Mobile,17,20000,340000,58764
ORD03571,2025-02-28,South,Priya,Furniture,Table,4,8000,32000,4259
ORD03572,2025-02-15,North,Vikram,Electronics,Laptop,17,50000,850000,133279
ORD03573,2025-04-28,South,Priya,Electronics,Laptop,5,50000,250000,73026
ORD03574,2025-01-30,South,Anita,Electronics,Laptop,15,50000,750000,170069
ORD03575,2025-11-07,North,Raj,Furniture,Chair,14,3000,42000,4865
ORD03576,2025-04-27,South,Anita,Furniture,Table,15,8000,120000,31647
ORD03577,2025-05-05,West,Meena,Electronics,Monitor,4,12000,48000,12310
ORD03578,2025-01-03,West,Rahul,Electronics,Mobile,8,20000,160000,36987
ORD03579,2025-10-28,South,Karthik,Electronics,Mobile,18,20000,360000,70878
ORD03580,2025-08-02,South,Karthik,Electronics,Mobile,3,20000,60000,8244
ORD03581,2025-05-20,South,Priya,Furniture,Table,17,8000,136000,25897
ORD03582,2025-02-16,South,Karthik,Electronics,Laptop,14,50000,700000,71861
ORD03583,2025-05-09,South,Priya,Electronics,Laptop,20,50000,1000000,176971
ORD03584,2025-02-02,North,Vikram,Furniture,Chair,19,3000,57000,10256
ORD03585,2025-10-28,South,Karthik,Electronics,Laptop,12,50000,600000,65626
ORD03586,2025-06-27,East,Suresh,Furniture,Chair,18,3000,54000,8600
ORD03587,2025-10-03,South,Anita,Furniture,Table,20,8000,160000,36753
ORD03588,2025-04-29,West,Rahul,Electronics,Mobile,9,20000,180000,39268
ORD03589,2025-01-06,South,Anita,Furniture,Chair,7,3000,21000,2148
ORD03590,2025-12-10,South,Anita,Furniture,Chair,3,3000,9000,1057
ORD03591,2025-07-21,East,Suresh,Electronics,Laptop,17,50000,850000,170577
ORD03592,2025-03-20,West,Sneha,Electronics,Laptop,17,50000,850000,137297
ORD03593,2025-05-03,North,Vikram,Electronics,Mobile,6,20000,120000,21446
ORD03594,2025-12-11,North,Raj,Electronics,Monitor,19,12000,228000,35736
ORD03595,2025-08-09,West,Rahul,Furniture,Sofa,8,25000,200000,45852
ORD03596,2025-05-10,North,Vikram,Electronics,Mobile,17,20000,340000,70700
ORD03597,2025-02-19,South,Priya,Furniture,Sofa,19,25000,475000,125839
ORD03598,2025-06-09,East,Suresh,Furniture,Sofa,6,25000,150000,41040
ORD03599,2025-01-21,East,Riya,Electronics,Mobile,17,20000,340000,47782
ORD03600,2025-03-25,North,Raj,Electronics,Laptop,6,50000,300000,34682
ORD03601,2025-08-11,North,Amit,Furniture,Sofa,20,25000,500000,145836
ORD03602,2025-04-12,North,Amit,Electronics,Laptop,20,50000,1000000,102120
ORD03603,2025-08-22,West,Rahul,Electronics,Monitor,12,12000,144000,36529
ORD03604,2025-06-11,East,Riya,Electronics,Monitor,20,12000,240000,44367
ORD03605,2025-11-09,South,Karthik,Electronics,Laptop,18,50000,900000,120868
ORD03606,2025-06-22,East,Arun,Furniture,Sofa,14,25000,350000,97119
ORD03607,2025-07-29,South,Priya,Electronics,Mobile,4,20000,80000,15213
ORD03608,2025-06-22,East,Suresh,Furniture,Sofa,8,25000,200000,56166
ORD03609,2025-02-09,East,Riya,Electronics,Laptop,5,50000,250000,74355
ORD03610,2025-08-13,North,Raj,Electronics,Monitor,10,12000,120000,22664
ORD03611,2025-05-26,East,Arun,Electronics,Mobile,17,20000,340000,86551
ORD03612,2025-08-30,South,Anita,Furniture,Chair,15,3000,45000,4571
ORD03613,2025-11-05,West,Rahul,Electronics,Mobile,19,20000,380000,76232
ORD03614,2025-03-01,East,Arun,Furniture,Chair,2,3000,6000,1266
ORD03615,2025-09-10,South,Priya,Furniture,Sofa,1,25000,25000,2988
ORD03616,2025-06-15,North,Amit,Electronics,Laptop,15,50000,750000,132737
ORD03617,2025-12-26,East,Suresh,Furniture,Chair,16,3000,48000,8876
ORD03618,2025-08-23,North,Vikram,Electronics,Mobile,2,20000,40000,11418
ORD03619,2025-05-29,East,Arun,Furniture,Chair,19,3000,57000,16161
ORD03620,2025-02-11,West,Rahul,Furniture,Chair,14,3000,42000,5569
ORD03621,2025-06-14,North,Raj,Electronics,Mobile,10,20000,200000,24457
ORD03622,2025-08-14,West,Rahul,Electronics,Monitor,4,12000,48000,8290
ORD03623,2025-02-12,East,Suresh,Electronics,Laptop,15,50000,750000,98278
ORD03624,2025-02-18,West,Sneha,Electronics,Monitor,11,12000,132000,37577
ORD03625,2025-02-14,South,Karthik,Furniture,Sofa,1,25000,25000,4488
ORD03626,2025-09-16,East,Riya,Electronics,Laptop,13,50000,650000,147246
ORD03627,2025-12-15,West,Sneha,Furniture,Table,13,8000,104000,20818
ORD03628,2025-06-25,North,Amit,Electronics,Monitor,16,12000,192000,25873
ORD03629,2025-07-24,West,Meena,Electronics,Laptop,15,50000,750000,129285
ORD03630,2025-07-05,West,Meena,Electronics,Mobile,11,20000,220000,54606
ORD03631,2025-01-05,East,Arun,Electronics,Laptop,17,50000,850000,244203
ORD03632,2025-09-03,South,Karthik,Electronics,Laptop,18,50000,900000,184216
ORD03633,2025-07-07,South,Anita,Furniture,Sofa,19,25000,475000,68159
ORD03634,2025-08-06,West,Rahul,Electronics,Monitor,8,12000,96000,22926
ORD03635,2025-05-03,East,Suresh,Electronics,Monitor,9,12000,108000,14178
ORD03636,2025-01-06,East,Suresh,Furniture,Table,3,8000,24000,3921
ORD03637,2025-03-20,West,Sneha,Furniture,Table,6,8000,48000,12855
ORD03638,2025-07-14,South,Priya,Electronics,Laptop,9,50000,450000,50964
ORD03639,2025-08-23,West,Sneha,Furniture,Sofa,1,25000,25000,2684
ORD03640,2025-01-23,North,Raj,Furniture,Chair,14,3000,42000,10099
ORD03641,2025-12-19,South,Priya,Furniture,Table,5,8000,40000,9199
ORD03642,2025-03-25,North,Amit,Furniture,Chair,12,3000,36000,5754
ORD03643,2025-08-12,East,Riya,Furniture,Sofa,5,25000,125000,34948
ORD03644,2025-09-13,East,Riya,Electronics,Mobile,2,20000,40000,9683
ORD03645,2025-02-09,West,Rahul,Electronics,Mobile,13,20000,260000,67029
ORD03646,2025-05-27,North,Vikram,Furniture,Table,15,8000,120000,33157
ORD03647,2025-04-09,West,Meena,Electronics,Monitor,15,12000,180000,43655
ORD03648,2025-02-08,North,Vikram,Furniture,Chair,17,3000,51000,9694
ORD03649,2025-04-24,North,Raj,Electronics,Mobile,13,20000,260000,35001
ORD03650,2025-06-14,West,Sneha,Furniture,Chair,19,3000,57000,14915
ORD03651,2025-12-08,North,Raj,Electronics,Monitor,6,12000,72000,15953
ORD03652,2025-08-10,East,Arun,Electronics,Mobile,15,20000,300000,33847
ORD03653,2025-11-17,East,Suresh,Electronics,Monitor,1,12000,12000,1217
ORD03654,2025-04-08,East,Suresh,Electronics,Mobile,16,20000,320000,90341
ORD03655,2025-01-09,West,Meena,Electronics,Mobile,2,20000,40000,9779
ORD03656,2025-01-23,East,Riya,Electronics,Mobile,1,20000,20000,3254
ORD03657,2025-04-16,East,Riya,Electronics,Laptop,13,50000,650000,126088
ORD03658,2025-04-06,East,Suresh,Electronics,Laptop,15,50000,750000,94329
ORD03659,2025-08-28,East,Riya,Electronics,Monitor,8,12000,96000,23298
ORD03660,2025-09-27,East,Arun,Furniture,Chair,14,3000,42000,6978
ORD03661,2025-10-21,West,Meena,Electronics,Monitor,18,12000,216000,39996
ORD03662,2025-05-18,North,Amit,Furniture,Table,2,8000,16000,4668
ORD03663,2025-11-19,North,Vikram,Electronics,Monitor,7,12000,84000,22567
ORD03664,2025-07-07,North,Amit,Furniture,Sofa,10,25000,250000,51609
ORD03665,2025-12-12,East,Arun,Furniture,Sofa,7,25000,175000,37904
ORD03666,2025-09-02,East,Riya,Electronics,Mobile,14,20000,280000,36378
ORD03667,2025-01-15,West,Sneha,Electronics,Mobile,20,20000,400000,105967
ORD03668,2025-06-01,North,Amit,Furniture,Sofa,11,25000,275000,81769
ORD03669,2025-06-03,West,Meena,Electronics,Monitor,15,12000,180000,20935
ORD03670,2025-08-02,North,Amit,Electronics,Monitor,12,12000,144000,21499
ORD03671,2025-03-28,North,Amit,Electronics,Mobile,9,20000,180000,32673
ORD03672,2025-08-31,East,Suresh,Furniture,Sofa,7,25000,175000,36446
ORD03673,2025-01-17,North,Raj,Furniture,Chair,5,3000,15000,4274
ORD03674,2025-11-07,West,Meena,Electronics,Mobile,4,20000,80000,15312
ORD03675,2025-07-07,South,Priya,Electronics,Mobile,12,20000,240000,49881
ORD03676,2025-10-18,North,Raj,Furniture,Table,16,8000,128000,23589
ORD03677,2025-06-25,East,Suresh,Furniture,Chair,2,3000,6000,990
ORD03678,2025-08-10,West,Rahul,Electronics,Mobile,16,20000,320000,58013
ORD03679,2025-08-10,North,Amit,Electronics,Monitor,9,12000,108000,26573
ORD03680,2025-11-15,North,Amit,Electronics,Monitor,1,12000,12000,2790
ORD03681,2025-09-11,North,Amit,Furniture,Chair,20,3000,60000,10677
ORD03682,2025-07-05,North,Raj,Furniture,Chair,1,3000,3000,664
ORD03683,2025-01-18,East,Arun,Electronics,Laptop,18,50000,900000,117570
ORD03684,2025-07-20,North,Raj,Electronics,Laptop,19,50000,950000,173156
ORD03685,2025-11-04,South,Anita,Electronics,Laptop,8,50000,400000,50802
ORD03686,2025-11-27,South,Priya,Electronics,Laptop,11,50000,550000,115787
ORD03687,2025-04-08,North,Amit,Electronics,Mobile,11,20000,220000,55232
ORD03688,2025-09-02,North,Amit,Electronics,Monitor,18,12000,216000,42565
ORD03689,2025-12-02,West,Rahul,Electronics,Laptop,7,50000,350000,62706
ORD03690,2025-04-22,West,Sneha,Electronics,Mobile,20,20000,400000,97256
ORD03691,2025-04-08,West,Meena,Furniture,Chair,5,3000,15000,1616
ORD03692,2025-11-24,North,Vikram,Electronics,Monitor,12,12000,144000,37705
ORD03693,2025-08-16,North,Raj,Electronics,Laptop,13,50000,650000,167309
ORD03694,2025-12-01,South,Karthik,Furniture,Chair,14,3000,42000,7508
ORD03695,2025-02-16,North,Vikram,Electronics,Laptop,17,50000,850000,190441
ORD03696,2025-04-07,South,Karthik,Furniture,Table,10,8000,80000,15721
ORD03697,2025-10-23,North,Amit,Furniture,Sofa,4,25000,100000,28670
ORD03698,2025-12-09,South,Karthik,Furniture,Table,11,8000,88000,13532
ORD03699,2025-06-05,East,Arun,Furniture,Table,20,8000,160000,43164
ORD03700,2025-02-09,South,Karthik,Electronics,Mobile,15,20000,300000,52068
ORD03701,2025-03-29,West,Meena,Electronics,Laptop,10,50000,500000,56330
ORD03702,2025-06-28,West,Rahul,Furniture,Chair,1,3000,3000,337
ORD03703,2025-01-08,North,Vikram,Electronics,Mobile,20,20000,400000,73912
ORD03704,2025-11-07,South,Anita,Furniture,Sofa,15,25000,375000,100558
ORD03705,2025-09-27,West,Meena,Electronics,Mobile,5,20000,100000,14531
ORD03706,2025-06-03,West,Sneha,Furniture,Sofa,13,25000,325000,35352
ORD03707,2025-07-12,South,Anita,Furniture,Chair,8,3000,24000,3121
ORD03708,2025-07-03,North,Raj,Electronics,Monitor,6,12000,72000,13973
ORD03709,2025-02-17,South,Anita,Electronics,Monitor,19,12000,228000,41546
ORD03710,2025-07-15,West,Sneha,Furniture,Sofa,16,25000,400000,58576
ORD03711,2025-04-27,East,Riya,Furniture,Chair,16,3000,48000,9891
ORD03712,2025-11-04,West,Meena,Furniture,Chair,2,3000,6000,761
ORD03713,2025-12-20,East,Suresh,Furniture,Sofa,10,25000,250000,49003
ORD03714,2025-03-26,South,Karthik,Electronics,Mobile,13,20000,260000,50923
ORD03715,2025-04-13,West,Rahul,Furniture,Table,14,8000,112000,23062
ORD03716,2025-09-16,East,Arun,Furniture,Sofa,4,25000,100000,24045
ORD03717,2025-11-10,West,Meena,Electronics,Monitor,13,12000,156000,40957
ORD03718,2025-01-11,North,Vikram,Furniture,Table,10,8000,80000,21887
ORD03719,2025-03-20,East,Arun,Furniture,Chair,13,3000,39000,3951
ORD03720,2025-02-11,North,Amit,Electronics,Monitor,12,12000,144000,21555
ORD03721,2025-05-20,East,Riya,Electronics,Monitor,16,12000,192000,56145
ORD03722,2025-05-11,West,Rahul,Furniture,Chair,12,3000,36000,5460
ORD03723,2025-06-17,East,Suresh,Electronics,Monitor,4,12000,48000,6913
ORD03724,2025-06-19,East,Arun,Electronics,Monitor,5,12000,60000,12826
ORD03725,2025-12-21,North,Vikram,Furniture,Chair,4,3000,12000,2469
ORD03726,2025-09-24,East,Arun,Electronics,Monitor,11,12000,132000,18751
ORD03727,2025-08-26,East,Suresh,Electronics,Laptop,11,50000,550000,98672
ORD03728,2025-02-24,North,Vikram,Furniture,Table,18,8000,144000,37669
ORD03729,2025-04-10,North,Amit,Electronics,Monitor,15,12000,180000,48288
ORD03730,2025-10-09,West,Sneha,Furniture,Sofa,19,25000,475000,137429
ORD03731,2025-09-29,West,Sneha,Electronics,Monitor,2,12000,24000,4882
ORD03732,2025-07-02,West,Meena,Furniture,Table,19,8000,152000,18675
ORD03733,2025-11-24,East,Riya,Electronics,Monitor,19,12000,228000,38325
ORD03734,2025-05-28,North,Amit,Furniture,Chair,4,3000,12000,2731
ORD03735,2025-07-21,South,Anita,Electronics,Laptop,4,50000,200000,21174
ORD03736,2025-01-31,North,Vikram,Furniture,Table,16,8000,128000,25634
ORD03737,2025-02-07,North,Amit,Furniture,Table,2,8000,16000,1696
ORD03738,2025-09-07,West,Meena,Furniture,Chair,5,3000,15000,2325
ORD03739,2025-12-12,East,Riya,Furniture,Chair,11,3000,33000,6684
ORD03740,2025-11-20,East,Riya,Electronics,Laptop,16,50000,800000,221692
ORD03741,2025-04-17,North,Raj,Electronics,Laptop,10,50000,500000,98691
ORD03742,2025-03-06,West,Rahul,Electronics,Monitor,10,12000,120000,22263
ORD03743,2025-12-20,North,Amit,Furniture,Chair,11,3000,33000,8514
ORD03744,2025-08-03,West,Meena,Furniture,Chair,17,3000,51000,13823
ORD03745,2025-07-28,North,Amit,Furniture,Sofa,13,25000,325000,63127
ORD03746,2025-12-30,South,Priya,Furniture,Sofa,3,25000,75000,9570
ORD03747,2025-11-24,West,Rahul,Electronics,Monitor,11,12000,132000,15418
ORD03748,2025-04-16,South,Priya,Electronics,Monitor,13,12000,156000,29265
ORD03749,2025-06-07,North,Raj,Furniture,Chair,8,3000,24000,5204
ORD03750,2025-01-03,West,Rahul,Electronics,Laptop,3,50000,150000,20175
ORD03751,2025-01-11,East,Suresh,Electronics,Laptop,1,50000,50000,13346
ORD03752,2025-10-13,West,Rahul,Electronics,Mobile,7,20000,140000,23677
ORD03753,2025-09-24,West,Rahul,Electronics,Mobile,2,20000,40000,6224
ORD03754,2025-10-02,North,Amit,Electronics,Laptop,17,50000,850000,171888
ORD03755,2025-12-05,West,Meena,Furniture,Table,2,8000,16000,3361
ORD03756,2025-09-18,East,Suresh,Furniture,Chair,4,3000,12000,2721
ORD03757,2025-04-17,West,Sneha,Furniture,Chair,9,3000,27000,7902
ORD03758,2025-08-30,West,Rahul,Electronics,Mobile,4,20000,80000,14200
ORD03759,2025-02-02,West,Sneha,Furniture,Table,2,8000,16000,3557
ORD03760,2025-11-03,West,Sneha,Electronics,Monitor,20,12000,240000,59739
ORD03761,2025-01-15,West,Rahul,Electronics,Laptop,18,50000,900000,108184
ORD03762,2025-12-27,South,Priya,Furniture,Table,7,8000,56000,8564
ORD03763,2025-04-03,West,Meena,Electronics,Laptop,18,50000,900000,267113
ORD03764,2025-05-18,East,Riya,Furniture,Chair,17,3000,51000,14070
ORD03765,2025-03-21,South,Priya,Furniture,Sofa,6,25000,150000,20847
ORD03766,2025-09-01,South,Karthik,Furniture,Chair,18,3000,54000,14119
ORD03767,2025-04-26,South,Priya,Furniture,Table,9,8000,72000,14620
ORD03768,2025-05-02,East,Suresh,Electronics,Laptop,11,50000,550000,151413
ORD03769,2025-04-24,East,Suresh,Electronics,Monitor,6,12000,72000,8510
ORD03770,2025-08-27,East,Riya,Electronics,Monitor,15,12000,180000,50161
ORD03771,2025-06-08,West,Rahul,Electronics,Mobile,7,20000,140000,28100
ORD03772,2025-08-29,North,Raj,Electronics,Mobile,16,20000,320000,76956
ORD03773,2025-09-25,South,Priya,Electronics,Monitor,8,12000,96000,14405
ORD03774,2025-03-03,South,Karthik,Furniture,Chair,6,3000,18000,3655
ORD03775,2025-05-12,North,Raj,Furniture,Table,6,8000,48000,9944
ORD03776,2025-04-13,West,Sneha,Furniture,Table,10,8000,80000,16429
ORD03777,2025-12-27,North,Amit,Electronics,Monitor,1,12000,12000,1843
ORD03778,2025-09-26,West,Rahul,Electronics,Laptop,16,50000,800000,165684
ORD03779,2025-07-05,South,Karthik,Electronics,Laptop,1,50000,50000,5005
ORD03780,2025-03-13,East,Suresh,Electronics,Monitor,6,12000,72000,19003
ORD03781,2025-01-02,South,Anita,Furniture,Table,17,8000,136000,18308
ORD03782,2025-10-20,South,Karthik,Furniture,Table,16,8000,128000,31825
ORD03783,2025-10-13,North,Amit,Furniture,Table,1,8000,8000,1818
ORD03784,2025-09-16,East,Arun,Furniture,Chair,4,3000,12000,3311
ORD03785,2025-06-18,East,Suresh,Electronics,Mobile,12,20000,240000,61131
ORD03786,2025-11-18,South,Karthik,Electronics,Laptop,19,50000,950000,113412
ORD03787,2025-12-09,East,Suresh,Furniture,Table,16,8000,128000,19165
ORD03788,2025-11-12,North,Amit,Furniture,Table,16,8000,128000,35863
ORD03789,2025-11-23,West,Sneha,Electronics,Monitor,20,12000,240000,43877
ORD03790,2025-05-16,South,Anita,Electronics,Mobile,10,20000,200000,25190
ORD03791,2025-04-17,West,Rahul,Electronics,Mobile,4,20000,80000,23235
ORD03792,2025-02-19,South,Priya,Furniture,Sofa,16,25000,400000,85697
ORD03793,2025-12-01,East,Arun,Electronics,Laptop,5,50000,250000,34275
ORD03794,2025-05-03,West,Meena,Electronics,Mobile,14,20000,280000,75420
ORD03795,2025-10-08,East,Riya,Electronics,Monitor,13,12000,156000,37495
ORD03796,2025-09-05,West,Rahul,Furniture,Chair,20,3000,60000,7508
ORD03797,2025-08-20,East,Arun,Furniture,Sofa,20,25000,500000,58747
ORD03798,2025-06-22,North,Amit,Furniture,Sofa,16,25000,400000,111461
ORD03799,2025-08-09,West,Rahul,Electronics,Monitor,12,12000,144000,32807
ORD03800,2025-01-28,West,Sneha,Electronics,Mobile,6,20000,120000,33032
ORD03801,2025-08-12,North,Amit,Electronics,Laptop,19,50000,950000,205219
ORD03802,2025-11-09,North,Amit,Electronics,Laptop,12,50000,600000,130948
ORD03803,2025-11-05,West,Sneha,Furniture,Table,20,8000,160000,43246
ORD03804,2025-08-02,South,Priya,Furniture,Table,4,8000,32000,5452
ORD03805,2025-07-12,East,Suresh,Furniture,Table,3,8000,24000,2574
ORD03806,2025-01-12,West,Sneha,Electronics,Laptop,19,50000,950000,125329
ORD03807,2025-10-30,West,Meena,Electronics,Monitor,1,12000,12000,2352
ORD03808,2025-03-20,South,Anita,Furniture,Chair,20,3000,60000,9263
ORD03809,2025-01-06,North,Raj,Furniture,Table,14,8000,112000,22356
ORD03810,2025-08-07,East,Arun,Furniture,Chair,17,3000,51000,5848
ORD03811,2025-07-13,West,Meena,Furniture,Sofa,19,25000,475000,75591
ORD03812,2025-07-20,West,Sneha,Electronics,Mobile,4,20000,80000,14119
ORD03813,2025-12-25,North,Amit,Electronics,Laptop,16,50000,800000,180039
ORD03814,2025-10-06,North,Amit,Furniture,Table,18,8000,144000,19255
ORD03815,2025-06-24,South,Anita,Furniture,Sofa,1,25000,25000,3110
ORD03816,2025-10-18,East,Riya,Furniture,Sofa,19,25000,475000,103665
ORD03817,2025-06-23,West,Meena,Electronics,Laptop,15,50000,750000,101343
ORD03818,2025-02-27,East,Riya,Furniture,Sofa,4,25000,100000,19163
ORD03819,2025-03-11,West,Meena,Electronics,Monitor,17,12000,204000,33292
ORD03820,2025-05-24,South,Priya,Electronics,Laptop,14,50000,700000,180326
ORD03821,2025-06-26,North,Raj,Electronics,Monitor,15,12000,180000,31668
ORD03822,2025-05-30,West,Rahul,Electronics,Laptop,6,50000,300000,47719
ORD03823,2025-12-27,North,Amit,Electronics,Monitor,14,12000,168000,27464
ORD03824,2025-11-21,East,Arun,Furniture,Chair,17,3000,51000,9685
ORD03825,2025-12-31,East,Riya,Electronics,Monitor,18,12000,216000,62571
ORD03826,2025-05-17,South,Karthik,Electronics,Mobile,7,20000,140000,26839
ORD03827,2025-10-08,West,Rahul,Electronics,Monitor,15,12000,180000,43575
ORD03828,2025-10-13,North,Raj,Furniture,Sofa,2,25000,50000,5767
ORD03829,2025-12-10,North,Vikram,Electronics,Monitor,18,12000,216000,50873
ORD03830,2025-07-16,West,Rahul,Furniture,Chair,19,3000,57000,11676
ORD03831,2025-02-03,South,Priya,Furniture,Sofa,11,25000,275000,66250
ORD03832,2025-07-30,West,Sneha,Electronics,Monitor,15,12000,180000,35498
ORD03833,2025-05-15,West,Rahul,Electronics,Mobile,9,20000,180000,31184
ORD03834,2025-05-03,South,Anita,Electronics,Laptop,6,50000,300000,82197
ORD03835,2025-02-10,South,Anita,Electronics,Laptop,5,50000,250000,29601
ORD03836,2025-03-23,North,Vikram,Furniture,Sofa,8,25000,200000,20792
ORD03837,2025-05-24,South,Anita,Furniture,Sofa,3,25000,75000,12558
ORD03838,2025-05-08,West,Rahul,Furniture,Table,15,8000,120000,25279
ORD03839,2025-10-15,East,Suresh,Electronics,Laptop,11,50000,550000,148107
ORD03840,2025-02-25,North,Raj,Furniture,Table,1,8000,8000,1166
ORD03841,2025-02-23,West,Rahul,Electronics,Monitor,3,12000,36000,4619
ORD03842,2025-08-31,North,Amit,Furniture,Table,5,8000,40000,8706
ORD03843,2025-02-04,West,Rahul,Furniture,Sofa,14,25000,350000,95089
ORD03844,2025-01-02,East,Suresh,Electronics,Mobile,6,20000,120000,18755
ORD03845,2025-03-06,West,Meena,Electronics,Monitor,10,12000,120000,33718
ORD03846,2025-04-10,South,Priya,Furniture,Sofa,10,25000,250000,60663
ORD03847,2025-07-28,North,Vikram,Furniture,Chair,13,3000,39000,8589
ORD03848,2025-01-21,East,Riya,Furniture,Sofa,4,25000,100000,11836
ORD03849,2025-08-04,South,Anita,Electronics,Mobile,13,20000,260000,70384
ORD03850,2025-01-28,North,Vikram,Electronics,Mobile,12,20000,240000,27894
ORD03851,2025-11-19,West,Sneha,Electronics,Mobile,16,20000,320000,92412
ORD03852,2025-12-10,West,Meena,Electronics,Monitor,3,12000,36000,6914
ORD03853,2025-12-17,South,Anita,Furniture,Sofa,7,25000,175000,50741
ORD03854,2025-03-22,East,Arun,Furniture,Sofa,9,25000,225000,35264
ORD03855,2025-12-07,South,Priya,Furniture,Sofa,5,25000,125000,15904
ORD03856,2025-05-19,North,Vikram,Furniture,Table,12,8000,96000,9849
ORD03857,2025-02-21,South,Priya,Electronics,Monitor,6,12000,72000,15593
ORD03858,2025-08-11,West,Rahul,Furniture,Sofa,20,25000,500000,54123
ORD03859,2025-12-19,West,Rahul,Furniture,Table,19,8000,152000,15355
ORD03860,2025-01-23,South,Anita,Furniture,Chair,2,3000,6000,1041
ORD03861,2025-02-02,North,Amit,Electronics,Monitor,6,12000,72000,7329
ORD03862,2025-07-13,West,Rahul,Electronics,Mobile,1,20000,20000,4774
ORD03863,2025-07-14,West,Rahul,Electronics,Mobile,5,20000,100000,20032
ORD03864,2025-06-23,West,Meena,Electronics,Monitor,6,12000,72000,19907
ORD03865,2025-06-28,South,Priya,Electronics,Mobile,8,20000,160000,19716
ORD03866,2025-09-23,West,Rahul,Furniture,Table,1,8000,8000,1136
ORD03867,2025-11-09,North,Amit,Furniture,Sofa,13,25000,325000,90842
ORD03868,2025-05-23,West,Meena,Electronics,Mobile,18,20000,360000,61762
ORD03869,2025-06-02,West,Sneha,Furniture,Sofa,7,25000,175000,30141
ORD03870,2025-05-01,East,Arun,Furniture,Chair,10,3000,30000,8615
ORD03871,2025-09-20,West,Sneha,Furniture,Table,13,8000,104000,24097
ORD03872,2025-12-25,West,Sneha,Furniture,Sofa,17,25000,425000,60642
ORD03873,2025-03-31,West,Sneha,Furniture,Chair,10,3000,30000,3786
ORD03874,2025-10-25,East,Suresh,Furniture,Sofa,1,25000,25000,3687
ORD03875,2025-01-08,East,Riya,Electronics,Monitor,13,12000,156000,38244
ORD03876,2025-12-17,North,Vikram,Electronics,Laptop,9,50000,450000,65273
ORD03877,2025-11-25,West,Meena,Furniture,Sofa,1,25000,25000,4542
ORD03878,2025-01-04,North,Vikram,Electronics,Laptop,6,50000,300000,53396
ORD03879,2025-04-07,East,Arun,Furniture,Sofa,17,25000,425000,58175
ORD03880,2025-08-13,South,Priya,Furniture,Table,20,8000,160000,39220
ORD03881,2025-12-09,West,Meena,Furniture,Sofa,18,25000,450000,104890
ORD03882,2025-05-01,North,Vikram,Electronics,Mobile,18,20000,360000,77469
ORD03883,2025-12-22,West,Rahul,Electronics,Laptop,8,50000,400000,80125
ORD03884,2025-10-17,South,Anita,Electronics,Mobile,6,20000,120000,28074
ORD03885,2025-08-19,South,Priya,Furniture,Table,17,8000,136000,34965
ORD03886,2025-02-05,West,Rahul,Furniture,Sofa,9,25000,225000,28490
ORD03887,2025-03-08,East,Riya,Electronics,Mobile,6,20000,120000,23847
ORD03888,2025-10-04,West,Rahul,Furniture,Table,10,8000,80000,17965
ORD03889,2025-06-22,West,Meena,Electronics,Laptop,11,50000,550000,160754
ORD03890,2025-09-09,East,Suresh,Furniture,Chair,11,3000,33000,5871
ORD03891,2025-03-01,East,Arun,Electronics,Laptop,11,50000,550000,110356
ORD03892,2025-06-18,North,Amit,Electronics,Monitor,2,12000,24000,2718
ORD03893,2025-08-11,North,Raj,Furniture,Chair,18,3000,54000,15688
ORD03894,2025-05-24,East,Arun,Electronics,Laptop,5,50000,250000,62651
ORD03895,2025-01-11,East,Riya,Furniture,Table,6,8000,48000,12298
ORD03896,2025-05-07,East,Arun,Furniture,Sofa,1,25000,25000,2585
ORD03897,2025-04-29,East,Arun,Furniture,Chair,5,3000,15000,2997
ORD03898,2025-04-06,West,Sneha,Furniture,Table,4,8000,32000,4018
ORD03899,2025-05-28,West,Meena,Electronics,Mobile,2,20000,40000,5198
ORD03900,2025-03-05,East,Suresh,Electronics,Mobile,4,20000,80000,20923
ORD03901,2025-10-28,West,Sneha,Electronics,Monitor,4,12000,48000,10230
ORD03902,2025-07-11,West,Rahul,Electronics,Mobile,14,20000,280000,76116
ORD03903,2025-09-22,North,Vikram,Furniture,Chair,9,3000,27000,6180
ORD03904,2025-09-27,South,Priya,Electronics,Mobile,14,20000,280000,53105
ORD03905,2025-04-29,South,Anita,Furniture,Table,13,8000,104000,16107
ORD03906,2025-05-16,North,Amit,Furniture,Sofa,11,25000,275000,45757
ORD03907,2025-10-09,East,Riya,Electronics,Monitor,5,12000,60000,16039
ORD03908,2025-08-23,West,Sneha,Furniture,Chair,5,3000,15000,2790
ORD03909,2025-05-01,West,Rahul,Furniture,Chair,6,3000,18000,3440
ORD03910,2025-06-14,North,Vikram,Electronics,Mobile,3,20000,60000,6825
ORD03911,2025-03-03,East,Suresh,Furniture,Table,19,8000,152000,31169
ORD03912,2025-02-19,North,Vikram,Electronics,Monitor,18,12000,216000,50361
ORD03913,2025-12-05,East,Arun,Electronics,Mobile,7,20000,140000,32507
ORD03914,2025-06-28,South,Priya,Furniture,Sofa,11,25000,275000,70069
ORD03915,2025-11-15,South,Priya,Furniture,Chair,11,3000,33000,3868
ORD03916,2025-04-23,South,Karthik,Furniture,Chair,9,3000,27000,5743
ORD03917,2025-06-12,East,Suresh,Furniture,Table,19,8000,152000,23862
ORD03918,2025-04-11,North,Amit,Furniture,Chair,1,3000,3000,877
ORD03919,2025-10-07,East,Riya,Furniture,Chair,4,3000,12000,1807
ORD03920,2025-10-27,East,Riya,Electronics,Laptop,18,50000,900000,170312
ORD03921,2025-06-20,West,Sneha,Furniture,Chair,9,3000,27000,5239
ORD03922,2025-09-05,North,Raj,Electronics,Laptop,19,50000,950000,222981
ORD03923,2025-05-13,South,Priya,Furniture,Table,19,8000,152000,42941
ORD03924,2025-06-20,West,Meena,Electronics,Mobile,13,20000,260000,26045
ORD03925,2025-12-06,East,Suresh,Electronics,Mobile,7,20000,140000,18616
ORD03926,2025-01-29,South,Priya,Electronics,Mobile,16,20000,320000,84638
ORD03927,2025-12-01,South,Karthik,Furniture,Chair,8,3000,24000,4015
ORD03928,2025-11-07,North,Raj,Furniture,Sofa,2,25000,50000,5358
ORD03929,2025-11-18,East,Arun,Electronics,Laptop,10,50000,500000,52641
ORD03930,2025-09-07,South,Karthik,Electronics,Monitor,11,12000,132000,13286
ORD03931,2025-06-27,West,Rahul,Electronics,Mobile,13,20000,260000,51688
ORD03932,2025-05-27,East,Suresh,Furniture,Sofa,17,25000,425000,91672
ORD03933,2025-04-10,North,Amit,Furniture,Sofa,20,25000,500000,140620
ORD03934,2025-06-29,East,Arun,Furniture,Sofa,9,25000,225000,25511
ORD03935,2025-08-01,East,Suresh,Electronics,Mobile,1,20000,20000,2631
ORD03936,2025-06-15,West,Rahul,Furniture,Sofa,1,25000,25000,3038
ORD03937,2025-11-02,South,Karthik,Furniture,Sofa,15,25000,375000,50217
ORD03938,2025-05-29,East,Arun,Electronics,Laptop,8,50000,400000,98046
ORD03939,2025-11-19,North,Raj,Furniture,Table,12,8000,96000,10676
ORD03940,2025-09-28,North,Vikram,Electronics,Monitor,4,12000,48000,13074
ORD03941,2025-12-20,South,Karthik,Electronics,Mobile,9,20000,180000,48952
ORD03942,2025-04-15,South,Anita,Furniture,Table,11,8000,88000,25467
ORD03943,2025-12-15,North,Raj,Furniture,Chair,3,3000,9000,992
ORD03944,2025-11-12,West,Rahul,Electronics,Mobile,17,20000,340000,93505
ORD03945,2025-12-15,North,Raj,Furniture,Chair,6,3000,18000,2307
ORD03946,2025-09-14,North,Amit,Electronics,Monitor,16,12000,192000,20581
ORD03947,2025-05-25,South,Karthik,Furniture,Sofa,18,25000,450000,134991
ORD03948,2025-03-18,East,Riya,Electronics,Mobile,4,20000,80000,14024
ORD03949,2025-11-16,South,Priya,Furniture,Chair,3,3000,9000,2224
ORD03950,2025-04-09,West,Sneha,Electronics,Laptop,4,50000,200000,37764
ORD03951,2025-08-13,East,Riya,Electronics,Monitor,4,12000,48000,11909
ORD03952,2025-05-24,South,Anita,Electronics,Mobile,4,20000,80000,19988
ORD03953,2025-01-18,North,Vikram,Electronics,Laptop,14,50000,700000,144272
ORD03954,2025-12-05,North,Raj,Electronics,Monitor,7,12000,84000,11276
ORD03955,2025-10-31,South,Karthik,Furniture,Chair,10,3000,30000,6802
ORD03956,2025-05-09,West,Meena,Electronics,Mobile,6,20000,120000,19836
ORD03957,2025-03-14,East,Suresh,Furniture,Chair,1,3000,3000,338
ORD03958,2025-06-04,North,Raj,Furniture,Sofa,6,25000,150000,15443
ORD03959,2025-12-15,North,Raj,Furniture,Table,15,8000,120000,31752
ORD03960,2025-02-21,North,Vikram,Electronics,Monitor,19,12000,228000,38797
ORD03961,2025-03-25,East,Riya,Furniture,Chair,20,3000,60000,9599
ORD03962,2025-06-22,North,Vikram,Electronics,Monitor,13,12000,156000,30463
ORD03963,2025-05-07,West,Rahul,Furniture,Sofa,15,25000,375000,109752
ORD03964,2025-06-04,South,Anita,Furniture,Chair,12,3000,36000,4231
ORD03965,2025-05-08,South,Priya,Furniture,Sofa,12,25000,300000,57363
ORD03966,2025-10-04,North,Raj,Electronics,Laptop,9,50000,450000,63590
ORD03967,2025-01-23,North,Raj,Electronics,Laptop,10,50000,500000,81157
ORD03968,2025-08-27,North,Raj,Furniture,Sofa,13,25000,325000,94118
ORD03969,2025-03-24,East,Arun,Furniture,Sofa,3,25000,75000,13741
ORD03970,2025-03-24,North,Amit,Electronics,Laptop,13,50000,650000,147936
ORD03971,2025-12-22,West,Rahul,Electronics,Monitor,1,12000,12000,2561
ORD03972,2025-12-10,East,Riya,Electronics,Laptop,11,50000,550000,101037
ORD03973,2025-01-16,North,Vikram,Furniture,Table,5,8000,40000,10162
ORD03974,2025-04-18,South,Karthik,Furniture,Sofa,6,25000,150000,36222
ORD03975,2025-12-06,East,Arun,Electronics,Laptop,12,50000,600000,115163
ORD03976,2025-03-20,East,Suresh,Furniture,Table,11,8000,88000,26188
ORD03977,2025-10-27,South,Karthik,Furniture,Sofa,9,25000,225000,63825
ORD03978,2025-01-31,South,Priya,Furniture,Chair,6,3000,18000,2498
ORD03979,2025-07-08,South,Karthik,Electronics,Laptop,3,50000,150000,25004
ORD03980,2025-08-27,South,Priya,Electronics,Laptop,7,50000,350000,37098
ORD03981,2025-07-27,South,Karthik,Furniture,Sofa,18,25000,450000,47419
ORD03982,2025-07-12,East,Suresh,Furniture,Sofa,18,25000,450000,62978
ORD03983,2025-09-09,West,Rahul,Furniture,Table,11,8000,88000,20666
ORD03984,2025-06-26,South,Priya,Furniture,Sofa,5,25000,125000,30353
ORD03985,2025-08-23,North,Raj,Electronics,Monitor,20,12000,240000,43688
ORD03986,2025-07-14,West,Rahul,Electronics,Monitor,12,12000,144000,29508
ORD03987,2025-05-29,East,Arun,Electronics,Monitor,2,12000,24000,3066
ORD03988,2025-09-11,South,Priya,Electronics,Mobile,2,20000,40000,5320
ORD03989,2025-02-25,East,Riya,Furniture,Chair,17,3000,51000,11046
ORD03990,2025-04-29,South,Anita,Electronics,Monitor,12,12000,144000,23797
ORD03991,2025-12-30,North,Vikram,Furniture,Sofa,17,25000,425000,77282
ORD03992,2025-07-13,West,Meena,Electronics,Laptop,16,50000,800000,223713
ORD03993,2025-09-06,East,Arun,Furniture,Chair,7,3000,21000,5257
ORD03994,2025-08-19,South,Karthik,Furniture,Sofa,13,25000,325000,57958
ORD03995,2025-03-10,North,Raj,Electronics,Mobile,13,20000,260000,54236
ORD03996,2025-08-08,North,Vikram,Electronics,Laptop,17,50000,850000,229269
ORD03997,2025-04-22,East,Suresh,Electronics,Mobile,2,20000,40000,8123
ORD03998,2025-10-30,North,Raj,Furniture,Chair,17,3000,51000,5691
ORD03999,2025-04-30,West,Sneha,Furniture,Sofa,3,25000,75000,14576
ORD04000,2025-04-20,East,Arun,Furniture,Table,3,8000,24000,2508
ORD04001,2025-11-22,South,Anita,Electronics,Laptop,5,50000,250000,55439
ORD04002,2025-02-15,West,Meena,Electronics,Monitor,8,12000,96000,20621
ORD04003,2025-02-27,West,Sneha,Furniture,Table,1,8000,8000,2220
ORD04004,2025-01-11,East,Riya,Electronics,Monitor,15,12000,180000,35660
ORD04005,2025-09-25,East,Arun,Furniture,Table,10,8000,80000,15104
ORD04006,2025-05-19,North,Amit,Electronics,Mobile,8,20000,160000,29403
ORD04007,2025-07-13,South,Karthik,Electronics,Monitor,19,12000,228000,66959
ORD04008,2025-08-12,South,Anita,Furniture,Sofa,3,25000,75000,22222
ORD04009,2025-10-11,West,Rahul,Electronics,Laptop,6,50000,300000,86431
ORD04010,2025-07-18,North,Amit,Electronics,Monitor,2,12000,24000,6208
ORD04011,2025-11-02,South,Priya,Electronics,Laptop,9,50000,450000,128177
ORD04012,2025-07-29,West,Meena,Furniture,Sofa,20,25000,500000,58892
ORD04013,2025-02-22,West,Rahul,Furniture,Sofa,12,25000,300000,53498
ORD04014,2025-09-07,North,Vikram,Electronics,Monitor,8,12000,96000,21495
ORD04015,2025-09-03,West,Sneha,Furniture,Chair,1,3000,3000,577
ORD04016,2025-07-29,South,Karthik,Electronics,Laptop,12,50000,600000,162762
ORD04017,2025-01-03,South,Karthik,Furniture,Sofa,15,25000,375000,109955
ORD04018,2025-03-31,East,Riya,Furniture,Sofa,19,25000,475000,97908
ORD04019,2025-01-21,South,Karthik,Electronics,Mobile,7,20000,140000,21779
ORD04020,2025-03-15,North,Raj,Furniture,Sofa,12,25000,300000,31111
ORD04021,2025-04-24,West,Meena,Electronics,Mobile,3,20000,60000,10659
ORD04022,2025-10-16,South,Anita,Electronics,Mobile,8,20000,160000,28154
ORD04023,2025-01-20,West,Sneha,Electronics,Mobile,11,20000,220000,47530
ORD04024,2025-11-10,East,Suresh,Furniture,Sofa,4,25000,100000,16567
ORD04025,2025-03-07,South,Priya,Furniture,Sofa,12,25000,300000,31020
ORD04026,2025-05-18,North,Raj,Electronics,Mobile,3,20000,60000,15321
ORD04027,2025-10-07,South,Priya,Electronics,Monitor,15,12000,180000,47968
ORD04028,2025-09-08,North,Amit,Furniture,Table,19,8000,152000,27487
ORD04029,2025-02-28,West,Rahul,Furniture,Table,18,8000,144000,42203
ORD04030,2025-10-16,North,Amit,Electronics,Mobile,18,20000,360000,51879
ORD04031,2025-11-11,East,Suresh,Electronics,Monitor,18,12000,216000,34918
ORD04032,2025-06-10,South,Karthik,Furniture,Table,6,8000,48000,13128
ORD04033,2025-05-04,East,Riya,Furniture,Sofa,4,25000,100000,26563
ORD04034,2025-03-02,South,Priya,Electronics,Laptop,16,50000,800000,100616
ORD04035,2025-01-29,North,Raj,Furniture,Table,12,8000,96000,19569
ORD04036,2025-03-23,East,Riya,Electronics,Mobile,3,20000,60000,14483
ORD04037,2025-03-19,South,Anita,Furniture,Table,16,8000,128000,31075
ORD04038,2025-08-25,West,Sneha,Furniture,Sofa,17,25000,425000,121395
ORD04039,2025-10-18,North,Amit,Furniture,Sofa,15,25000,375000,100511
ORD04040,2025-10-06,East,Riya,Electronics,Laptop,7,50000,350000,95825
ORD04041,2025-12-08,North,Vikram,Electronics,Monitor,3,12000,36000,7321
ORD04042,2025-03-13,West,Rahul,Electronics,Mobile,4,20000,80000,10383
ORD04043,2025-05-13,North,Amit,Electronics,Monitor,1,12000,12000,3392
ORD04044,2025-04-17,North,Raj,Electronics,Mobile,11,20000,220000,49395
ORD04045,2025-01-16,South,Karthik,Furniture,Chair,19,3000,57000,15701
ORD04046,2025-10-08,East,Arun,Furniture,Chair,15,3000,45000,4879
ORD04047,2025-07-19,West,Rahul,Electronics,Laptop,16,50000,800000,190318
ORD04048,2025-08-09,South,Karthik,Furniture,Sofa,15,25000,375000,51063
ORD04049,2025-07-31,East,Arun,Furniture,Sofa,2,25000,50000,13420
ORD04050,2025-05-14,South,Anita,Electronics,Laptop,11,50000,550000,64598
ORD04051,2025-08-20,West,Sneha,Furniture,Sofa,7,25000,175000,18229
ORD04052,2025-12-21,West,Meena,Furniture,Chair,6,3000,18000,4041
ORD04053,2025-10-19,West,Sneha,Electronics,Monitor,15,12000,180000,32736
ORD04054,2025-08-27,North,Raj,Electronics,Mobile,20,20000,400000,91488
ORD04055,2025-09-19,North,Vikram,Furniture,Chair,8,3000,24000,5512
ORD04056,2025-12-17,South,Karthik,Electronics,Monitor,6,12000,72000,12940
ORD04057,2025-06-13,North,Amit,Furniture,Sofa,14,25000,350000,67024
ORD04058,2025-11-28,South,Anita,Furniture,Table,6,8000,48000,12280
ORD04059,2025-07-31,South,Anita,Electronics,Laptop,20,50000,1000000,223259
ORD04060,2025-10-16,North,Raj,Furniture,Sofa,4,25000,100000,17139
ORD04061,2025-08-01,East,Suresh,Furniture,Sofa,14,25000,350000,78721
ORD04062,2025-05-13,East,Arun,Furniture,Table,9,8000,72000,16381
ORD04063,2025-04-23,East,Arun,Furniture,Table,2,8000,16000,4612
ORD04064,2025-12-28,East,Arun,Furniture,Sofa,1,25000,25000,5390
ORD04065,2025-08-16,East,Riya,Furniture,Table,5,8000,40000,8696
ORD04066,2025-12-11,South,Priya,Furniture,Chair,3,3000,9000,1186
ORD04067,2025-10-19,East,Suresh,Furniture,Chair,5,3000,15000,3169
ORD04068,2025-06-23,South,Priya,Electronics,Laptop,17,50000,850000,179753
ORD04069,2025-05-10,East,Suresh,Furniture,Table,7,8000,56000,12243
ORD04070,2025-12-01,South,Priya,Furniture,Table,10,8000,80000,23579
ORD04071,2025-03-11,South,Karthik,Furniture,Sofa,5,25000,125000,32022
ORD04072,2025-10-13,East,Arun,Furniture,Sofa,18,25000,450000,70963
ORD04073,2025-10-31,South,Karthik,Furniture,Table,14,8000,112000,14117
ORD04074,2025-09-04,East,Suresh,Electronics,Laptop,13,50000,650000,119034
ORD04075,2025-09-28,South,Anita,Electronics,Laptop,19,50000,950000,121238
ORD04076,2025-04-28,South,Karthik,Electronics,Monitor,17,12000,204000,60746
ORD04077,2025-12-03,West,Meena,Electronics,Laptop,11,50000,550000,138071
ORD04078,2025-12-17,East,Riya,Electronics,Monitor,8,12000,96000,11663
ORD04079,2025-03-14,North,Amit,Furniture,Sofa,8,25000,200000,52252
ORD04080,2025-06-10,North,Amit,Furniture,Sofa,16,25000,400000,86730
ORD04081,2025-12-04,West,Sneha,Furniture,Table,18,8000,144000,21414
ORD04082,2025-12-26,South,Anita,Furniture,Chair,20,3000,60000,15922
ORD04083,2025-03-22,West,Rahul,Electronics,Laptop,3,50000,150000,32647
ORD04084,2025-05-18,North,Raj,Furniture,Table,20,8000,160000,47422
ORD04085,2025-11-04,East,Suresh,Furniture,Chair,16,3000,48000,11945
ORD04086,2025-02-25,East,Riya,Furniture,Table,9,8000,72000,12123
ORD04087,2025-07-07,North,Raj,Electronics,Monitor,7,12000,84000,24942
ORD04088,2025-08-07,East,Arun,Furniture,Chair,2,3000,6000,855
ORD04089,2025-08-07,North,Amit,Furniture,Chair,5,3000,15000,1504
ORD04090,2025-09-16,South,Priya,Electronics,Mobile,1,20000,20000,2526
ORD04091,2025-03-26,North,Amit,Electronics,Mobile,2,20000,40000,6069
ORD04092,2025-06-18,South,Anita,Furniture,Chair,17,3000,51000,6415
ORD04093,2025-02-24,West,Meena,Electronics,Monitor,14,12000,168000,46947
ORD04094,2025-07-29,East,Suresh,Electronics,Laptop,9,50000,450000,62956
ORD04095,2025-01-18,North,Raj,Electronics,Mobile,16,20000,320000,33952
ORD04096,2025-01-15,South,Priya,Electronics,Monitor,8,12000,96000,17388
ORD04097,2025-08-10,West,Sneha,Furniture,Chair,8,3000,24000,5292
ORD04098,2025-05-26,North,Raj,Electronics,Monitor,7,12000,84000,13635
ORD04099,2025-03-27,East,Suresh,Electronics,Mobile,7,20000,140000,27732
ORD04100,2025-03-09,North,Amit,Electronics,Laptop,19,50000,950000,151504
ORD04101,2025-09-10,East,Riya,Electronics,Laptop,11,50000,550000,162159
ORD04102,2025-12-16,North,Amit,Furniture,Chair,19,3000,57000,13716
ORD04103,2025-10-05,West,Sneha,Electronics,Monitor,20,12000,240000,58715
ORD04104,2025-03-26,South,Anita,Electronics,Laptop,5,50000,250000,31571
ORD04105,2025-10-13,East,Suresh,Electronics,Mobile,15,20000,300000,53770
ORD04106,2025-09-14,South,Anita,Electronics,Laptop,15,50000,750000,192042
ORD04107,2025-02-07,East,Suresh,Electronics,Monitor,4,12000,48000,6557
ORD04108,2025-11-19,West,Rahul,Furniture,Table,6,8000,48000,10612
ORD04109,2025-07-03,North,Vikram,Furniture,Chair,13,3000,39000,10510
ORD04110,2025-02-18,West,Meena,Electronics,Laptop,7,50000,350000,94027
ORD04111,2025-04-27,South,Karthik,Furniture,Table,6,8000,48000,6098
ORD04112,2025-08-18,North,Amit,Electronics,Monitor,8,12000,96000,27711
ORD04113,2025-11-26,South,Anita,Electronics,Mobile,13,20000,260000,64508
ORD04114,2025-06-12,East,Riya,Furniture,Chair,14,3000,42000,10046
ORD04115,2025-01-29,South,Karthik,Electronics,Monitor,11,12000,132000,15170
ORD04116,2025-02-12,North,Vikram,Electronics,Laptop,8,50000,400000,42147
ORD04117,2025-06-26,North,Vikram,Electronics,Laptop,1,50000,50000,10728
ORD04118,2025-04-13,East,Riya,Furniture,Sofa,15,25000,375000,40891
ORD04119,2025-05-22,South,Anita,Furniture,Table,2,8000,16000,3668
ORD04120,2025-05-04,East,Arun,Electronics,Mobile,1,20000,20000,4488
ORD04121,2025-09-29,East,Arun,Furniture,Chair,12,3000,36000,9708
ORD04122,2025-09-18,East,Arun,Furniture,Table,12,8000,96000,17224
ORD04123,2025-04-13,North,Amit,Electronics,Mobile,2,20000,40000,5261
ORD04124,2025-10-12,East,Suresh,Furniture,Sofa,20,25000,500000,103794
ORD04125,2025-05-28,West,Sneha,Furniture,Sofa,20,25000,500000,58772
ORD04126,2025-06-24,South,Karthik,Electronics,Mobile,1,20000,20000,5344
ORD04127,2025-12-24,East,Riya,Furniture,Sofa,18,25000,450000,74479
ORD04128,2025-01-23,East,Suresh,Electronics,Mobile,12,20000,240000,34196
ORD04129,2025-11-10,North,Amit,Electronics,Mobile,18,20000,360000,65531
ORD04130,2025-07-17,East,Arun,Electronics,Laptop,10,50000,500000,100357
ORD04131,2025-11-15,East,Suresh,Electronics,Monitor,4,12000,48000,13059
ORD04132,2025-02-03,North,Amit,Electronics,Monitor,9,12000,108000,13314
ORD04133,2025-05-16,North,Amit,Electronics,Laptop,19,50000,950000,123333
ORD04134,2025-05-26,North,Raj,Furniture,Table,13,8000,104000,26662
ORD04135,2025-03-01,North,Raj,Electronics,Mobile,2,20000,40000,8802
ORD04136,2025-04-08,West,Rahul,Electronics,Mobile,1,20000,20000,3346
ORD04137,2025-08-13,North,Vikram,Furniture,Sofa,11,25000,275000,81131
ORD04138,2025-11-14,West,Meena,Electronics,Laptop,13,50000,650000,126264
ORD04139,2025-01-21,North,Vikram,Electronics,Mobile,9,20000,180000,27456
ORD04140,2025-07-30,North,Vikram,Furniture,Sofa,9,25000,225000,51105
ORD04141,2025-06-29,East,Suresh,Electronics,Mobile,4,20000,80000,23225
ORD04142,2025-01-08,South,Karthik,Electronics,Monitor,5,12000,60000,13592
ORD04143,2025-10-11,West,Meena,Electronics,Laptop,12,50000,600000,71926
ORD04144,2025-08-21,South,Priya,Electronics,Monitor,15,12000,180000,43211
ORD04145,2025-08-30,North,Amit,Electronics,Laptop,17,50000,850000,103567
ORD04146,2025-03-21,South,Priya,Electronics,Laptop,5,50000,250000,45129
ORD04147,2025-07-27,West,Sneha,Electronics,Laptop,6,50000,300000,85453
ORD04148,2025-09-23,North,Vikram,Furniture,Table,16,8000,128000,26504
ORD04149,2025-02-17,West,Sneha,Electronics,Laptop,12,50000,600000,83907
ORD04150,2025-01-06,East,Suresh,Furniture,Chair,8,3000,24000,4990
ORD04151,2025-05-18,East,Suresh,Furniture,Sofa,4,25000,100000,14369
ORD04152,2025-07-10,East,Riya,Electronics,Monitor,11,12000,132000,34682
ORD04153,2025-04-10,West,Rahul,Electronics,Laptop,9,50000,450000,121017
ORD04154,2025-04-26,North,Raj,Furniture,Table,18,8000,144000,20202
ORD04155,2025-04-06,East,Suresh,Furniture,Chair,13,3000,39000,6257
ORD04156,2025-08-23,East,Riya,Electronics,Mobile,18,20000,360000,98296
ORD04157,2025-11-10,West,Meena,Furniture,Chair,19,3000,57000,12669
ORD04158,2025-05-07,East,Arun,Furniture,Table,9,8000,72000,19167
ORD04159,2025-06-19,West,Sneha,Electronics,Monitor,8,12000,96000,24519
ORD04160,2025-02-12,East,Suresh,Electronics,Laptop,8,50000,400000,49348
ORD04161,2025-01-01,North,Amit,Furniture,Table,2,8000,16000,3884
ORD04162,2025-07-27,North,Vikram,Electronics,Monitor,16,12000,192000,50585
ORD04163,2025-05-09,North,Raj,Electronics,Mobile,11,20000,220000,56034
ORD04164,2025-10-24,North,Amit,Furniture,Table,5,8000,40000,5776
ORD04165,2025-11-23,North,Amit,Electronics,Mobile,2,20000,40000,7904
ORD04166,2025-08-23,West,Rahul,Furniture,Table,18,8000,144000,42390
ORD04167,2025-05-30,East,Riya,Electronics,Mobile,6,20000,120000,16211
ORD04168,2025-01-05,East,Riya,Electronics,Laptop,20,50000,1000000,286464
ORD04169,2025-08-14,East,Riya,Furniture,Chair,16,3000,48000,7860
ORD04170,2025-06-02,West,Sneha,Furniture,Chair,19,3000,57000,9108
ORD04171,2025-03-09,South,Priya,Electronics,Mobile,15,20000,300000,64224
ORD04172,2025-06-12,South,Priya,Electronics,Monitor,15,12000,180000,32476
ORD04173,2025-08-18,East,Riya,Electronics,Monitor,12,12000,144000,41961
ORD04174,2025-10-02,South,Karthik,Furniture,Table,19,8000,152000,34788
ORD04175,2025-12-17,North,Raj,Furniture,Sofa,10,25000,250000,41680
ORD04176,2025-03-29,West,Sneha,Furniture,Sofa,20,25000,500000,75731
ORD04177,2025-06-30,East,Arun,Electronics,Laptop,14,50000,700000,70632
ORD04178,2025-07-03,East,Suresh,Furniture,Table,5,8000,40000,5434
ORD04179,2025-12-05,West,Meena,Electronics,Laptop,11,50000,550000,101613
ORD04180,2025-11-04,North,Raj,Electronics,Laptop,13,50000,650000,156032
ORD04181,2025-09-16,South,Anita,Electronics,Monitor,16,12000,192000,38609
ORD04182,2025-06-15,East,Riya,Furniture,Chair,13,3000,39000,9758
ORD04183,2025-11-30,North,Vikram,Electronics,Monitor,4,12000,48000,9805
ORD04184,2025-07-22,North,Vikram,Furniture,Sofa,8,25000,200000,45493
ORD04185,2025-07-31,South,Priya,Electronics,Laptop,15,50000,750000,105345
ORD04186,2025-04-24,South,Priya,Electronics,Laptop,6,50000,300000,59757
ORD04187,2025-04-10,West,Rahul,Electronics,Monitor,8,12000,96000,26020
ORD04188,2025-09-22,East,Suresh,Electronics,Monitor,1,12000,12000,2505
ORD04189,2025-03-10,North,Amit,Electronics,Monitor,9,12000,108000,22752
ORD04190,2025-08-10,South,Anita,Furniture,Sofa,16,25000,400000,46737
ORD04191,2025-10-16,West,Sneha,Electronics,Laptop,2,50000,100000,26211
ORD04192,2025-01-27,North,Amit,Electronics,Mobile,19,20000,380000,100919
ORD04193,2025-03-29,North,Vikram,Furniture,Table,12,8000,96000,15858
ORD04194,2025-07-26,East,Suresh,Electronics,Monitor,12,12000,144000,16312
ORD04195,2025-10-14,East,Arun,Furniture,Chair,8,3000,24000,5383
ORD04196,2025-08-13,West,Sneha,Electronics,Monitor,11,12000,132000,37311
ORD04197,2025-12-01,West,Rahul,Electronics,Mobile,7,20000,140000,28661
ORD04198,2025-09-14,North,Amit,Furniture,Table,2,8000,16000,1998
ORD04199,2025-12-28,South,Anita,Electronics,Mobile,4,20000,80000,10362
ORD04200,2025-06-08,South,Karthik,Furniture,Table,3,8000,24000,2875
ORD04201,2025-11-23,West,Rahul,Furniture,Table,17,8000,136000,27341
ORD04202,2025-08-17,South,Karthik,Furniture,Chair,12,3000,36000,10678
ORD04203,2025-11-13,West,Meena,Electronics,Mobile,17,20000,340000,37497
ORD04204,2025-07-09,North,Vikram,Electronics,Mobile,6,20000,120000,25701
ORD04205,2025-06-26,North,Amit,Electronics,Mobile,12,20000,240000,63926
ORD04206,2025-12-26,South,Anita,Electronics,Laptop,17,50000,850000,204135
ORD04207,2025-10-22,East,Suresh,Electronics,Laptop,19,50000,950000,227979
ORD04208,2025-06-22,North,Raj,Electronics,Laptop,13,50000,650000,183549
ORD04209,2025-03-10,East,Arun,Electronics,Monitor,10,12000,120000,14455
ORD04210,2025-04-15,South,Karthik,Electronics,Mobile,20,20000,400000,88255
ORD04211,2025-08-18,North,Raj,Furniture,Table,19,8000,152000,20842
ORD04212,2025-08-12,South,Priya,Electronics,Mobile,20,20000,400000,114712
ORD04213,2025-11-20,North,Raj,Electronics,Laptop,4,50000,200000,23675
ORD04214,2025-03-30,West,Sneha,Furniture,Table,12,8000,96000,11177
ORD04215,2025-02-14,West,Sneha,Furniture,Table,14,8000,112000,26625
ORD04216,2025-04-13,West,Meena,Electronics,Laptop,12,50000,600000,96930
ORD04217,2025-08-01,North,Amit,Electronics,Monitor,2,12000,24000,6590
ORD04218,2025-08-15,East,Riya,Furniture,Sofa,4,25000,100000,29281
ORD04219,2025-04-04,East,Riya,Furniture,Sofa,18,25000,450000,130536
ORD04220,2025-05-12,South,Anita,Furniture,Chair,16,3000,48000,13879
ORD04221,2025-02-12,West,Meena,Electronics,Laptop,12,50000,600000,135597
ORD04222,2025-11-30,North,Vikram,Electronics,Monitor,7,12000,84000,15310
ORD04223,2025-10-04,North,Amit,Electronics,Laptop,6,50000,300000,71545
ORD04224,2025-10-24,South,Priya,Electronics,Mobile,8,20000,160000,47432
ORD04225,2025-03-17,East,Suresh,Furniture,Sofa,13,25000,325000,72378
ORD04226,2025-06-30,South,Priya,Electronics,Mobile,11,20000,220000,29973
ORD04227,2025-01-03,South,Priya,Furniture,Chair,3,3000,9000,1888
ORD04228,2025-05-06,South,Priya,Furniture,Chair,15,3000,45000,8691
ORD04229,2025-09-17,North,Amit,Furniture,Table,18,8000,144000,34783
ORD04230,2025-07-29,North,Raj,Electronics,Mobile,2,20000,40000,4279
ORD04231,2025-02-17,South,Anita,Furniture,Chair,6,3000,18000,4832
ORD04232,2025-12-29,East,Arun,Furniture,Chair,15,3000,45000,7704
ORD04233,2025-04-21,South,Priya,Furniture,Chair,20,3000,60000,8200
ORD04234,2025-07-24,South,Priya,Furniture,Chair,5,3000,15000,4092
ORD04235,2025-03-06,East,Suresh,Electronics,Laptop,16,50000,800000,187264
ORD04236,2025-05-25,North,Amit,Electronics,Monitor,1,12000,12000,1844
ORD04237,2025-10-28,North,Vikram,Furniture,Table,16,8000,128000,24405
ORD04238,2025-11-07,South,Priya,Furniture,Table,10,8000,80000,17163
ORD04239,2025-04-08,East,Riya,Electronics,Monitor,18,12000,216000,24939
ORD04240,2025-05-16,North,Raj,Electronics,Laptop,7,50000,350000,75685
ORD04241,2025-02-04,West,Rahul,Electronics,Laptop,9,50000,450000,67050
ORD04242,2025-12-05,East,Arun,Electronics,Mobile,10,20000,200000,47543
ORD04243,2025-10-05,North,Raj,Furniture,Chair,14,3000,42000,7156
ORD04244,2025-04-10,South,Priya,Electronics,Laptop,15,50000,750000,112166
ORD04245,2025-04-08,East,Arun,Furniture,Table,12,8000,96000,14971
ORD04246,2025-10-04,West,Meena,Electronics,Mobile,15,20000,300000,47157
ORD04247,2025-10-15,East,Riya,Furniture,Chair,15,3000,45000,6203
ORD04248,2025-09-21,South,Karthik,Furniture,Table,15,8000,120000,29509
ORD04249,2025-12-10,West,Rahul,Furniture,Chair,9,3000,27000,5967
ORD04250,2025-01-31,South,Karthik,Electronics,Laptop,1,50000,50000,10534
ORD04251,2025-10-02,South,Anita,Electronics,Monitor,20,12000,240000,68018
ORD04252,2025-08-17,East,Arun,Electronics,Mobile,18,20000,360000,88862
ORD04253,2025-02-26,East,Arun,Electronics,Monitor,16,12000,192000,24863
ORD04254,2025-12-05,South,Karthik,Furniture,Table,3,8000,24000,6472
ORD04255,2025-03-24,North,Vikram,Electronics,Monitor,5,12000,60000,9926
ORD04256,2025-10-10,South,Priya,Furniture,Chair,11,3000,33000,6144
ORD04257,2025-06-05,East,Riya,Electronics,Monitor,16,12000,192000,48762
ORD04258,2025-06-06,East,Suresh,Furniture,Sofa,4,25000,100000,27140
ORD04259,2025-09-18,East,Arun,Electronics,Mobile,11,20000,220000,25594
ORD04260,2025-11-02,West,Rahul,Furniture,Table,5,8000,40000,11705
ORD04261,2025-04-20,West,Rahul,Electronics,Laptop,7,50000,350000,104563
ORD04262,2025-12-11,South,Karthik,Electronics,Laptop,10,50000,500000,134089
ORD04263,2025-05-27,East,Suresh,Furniture,Table,17,8000,136000,34086
ORD04264,2025-02-25,North,Raj,Electronics,Laptop,5,50000,250000,38536
ORD04265,2025-02-09,East,Riya,Electronics,Laptop,10,50000,500000,146909
ORD04266,2025-02-05,North,Amit,Electronics,Laptop,16,50000,800000,160700
ORD04267,2025-06-16,North,Raj,Furniture,Chair,5,3000,15000,3619
ORD04268,2025-10-18,East,Suresh,Furniture,Chair,10,3000,30000,8838
ORD04269,2025-08-09,East,Riya,Furniture,Sofa,9,25000,225000,48505
ORD04270,2025-06-02,North,Raj,Furniture,Chair,10,3000,30000,7589
ORD04271,2025-02-26,South,Priya,Electronics,Monitor,9,12000,108000,31223
ORD04272,2025-12-22,North,Amit,Furniture,Chair,2,3000,6000,1778
ORD04273,2025-03-25,East,Arun,Electronics,Monitor,12,12000,144000,27066
ORD04274,2025-03-27,South,Karthik,Furniture,Chair,20,3000,60000,9825
ORD04275,2025-11-06,East,Arun,Electronics,Mobile,3,20000,60000,7567
ORD04276,2025-03-29,East,Arun,Furniture,Chair,2,3000,6000,808
ORD04277,2025-12-15,West,Rahul,Electronics,Monitor,11,12000,132000,16807
ORD04278,2025-03-20,South,Karthik,Electronics,Mobile,16,20000,320000,55767
ORD04279,2025-06-09,South,Anita,Electronics,Mobile,7,20000,140000,16555
ORD04280,2025-06-04,South,Karthik,Electronics,Laptop,12,50000,600000,113383
ORD04281,2025-01-05,West,Meena,Furniture,Sofa,5,25000,125000,23480
ORD04282,2025-02-12,North,Vikram,Furniture,Chair,4,3000,12000,2374
ORD04283,2025-01-11,East,Suresh,Furniture,Chair,5,3000,15000,4080
ORD04284,2025-07-08,North,Raj,Electronics,Mobile,11,20000,220000,43948
ORD04285,2025-11-27,North,Raj,Electronics,Monitor,12,12000,144000,23986
ORD04286,2025-07-03,South,Anita,Furniture,Chair,5,3000,15000,3887
ORD04287,2025-04-12,North,Amit,Furniture,Chair,14,3000,42000,6896
ORD04288,2025-11-19,West,Meena,Electronics,Laptop,1,50000,50000,9981
ORD04289,2025-04-14,East,Arun,Furniture,Chair,13,3000,39000,8935
ORD04290,2025-09-21,West,Meena,Electronics,Monitor,9,12000,108000,31432
ORD04291,2025-12-27,West,Rahul,Electronics,Laptop,11,50000,550000,136175
ORD04292,2025-09-17,West,Sneha,Electronics,Mobile,7,20000,140000,18918
ORD04293,2025-08-22,South,Priya,Electronics,Laptop,8,50000,400000,96933
ORD04294,2025-01-30,East,Riya,Electronics,Mobile,9,20000,180000,41811
ORD04295,2025-08-11,South,Anita,Furniture,Sofa,3,25000,75000,17250
ORD04296,2025-02-24,East,Arun,Electronics,Laptop,8,50000,400000,113329
ORD04297,2025-02-02,North,Vikram,Electronics,Mobile,4,20000,80000,15620
ORD04298,2025-06-14,West,Sneha,Furniture,Table,2,8000,16000,2177
ORD04299,2025-03-04,North,Amit,Electronics,Laptop,20,50000,1000000,155421
ORD04300,2025-07-29,West,Rahul,Electronics,Laptop,16,50000,800000,143684
ORD04301,2025-01-28,East,Suresh,Furniture,Chair,15,3000,45000,8504
ORD04302,2025-03-07,East,Suresh,Furniture,Sofa,8,25000,200000,25550
ORD04303,2025-09-03,East,Riya,Electronics,Mobile,12,20000,240000,38628
ORD04304,2025-12-03,South,Priya,Electronics,Monitor,10,12000,120000,26703
ORD04305,2025-12-06,South,Karthik,Electronics,Laptop,14,50000,700000,112270
ORD04306,2025-03-15,West,Rahul,Electronics,Mobile,10,20000,200000,44225
ORD04307,2025-06-29,South,Priya,Furniture,Chair,20,3000,60000,16009
ORD04308,2025-10-10,West,Meena,Electronics,Mobile,20,20000,400000,110671
ORD04309,2025-11-02,West,Rahul,Electronics,Mobile,16,20000,320000,55878
ORD04310,2025-01-21,East,Arun,Electronics,Mobile,15,20000,300000,48731
ORD04311,2025-10-31,West,Sneha,Electronics,Laptop,12,50000,600000,122063
ORD04312,2025-05-30,South,Karthik,Furniture,Table,7,8000,56000,11101
ORD04313,2025-07-24,North,Raj,Electronics,Monitor,1,12000,12000,1344
ORD04314,2025-10-20,East,Riya,Furniture,Chair,15,3000,45000,6574
ORD04315,2025-08-28,East,Suresh,Electronics,Monitor,18,12000,216000,47180
ORD04316,2025-12-08,North,Raj,Electronics,Monitor,4,12000,48000,13145
ORD04317,2025-07-13,South,Priya,Furniture,Table,14,8000,112000,18982
ORD04318,2025-11-18,North,Vikram,Electronics,Mobile,8,20000,160000,38777
ORD04319,2025-07-12,East,Suresh,Furniture,Table,7,8000,56000,13494
ORD04320,2025-09-06,West,Meena,Furniture,Table,2,8000,16000,2711
ORD04321,2025-01-11,West,Rahul,Electronics,Mobile,12,20000,240000,57112
ORD04322,2025-01-25,East,Riya,Furniture,Sofa,16,25000,400000,83413
ORD04323,2025-09-10,East,Riya,Electronics,Mobile,8,20000,160000,33820
ORD04324,2025-03-24,North,Vikram,Furniture,Sofa,18,25000,450000,101481
ORD04325,2025-01-23,East,Arun,Electronics,Mobile,5,20000,100000,17134
ORD04326,2025-09-13,West,Rahul,Electronics,Mobile,19,20000,380000,59537
ORD04327,2025-11-18,West,Sneha,Furniture,Sofa,14,25000,350000,96735
ORD04328,2025-12-20,South,Karthik,Electronics,Laptop,8,50000,400000,73852
ORD04329,2025-05-02,East,Riya,Electronics,Monitor,2,12000,24000,5858
ORD04330,2025-06-25,South,Karthik,Electronics,Monitor,5,12000,60000,17530
ORD04331,2025-12-14,North,Vikram,Electronics,Monitor,18,12000,216000,44928
ORD04332,2025-02-11,South,Anita,Electronics,Mobile,14,20000,280000,35114
ORD04333,2025-06-26,East,Riya,Electronics,Laptop,1,50000,50000,7820
ORD04334,2025-06-19,East,Suresh,Electronics,Laptop,2,50000,100000,23430
ORD04335,2025-02-21,South,Karthik,Electronics,Laptop,7,50000,350000,87828
ORD04336,2025-06-19,South,Karthik,Electronics,Mobile,10,20000,200000,43172
ORD04337,2025-08-28,West,Sneha,Electronics,Mobile,3,20000,60000,8189
ORD04338,2025-10-06,West,Rahul,Electronics,Laptop,4,50000,200000,34565
ORD04339,2025-05-17,South,Priya,Furniture,Chair,17,3000,51000,8104
ORD04340,2025-11-22,South,Priya,Electronics,Mobile,4,20000,80000,11542
ORD04341,2025-12-15,West,Sneha,Furniture,Table,9,8000,72000,8133
ORD04342,2025-12-14,West,Rahul,Furniture,Table,11,8000,88000,12718
ORD04343,2025-06-21,South,Karthik,Furniture,Sofa,1,25000,25000,3899
ORD04344,2025-05-23,South,Anita,Electronics,Monitor,14,12000,168000,50081
ORD04345,2025-07-26,East,Suresh,Electronics,Monitor,3,12000,36000,10084
ORD04346,2025-10-15,West,Meena,Furniture,Table,19,8000,152000,39720
ORD04347,2025-08-25,North,Raj,Furniture,Table,16,8000,128000,27238
ORD04348,2025-02-26,North,Amit,Furniture,Chair,10,3000,30000,7773
ORD04349,2025-02-20,West,Rahul,Furniture,Chair,4,3000,12000,2304
ORD04350,2025-07-23,South,Anita,Furniture,Sofa,8,25000,200000,55158
ORD04351,2025-08-14,North,Vikram,Furniture,Table,15,8000,120000,18433
ORD04352,2025-12-08,North,Vikram,Electronics,Monitor,18,12000,216000,35622
ORD04353,2025-09-14,East,Arun,Furniture,Table,5,8000,40000,11677
ORD04354,2025-08-28,South,Priya,Electronics,Mobile,2,20000,40000,4826
ORD04355,2025-02-22,East,Suresh,Electronics,Laptop,5,50000,250000,64509
ORD04356,2025-12-05,East,Riya,Electronics,Laptop,13,50000,650000,153503
ORD04357,2025-02-13,East,Suresh,Furniture,Sofa,5,25000,125000,16659
ORD04358,2025-12-27,North,Vikram,Electronics,Laptop,2,50000,100000,16601
ORD04359,2025-03-29,East,Riya,Furniture,Sofa,6,25000,150000,19005
ORD04360,2025-08-20,East,Suresh,Electronics,Mobile,14,20000,280000,29199
ORD04361,2025-11-11,South,Anita,Electronics,Laptop,4,50000,200000,30632
ORD04362,2025-11-12,East,Suresh,Electronics,Laptop,16,50000,800000,215053
ORD04363,2025-07-01,West,Rahul,Furniture,Chair,6,3000,18000,3313
ORD04364,2025-06-10,East,Arun,Furniture,Sofa,18,25000,450000,55466
ORD04365,2025-11-10,East,Suresh,Furniture,Sofa,4,25000,100000,13402
ORD04366,2025-03-22,North,Raj,Electronics,Mobile,3,20000,60000,7588
ORD04367,2025-05-09,South,Karthik,Electronics,Mobile,11,20000,220000,31920
ORD04368,2025-10-18,East,Arun,Furniture,Sofa,17,25000,425000,92265
ORD04369,2025-12-13,East,Suresh,Electronics,Mobile,6,20000,120000,24167
ORD04370,2025-03-27,East,Arun,Furniture,Sofa,4,25000,100000,15969
ORD04371,2025-11-14,North,Raj,Electronics,Laptop,20,50000,1000000,212484
ORD04372,2025-07-27,South,Priya,Furniture,Sofa,6,25000,150000,42919
ORD04373,2025-12-28,North,Vikram,Electronics,Mobile,20,20000,400000,89714
ORD04374,2025-01-26,East,Arun,Furniture,Table,3,8000,24000,6599
ORD04375,2025-01-26,West,Meena,Electronics,Mobile,8,20000,160000,30468
ORD04376,2025-07-11,West,Rahul,Furniture,Table,14,8000,112000,17073
ORD04377,2025-12-30,East,Riya,Electronics,Mobile,15,20000,300000,67079
ORD04378,2025-10-21,North,Raj,Furniture,Sofa,7,25000,175000,44148
ORD04379,2025-01-03,East,Riya,Electronics,Monitor,16,12000,192000,42578
ORD04380,2025-04-10,East,Suresh,Furniture,Table,16,8000,128000,34478
ORD04381,2025-02-02,North,Vikram,Furniture,Chair,5,3000,15000,2197
ORD04382,2025-03-05,South,Priya,Furniture,Table,7,8000,56000,8146
ORD04383,2025-12-16,East,Suresh,Furniture,Sofa,14,25000,350000,96772
ORD04384,2025-05-15,North,Vikram,Furniture,Sofa,18,25000,450000,118149
ORD04385,2025-05-28,West,Rahul,Electronics,Mobile,13,20000,260000,37671
ORD04386,2025-08-26,East,Suresh,Furniture,Chair,4,3000,12000,2748
ORD04387,2025-03-01,West,Meena,Furniture,Chair,5,3000,15000,2219
ORD04388,2025-11-07,East,Riya,Electronics,Mobile,3,20000,60000,7496
ORD04389,2025-04-01,South,Priya,Electronics,Monitor,11,12000,132000,25068
ORD04390,2025-02-27,West,Rahul,Electronics,Mobile,2,20000,40000,4872
ORD04391,2025-11-22,East,Riya,Furniture,Sofa,1,25000,25000,2512
ORD04392,2025-03-21,East,Riya,Electronics,Laptop,20,50000,1000000,119077
ORD04393,2025-05-28,West,Rahul,Furniture,Sofa,14,25000,350000,75552
ORD04394,2025-02-08,West,Sneha,Furniture,Table,8,8000,64000,9114
ORD04395,2025-01-27,West,Meena,Furniture,Table,8,8000,64000,9092
ORD04396,2025-12-06,West,Rahul,Electronics,Monitor,10,12000,120000,33720
ORD04397,2025-12-13,West,Sneha,Electronics,Monitor,14,12000,168000,35594
ORD04398,2025-11-19,East,Riya,Furniture,Sofa,16,25000,400000,98651
ORD04399,2025-11-23,North,Vikram,Electronics,Mobile,4,20000,80000,16477
ORD04400,2025-03-07,East,Riya,Electronics,Laptop,7,50000,350000,44695
ORD04401,2025-06-03,East,Arun,Electronics,Monitor,11,12000,132000,37131
ORD04402,2025-12-07,East,Arun,Electronics,Monitor,6,12000,72000,11639
ORD04403,2025-04-21,North,Raj,Furniture,Sofa,9,25000,225000,56339
ORD04404,2025-03-25,East,Arun,Furniture,Table,15,8000,120000,12724
ORD04405,2025-10-27,West,Rahul,Furniture,Sofa,16,25000,400000,72791
ORD04406,2025-05-11,South,Priya,Furniture,Table,4,8000,32000,5673
ORD04407,2025-08-09,East,Suresh,Furniture,Table,10,8000,80000,15196
ORD04408,2025-08-10,West,Sneha,Furniture,Chair,5,3000,15000,4265
ORD04409,2025-05-28,East,Arun,Furniture,Sofa,17,25000,425000,116000
ORD04410,2025-12-16,South,Anita,Electronics,Mobile,14,20000,280000,75499
ORD04411,2025-05-26,East,Riya,Furniture,Chair,2,3000,6000,1599
ORD04412,2025-08-21,South,Karthik,Electronics,Monitor,10,12000,120000,19243
ORD04413,2025-01-06,South,Priya,Electronics,Laptop,6,50000,300000,66661
ORD04414,2025-04-26,North,Amit,Furniture,Chair,19,3000,57000,5869
ORD04415,2025-10-19,West,Rahul,Furniture,Table,6,8000,48000,4915
ORD04416,2025-05-29,East,Riya,Electronics,Monitor,3,12000,36000,6031
ORD04417,2025-08-23,West,Meena,Electronics,Mobile,20,20000,400000,82636
ORD04418,2025-10-21,West,Sneha,Furniture,Chair,16,3000,48000,5940
ORD04419,2025-03-21,East,Suresh,Electronics,Mobile,16,20000,320000,37527
ORD04420,2025-05-16,North,Vikram,Furniture,Sofa,16,25000,400000,42132
ORD04421,2025-11-25,West,Rahul,Furniture,Sofa,14,25000,350000,93558
ORD04422,2025-12-29,East,Suresh,Furniture,Sofa,8,25000,200000,27662
ORD04423,2025-12-24,North,Amit,Electronics,Monitor,2,12000,24000,4114
ORD04424,2025-08-15,West,Sneha,Electronics,Laptop,16,50000,800000,194503
ORD04425,2025-01-13,West,Meena,Electronics,Monitor,8,12000,96000,12804
ORD04426,2025-08-12,North,Amit,Electronics,Monitor,15,12000,180000,50009
ORD04427,2025-05-28,South,Priya,Furniture,Chair,3,3000,9000,2004
ORD04428,2025-07-26,South,Anita,Electronics,Mobile,2,20000,40000,5814
ORD04429,2025-09-12,North,Amit,Furniture,Sofa,7,25000,175000,48474
ORD04430,2025-09-26,East,Suresh,Furniture,Sofa,19,25000,475000,139097
ORD04431,2025-02-03,South,Priya,Furniture,Table,12,8000,96000,19371
ORD04432,2025-08-28,East,Arun,Furniture,Table,1,8000,8000,1967
ORD04433,2025-05-01,South,Karthik,Furniture,Table,11,8000,88000,9692
ORD04434,2025-11-24,North,Vikram,Electronics,Mobile,13,20000,260000,61567
ORD04435,2025-11-01,South,Anita,Furniture,Chair,15,3000,45000,12431
ORD04436,2025-10-21,West,Meena,Furniture,Sofa,4,25000,100000,26053
ORD04437,2025-04-24,East,Riya,Electronics,Monitor,17,12000,204000,36455
ORD04438,2025-03-09,North,Amit,Electronics,Laptop,7,50000,350000,91926
ORD04439,2025-09-13,North,Amit,Electronics,Laptop,20,50000,1000000,141038
ORD04440,2025-09-11,East,Suresh,Electronics,Mobile,12,20000,240000,53569
ORD04441,2025-10-21,West,Rahul,Furniture,Table,17,8000,136000,19879
ORD04442,2025-07-01,East,Suresh,Electronics,Laptop,11,50000,550000,103103
ORD04443,2025-06-19,East,Suresh,Electronics,Monitor,6,12000,72000,10060
ORD04444,2025-11-20,East,Arun,Furniture,Sofa,13,25000,325000,56237
ORD04445,2025-07-25,West,Meena,Furniture,Sofa,13,25000,325000,33191
ORD04446,2025-06-16,East,Arun,Electronics,Monitor,1,12000,12000,3048
ORD04447,2025-11-03,West,Rahul,Furniture,Chair,19,3000,57000,13050
ORD04448,2025-12-07,East,Arun,Furniture,Table,9,8000,72000,8834
ORD04449,2025-01-24,East,Suresh,Furniture,Sofa,7,25000,175000,49812
ORD04450,2025-02-26,West,Rahul,Electronics,Laptop,10,50000,500000,64606
ORD04451,2025-10-03,North,Amit,Electronics,Mobile,6,20000,120000,21229
ORD04452,2025-02-24,West,Meena,Electronics,Monitor,6,12000,72000,12803
ORD04453,2025-03-24,West,Meena,Furniture,Sofa,11,25000,275000,33328
ORD04454,2025-07-17,South,Priya,Electronics,Laptop,8,50000,400000,110140
ORD04455,2025-11-13,West,Meena,Electronics,Mobile,19,20000,380000,66866
ORD04456,2025-01-10,South,Priya,Electronics,Mobile,2,20000,40000,8292
ORD04457,2025-05-23,South,Anita,Electronics,Mobile,17,20000,340000,89433
ORD04458,2025-01-21,West,Meena,Electronics,Mobile,14,20000,280000,81681
ORD04459,2025-09-09,East,Riya,Electronics,Laptop,9,50000,450000,81915
ORD04460,2025-03-15,North,Raj,Furniture,Sofa,4,25000,100000,16606
ORD04461,2025-06-10,South,Anita,Electronics,Laptop,4,50000,200000,57682
ORD04462,2025-05-23,South,Anita,Furniture,Table,14,8000,112000,30399
ORD04463,2025-10-08,North,Raj,Electronics,Laptop,12,50000,600000,169715
ORD04464,2025-05-05,West,Sneha,Electronics,Laptop,12,50000,600000,130022
ORD04465,2025-05-24,East,Suresh,Furniture,Table,19,8000,152000,25643
ORD04466,2025-01-19,South,Priya,Electronics,Monitor,2,12000,24000,4800
ORD04467,2025-12-17,West,Sneha,Electronics,Mobile,12,20000,240000,42685
ORD04468,2025-02-13,South,Priya,Furniture,Chair,9,3000,27000,5595
ORD04469,2025-08-19,West,Rahul,Furniture,Sofa,2,25000,50000,6112
ORD04470,2025-01-08,West,Sneha,Furniture,Chair,20,3000,60000,7696
ORD04471,2025-02-03,South,Karthik,Furniture,Chair,1,3000,3000,702
ORD04472,2025-07-27,East,Riya,Electronics,Laptop,12,50000,600000,139890
ORD04473,2025-01-23,North,Amit,Furniture,Chair,4,3000,12000,3256
ORD04474,2025-04-10,East,Arun,Furniture,Chair,15,3000,45000,9223
ORD04475,2025-01-04,North,Raj,Electronics,Laptop,13,50000,650000,150294
ORD04476,2025-02-04,North,Vikram,Furniture,Sofa,20,25000,500000,77552
ORD04477,2025-01-12,West,Sneha,Furniture,Table,14,8000,112000,11651
ORD04478,2025-04-22,West,Meena,Electronics,Monitor,8,12000,96000,20960
ORD04479,2025-07-09,South,Priya,Furniture,Chair,9,3000,27000,7300
ORD04480,2025-02-03,North,Amit,Furniture,Table,4,8000,32000,5333
ORD04481,2025-05-02,South,Anita,Electronics,Monitor,3,12000,36000,8402
ORD04482,2025-07-23,East,Riya,Electronics,Monitor,6,12000,72000,13867
ORD04483,2025-08-31,North,Vikram,Electronics,Mobile,10,20000,200000,44552
ORD04484,2025-03-10,East,Arun,Electronics,Mobile,15,20000,300000,57770
ORD04485,2025-12-10,West,Meena,Electronics,Monitor,3,12000,36000,6383
ORD04486,2025-02-15,North,Raj,Electronics,Laptop,2,50000,100000,11619
ORD04487,2025-03-01,South,Anita,Electronics,Monitor,19,12000,228000,67427
ORD04488,2025-12-27,East,Arun,Electronics,Monitor,9,12000,108000,26140
ORD04489,2025-12-26,East,Suresh,Furniture,Table,18,8000,144000,38009
ORD04490,2025-03-05,West,Rahul,Furniture,Chair,17,3000,51000,14468
ORD04491,2025-03-01,South,Anita,Furniture,Sofa,9,25000,225000,59471
ORD04492,2025-07-02,South,Anita,Electronics,Mobile,14,20000,280000,58356
ORD04493,2025-03-08,East,Arun,Furniture,Sofa,19,25000,475000,59423
ORD04494,2025-11-29,West,Sneha,Electronics,Monitor,8,12000,96000,25319
ORD04495,2025-01-09,South,Karthik,Furniture,Chair,13,3000,39000,8249
ORD04496,2025-04-15,South,Priya,Electronics,Laptop,6,50000,300000,55313
ORD04497,2025-10-21,West,Sneha,Electronics,Mobile,3,20000,60000,9871
ORD04498,2025-06-19,South,Priya,Electronics,Laptop,7,50000,350000,89340
ORD04499,2025-12-06,South,Karthik,Furniture,Sofa,10,25000,250000,43099
ORD04500,2025-10-30,West,Sneha,Electronics,Mobile,15,20000,300000,63308
ORD04501,2025-08-07,East,Arun,Electronics,Mobile,14,20000,280000,55366
ORD04502,2025-03-11,South,Priya,Furniture,Chair,9,3000,27000,2983
ORD04503,2025-03-26,East,Riya,Furniture,Sofa,11,25000,275000,53560
ORD04504,2025-10-27,South,Karthik,Furniture,Sofa,9,25000,225000,50265
ORD04505,2025-01-05,South,Priya,Electronics,Laptop,4,50000,200000,47101
ORD04506,2025-09-23,East,Suresh,Furniture,Sofa,4,25000,100000,17688
ORD04507,2025-03-09,West,Rahul,Electronics,Monitor,15,12000,180000,49473
ORD04508,2025-03-21,South,Priya,Electronics,Monitor,16,12000,192000,20147
ORD04509,2025-01-19,South,Anita,Electronics,Monitor,16,12000,192000,46590
ORD04510,2025-07-15,North,Raj,Electronics,Monitor,19,12000,228000,30397
ORD04511,2025-09-30,West,Rahul,Furniture,Table,5,8000,40000,9867
ORD04512,2025-06-29,West,Rahul,Electronics,Mobile,1,20000,20000,4162
ORD04513,2025-07-11,West,Rahul,Furniture,Sofa,11,25000,275000,49331
ORD04514,2025-08-08,West,Sneha,Electronics,Monitor,1,12000,12000,1767
ORD04515,2025-04-04,West,Meena,Furniture,Sofa,16,25000,400000,56225
ORD04516,2025-10-05,South,Karthik,Furniture,Table,2,8000,16000,1602
ORD04517,2025-05-21,North,Amit,Furniture,Sofa,15,25000,375000,41773
ORD04518,2025-02-07,West,Sneha,Furniture,Sofa,11,25000,275000,66834
ORD04519,2025-12-31,East,Riya,Furniture,Table,19,8000,152000,35552
ORD04520,2025-11-28,North,Raj,Furniture,Chair,15,3000,45000,7358
ORD04521,2025-11-16,East,Suresh,Furniture,Chair,2,3000,6000,1786
ORD04522,2025-09-13,East,Riya,Furniture,Chair,3,3000,9000,1570
ORD04523,2025-01-04,North,Amit,Furniture,Sofa,17,25000,425000,91781
ORD04524,2025-04-09,South,Karthik,Furniture,Sofa,13,25000,325000,35589
ORD04525,2025-07-15,North,Vikram,Electronics,Mobile,14,20000,280000,65046
ORD04526,2025-09-16,East,Suresh,Electronics,Mobile,13,20000,260000,57364
ORD04527,2025-10-12,North,Amit,Electronics,Monitor,10,12000,120000,20108
ORD04528,2025-12-25,East,Riya,Furniture,Chair,9,3000,27000,5736
ORD04529,2025-06-07,South,Anita,Furniture,Table,9,8000,72000,21319
ORD04530,2025-12-03,North,Vikram,Furniture,Table,3,8000,24000,3448
ORD04531,2025-06-15,West,Sneha,Electronics,Laptop,10,50000,500000,125511
ORD04532,2025-07-30,East,Riya,Electronics,Monitor,17,12000,204000,37766
ORD04533,2025-11-30,East,Riya,Electronics,Laptop,8,50000,400000,71307
ORD04534,2025-08-03,North,Amit,Electronics,Mobile,5,20000,100000,10197
ORD04535,2025-06-18,South,Karthik,Furniture,Table,2,8000,16000,1879
ORD04536,2025-12-07,East,Arun,Electronics,Mobile,1,20000,20000,2452
ORD04537,2025-12-17,North,Amit,Furniture,Sofa,2,25000,50000,6945
ORD04538,2025-09-23,East,Riya,Furniture,Sofa,18,25000,450000,83077
ORD04539,2025-06-03,East,Riya,Electronics,Monitor,14,12000,168000,22017
ORD04540,2025-11-28,South,Anita,Electronics,Laptop,17,50000,850000,136967
ORD04541,2025-05-08,South,Karthik,Furniture,Sofa,1,25000,25000,4981
ORD04542,2025-02-20,North,Amit,Furniture,Sofa,17,25000,425000,65920
ORD04543,2025-08-04,East,Riya,Electronics,Laptop,12,50000,600000,174640
ORD04544,2025-05-16,East,Riya,Electronics,Monitor,3,12000,36000,10330
ORD04545,2025-12-10,South,Karthik,Furniture,Sofa,1,25000,25000,6857
ORD04546,2025-05-26,South,Anita,Furniture,Sofa,9,25000,225000,55078
ORD04547,2025-08-27,West,Sneha,Furniture,Sofa,12,25000,300000,38771
ORD04548,2025-12-17,West,Meena,Electronics,Mobile,8,20000,160000,44337
ORD04549,2025-12-09,West,Meena,Furniture,Table,11,8000,88000,14615
ORD04550,2025-04-21,East,Riya,Electronics,Laptop,17,50000,850000,121536
ORD04551,2025-08-11,South,Priya,Electronics,Laptop,6,50000,300000,53598
ORD04552,2025-09-16,West,Sneha,Furniture,Chair,10,3000,30000,5059
ORD04553,2025-01-08,East,Arun,Furniture,Table,8,8000,64000,18093
ORD04554,2025-02-25,West,Sneha,Furniture,Sofa,3,25000,75000,19709
ORD04555,2025-05-27,West,Meena,Furniture,Sofa,14,25000,350000,60452
ORD04556,2025-05-30,West,Sneha,Furniture,Chair,14,3000,42000,10373
ORD04557,2025-01-08,East,Arun,Furniture,Table,5,8000,40000,4330
ORD04558,2025-10-15,West,Rahul,Electronics,Monitor,7,12000,84000,19025
ORD04559,2025-02-06,East,Suresh,Electronics,Monitor,12,12000,144000,31614
ORD04560,2025-08-08,North,Raj,Furniture,Table,19,8000,152000,44450
ORD04561,2025-11-24,North,Raj,Furniture,Chair,19,3000,57000,12013
ORD04562,2025-01-22,North,Raj,Electronics,Mobile,10,20000,200000,22087
ORD04563,2025-04-21,North,Amit,Furniture,Chair,15,3000,45000,5028
ORD04564,2025-04-04,West,Rahul,Electronics,Laptop,11,50000,550000,80197
ORD04565,2025-02-26,West,Meena,Furniture,Chair,15,3000,45000,12214
ORD04566,2025-09-08,West,Meena,Electronics,Monitor,6,12000,72000,13646
ORD04567,2025-12-15,East,Arun,Electronics,Mobile,12,20000,240000,70798
ORD04568,2025-06-01,East,Arun,Electronics,Monitor,12,12000,144000,27977
ORD04569,2025-04-15,West,Meena,Electronics,Mobile,6,20000,120000,24341
ORD04570,2025-06-04,North,Vikram,Furniture,Sofa,12,25000,300000,70957
ORD04571,2025-02-10,South,Priya,Electronics,Laptop,1,50000,50000,13580
ORD04572,2025-10-31,North,Amit,Electronics,Laptop,20,50000,1000000,196091
ORD04573,2025-01-30,South,Karthik,Furniture,Sofa,15,25000,375000,56741
ORD04574,2025-04-28,West,Sneha,Electronics,Laptop,1,50000,50000,9197
ORD04575,2025-12-29,West,Sneha,Furniture,Sofa,6,25000,150000,35375
ORD04576,2025-06-18,East,Riya,Furniture,Sofa,11,25000,275000,29782
ORD04577,2025-04-15,East,Arun,Furniture,Sofa,13,25000,325000,84573
ORD04578,2025-05-16,North,Vikram,Furniture,Chair,15,3000,45000,9683
ORD04579,2025-08-19,North,Raj,Furniture,Sofa,19,25000,475000,96106
ORD04580,2025-01-20,South,Karthik,Furniture,Table,3,8000,24000,6075
ORD04581,2025-08-18,North,Raj,Furniture,Table,3,8000,24000,6430
ORD04582,2025-12-10,East,Riya,Furniture,Sofa,2,25000,50000,14864
ORD04583,2025-11-08,East,Arun,Electronics,Laptop,15,50000,750000,142684
ORD04584,2025-08-27,North,Raj,Electronics,Monitor,17,12000,204000,41140
ORD04585,2025-09-26,North,Raj,Electronics,Mobile,3,20000,60000,6415
ORD04586,2025-06-05,East,Suresh,Electronics,Mobile,9,20000,180000,32980
ORD04587,2025-01-28,West,Rahul,Electronics,Mobile,16,20000,320000,76709
ORD04588,2025-01-27,West,Meena,Furniture,Sofa,18,25000,450000,47933
ORD04589,2025-10-08,East,Riya,Furniture,Chair,9,3000,27000,2959
ORD04590,2025-07-06,East,Suresh,Furniture,Table,13,8000,104000,23511
ORD04591,2025-11-10,East,Suresh,Electronics,Laptop,2,50000,100000,17834
ORD04592,2025-02-14,North,Raj,Electronics,Laptop,17,50000,850000,95550
ORD04593,2025-07-03,South,Karthik,Furniture,Sofa,8,25000,200000,52080
ORD04594,2025-07-14,North,Vikram,Furniture,Chair,11,3000,33000,9210
ORD04595,2025-06-14,East,Riya,Electronics,Monitor,4,12000,48000,8617
ORD04596,2025-02-21,East,Arun,Electronics,Mobile,8,20000,160000,22996
ORD04597,2025-02-11,West,Sneha,Electronics,Laptop,1,50000,50000,14109
ORD04598,2025-07-24,West,Sneha,Electronics,Laptop,9,50000,450000,84738
ORD04599,2025-01-26,South,Priya,Furniture,Sofa,5,25000,125000,36927
ORD04600,2025-09-12,East,Suresh,Electronics,Monitor,4,12000,48000,7123
ORD04601,2025-01-31,East,Arun,Furniture,Table,8,8000,64000,17679
ORD04602,2025-09-06,North,Raj,Electronics,Laptop,16,50000,800000,123846
ORD04603,2025-12-02,South,Anita,Furniture,Chair,6,3000,18000,3209
ORD04604,2025-07-29,East,Riya,Electronics,Monitor,8,12000,96000,22830
ORD04605,2025-05-11,North,Raj,Furniture,Sofa,9,25000,225000,31578
ORD04606,2025-09-25,East,Arun,Electronics,Monitor,12,12000,144000,35385
ORD04607,2025-11-17,South,Priya,Electronics,Monitor,14,12000,168000,46520
ORD04608,2025-07-23,North,Vikram,Electronics,Laptop,20,50000,1000000,132224
ORD04609,2025-09-07,West,Sneha,Furniture,Sofa,10,25000,250000,36227
ORD04610,2025-03-16,North,Vikram,Electronics,Laptop,8,50000,400000,87994
ORD04611,2025-02-21,West,Sneha,Furniture,Chair,7,3000,21000,5882
ORD04612,2025-01-01,North,Vikram,Furniture,Table,16,8000,128000,31755
ORD04613,2025-07-13,East,Suresh,Furniture,Chair,5,3000,15000,3059
ORD04614,2025-11-05,East,Suresh,Furniture,Sofa,15,25000,375000,54102
ORD04615,2025-09-14,West,Sneha,Electronics,Laptop,6,50000,300000,74961
ORD04616,2025-05-01,North,Raj,Electronics,Monitor,20,12000,240000,48534
ORD04617,2025-07-04,South,Anita,Electronics,Monitor,1,12000,12000,1478
ORD04618,2025-10-14,East,Arun,Electronics,Laptop,17,50000,850000,171325
ORD04619,2025-07-27,West,Rahul,Furniture,Sofa,7,25000,175000,37988
ORD04620,2025-04-13,South,Karthik,Furniture,Sofa,3,25000,75000,16745
ORD04621,2025-08-30,East,Suresh,Furniture,Sofa,14,25000,350000,70556
ORD04622,2025-09-26,East,Riya,Electronics,Laptop,11,50000,550000,143802
ORD04623,2025-11-08,West,Sneha,Electronics,Mobile,7,20000,140000,23588
ORD04624,2025-09-02,East,Riya,Furniture,Table,15,8000,120000,18521
ORD04625,2025-02-17,South,Karthik,Electronics,Mobile,3,20000,60000,15152
ORD04626,2025-10-07,East,Suresh,Electronics,Mobile,15,20000,300000,57563
ORD04627,2025-11-05,West,Rahul,Electronics,Laptop,11,50000,550000,55631
ORD04628,2025-06-27,North,Amit,Electronics,Mobile,18,20000,360000,92661
ORD04629,2025-02-09,West,Meena,Electronics,Mobile,15,20000,300000,47597
ORD04630,2025-04-04,North,Raj,Furniture,Sofa,20,25000,500000,124217
ORD04631,2025-04-13,West,Sneha,Furniture,Chair,11,3000,33000,3401
ORD04632,2025-04-07,East,Arun,Furniture,Chair,3,3000,9000,2018
ORD04633,2025-12-11,East,Arun,Furniture,Chair,16,3000,48000,6585
ORD04634,2025-05-30,North,Amit,Furniture,Sofa,11,25000,275000,28855
ORD04635,2025-05-31,West,Sneha,Electronics,Monitor,8,12000,96000,17026
ORD04636,2025-05-17,South,Karthik,Furniture,Chair,7,3000,21000,5111
ORD04637,2025-04-27,North,Amit,Furniture,Sofa,12,25000,300000,79990
ORD04638,2025-07-23,North,Amit,Electronics,Monitor,20,12000,240000,41745
ORD04639,2025-10-16,West,Rahul,Electronics,Mobile,4,20000,80000,15747
ORD04640,2025-11-14,North,Amit,Electronics,Laptop,10,50000,500000,102259
ORD04641,2025-07-25,South,Priya,Furniture,Chair,20,3000,60000,8452
ORD04642,2025-11-01,North,Raj,Electronics,Mobile,8,20000,160000,36917
ORD04643,2025-09-25,West,Sneha,Electronics,Mobile,20,20000,400000,62253
ORD04644,2025-11-27,South,Anita,Electronics,Monitor,17,12000,204000,26343
ORD04645,2025-04-26,South,Anita,Electronics,Mobile,1,20000,20000,3628
ORD04646,2025-12-02,East,Arun,Electronics,Monitor,10,12000,120000,22789
ORD04647,2025-09-18,North,Vikram,Electronics,Mobile,6,20000,120000,33889
ORD04648,2025-01-11,West,Sneha,Furniture,Table,20,8000,160000,29437
ORD04649,2025-11-27,West,Sneha,Electronics,Mobile,13,20000,260000,70256
ORD04650,2025-07-07,South,Anita,Electronics,Laptop,6,50000,300000,81697
ORD04651,2025-12-28,West,Sneha,Furniture,Chair,20,3000,60000,10491
ORD04652,2025-11-28,South,Anita,Electronics,Monitor,8,12000,96000,14308
ORD04653,2025-06-27,North,Amit,Electronics,Laptop,11,50000,550000,102300
ORD04654,2025-12-10,South,Karthik,Electronics,Mobile,7,20000,140000,33359
ORD04655,2025-11-09,North,Amit,Electronics,Monitor,3,12000,36000,7276
ORD04656,2025-03-23,South,Priya,Furniture,Sofa,18,25000,450000,134284
ORD04657,2025-09-26,North,Raj,Electronics,Monitor,3,12000,36000,6253
ORD04658,2025-10-04,East,Suresh,Electronics,Mobile,7,20000,140000,20846
ORD04659,2025-10-22,West,Rahul,Electronics,Laptop,2,50000,100000,24053
ORD04660,2025-04-23,East,Arun,Furniture,Chair,10,3000,30000,6737
ORD04661,2025-04-23,West,Meena,Electronics,Monitor,20,12000,240000,34744
ORD04662,2025-05-05,North,Raj,Electronics,Monitor,2,12000,24000,4974
ORD04663,2025-12-04,North,Vikram,Electronics,Monitor,20,12000,240000,71590
ORD04664,2025-12-13,South,Priya,Furniture,Sofa,17,25000,425000,57127
ORD04665,2025-02-23,North,Amit,Electronics,Mobile,1,20000,20000,2783
ORD04666,2025-07-29,East,Suresh,Electronics,Mobile,5,20000,100000,19168
ORD04667,2025-02-04,North,Amit,Electronics,Laptop,13,50000,650000,121593
ORD04668,2025-09-26,North,Amit,Furniture,Chair,15,3000,45000,13306
ORD04669,2025-04-02,East,Arun,Furniture,Sofa,17,25000,425000,71352
ORD04670,2025-01-15,East,Arun,Electronics,Laptop,10,50000,500000,115887
ORD04671,2025-01-01,East,Suresh,Electronics,Mobile,1,20000,20000,3882
ORD04672,2025-03-22,West,Sneha,Furniture,Sofa,13,25000,325000,39222
ORD04673,2025-06-13,West,Sneha,Electronics,Mobile,20,20000,400000,61811
ORD04674,2025-07-02,North,Vikram,Furniture,Chair,17,3000,51000,5802
ORD04675,2025-01-20,East,Arun,Furniture,Table,3,8000,24000,4277
ORD04676,2025-12-19,North,Amit,Electronics,Mobile,3,20000,60000,17911
ORD04677,2025-08-14,West,Meena,Furniture,Table,10,8000,80000,16677
ORD04678,2025-10-14,West,Sneha,Electronics,Mobile,3,20000,60000,16342
ORD04679,2025-01-30,South,Priya,Electronics,Laptop,20,50000,1000000,298547
ORD04680,2025-09-04,North,Vikram,Furniture,Sofa,6,25000,150000,44829
ORD04681,2025-10-09,East,Riya,Electronics,Monitor,5,12000,60000,16052
ORD04682,2025-10-29,South,Karthik,Furniture,Sofa,2,25000,50000,14869
ORD04683,2025-11-17,South,Priya,Furniture,Table,9,8000,72000,12468
ORD04684,2025-01-29,East,Suresh,Electronics,Mobile,18,20000,360000,47530
ORD04685,2025-12-22,North,Vikram,Furniture,Chair,9,3000,27000,7394
ORD04686,2025-09-04,South,Priya,Electronics,Monitor,10,12000,120000,31531
ORD04687,2025-02-03,South,Karthik,Electronics,Laptop,2,50000,100000,18436
ORD04688,2025-04-04,North,Amit,Electronics,Laptop,20,50000,1000000,287394
ORD04689,2025-02-21,East,Arun,Electronics,Monitor,20,12000,240000,25660
ORD04690,2025-06-19,South,Anita,Furniture,Chair,15,3000,45000,12495
ORD04691,2025-05-07,South,Anita,Electronics,Monitor,13,12000,156000,35510
ORD04692,2025-09-21,North,Vikram,Electronics,Mobile,17,20000,340000,67620
ORD04693,2025-12-01,West,Rahul,Electronics,Laptop,18,50000,900000,105086
ORD04694,2025-12-27,West,Rahul,Electronics,Laptop,12,50000,600000,179943
ORD04695,2025-12-17,North,Vikram,Furniture,Table,3,8000,24000,6263
ORD04696,2025-04-21,North,Vikram,Furniture,Chair,7,3000,21000,3836
ORD04697,2025-04-01,South,Karthik,Furniture,Chair,6,3000,18000,5158
ORD04698,2025-08-07,West,Sneha,Furniture,Chair,19,3000,57000,15366
ORD04699,2025-08-26,West,Meena,Electronics,Mobile,3,20000,60000,9912
ORD04700,2025-09-03,North,Raj,Electronics,Mobile,12,20000,240000,29143
ORD04701,2025-08-20,East,Riya,Electronics,Monitor,19,12000,228000,41151
ORD04702,2025-02-23,East,Arun,Electronics,Laptop,15,50000,750000,219093
ORD04703,2025-06-29,East,Arun,Furniture,Chair,18,3000,54000,12852
ORD04704,2025-11-24,South,Priya,Furniture,Chair,6,3000,18000,2781
ORD04705,2025-09-29,North,Raj,Furniture,Sofa,10,25000,250000,32466
ORD04706,2025-11-12,East,Riya,Furniture,Chair,13,3000,39000,5470
ORD04707,2025-06-20,South,Karthik,Furniture,Chair,2,3000,6000,975
ORD04708,2025-02-08,South,Anita,Furniture,Chair,16,3000,48000,9166
ORD04709,2025-03-17,West,Sneha,Furniture,Sofa,16,25000,400000,44854
ORD04710,2025-03-26,North,Vikram,Electronics,Mobile,18,20000,360000,100462
ORD04711,2025-08-05,North,Vikram,Furniture,Table,12,8000,96000,13957
ORD04712,2025-01-31,South,Anita,Furniture,Chair,5,3000,15000,4376
ORD04713,2025-04-22,North,Vikram,Electronics,Mobile,6,20000,120000,20007
ORD04714,2025-04-22,East,Arun,Electronics,Laptop,12,50000,600000,111862
ORD04715,2025-06-20,West,Sneha,Electronics,Monitor,19,12000,228000,31439
ORD04716,2025-05-23,West,Rahul,Furniture,Sofa,8,25000,200000,33282
ORD04717,2025-10-10,North,Amit,Furniture,Chair,2,3000,6000,1424
ORD04718,2025-03-10,West,Sneha,Electronics,Laptop,10,50000,500000,78006
ORD04719,2025-05-29,West,Meena,Electronics,Laptop,16,50000,800000,223793
ORD04720,2025-08-15,West,Sneha,Furniture,Table,19,8000,152000,32520
ORD04721,2025-04-20,South,Anita,Electronics,Monitor,4,12000,48000,6151
ORD04722,2025-01-27,North,Amit,Electronics,Laptop,16,50000,800000,173288
ORD04723,2025-03-24,West,Rahul,Furniture,Table,4,8000,32000,5635
ORD04724,2025-07-06,North,Amit,Furniture,Table,19,8000,152000,16954
ORD04725,2025-01-12,North,Raj,Furniture,Sofa,20,25000,500000,124477
ORD04726,2025-12-10,West,Rahul,Electronics,Laptop,13,50000,650000,88353
ORD04727,2025-04-17,North,Amit,Furniture,Chair,17,3000,51000,9831
ORD04728,2025-02-19,West,Sneha,Electronics,Monitor,4,12000,48000,8261
ORD04729,2025-10-21,West,Rahul,Furniture,Sofa,11,25000,275000,48265
ORD04730,2025-11-09,West,Sneha,Electronics,Laptop,20,50000,1000000,244244
ORD04731,2025-10-25,North,Raj,Furniture,Chair,13,3000,39000,9045
ORD04732,2025-08-15,North,Vikram,Electronics,Mobile,5,20000,100000,17140
ORD04733,2025-04-18,East,Suresh,Furniture,Sofa,11,25000,275000,81928
ORD04734,2025-02-05,South,Priya,Furniture,Sofa,8,25000,200000,49741
ORD04735,2025-06-28,East,Suresh,Furniture,Sofa,17,25000,425000,110307
ORD04736,2025-06-30,North,Amit,Furniture,Chair,4,3000,12000,1360
ORD04737,2025-12-14,South,Karthik,Electronics,Mobile,17,20000,340000,75991
ORD04738,2025-10-30,East,Suresh,Electronics,Monitor,18,12000,216000,35577
ORD04739,2025-07-25,West,Sneha,Electronics,Monitor,15,12000,180000,28805
ORD04740,2025-04-21,West,Meena,Furniture,Sofa,8,25000,200000,34121
ORD04741,2025-05-24,North,Amit,Furniture,Sofa,14,25000,350000,59861
ORD04742,2025-07-30,East,Suresh,Furniture,Sofa,18,25000,450000,119941
ORD04743,2025-09-14,North,Raj,Electronics,Mobile,13,20000,260000,72671
ORD04744,2025-09-17,South,Priya,Electronics,Mobile,16,20000,320000,53533
ORD04745,2025-08-08,West,Rahul,Furniture,Table,16,8000,128000,33269
ORD04746,2025-12-16,East,Arun,Electronics,Monitor,8,12000,96000,23554
ORD04747,2025-03-30,West,Sneha,Electronics,Mobile,12,20000,240000,65027
ORD04748,2025-06-15,North,Amit,Electronics,Laptop,11,50000,550000,158555
ORD04749,2025-07-29,West,Rahul,Furniture,Table,18,8000,144000,27609
ORD04750,2025-04-20,North,Raj,Electronics,Laptop,14,50000,700000,81684
ORD04751,2025-09-15,South,Anita,Furniture,Sofa,11,25000,275000,73361
ORD04752,2025-04-23,West,Rahul,Furniture,Sofa,7,25000,175000,36118
ORD04753,2025-03-27,South,Karthik,Furniture,Chair,17,3000,51000,10850
ORD04754,2025-10-09,East,Riya,Furniture,Chair,9,3000,27000,3820
ORD04755,2025-05-06,West,Meena,Electronics,Laptop,12,50000,600000,83363
ORD04756,2025-02-07,North,Amit,Furniture,Table,6,8000,48000,8163
ORD04757,2025-08-09,South,Anita,Furniture,Chair,2,3000,6000,843
ORD04758,2025-11-04,South,Anita,Electronics,Mobile,11,20000,220000,26520
ORD04759,2025-08-12,East,Suresh,Furniture,Chair,8,3000,24000,3357
ORD04760,2025-11-20,East,Riya,Furniture,Sofa,18,25000,450000,111216
ORD04761,2025-10-13,West,Sneha,Furniture,Sofa,15,25000,375000,84139
ORD04762,2025-03-26,West,Meena,Furniture,Table,4,8000,32000,6175
ORD04763,2025-07-09,West,Rahul,Electronics,Laptop,16,50000,800000,188924
ORD04764,2025-09-14,North,Amit,Electronics,Monitor,11,12000,132000,15692
ORD04765,2025-09-13,South,Priya,Furniture,Table,3,8000,24000,5044
ORD04766,2025-10-23,South,Karthik,Electronics,Laptop,16,50000,800000,83232
ORD04767,2025-08-04,South,Anita,Furniture,Chair,11,3000,33000,3748
ORD04768,2025-03-20,West,Rahul,Furniture,Table,4,8000,32000,8392
ORD04769,2025-06-26,North,Amit,Furniture,Table,13,8000,104000,19228
ORD04770,2025-05-22,North,Vikram,Electronics,Laptop,12,50000,600000,179909
ORD04771,2025-08-25,South,Priya,Furniture,Table,18,8000,144000,34639
ORD04772,2025-01-30,South,Priya,Furniture,Sofa,18,25000,450000,118613
ORD04773,2025-10-27,East,Suresh,Furniture,Chair,2,3000,6000,976
ORD04774,2025-08-07,North,Raj,Furniture,Sofa,18,25000,450000,58495
ORD04775,2025-03-09,North,Raj,Furniture,Table,2,8000,16000,4487
ORD04776,2025-04-17,North,Vikram,Furniture,Chair,9,3000,27000,5559
ORD04777,2025-08-26,North,Raj,Electronics,Monitor,2,12000,24000,6704
ORD04778,2025-12-31,East,Arun,Electronics,Laptop,12,50000,600000,166282
ORD04779,2025-05-07,East,Riya,Electronics,Mobile,2,20000,40000,8274
ORD04780,2025-08-20,South,Anita,Electronics,Monitor,3,12000,36000,3619
ORD04781,2025-06-10,South,Karthik,Electronics,Laptop,10,50000,500000,103056
ORD04782,2025-12-24,West,Meena,Electronics,Mobile,10,20000,200000,52477
ORD04783,2025-01-17,South,Anita,Furniture,Sofa,15,25000,375000,102465
ORD04784,2025-09-02,North,Amit,Furniture,Sofa,4,25000,100000,23119
ORD04785,2025-02-17,West,Sneha,Electronics,Laptop,6,50000,300000,56806
ORD04786,2025-07-14,South,Anita,Electronics,Mobile,13,20000,260000,45205
ORD04787,2025-12-17,East,Suresh,Electronics,Laptop,5,50000,250000,52641
ORD04788,2025-03-19,West,Meena,Furniture,Chair,11,3000,33000,9627
ORD04789,2025-05-03,East,Riya,Electronics,Mobile,6,20000,120000,15189
ORD04790,2025-02-28,East,Riya,Electronics,Mobile,2,20000,40000,9432
ORD04791,2025-08-18,West,Meena,Furniture,Chair,2,3000,6000,1788
ORD04792,2025-03-14,North,Amit,Furniture,Chair,6,3000,18000,5307
ORD04793,2025-11-22,East,Suresh,Electronics,Monitor,11,12000,132000,17365
ORD04794,2025-07-12,West,Sneha,Furniture,Sofa,11,25000,275000,54801
ORD04795,2025-03-02,South,Karthik,Electronics,Mobile,7,20000,140000,38485
ORD04796,2025-10-23,North,Raj,Electronics,Monitor,2,12000,24000,5868
ORD04797,2025-08-29,North,Vikram,Electronics,Mobile,20,20000,400000,54309
ORD04798,2025-05-12,South,Anita,Electronics,Monitor,2,12000,24000,2713
ORD04799,2025-09-16,South,Karthik,Electronics,Laptop,6,50000,300000,49872
ORD04800,2025-06-12,West,Meena,Furniture,Table,1,8000,8000,843
ORD04801,2025-05-14,East,Riya,Electronics,Laptop,14,50000,700000,187586
ORD04802,2025-05-27,North,Vikram,Furniture,Chair,15,3000,45000,9704
ORD04803,2025-08-07,South,Anita,Electronics,Monitor,14,12000,168000,28582
ORD04804,2025-12-18,South,Priya,Furniture,Table,12,8000,96000,26783
ORD04805,2025-03-16,East,Suresh,Electronics,Laptop,8,50000,400000,66533
ORD04806,2025-06-15,West,Rahul,Furniture,Sofa,12,25000,300000,63207
ORD04807,2025-10-03,North,Amit,Electronics,Mobile,9,20000,180000,29369
ORD04808,2025-07-27,East,Arun,Furniture,Table,11,8000,88000,12621
ORD04809,2025-08-04,South,Priya,Furniture,Sofa,2,25000,50000,6495
ORD04810,2025-08-04,West,Sneha,Furniture,Sofa,17,25000,425000,84426
ORD04811,2025-02-11,West,Rahul,Electronics,Monitor,2,12000,24000,6827
ORD04812,2025-10-07,South,Karthik,Electronics,Laptop,2,50000,100000,16837
ORD04813,2025-11-05,North,Amit,Electronics,Laptop,7,50000,350000,47123
ORD04814,2025-04-21,West,Rahul,Electronics,Mobile,5,20000,100000,28602
ORD04815,2025-04-11,East,Arun,Furniture,Sofa,15,25000,375000,106842
ORD04816,2025-08-20,South,Karthik,Furniture,Chair,11,3000,33000,4945
ORD04817,2025-05-06,East,Arun,Electronics,Mobile,14,20000,280000,73729
ORD04818,2025-12-07,West,Rahul,Electronics,Monitor,13,12000,156000,34663
ORD04819,2025-09-08,North,Amit,Electronics,Laptop,12,50000,600000,116397
ORD04820,2025-04-21,South,Anita,Furniture,Sofa,5,25000,125000,25153
ORD04821,2025-04-10,South,Karthik,Furniture,Chair,11,3000,33000,5986
ORD04822,2025-04-28,East,Riya,Furniture,Table,16,8000,128000,19052
ORD04823,2025-12-05,West,Rahul,Electronics,Laptop,19,50000,950000,138861
ORD04824,2025-10-28,South,Karthik,Electronics,Mobile,16,20000,320000,43170
ORD04825,2025-11-25,South,Priya,Electronics,Mobile,17,20000,340000,97254
ORD04826,2025-01-09,East,Riya,Furniture,Table,4,8000,32000,7164
ORD04827,2025-03-22,North,Amit,Electronics,Mobile,1,20000,20000,2307
ORD04828,2025-08-17,South,Anita,Electronics,Mobile,5,20000,100000,26512
ORD04829,2025-12-29,South,Karthik,Furniture,Chair,1,3000,3000,358
ORD04830,2025-09-09,East,Arun,Furniture,Sofa,18,25000,450000,118021
ORD04831,2025-06-23,South,Priya,Electronics,Mobile,15,20000,300000,32704
ORD04832,2025-02-10,South,Karthik,Furniture,Chair,17,3000,51000,8101
ORD04833,2025-08-13,South,Priya,Furniture,Sofa,13,25000,325000,58148
ORD04834,2025-08-22,South,Priya,Electronics,Mobile,6,20000,120000,13871
ORD04835,2025-06-26,South,Priya,Furniture,Sofa,3,25000,75000,20682
ORD04836,2025-02-16,West,Meena,Furniture,Sofa,9,25000,225000,23560
ORD04837,2025-04-06,South,Anita,Furniture,Sofa,17,25000,425000,115447
ORD04838,2025-02-15,North,Vikram,Furniture,Sofa,12,25000,300000,64808
ORD04839,2025-11-29,East,Arun,Furniture,Sofa,13,25000,325000,49847
ORD04840,2025-06-28,South,Anita,Furniture,Table,20,8000,160000,28285
ORD04841,2025-04-21,East,Riya,Furniture,Sofa,14,25000,350000,94972
ORD04842,2025-05-16,East,Suresh,Electronics,Monitor,13,12000,156000,38928
ORD04843,2025-07-03,North,Amit,Furniture,Sofa,17,25000,425000,106400
ORD04844,2025-09-30,East,Riya,Furniture,Sofa,6,25000,150000,33324
ORD04845,2025-05-18,East,Arun,Furniture,Chair,2,3000,6000,1345
ORD04846,2025-04-01,East,Arun,Electronics,Monitor,12,12000,144000,39841
ORD04847,2025-01-13,East,Suresh,Electronics,Laptop,10,50000,500000,114318
ORD04848,2025-04-01,South,Priya,Electronics,Monitor,15,12000,180000,41765
ORD04849,2025-11-22,East,Arun,Furniture,Chair,8,3000,24000,6960
ORD04850,2025-10-10,East,Suresh,Furniture,Table,4,8000,32000,8948
ORD04851,2025-10-18,West,Rahul,Furniture,Table,20,8000,160000,23134
ORD04852,2025-08-23,East,Suresh,Furniture,Chair,16,3000,48000,6571
ORD04853,2025-08-27,South,Anita,Furniture,Chair,19,3000,57000,13035
ORD04854,2025-07-22,West,Sneha,Electronics,Mobile,9,20000,180000,48018
ORD04855,2025-07-23,South,Priya,Electronics,Laptop,7,50000,350000,47164
ORD04856,2025-05-04,West,Sneha,Furniture,Sofa,7,25000,175000,35772
ORD04857,2025-11-23,North,Vikram,Electronics,Laptop,17,50000,850000,140330
ORD04858,2025-06-08,North,Amit,Furniture,Chair,11,3000,33000,5241
ORD04859,2025-04-12,East,Suresh,Furniture,Chair,16,3000,48000,11918
ORD04860,2025-06-26,West,Meena,Furniture,Chair,9,3000,27000,3622
ORD04861,2025-02-02,North,Amit,Electronics,Laptop,6,50000,300000,66992
ORD04862,2025-06-08,West,Sneha,Electronics,Laptop,6,50000,300000,35204
ORD04863,2025-05-21,South,Priya,Furniture,Sofa,2,25000,50000,6848
ORD04864,2025-07-02,West,Meena,Furniture,Table,3,8000,24000,3278
ORD04865,2025-09-24,North,Amit,Electronics,Mobile,12,20000,240000,50996
ORD04866,2025-03-07,East,Riya,Furniture,Sofa,20,25000,500000,129070
ORD04867,2025-06-21,West,Rahul,Electronics,Monitor,9,12000,108000,29425
ORD04868,2025-02-22,West,Rahul,Furniture,Sofa,14,25000,350000,103891
ORD04869,2025-06-13,West,Rahul,Furniture,Table,14,8000,112000,22491
ORD04870,2025-05-29,West,Meena,Electronics,Laptop,12,50000,600000,131530
ORD04871,2025-02-01,North,Raj,Electronics,Monitor,18,12000,216000,53922
ORD04872,2025-06-04,South,Anita,Electronics,Monitor,6,12000,72000,11176
ORD04873,2025-04-30,South,Karthik,Furniture,Sofa,19,25000,475000,116851
ORD04874,2025-05-05,West,Meena,Furniture,Table,19,8000,152000,16551
ORD04875,2025-12-08,North,Amit,Electronics,Monitor,16,12000,192000,37403
ORD04876,2025-02-19,North,Raj,Furniture,Sofa,18,25000,450000,85319
ORD04877,2025-11-07,North,Amit,Furniture,Sofa,15,25000,375000,82255
ORD04878,2025-04-18,South,Priya,Electronics,Monitor,4,12000,48000,11400
ORD04879,2025-01-06,East,Suresh,Electronics,Monitor,15,12000,180000,35510
ORD04880,2025-03-06,West,Rahul,Electronics,Mobile,1,20000,20000,4444
ORD04881,2025-08-14,West,Meena,Furniture,Chair,5,3000,15000,2837
ORD04882,2025-12-08,North,Raj,Electronics,Mobile,9,20000,180000,18897
ORD04883,2025-07-14,North,Amit,Electronics,Mobile,13,20000,260000,57647
ORD04884,2025-02-07,North,Raj,Electronics,Mobile,14,20000,280000,66529
ORD04885,2025-08-18,East,Suresh,Electronics,Laptop,14,50000,700000,137378
ORD04886,2025-10-16,North,Raj,Electronics,Monitor,11,12000,132000,37364
ORD04887,2025-11-18,South,Anita,Furniture,Sofa,19,25000,475000,59121
ORD04888,2025-10-31,East,Suresh,Electronics,Laptop,17,50000,850000,144649
ORD04889,2025-11-29,North,Vikram,Furniture,Sofa,6,25000,150000,19991
ORD04890,2025-12-27,West,Sneha,Electronics,Monitor,11,12000,132000,27695
ORD04891,2025-02-03,East,Riya,Electronics,Laptop,15,50000,750000,131963
ORD04892,2025-12-09,West,Rahul,Electronics,Monitor,8,12000,96000,12243
ORD04893,2025-01-19,West,Meena,Furniture,Table,19,8000,152000,42162
ORD04894,2025-02-15,South,Karthik,Electronics,Mobile,11,20000,220000,54170
ORD04895,2025-12-09,North,Amit,Furniture,Sofa,2,25000,50000,9870
ORD04896,2025-11-27,North,Vikram,Electronics,Mobile,16,20000,320000,42424
ORD04897,2025-07-12,North,Amit,Electronics,Laptop,7,50000,350000,91139
ORD04898,2025-12-22,West,Rahul,Electronics,Laptop,5,50000,250000,49916
ORD04899,2025-01-29,South,Priya,Electronics,Monitor,13,12000,156000,45728
ORD04900,2025-08-14,East,Riya,Electronics,Laptop,10,50000,500000,139015
ORD04901,2025-04-07,East,Suresh,Furniture,Table,4,8000,32000,5303
ORD04902,2025-04-02,North,Amit,Furniture,Table,11,8000,88000,22239
ORD04903,2025-05-30,West,Meena,Furniture,Table,1,8000,8000,1569
ORD04904,2025-04-15,South,Karthik,Electronics,Mobile,15,20000,300000,38871
ORD04905,2025-07-21,East,Arun,Furniture,Chair,3,3000,9000,1828
ORD04906,2025-07-02,East,Arun,Electronics,Mobile,14,20000,280000,36674
ORD04907,2025-08-12,East,Riya,Electronics,Monitor,1,12000,12000,2486
ORD04908,2025-08-05,North,Vikram,Electronics,Monitor,4,12000,48000,12685
ORD04909,2025-01-18,West,Sneha,Electronics,Laptop,9,50000,450000,90842
ORD04910,2025-11-26,East,Arun,Furniture,Chair,18,3000,54000,6499
ORD04911,2025-05-20,East,Suresh,Electronics,Laptop,7,50000,350000,67064
ORD04912,2025-04-17,North,Raj,Electronics,Mobile,19,20000,380000,97834
ORD04913,2025-01-07,North,Vikram,Furniture,Table,17,8000,136000,14137
ORD04914,2025-11-04,South,Anita,Furniture,Chair,13,3000,39000,5304
ORD04915,2025-06-20,West,Meena,Electronics,Monitor,6,12000,72000,12601
ORD04916,2025-11-09,South,Priya,Electronics,Laptop,3,50000,150000,17487
ORD04917,2025-11-13,East,Suresh,Furniture,Chair,16,3000,48000,11123
ORD04918,2025-08-20,West,Rahul,Electronics,Monitor,4,12000,48000,9026
ORD04919,2025-02-24,East,Suresh,Furniture,Chair,10,3000,30000,3519
ORD04920,2025-01-15,West,Rahul,Electronics,Monitor,7,12000,84000,18098
ORD04921,2025-11-27,East,Arun,Furniture,Chair,17,3000,51000,11196
ORD04922,2025-05-02,East,Arun,Electronics,Mobile,10,20000,200000,48095
ORD04923,2025-11-19,East,Arun,Furniture,Sofa,18,25000,450000,95484
ORD04924,2025-01-25,East,Suresh,Furniture,Table,1,8000,8000,1473
ORD04925,2025-09-16,North,Raj,Electronics,Monitor,6,12000,72000,8744
ORD04926,2025-06-24,West,Meena,Electronics,Mobile,20,20000,400000,104604
ORD04927,2025-01-27,South,Priya,Furniture,Table,7,8000,56000,14258
ORD04928,2025-12-09,East,Suresh,Furniture,Chair,15,3000,45000,12139
ORD04929,2025-09-23,West,Meena,Electronics,Monitor,15,12000,180000,21399
ORD04930,2025-11-22,East,Riya,Electronics,Mobile,10,20000,200000,53921
ORD04931,2025-12-27,East,Suresh,Furniture,Table,5,8000,40000,8844
ORD04932,2025-04-16,North,Raj,Electronics,Laptop,5,50000,250000,45015
ORD04933,2025-08-10,South,Anita,Furniture,Sofa,13,25000,325000,52110
ORD04934,2025-03-20,East,Suresh,Furniture,Chair,2,3000,6000,1036
ORD04935,2025-06-30,East,Riya,Furniture,Chair,13,3000,39000,5173
ORD04936,2025-09-13,South,Anita,Electronics,Monitor,14,12000,168000,22967
ORD04937,2025-09-13,South,Karthik,Electronics,Mobile,19,20000,380000,72904
ORD04938,2025-01-08,East,Suresh,Furniture,Sofa,8,25000,200000,23720
ORD04939,2025-04-21,East,Arun,Electronics,Mobile,20,20000,400000,47977
ORD04940,2025-09-01,East,Riya,Furniture,Sofa,16,25000,400000,105642
ORD04941,2025-03-12,South,Anita,Electronics,Monitor,19,12000,228000,63850
ORD04942,2025-01-24,West,Sneha,Furniture,Table,17,8000,136000,20664
ORD04943,2025-12-06,East,Suresh,Furniture,Sofa,6,25000,150000,43568
ORD04944,2025-01-02,West,Meena,Furniture,Chair,2,3000,6000,1053
ORD04945,2025-12-31,East,Arun,Electronics,Mobile,1,20000,20000,2789
ORD04946,2025-08-24,South,Priya,Electronics,Laptop,11,50000,550000,151588
ORD04947,2025-08-14,North,Vikram,Furniture,Table,13,8000,104000,27362
ORD04948,2025-10-28,West,Rahul,Furniture,Sofa,5,25000,125000,36699
ORD04949,2025-06-08,North,Amit,Furniture,Sofa,15,25000,375000,98984
ORD04950,2025-02-20,East,Arun,Electronics,Mobile,19,20000,380000,65980
ORD04951,2025-03-07,South,Karthik,Electronics,Laptop,13,50000,650000,105081
ORD04952,2025-12-13,East,Riya,Electronics,Mobile,2,20000,40000,11996
ORD04953,2025-08-11,North,Amit,Furniture,Chair,10,3000,30000,7801
ORD04954,2025-12-18,East,Suresh,Furniture,Chair,16,3000,48000,13248
ORD04955,2025-10-08,North,Raj,Furniture,Sofa,14,25000,350000,83439
ORD04956,2025-01-28,East,Arun,Electronics,Monitor,2,12000,24000,3408
ORD04957,2025-02-16,East,Arun,Furniture,Chair,20,3000,60000,7177
ORD04958,2025-12-20,South,Priya,Electronics,Monitor,8,12000,96000,9773
ORD04959,2025-01-12,West,Rahul,Furniture,Chair,16,3000,48000,13252
ORD04960,2025-01-25,North,Amit,Electronics,Laptop,20,50000,1000000,181331
ORD04961,2025-11-10,East,Arun,Furniture,Table,12,8000,96000,19360
ORD04962,2025-12-06,West,Sneha,Furniture,Table,12,8000,96000,15823
ORD04963,2025-08-29,East,Riya,Electronics,Laptop,17,50000,850000,93004
ORD04964,2025-12-30,West,Sneha,Electronics,Laptop,19,50000,950000,103447
ORD04965,2025-08-20,South,Anita,Electronics,Laptop,10,50000,500000,55933
ORD04966,2025-07-21,North,Vikram,Electronics,Monitor,13,12000,156000,44956
ORD04967,2025-05-25,East,Arun,Electronics,Mobile,4,20000,80000,23784
ORD04968,2025-05-23,North,Raj,Furniture,Table,5,8000,40000,10946
ORD04969,2025-06-29,East,Suresh,Electronics,Monitor,6,12000,72000,8771
ORD04970,2025-07-27,East,Arun,Furniture,Table,12,8000,96000,11756
ORD04971,2025-03-05,North,Vikram,Furniture,Sofa,18,25000,450000,131264
ORD04972,2025-01-11,West,Rahul,Electronics,Monitor,3,12000,36000,5629
ORD04973,2025-05-02,North,Amit,Electronics,Mobile,10,20000,200000,43808
ORD04974,2025-09-05,South,Karthik,Electronics,Laptop,15,50000,750000,95669
ORD04975,2025-10-03,West,Rahul,Furniture,Chair,1,3000,3000,481
ORD04976,2025-12-29,South,Karthik,Furniture,Sofa,2,25000,50000,5355
ORD04977,2025-05-12,West,Sneha,Electronics,Mobile,8,20000,160000,31336
ORD04978,2025-08-01,East,Arun,Furniture,Chair,7,3000,21000,5436
ORD04979,2025-01-21,West,Rahul,Furniture,Sofa,4,25000,100000,23288
ORD04980,2025-01-05,East,Arun,Furniture,Chair,18,3000,54000,15160
ORD04981,2025-01-21,East,Arun,Furniture,Sofa,19,25000,475000,48831
ORD04982,2025-02-22,North,Amit,Furniture,Sofa,5,25000,125000,27729
ORD04983,2025-10-12,East,Suresh,Electronics,Mobile,18,20000,360000,88026
ORD04984,2025-03-08,East,Suresh,Electronics,Monitor,2,12000,24000,4341
ORD04985,2025-04-16,North,Amit,Electronics,Mobile,14,20000,280000,57657
ORD04986,2025-07-27,South,Karthik,Furniture,Table,1,8000,8000,1284
ORD04987,2025-03-02,West,Meena,Electronics,Laptop,7,50000,350000,62109
ORD04988,2025-10-02,South,Anita,Electronics,Monitor,2,12000,24000,4622
ORD04989,2025-07-28,East,Suresh,Electronics,Monitor,4,12000,48000,6900
ORD04990,2025-12-22,East,Riya,Furniture,Sofa,7,25000,175000,46874
ORD04991,2025-10-26,East,Riya,Electronics,Mobile,8,20000,160000,28501
ORD04992,2025-06-15,North,Amit,Furniture,Sofa,3,25000,75000,22367
ORD04993,2025-08-30,South,Priya,Electronics,Laptop,14,50000,700000,82251
ORD04994,2025-08-30,East,Arun,Electronics,Laptop,14,50000,700000,72494
ORD04995,2025-10-02,South,Anita,Furniture,Chair,3,3000,9000,2243
ORD04996,2025-08-01,East,Suresh,Furniture,Table,7,8000,56000,10049
ORD04997,2025-03-31,West,Rahul,Furniture,Sofa,7,25000,175000,34801
ORD04998,2025-06-20,North,Raj,Furniture,Table,19,8000,152000,31470
ORD04999,2025-06-24,South,Priya,Electronics,Laptop,7,50000,350000,92258
ORD05000,2025-05-31,North,Raj,Electronics,Mobile,18,20000,360000,93602
ORD05001,2025-02-21,East,Arun,Electronics,Laptop,13,50000,650000,181746
ORD05002,2025-09-30,North,Amit,Furniture,Table,4,8000,32000,8275
ORD05003,2025-12-22,North,Raj,Electronics,Monitor,3,12000,36000,6070
ORD05004,2025-04-06,North,Vikram,Furniture,Sofa,16,25000,400000,96547
ORD05005,2025-06-01,West,Meena,Furniture,Chair,9,3000,27000,4437
ORD05006,2025-10-10,North,Raj,Electronics,Laptop,1,50000,50000,13636
ORD05007,2025-02-01,North,Amit,Electronics,Monitor,7,12000,84000,19427
ORD05008,2025-07-25,North,Raj,Electronics,Mobile,1,20000,20000,3646
ORD05009,2025-07-06,South,Anita,Furniture,Sofa,3,25000,75000,14137
ORD05010,2025-03-07,South,Priya,Furniture,Table,2,8000,16000,3095
ORD05011,2025-12-23,West,Meena,Furniture,Chair,15,3000,45000,12309
ORD05012,2025-02-05,North,Vikram,Furniture,Table,7,8000,56000,13218
ORD05013,2025-11-21,East,Arun,Electronics,Mobile,15,20000,300000,64505
ORD05014,2025-05-20,West,Sneha,Electronics,Laptop,3,50000,150000,16045
ORD05015,2025-02-04,East,Arun,Electronics,Monitor,5,12000,60000,12995
ORD05016,2025-11-24,South,Karthik,Electronics,Mobile,10,20000,200000,43677
ORD05017,2025-12-13,East,Arun,Furniture,Sofa,10,25000,250000,43980
ORD05018,2025-12-29,South,Anita,Furniture,Table,8,8000,64000,6704
ORD05019,2025-05-04,North,Amit,Furniture,Chair,1,3000,3000,512
ORD05020,2025-04-05,South,Karthik,Electronics,Laptop,12,50000,600000,132754
ORD05021,2025-09-15,East,Riya,Electronics,Laptop,5,50000,250000,47456
ORD05022,2025-06-11,South,Priya,Furniture,Chair,6,3000,18000,3708
ORD05023,2025-10-06,South,Karthik,Furniture,Table,12,8000,96000,12705
ORD05024,2025-05-02,North,Raj,Furniture,Table,16,8000,128000,15464
ORD05025,2025-10-01,North,Raj,Furniture,Table,17,8000,136000,29066
ORD05026,2025-04-13,North,Vikram,Electronics,Mobile,1,20000,20000,3232
ORD05027,2025-10-05,South,Anita,Furniture,Sofa,19,25000,475000,49387
ORD05028,2025-09-26,East,Suresh,Electronics,Monitor,20,12000,240000,53092
ORD05029,2025-05-16,North,Amit,Electronics,Monitor,2,12000,24000,3278
ORD05030,2025-12-30,West,Sneha,Electronics,Laptop,7,50000,350000,70493
ORD05031,2025-04-06,South,Karthik,Electronics,Laptop,5,50000,250000,36134
ORD05032,2025-04-28,West,Sneha,Furniture,Sofa,10,25000,250000,62316
ORD05033,2025-07-29,North,Vikram,Electronics,Laptop,3,50000,150000,29507
ORD05034,2025-06-14,South,Karthik,Electronics,Mobile,2,20000,40000,11098
ORD05035,2025-02-01,North,Amit,Furniture,Chair,5,3000,15000,2981
ORD05036,2025-10-31,South,Karthik,Furniture,Sofa,19,25000,475000,100273
ORD05037,2025-07-23,South,Priya,Electronics,Laptop,14,50000,700000,152283
ORD05038,2025-02-03,North,Amit,Electronics,Mobile,8,20000,160000,46376
ORD05039,2025-05-10,North,Raj,Furniture,Chair,11,3000,33000,5699
ORD05040,2025-01-17,East,Arun,Furniture,Sofa,7,25000,175000,38023
ORD05041,2025-10-12,South,Priya,Furniture,Chair,11,3000,33000,6781
ORD05042,2025-06-11,South,Anita,Electronics,Laptop,14,50000,700000,109673
ORD05043,2025-09-05,West,Sneha,Electronics,Monitor,13,12000,156000,22749
ORD05044,2025-01-24,West,Rahul,Furniture,Sofa,8,25000,200000,56171
ORD05045,2025-02-07,West,Rahul,Electronics,Laptop,10,50000,500000,108632
ORD05046,2025-08-22,North,Amit,Electronics,Mobile,10,20000,200000,31003
ORD05047,2025-02-21,West,Meena,Electronics,Monitor,1,12000,12000,3347
ORD05048,2025-04-06,South,Anita,Electronics,Mobile,3,20000,60000,7021
ORD05049,2025-11-04,North,Raj,Furniture,Table,17,8000,136000,26180
ORD05050,2025-02-06,East,Arun,Electronics,Laptop,6,50000,300000,85568
ORD05051,2025-04-11,South,Priya,Electronics,Monitor,20,12000,240000,43479
ORD05052,2025-07-31,South,Karthik,Furniture,Chair,9,3000,27000,7550
ORD05053,2025-09-17,West,Rahul,Furniture,Chair,4,3000,12000,2172
ORD05054,2025-05-11,South,Priya,Electronics,Laptop,10,50000,500000,116574
ORD05055,2025-11-08,West,Meena,Furniture,Table,6,8000,48000,6719
ORD05056,2025-12-07,South,Priya,Furniture,Table,16,8000,128000,28364
ORD05057,2025-02-12,West,Meena,Furniture,Chair,16,3000,48000,7678
ORD05058,2025-05-17,East,Suresh,Furniture,Chair,15,3000,45000,11562
ORD05059,2025-02-26,South,Priya,Electronics,Laptop,19,50000,950000,206568
ORD05060,2025-06-16,East,Arun,Electronics,Mobile,7,20000,140000,29428
ORD05061,2025-08-29,South,Priya,Electronics,Laptop,1,50000,50000,7176
ORD05062,2025-06-14,North,Amit,Furniture,Chair,2,3000,6000,1569
ORD05063,2025-10-18,East,Suresh,Electronics,Monitor,6,12000,72000,19999
ORD05064,2025-01-16,South,Priya,Furniture,Sofa,9,25000,225000,45804
ORD05065,2025-05-21,East,Riya,Electronics,Mobile,19,20000,380000,92414
ORD05066,2025-12-15,West,Sneha,Furniture,Sofa,10,25000,250000,29416
ORD05067,2025-01-27,West,Rahul,Electronics,Mobile,7,20000,140000,14695
ORD05068,2025-08-03,West,Meena,Furniture,Chair,2,3000,6000,903
ORD05069,2025-06-13,North,Vikram,Furniture,Sofa,11,25000,275000,61770
ORD05070,2025-04-15,North,Amit,Furniture,Chair,18,3000,54000,6794
ORD05071,2025-10-02,West,Meena,Furniture,Table,11,8000,88000,10517
ORD05072,2025-08-07,East,Arun,Electronics,Mobile,2,20000,40000,10239
ORD05073,2025-05-10,West,Rahul,Electronics,Monitor,13,12000,156000,20833
ORD05074,2025-11-24,West,Sneha,Furniture,Table,10,8000,80000,13268
ORD05075,2025-06-23,North,Amit,Furniture,Table,15,8000,120000,19798
ORD05076,2025-09-14,East,Riya,Furniture,Table,9,8000,72000,19942
ORD05077,2025-04-23,North,Raj,Furniture,Sofa,12,25000,300000,64947
ORD05078,2025-02-21,North,Vikram,Furniture,Table,9,8000,72000,13696
ORD05079,2025-05-22,South,Karthik,Furniture,Chair,14,3000,42000,7642
ORD05080,2025-11-22,West,Meena,Furniture,Table,14,8000,112000,25420
ORD05081,2025-07-26,South,Priya,Furniture,Table,7,8000,56000,15070
ORD05082,2025-11-11,West,Sneha,Electronics,Monitor,12,12000,144000,24986
ORD05083,2025-11-14,North,Vikram,Electronics,Laptop,17,50000,850000,182634
ORD05084,2025-11-19,East,Suresh,Electronics,Laptop,11,50000,550000,98590
ORD05085,2025-10-04,East,Arun,Furniture,Table,4,8000,32000,6716
ORD05086,2025-03-28,East,Suresh,Furniture,Sofa,17,25000,425000,51319
ORD05087,2025-02-07,North,Raj,Furniture,Table,13,8000,104000,17697
ORD05088,2025-03-02,North,Vikram,Electronics,Monitor,7,12000,84000,18209
ORD05089,2025-08-06,East,Riya,Electronics,Mobile,5,20000,100000,26101
ORD05090,2025-01-26,South,Priya,Electronics,Laptop,14,50000,700000,79326
ORD05091,2025-04-08,East,Arun,Furniture,Chair,6,3000,18000,5020
ORD05092,2025-08-17,West,Sneha,Furniture,Sofa,4,25000,100000,28435
ORD05093,2025-08-26,West,Rahul,Furniture,Chair,15,3000,45000,13293
ORD05094,2025-03-20,North,Vikram,Electronics,Laptop,15,50000,750000,209854
ORD05095,2025-11-19,North,Amit,Electronics,Monitor,2,12000,24000,6525
ORD05096,2025-01-24,East,Suresh,Furniture,Chair,6,3000,18000,5324
ORD05097,2025-08-05,East,Riya,Electronics,Laptop,17,50000,850000,222601
ORD05098,2025-07-01,East,Suresh,Electronics,Monitor,19,12000,228000,39946
ORD05099,2025-05-13,East,Riya,Electronics,Mobile,2,20000,40000,4661
ORD05100,2025-02-17,South,Priya,Electronics,Monitor,5,12000,60000,11102
ORD05101,2025-05-11,North,Raj,Furniture,Table,6,8000,48000,7053
ORD05102,2025-02-13,North,Amit,Electronics,Mobile,17,20000,340000,98051
ORD05103,2025-09-01,North,Amit,Electronics,Laptop,9,50000,450000,113059
ORD05104,2025-07-31,West,Sneha,Furniture,Chair,20,3000,60000,11767
ORD05105,2025-12-23,West,Meena,Electronics,Monitor,12,12000,144000,42188
ORD05106,2025-08-26,North,Amit,Furniture,Chair,8,3000,24000,5664
ORD05107,2025-03-24,South,Anita,Furniture,Sofa,16,25000,400000,82463
ORD05108,2025-07-19,South,Priya,Electronics,Monitor,4,12000,48000,9125
ORD05109,2025-05-15,East,Suresh,Electronics,Laptop,3,50000,150000,43171
ORD05110,2025-10-19,East,Arun,Electronics,Monitor,6,12000,72000,15546
ORD05111,2025-05-03,North,Raj,Furniture,Sofa,14,25000,350000,78344
ORD05112,2025-11-11,South,Anita,Electronics,Laptop,7,50000,350000,101484
ORD05113,2025-03-17,West,Meena,Electronics,Monitor,5,12000,60000,7819
ORD05114,2025-07-05,North,Vikram,Furniture,Sofa,4,25000,100000,13648
ORD05115,2025-05-16,South,Karthik,Furniture,Sofa,9,25000,225000,56747
ORD05116,2025-04-28,North,Vikram,Furniture,Table,11,8000,88000,16645
ORD05117,2025-09-01,East,Riya,Furniture,Chair,2,3000,6000,842
ORD05118,2025-09-17,North,Vikram,Furniture,Sofa,16,25000,400000,61967
ORD05119,2025-07-24,West,Meena,Furniture,Sofa,14,25000,350000,94497
ORD05120,2025-04-14,West,Sneha,Furniture,Sofa,11,25000,275000,28599
ORD05121,2025-11-23,West,Sneha,Furniture,Chair,2,3000,6000,716
ORD05122,2025-01-19,West,Sneha,Furniture,Chair,20,3000,60000,9015
ORD05123,2025-08-19,North,Raj,Furniture,Chair,14,3000,42000,8508
ORD05124,2025-03-23,East,Suresh,Furniture,Table,9,8000,72000,12662
ORD05125,2025-07-13,South,Anita,Furniture,Chair,11,3000,33000,8747
ORD05126,2025-08-27,South,Priya,Electronics,Mobile,5,20000,100000,25471
ORD05127,2025-10-26,North,Amit,Furniture,Sofa,13,25000,325000,61753
ORD05128,2025-05-09,East,Suresh,Furniture,Sofa,2,25000,50000,5974
ORD05129,2025-10-07,East,Arun,Electronics,Monitor,11,12000,132000,23639
ORD05130,2025-03-25,East,Arun,Furniture,Sofa,3,25000,75000,14383
ORD05131,2025-05-12,West,Rahul,Furniture,Table,18,8000,144000,34938
ORD05132,2025-12-11,South,Anita,Electronics,Mobile,16,20000,320000,40296
ORD05133,2025-11-17,South,Priya,Furniture,Table,4,8000,32000,3512
ORD05134,2025-07-25,East,Suresh,Furniture,Chair,9,3000,27000,6904
ORD05135,2025-04-05,East,Riya,Furniture,Chair,5,3000,15000,4463
ORD05136,2025-01-04,North,Amit,Electronics,Laptop,16,50000,800000,86601
ORD05137,2025-03-19,South,Priya,Electronics,Monitor,11,12000,132000,28439
ORD05138,2025-05-15,South,Anita,Electronics,Monitor,18,12000,216000,30547
ORD05139,2025-01-14,North,Amit,Furniture,Sofa,8,25000,200000,23052
ORD05140,2025-11-09,North,Vikram,Furniture,Sofa,6,25000,150000,26180
ORD05141,2025-12-19,South,Karthik,Furniture,Chair,6,3000,18000,3872
ORD05142,2025-04-25,East,Arun,Furniture,Sofa,8,25000,200000,32162
ORD05143,2025-03-02,West,Rahul,Furniture,Chair,6,3000,18000,3645
ORD05144,2025-08-21,East,Arun,Furniture,Chair,3,3000,9000,2519
ORD05145,2025-09-16,West,Meena,Electronics,Monitor,17,12000,204000,50849
ORD05146,2025-07-01,East,Arun,Furniture,Table,11,8000,88000,20423
ORD05147,2025-10-08,East,Arun,Electronics,Laptop,20,50000,1000000,224972
ORD05148,2025-05-09,North,Vikram,Furniture,Chair,14,3000,42000,11950
ORD05149,2025-03-31,South,Priya,Electronics,Mobile,4,20000,80000,16696
ORD05150,2025-09-09,East,Riya,Electronics,Monitor,2,12000,24000,5245
ORD05151,2025-08-04,East,Riya,Furniture,Chair,8,3000,24000,4260
ORD05152,2025-03-11,East,Arun,Furniture,Sofa,13,25000,325000,94383
ORD05153,2025-12-08,South,Anita,Furniture,Table,1,8000,8000,2290
ORD05154,2025-08-11,East,Riya,Furniture,Chair,3,3000,9000,2450
ORD05155,2025-07-20,North,Amit,Electronics,Laptop,1,50000,50000,10928
ORD05156,2025-11-22,West,Sneha,Electronics,Mobile,2,20000,40000,7834
ORD05157,2025-02-13,North,Amit,Furniture,Sofa,11,25000,275000,44115
ORD05158,2025-06-23,East,Suresh,Electronics,Mobile,1,20000,20000,4427
ORD05159,2025-08-26,West,Sneha,Electronics,Mobile,19,20000,380000,81482
ORD05160,2025-07-22,South,Karthik,Electronics,Mobile,16,20000,320000,45578
ORD05161,2025-05-29,North,Raj,Electronics,Laptop,12,50000,600000,137717
ORD05162,2025-09-18,South,Karthik,Electronics,Monitor,10,12000,120000,26919
ORD05163,2025-04-03,South,Anita,Electronics,Monitor,2,12000,24000,4824
ORD05164,2025-02-28,South,Karthik,Furniture,Table,6,8000,48000,9460
ORD05165,2025-06-25,East,Arun,Furniture,Table,14,8000,112000,16032
ORD05166,2025-12-16,South,Karthik,Furniture,Sofa,19,25000,475000,79681
ORD05167,2025-01-20,East,Riya,Electronics,Mobile,3,20000,60000,9713
ORD05168,2025-05-06,North,Vikram,Furniture,Chair,1,3000,3000,881
ORD05169,2025-09-23,East,Arun,Furniture,Chair,1,3000,3000,682
ORD05170,2025-07-24,West,Rahul,Electronics,Monitor,19,12000,228000,68338
ORD05171,2025-08-14,North,Vikram,Furniture,Table,16,8000,128000,32292
ORD05172,2025-08-19,North,Vikram,Furniture,Table,3,8000,24000,2473
ORD05173,2025-11-07,South,Anita,Furniture,Table,4,8000,32000,4408
ORD05174,2025-09-25,East,Riya,Electronics,Monitor,16,12000,192000,34240
ORD05175,2025-03-18,North,Raj,Furniture,Sofa,15,25000,375000,44200
ORD05176,2025-11-12,West,Rahul,Electronics,Laptop,3,50000,150000,31016
ORD05177,2025-12-25,South,Priya,Furniture,Chair,8,3000,24000,5050
ORD05178,2025-01-31,East,Riya,Electronics,Mobile,20,20000,400000,40915
ORD05179,2025-09-08,East,Arun,Electronics,Monitor,5,12000,60000,11678
ORD05180,2025-03-15,West,Sneha,Furniture,Sofa,4,25000,100000,14511
ORD05181,2025-10-31,North,Vikram,Electronics,Mobile,19,20000,380000,93575
ORD05182,2025-12-30,North,Raj,Furniture,Chair,1,3000,3000,570
ORD05183,2025-02-21,West,Meena,Electronics,Monitor,12,12000,144000,28693
ORD05184,2025-12-12,North,Amit,Electronics,Mobile,4,20000,80000,11758
ORD05185,2025-08-19,South,Anita,Electronics,Monitor,6,12000,72000,8029
ORD05186,2025-01-10,West,Sneha,Furniture,Sofa,6,25000,150000,29568
ORD05187,2025-03-25,North,Vikram,Electronics,Laptop,12,50000,600000,161552
ORD05188,2025-12-22,West,Meena,Electronics,Monitor,1,12000,12000,1791
ORD05189,2025-02-24,East,Suresh,Furniture,Chair,5,3000,15000,2556
ORD05190,2025-05-07,North,Vikram,Electronics,Monitor,20,12000,240000,66901
ORD05191,2025-04-17,South,Priya,Electronics,Laptop,5,50000,250000,59929
ORD05192,2025-11-10,East,Suresh,Electronics,Laptop,10,50000,500000,78891
ORD05193,2025-06-02,West,Rahul,Furniture,Table,15,8000,120000,12364
ORD05194,2025-04-01,South,Anita,Furniture,Chair,1,3000,3000,501
ORD05195,2025-05-17,East,Riya,Electronics,Mobile,7,20000,140000,39725
ORD05196,2025-06-29,South,Priya,Electronics,Mobile,15,20000,300000,33243
ORD05197,2025-05-04,West,Meena,Electronics,Laptop,15,50000,750000,139285
ORD05198,2025-07-13,East,Arun,Electronics,Mobile,15,20000,300000,80701
ORD05199,2025-04-14,West,Meena,Furniture,Table,17,8000,136000,32162
ORD05200,2025-02-24,South,Anita,Electronics,Monitor,19,12000,228000,62956
ORD05201,2025-02-12,West,Rahul,Electronics,Monitor,15,12000,180000,22390
ORD05202,2025-12-09,South,Karthik,Furniture,Table,5,8000,40000,9525
ORD05203,2025-09-19,South,Karthik,Furniture,Chair,18,3000,54000,9613
ORD05204,2025-02-14,West,Sneha,Electronics,Monitor,14,12000,168000,29016
ORD05205,2025-08-19,North,Amit,Electronics,Monitor,17,12000,204000,30677
ORD05206,2025-09-27,North,Raj,Electronics,Laptop,6,50000,300000,45055
ORD05207,2025-11-05,North,Vikram,Furniture,Table,3,8000,24000,4188
ORD05208,2025-03-14,South,Priya,Electronics,Laptop,8,50000,400000,112154
ORD05209,2025-05-11,West,Meena,Electronics,Monitor,2,12000,24000,5345
ORD05210,2025-05-03,North,Amit,Electronics,Monitor,9,12000,108000,28300
ORD05211,2025-05-23,East,Arun,Furniture,Table,16,8000,128000,25261
ORD05212,2025-11-28,West,Meena,Furniture,Table,15,8000,120000,19002
ORD05213,2025-12-18,South,Priya,Electronics,Mobile,9,20000,180000,30211
ORD05214,2025-04-16,North,Vikram,Furniture,Sofa,13,25000,325000,80565
ORD05215,2025-01-30,South,Anita,Furniture,Sofa,5,25000,125000,27934
ORD05216,2025-11-04,North,Raj,Electronics,Mobile,4,20000,80000,15343
ORD05217,2025-10-31,South,Karthik,Electronics,Monitor,3,12000,36000,9458
ORD05218,2025-05-26,North,Vikram,Furniture,Chair,12,3000,36000,6551
ORD05219,2025-09-06,South,Anita,Furniture,Chair,7,3000,21000,4350
ORD05220,2025-11-21,West,Rahul,Furniture,Sofa,7,25000,175000,52464
ORD05221,2025-05-07,West,Sneha,Furniture,Chair,8,3000,24000,3557
ORD05222,2025-03-03,East,Riya,Furniture,Table,14,8000,112000,28775
ORD05223,2025-04-22,North,Vikram,Electronics,Laptop,15,50000,750000,121622
ORD05224,2025-12-10,South,Karthik,Furniture,Chair,11,3000,33000,4652
ORD05225,2025-01-14,East,Suresh,Furniture,Sofa,20,25000,500000,50312
ORD05226,2025-08-05,West,Rahul,Electronics,Monitor,10,12000,120000,35269
ORD05227,2025-03-29,West,Meena,Furniture,Chair,18,3000,54000,10659
ORD05228,2025-07-18,West,Rahul,Furniture,Chair,2,3000,6000,1324
ORD05229,2025-04-01,West,Rahul,Electronics,Mobile,19,20000,380000,88837
ORD05230,2025-06-22,South,Priya,Electronics,Monitor,16,12000,192000,33888
ORD05231,2025-03-24,West,Sneha,Electronics,Monitor,1,12000,12000,2246
ORD05232,2025-06-11,East,Suresh,Electronics,Laptop,16,50000,800000,173469
ORD05233,2025-08-19,West,Rahul,Furniture,Chair,5,3000,15000,2214
ORD05234,2025-09-29,West,Rahul,Electronics,Monitor,5,12000,60000,14499
ORD05235,2025-05-15,East,Arun,Furniture,Sofa,20,25000,500000,62989
ORD05236,2025-06-19,South,Priya,Electronics,Mobile,2,20000,40000,8798
ORD05237,2025-05-07,South,Priya,Furniture,Chair,16,3000,48000,10614
ORD05238,2025-03-13,South,Anita,Electronics,Monitor,11,12000,132000,30434
ORD05239,2025-09-14,North,Amit,Electronics,Laptop,13,50000,650000,169596
ORD05240,2025-01-25,West,Sneha,Electronics,Laptop,1,50000,50000,6226
ORD05241,2025-08-01,West,Rahul,Electronics,Laptop,19,50000,950000,127858
ORD05242,2025-11-12,North,Raj,Electronics,Laptop,18,50000,900000,167241
ORD05243,2025-04-03,North,Vikram,Furniture,Sofa,16,25000,400000,82236
ORD05244,2025-07-31,North,Vikram,Furniture,Table,18,8000,144000,28478
ORD05245,2025-04-03,North,Vikram,Electronics,Monitor,3,12000,36000,6535
ORD05246,2025-06-01,East,Riya,Furniture,Table,17,8000,136000,14171
ORD05247,2025-05-12,East,Riya,Furniture,Sofa,19,25000,475000,142242
ORD05248,2025-04-11,East,Suresh,Furniture,Chair,6,3000,18000,2634
ORD05249,2025-05-17,North,Raj,Furniture,Chair,1,3000,3000,751
ORD05250,2025-10-29,North,Amit,Electronics,Laptop,6,50000,300000,45790
ORD05251,2025-03-23,North,Raj,Furniture,Sofa,11,25000,275000,39465
ORD05252,2025-04-19,South,Anita,Electronics,Laptop,17,50000,850000,136012
ORD05253,2025-02-03,West,Rahul,Electronics,Monitor,18,12000,216000,54893
ORD05254,2025-12-11,West,Meena,Furniture,Table,1,8000,8000,1826
ORD05255,2025-07-03,South,Karthik,Electronics,Monitor,17,12000,204000,42064
ORD05256,2025-04-20,North,Vikram,Electronics,Monitor,11,12000,132000,31092
ORD05257,2025-12-14,South,Karthik,Electronics,Laptop,7,50000,350000,93814
ORD05258,2025-03-06,South,Karthik,Furniture,Table,16,8000,128000,34323
ORD05259,2025-11-12,East,Suresh,Electronics,Monitor,9,12000,108000,11104
ORD05260,2025-02-27,West,Rahul,Electronics,Monitor,8,12000,96000,15029
ORD05261,2025-12-06,East,Riya,Electronics,Monitor,10,12000,120000,35776
ORD05262,2025-04-16,South,Karthik,Furniture,Table,18,8000,144000,15109
ORD05263,2025-03-25,North,Raj,Furniture,Table,14,8000,112000,18448
ORD05264,2025-03-22,North,Raj,Electronics,Laptop,14,50000,700000,130685
ORD05265,2025-10-11,North,Amit,Electronics,Laptop,13,50000,650000,150864
ORD05266,2025-08-23,West,Meena,Furniture,Table,16,8000,128000,34424
ORD05267,2025-05-02,North,Raj,Electronics,Monitor,7,12000,84000,21345
ORD05268,2025-10-06,East,Arun,Electronics,Mobile,11,20000,220000,27620
ORD05269,2025-12-18,West,Sneha,Electronics,Laptop,14,50000,700000,70247
ORD05270,2025-11-28,South,Anita,Electronics,Monitor,19,12000,228000,54513
ORD05271,2025-06-28,East,Riya,Electronics,Monitor,3,12000,36000,8756
ORD05272,2025-12-20,North,Raj,Electronics,Mobile,14,20000,280000,71161
ORD05273,2025-10-26,West,Sneha,Furniture,Table,6,8000,48000,10766
ORD05274,2025-11-23,North,Vikram,Electronics,Mobile,18,20000,360000,98188
ORD05275,2025-02-03,South,Anita,Electronics,Mobile,3,20000,60000,12934
ORD05276,2025-09-08,South,Anita,Electronics,Laptop,20,50000,1000000,260425
ORD05277,2025-09-17,South,Anita,Furniture,Sofa,7,25000,175000,50099
ORD05278,2025-03-20,West,Sneha,Furniture,Sofa,5,25000,125000,17313
ORD05279,2025-11-18,East,Suresh,Furniture,Sofa,14,25000,350000,81553
ORD05280,2025-02-25,South,Karthik,Furniture,Table,16,8000,128000,32894
ORD05281,2025-10-26,East,Suresh,Furniture,Chair,9,3000,27000,6127
ORD05282,2025-12-19,East,Arun,Electronics,Laptop,17,50000,850000,174965
ORD05283,2025-05-13,South,Priya,Furniture,Chair,9,3000,27000,7080
ORD05284,2025-01-13,West,Rahul,Electronics,Mobile,19,20000,380000,106687
ORD05285,2025-07-30,East,Suresh,Electronics,Laptop,7,50000,350000,93187
ORD05286,2025-11-02,North,Raj,Electronics,Laptop,16,50000,800000,123529
ORD05287,2025-07-29,East,Riya,Furniture,Chair,11,3000,33000,9311
ORD05288,2025-12-24,West,Meena,Electronics,Monitor,6,12000,72000,12002
ORD05289,2025-05-25,East,Arun,Electronics,Monitor,8,12000,96000,22171
ORD05290,2025-01-26,North,Vikram,Electronics,Mobile,7,20000,140000,30750
ORD05291,2025-05-25,South,Priya,Furniture,Sofa,18,25000,450000,108365
ORD05292,2025-09-09,West,Meena,Furniture,Sofa,17,25000,425000,73768
ORD05293,2025-12-11,North,Amit,Furniture,Table,4,8000,32000,9302
ORD05294,2025-07-11,North,Vikram,Electronics,Monitor,20,12000,240000,51634
ORD05295,2025-10-12,East,Suresh,Electronics,Laptop,8,50000,400000,114100
ORD05296,2025-04-02,West,Meena,Furniture,Sofa,3,25000,75000,8216
ORD05297,2025-10-21,East,Suresh,Furniture,Chair,18,3000,54000,8400
ORD05298,2025-10-14,North,Amit,Electronics,Mobile,5,20000,100000,21492
ORD05299,2025-07-26,East,Riya,Furniture,Sofa,15,25000,375000,88412
ORD05300,2025-12-19,South,Karthik,Electronics,Monitor,1,12000,12000,2834
ORD05301,2025-10-13,West,Rahul,Furniture,Table,14,8000,112000,20717
ORD05302,2025-06-07,East,Suresh,Furniture,Sofa,16,25000,400000,83713
ORD05303,2025-05-20,South,Priya,Electronics,Monitor,5,12000,60000,13394
ORD05304,2025-01-27,West,Meena,Electronics,Laptop,18,50000,900000,133549
ORD05305,2025-06-29,South,Karthik,Electronics,Monitor,10,12000,120000,20964
ORD05306,2025-06-20,West,Rahul,Furniture,Table,5,8000,40000,6384
ORD05307,2025-01-24,East,Arun,Furniture,Table,1,8000,8000,1775
ORD05308,2025-04-13,South,Anita,Electronics,Monitor,7,12000,84000,10136
ORD05309,2025-06-10,North,Amit,Electronics,Monitor,9,12000,108000,16297
ORD05310,2025-02-21,West,Meena,Electronics,Monitor,2,12000,24000,4554
ORD05311,2025-06-04,West,Rahul,Furniture,Chair,17,3000,51000,12826
ORD05312,2025-03-06,North,Vikram,Electronics,Laptop,20,50000,1000000,294307
ORD05313,2025-03-31,North,Amit,Electronics,Monitor,13,12000,156000,45769
ORD05314,2025-06-29,West,Meena,Furniture,Sofa,19,25000,475000,128135
ORD05315,2025-04-14,East,Riya,Furniture,Sofa,2,25000,50000,12289
ORD05316,2025-07-11,West,Sneha,Furniture,Chair,13,3000,39000,4535
ORD05317,2025-09-03,South,Karthik,Electronics,Mobile,18,20000,360000,96719
ORD05318,2025-09-09,South,Karthik,Electronics,Mobile,18,20000,360000,106970
ORD05319,2025-05-13,East,Arun,Electronics,Laptop,13,50000,650000,177312
ORD05320,2025-01-08,East,Suresh,Electronics,Laptop,18,50000,900000,125890
ORD05321,2025-03-19,East,Arun,Furniture,Table,1,8000,8000,2335
ORD05322,2025-04-04,East,Riya,Furniture,Sofa,4,25000,100000,26356
ORD05323,2025-03-13,West,Rahul,Electronics,Monitor,9,12000,108000,14153
ORD05324,2025-01-14,North,Amit,Furniture,Sofa,19,25000,475000,64575
ORD05325,2025-11-13,West,Rahul,Furniture,Sofa,6,25000,150000,26860
ORD05326,2025-02-14,East,Suresh,Furniture,Chair,5,3000,15000,3828
ORD05327,2025-08-10,South,Anita,Furniture,Chair,14,3000,42000,10737
ORD05328,2025-09-02,East,Suresh,Electronics,Laptop,8,50000,400000,118118
ORD05329,2025-10-31,South,Karthik,Electronics,Mobile,19,20000,380000,59361
ORD05330,2025-11-18,West,Rahul,Furniture,Sofa,15,25000,375000,112424
ORD05331,2025-07-09,North,Vikram,Furniture,Sofa,16,25000,400000,49577
ORD05332,2025-10-09,East,Riya,Furniture,Table,13,8000,104000,13065
ORD05333,2025-03-27,South,Karthik,Furniture,Table,13,8000,104000,20245
ORD05334,2025-10-15,South,Karthik,Electronics,Laptop,6,50000,300000,59394
ORD05335,2025-05-25,East,Suresh,Furniture,Table,8,8000,64000,8860
ORD05336,2025-10-04,North,Vikram,Furniture,Chair,15,3000,45000,11834
ORD05337,2025-01-20,North,Raj,Furniture,Sofa,16,25000,400000,114806
ORD05338,2025-08-15,West,Sneha,Electronics,Monitor,12,12000,144000,26768
ORD05339,2025-03-26,West,Rahul,Furniture,Chair,20,3000,60000,9366
ORD05340,2025-08-05,East,Arun,Furniture,Chair,2,3000,6000,683
ORD05341,2025-03-22,North,Amit,Electronics,Laptop,8,50000,400000,74760
ORD05342,2025-06-09,North,Raj,Electronics,Monitor,5,12000,60000,14422
ORD05343,2025-04-23,South,Karthik,Electronics,Monitor,19,12000,228000,39960
ORD05344,2025-08-30,South,Karthik,Furniture,Table,4,8000,32000,7630
ORD05345,2025-03-25,East,Arun,Electronics,Mobile,11,20000,220000,54888
ORD05346,2025-03-02,West,Meena,Electronics,Mobile,16,20000,320000,37585
ORD05347,2025-12-13,East,Suresh,Furniture,Sofa,6,25000,150000,28085
ORD05348,2025-05-31,South,Priya,Electronics,Laptop,18,50000,900000,134952
ORD05349,2025-01-21,North,Vikram,Furniture,Table,9,8000,72000,15196
ORD05350,2025-04-20,West,Sneha,Electronics,Laptop,12,50000,600000,121794
ORD05351,2025-12-11,East,Riya,Furniture,Table,12,8000,96000,27748
ORD05352,2025-12-03,South,Priya,Furniture,Chair,20,3000,60000,10688
ORD05353,2025-03-16,North,Raj,Electronics,Laptop,14,50000,700000,176005
ORD05354,2025-04-11,East,Arun,Furniture,Chair,19,3000,57000,12266
ORD05355,2025-12-25,East,Riya,Furniture,Sofa,10,25000,250000,39082
ORD05356,2025-05-21,South,Anita,Electronics,Mobile,11,20000,220000,39515
ORD05357,2025-11-03,West,Meena,Electronics,Mobile,16,20000,320000,79988
ORD05358,2025-01-26,East,Arun,Electronics,Laptop,3,50000,150000,23031
ORD05359,2025-01-14,North,Amit,Electronics,Mobile,17,20000,340000,51018
ORD05360,2025-05-14,West,Meena,Electronics,Mobile,6,20000,120000,20046
ORD05361,2025-07-03,East,Arun,Electronics,Laptop,18,50000,900000,220348
ORD05362,2025-10-20,West,Sneha,Furniture,Table,11,8000,88000,20533
ORD05363,2025-10-15,South,Anita,Electronics,Laptop,9,50000,450000,101058
ORD05364,2025-01-28,South,Priya,Electronics,Mobile,7,20000,140000,25562
ORD05365,2025-05-26,East,Suresh,Electronics,Mobile,12,20000,240000,48451
ORD05366,2025-05-20,East,Arun,Furniture,Sofa,15,25000,375000,72174
ORD05367,2025-07-22,East,Arun,Furniture,Chair,16,3000,48000,6250
ORD05368,2025-09-15,South,Karthik,Electronics,Laptop,9,50000,450000,87813
ORD05369,2025-01-26,East,Riya,Furniture,Chair,9,3000,27000,3834
ORD05370,2025-04-27,East,Suresh,Electronics,Mobile,3,20000,60000,17094
ORD05371,2025-07-21,South,Priya,Electronics,Laptop,18,50000,900000,231271
ORD05372,2025-10-08,South,Karthik,Furniture,Table,7,8000,56000,14078
ORD05373,2025-02-08,South,Anita,Electronics,Mobile,15,20000,300000,89002
ORD05374,2025-07-15,West,Sneha,Furniture,Table,5,8000,40000,8921
ORD05375,2025-08-10,East,Riya,Electronics,Laptop,7,50000,350000,86722
ORD05376,2025-04-18,East,Riya,Furniture,Chair,13,3000,39000,7415
ORD05377,2025-11-16,West,Rahul,Electronics,Mobile,20,20000,400000,52035
ORD05378,2025-10-22,East,Suresh,Electronics,Laptop,9,50000,450000,98253
ORD05379,2025-01-14,South,Anita,Furniture,Table,4,8000,32000,6511
ORD05380,2025-02-01,East,Riya,Furniture,Chair,11,3000,33000,4994
ORD05381,2025-09-14,South,Anita,Furniture,Chair,13,3000,39000,8526
ORD05382,2025-05-28,East,Suresh,Electronics,Mobile,3,20000,60000,13716
ORD05383,2025-05-18,West,Meena,Electronics,Laptop,16,50000,800000,89532
ORD05384,2025-02-16,West,Rahul,Electronics,Mobile,14,20000,280000,38950
ORD05385,2025-06-19,North,Raj,Furniture,Table,20,8000,160000,38881
ORD05386,2025-03-07,North,Amit,Electronics,Monitor,20,12000,240000,30545
ORD05387,2025-12-26,South,Karthik,Electronics,Mobile,12,20000,240000,47764
ORD05388,2025-05-05,North,Raj,Electronics,Mobile,7,20000,140000,28164
ORD05389,2025-10-08,West,Rahul,Electronics,Monitor,4,12000,48000,8694
ORD05390,2025-04-23,East,Riya,Furniture,Chair,1,3000,3000,717
ORD05391,2025-04-09,East,Arun,Electronics,Mobile,16,20000,320000,57512
ORD05392,2025-11-05,North,Raj,Furniture,Chair,8,3000,24000,3386
ORD05393,2025-08-30,West,Rahul,Electronics,Laptop,16,50000,800000,220804
ORD05394,2025-03-08,West,Rahul,Electronics,Monitor,3,12000,36000,9201
ORD05395,2025-12-30,North,Raj,Electronics,Monitor,4,12000,48000,11206
ORD05396,2025-03-03,North,Vikram,Electronics,Mobile,12,20000,240000,63397
ORD05397,2025-09-28,East,Riya,Electronics,Mobile,3,20000,60000,15381
ORD05398,2025-09-30,East,Riya,Electronics,Monitor,18,12000,216000,51181
ORD05399,2025-07-24,North,Vikram,Electronics,Laptop,11,50000,550000,96315
ORD05400,2025-10-02,West,Rahul,Furniture,Table,4,8000,32000,9173
ORD05401,2025-03-13,West,Sneha,Furniture,Table,10,8000,80000,21725
ORD05402,2025-02-06,North,Amit,Electronics,Laptop,20,50000,1000000,178437
ORD05403,2025-06-22,West,Rahul,Electronics,Mobile,12,20000,240000,40772
ORD05404,2025-07-01,West,Meena,Electronics,Laptop,16,50000,800000,220363
ORD05405,2025-07-25,North,Raj,Electronics,Laptop,13,50000,650000,160664
ORD05406,2025-11-25,North,Raj,Electronics,Monitor,1,12000,12000,3074
ORD05407,2025-02-13,East,Arun,Furniture,Sofa,10,25000,250000,47582
ORD05408,2025-06-03,South,Priya,Furniture,Table,6,8000,48000,9876
ORD05409,2025-01-02,North,Vikram,Furniture,Table,20,8000,160000,46143
ORD05410,2025-12-08,North,Amit,Electronics,Mobile,10,20000,200000,25734
ORD05411,2025-07-12,East,Arun,Electronics,Mobile,11,20000,220000,52791
ORD05412,2025-11-01,South,Karthik,Furniture,Table,16,8000,128000,37411
ORD05413,2025-05-21,East,Arun,Furniture,Chair,7,3000,21000,2847
ORD05414,2025-12-31,East,Riya,Electronics,Mobile,10,20000,200000,54837
ORD05415,2025-12-07,East,Arun,Electronics,Monitor,20,12000,240000,69787
ORD05416,2025-10-24,South,Anita,Electronics,Laptop,6,50000,300000,78770
ORD05417,2025-07-09,West,Meena,Electronics,Laptop,2,50000,100000,14769
ORD05418,2025-02-15,South,Karthik,Furniture,Sofa,5,25000,125000,28079
ORD05419,2025-03-05,East,Riya,Electronics,Mobile,13,20000,260000,69875
ORD05420,2025-06-07,North,Vikram,Electronics,Laptop,1,50000,50000,13841
ORD05421,2025-03-17,West,Meena,Furniture,Chair,7,3000,21000,3867
ORD05422,2025-11-14,East,Arun,Furniture,Chair,20,3000,60000,15010
ORD05423,2025-06-29,East,Suresh,Furniture,Table,20,8000,160000,38992
ORD05424,2025-09-29,East,Arun,Electronics,Monitor,13,12000,156000,16434
ORD05425,2025-08-29,South,Karthik,Furniture,Sofa,9,25000,225000,26524
ORD05426,2025-08-17,East,Arun,Furniture,Table,12,8000,96000,16900
ORD05427,2025-08-02,South,Karthik,Electronics,Monitor,18,12000,216000,44190
ORD05428,2025-12-31,South,Karthik,Electronics,Laptop,1,50000,50000,6846
ORD05429,2025-07-18,West,Sneha,Furniture,Table,14,8000,112000,23268
ORD05430,2025-10-18,South,Karthik,Electronics,Mobile,20,20000,400000,119942
ORD05431,2025-06-27,South,Karthik,Electronics,Mobile,5,20000,100000,14692
ORD05432,2025-11-07,North,Amit,Electronics,Monitor,10,12000,120000,21996
ORD05433,2025-03-21,North,Amit,Furniture,Table,19,8000,152000,39603
ORD05434,2025-01-31,North,Raj,Furniture,Chair,16,3000,48000,13138
ORD05435,2025-06-21,West,Meena,Furniture,Chair,9,3000,27000,3234
ORD05436,2025-02-21,North,Vikram,Electronics,Monitor,3,12000,36000,10344
ORD05437,2025-06-03,South,Karthik,Furniture,Sofa,20,25000,500000,53257
ORD05438,2025-09-17,East,Riya,Furniture,Table,2,8000,16000,2456
ORD05439,2025-03-21,North,Amit,Furniture,Table,4,8000,32000,6111
ORD05440,2025-07-24,North,Raj,Furniture,Sofa,6,25000,150000,33878
ORD05441,2025-05-12,North,Vikram,Furniture,Chair,11,3000,33000,7228
ORD05442,2025-10-16,South,Karthik,Electronics,Monitor,10,12000,120000,13360
ORD05443,2025-03-01,West,Meena,Furniture,Sofa,7,25000,175000,52059
ORD05444,2025-04-28,West,Rahul,Electronics,Laptop,14,50000,700000,119854
ORD05445,2025-11-06,East,Riya,Electronics,Laptop,8,50000,400000,90293
ORD05446,2025-11-07,South,Priya,Electronics,Laptop,12,50000,600000,163305
ORD05447,2025-01-13,South,Karthik,Electronics,Laptop,18,50000,900000,205535
ORD05448,2025-09-14,North,Vikram,Electronics,Monitor,20,12000,240000,34987
ORD05449,2025-11-05,South,Karthik,Furniture,Table,17,8000,136000,38737
ORD05450,2025-08-09,North,Raj,Furniture,Sofa,17,25000,425000,90202
ORD05451,2025-10-19,East,Suresh,Electronics,Laptop,3,50000,150000,42771
ORD05452,2025-09-07,West,Rahul,Electronics,Monitor,18,12000,216000,52459
ORD05453,2025-11-25,West,Meena,Furniture,Table,19,8000,152000,43009
ORD05454,2025-02-07,East,Arun,Electronics,Mobile,13,20000,260000,70635
ORD05455,2025-07-19,West,Rahul,Electronics,Mobile,1,20000,20000,4496
ORD05456,2025-07-15,South,Priya,Furniture,Sofa,2,25000,50000,5499
ORD05457,2025-09-24,West,Sneha,Electronics,Monitor,19,12000,228000,39217
ORD05458,2025-10-09,North,Vikram,Electronics,Mobile,5,20000,100000,21917
ORD05459,2025-12-04,West,Meena,Furniture,Chair,3,3000,9000,1841
ORD05460,2025-08-13,South,Priya,Electronics,Monitor,18,12000,216000,52144
ORD05461,2025-05-13,North,Raj,Electronics,Mobile,4,20000,80000,19408
ORD05462,2025-10-23,West,Meena,Furniture,Chair,20,3000,60000,8330
ORD05463,2025-03-09,South,Karthik,Electronics,Laptop,13,50000,650000,162928
ORD05464,2025-10-12,West,Meena,Electronics,Monitor,19,12000,228000,66031
ORD05465,2025-09-07,South,Anita,Furniture,Table,14,8000,112000,13380
ORD05466,2025-01-07,West,Meena,Furniture,Sofa,17,25000,425000,121526
ORD05467,2025-10-06,East,Suresh,Furniture,Chair,13,3000,39000,6762
ORD05468,2025-04-10,South,Priya,Electronics,Laptop,14,50000,700000,152556
ORD05469,2025-05-13,East,Riya,Electronics,Monitor,13,12000,156000,25580
ORD05470,2025-06-24,East,Riya,Electronics,Mobile,8,20000,160000,20552
ORD05471,2025-05-04,North,Raj,Electronics,Mobile,3,20000,60000,9347
ORD05472,2025-06-02,North,Vikram,Furniture,Chair,7,3000,21000,2396
ORD05473,2025-03-08,East,Riya,Furniture,Sofa,20,25000,500000,59984
ORD05474,2025-03-23,North,Vikram,Electronics,Monitor,4,12000,48000,11174
ORD05475,2025-09-16,West,Rahul,Furniture,Table,11,8000,88000,22446
ORD05476,2025-04-05,West,Rahul,Furniture,Table,16,8000,128000,31862
ORD05477,2025-03-09,North,Vikram,Electronics,Monitor,19,12000,228000,59631
ORD05478,2025-05-19,North,Vikram,Electronics,Mobile,6,20000,120000,32197
ORD05479,2025-09-20,West,Meena,Electronics,Mobile,13,20000,260000,70445
ORD05480,2025-05-17,South,Priya,Furniture,Table,20,8000,160000,46384
ORD05481,2025-12-19,South,Karthik,Electronics,Monitor,12,12000,144000,34117
ORD05482,2025-08-12,South,Priya,Furniture,Chair,6,3000,18000,2515
ORD05483,2025-08-11,South,Anita,Furniture,Table,5,8000,40000,11256
ORD05484,2025-06-05,West,Sneha,Electronics,Monitor,11,12000,132000,28313
ORD05485,2025-10-25,West,Rahul,Furniture,Table,19,8000,152000,19948
ORD05486,2025-04-28,South,Karthik,Electronics,Monitor,3,12000,36000,4077
ORD05487,2025-08-03,West,Rahul,Electronics,Monitor,15,12000,180000,51379
ORD05488,2025-02-21,East,Suresh,Electronics,Monitor,2,12000,24000,2994
ORD05489,2025-04-18,West,Sneha,Electronics,Laptop,12,50000,600000,163937
ORD05490,2025-01-24,West,Sneha,Electronics,Laptop,18,50000,900000,127741
ORD05491,2025-06-15,West,Meena,Furniture,Sofa,4,25000,100000,27663
ORD05492,2025-03-17,East,Suresh,Electronics,Laptop,13,50000,650000,132416
ORD05493,2025-08-08,West,Meena,Furniture,Table,9,8000,72000,7234
ORD05494,2025-12-10,South,Anita,Electronics,Mobile,12,20000,240000,29075
ORD05495,2025-06-23,East,Suresh,Electronics,Laptop,2,50000,100000,23391
ORD05496,2025-11-02,South,Priya,Furniture,Sofa,13,25000,325000,80642
ORD05497,2025-12-09,East,Riya,Furniture,Chair,3,3000,9000,1723
ORD05498,2025-06-02,West,Sneha,Furniture,Table,8,8000,64000,15399
ORD05499,2025-05-30,North,Raj,Electronics,Mobile,2,20000,40000,4904
ORD05500,2025-05-03,East,Riya,Furniture,Table,10,8000,80000,23411
ORD05501,2025-06-15,North,Vikram,Electronics,Mobile,18,20000,360000,57383
ORD05502,2025-11-04,West,Sneha,Furniture,Table,11,8000,88000,16394
ORD05503,2025-02-24,East,Suresh,Furniture,Chair,18,3000,54000,12943
ORD05504,2025-08-16,South,Anita,Furniture,Chair,19,3000,57000,15422
ORD05505,2025-10-04,South,Karthik,Electronics,Mobile,5,20000,100000,25652
ORD05506,2025-05-27,North,Vikram,Furniture,Chair,18,3000,54000,5984
ORD05507,2025-05-25,North,Raj,Furniture,Table,16,8000,128000,27530
ORD05508,2025-06-05,East,Suresh,Furniture,Table,11,8000,88000,12280
ORD05509,2025-05-27,East,Arun,Electronics,Mobile,11,20000,220000,47918
ORD05510,2025-05-03,East,Suresh,Furniture,Table,8,8000,64000,15262
ORD05511,2025-10-31,East,Arun,Furniture,Sofa,14,25000,350000,53390
ORD05512,2025-06-22,South,Karthik,Electronics,Mobile,17,20000,340000,96911
ORD05513,2025-07-24,West,Rahul,Electronics,Mobile,3,20000,60000,9014
ORD05514,2025-08-11,East,Arun,Furniture,Chair,6,3000,18000,5223
ORD05515,2025-09-08,West,Meena,Electronics,Monitor,1,12000,12000,2171
ORD05516,2025-05-22,South,Anita,Furniture,Sofa,10,25000,250000,73070
ORD05517,2025-10-30,North,Raj,Electronics,Laptop,17,50000,850000,155247
ORD05518,2025-11-22,West,Meena,Furniture,Chair,12,3000,36000,6055
ORD05519,2025-04-29,North,Amit,Furniture,Chair,5,3000,15000,2237
ORD05520,2025-10-29,South,Karthik,Electronics,Laptop,15,50000,750000,80083
ORD05521,2025-09-12,North,Vikram,Furniture,Sofa,2,25000,50000,8345
ORD05522,2025-05-24,South,Priya,Furniture,Sofa,4,25000,100000,14445
ORD05523,2025-06-06,South,Karthik,Electronics,Mobile,16,20000,320000,94784
ORD05524,2025-11-21,South,Priya,Electronics,Laptop,2,50000,100000,17893
ORD05525,2025-06-25,West,Rahul,Electronics,Mobile,14,20000,280000,47393
ORD05526,2025-11-14,North,Amit,Electronics,Monitor,10,12000,120000,31647
ORD05527,2025-10-22,North,Vikram,Electronics,Mobile,7,20000,140000,24015
ORD05528,2025-10-28,South,Priya,Furniture,Chair,12,3000,36000,9908
ORD05529,2025-09-05,West,Meena,Furniture,Chair,1,3000,3000,527
ORD05530,2025-09-15,North,Vikram,Electronics,Laptop,7,50000,350000,36199
ORD05531,2025-04-23,North,Raj,Furniture,Chair,6,3000,18000,4225
ORD05532,2025-08-29,South,Priya,Electronics,Monitor,3,12000,36000,8683
ORD05533,2025-07-20,South,Priya,Electronics,Mobile,6,20000,120000,34874
ORD05534,2025-12-21,West,Sneha,Furniture,Sofa,3,25000,75000,8855
ORD05535,2025-05-09,South,Priya,Electronics,Laptop,8,50000,400000,104604
ORD05536,2025-07-18,North,Amit,Electronics,Monitor,19,12000,228000,65184
ORD05537,2025-12-28,North,Raj,Furniture,Chair,8,3000,24000,3044
ORD05538,2025-08-21,West,Rahul,Furniture,Chair,17,3000,51000,7711
ORD05539,2025-03-06,South,Anita,Electronics,Laptop,3,50000,150000,28129
ORD05540,2025-05-12,North,Raj,Furniture,Table,15,8000,120000,20607
ORD05541,2025-03-26,East,Arun,Furniture,Sofa,16,25000,400000,89649
ORD05542,2025-03-05,South,Karthik,Furniture,Sofa,2,25000,50000,11397
ORD05543,2025-06-18,West,Sneha,Electronics,Monitor,6,12000,72000,15232
ORD05544,2025-04-06,South,Anita,Electronics,Monitor,16,12000,192000,34052
ORD05545,2025-05-09,South,Karthik,Furniture,Chair,10,3000,30000,4834
ORD05546,2025-12-22,North,Amit,Electronics,Laptop,10,50000,500000,145696
ORD05547,2025-11-19,West,Rahul,Electronics,Laptop,14,50000,700000,172441
ORD05548,2025-08-07,North,Amit,Furniture,Chair,1,3000,3000,667
ORD05549,2025-11-09,South,Priya,Furniture,Sofa,16,25000,400000,106642
ORD05550,2025-01-10,East,Suresh,Electronics,Monitor,10,12000,120000,23020
ORD05551,2025-09-03,East,Suresh,Furniture,Table,14,8000,112000,31787
ORD05552,2025-07-11,West,Sneha,Electronics,Monitor,14,12000,168000,42341
ORD05553,2025-09-25,North,Vikram,Electronics,Monitor,20,12000,240000,57470
ORD05554,2025-10-18,North,Vikram,Furniture,Chair,19,3000,57000,12511
ORD05555,2025-04-14,South,Anita,Furniture,Sofa,9,25000,225000,27409
ORD05556,2025-07-15,West,Meena,Furniture,Table,17,8000,136000,30027
ORD05557,2025-12-11,East,Suresh,Electronics,Laptop,8,50000,400000,56789
ORD05558,2025-01-31,North,Amit,Furniture,Sofa,8,25000,200000,48961
ORD05559,2025-03-22,East,Riya,Electronics,Monitor,9,12000,108000,31870
ORD05560,2025-12-19,East,Arun,Electronics,Mobile,17,20000,340000,86956
ORD05561,2025-05-20,West,Sneha,Furniture,Sofa,15,25000,375000,60233
ORD05562,2025-12-24,West,Meena,Electronics,Laptop,1,50000,50000,6708
ORD05563,2025-09-25,North,Vikram,Electronics,Mobile,19,20000,380000,69039
ORD05564,2025-12-26,North,Raj,Furniture,Chair,19,3000,57000,12411
ORD05565,2025-04-10,North,Amit,Electronics,Monitor,17,12000,204000,39477
ORD05566,2025-06-30,South,Karthik,Electronics,Laptop,8,50000,400000,72271
ORD05567,2025-11-03,West,Sneha,Electronics,Laptop,8,50000,400000,42033
ORD05568,2025-02-27,West,Meena,Furniture,Sofa,18,25000,450000,75601
ORD05569,2025-05-10,East,Riya,Electronics,Monitor,20,12000,240000,44996
ORD05570,2025-11-23,East,Riya,Furniture,Table,7,8000,56000,9734
ORD05571,2025-12-09,East,Arun,Furniture,Sofa,6,25000,150000,23216
ORD05572,2025-09-19,West,Meena,Furniture,Chair,20,3000,60000,6055
ORD05573,2025-12-23,East,Suresh,Electronics,Laptop,16,50000,800000,98596
ORD05574,2025-09-12,West,Rahul,Furniture,Chair,12,3000,36000,6059
ORD05575,2025-11-15,North,Amit,Furniture,Sofa,7,25000,175000,21826
ORD05576,2025-08-18,East,Riya,Furniture,Chair,9,3000,27000,5696
ORD05577,2025-03-28,West,Rahul,Electronics,Mobile,17,20000,340000,91986
ORD05578,2025-12-07,East,Riya,Furniture,Sofa,19,25000,475000,75238
ORD05579,2025-09-18,West,Rahul,Electronics,Mobile,18,20000,360000,45707
ORD05580,2025-08-27,East,Arun,Electronics,Mobile,20,20000,400000,54272
ORD05581,2025-11-16,East,Arun,Electronics,Monitor,1,12000,12000,2025
ORD05582,2025-04-13,East,Riya,Furniture,Chair,14,3000,42000,8638
ORD05583,2025-10-10,South,Anita,Electronics,Monitor,6,12000,72000,12814
ORD05584,2025-10-04,South,Karthik,Furniture,Chair,15,3000,45000,8949
ORD05585,2025-07-27,North,Raj,Furniture,Chair,11,3000,33000,7799
ORD05586,2025-01-11,North,Raj,Electronics,Mobile,9,20000,180000,44826
ORD05587,2025-05-01,East,Suresh,Electronics,Mobile,7,20000,140000,20745
ORD05588,2025-09-17,East,Riya,Furniture,Table,13,8000,104000,25456
ORD05589,2025-11-01,East,Riya,Electronics,Mobile,3,20000,60000,14362
ORD05590,2025-09-27,North,Vikram,Electronics,Laptop,8,50000,400000,111329
ORD05591,2025-11-16,South,Priya,Furniture,Sofa,9,25000,225000,30631
ORD05592,2025-12-24,West,Rahul,Furniture,Chair,3,3000,9000,1697
ORD05593,2025-08-22,North,Amit,Electronics,Mobile,4,20000,80000,13327
ORD05594,2025-02-23,South,Karthik,Furniture,Chair,6,3000,18000,4715
ORD05595,2025-12-25,West,Meena,Furniture,Chair,18,3000,54000,7716
ORD05596,2025-06-16,North,Raj,Furniture,Sofa,9,25000,225000,46044
ORD05597,2025-04-02,West,Sneha,Electronics,Laptop,12,50000,600000,110085
ORD05598,2025-05-26,South,Priya,Furniture,Chair,2,3000,6000,1255
ORD05599,2025-11-30,East,Riya,Furniture,Chair,13,3000,39000,5089
ORD05600,2025-03-30,South,Karthik,Furniture,Chair,7,3000,21000,4020
ORD05601,2025-02-21,South,Karthik,Furniture,Table,15,8000,120000,34940
ORD05602,2025-03-15,West,Meena,Furniture,Table,13,8000,104000,16758
ORD05603,2025-06-03,South,Anita,Furniture,Sofa,20,25000,500000,126885
ORD05604,2025-09-20,East,Arun,Electronics,Mobile,4,20000,80000,20064
ORD05605,2025-01-10,South,Anita,Electronics,Monitor,2,12000,24000,6686
ORD05606,2025-01-18,South,Anita,Electronics,Monitor,6,12000,72000,8650
ORD05607,2025-07-13,West,Rahul,Electronics,Laptop,2,50000,100000,24985
ORD05608,2025-01-23,North,Amit,Furniture,Sofa,11,25000,275000,40028
ORD05609,2025-04-05,East,Riya,Electronics,Laptop,10,50000,500000,55526
ORD05610,2025-07-23,North,Vikram,Electronics,Monitor,13,12000,156000,19844
ORD05611,2025-02-10,West,Sneha,Furniture,Table,5,8000,40000,7053
ORD05612,2025-10-12,North,Amit,Furniture,Sofa,5,25000,125000,30882
ORD05613,2025-09-25,West,Sneha,Furniture,Table,17,8000,136000,33803
ORD05614,2025-08-13,East,Riya,Furniture,Table,20,8000,160000,47331
ORD05615,2025-01-26,South,Anita,Electronics,Mobile,16,20000,320000,38894
ORD05616,2025-05-15,North,Amit,Furniture,Chair,11,3000,33000,9882
ORD05617,2025-08-25,East,Riya,Electronics,Laptop,15,50000,750000,196152
ORD05618,2025-04-08,West,Rahul,Electronics,Monitor,14,12000,168000,33476
ORD05619,2025-09-06,North,Raj,Furniture,Table,11,8000,88000,16433
ORD05620,2025-12-03,West,Sneha,Furniture,Table,13,8000,104000,12269
ORD05621,2025-08-07,South,Karthik,Electronics,Laptop,13,50000,650000,102092
ORD05622,2025-09-02,South,Priya,Furniture,Chair,13,3000,39000,7348
ORD05623,2025-12-03,West,Rahul,Electronics,Mobile,16,20000,320000,69447
ORD05624,2025-08-31,South,Anita,Electronics,Monitor,16,12000,192000,36820
ORD05625,2025-12-25,West,Rahul,Furniture,Chair,3,3000,9000,1855
ORD05626,2025-03-03,East,Riya,Electronics,Monitor,6,12000,72000,20474
ORD05627,2025-10-11,West,Sneha,Furniture,Sofa,11,25000,275000,81221
ORD05628,2025-04-25,South,Priya,Electronics,Mobile,6,20000,120000,32768
ORD05629,2025-11-09,South,Anita,Electronics,Mobile,16,20000,320000,67669
ORD05630,2025-11-19,East,Arun,Electronics,Mobile,8,20000,160000,31725
ORD05631,2025-09-10,South,Priya,Electronics,Mobile,12,20000,240000,36448
ORD05632,2025-01-01,West,Meena,Electronics,Mobile,11,20000,220000,29929
ORD05633,2025-03-16,East,Suresh,Electronics,Mobile,2,20000,40000,9128
ORD05634,2025-11-30,West,Sneha,Electronics,Laptop,8,50000,400000,118900
ORD05635,2025-03-13,East,Suresh,Electronics,Monitor,16,12000,192000,37417
ORD05636,2025-08-18,South,Karthik,Electronics,Mobile,4,20000,80000,13963
ORD05637,2025-03-30,South,Anita,Electronics,Mobile,16,20000,320000,78476
ORD05638,2025-10-04,North,Raj,Furniture,Chair,17,3000,51000,8701
ORD05639,2025-04-10,West,Sneha,Electronics,Laptop,9,50000,450000,67425
ORD05640,2025-09-09,North,Amit,Furniture,Table,9,8000,72000,17495
ORD05641,2025-09-07,North,Amit,Furniture,Sofa,18,25000,450000,53660
ORD05642,2025-05-12,East,Suresh,Furniture,Sofa,10,25000,250000,73576
ORD05643,2025-09-23,East,Riya,Furniture,Table,6,8000,48000,9743
ORD05644,2025-09-15,West,Sneha,Furniture,Chair,10,3000,30000,4209
ORD05645,2025-05-25,East,Riya,Furniture,Chair,15,3000,45000,9245
ORD05646,2025-04-21,North,Raj,Furniture,Sofa,10,25000,250000,64571
ORD05647,2025-07-27,East,Riya,Furniture,Sofa,19,25000,475000,89737
ORD05648,2025-07-11,West,Rahul,Electronics,Monitor,13,12000,156000,31521
ORD05649,2025-06-19,West,Meena,Electronics,Laptop,18,50000,900000,102548
ORD05650,2025-05-26,South,Priya,Furniture,Chair,3,3000,9000,2182
ORD05651,2025-03-21,North,Raj,Electronics,Laptop,9,50000,450000,47057
ORD05652,2025-08-17,East,Suresh,Furniture,Sofa,4,25000,100000,21630
ORD05653,2025-02-20,North,Amit,Furniture,Chair,17,3000,51000,10056
ORD05654,2025-02-28,East,Suresh,Electronics,Monitor,20,12000,240000,46798
ORD05655,2025-04-24,West,Rahul,Electronics,Laptop,7,50000,350000,70388
ORD05656,2025-12-27,South,Karthik,Electronics,Mobile,5,20000,100000,22649
ORD05657,2025-05-21,South,Karthik,Electronics,Mobile,3,20000,60000,17443
ORD05658,2025-01-21,West,Rahul,Furniture,Table,13,8000,104000,28870
ORD05659,2025-05-12,North,Amit,Furniture,Chair,16,3000,48000,14201
ORD05660,2025-05-11,East,Suresh,Electronics,Laptop,20,50000,1000000,223177
ORD05661,2025-05-27,North,Vikram,Electronics,Laptop,6,50000,300000,48194
ORD05662,2025-08-16,East,Arun,Furniture,Chair,20,3000,60000,13447
ORD05663,2025-01-21,South,Karthik,Electronics,Mobile,18,20000,360000,70760
ORD05664,2025-03-04,South,Karthik,Electronics,Monitor,18,12000,216000,38199
ORD05665,2025-04-18,West,Sneha,Electronics,Laptop,13,50000,650000,131560
ORD05666,2025-06-18,North,Raj,Furniture,Chair,12,3000,36000,9062
ORD05667,2025-07-18,North,Vikram,Electronics,Monitor,2,12000,24000,3959
ORD05668,2025-11-23,East,Riya,Electronics,Monitor,7,12000,84000,15172
ORD05669,2025-10-20,South,Anita,Furniture,Chair,14,3000,42000,6191
ORD05670,2025-12-11,North,Amit,Furniture,Chair,7,3000,21000,5734
ORD05671,2025-12-10,South,Karthik,Electronics,Mobile,8,20000,160000,42687
ORD05672,2025-10-01,East,Suresh,Furniture,Sofa,10,25000,250000,68587
ORD05673,2025-05-23,East,Riya,Furniture,Sofa,12,25000,300000,82265
ORD05674,2025-02-08,South,Priya,Electronics,Monitor,11,12000,132000,26215
ORD05675,2025-06-24,North,Amit,Furniture,Chair,8,3000,24000,5037
ORD05676,2025-01-29,South,Anita,Electronics,Monitor,14,12000,168000,22011
ORD05677,2025-08-01,North,Raj,Electronics,Mobile,13,20000,260000,31140
ORD05678,2025-04-23,West,Rahul,Electronics,Monitor,2,12000,24000,3172
ORD05679,2025-11-24,West,Rahul,Electronics,Laptop,12,50000,600000,132113
ORD05680,2025-08-07,North,Raj,Electronics,Laptop,6,50000,300000,44033
ORD05681,2025-06-12,West,Meena,Furniture,Sofa,20,25000,500000,59238
ORD05682,2025-09-29,South,Anita,Electronics,Monitor,11,12000,132000,21542
ORD05683,2025-11-12,South,Karthik,Furniture,Chair,15,3000,45000,7965
ORD05684,2025-05-20,West,Rahul,Furniture,Chair,12,3000,36000,8841
ORD05685,2025-05-19,North,Amit,Electronics,Monitor,13,12000,156000,32775
ORD05686,2025-12-08,North,Amit,Furniture,Chair,2,3000,6000,1709
ORD05687,2025-07-23,West,Rahul,Electronics,Laptop,13,50000,650000,98518
ORD05688,2025-06-15,East,Arun,Electronics,Monitor,2,12000,24000,6559
ORD05689,2025-11-21,North,Amit,Electronics,Mobile,1,20000,20000,4273
ORD05690,2025-11-20,North,Amit,Electronics,Monitor,5,12000,60000,7525
ORD05691,2025-02-08,South,Priya,Furniture,Table,8,8000,64000,18476
ORD05692,2025-04-08,North,Raj,Electronics,Laptop,20,50000,1000000,286690
ORD05693,2025-01-29,North,Amit,Electronics,Monitor,5,12000,60000,13844
ORD05694,2025-10-15,South,Anita,Furniture,Table,4,8000,32000,3553
ORD05695,2025-02-22,East,Suresh,Electronics,Monitor,10,12000,120000,13959
ORD05696,2025-02-23,South,Priya,Furniture,Table,10,8000,80000,22510
ORD05697,2025-07-15,North,Vikram,Electronics,Mobile,9,20000,180000,42274
ORD05698,2025-11-30,South,Anita,Electronics,Mobile,15,20000,300000,88339
ORD05699,2025-01-22,West,Rahul,Electronics,Laptop,5,50000,250000,37719
ORD05700,2025-04-20,South,Anita,Furniture,Chair,13,3000,39000,9631
ORD05701,2025-09-20,East,Riya,Furniture,Sofa,3,25000,75000,15713
ORD05702,2025-01-31,East,Riya,Electronics,Laptop,7,50000,350000,45415
ORD05703,2025-07-15,South,Karthik,Furniture,Chair,7,3000,21000,5721
ORD05704,2025-04-21,East,Arun,Furniture,Sofa,7,25000,175000,25315
ORD05705,2025-05-15,North,Raj,Furniture,Chair,3,3000,9000,2491
ORD05706,2025-06-16,East,Riya,Electronics,Mobile,3,20000,60000,6917
ORD05707,2025-11-01,South,Priya,Furniture,Table,1,8000,8000,1705
ORD05708,2025-07-06,South,Karthik,Furniture,Sofa,16,25000,400000,62915
ORD05709,2025-02-14,East,Suresh,Electronics,Laptop,5,50000,250000,65650
ORD05710,2025-08-30,South,Priya,Furniture,Sofa,12,25000,300000,85194
ORD05711,2025-03-09,North,Vikram,Furniture,Table,13,8000,104000,25483
ORD05712,2025-11-27,South,Karthik,Electronics,Laptop,4,50000,200000,51413
ORD05713,2025-09-14,East,Suresh,Furniture,Chair,17,3000,51000,10143
ORD05714,2025-03-23,South,Anita,Furniture,Chair,17,3000,51000,7104
ORD05715,2025-01-17,North,Amit,Electronics,Laptop,19,50000,950000,214738
ORD05716,2025-11-01,South,Anita,Furniture,Chair,12,3000,36000,7564
ORD05717,2025-10-07,East,Arun,Electronics,Mobile,6,20000,120000,14059
ORD05718,2025-07-04,West,Sneha,Furniture,Sofa,20,25000,500000,141134
ORD05719,2025-07-20,West,Meena,Electronics,Mobile,20,20000,400000,94224
ORD05720,2025-10-12,South,Karthik,Electronics,Laptop,3,50000,150000,17839
ORD05721,2025-07-15,North,Raj,Electronics,Monitor,5,12000,60000,12378
ORD05722,2025-11-20,South,Karthik,Furniture,Table,11,8000,88000,13047
ORD05723,2025-04-25,West,Meena,Furniture,Chair,4,3000,12000,1348
ORD05724,2025-12-24,North,Raj,Electronics,Laptop,12,50000,600000,136677
ORD05725,2025-01-13,South,Karthik,Electronics,Monitor,12,12000,144000,39337
ORD05726,2025-11-28,South,Anita,Furniture,Chair,7,3000,21000,2862
ORD05727,2025-05-05,East,Riya,Electronics,Mobile,16,20000,320000,80015
ORD05728,2025-02-23,North,Raj,Furniture,Table,6,8000,48000,7544
ORD05729,2025-10-05,North,Raj,Electronics,Monitor,14,12000,168000,18598
ORD05730,2025-05-31,North,Vikram,Furniture,Sofa,8,25000,200000,25768
ORD05731,2025-10-13,South,Karthik,Furniture,Table,9,8000,72000,20396
ORD05732,2025-03-09,East,Suresh,Furniture,Chair,9,3000,27000,4575
ORD05733,2025-03-31,North,Raj,Furniture,Chair,15,3000,45000,6915
ORD05734,2025-01-28,North,Raj,Electronics,Monitor,4,12000,48000,10229
ORD05735,2025-09-27,East,Riya,Electronics,Monitor,8,12000,96000,11192
ORD05736,2025-06-24,West,Meena,Electronics,Monitor,11,12000,132000,18227
ORD05737,2025-01-09,East,Suresh,Furniture,Table,7,8000,56000,8879
ORD05738,2025-11-09,East,Riya,Electronics,Monitor,4,12000,48000,11708
ORD05739,2025-09-24,East,Arun,Electronics,Laptop,18,50000,900000,131979
ORD05740,2025-05-24,East,Arun,Electronics,Laptop,4,50000,200000,32795
ORD05741,2025-01-01,South,Anita,Furniture,Chair,11,3000,33000,3722
ORD05742,2025-11-24,North,Vikram,Electronics,Mobile,9,20000,180000,19541
ORD05743,2025-08-05,East,Suresh,Furniture,Sofa,10,25000,250000,37143
ORD05744,2025-10-16,West,Rahul,Electronics,Laptop,17,50000,850000,158805
ORD05745,2025-11-13,West,Sneha,Electronics,Mobile,8,20000,160000,39436
ORD05746,2025-10-29,South,Anita,Furniture,Table,10,8000,80000,9846
ORD05747,2025-04-24,East,Suresh,Electronics,Monitor,8,12000,96000,19956
ORD05748,2025-05-17,East,Suresh,Furniture,Sofa,16,25000,400000,77924
ORD05749,2025-06-27,West,Sneha,Electronics,Laptop,9,50000,450000,55095
ORD05750,2025-04-16,East,Suresh,Electronics,Monitor,15,12000,180000,23014
ORD05751,2025-01-07,South,Karthik,Furniture,Table,10,8000,80000,20252
ORD05752,2025-09-01,West,Meena,Furniture,Chair,3,3000,9000,2029
ORD05753,2025-05-25,East,Suresh,Electronics,Laptop,13,50000,650000,68992
ORD05754,2025-06-26,South,Anita,Furniture,Chair,19,3000,57000,10699
ORD05755,2025-01-16,West,Meena,Furniture,Table,16,8000,128000,16871
ORD05756,2025-09-23,South,Anita,Furniture,Chair,7,3000,21000,4597
ORD05757,2025-05-28,East,Suresh,Furniture,Chair,3,3000,9000,1374
ORD05758,2025-06-07,East,Suresh,Furniture,Table,13,8000,104000,29170
ORD05759,2025-02-02,East,Suresh,Electronics,Monitor,2,12000,24000,7047
ORD05760,2025-08-07,South,Anita,Furniture,Sofa,15,25000,375000,38146
ORD05761,2025-05-07,South,Karthik,Furniture,Chair,18,3000,54000,10266
ORD05762,2025-11-11,East,Suresh,Electronics,Laptop,8,50000,400000,82969
ORD05763,2025-11-17,East,Arun,Electronics,Mobile,19,20000,380000,107784
ORD05764,2025-07-23,East,Riya,Furniture,Chair,4,3000,12000,1866
ORD05765,2025-04-29,South,Anita,Electronics,Laptop,20,50000,1000000,118772
ORD05766,2025-06-30,East,Arun,Furniture,Table,4,8000,32000,6492
ORD05767,2025-02-07,West,Rahul,Furniture,Table,18,8000,144000,37051
ORD05768,2025-03-03,North,Raj,Furniture,Table,3,8000,24000,5628
ORD05769,2025-06-18,North,Vikram,Furniture,Chair,16,3000,48000,14179
ORD05770,2025-12-05,North,Vikram,Electronics,Laptop,13,50000,650000,97202
ORD05771,2025-10-04,East,Suresh,Electronics,Mobile,2,20000,40000,10971
ORD05772,2025-02-27,South,Priya,Electronics,Laptop,8,50000,400000,41070
ORD05773,2025-07-02,West,Rahul,Furniture,Chair,11,3000,33000,9565
ORD05774,2025-08-09,South,Priya,Electronics,Laptop,9,50000,450000,93934
ORD05775,2025-10-30,South,Anita,Furniture,Chair,17,3000,51000,13935
ORD05776,2025-03-29,North,Vikram,Electronics,Monitor,13,12000,156000,40641
ORD05777,2025-08-05,South,Priya,Electronics,Mobile,1,20000,20000,3689
ORD05778,2025-12-13,West,Meena,Electronics,Laptop,12,50000,600000,119418
ORD05779,2025-11-22,East,Suresh,Furniture,Sofa,17,25000,425000,89189
ORD05780,2025-07-08,South,Priya,Electronics,Monitor,5,12000,60000,6406
ORD05781,2025-12-13,South,Anita,Furniture,Sofa,7,25000,175000,25002
ORD05782,2025-03-17,West,Meena,Furniture,Chair,16,3000,48000,10973
ORD05783,2025-04-13,North,Raj,Furniture,Chair,10,3000,30000,7848
ORD05784,2025-07-14,West,Rahul,Electronics,Laptop,16,50000,800000,130749
ORD05785,2025-02-25,South,Priya,Furniture,Chair,20,3000,60000,13377
ORD05786,2025-07-06,West,Rahul,Furniture,Table,14,8000,112000,28954
ORD05787,2025-11-21,North,Amit,Electronics,Mobile,13,20000,260000,51623
ORD05788,2025-11-08,West,Meena,Furniture,Chair,14,3000,42000,5693
ORD05789,2025-11-16,North,Raj,Electronics,Laptop,2,50000,100000,29509
ORD05790,2025-04-25,South,Anita,Electronics,Monitor,19,12000,228000,30026
ORD05791,2025-11-30,North,Raj,Electronics,Mobile,9,20000,180000,28478
ORD05792,2025-08-26,North,Raj,Electronics,Mobile,17,20000,340000,36170
ORD05793,2025-02-05,West,Sneha,Electronics,Monitor,11,12000,132000,16696
ORD05794,2025-07-25,South,Priya,Furniture,Sofa,15,25000,375000,74662
ORD05795,2025-09-07,South,Anita,Electronics,Monitor,6,12000,72000,9654
ORD05796,2025-02-11,West,Meena,Furniture,Sofa,19,25000,475000,134440
ORD05797,2025-11-26,North,Raj,Electronics,Mobile,14,20000,280000,49747
ORD05798,2025-06-09,West,Sneha,Electronics,Monitor,16,12000,192000,44037
ORD05799,2025-09-27,North,Raj,Furniture,Table,10,8000,80000,12759
ORD05800,2025-07-21,North,Amit,Electronics,Monitor,11,12000,132000,18446
ORD05801,2025-07-18,West,Meena,Electronics,Laptop,11,50000,550000,106436
ORD05802,2025-12-07,East,Suresh,Furniture,Sofa,20,25000,500000,80753
ORD05803,2025-02-12,North,Vikram,Furniture,Chair,3,3000,9000,1247
ORD05804,2025-11-21,South,Anita,Furniture,Sofa,8,25000,200000,43527
ORD05805,2025-07-24,West,Meena,Furniture,Chair,5,3000,15000,2625
ORD05806,2025-06-05,South,Karthik,Electronics,Monitor,12,12000,144000,14503
ORD05807,2025-02-10,East,Suresh,Electronics,Monitor,6,12000,72000,14327
ORD05808,2025-05-13,West,Meena,Electronics,Laptop,1,50000,50000,7003
ORD05809,2025-10-22,North,Raj,Electronics,Laptop,4,50000,200000,38165
ORD05810,2025-12-05,East,Suresh,Furniture,Table,15,8000,120000,35801
ORD05811,2025-10-05,North,Raj,Furniture,Sofa,19,25000,475000,62266
ORD05812,2025-07-13,South,Karthik,Furniture,Chair,9,3000,27000,5783
ORD05813,2025-06-27,East,Riya,Furniture,Sofa,17,25000,425000,82075
ORD05814,2025-03-19,East,Arun,Furniture,Chair,1,3000,3000,791
ORD05815,2025-01-12,East,Arun,Furniture,Chair,15,3000,45000,12429
ORD05816,2025-05-28,East,Suresh,Furniture,Table,14,8000,112000,27376
ORD05817,2025-08-20,North,Amit,Electronics,Laptop,16,50000,800000,96870
ORD05818,2025-12-13,East,Arun,Electronics,Monitor,14,12000,168000,27377
ORD05819,2025-02-21,North,Amit,Furniture,Sofa,5,25000,125000,20785
ORD05820,2025-10-02,East,Suresh,Electronics,Monitor,2,12000,24000,6558
ORD05821,2025-10-27,West,Meena,Electronics,Laptop,2,50000,100000,25280
ORD05822,2025-07-09,South,Priya,Furniture,Table,2,8000,16000,2794
ORD05823,2025-08-27,West,Rahul,Furniture,Sofa,9,25000,225000,62227
ORD05824,2025-02-14,South,Anita,Electronics,Laptop,20,50000,1000000,213202
ORD05825,2025-03-25,West,Meena,Furniture,Chair,4,3000,12000,2603
ORD05826,2025-12-26,East,Suresh,Furniture,Table,14,8000,112000,32792
ORD05827,2025-09-05,South,Anita,Electronics,Laptop,17,50000,850000,172199
ORD05828,2025-09-15,West,Meena,Furniture,Chair,5,3000,15000,3700
ORD05829,2025-04-15,South,Anita,Electronics,Laptop,18,50000,900000,128490
ORD05830,2025-08-27,South,Priya,Furniture,Sofa,20,25000,500000,67311
ORD05831,2025-12-16,North,Raj,Electronics,Mobile,13,20000,260000,49522
ORD05832,2025-02-12,South,Karthik,Electronics,Mobile,20,20000,400000,48253
ORD05833,2025-06-24,South,Karthik,Furniture,Table,7,8000,56000,6063
ORD05834,2025-08-30,North,Vikram,Furniture,Table,14,8000,112000,16557
ORD05835,2025-08-16,East,Riya,Furniture,Table,17,8000,136000,17552
ORD05836,2025-01-22,North,Vikram,Electronics,Laptop,6,50000,300000,61530
ORD05837,2025-05-04,South,Anita,Furniture,Table,14,8000,112000,28040
ORD05838,2025-06-28,North,Raj,Furniture,Sofa,15,25000,375000,41631
ORD05839,2025-08-18,West,Sneha,Electronics,Mobile,9,20000,180000,27329
ORD05840,2025-09-23,East,Riya,Furniture,Chair,15,3000,45000,6310
ORD05841,2025-07-27,East,Suresh,Electronics,Laptop,15,50000,750000,80914
ORD05842,2025-05-26,North,Vikram,Furniture,Chair,11,3000,33000,4981
ORD05843,2025-09-30,South,Anita,Electronics,Monitor,2,12000,24000,3210
ORD05844,2025-07-02,South,Priya,Electronics,Monitor,12,12000,144000,32512
ORD05845,2025-04-19,South,Anita,Electronics,Monitor,17,12000,204000,45191
ORD05846,2025-05-15,South,Anita,Furniture,Sofa,13,25000,325000,74299
ORD05847,2025-04-21,West,Meena,Electronics,Mobile,12,20000,240000,37123
ORD05848,2025-12-31,North,Raj,Electronics,Mobile,8,20000,160000,27851
ORD05849,2025-02-16,North,Vikram,Furniture,Chair,20,3000,60000,12505
ORD05850,2025-12-12,North,Vikram,Electronics,Monitor,9,12000,108000,16831
ORD05851,2025-07-04,West,Rahul,Electronics,Laptop,14,50000,700000,78680
ORD05852,2025-05-15,East,Arun,Furniture,Sofa,17,25000,425000,117294
ORD05853,2025-02-06,North,Amit,Electronics,Mobile,15,20000,300000,58888
ORD05854,2025-04-09,East,Suresh,Furniture,Chair,17,3000,51000,6893
ORD05855,2025-04-11,South,Karthik,Electronics,Laptop,12,50000,600000,92016
ORD05856,2025-04-21,South,Priya,Electronics,Mobile,17,20000,340000,61158
ORD05857,2025-07-10,North,Amit,Furniture,Table,4,8000,32000,3231
ORD05858,2025-11-14,West,Meena,Furniture,Table,3,8000,24000,5043
ORD05859,2025-02-22,West,Rahul,Electronics,Laptop,18,50000,900000,173888
ORD05860,2025-11-15,North,Vikram,Furniture,Sofa,9,25000,225000,55918
ORD05861,2025-11-13,South,Anita,Furniture,Chair,18,3000,54000,9128
ORD05862,2025-02-24,North,Amit,Furniture,Chair,11,3000,33000,9669
ORD05863,2025-02-09,East,Riya,Electronics,Mobile,20,20000,400000,77154
ORD05864,2025-04-23,West,Sneha,Electronics,Mobile,6,20000,120000,31493
ORD05865,2025-12-23,East,Arun,Furniture,Table,11,8000,88000,17756
ORD05866,2025-06-03,South,Priya,Electronics,Mobile,12,20000,240000,37404
ORD05867,2025-03-15,South,Karthik,Furniture,Sofa,8,25000,200000,34727
ORD05868,2025-05-07,West,Rahul,Furniture,Chair,4,3000,12000,1481
ORD05869,2025-09-16,North,Raj,Electronics,Mobile,2,20000,40000,10139
ORD05870,2025-04-09,West,Sneha,Electronics,Monitor,11,12000,132000,28945
ORD05871,2025-06-11,North,Vikram,Furniture,Table,11,8000,88000,25842
ORD05872,2025-03-28,South,Priya,Furniture,Chair,9,3000,27000,4822
ORD05873,2025-03-04,South,Anita,Electronics,Laptop,13,50000,650000,130890
ORD05874,2025-10-24,North,Raj,Electronics,Mobile,3,20000,60000,16422
ORD05875,2025-01-02,East,Riya,Furniture,Chair,16,3000,48000,7463
ORD05876,2025-11-27,North,Raj,Furniture,Sofa,6,25000,150000,19429
ORD05877,2025-12-25,East,Arun,Electronics,Mobile,1,20000,20000,5597
ORD05878,2025-03-31,South,Anita,Electronics,Laptop,10,50000,500000,76968
ORD05879,2025-05-01,North,Amit,Furniture,Table,20,8000,160000,35173
ORD05880,2025-03-10,East,Suresh,Electronics,Monitor,11,12000,132000,32371
ORD05881,2025-06-11,South,Anita,Electronics,Monitor,20,12000,240000,29988
ORD05882,2025-11-01,West,Sneha,Electronics,Mobile,10,20000,200000,31840
ORD05883,2025-02-24,South,Anita,Electronics,Laptop,1,50000,50000,6301
ORD05884,2025-02-07,East,Suresh,Electronics,Mobile,8,20000,160000,22358
ORD05885,2025-12-31,South,Priya,Electronics,Mobile,17,20000,340000,97961
ORD05886,2025-06-22,North,Vikram,Electronics,Laptop,10,50000,500000,93513
ORD05887,2025-12-28,South,Anita,Electronics,Laptop,12,50000,600000,70763
ORD05888,2025-07-07,South,Anita,Furniture,Sofa,12,25000,300000,43104
ORD05889,2025-01-29,North,Vikram,Electronics,Laptop,13,50000,650000,98099
ORD05890,2025-12-18,East,Suresh,Furniture,Table,17,8000,136000,31883
ORD05891,2025-01-05,North,Vikram,Furniture,Sofa,14,25000,350000,53091
ORD05892,2025-12-29,South,Anita,Electronics,Monitor,15,12000,180000,39842
ORD05893,2025-07-21,South,Priya,Furniture,Table,10,8000,80000,22131
ORD05894,2025-06-27,North,Vikram,Furniture,Chair,19,3000,57000,6167
ORD05895,2025-03-22,South,Anita,Furniture,Sofa,14,25000,350000,98132
ORD05896,2025-03-10,West,Sneha,Electronics,Laptop,10,50000,500000,124660
ORD05897,2025-03-07,West,Meena,Electronics,Laptop,13,50000,650000,154189
ORD05898,2025-11-05,West,Rahul,Electronics,Monitor,12,12000,144000,42001
ORD05899,2025-04-03,West,Sneha,Electronics,Mobile,19,20000,380000,104479
ORD05900,2025-02-27,North,Vikram,Furniture,Chair,17,3000,51000,11798
ORD05901,2025-07-01,West,Sneha,Electronics,Mobile,4,20000,80000,19359
ORD05902,2025-04-02,North,Vikram,Electronics,Laptop,2,50000,100000,16287
ORD05903,2025-06-16,West,Sneha,Electronics,Laptop,5,50000,250000,38376
ORD05904,2025-09-02,South,Anita,Furniture,Sofa,20,25000,500000,64548
ORD05905,2025-10-15,South,Priya,Electronics,Monitor,2,12000,24000,6169
ORD05906,2025-02-22,East,Arun,Electronics,Monitor,12,12000,144000,42227
ORD05907,2025-01-30,North,Amit,Furniture,Sofa,17,25000,425000,70379
ORD05908,2025-10-25,West,Meena,Electronics,Laptop,4,50000,200000,41650
ORD05909,2025-06-13,East,Arun,Furniture,Chair,2,3000,6000,1383
ORD05910,2025-01-26,West,Sneha,Furniture,Table,16,8000,128000,32876
ORD05911,2025-06-29,East,Suresh,Furniture,Table,7,8000,56000,7170
ORD05912,2025-03-04,South,Anita,Electronics,Mobile,3,20000,60000,14825
ORD05913,2025-06-07,East,Arun,Furniture,Sofa,4,25000,100000,27460
ORD05914,2025-07-24,North,Vikram,Furniture,Sofa,13,25000,325000,51531
ORD05915,2025-01-18,East,Arun,Furniture,Table,20,8000,160000,26970
ORD05916,2025-07-09,North,Amit,Electronics,Laptop,12,50000,600000,138578
ORD05917,2025-10-01,North,Amit,Furniture,Sofa,4,25000,100000,12015
ORD05918,2025-12-17,West,Rahul,Electronics,Laptop,3,50000,150000,42080
ORD05919,2025-09-28,East,Riya,Electronics,Laptop,16,50000,800000,164227
ORD05920,2025-12-27,East,Suresh,Electronics,Monitor,6,12000,72000,17446
ORD05921,2025-07-31,South,Priya,Electronics,Laptop,7,50000,350000,50290
ORD05922,2025-05-10,West,Rahul,Electronics,Monitor,12,12000,144000,16864
ORD05923,2025-08-11,South,Karthik,Furniture,Chair,14,3000,42000,11511
ORD05924,2025-01-10,West,Meena,Furniture,Table,2,8000,16000,2600
ORD05925,2025-12-31,West,Meena,Electronics,Mobile,5,20000,100000,24176
ORD05926,2025-09-17,North,Vikram,Electronics,Laptop,9,50000,450000,79581
ORD05927,2025-01-25,West,Sneha,Electronics,Monitor,11,12000,132000,21230
ORD05928,2025-04-27,North,Raj,Furniture,Sofa,9,25000,225000,60392
ORD05929,2025-03-31,East,Arun,Furniture,Chair,16,3000,48000,6077
ORD05930,2025-08-10,North,Vikram,Electronics,Monitor,2,12000,24000,3424
ORD05931,2025-03-06,North,Amit,Furniture,Table,8,8000,64000,9865
ORD05932,2025-07-04,West,Meena,Furniture,Sofa,1,25000,25000,5713
ORD05933,2025-01-18,South,Priya,Furniture,Chair,12,3000,36000,6617
ORD05934,2025-11-04,East,Riya,Electronics,Mobile,1,20000,20000,4441
ORD05935,2025-05-03,North,Raj,Furniture,Sofa,16,25000,400000,103397
ORD05936,2025-06-18,East,Riya,Furniture,Sofa,16,25000,400000,113891
ORD05937,2025-09-08,North,Vikram,Furniture,Sofa,8,25000,200000,35986
ORD05938,2025-06-04,North,Amit,Furniture,Chair,7,3000,21000,2985
ORD05939,2025-12-09,West,Rahul,Electronics,Mobile,2,20000,40000,10283
ORD05940,2025-01-16,West,Sneha,Electronics,Laptop,8,50000,400000,61213
ORD05941,2025-08-18,West,Meena,Electronics,Monitor,20,12000,240000,32422
ORD05942,2025-10-24,South,Karthik,Furniture,Sofa,20,25000,500000,109076
ORD05943,2025-05-09,West,Meena,Furniture,Sofa,2,25000,50000,5636
ORD05944,2025-07-25,West,Rahul,Electronics,Laptop,4,50000,200000,23875
ORD05945,2025-09-23,South,Priya,Electronics,Mobile,14,20000,280000,47368
ORD05946,2025-04-22,North,Amit,Furniture,Chair,19,3000,57000,11958
ORD05947,2025-08-04,East,Riya,Electronics,Laptop,12,50000,600000,83875
ORD05948,2025-04-05,East,Suresh,Furniture,Sofa,5,25000,125000,17186
ORD05949,2025-11-01,West,Meena,Furniture,Table,3,8000,24000,5986
ORD05950,2025-12-22,East,Arun,Electronics,Laptop,13,50000,650000,68790
ORD05951,2025-11-23,South,Priya,Furniture,Table,8,8000,64000,14184
ORD05952,2025-01-19,East,Suresh,Electronics,Laptop,6,50000,300000,82266
ORD05953,2025-11-26,West,Meena,Electronics,Laptop,17,50000,850000,100238
ORD05954,2025-03-12,East,Riya,Electronics,Monitor,4,12000,48000,10830
ORD05955,2025-02-06,South,Karthik,Furniture,Table,7,8000,56000,7012
ORD05956,2025-12-24,West,Rahul,Electronics,Mobile,13,20000,260000,33967
ORD05957,2025-06-11,East,Arun,Electronics,Monitor,3,12000,36000,9088
ORD05958,2025-01-23,South,Karthik,Electronics,Mobile,4,20000,80000,20217
ORD05959,2025-06-04,North,Vikram,Furniture,Chair,10,3000,30000,7818
ORD05960,2025-04-01,South,Karthik,Electronics,Laptop,19,50000,950000,148701
ORD05961,2025-07-27,North,Raj,Electronics,Monitor,13,12000,156000,22277
ORD05962,2025-05-20,North,Raj,Electronics,Monitor,3,12000,36000,10598
ORD05963,2025-05-12,East,Suresh,Furniture,Sofa,1,25000,25000,3640
ORD05964,2025-11-01,West,Sneha,Furniture,Table,2,8000,16000,1629
ORD05965,2025-10-18,South,Anita,Furniture,Chair,20,3000,60000,13924
ORD05966,2025-10-23,West,Sneha,Electronics,Laptop,5,50000,250000,48049
ORD05967,2025-01-22,West,Meena,Furniture,Chair,8,3000,24000,5862
ORD05968,2025-07-30,East,Suresh,Electronics,Monitor,19,12000,228000,44382
ORD05969,2025-09-10,North,Vikram,Electronics,Mobile,19,20000,380000,63385
ORD05970,2025-01-13,North,Amit,Electronics,Laptop,19,50000,950000,223369
ORD05971,2025-11-26,North,Vikram,Electronics,Mobile,14,20000,280000,31000
ORD05972,2025-11-23,East,Riya,Furniture,Sofa,9,25000,225000,34793
ORD05973,2025-01-08,North,Raj,Furniture,Chair,6,3000,18000,3995
ORD05974,2025-04-06,West,Sneha,Furniture,Table,20,8000,160000,34041
ORD05975,2025-01-30,South,Karthik,Electronics,Mobile,19,20000,380000,110423
ORD05976,2025-12-31,South,Priya,Electronics,Monitor,18,12000,216000,32124
ORD05977,2025-09-11,East,Arun,Furniture,Sofa,16,25000,400000,83582
ORD05978,2025-11-26,South,Priya,Furniture,Table,17,8000,136000,14011
ORD05979,2025-04-17,West,Sneha,Electronics,Mobile,6,20000,120000,25107
ORD05980,2025-11-04,South,Priya,Electronics,Laptop,20,50000,1000000,292452
ORD05981,2025-10-17,West,Meena,Furniture,Chair,17,3000,51000,12519
ORD05982,2025-04-20,North,Raj,Electronics,Laptop,13,50000,650000,65176
ORD05983,2025-04-01,South,Anita,Electronics,Laptop,12,50000,600000,81630
ORD05984,2025-05-26,South,Priya,Furniture,Chair,11,3000,33000,3388
ORD05985,2025-12-12,North,Amit,Furniture,Table,8,8000,64000,12340
ORD05986,2025-03-27,West,Rahul,Electronics,Monitor,19,12000,228000,58509
ORD05987,2025-02-14,South,Karthik,Electronics,Monitor,3,12000,36000,5165
ORD05988,2025-01-24,West,Meena,Electronics,Monitor,12,12000,144000,16869
ORD05989,2025-03-15,South,Priya,Furniture,Sofa,19,25000,475000,124258
ORD05990,2025-09-17,North,Amit,Electronics,Monitor,3,12000,36000,6296
ORD05991,2025-07-18,South,Karthik,Electronics,Monitor,9,12000,108000,24441
ORD05992,2025-10-26,East,Riya,Furniture,Table,7,8000,56000,9242
ORD05993,2025-12-24,East,Suresh,Furniture,Sofa,14,25000,350000,95239
ORD05994,2025-03-13,North,Amit,Furniture,Chair,4,3000,12000,2948
ORD05995,2025-03-14,West,Rahul,Electronics,Laptop,8,50000,400000,53030
ORD05996,2025-07-12,North,Vikram,Electronics,Monitor,11,12000,132000,15518
ORD05997,2025-08-18,North,Amit,Electronics,Monitor,15,12000,180000,49469
ORD05998,2025-10-27,North,Vikram,Electronics,Mobile,20,20000,400000,104546
ORD05999,2025-09-10,North,Vikram,Electronics,Laptop,9,50000,450000,88759
ORD06000,2025-06-28,East,Suresh,Furniture,Sofa,16,25000,400000,102429
ORD06001,2025-06-05,South,Anita,Electronics,Mobile,1,20000,20000,3376
ORD06002,2025-07-19,East,Riya,Furniture,Sofa,17,25000,425000,68781
ORD06003,2025-12-10,West,Meena,Electronics,Monitor,2,12000,24000,3153
ORD06004,2025-09-25,East,Arun,Electronics,Monitor,1,12000,12000,1807
ORD06005,2025-01-22,North,Amit,Furniture,Table,9,8000,72000,9247
ORD06006,2025-10-29,East,Riya,Electronics,Mobile,14,20000,280000,35016
ORD06007,2025-05-14,West,Sneha,Furniture,Chair,1,3000,3000,311
ORD06008,2025-03-17,West,Rahul,Furniture,Sofa,1,25000,25000,3038
ORD06009,2025-09-25,North,Raj,Furniture,Chair,18,3000,54000,12818
ORD06010,2025-03-13,North,Vikram,Electronics,Monitor,1,12000,12000,2694
ORD06011,2025-05-16,West,Rahul,Furniture,Table,4,8000,32000,4967
ORD06012,2025-06-28,East,Arun,Furniture,Chair,4,3000,12000,1699
ORD06013,2025-03-18,South,Priya,Electronics,Laptop,12,50000,600000,121826
ORD06014,2025-12-16,West,Rahul,Furniture,Sofa,14,25000,350000,60979
ORD06015,2025-11-17,North,Vikram,Furniture,Table,12,8000,96000,16147
ORD06016,2025-04-14,North,Amit,Electronics,Mobile,6,20000,120000,23196
ORD06017,2025-10-23,North,Amit,Electronics,Laptop,14,50000,700000,155617
ORD06018,2025-02-10,West,Sneha,Furniture,Table,4,8000,32000,4504
ORD06019,2025-03-27,West,Rahul,Electronics,Monitor,9,12000,108000,15729
ORD06020,2025-08-16,West,Rahul,Furniture,Chair,13,3000,39000,11327
ORD06021,2025-08-12,East,Suresh,Furniture,Chair,15,3000,45000,12309
ORD06022,2025-01-24,North,Raj,Electronics,Laptop,17,50000,850000,156267
ORD06023,2025-01-10,North,Vikram,Furniture,Table,11,8000,88000,17439
ORD06024,2025-04-09,South,Anita,Furniture,Chair,17,3000,51000,5611
ORD06025,2025-05-26,West,Sneha,Electronics,Monitor,14,12000,168000,46409
ORD06026,2025-05-05,East,Riya,Electronics,Laptop,20,50000,1000000,252184
ORD06027,2025-01-25,West,Sneha,Electronics,Monitor,4,12000,48000,9220
ORD06028,2025-02-19,South,Karthik,Electronics,Mobile,18,20000,360000,58466
ORD06029,2025-09-02,West,Sneha,Furniture,Chair,5,3000,15000,2282
ORD06030,2025-10-31,East,Riya,Electronics,Laptop,14,50000,700000,91468
ORD06031,2025-08-22,South,Priya,Electronics,Mobile,16,20000,320000,38621
ORD06032,2025-11-20,North,Amit,Furniture,Chair,4,3000,12000,2367
ORD06033,2025-04-06,East,Suresh,Furniture,Sofa,7,25000,175000,45551
ORD06034,2025-07-20,South,Priya,Electronics,Monitor,2,12000,24000,3712
ORD06035,2025-03-01,South,Anita,Furniture,Table,2,8000,16000,4272
ORD06036,2025-10-01,North,Raj,Electronics,Mobile,14,20000,280000,62163
ORD06037,2025-03-23,South,Karthik,Electronics,Mobile,7,20000,140000,18608
ORD06038,2025-11-21,West,Rahul,Furniture,Sofa,15,25000,375000,46961
ORD06039,2025-08-29,East,Riya,Furniture,Chair,12,3000,36000,5813
ORD06040,2025-01-24,East,Riya,Furniture,Chair,2,3000,6000,1067
ORD06041,2025-09-06,North,Amit,Furniture,Sofa,18,25000,450000,111780
ORD06042,2025-04-25,South,Anita,Furniture,Sofa,13,25000,325000,63350
ORD06043,2025-08-20,South,Priya,Electronics,Laptop,9,50000,450000,93715
ORD06044,2025-06-30,South,Anita,Furniture,Chair,7,3000,21000,2791
ORD06045,2025-03-24,West,Meena,Electronics,Laptop,8,50000,400000,51302
ORD06046,2025-11-15,East,Arun,Furniture,Sofa,5,25000,125000,23028
ORD06047,2025-07-27,East,Arun,Electronics,Mobile,16,20000,320000,90810
ORD06048,2025-06-04,South,Anita,Furniture,Table,6,8000,48000,4862
ORD06049,2025-11-15,East,Suresh,Furniture,Table,10,8000,80000,16157
ORD06050,2025-04-13,East,Riya,Furniture,Table,11,8000,88000,16632
ORD06051,2025-09-25,West,Meena,Furniture,Table,20,8000,160000,38458
ORD06052,2025-05-24,South,Karthik,Electronics,Monitor,6,12000,72000,18508
ORD06053,2025-11-11,South,Priya,Electronics,Mobile,2,20000,40000,4620
ORD06054,2025-03-22,North,Vikram,Furniture,Sofa,9,25000,225000,29971
ORD06055,2025-01-09,North,Amit,Furniture,Chair,17,3000,51000,9563
ORD06056,2025-07-11,West,Meena,Furniture,Table,5,8000,40000,11711
ORD06057,2025-01-21,South,Anita,Electronics,Mobile,3,20000,60000,7255
ORD06058,2025-01-13,North,Raj,Electronics,Laptop,8,50000,400000,78399
ORD06059,2025-04-16,West,Rahul,Electronics,Mobile,9,20000,180000,43186
ORD06060,2025-12-29,East,Riya,Furniture,Chair,2,3000,6000,780
ORD06061,2025-12-29,North,Raj,Electronics,Monitor,13,12000,156000,21643
ORD06062,2025-06-19,South,Anita,Furniture,Sofa,15,25000,375000,62535
ORD06063,2025-10-22,East,Suresh,Electronics,Monitor,3,12000,36000,4519
ORD06064,2025-11-06,North,Amit,Electronics,Laptop,10,50000,500000,136089
ORD06065,2025-04-16,East,Suresh,Electronics,Laptop,18,50000,900000,196932
ORD06066,2025-09-10,West,Rahul,Electronics,Laptop,18,50000,900000,168647
ORD06067,2025-05-11,East,Arun,Electronics,Laptop,7,50000,350000,99913
ORD06068,2025-11-05,North,Vikram,Electronics,Mobile,14,20000,280000,62026
ORD06069,2025-08-27,South,Karthik,Electronics,Mobile,20,20000,400000,80959
ORD06070,2025-02-23,North,Amit,Furniture,Sofa,19,25000,475000,116050
ORD06071,2025-02-24,South,Anita,Electronics,Laptop,12,50000,600000,91516
ORD06072,2025-02-16,West,Sneha,Furniture,Sofa,20,25000,500000,56183
ORD06073,2025-11-04,North,Vikram,Electronics,Mobile,6,20000,120000,16668
ORD06074,2025-04-24,South,Anita,Electronics,Laptop,20,50000,1000000,110859
ORD06075,2025-03-20,West,Meena,Electronics,Laptop,9,50000,450000,70035
ORD06076,2025-08-31,West,Sneha,Furniture,Sofa,17,25000,425000,75850
ORD06077,2025-01-19,West,Sneha,Electronics,Monitor,4,12000,48000,10578
ORD06078,2025-06-08,East,Suresh,Electronics,Mobile,12,20000,240000,56434
ORD06079,2025-02-06,North,Raj,Electronics,Mobile,19,20000,380000,76003
ORD06080,2025-02-15,North,Vikram,Furniture,Table,8,8000,64000,7366
ORD06081,2025-06-05,West,Rahul,Electronics,Mobile,7,20000,140000,28500
ORD06082,2025-11-04,East,Riya,Electronics,Monitor,20,12000,240000,44097
ORD06083,2025-05-16,South,Priya,Furniture,Table,12,8000,96000,14644
ORD06084,2025-01-18,North,Amit,Furniture,Table,1,8000,8000,2146
ORD06085,2025-09-29,West,Sneha,Furniture,Table,5,8000,40000,8608
ORD06086,2025-04-23,East,Riya,Furniture,Chair,18,3000,54000,14197
ORD06087,2025-01-22,West,Sneha,Electronics,Mobile,7,20000,140000,15857
ORD06088,2025-04-21,South,Priya,Electronics,Monitor,13,12000,156000,17333
ORD06089,2025-06-08,East,Riya,Electronics,Mobile,11,20000,220000,32497
ORD06090,2025-02-10,West,Rahul,Electronics,Mobile,15,20000,300000,67879
ORD06091,2025-03-15,North,Raj,Furniture,Chair,12,3000,36000,5572
ORD06092,2025-01-11,North,Raj,Furniture,Table,5,8000,40000,8351
ORD06093,2025-08-22,East,Suresh,Electronics,Mobile,18,20000,360000,102020
ORD06094,2025-01-24,West,Sneha,Furniture,Chair,12,3000,36000,5399
ORD06095,2025-03-30,South,Karthik,Furniture,Table,8,8000,64000,10717
ORD06096,2025-02-27,East,Suresh,Electronics,Mobile,19,20000,380000,70190
ORD06097,2025-01-01,West,Meena,Electronics,Monitor,10,12000,120000,27566
ORD06098,2025-04-29,East,Suresh,Furniture,Table,10,8000,80000,22055
ORD06099,2025-01-09,East,Suresh,Furniture,Table,17,8000,136000,20116
ORD06100,2025-04-09,East,Arun,Furniture,Chair,7,3000,21000,5372
ORD06101,2025-10-26,North,Amit,Furniture,Table,8,8000,64000,8642
ORD06102,2025-02-22,West,Rahul,Electronics,Mobile,7,20000,140000,37492
ORD06103,2025-12-19,North,Raj,Electronics,Laptop,3,50000,150000,25885
ORD06104,2025-07-19,East,Arun,Furniture,Table,15,8000,120000,14243
ORD06105,2025-04-03,East,Suresh,Furniture,Table,11,8000,88000,20187
ORD06106,2025-01-31,South,Anita,Furniture,Sofa,15,25000,375000,77112
ORD06107,2025-04-04,North,Raj,Furniture,Chair,12,3000,36000,7352
ORD06108,2025-02-05,North,Raj,Furniture,Sofa,7,25000,175000,40539
ORD06109,2025-03-13,South,Anita,Electronics,Monitor,12,12000,144000,25035
ORD06110,2025-10-02,West,Rahul,Furniture,Sofa,10,25000,250000,60623
ORD06111,2025-01-07,West,Rahul,Electronics,Laptop,4,50000,200000,27972
ORD06112,2025-02-03,East,Riya,Electronics,Mobile,14,20000,280000,40220
ORD06113,2025-10-12,East,Arun,Electronics,Monitor,3,12000,36000,9386
ORD06114,2025-12-11,West,Meena,Furniture,Sofa,11,25000,275000,75232
ORD06115,2025-06-16,East,Riya,Furniture,Sofa,4,25000,100000,22911
ORD06116,2025-06-29,North,Raj,Furniture,Sofa,14,25000,350000,92364
ORD06117,2025-03-13,East,Suresh,Furniture,Sofa,3,25000,75000,17115
ORD06118,2025-08-10,West,Sneha,Electronics,Mobile,5,20000,100000,11360
ORD06119,2025-08-06,West,Meena,Electronics,Monitor,11,12000,132000,29376
ORD06120,2025-08-16,West,Sneha,Electronics,Mobile,16,20000,320000,54879
ORD06121,2025-02-28,West,Meena,Furniture,Sofa,11,25000,275000,77540
ORD06122,2025-01-28,East,Arun,Electronics,Monitor,14,12000,168000,22732
ORD06123,2025-11-20,South,Priya,Electronics,Laptop,4,50000,200000,50776
ORD06124,2025-03-19,East,Arun,Furniture,Sofa,8,25000,200000,37100
ORD06125,2025-10-23,West,Rahul,Furniture,Chair,9,3000,27000,3545
ORD06126,2025-01-27,West,Rahul,Electronics,Mobile,3,20000,60000,13897
ORD06127,2025-02-09,West,Rahul,Electronics,Mobile,14,20000,280000,57943
ORD06128,2025-12-17,South,Karthik,Electronics,Mobile,10,20000,200000,47121
ORD06129,2025-11-15,East,Riya,Electronics,Laptop,9,50000,450000,68006
ORD06130,2025-11-14,North,Amit,Electronics,Monitor,20,12000,240000,54959
ORD06131,2025-07-09,North,Amit,Electronics,Monitor,9,12000,108000,29438
ORD06132,2025-07-12,East,Riya,Furniture,Chair,15,3000,45000,4660
ORD06133,2025-06-28,West,Meena,Electronics,Mobile,7,20000,140000,18854
ORD06134,2025-12-25,North,Amit,Electronics,Monitor,3,12000,36000,8259
ORD06135,2025-02-08,West,Meena,Furniture,Sofa,5,25000,125000,36330
ORD06136,2025-03-20,South,Anita,Electronics,Mobile,3,20000,60000,7962
ORD06137,2025-10-22,North,Raj,Electronics,Monitor,5,12000,60000,8028
ORD06138,2025-06-23,West,Rahul,Furniture,Sofa,8,25000,200000,31635
ORD06139,2025-03-02,East,Suresh,Furniture,Chair,7,3000,21000,5568
ORD06140,2025-03-16,East,Suresh,Electronics,Monitor,5,12000,60000,9641
ORD06141,2025-05-01,North,Amit,Electronics,Monitor,6,12000,72000,12893
ORD06142,2025-04-21,East,Riya,Furniture,Sofa,20,25000,500000,72296
ORD06143,2025-03-03,East,Suresh,Electronics,Mobile,15,20000,300000,73832
ORD06144,2025-05-25,South,Karthik,Furniture,Chair,5,3000,15000,3886
ORD06145,2025-12-27,West,Meena,Electronics,Laptop,11,50000,550000,61596
ORD06146,2025-06-09,North,Amit,Furniture,Table,6,8000,48000,10682
ORD06147,2025-10-31,West,Meena,Electronics,Mobile,10,20000,200000,47602
ORD06148,2025-08-16,East,Riya,Electronics,Laptop,15,50000,750000,100305
ORD06149,2025-12-20,North,Amit,Electronics,Monitor,6,12000,72000,15353
ORD06150,2025-09-11,North,Vikram,Electronics,Laptop,7,50000,350000,73536
ORD06151,2025-01-21,East,Suresh,Furniture,Chair,1,3000,3000,518
ORD06152,2025-03-13,East,Arun,Electronics,Laptop,13,50000,650000,187218
ORD06153,2025-10-29,South,Karthik,Furniture,Chair,7,3000,21000,3577
ORD06154,2025-02-16,East,Arun,Electronics,Laptop,6,50000,300000,31799
ORD06155,2025-12-31,East,Riya,Electronics,Monitor,15,12000,180000,36632
ORD06156,2025-09-24,South,Karthik,Electronics,Laptop,3,50000,150000,38268
ORD06157,2025-02-16,East,Arun,Electronics,Monitor,9,12000,108000,15409
ORD06158,2025-10-31,South,Karthik,Electronics,Laptop,18,50000,900000,243365
ORD06159,2025-07-29,North,Amit,Electronics,Mobile,9,20000,180000,47809
ORD06160,2025-06-26,East,Arun,Electronics,Monitor,7,12000,84000,23449
ORD06161,2025-06-12,West,Sneha,Electronics,Laptop,5,50000,250000,59631
ORD06162,2025-01-06,North,Raj,Electronics,Monitor,13,12000,156000,28286
ORD06163,2025-08-17,South,Priya,Furniture,Sofa,13,25000,325000,88019
ORD06164,2025-06-10,West,Rahul,Furniture,Chair,20,3000,60000,17106
ORD06165,2025-03-19,East,Arun,Electronics,Laptop,7,50000,350000,56591
ORD06166,2025-02-03,East,Riya,Furniture,Sofa,14,25000,350000,49504
ORD06167,2025-12-20,West,Rahul,Furniture,Chair,16,3000,48000,12739
ORD06168,2025-09-07,East,Riya,Electronics,Monitor,14,12000,168000,27818
ORD06169,2025-02-12,South,Priya,Furniture,Table,18,8000,144000,38113
ORD06170,2025-08-02,West,Meena,Electronics,Laptop,16,50000,800000,184451
ORD06171,2025-11-12,South,Anita,Electronics,Monitor,16,12000,192000,55782
ORD06172,2025-07-23,East,Arun,Furniture,Chair,20,3000,60000,6406
ORD06173,2025-09-04,North,Raj,Electronics,Mobile,5,20000,100000,21221
ORD06174,2025-09-19,South,Karthik,Electronics,Laptop,16,50000,800000,136838
ORD06175,2025-01-31,West,Sneha,Furniture,Table,15,8000,120000,24722
ORD06176,2025-04-25,East,Riya,Furniture,Chair,16,3000,48000,5530
ORD06177,2025-05-12,South,Priya,Furniture,Table,5,8000,40000,7977
ORD06178,2025-06-29,North,Amit,Electronics,Monitor,13,12000,156000,29395
ORD06179,2025-11-27,West,Meena,Furniture,Sofa,17,25000,425000,72115
ORD06180,2025-07-30,North,Raj,Electronics,Monitor,10,12000,120000,24517
ORD06181,2025-01-26,West,Meena,Furniture,Table,6,8000,48000,13512
ORD06182,2025-03-22,East,Arun,Furniture,Sofa,9,25000,225000,36777
ORD06183,2025-06-30,West,Meena,Furniture,Chair,7,3000,21000,4429
ORD06184,2025-01-05,North,Raj,Electronics,Monitor,13,12000,156000,23884
ORD06185,2025-07-15,West,Meena,Furniture,Table,18,8000,144000,20007
ORD06186,2025-05-18,North,Raj,Furniture,Sofa,8,25000,200000,24901
ORD06187,2025-05-21,West,Sneha,Furniture,Table,19,8000,152000,31115
ORD06188,2025-06-25,North,Vikram,Electronics,Laptop,1,50000,50000,9197
ORD06189,2025-04-29,West,Sneha,Furniture,Table,8,8000,64000,13123
ORD06190,2025-03-22,East,Arun,Electronics,Laptop,3,50000,150000,41035
ORD06191,2025-06-10,West,Sneha,Furniture,Chair,16,3000,48000,5348
ORD06192,2025-01-20,West,Rahul,Furniture,Sofa,1,25000,25000,5407
ORD06193,2025-11-27,South,Karthik,Furniture,Chair,13,3000,39000,10940
ORD06194,2025-02-04,North,Vikram,Furniture,Chair,9,3000,27000,3439
ORD06195,2025-11-06,West,Sneha,Electronics,Laptop,13,50000,650000,85870
ORD06196,2025-04-12,South,Anita,Furniture,Table,7,8000,56000,13890
ORD06197,2025-05-04,West,Sneha,Electronics,Mobile,17,20000,340000,67209
ORD06198,2025-09-28,South,Anita,Furniture,Table,14,8000,112000,17751
ORD06199,2025-06-27,West,Rahul,Electronics,Mobile,8,20000,160000,33654
ORD06200,2025-04-13,South,Priya,Electronics,Monitor,11,12000,132000,13436
ORD06201,2025-07-24,North,Vikram,Furniture,Table,9,8000,72000,20234
ORD06202,2025-11-26,West,Rahul,Electronics,Monitor,7,12000,84000,10305
ORD06203,2025-03-04,West,Sneha,Electronics,Monitor,11,12000,132000,22961
ORD06204,2025-05-27,North,Amit,Furniture,Sofa,12,25000,300000,71878
ORD06205,2025-08-16,East,Suresh,Furniture,Table,16,8000,128000,23495
ORD06206,2025-05-28,North,Vikram,Furniture,Sofa,13,25000,325000,75453
ORD06207,2025-03-27,North,Vikram,Furniture,Sofa,17,25000,425000,87989
ORD06208,2025-10-06,East,Arun,Furniture,Table,18,8000,144000,21116
ORD06209,2025-12-15,West,Meena,Electronics,Mobile,2,20000,40000,10692
ORD06210,2025-11-11,North,Vikram,Furniture,Table,20,8000,160000,16803
ORD06211,2025-06-20,East,Riya,Furniture,Sofa,20,25000,500000,91997
ORD06212,2025-06-05,North,Amit,Electronics,Mobile,19,20000,380000,109899
ORD06213,2025-03-31,West,Sneha,Furniture,Chair,14,3000,42000,7419
ORD06214,2025-12-09,East,Suresh,Furniture,Sofa,5,25000,125000,21536
ORD06215,2025-02-22,East,Suresh,Electronics,Mobile,15,20000,300000,60146
ORD06216,2025-10-11,South,Karthik,Electronics,Mobile,19,20000,380000,81823
ORD06217,2025-10-10,North,Raj,Furniture,Sofa,2,25000,50000,5988
ORD06218,2025-09-12,North,Amit,Electronics,Laptop,16,50000,800000,228381
ORD06219,2025-06-10,South,Anita,Electronics,Monitor,16,12000,192000,40693
ORD06220,2025-05-25,South,Priya,Furniture,Sofa,20,25000,500000,88813
ORD06221,2025-10-09,West,Meena,Furniture,Sofa,8,25000,200000,24368
ORD06222,2025-05-18,North,Amit,Furniture,Sofa,14,25000,350000,101740
ORD06223,2025-08-17,East,Suresh,Electronics,Monitor,9,12000,108000,18575
ORD06224,2025-09-30,East,Suresh,Electronics,Monitor,16,12000,192000,27747
ORD06225,2025-08-25,North,Vikram,Furniture,Table,5,8000,40000,11224
ORD06226,2025-10-25,North,Amit,Electronics,Monitor,11,12000,132000,36855
ORD06227,2025-04-07,East,Suresh,Electronics,Mobile,18,20000,360000,105943
ORD06228,2025-03-02,West,Meena,Furniture,Chair,7,3000,21000,4930
ORD06229,2025-05-31,East,Riya,Furniture,Sofa,12,25000,300000,65678
ORD06230,2025-06-29,North,Amit,Electronics,Monitor,12,12000,144000,25405
ORD06231,2025-12-12,South,Priya,Electronics,Monitor,18,12000,216000,57710
ORD06232,2025-10-11,South,Anita,Furniture,Sofa,11,25000,275000,28331
ORD06233,2025-10-14,North,Amit,Furniture,Chair,5,3000,15000,3883
ORD06234,2025-03-13,North,Vikram,Electronics,Laptop,20,50000,1000000,216938
ORD06235,2025-10-26,South,Anita,Electronics,Mobile,12,20000,240000,61129
ORD06236,2025-04-10,South,Priya,Electronics,Mobile,20,20000,400000,111365
ORD06237,2025-01-20,North,Raj,Electronics,Monitor,5,12000,60000,6020
ORD06238,2025-08-05,North,Raj,Electronics,Laptop,6,50000,300000,72778
ORD06239,2025-04-05,North,Vikram,Electronics,Laptop,5,50000,250000,64934
ORD06240,2025-05-03,North,Vikram,Furniture,Sofa,6,25000,150000,30938
ORD06241,2025-10-31,East,Suresh,Furniture,Sofa,19,25000,475000,111889
ORD06242,2025-08-26,East,Suresh,Furniture,Sofa,17,25000,425000,58081
ORD06243,2025-09-14,West,Sneha,Electronics,Monitor,16,12000,192000,45316
ORD06244,2025-02-11,East,Riya,Electronics,Laptop,6,50000,300000,64493
ORD06245,2025-12-20,North,Raj,Electronics,Laptop,5,50000,250000,47385
ORD06246,2025-02-24,East,Arun,Electronics,Laptop,3,50000,150000,27905
ORD06247,2025-08-13,West,Rahul,Electronics,Monitor,16,12000,192000,39363
ORD06248,2025-11-13,East,Arun,Electronics,Laptop,19,50000,950000,240865
ORD06249,2025-03-06,North,Raj,Furniture,Sofa,1,25000,25000,3244
ORD06250,2025-10-07,North,Raj,Electronics,Laptop,5,50000,250000,41767
ORD06251,2025-09-01,East,Arun,Furniture,Chair,10,3000,30000,6711
ORD06252,2025-12-22,West,Sneha,Furniture,Sofa,19,25000,475000,60424
ORD06253,2025-11-25,West,Rahul,Furniture,Table,5,8000,40000,4393
ORD06254,2025-07-09,East,Arun,Furniture,Table,20,8000,160000,35553
ORD06255,2025-11-16,East,Suresh,Furniture,Table,3,8000,24000,5902
ORD06256,2025-07-02,West,Meena,Electronics,Laptop,19,50000,950000,114148
ORD06257,2025-09-06,South,Karthik,Furniture,Sofa,1,25000,25000,2775
ORD06258,2025-06-28,West,Rahul,Electronics,Monitor,19,12000,228000,57046
ORD06259,2025-07-04,North,Amit,Electronics,Laptop,13,50000,650000,80709
ORD06260,2025-07-09,South,Anita,Furniture,Table,7,8000,56000,8242
ORD06261,2025-11-24,East,Arun,Electronics,Mobile,14,20000,280000,29351
ORD06262,2025-06-25,East,Riya,Furniture,Table,17,8000,136000,21965
ORD06263,2025-08-21,South,Anita,Furniture,Table,13,8000,104000,24900
ORD06264,2025-01-18,North,Vikram,Electronics,Monitor,14,12000,168000,31479
ORD06265,2025-02-09,South,Priya,Electronics,Mobile,5,20000,100000,10988
ORD06266,2025-08-28,West,Sneha,Electronics,Laptop,1,50000,50000,13464
ORD06267,2025-08-14,West,Sneha,Electronics,Monitor,11,12000,132000,29568
ORD06268,2025-08-17,North,Amit,Electronics,Laptop,3,50000,150000,15502
ORD06269,2025-11-19,East,Riya,Furniture,Table,9,8000,72000,19032
ORD06270,2025-02-14,South,Anita,Electronics,Mobile,19,20000,380000,91916
ORD06271,2025-11-13,East,Suresh,Electronics,Laptop,12,50000,600000,139125
ORD06272,2025-07-08,East,Riya,Electronics,Monitor,11,12000,132000,14819
ORD06273,2025-08-22,North,Raj,Furniture,Table,17,8000,136000,15231
ORD06274,2025-11-29,East,Arun,Electronics,Laptop,2,50000,100000,25078
ORD06275,2025-06-05,North,Vikram,Furniture,Sofa,4,25000,100000,22806
ORD06276,2025-02-15,South,Karthik,Electronics,Monitor,10,12000,120000,18746
ORD06277,2025-08-21,South,Priya,Electronics,Monitor,12,12000,144000,28745
ORD06278,2025-06-13,East,Arun,Electronics,Laptop,15,50000,750000,148873
ORD06279,2025-04-17,East,Suresh,Furniture,Table,7,8000,56000,13109
ORD06280,2025-03-09,North,Amit,Electronics,Laptop,20,50000,1000000,141238
ORD06281,2025-12-15,West,Sneha,Furniture,Table,20,8000,160000,33980
ORD06282,2025-02-07,East,Suresh,Furniture,Table,7,8000,56000,10399
ORD06283,2025-08-12,East,Arun,Electronics,Mobile,14,20000,280000,82278
ORD06284,2025-12-19,North,Amit,Electronics,Monitor,13,12000,156000,29584
ORD06285,2025-05-12,North,Amit,Furniture,Chair,16,3000,48000,7008
ORD06286,2025-03-01,East,Suresh,Electronics,Mobile,10,20000,200000,25560
ORD06287,2025-09-04,East,Riya,Furniture,Sofa,17,25000,425000,77134
ORD06288,2025-12-22,North,Raj,Furniture,Chair,16,3000,48000,7593
ORD06289,2025-12-05,South,Karthik,Electronics,Laptop,4,50000,200000,25279
ORD06290,2025-12-06,North,Amit,Electronics,Monitor,7,12000,84000,11029
ORD06291,2025-08-14,East,Riya,Electronics,Monitor,20,12000,240000,28639
ORD06292,2025-02-12,West,Rahul,Electronics,Mobile,4,20000,80000,13580
ORD06293,2025-01-22,South,Anita,Furniture,Chair,11,3000,33000,6668
ORD06294,2025-07-27,East,Suresh,Electronics,Mobile,19,20000,380000,76394
ORD06295,2025-12-04,North,Amit,Furniture,Sofa,18,25000,450000,64198
ORD06296,2025-02-07,East,Riya,Furniture,Table,19,8000,152000,19888
ORD06297,2025-04-27,North,Vikram,Electronics,Laptop,2,50000,100000,26537
ORD06298,2025-09-12,East,Suresh,Electronics,Monitor,8,12000,96000,19938
ORD06299,2025-07-05,North,Amit,Furniture,Chair,4,3000,12000,1529
ORD06300,2025-06-18,South,Priya,Furniture,Table,16,8000,128000,28785
ORD06301,2025-01-01,West,Rahul,Electronics,Laptop,7,50000,350000,90365
ORD06302,2025-10-18,East,Riya,Electronics,Laptop,11,50000,550000,83808
ORD06303,2025-09-09,West,Rahul,Electronics,Monitor,8,12000,96000,28012
ORD06304,2025-11-25,East,Suresh,Furniture,Chair,3,3000,9000,1644
ORD06305,2025-09-12,East,Arun,Furniture,Chair,16,3000,48000,8070
ORD06306,2025-03-14,East,Riya,Electronics,Laptop,20,50000,1000000,171737
ORD06307,2025-08-27,North,Vikram,Electronics,Mobile,6,20000,120000,32243
ORD06308,2025-09-25,West,Sneha,Electronics,Mobile,4,20000,80000,14556
ORD06309,2025-01-01,West,Sneha,Electronics,Monitor,4,12000,48000,9532
ORD06310,2025-06-25,West,Meena,Furniture,Table,9,8000,72000,9535
ORD06311,2025-11-10,East,Arun,Furniture,Sofa,14,25000,350000,37215
ORD06312,2025-08-12,West,Sneha,Electronics,Laptop,5,50000,250000,34930
ORD06313,2025-12-10,South,Priya,Electronics,Laptop,7,50000,350000,92605
ORD06314,2025-05-26,West,Meena,Electronics,Monitor,1,12000,12000,2668
ORD06315,2025-11-09,East,Arun,Furniture,Table,4,8000,32000,9527
ORD06316,2025-12-06,North,Raj,Electronics,Monitor,14,12000,168000,46147
ORD06317,2025-02-12,North,Raj,Electronics,Laptop,8,50000,400000,74254
ORD06318,2025-01-27,North,Raj,Furniture,Chair,4,3000,12000,1640
ORD06319,2025-03-07,South,Anita,Electronics,Laptop,9,50000,450000,73010
ORD06320,2025-03-18,East,Riya,Furniture,Sofa,16,25000,400000,68812
ORD06321,2025-10-09,South,Karthik,Furniture,Table,5,8000,40000,8360
ORD06322,2025-10-24,East,Riya,Electronics,Mobile,3,20000,60000,15343
ORD06323,2025-09-11,South,Priya,Electronics,Mobile,2,20000,40000,5161
ORD06324,2025-01-20,East,Arun,Electronics,Mobile,9,20000,180000,39525
ORD06325,2025-03-01,West,Sneha,Electronics,Laptop,10,50000,500000,88414
ORD06326,2025-04-11,East,Riya,Electronics,Laptop,1,50000,50000,14283
ORD06327,2025-11-12,North,Amit,Electronics,Mobile,19,20000,380000,101069
ORD06328,2025-12-09,South,Priya,Furniture,Chair,1,3000,3000,817
ORD06329,2025-06-26,South,Priya,Furniture,Sofa,15,25000,375000,109400
ORD06330,2025-06-02,North,Amit,Electronics,Mobile,10,20000,200000,29035
ORD06331,2025-10-08,East,Riya,Electronics,Laptop,8,50000,400000,114664
ORD06332,2025-03-17,East,Arun,Furniture,Sofa,2,25000,50000,5548
ORD06333,2025-03-31,East,Arun,Electronics,Laptop,8,50000,400000,116513
ORD06334,2025-05-30,East,Riya,Electronics,Mobile,20,20000,400000,55606
ORD06335,2025-07-31,North,Amit,Electronics,Monitor,19,12000,228000,47350
ORD06336,2025-05-08,South,Karthik,Furniture,Chair,4,3000,12000,2952
ORD06337,2025-12-16,East,Riya,Electronics,Monitor,20,12000,240000,34146
ORD06338,2025-08-25,East,Arun,Furniture,Table,4,8000,32000,4048
ORD06339,2025-09-09,South,Karthik,Furniture,Sofa,17,25000,425000,70313
ORD06340,2025-09-29,East,Arun,Electronics,Laptop,9,50000,450000,133632
ORD06341,2025-05-06,East,Riya,Furniture,Chair,14,3000,42000,12149
ORD06342,2025-01-23,North,Amit,Electronics,Mobile,6,20000,120000,20852
ORD06343,2025-08-25,East,Riya,Electronics,Mobile,4,20000,80000,23129
ORD06344,2025-12-11,North,Vikram,Electronics,Laptop,11,50000,550000,89009
ORD06345,2025-09-03,South,Priya,Electronics,Monitor,16,12000,192000,50465
ORD06346,2025-03-02,West,Sneha,Furniture,Sofa,10,25000,250000,69281
ORD06347,2025-09-28,North,Vikram,Furniture,Sofa,8,25000,200000,21161
ORD06348,2025-06-04,West,Sneha,Electronics,Mobile,18,20000,360000,90757
ORD06349,2025-10-15,East,Arun,Furniture,Table,1,8000,8000,2366
ORD06350,2025-07-16,South,Karthik,Furniture,Table,2,8000,16000,3870
ORD06351,2025-03-31,South,Anita,Furniture,Sofa,18,25000,450000,123918
ORD06352,2025-09-15,East,Riya,Electronics,Monitor,13,12000,156000,28566
ORD06353,2025-05-14,West,Sneha,Electronics,Monitor,4,12000,48000,14170
ORD06354,2025-06-27,South,Anita,Electronics,Laptop,8,50000,400000,88264
ORD06355,2025-12-07,East,Suresh,Electronics,Laptop,15,50000,750000,185886
ORD06356,2025-06-28,South,Karthik,Furniture,Chair,13,3000,39000,5793
ORD06357,2025-03-22,South,Anita,Furniture,Sofa,7,25000,175000,39479
ORD06358,2025-08-05,South,Karthik,Electronics,Laptop,11,50000,550000,134299
ORD06359,2025-06-01,South,Priya,Electronics,Laptop,19,50000,950000,230061
ORD06360,2025-12-29,West,Rahul,Electronics,Mobile,2,20000,40000,5753
ORD06361,2025-09-09,East,Arun,Furniture,Sofa,2,25000,50000,12135
ORD06362,2025-08-03,East,Arun,Furniture,Sofa,17,25000,425000,51248
ORD06363,2025-06-16,South,Anita,Furniture,Table,2,8000,16000,4613
ORD06364,2025-09-01,East,Arun,Electronics,Mobile,5,20000,100000,11093
ORD06365,2025-09-01,North,Vikram,Furniture,Table,6,8000,48000,9976
ORD06366,2025-03-06,West,Sneha,Furniture,Sofa,13,25000,325000,59428
ORD06367,2025-05-18,South,Priya,Electronics,Mobile,6,20000,120000,32569
ORD06368,2025-11-06,West,Rahul,Furniture,Chair,3,3000,9000,1561
ORD06369,2025-11-12,West,Rahul,Furniture,Sofa,3,25000,75000,16290
ORD06370,2025-10-28,East,Suresh,Electronics,Laptop,19,50000,950000,208385
ORD06371,2025-11-19,East,Riya,Furniture,Table,17,8000,136000,38578
ORD06372,2025-04-17,South,Priya,Electronics,Mobile,13,20000,260000,72487
ORD06373,2025-04-18,East,Arun,Furniture,Table,20,8000,160000,23876
ORD06374,2025-06-17,South,Anita,Furniture,Table,18,8000,144000,21570
ORD06375,2025-09-18,South,Anita,Furniture,Sofa,9,25000,225000,49239
ORD06376,2025-08-21,West,Meena,Electronics,Laptop,8,50000,400000,77700
ORD06377,2025-08-01,South,Priya,Electronics,Laptop,14,50000,700000,74614
ORD06378,2025-10-15,North,Raj,Furniture,Chair,4,3000,12000,1765
ORD06379,2025-05-13,East,Suresh,Electronics,Mobile,6,20000,120000,27828
ORD06380,2025-12-26,North,Amit,Furniture,Chair,7,3000,21000,2563
ORD06381,2025-04-17,West,Meena,Furniture,Chair,14,3000,42000,11853
ORD06382,2025-02-11,West,Rahul,Furniture,Table,15,8000,120000,33070
ORD06383,2025-08-12,North,Raj,Electronics,Monitor,15,12000,180000,45934
ORD06384,2025-08-16,West,Meena,Electronics,Mobile,14,20000,280000,35176
ORD06385,2025-07-09,West,Meena,Electronics,Mobile,3,20000,60000,6385
ORD06386,2025-10-26,East,Riya,Electronics,Mobile,8,20000,160000,34879
ORD06387,2025-09-11,West,Meena,Electronics,Monitor,15,12000,180000,47107
ORD06388,2025-05-20,South,Karthik,Electronics,Monitor,9,12000,108000,22913
ORD06389,2025-08-18,North,Amit,Furniture,Chair,14,3000,42000,4225
ORD06390,2025-11-19,South,Karthik,Electronics,Mobile,7,20000,140000,40156
ORD06391,2025-09-13,North,Amit,Electronics,Monitor,8,12000,96000,15771
ORD06392,2025-12-17,West,Rahul,Furniture,Chair,8,3000,24000,4042
ORD06393,2025-03-08,North,Raj,Electronics,Laptop,12,50000,600000,96751
ORD06394,2025-07-14,North,Amit,Electronics,Mobile,19,20000,380000,90439
ORD06395,2025-12-23,West,Rahul,Furniture,Chair,12,3000,36000,4849
ORD06396,2025-06-07,West,Rahul,Furniture,Chair,7,3000,21000,4126
ORD06397,2025-02-28,West,Rahul,Electronics,Mobile,5,20000,100000,13662
ORD06398,2025-10-17,West,Rahul,Furniture,Table,9,8000,72000,10054
ORD06399,2025-08-26,North,Amit,Furniture,Table,5,8000,40000,6062
ORD06400,2025-02-17,West,Rahul,Furniture,Sofa,3,25000,75000,13294
ORD06401,2025-04-25,West,Rahul,Electronics,Laptop,18,50000,900000,147496
ORD06402,2025-12-04,East,Arun,Electronics,Laptop,14,50000,700000,150153
ORD06403,2025-07-18,West,Sneha,Electronics,Mobile,1,20000,20000,2230
ORD06404,2025-10-08,East,Arun,Furniture,Table,11,8000,88000,12586
ORD06405,2025-06-14,West,Meena,Furniture,Sofa,11,25000,275000,53614
ORD06406,2025-05-31,West,Sneha,Furniture,Chair,9,3000,27000,6316
ORD06407,2025-08-21,East,Riya,Furniture,Chair,13,3000,39000,10361
ORD06408,2025-09-23,South,Anita,Electronics,Laptop,4,50000,200000,35214
ORD06409,2025-02-16,South,Karthik,Furniture,Chair,14,3000,42000,11432
ORD06410,2025-10-13,West,Rahul,Furniture,Sofa,10,25000,250000,26440
ORD06411,2025-03-23,South,Priya,Furniture,Chair,1,3000,3000,638
ORD06412,2025-12-18,North,Amit,Furniture,Sofa,18,25000,450000,104207
ORD06413,2025-04-15,South,Anita,Electronics,Mobile,3,20000,60000,7282
ORD06414,2025-11-18,East,Suresh,Furniture,Table,19,8000,152000,38650
ORD06415,2025-10-06,North,Raj,Electronics,Mobile,4,20000,80000,13091
ORD06416,2025-01-15,North,Vikram,Furniture,Sofa,4,25000,100000,27865
ORD06417,2025-10-04,East,Arun,Electronics,Laptop,10,50000,500000,135378
ORD06418,2025-03-13,North,Amit,Electronics,Laptop,20,50000,1000000,100812
ORD06419,2025-10-26,West,Meena,Furniture,Sofa,19,25000,475000,120301
ORD06420,2025-11-02,South,Karthik,Furniture,Table,9,8000,72000,10910
ORD06421,2025-05-13,East,Suresh,Furniture,Chair,10,3000,30000,6363
ORD06422,2025-03-04,West,Sneha,Electronics,Monitor,17,12000,204000,45868
ORD06423,2025-07-26,South,Anita,Electronics,Monitor,4,12000,48000,6605
ORD06424,2025-01-07,North,Vikram,Electronics,Mobile,13,20000,260000,53531
ORD06425,2025-04-08,South,Anita,Electronics,Monitor,12,12000,144000,25574
ORD06426,2025-12-30,South,Priya,Furniture,Chair,16,3000,48000,7106
ORD06427,2025-07-21,West,Meena,Electronics,Monitor,20,12000,240000,45004
ORD06428,2025-01-17,West,Sneha,Furniture,Chair,19,3000,57000,12175
ORD06429,2025-09-07,West,Rahul,Electronics,Monitor,7,12000,84000,23934
ORD06430,2025-07-23,West,Meena,Furniture,Chair,1,3000,3000,805
ORD06431,2025-12-04,East,Suresh,Electronics,Mobile,9,20000,180000,49875
ORD06432,2025-09-03,North,Raj,Furniture,Sofa,12,25000,300000,68341
ORD06433,2025-01-19,North,Vikram,Furniture,Chair,5,3000,15000,4017
ORD06434,2025-11-12,East,Suresh,Electronics,Laptop,4,50000,200000,32151
ORD06435,2025-11-11,East,Riya,Electronics,Laptop,11,50000,550000,79285
ORD06436,2025-02-05,East,Suresh,Furniture,Chair,15,3000,45000,10877
ORD06437,2025-01-14,West,Sneha,Electronics,Mobile,9,20000,180000,49963
ORD06438,2025-11-21,South,Karthik,Furniture,Chair,19,3000,57000,16901
ORD06439,2025-11-14,South,Priya,Furniture,Table,4,8000,32000,5214
ORD06440,2025-01-14,East,Riya,Furniture,Sofa,7,25000,175000,52143
ORD06441,2025-11-19,West,Sneha,Furniture,Sofa,8,25000,200000,20604
ORD06442,2025-05-09,West,Rahul,Furniture,Sofa,13,25000,325000,74733
ORD06443,2025-01-30,North,Vikram,Electronics,Mobile,18,20000,360000,99710
ORD06444,2025-01-30,West,Meena,Furniture,Chair,11,3000,33000,9656
ORD06445,2025-05-30,South,Karthik,Electronics,Monitor,15,12000,180000,43537
ORD06446,2025-06-13,West,Sneha,Electronics,Mobile,18,20000,360000,68434
ORD06447,2025-11-06,South,Anita,Furniture,Sofa,7,25000,175000,52464
ORD06448,2025-08-03,East,Suresh,Electronics,Mobile,8,20000,160000,36493
ORD06449,2025-10-03,East,Arun,Electronics,Laptop,2,50000,100000,13606
ORD06450,2025-07-26,North,Raj,Electronics,Monitor,12,12000,144000,30090
ORD06451,2025-09-04,West,Meena,Furniture,Table,2,8000,16000,4141
ORD06452,2025-06-22,South,Priya,Furniture,Chair,6,3000,18000,2071
ORD06453,2025-07-15,East,Suresh,Furniture,Sofa,18,25000,450000,72793
ORD06454,2025-10-04,West,Sneha,Furniture,Table,8,8000,64000,17724
ORD06455,2025-03-06,South,Karthik,Furniture,Sofa,2,25000,50000,13532
ORD06456,2025-03-01,East,Arun,Furniture,Sofa,20,25000,500000,107357
ORD06457,2025-07-13,North,Amit,Furniture,Chair,1,3000,3000,801
ORD06458,2025-05-23,South,Karthik,Electronics,Mobile,7,20000,140000,23851
ORD06459,2025-08-02,East,Riya,Furniture,Sofa,10,25000,250000,72943
ORD06460,2025-11-02,North,Amit,Electronics,Mobile,19,20000,380000,103520
ORD06461,2025-02-06,West,Rahul,Furniture,Sofa,8,25000,200000,44443
ORD06462,2025-09-02,East,Arun,Electronics,Mobile,2,20000,40000,10200
ORD06463,2025-11-26,North,Vikram,Furniture,Chair,8,3000,24000,4058
ORD06464,2025-08-22,North,Raj,Furniture,Chair,15,3000,45000,13430
ORD06465,2025-10-16,West,Sneha,Furniture,Table,9,8000,72000,16042
ORD06466,2025-06-27,North,Amit,Furniture,Chair,2,3000,6000,1359
ORD06467,2025-12-19,South,Priya,Electronics,Mobile,10,20000,200000,25670
ORD06468,2025-08-14,North,Amit,Electronics,Laptop,1,50000,50000,9976
ORD06469,2025-03-21,East,Riya,Furniture,Sofa,14,25000,350000,85833
ORD06470,2025-06-24,South,Anita,Furniture,Chair,18,3000,54000,15410
ORD06471,2025-12-12,West,Meena,Furniture,Chair,14,3000,42000,4447
ORD06472,2025-09-21,West,Meena,Electronics,Monitor,11,12000,132000,36294
ORD06473,2025-10-19,South,Priya,Electronics,Monitor,1,12000,12000,3211
ORD06474,2025-07-21,South,Karthik,Furniture,Sofa,10,25000,250000,53176
ORD06475,2025-05-07,West,Rahul,Furniture,Table,15,8000,120000,16913
ORD06476,2025-05-13,North,Vikram,Furniture,Chair,14,3000,42000,5040
ORD06477,2025-07-15,South,Karthik,Furniture,Table,13,8000,104000,28244
ORD06478,2025-03-30,East,Riya,Furniture,Sofa,16,25000,400000,85417
ORD06479,2025-06-29,North,Vikram,Furniture,Table,5,8000,40000,4916
ORD06480,2025-09-24,South,Priya,Furniture,Chair,5,3000,15000,1781
ORD06481,2025-09-24,South,Priya,Electronics,Laptop,16,50000,800000,104866
ORD06482,2025-10-17,East,Suresh,Furniture,Table,16,8000,128000,24793
ORD06483,2025-06-23,South,Anita,Furniture,Table,1,8000,8000,805
ORD06484,2025-06-01,North,Amit,Electronics,Laptop,4,50000,200000,54769
ORD06485,2025-09-20,North,Amit,Electronics,Laptop,6,50000,300000,52783
ORD06486,2025-04-06,East,Riya,Electronics,Laptop,3,50000,150000,17645
ORD06487,2025-01-16,North,Raj,Electronics,Laptop,20,50000,1000000,208880
ORD06488,2025-11-29,East,Riya,Electronics,Mobile,7,20000,140000,23175
ORD06489,2025-02-05,South,Anita,Electronics,Mobile,7,20000,140000,38276
ORD06490,2025-03-29,South,Anita,Electronics,Mobile,1,20000,20000,3965
ORD06491,2025-10-21,East,Arun,Furniture,Table,15,8000,120000,19415
ORD06492,2025-07-22,North,Raj,Electronics,Laptop,16,50000,800000,202450
ORD06493,2025-02-23,South,Karthik,Furniture,Chair,11,3000,33000,9331
ORD06494,2025-10-29,South,Priya,Furniture,Table,10,8000,80000,13604
ORD06495,2025-09-16,South,Karthik,Furniture,Table,19,8000,152000,36403
ORD06496,2025-03-30,East,Arun,Electronics,Mobile,2,20000,40000,4192
ORD06497,2025-08-11,West,Rahul,Furniture,Table,1,8000,8000,1916
ORD06498,2025-05-27,South,Priya,Electronics,Laptop,3,50000,150000,44182
ORD06499,2025-12-26,South,Anita,Electronics,Monitor,5,12000,60000,11329
ORD06500,2025-11-08,West,Rahul,Furniture,Chair,15,3000,45000,13396
ORD06501,2025-04-02,West,Meena,Furniture,Chair,19,3000,57000,15977
ORD06502,2025-09-15,West,Meena,Furniture,Sofa,10,25000,250000,45651
ORD06503,2025-04-05,East,Suresh,Electronics,Monitor,11,12000,132000,15723
ORD06504,2025-08-13,South,Anita,Furniture,Sofa,17,25000,425000,77611
ORD06505,2025-10-29,South,Karthik,Electronics,Mobile,2,20000,40000,10627
ORD06506,2025-12-26,East,Riya,Electronics,Monitor,18,12000,216000,53315
ORD06507,2025-03-05,West,Meena,Electronics,Monitor,19,12000,228000,55591
ORD06508,2025-07-08,West,Rahul,Electronics,Laptop,11,50000,550000,74965
ORD06509,2025-03-11,North,Amit,Electronics,Monitor,14,12000,168000,31413
ORD06510,2025-03-01,West,Meena,Furniture,Sofa,16,25000,400000,62715
ORD06511,2025-05-01,South,Anita,Furniture,Chair,2,3000,6000,946
ORD06512,2025-12-31,East,Arun,Furniture,Chair,6,3000,18000,3663
ORD06513,2025-05-04,North,Raj,Electronics,Laptop,20,50000,1000000,124658
ORD06514,2025-07-16,South,Priya,Furniture,Sofa,9,25000,225000,37734
ORD06515,2025-03-04,West,Sneha,Electronics,Monitor,16,12000,192000,21079
ORD06516,2025-09-14,West,Sneha,Electronics,Mobile,10,20000,200000,56742
ORD06517,2025-12-31,East,Arun,Electronics,Mobile,1,20000,20000,3212
ORD06518,2025-06-09,North,Vikram,Furniture,Chair,2,3000,6000,1654
ORD06519,2025-02-20,East,Arun,Furniture,Table,1,8000,8000,1778
ORD06520,2025-05-01,North,Raj,Electronics,Mobile,9,20000,180000,49285
ORD06521,2025-10-27,West,Rahul,Electronics,Mobile,16,20000,320000,42353
ORD06522,2025-11-29,West,Meena,Electronics,Mobile,13,20000,260000,71656
ORD06523,2025-01-10,South,Priya,Electronics,Monitor,14,12000,168000,37485
ORD06524,2025-11-01,East,Riya,Electronics,Monitor,10,12000,120000,33736
ORD06525,2025-06-28,East,Riya,Furniture,Chair,8,3000,24000,5442
ORD06526,2025-09-26,South,Anita,Furniture,Chair,18,3000,54000,7380
ORD06527,2025-01-12,East,Suresh,Furniture,Chair,1,3000,3000,759
ORD06528,2025-05-09,East,Suresh,Electronics,Monitor,15,12000,180000,33058
ORD06529,2025-11-12,South,Karthik,Electronics,Mobile,3,20000,60000,16728
ORD06530,2025-02-20,West,Sneha,Electronics,Mobile,11,20000,220000,28772
ORD06531,2025-12-16,North,Raj,Furniture,Sofa,7,25000,175000,49853
ORD06532,2025-12-31,North,Vikram,Furniture,Sofa,8,25000,200000,45278
ORD06533,2025-12-03,West,Rahul,Electronics,Laptop,16,50000,800000,204957
ORD06534,2025-01-04,East,Suresh,Furniture,Chair,9,3000,27000,2767
ORD06535,2025-03-12,North,Vikram,Furniture,Chair,7,3000,21000,5908
ORD06536,2025-07-08,East,Arun,Furniture,Table,9,8000,72000,13761
ORD06537,2025-04-20,North,Vikram,Electronics,Laptop,20,50000,1000000,133757
ORD06538,2025-11-15,North,Raj,Electronics,Laptop,11,50000,550000,129107
ORD06539,2025-12-30,North,Amit,Electronics,Monitor,15,12000,180000,18412
ORD06540,2025-10-05,West,Meena,Electronics,Mobile,11,20000,220000,42648
ORD06541,2025-01-05,South,Karthik,Furniture,Table,10,8000,80000,8348
ORD06542,2025-09-07,East,Riya,Furniture,Table,6,8000,48000,11025
ORD06543,2025-10-21,West,Rahul,Electronics,Monitor,17,12000,204000,46272
ORD06544,2025-01-12,South,Priya,Electronics,Monitor,7,12000,84000,17074
ORD06545,2025-04-16,East,Arun,Furniture,Table,9,8000,72000,12689
ORD06546,2025-06-28,West,Meena,Furniture,Sofa,8,25000,200000,59739
ORD06547,2025-10-29,West,Rahul,Electronics,Mobile,12,20000,240000,70078
ORD06548,2025-04-23,South,Anita,Furniture,Sofa,7,25000,175000,27837
ORD06549,2025-09-30,West,Sneha,Furniture,Sofa,17,25000,425000,107603
ORD06550,2025-05-09,North,Raj,Furniture,Table,1,8000,8000,911
ORD06551,2025-04-25,South,Priya,Electronics,Mobile,19,20000,380000,59815
ORD06552,2025-12-08,West,Meena,Electronics,Mobile,20,20000,400000,102800
ORD06553,2025-12-03,South,Karthik,Furniture,Chair,5,3000,15000,3002
ORD06554,2025-01-15,South,Priya,Electronics,Mobile,11,20000,220000,52616
ORD06555,2025-06-15,East,Arun,Electronics,Monitor,1,12000,12000,2638
ORD06556,2025-09-10,South,Anita,Electronics,Monitor,7,12000,84000,11055
ORD06557,2025-06-09,North,Amit,Furniture,Table,3,8000,24000,4197
ORD06558,2025-12-17,South,Priya,Electronics,Mobile,10,20000,200000,48075
ORD06559,2025-04-15,South,Priya,Electronics,Monitor,13,12000,156000,22246
ORD06560,2025-01-23,West,Sneha,Furniture,Table,9,8000,72000,18089
ORD06561,2025-07-24,South,Anita,Furniture,Chair,5,3000,15000,3117
ORD06562,2025-09-29,East,Arun,Electronics,Mobile,18,20000,360000,76197
ORD06563,2025-05-31,West,Meena,Furniture,Table,13,8000,104000,23805
ORD06564,2025-05-01,East,Riya,Furniture,Table,4,8000,32000,7570
ORD06565,2025-09-11,North,Raj,Electronics,Mobile,1,20000,20000,2231
ORD06566,2025-02-06,West,Rahul,Furniture,Sofa,7,25000,175000,41976
ORD06567,2025-09-21,South,Karthik,Electronics,Laptop,1,50000,50000,10530
ORD06568,2025-06-03,East,Arun,Electronics,Monitor,19,12000,228000,31826
ORD06569,2025-04-07,South,Priya,Furniture,Chair,14,3000,42000,5548
ORD06570,2025-10-24,East,Arun,Furniture,Table,15,8000,120000,19820
ORD06571,2025-12-15,West,Rahul,Furniture,Table,15,8000,120000,13591
ORD06572,2025-07-10,North,Amit,Electronics,Mobile,7,20000,140000,28863
ORD06573,2025-01-23,North,Amit,Furniture,Table,11,8000,88000,12334
ORD06574,2025-06-09,West,Rahul,Electronics,Laptop,19,50000,950000,113945
ORD06575,2025-01-10,South,Priya,Furniture,Sofa,14,25000,350000,83416
ORD06576,2025-09-15,North,Amit,Electronics,Monitor,5,12000,60000,7419
ORD06577,2025-06-03,West,Meena,Furniture,Sofa,12,25000,300000,48454
ORD06578,2025-07-30,West,Rahul,Electronics,Monitor,9,12000,108000,25286
ORD06579,2025-11-25,South,Priya,Furniture,Sofa,5,25000,125000,20764
ORD06580,2025-09-09,West,Rahul,Furniture,Table,3,8000,24000,6137
ORD06581,2025-10-31,East,Suresh,Furniture,Chair,10,3000,30000,5506
ORD06582,2025-12-21,East,Riya,Furniture,Sofa,1,25000,25000,2918
ORD06583,2025-01-21,South,Priya,Furniture,Table,18,8000,144000,33224
ORD06584,2025-03-22,North,Raj,Electronics,Laptop,6,50000,300000,87423
ORD06585,2025-06-25,East,Arun,Electronics,Mobile,18,20000,360000,44452
ORD06586,2025-03-14,North,Amit,Furniture,Table,4,8000,32000,4241
ORD06587,2025-01-30,West,Sneha,Furniture,Table,8,8000,64000,19090
ORD06588,2025-02-22,West,Meena,Electronics,Monitor,14,12000,168000,17846
ORD06589,2025-05-30,West,Rahul,Furniture,Chair,5,3000,15000,3260
ORD06590,2025-08-14,West,Sneha,Electronics,Monitor,3,12000,36000,5045
ORD06591,2025-10-04,South,Karthik,Electronics,Monitor,12,12000,144000,14609
ORD06592,2025-01-01,North,Vikram,Electronics,Laptop,12,50000,600000,171452
ORD06593,2025-02-04,West,Sneha,Furniture,Table,18,8000,144000,41266
ORD06594,2025-06-05,North,Raj,Electronics,Mobile,7,20000,140000,27441
ORD06595,2025-12-15,South,Priya,Electronics,Laptop,9,50000,450000,48178
ORD06596,2025-10-31,East,Suresh,Furniture,Chair,4,3000,12000,2506
ORD06597,2025-08-04,South,Anita,Electronics,Monitor,6,12000,72000,21491
ORD06598,2025-04-23,West,Sneha,Furniture,Sofa,15,25000,375000,55681
ORD06599,2025-07-15,North,Amit,Electronics,Laptop,16,50000,800000,231463
ORD06600,2025-01-14,North,Vikram,Electronics,Mobile,18,20000,360000,71295
ORD06601,2025-04-24,West,Rahul,Furniture,Sofa,14,25000,350000,73382
ORD06602,2025-09-18,West,Meena,Furniture,Table,15,8000,120000,25266
ORD06603,2025-01-23,West,Sneha,Furniture,Chair,10,3000,30000,6009
ORD06604,2025-05-15,West,Sneha,Furniture,Chair,8,3000,24000,6325
ORD06605,2025-08-13,West,Sneha,Electronics,Laptop,19,50000,950000,241548
ORD06606,2025-01-19,East,Suresh,Electronics,Mobile,6,20000,120000,16658
ORD06607,2025-08-11,East,Arun,Furniture,Table,8,8000,64000,13138
ORD06608,2025-04-20,West,Rahul,Furniture,Chair,18,3000,54000,14742
ORD06609,2025-08-25,South,Priya,Electronics,Laptop,6,50000,300000,45486
ORD06610,2025-12-28,South,Priya,Electronics,Monitor,3,12000,36000,10233
ORD06611,2025-04-12,West,Meena,Furniture,Chair,7,3000,21000,2277
ORD06612,2025-06-18,East,Arun,Furniture,Table,4,8000,32000,8884
ORD06613,2025-01-31,West,Sneha,Furniture,Table,16,8000,128000,23855
ORD06614,2025-05-17,North,Vikram,Electronics,Mobile,2,20000,40000,10366
ORD06615,2025-01-07,North,Vikram,Furniture,Chair,17,3000,51000,10792
ORD06616,2025-09-29,North,Amit,Furniture,Chair,15,3000,45000,7032
ORD06617,2025-05-22,West,Rahul,Electronics,Laptop,20,50000,1000000,188544
ORD06618,2025-08-23,East,Arun,Furniture,Chair,5,3000,15000,3108
ORD06619,2025-06-25,North,Raj,Electronics,Mobile,9,20000,180000,49440
ORD06620,2025-01-30,North,Vikram,Furniture,Sofa,16,25000,400000,100713
ORD06621,2025-01-22,South,Priya,Electronics,Mobile,12,20000,240000,33893
ORD06622,2025-03-14,South,Priya,Electronics,Mobile,10,20000,200000,34351
ORD06623,2025-09-03,South,Karthik,Furniture,Chair,10,3000,30000,4799
ORD06624,2025-08-28,North,Raj,Furniture,Table,11,8000,88000,24712
ORD06625,2025-07-11,West,Sneha,Electronics,Monitor,13,12000,156000,32635
ORD06626,2025-09-01,South,Anita,Electronics,Laptop,16,50000,800000,189591
ORD06627,2025-03-31,South,Karthik,Electronics,Laptop,18,50000,900000,144145
ORD06628,2025-01-12,East,Arun,Electronics,Monitor,14,12000,168000,27100
ORD06629,2025-02-28,North,Vikram,Electronics,Laptop,19,50000,950000,236960
ORD06630,2025-07-04,South,Karthik,Electronics,Mobile,9,20000,180000,37976
ORD06631,2025-04-22,East,Riya,Furniture,Sofa,14,25000,350000,73826
ORD06632,2025-08-18,West,Rahul,Electronics,Monitor,4,12000,48000,8721
ORD06633,2025-10-06,East,Arun,Electronics,Mobile,19,20000,380000,103410
ORD06634,2025-12-18,North,Raj,Furniture,Table,17,8000,136000,19550
ORD06635,2025-06-02,North,Raj,Electronics,Monitor,6,12000,72000,12641
ORD06636,2025-03-20,East,Arun,Electronics,Mobile,1,20000,20000,4813
ORD06637,2025-11-18,West,Rahul,Furniture,Sofa,18,25000,450000,90385
ORD06638,2025-03-28,East,Suresh,Furniture,Chair,3,3000,9000,2605
ORD06639,2025-06-04,West,Rahul,Furniture,Chair,12,3000,36000,4704
ORD06640,2025-06-04,East,Arun,Electronics,Laptop,14,50000,700000,181356
ORD06641,2025-11-26,North,Amit,Furniture,Sofa,15,25000,375000,47695
ORD06642,2025-03-15,West,Rahul,Electronics,Laptop,8,50000,400000,92269
ORD06643,2025-01-02,South,Karthik,Electronics,Monitor,12,12000,144000,16013
ORD06644,2025-09-10,North,Raj,Electronics,Mobile,19,20000,380000,64884
ORD06645,2025-09-15,West,Sneha,Furniture,Sofa,1,25000,25000,2768
ORD06646,2025-01-04,North,Vikram,Furniture,Chair,7,3000,21000,2340
ORD06647,2025-01-15,West,Sneha,Electronics,Monitor,6,12000,72000,7677
ORD06648,2025-08-10,North,Amit,Electronics,Mobile,12,20000,240000,48579
ORD06649,2025-11-16,North,Amit,Electronics,Mobile,17,20000,340000,51353
ORD06650,2025-10-04,North,Vikram,Furniture,Table,18,8000,144000,19744
ORD06651,2025-10-05,East,Arun,Electronics,Mobile,10,20000,200000,34436
ORD06652,2025-08-05,North,Raj,Furniture,Chair,6,3000,18000,5234
ORD06653,2025-09-16,North,Vikram,Electronics,Laptop,18,50000,900000,126940
ORD06654,2025-02-28,North,Vikram,Furniture,Chair,6,3000,18000,5232
ORD06655,2025-12-08,West,Rahul,Furniture,Table,16,8000,128000,29618
ORD06656,2025-11-29,South,Priya,Electronics,Laptop,20,50000,1000000,278237
ORD06657,2025-12-20,West,Meena,Electronics,Mobile,15,20000,300000,36979
ORD06658,2025-06-07,North,Raj,Furniture,Chair,11,3000,33000,8702
ORD06659,2025-01-07,South,Karthik,Furniture,Chair,10,3000,30000,5871
ORD06660,2025-03-19,West,Meena,Electronics,Laptop,1,50000,50000,5940
ORD06661,2025-09-03,South,Anita,Electronics,Mobile,19,20000,380000,108640
ORD06662,2025-02-27,West,Sneha,Electronics,Monitor,9,12000,108000,29527
ORD06663,2025-11-20,West,Sneha,Electronics,Monitor,20,12000,240000,48706
ORD06664,2025-09-16,North,Amit,Electronics,Mobile,15,20000,300000,57283
ORD06665,2025-05-20,East,Suresh,Electronics,Monitor,20,12000,240000,62721
ORD06666,2025-09-06,North,Raj,Electronics,Mobile,19,20000,380000,56720
ORD06667,2025-09-16,South,Anita,Electronics,Laptop,1,50000,50000,12734
ORD06668,2025-07-23,East,Suresh,Electronics,Mobile,19,20000,380000,88932
ORD06669,2025-12-11,East,Arun,Furniture,Sofa,8,25000,200000,46360
ORD06670,2025-03-24,South,Anita,Electronics,Mobile,15,20000,300000,41118
ORD06671,2025-03-02,West,Rahul,Electronics,Monitor,3,12000,36000,5829
ORD06672,2025-12-13,South,Anita,Electronics,Laptop,14,50000,700000,72319
ORD06673,2025-02-06,South,Anita,Furniture,Table,10,8000,80000,21305
ORD06674,2025-05-23,North,Vikram,Furniture,Sofa,12,25000,300000,39394
ORD06675,2025-05-14,West,Meena,Furniture,Sofa,20,25000,500000,124253
ORD06676,2025-06-18,West,Sneha,Furniture,Sofa,18,25000,450000,52223
ORD06677,2025-09-12,West,Sneha,Electronics,Mobile,7,20000,140000,28620
ORD06678,2025-06-17,East,Arun,Furniture,Sofa,3,25000,75000,12464
ORD06679,2025-10-07,South,Karthik,Furniture,Chair,19,3000,57000,7838
ORD06680,2025-03-16,East,Arun,Electronics,Mobile,4,20000,80000,10096
ORD06681,2025-01-21,West,Sneha,Furniture,Table,1,8000,8000,1721
ORD06682,2025-01-29,West,Meena,Electronics,Mobile,5,20000,100000,19570
ORD06683,2025-01-16,South,Priya,Furniture,Chair,8,3000,24000,2837
ORD06684,2025-12-26,North,Vikram,Electronics,Laptop,5,50000,250000,42410
ORD06685,2025-07-31,East,Riya,Electronics,Laptop,15,50000,750000,164585
ORD06686,2025-06-17,West,Meena,Furniture,Chair,4,3000,12000,3510
ORD06687,2025-02-04,West,Rahul,Furniture,Sofa,18,25000,450000,105205
ORD06688,2025-10-26,North,Raj,Furniture,Sofa,7,25000,175000,32568
ORD06689,2025-11-22,South,Karthik,Furniture,Sofa,18,25000,450000,77873
ORD06690,2025-07-15,East,Riya,Electronics,Monitor,17,12000,204000,34430
ORD06691,2025-01-25,North,Amit,Electronics,Mobile,4,20000,80000,11277
ORD06692,2025-12-06,South,Karthik,Furniture,Chair,18,3000,54000,10851
ORD06693,2025-11-16,South,Anita,Furniture,Chair,1,3000,3000,584
ORD06694,2025-01-06,West,Sneha,Electronics,Monitor,5,12000,60000,13466
ORD06695,2025-02-22,East,Arun,Electronics,Monitor,10,12000,120000,30258
ORD06696,2025-10-17,West,Meena,Electronics,Monitor,2,12000,24000,6217
ORD06697,2025-05-03,South,Anita,Furniture,Table,3,8000,24000,5173
ORD06698,2025-12-25,East,Suresh,Electronics,Monitor,3,12000,36000,8356
ORD06699,2025-07-08,South,Priya,Furniture,Table,15,8000,120000,21777
ORD06700,2025-04-01,East,Suresh,Electronics,Laptop,7,50000,350000,42021
ORD06701,2025-11-29,West,Sneha,Electronics,Laptop,18,50000,900000,167687
ORD06702,2025-05-21,West,Sneha,Furniture,Chair,2,3000,6000,1640
ORD06703,2025-11-11,East,Riya,Electronics,Monitor,4,12000,48000,8638
ORD06704,2025-05-04,West,Rahul,Furniture,Chair,3,3000,9000,1776
ORD06705,2025-02-07,East,Riya,Furniture,Sofa,6,25000,150000,36419
ORD06706,2025-04-13,East,Suresh,Electronics,Laptop,10,50000,500000,128233
ORD06707,2025-03-26,East,Suresh,Furniture,Sofa,12,25000,300000,77391
ORD06708,2025-05-11,West,Sneha,Electronics,Laptop,6,50000,300000,59385
ORD06709,2025-09-04,North,Vikram,Electronics,Mobile,15,20000,300000,45904
ORD06710,2025-03-18,East,Arun,Furniture,Sofa,5,25000,125000,21537
ORD06711,2025-03-24,East,Suresh,Furniture,Table,9,8000,72000,16771
ORD06712,2025-11-24,South,Anita,Furniture,Chair,6,3000,18000,3551
ORD06713,2025-07-23,East,Riya,Furniture,Sofa,14,25000,350000,41058
ORD06714,2025-08-30,East,Riya,Furniture,Table,5,8000,40000,4574
ORD06715,2025-11-09,West,Sneha,Furniture,Table,6,8000,48000,7744
ORD06716,2025-04-07,East,Arun,Furniture,Sofa,5,25000,125000,21494
ORD06717,2025-12-24,South,Anita,Furniture,Table,1,8000,8000,1146
ORD06718,2025-05-01,West,Sneha,Furniture,Chair,13,3000,39000,11439
ORD06719,2025-10-05,North,Amit,Electronics,Monitor,7,12000,84000,20659
ORD06720,2025-12-26,North,Raj,Furniture,Sofa,12,25000,300000,87244
ORD06721,2025-07-16,West,Rahul,Electronics,Laptop,6,50000,300000,87488
ORD06722,2025-12-26,North,Amit,Electronics,Mobile,10,20000,200000,20756
ORD06723,2025-03-16,South,Anita,Furniture,Sofa,1,25000,25000,5860
ORD06724,2025-06-25,West,Rahul,Electronics,Mobile,8,20000,160000,39811
ORD06725,2025-04-28,North,Raj,Furniture,Table,6,8000,48000,5323
ORD06726,2025-06-30,West,Meena,Electronics,Monitor,10,12000,120000,30424
ORD06727,2025-07-04,North,Raj,Furniture,Sofa,8,25000,200000,28345
ORD06728,2025-06-12,North,Raj,Electronics,Laptop,4,50000,200000,39908
ORD06729,2025-10-19,South,Anita,Furniture,Sofa,8,25000,200000,31718
ORD06730,2025-07-09,East,Riya,Furniture,Table,13,8000,104000,14398
ORD06731,2025-02-05,West,Meena,Furniture,Table,20,8000,160000,33242
ORD06732,2025-01-11,West,Rahul,Electronics,Laptop,4,50000,200000,45470
ORD06733,2025-11-13,East,Riya,Furniture,Table,15,8000,120000,15283
ORD06734,2025-05-18,South,Priya,Furniture,Table,4,8000,32000,6141
ORD06735,2025-12-22,South,Anita,Furniture,Table,10,8000,80000,14437
ORD06736,2025-07-07,South,Priya,Furniture,Sofa,19,25000,475000,94678
ORD06737,2025-12-16,East,Suresh,Electronics,Laptop,18,50000,900000,101322
ORD06738,2025-12-13,East,Suresh,Electronics,Laptop,19,50000,950000,236685
ORD06739,2025-04-03,East,Arun,Furniture,Table,11,8000,88000,15903
ORD06740,2025-07-09,West,Sneha,Furniture,Chair,8,3000,24000,5335
ORD06741,2025-04-06,West,Rahul,Furniture,Sofa,3,25000,75000,20331
ORD06742,2025-02-26,West,Sneha,Furniture,Chair,17,3000,51000,8811
ORD06743,2025-10-05,North,Vikram,Furniture,Table,6,8000,48000,9972
ORD06744,2025-07-23,West,Rahul,Furniture,Sofa,5,25000,125000,32913
ORD06745,2025-05-28,North,Raj,Furniture,Table,14,8000,112000,26722
ORD06746,2025-05-02,South,Karthik,Furniture,Chair,3,3000,9000,2105
ORD06747,2025-02-06,South,Priya,Electronics,Laptop,3,50000,150000,22320
ORD06748,2025-02-20,South,Priya,Furniture,Table,2,8000,16000,3746
ORD06749,2025-05-19,South,Karthik,Furniture,Sofa,1,25000,25000,5127
ORD06750,2025-06-05,East,Riya,Electronics,Monitor,13,12000,156000,37556
ORD06751,2025-06-06,West,Rahul,Electronics,Laptop,6,50000,300000,88350
ORD06752,2025-11-25,North,Amit,Furniture,Sofa,15,25000,375000,85282
ORD06753,2025-12-06,South,Priya,Furniture,Sofa,18,25000,450000,118295
ORD06754,2025-04-15,North,Amit,Furniture,Table,4,8000,32000,6982
ORD06755,2025-07-13,East,Suresh,Furniture,Sofa,2,25000,50000,14294
ORD06756,2025-04-15,East,Suresh,Furniture,Sofa,17,25000,425000,98902
ORD06757,2025-07-28,West,Meena,Furniture,Table,13,8000,104000,11005
ORD06758,2025-10-13,North,Amit,Electronics,Monitor,8,12000,96000,24456
ORD06759,2025-05-26,East,Suresh,Furniture,Chair,19,3000,57000,9717
ORD06760,2025-10-11,East,Arun,Electronics,Monitor,16,12000,192000,33423
ORD06761,2025-11-25,East,Suresh,Electronics,Monitor,6,12000,72000,11337
ORD06762,2025-01-16,North,Raj,Furniture,Table,11,8000,88000,15222
ORD06763,2025-10-10,West,Sneha,Furniture,Sofa,9,25000,225000,50078
ORD06764,2025-10-29,South,Anita,Furniture,Table,15,8000,120000,33056
ORD06765,2025-10-26,West,Rahul,Electronics,Monitor,15,12000,180000,46583
ORD06766,2025-02-06,North,Amit,Electronics,Laptop,11,50000,550000,140755
ORD06767,2025-04-14,North,Amit,Furniture,Chair,2,3000,6000,1288
ORD06768,2025-11-18,East,Riya,Furniture,Chair,18,3000,54000,13281
ORD06769,2025-01-13,South,Karthik,Furniture,Table,14,8000,112000,12786
ORD06770,2025-01-31,North,Raj,Electronics,Monitor,8,12000,96000,19337
ORD06771,2025-11-11,North,Amit,Furniture,Sofa,7,25000,175000,44843
ORD06772,2025-09-19,East,Riya,Electronics,Mobile,9,20000,180000,41953
ORD06773,2025-09-29,South,Anita,Electronics,Laptop,12,50000,600000,171107
ORD06774,2025-09-14,East,Riya,Furniture,Chair,1,3000,3000,385
ORD06775,2025-05-23,South,Priya,Electronics,Monitor,19,12000,228000,38828
ORD06776,2025-05-31,South,Karthik,Electronics,Laptop,12,50000,600000,82882
ORD06777,2025-05-13,East,Suresh,Furniture,Sofa,7,25000,175000,48034
ORD06778,2025-05-26,North,Vikram,Furniture,Sofa,11,25000,275000,76133
ORD06779,2025-12-06,South,Karthik,Furniture,Chair,20,3000,60000,7812
ORD06780,2025-03-06,South,Anita,Furniture,Table,4,8000,32000,7476
ORD06781,2025-10-12,South,Anita,Electronics,Laptop,8,50000,400000,82603
ORD06782,2025-02-13,North,Amit,Electronics,Laptop,11,50000,550000,162455
ORD06783,2025-05-19,North,Amit,Furniture,Chair,7,3000,21000,3599
ORD06784,2025-07-17,South,Priya,Furniture,Sofa,10,25000,250000,56542
ORD06785,2025-05-14,South,Anita,Furniture,Table,15,8000,120000,32954
ORD06786,2025-06-27,North,Raj,Furniture,Chair,13,3000,39000,5057
ORD06787,2025-01-30,East,Arun,Electronics,Mobile,19,20000,380000,73946
ORD06788,2025-07-02,South,Karthik,Furniture,Chair,20,3000,60000,10278
ORD06789,2025-05-29,South,Priya,Furniture,Chair,6,3000,18000,3790
ORD06790,2025-03-03,West,Rahul,Electronics,Monitor,18,12000,216000,42397
ORD06791,2025-02-25,East,Arun,Furniture,Chair,13,3000,39000,11180
ORD06792,2025-04-22,East,Riya,Furniture,Chair,16,3000,48000,12252
ORD06793,2025-01-21,South,Karthik,Electronics,Monitor,16,12000,192000,55943
ORD06794,2025-06-17,West,Sneha,Electronics,Mobile,8,20000,160000,31317
ORD06795,2025-11-03,West,Sneha,Furniture,Chair,15,3000,45000,5046
ORD06796,2025-02-10,West,Meena,Furniture,Table,4,8000,32000,5512
ORD06797,2025-06-03,East,Riya,Electronics,Laptop,10,50000,500000,135298
ORD06798,2025-11-23,West,Sneha,Electronics,Mobile,6,20000,120000,19537
ORD06799,2025-01-18,North,Raj,Electronics,Monitor,6,12000,72000,13039
ORD06800,2025-08-12,North,Raj,Furniture,Chair,18,3000,54000,13480
ORD06801,2025-03-19,South,Karthik,Furniture,Chair,6,3000,18000,2339
ORD06802,2025-01-11,East,Arun,Furniture,Chair,1,3000,3000,304
ORD06803,2025-09-29,West,Meena,Electronics,Monitor,9,12000,108000,18984
ORD06804,2025-06-12,East,Suresh,Furniture,Sofa,8,25000,200000,23673
ORD06805,2025-11-30,West,Sneha,Electronics,Mobile,7,20000,140000,17379
ORD06806,2025-12-29,West,Sneha,Furniture,Table,1,8000,8000,1466
ORD06807,2025-08-09,North,Vikram,Furniture,Table,15,8000,120000,25734
ORD06808,2025-08-31,West,Meena,Furniture,Sofa,17,25000,425000,95998
ORD06809,2025-08-06,North,Amit,Furniture,Chair,11,3000,33000,7102
ORD06810,2025-06-18,North,Vikram,Furniture,Table,13,8000,104000,27607
ORD06811,2025-10-30,South,Anita,Electronics,Laptop,9,50000,450000,117813
ORD06812,2025-02-08,East,Arun,Furniture,Sofa,12,25000,300000,53672
ORD06813,2025-12-12,East,Suresh,Electronics,Mobile,9,20000,180000,48467
ORD06814,2025-10-29,North,Raj,Furniture,Chair,13,3000,39000,9387
ORD06815,2025-02-23,North,Vikram,Furniture,Chair,13,3000,39000,4188
ORD06816,2025-12-01,North,Raj,Furniture,Sofa,11,25000,275000,28985
ORD06817,2025-02-26,North,Raj,Furniture,Chair,13,3000,39000,10473
ORD06818,2025-11-02,East,Suresh,Furniture,Table,14,8000,112000,26134
ORD06819,2025-04-21,East,Suresh,Furniture,Table,7,8000,56000,6066
ORD06820,2025-12-25,West,Meena,Electronics,Monitor,11,12000,132000,34125
ORD06821,2025-03-02,East,Arun,Furniture,Sofa,13,25000,325000,32505
ORD06822,2025-02-26,North,Vikram,Furniture,Chair,13,3000,39000,7530
ORD06823,2025-10-12,North,Amit,Furniture,Table,17,8000,136000,34417
ORD06824,2025-01-16,East,Arun,Electronics,Laptop,17,50000,850000,124979
ORD06825,2025-05-02,South,Karthik,Furniture,Chair,2,3000,6000,1771
ORD06826,2025-02-27,East,Arun,Furniture,Sofa,13,25000,325000,33590
ORD06827,2025-09-28,North,Amit,Furniture,Chair,9,3000,27000,3387
ORD06828,2025-08-27,West,Sneha,Furniture,Chair,8,3000,24000,2624
ORD06829,2025-07-09,South,Anita,Furniture,Table,18,8000,144000,15656
ORD06830,2025-11-20,East,Arun,Furniture,Table,19,8000,152000,44926
ORD06831,2025-01-06,South,Anita,Electronics,Monitor,15,12000,180000,42285
ORD06832,2025-02-13,East,Arun,Furniture,Sofa,10,25000,250000,72224
ORD06833,2025-06-10,North,Raj,Electronics,Monitor,13,12000,156000,31345
ORD06834,2025-07-06,West,Rahul,Electronics,Monitor,20,12000,240000,34736
ORD06835,2025-05-24,West,Rahul,Electronics,Monitor,8,12000,96000,19830
ORD06836,2025-04-07,North,Vikram,Furniture,Table,8,8000,64000,17525
ORD06837,2025-06-15,North,Vikram,Furniture,Chair,9,3000,27000,6281
ORD06838,2025-02-03,East,Suresh,Electronics,Mobile,13,20000,260000,62147
ORD06839,2025-07-18,East,Riya,Furniture,Sofa,1,25000,25000,3341
ORD06840,2025-09-01,South,Karthik,Electronics,Mobile,5,20000,100000,10501
ORD06841,2025-12-06,East,Arun,Furniture,Table,12,8000,96000,28485
ORD06842,2025-12-06,East,Riya,Furniture,Chair,6,3000,18000,4801
ORD06843,2025-05-30,South,Anita,Furniture,Chair,4,3000,12000,2355
ORD06844,2025-05-05,West,Sneha,Furniture,Chair,13,3000,39000,7178
ORD06845,2025-01-22,West,Rahul,Furniture,Table,5,8000,40000,11416
ORD06846,2025-10-26,West,Sneha,Electronics,Laptop,8,50000,400000,65985
ORD06847,2025-07-24,North,Raj,Furniture,Sofa,6,25000,150000,21418
ORD06848,2025-11-26,West,Meena,Furniture,Sofa,1,25000,25000,2570
ORD06849,2025-10-08,East,Arun,Electronics,Monitor,6,12000,72000,15085
ORD06850,2025-03-04,West,Sneha,Electronics,Monitor,18,12000,216000,22251
ORD06851,2025-04-04,South,Karthik,Electronics,Mobile,7,20000,140000,16351
ORD06852,2025-04-05,North,Vikram,Electronics,Monitor,11,12000,132000,30521
ORD06853,2025-09-21,West,Sneha,Electronics,Laptop,15,50000,750000,201429
ORD06854,2025-01-20,West,Sneha,Furniture,Table,9,8000,72000,13624
ORD06855,2025-10-04,South,Karthik,Electronics,Mobile,20,20000,400000,91279
ORD06856,2025-04-15,West,Rahul,Electronics,Monitor,14,12000,168000,49422
ORD06857,2025-06-11,South,Priya,Electronics,Laptop,10,50000,500000,68064
ORD06858,2025-12-02,West,Meena,Furniture,Sofa,3,25000,75000,22116
ORD06859,2025-11-04,North,Raj,Electronics,Mobile,17,20000,340000,70413
ORD06860,2025-08-05,West,Sneha,Electronics,Mobile,3,20000,60000,13632
ORD06861,2025-09-08,West,Rahul,Furniture,Sofa,10,25000,250000,59253
ORD06862,2025-04-22,South,Priya,Electronics,Mobile,1,20000,20000,3914
ORD06863,2025-06-05,East,Riya,Electronics,Monitor,17,12000,204000,59096
ORD06864,2025-11-07,South,Karthik,Furniture,Table,20,8000,160000,19159
ORD06865,2025-10-11,East,Riya,Furniture,Table,20,8000,160000,45844
ORD06866,2025-09-18,East,Suresh,Electronics,Laptop,1,50000,50000,7207
ORD06867,2025-03-31,South,Karthik,Electronics,Laptop,2,50000,100000,22376
ORD06868,2025-06-14,East,Arun,Electronics,Monitor,20,12000,240000,55028
ORD06869,2025-01-19,North,Vikram,Furniture,Table,11,8000,88000,12549
ORD06870,2025-10-25,East,Arun,Furniture,Table,9,8000,72000,8332
ORD06871,2025-11-24,North,Vikram,Electronics,Monitor,3,12000,36000,6548
ORD06872,2025-02-04,North,Raj,Furniture,Table,9,8000,72000,21065
ORD06873,2025-08-04,East,Riya,Furniture,Table,10,8000,80000,20349
ORD06874,2025-03-23,North,Amit,Furniture,Chair,13,3000,39000,5840
ORD06875,2025-05-16,North,Amit,Electronics,Laptop,18,50000,900000,226986
ORD06876,2025-08-22,North,Vikram,Furniture,Sofa,10,25000,250000,26861
ORD06877,2025-05-17,South,Priya,Electronics,Monitor,10,12000,120000,26118
ORD06878,2025-01-12,North,Amit,Furniture,Table,11,8000,88000,12651
ORD06879,2025-12-20,West,Rahul,Electronics,Monitor,18,12000,216000,25266
ORD06880,2025-01-19,East,Arun,Electronics,Monitor,20,12000,240000,25028
ORD06881,2025-03-13,West,Sneha,Furniture,Table,9,8000,72000,10993
ORD06882,2025-02-13,South,Anita,Electronics,Monitor,19,12000,228000,45947
ORD06883,2025-05-05,East,Riya,Furniture,Chair,1,3000,3000,637
ORD06884,2025-05-11,East,Arun,Furniture,Table,2,8000,16000,3148
ORD06885,2025-05-26,East,Arun,Electronics,Laptop,6,50000,300000,70822
ORD06886,2025-04-25,North,Vikram,Furniture,Table,13,8000,104000,17115
ORD06887,2025-07-03,West,Sneha,Furniture,Chair,14,3000,42000,5883
ORD06888,2025-02-26,East,Arun,Electronics,Laptop,4,50000,200000,28353
ORD06889,2025-06-27,West,Sneha,Electronics,Laptop,18,50000,900000,251717
ORD06890,2025-05-07,North,Amit,Furniture,Sofa,3,25000,75000,14109
ORD06891,2025-05-21,North,Amit,Electronics,Laptop,2,50000,100000,26846
ORD06892,2025-03-19,North,Vikram,Electronics,Monitor,7,12000,84000,15622
ORD06893,2025-05-13,North,Raj,Furniture,Chair,7,3000,21000,6158
ORD06894,2025-11-10,North,Amit,Furniture,Table,1,8000,8000,848
ORD06895,2025-03-28,East,Arun,Furniture,Table,5,8000,40000,8842
ORD06896,2025-10-16,West,Rahul,Furniture,Sofa,18,25000,450000,80685
ORD06897,2025-09-26,South,Priya,Furniture,Chair,15,3000,45000,13240
ORD06898,2025-11-06,West,Sneha,Furniture,Table,9,8000,72000,20217
ORD06899,2025-07-15,West,Meena,Electronics,Monitor,12,12000,144000,23577
ORD06900,2025-01-11,West,Rahul,Furniture,Chair,15,3000,45000,11197
ORD06901,2025-09-23,North,Raj,Furniture,Sofa,12,25000,300000,52702
ORD06902,2025-06-21,West,Rahul,Electronics,Monitor,4,12000,48000,9888
ORD06903,2025-03-16,East,Arun,Electronics,Monitor,4,12000,48000,7340
ORD06904,2025-10-23,West,Sneha,Furniture,Sofa,9,25000,225000,61421
ORD06905,2025-07-13,North,Amit,Furniture,Chair,12,3000,36000,3896
ORD06906,2025-08-08,West,Sneha,Electronics,Laptop,13,50000,650000,137010
ORD06907,2025-12-21,North,Raj,Furniture,Chair,4,3000,12000,1606
ORD06908,2025-06-20,West,Meena,Electronics,Mobile,19,20000,380000,95377
ORD06909,2025-01-10,North,Vikram,Electronics,Laptop,12,50000,600000,103668
ORD06910,2025-12-04,North,Amit,Electronics,Laptop,14,50000,700000,179380
ORD06911,2025-10-07,North,Raj,Electronics,Mobile,9,20000,180000,53864
ORD06912,2025-07-05,East,Riya,Furniture,Sofa,6,25000,150000,20359
ORD06913,2025-05-15,East,Arun,Electronics,Laptop,14,50000,700000,81270
ORD06914,2025-04-03,South,Karthik,Furniture,Chair,7,3000,21000,6264
ORD06915,2025-11-01,East,Arun,Electronics,Monitor,13,12000,156000,24150
ORD06916,2025-12-27,East,Riya,Electronics,Laptop,12,50000,600000,98121
ORD06917,2025-09-24,West,Rahul,Furniture,Table,2,8000,16000,2743
ORD06918,2025-07-31,West,Rahul,Electronics,Mobile,13,20000,260000,35623
ORD06919,2025-05-03,West,Rahul,Electronics,Mobile,7,20000,140000,25814
ORD06920,2025-04-22,East,Suresh,Furniture,Chair,6,3000,18000,2752
ORD06921,2025-04-17,East,Suresh,Electronics,Laptop,1,50000,50000,12393
ORD06922,2025-04-22,North,Vikram,Furniture,Chair,1,3000,3000,812
ORD06923,2025-11-23,South,Anita,Electronics,Monitor,8,12000,96000,10825
ORD06924,2025-01-02,East,Arun,Electronics,Laptop,15,50000,750000,85217
ORD06925,2025-04-06,East,Suresh,Electronics,Laptop,11,50000,550000,125084
ORD06926,2025-10-09,North,Raj,Electronics,Mobile,8,20000,160000,44129
ORD06927,2025-05-28,East,Arun,Electronics,Laptop,12,50000,600000,168585
ORD06928,2025-08-31,West,Sneha,Furniture,Sofa,3,25000,75000,14559
ORD06929,2025-11-16,South,Anita,Furniture,Sofa,20,25000,500000,122208
ORD06930,2025-08-07,North,Vikram,Furniture,Sofa,13,25000,325000,72377
ORD06931,2025-12-30,North,Raj,Electronics,Mobile,11,20000,220000,25699
ORD06932,2025-04-19,North,Raj,Electronics,Mobile,15,20000,300000,34971
ORD06933,2025-04-01,East,Riya,Furniture,Chair,1,3000,3000,491
ORD06934,2025-07-23,East,Arun,Electronics,Monitor,12,12000,144000,29491
ORD06935,2025-11-19,North,Amit,Furniture,Chair,15,3000,45000,8700
ORD06936,2025-06-04,South,Karthik,Electronics,Monitor,15,12000,180000,35914
ORD06937,2025-04-27,East,Riya,Electronics,Mobile,19,20000,380000,41451
ORD06938,2025-06-08,West,Rahul,Electronics,Laptop,11,50000,550000,111014
ORD06939,2025-07-16,North,Vikram,Furniture,Table,6,8000,48000,13539
ORD06940,2025-06-06,North,Amit,Electronics,Monitor,11,12000,132000,35685
ORD06941,2025-08-13,North,Vikram,Furniture,Sofa,19,25000,475000,129189
ORD06942,2025-04-25,South,Anita,Furniture,Sofa,17,25000,425000,72849
ORD06943,2025-04-18,East,Riya,Electronics,Monitor,2,12000,24000,5404
ORD06944,2025-01-06,North,Raj,Furniture,Sofa,10,25000,250000,28234
ORD06945,2025-01-21,North,Vikram,Furniture,Chair,13,3000,39000,5570
ORD06946,2025-04-21,West,Rahul,Furniture,Sofa,15,25000,375000,48966
ORD06947,2025-09-22,South,Priya,Furniture,Table,9,8000,72000,19008
ORD06948,2025-04-29,South,Priya,Furniture,Chair,3,3000,9000,1365
ORD06949,2025-07-11,East,Riya,Furniture,Chair,3,3000,9000,1607
ORD06950,2025-04-26,East,Suresh,Furniture,Chair,11,3000,33000,6834
ORD06951,2025-03-26,South,Anita,Electronics,Monitor,7,12000,84000,22964
ORD06952,2025-12-04,North,Raj,Furniture,Sofa,9,25000,225000,60630
ORD06953,2025-08-18,West,Sneha,Electronics,Laptop,8,50000,400000,45898
ORD06954,2025-08-30,North,Vikram,Furniture,Table,4,8000,32000,7445
ORD06955,2025-12-28,South,Priya,Electronics,Monitor,7,12000,84000,9020
ORD06956,2025-04-30,East,Arun,Electronics,Monitor,6,12000,72000,13521
ORD06957,2025-05-14,North,Vikram,Electronics,Monitor,5,12000,60000,8313
ORD06958,2025-03-02,East,Arun,Furniture,Chair,11,3000,33000,8480
ORD06959,2025-03-22,South,Priya,Furniture,Chair,19,3000,57000,6533
ORD06960,2025-12-11,South,Karthik,Electronics,Laptop,4,50000,200000,48919
ORD06961,2025-03-27,East,Riya,Electronics,Laptop,17,50000,850000,165062
ORD06962,2025-03-06,North,Raj,Furniture,Chair,14,3000,42000,11819
ORD06963,2025-08-14,South,Priya,Furniture,Chair,9,3000,27000,6987
ORD06964,2025-04-29,East,Riya,Furniture,Table,3,8000,24000,4052
ORD06965,2025-05-06,North,Amit,Electronics,Monitor,8,12000,96000,14346
ORD06966,2025-06-29,South,Karthik,Furniture,Table,3,8000,24000,6064
ORD06967,2025-12-17,North,Raj,Furniture,Chair,2,3000,6000,1532
ORD06968,2025-12-18,West,Meena,Electronics,Mobile,14,20000,280000,70163
ORD06969,2025-10-04,North,Raj,Electronics,Monitor,5,12000,60000,9529
ORD06970,2025-11-20,South,Priya,Furniture,Table,14,8000,112000,21648
ORD06971,2025-09-21,West,Sneha,Furniture,Sofa,2,25000,50000,5114
ORD06972,2025-07-28,North,Raj,Furniture,Sofa,16,25000,400000,75514
ORD06973,2025-04-20,North,Amit,Electronics,Monitor,5,12000,60000,14131
ORD06974,2025-03-12,South,Priya,Furniture,Table,1,8000,8000,1868
ORD06975,2025-01-01,South,Karthik,Furniture,Chair,3,3000,9000,1085
ORD06976,2025-03-16,North,Raj,Electronics,Mobile,14,20000,280000,53980
ORD06977,2025-11-15,East,Suresh,Electronics,Mobile,17,20000,340000,66705
ORD06978,2025-10-11,East,Arun,Furniture,Sofa,17,25000,425000,59371
ORD06979,2025-04-08,East,Riya,Furniture,Table,16,8000,128000,37955
ORD06980,2025-05-31,East,Riya,Furniture,Sofa,13,25000,325000,49351
ORD06981,2025-02-12,West,Meena,Electronics,Monitor,17,12000,204000,21608
ORD06982,2025-04-04,West,Rahul,Furniture,Chair,20,3000,60000,16920
ORD06983,2025-08-16,West,Sneha,Furniture,Table,15,8000,120000,29311
ORD06984,2025-06-12,South,Karthik,Furniture,Table,15,8000,120000,18114
ORD06985,2025-12-28,East,Suresh,Furniture,Chair,18,3000,54000,12167
ORD06986,2025-03-06,West,Meena,Electronics,Monitor,16,12000,192000,54732
ORD06987,2025-07-15,East,Riya,Furniture,Chair,8,3000,24000,5469
ORD06988,2025-01-11,East,Arun,Furniture,Chair,8,3000,24000,4675
ORD06989,2025-05-31,South,Priya,Furniture,Chair,19,3000,57000,8037
ORD06990,2025-07-11,North,Raj,Furniture,Chair,7,3000,21000,3204
ORD06991,2025-02-01,West,Rahul,Furniture,Table,12,8000,96000,10502
ORD06992,2025-10-14,South,Karthik,Furniture,Table,14,8000,112000,29611
ORD06993,2025-11-16,West,Meena,Electronics,Mobile,18,20000,360000,76186
ORD06994,2025-05-05,West,Rahul,Electronics,Mobile,16,20000,320000,33243
ORD06995,2025-01-21,South,Priya,Furniture,Chair,18,3000,54000,14961
ORD06996,2025-09-06,East,Riya,Furniture,Table,16,8000,128000,13503
ORD06997,2025-07-17,West,Sneha,Electronics,Mobile,15,20000,300000,41540
ORD06998,2025-10-26,East,Suresh,Furniture,Sofa,18,25000,450000,62746
ORD06999,2025-06-18,West,Sneha,Electronics,Monitor,13,12000,156000,21993
ORD07000,2025-03-12,South,Priya,Furniture,Sofa,16,25000,400000,68339
ORD07001,2025-02-05,East,Riya,Furniture,Table,10,8000,80000,13231
ORD07002,2025-06-07,North,Vikram,Electronics,Laptop,14,50000,700000,173419
ORD07003,2025-07-07,South,Anita,Furniture,Sofa,6,25000,150000,39788
ORD07004,2025-11-22,West,Rahul,Furniture,Chair,14,3000,42000,5606
ORD07005,2025-03-02,North,Raj,Electronics,Laptop,12,50000,600000,101193
ORD07006,2025-03-17,North,Amit,Furniture,Sofa,19,25000,475000,52014
ORD07007,2025-07-18,East,Riya,Furniture,Table,7,8000,56000,8632
ORD07008,2025-10-07,East,Suresh,Furniture,Chair,10,3000,30000,3744
ORD07009,2025-12-27,East,Riya,Electronics,Monitor,16,12000,192000,32276
ORD07010,2025-11-14,West,Meena,Furniture,Chair,5,3000,15000,3927
ORD07011,2025-01-11,West,Sneha,Electronics,Monitor,20,12000,240000,69732
ORD07012,2025-02-24,North,Raj,Furniture,Chair,18,3000,54000,8902
ORD07013,2025-08-18,North,Raj,Furniture,Sofa,1,25000,25000,6750
ORD07014,2025-09-13,South,Karthik,Furniture,Table,17,8000,136000,40031
ORD07015,2025-12-10,South,Priya,Furniture,Chair,7,3000,21000,4276
ORD07016,2025-09-26,West,Sneha,Electronics,Laptop,3,50000,150000,32343
ORD07017,2025-10-12,South,Karthik,Furniture,Table,3,8000,24000,5065
ORD07018,2025-08-03,South,Anita,Furniture,Sofa,5,25000,125000,30007
ORD07019,2025-03-21,North,Raj,Furniture,Sofa,4,25000,100000,14562
ORD07020,2025-06-22,West,Sneha,Electronics,Laptop,16,50000,800000,176389
ORD07021,2025-08-13,North,Raj,Furniture,Sofa,10,25000,250000,36895
ORD07022,2025-10-08,North,Amit,Furniture,Table,3,8000,24000,3969
ORD07023,2025-06-04,North,Raj,Furniture,Table,10,8000,80000,17632
ORD07024,2025-12-01,East,Arun,Furniture,Chair,1,3000,3000,883
ORD07025,2025-06-20,North,Amit,Electronics,Mobile,16,20000,320000,53192
ORD07026,2025-10-12,West,Rahul,Electronics,Mobile,17,20000,340000,49854
ORD07027,2025-03-07,West,Meena,Electronics,Mobile,18,20000,360000,98807
ORD07028,2025-09-10,East,Riya,Electronics,Laptop,4,50000,200000,59634
ORD07029,2025-06-17,South,Karthik,Furniture,Chair,3,3000,9000,1566
ORD07030,2025-04-14,East,Suresh,Electronics,Laptop,5,50000,250000,35023
ORD07031,2025-12-16,North,Raj,Electronics,Mobile,13,20000,260000,38705
ORD07032,2025-08-05,West,Meena,Electronics,Mobile,14,20000,280000,56985
ORD07033,2025-05-26,North,Raj,Furniture,Chair,14,3000,42000,5567
ORD07034,2025-09-26,North,Vikram,Electronics,Mobile,7,20000,140000,34706
ORD07035,2025-04-27,South,Priya,Furniture,Table,18,8000,144000,24416
ORD07036,2025-01-22,South,Anita,Furniture,Sofa,11,25000,275000,51355
ORD07037,2025-07-03,East,Arun,Furniture,Table,18,8000,144000,37564
ORD07038,2025-06-25,North,Amit,Electronics,Monitor,11,12000,132000,31215
ORD07039,2025-06-18,North,Vikram,Electronics,Monitor,4,12000,48000,7686
ORD07040,2025-06-02,East,Arun,Furniture,Table,18,8000,144000,38203
ORD07041,2025-01-07,East,Suresh,Electronics,Mobile,15,20000,300000,31401
ORD07042,2025-11-19,West,Rahul,Furniture,Chair,2,3000,6000,663
ORD07043,2025-11-03,North,Amit,Electronics,Mobile,15,20000,300000,60585
ORD07044,2025-05-06,East,Arun,Electronics,Mobile,12,20000,240000,61092
ORD07045,2025-01-15,West,Rahul,Electronics,Laptop,7,50000,350000,79796
ORD07046,2025-05-27,South,Anita,Furniture,Chair,11,3000,33000,4161
ORD07047,2025-11-10,East,Suresh,Furniture,Sofa,18,25000,450000,50736
ORD07048,2025-01-04,North,Amit,Electronics,Monitor,12,12000,144000,32966
ORD07049,2025-07-25,North,Amit,Furniture,Chair,17,3000,51000,9797
ORD07050,2025-10-02,South,Karthik,Electronics,Monitor,6,12000,72000,18591
ORD07051,2025-08-20,East,Riya,Furniture,Sofa,15,25000,375000,51132
ORD07052,2025-09-30,West,Rahul,Furniture,Sofa,18,25000,450000,51238
ORD07053,2025-09-10,East,Suresh,Furniture,Chair,10,3000,30000,7863
ORD07054,2025-11-20,South,Priya,Electronics,Laptop,9,50000,450000,84696
ORD07055,2025-11-14,East,Riya,Furniture,Table,5,8000,40000,5937
ORD07056,2025-02-18,West,Sneha,Electronics,Laptop,3,50000,150000,22410
ORD07057,2025-05-11,West,Meena,Furniture,Sofa,13,25000,325000,47307
ORD07058,2025-07-10,East,Riya,Furniture,Table,9,8000,72000,10723
ORD07059,2025-04-26,East,Arun,Electronics,Laptop,14,50000,700000,186467
ORD07060,2025-12-12,South,Anita,Electronics,Monitor,15,12000,180000,30544
ORD07061,2025-05-31,North,Vikram,Furniture,Sofa,20,25000,500000,132890
ORD07062,2025-04-06,South,Anita,Furniture,Sofa,19,25000,475000,125692
ORD07063,2025-11-04,North,Amit,Electronics,Laptop,5,50000,250000,63515
ORD07064,2025-08-24,North,Vikram,Furniture,Table,19,8000,152000,24395
ORD07065,2025-01-08,North,Raj,Electronics,Mobile,11,20000,220000,22785
ORD07066,2025-11-19,East,Riya,Furniture,Table,3,8000,24000,4553
ORD07067,2025-05-05,North,Raj,Electronics,Laptop,11,50000,550000,152227
ORD07068,2025-03-18,South,Priya,Electronics,Monitor,18,12000,216000,45380
ORD07069,2025-11-15,East,Arun,Electronics,Laptop,7,50000,350000,98459
ORD07070,2025-02-23,South,Priya,Furniture,Sofa,11,25000,275000,67547
ORD07071,2025-07-14,East,Arun,Furniture,Chair,14,3000,42000,9162
ORD07072,2025-01-16,West,Sneha,Electronics,Laptop,7,50000,350000,91504
ORD07073,2025-12-14,South,Karthik,Furniture,Chair,4,3000,12000,2275
ORD07074,2025-11-24,East,Arun,Furniture,Chair,5,3000,15000,3385
ORD07075,2025-12-22,South,Priya,Electronics,Monitor,20,12000,240000,62943
ORD07076,2025-12-15,North,Amit,Furniture,Chair,2,3000,6000,1451
ORD07077,2025-02-03,East,Riya,Furniture,Chair,5,3000,15000,3671
ORD07078,2025-11-22,West,Rahul,Electronics,Mobile,17,20000,340000,69971
ORD07079,2025-12-29,North,Amit,Furniture,Sofa,13,25000,325000,49506
ORD07080,2025-04-21,East,Riya,Furniture,Sofa,2,25000,50000,14666
ORD07081,2025-04-04,North,Raj,Furniture,Sofa,4,25000,100000,24033
ORD07082,2025-01-19,South,Priya,Furniture,Sofa,2,25000,50000,9076
ORD07083,2025-08-21,East,Suresh,Furniture,Sofa,11,25000,275000,36836
ORD07084,2025-07-01,North,Raj,Electronics,Mobile,3,20000,60000,9896
ORD07085,2025-02-14,South,Anita,Electronics,Monitor,19,12000,228000,30611
ORD07086,2025-03-28,West,Meena,Electronics,Monitor,9,12000,108000,29557
ORD07087,2025-03-30,West,Rahul,Electronics,Laptop,7,50000,350000,56897
ORD07088,2025-03-18,West,Sneha,Electronics,Mobile,2,20000,40000,9381
ORD07089,2025-06-09,West,Meena,Electronics,Laptop,12,50000,600000,172318
ORD07090,2025-04-15,West,Meena,Electronics,Laptop,9,50000,450000,90034
ORD07091,2025-07-24,South,Anita,Furniture,Chair,13,3000,39000,7606
ORD07092,2025-07-02,South,Priya,Electronics,Monitor,12,12000,144000,17997
ORD07093,2025-04-01,North,Amit,Electronics,Laptop,5,50000,250000,27842
ORD07094,2025-05-17,East,Arun,Furniture,Table,20,8000,160000,36876
ORD07095,2025-07-09,West,Sneha,Electronics,Mobile,14,20000,280000,61790
ORD07096,2025-03-31,West,Meena,Electronics,Monitor,18,12000,216000,26216
ORD07097,2025-08-29,West,Meena,Furniture,Sofa,14,25000,350000,35601
ORD07098,2025-09-09,West,Sneha,Furniture,Chair,3,3000,9000,992
ORD07099,2025-08-01,North,Vikram,Furniture,Chair,15,3000,45000,8374
ORD07100,2025-12-14,West,Sneha,Electronics,Laptop,10,50000,500000,86858
ORD07101,2025-06-01,East,Suresh,Furniture,Sofa,18,25000,450000,85661
ORD07102,2025-10-14,North,Vikram,Furniture,Sofa,12,25000,300000,36320
ORD07103,2025-10-31,East,Arun,Electronics,Mobile,9,20000,180000,20336
ORD07104,2025-04-29,West,Sneha,Electronics,Laptop,17,50000,850000,231170
ORD07105,2025-05-06,South,Karthik,Furniture,Chair,5,3000,15000,3141
ORD07106,2025-11-21,East,Arun,Electronics,Monitor,3,12000,36000,10114
ORD07107,2025-08-05,South,Priya,Electronics,Mobile,6,20000,120000,17648
ORD07108,2025-04-28,South,Karthik,Furniture,Chair,9,3000,27000,5525
ORD07109,2025-12-27,East,Riya,Electronics,Monitor,8,12000,96000,20108
ORD07110,2025-08-23,South,Priya,Furniture,Table,13,8000,104000,21675
ORD07111,2025-09-10,West,Rahul,Furniture,Sofa,4,25000,100000,23029
ORD07112,2025-11-05,West,Rahul,Electronics,Mobile,20,20000,400000,42275
ORD07113,2025-12-22,East,Riya,Furniture,Sofa,2,25000,50000,11972
ORD07114,2025-01-23,North,Vikram,Furniture,Sofa,19,25000,475000,77581
ORD07115,2025-08-15,North,Raj,Electronics,Laptop,14,50000,700000,76971
ORD07116,2025-04-16,East,Suresh,Furniture,Chair,11,3000,33000,8995
ORD07117,2025-06-29,West,Meena,Furniture,Chair,18,3000,54000,5746
ORD07118,2025-07-28,West,Meena,Furniture,Sofa,18,25000,450000,106891
ORD07119,2025-07-25,South,Anita,Electronics,Monitor,18,12000,216000,40821
ORD07120,2025-09-30,South,Karthik,Furniture,Table,4,8000,32000,4305
ORD07121,2025-05-02,West,Meena,Electronics,Laptop,14,50000,700000,182316
ORD07122,2025-02-12,North,Raj,Electronics,Laptop,8,50000,400000,41303
ORD07123,2025-06-16,East,Suresh,Electronics,Mobile,14,20000,280000,70747
ORD07124,2025-09-23,East,Riya,Electronics,Monitor,17,12000,204000,60473
ORD07125,2025-09-21,South,Anita,Furniture,Table,8,8000,64000,8337
ORD07126,2025-03-13,East,Suresh,Electronics,Laptop,5,50000,250000,43617
ORD07127,2025-10-31,East,Suresh,Furniture,Table,18,8000,144000,23731
ORD07128,2025-10-06,West,Sneha,Electronics,Monitor,11,12000,132000,25779
ORD07129,2025-07-10,West,Rahul,Electronics,Mobile,5,20000,100000,27331
ORD07130,2025-12-04,East,Arun,Furniture,Table,7,8000,56000,10559
ORD07131,2025-07-25,West,Meena,Electronics,Laptop,4,50000,200000,49916
ORD07132,2025-02-06,East,Arun,Furniture,Table,5,8000,40000,6495
ORD07133,2025-01-07,East,Suresh,Furniture,Sofa,7,25000,175000,52349
ORD07134,2025-02-10,West,Meena,Furniture,Sofa,4,25000,100000,11149
ORD07135,2025-07-28,North,Vikram,Furniture,Table,8,8000,64000,6820
ORD07136,2025-11-23,West,Rahul,Electronics,Monitor,7,12000,84000,10670
ORD07137,2025-02-27,South,Karthik,Electronics,Mobile,4,20000,80000,8929
ORD07138,2025-12-24,West,Rahul,Electronics,Laptop,2,50000,100000,26117
ORD07139,2025-08-25,East,Arun,Electronics,Laptop,5,50000,250000,54393
ORD07140,2025-08-28,South,Karthik,Furniture,Sofa,15,25000,375000,89174
ORD07141,2025-09-04,North,Amit,Electronics,Mobile,17,20000,340000,45645
ORD07142,2025-05-30,South,Priya,Electronics,Laptop,15,50000,750000,152107
ORD07143,2025-06-08,South,Anita,Electronics,Laptop,4,50000,200000,49371
ORD07144,2025-01-13,East,Suresh,Furniture,Sofa,11,25000,275000,31610
ORD07145,2025-06-24,West,Meena,Furniture,Table,10,8000,80000,17392
ORD07146,2025-10-07,West,Sneha,Electronics,Monitor,4,12000,48000,6035
ORD07147,2025-04-06,East,Riya,Electronics,Laptop,2,50000,100000,20058
ORD07148,2025-02-07,South,Karthik,Electronics,Monitor,2,12000,24000,3876
ORD07149,2025-06-01,East,Arun,Electronics,Mobile,20,20000,400000,81507
ORD07150,2025-05-17,East,Riya,Electronics,Mobile,5,20000,100000,11674
ORD07151,2025-09-24,North,Amit,Furniture,Sofa,11,25000,275000,81707
ORD07152,2025-01-21,West,Rahul,Electronics,Monitor,5,12000,60000,17438
ORD07153,2025-01-26,North,Amit,Furniture,Sofa,8,25000,200000,43981
ORD07154,2025-01-02,North,Vikram,Electronics,Laptop,19,50000,950000,281954
ORD07155,2025-01-03,North,Amit,Electronics,Monitor,18,12000,216000,33186
ORD07156,2025-12-28,West,Meena,Furniture,Sofa,4,25000,100000,25906
ORD07157,2025-03-20,East,Arun,Furniture,Chair,18,3000,54000,7939
ORD07158,2025-11-15,North,Vikram,Furniture,Sofa,13,25000,325000,54591
ORD07159,2025-01-01,South,Priya,Furniture,Table,20,8000,160000,42486
ORD07160,2025-03-13,North,Amit,Electronics,Monitor,16,12000,192000,43242
ORD07161,2025-03-30,North,Raj,Furniture,Chair,4,3000,12000,3502
ORD07162,2025-07-17,West,Sneha,Electronics,Laptop,8,50000,400000,93519
ORD07163,2025-07-13,East,Suresh,Electronics,Laptop,13,50000,650000,107861
ORD07164,2025-08-15,South,Karthik,Electronics,Laptop,1,50000,50000,6464
ORD07165,2025-03-02,West,Sneha,Electronics,Monitor,15,12000,180000,51001
ORD07166,2025-08-26,South,Karthik,Furniture,Chair,13,3000,39000,10307
ORD07167,2025-09-03,East,Suresh,Electronics,Monitor,4,12000,48000,13666
ORD07168,2025-09-25,North,Amit,Electronics,Mobile,2,20000,40000,6419
ORD07169,2025-10-18,East,Riya,Electronics,Laptop,7,50000,350000,71385
ORD07170,2025-06-18,South,Anita,Furniture,Chair,8,3000,24000,6396
ORD07171,2025-09-28,North,Amit,Electronics,Monitor,8,12000,96000,12783
ORD07172,2025-03-02,North,Amit,Furniture,Table,9,8000,72000,21036
ORD07173,2025-10-12,South,Karthik,Furniture,Sofa,9,25000,225000,42553
ORD07174,2025-06-23,North,Raj,Electronics,Laptop,11,50000,550000,86447
ORD07175,2025-03-31,West,Meena,Electronics,Mobile,5,20000,100000,20940
ORD07176,2025-08-04,South,Anita,Furniture,Chair,6,3000,18000,2178
ORD07177,2025-01-16,South,Priya,Electronics,Laptop,18,50000,900000,159016
ORD07178,2025-01-13,North,Amit,Electronics,Monitor,20,12000,240000,31930
ORD07179,2025-04-15,North,Vikram,Furniture,Chair,8,3000,24000,3369
ORD07180,2025-07-07,West,Sneha,Electronics,Monitor,10,12000,120000,13453
ORD07181,2025-11-29,East,Riya,Electronics,Laptop,6,50000,300000,83139
ORD07182,2025-03-15,North,Amit,Electronics,Laptop,13,50000,650000,153015
ORD07183,2025-02-06,East,Arun,Furniture,Table,12,8000,96000,9858
ORD07184,2025-07-02,West,Sneha,Electronics,Laptop,14,50000,700000,75185
ORD07185,2025-02-15,West,Meena,Electronics,Monitor,18,12000,216000,30844
ORD07186,2025-02-19,East,Arun,Furniture,Sofa,11,25000,275000,60502
ORD07187,2025-12-24,East,Arun,Electronics,Laptop,14,50000,700000,80473
ORD07188,2025-01-16,West,Sneha,Furniture,Chair,11,3000,33000,9222
ORD07189,2025-06-27,West,Meena,Furniture,Table,9,8000,72000,8015
ORD07190,2025-03-04,West,Rahul,Furniture,Chair,12,3000,36000,7710
ORD07191,2025-06-13,East,Arun,Electronics,Monitor,4,12000,48000,10345
ORD07192,2025-03-23,South,Karthik,Electronics,Monitor,14,12000,168000,41663
ORD07193,2025-10-28,West,Sneha,Furniture,Sofa,6,25000,150000,33720
ORD07194,2025-12-20,South,Karthik,Furniture,Sofa,9,25000,225000,64345
ORD07195,2025-03-26,South,Priya,Furniture,Sofa,1,25000,25000,6213
ORD07196,2025-09-03,West,Sneha,Electronics,Monitor,2,12000,24000,2686
ORD07197,2025-07-04,North,Vikram,Electronics,Monitor,17,12000,204000,32997
ORD07198,2025-08-25,East,Riya,Furniture,Table,6,8000,48000,6537
ORD07199,2025-06-30,East,Arun,Furniture,Sofa,3,25000,75000,12210
ORD07200,2025-08-20,North,Raj,Furniture,Sofa,2,25000,50000,5576
ORD07201,2025-11-26,North,Amit,Electronics,Laptop,7,50000,350000,70851
ORD07202,2025-08-02,West,Rahul,Furniture,Table,18,8000,144000,32776
ORD07203,2025-09-28,North,Raj,Electronics,Monitor,6,12000,72000,18788
ORD07204,2025-10-17,South,Priya,Electronics,Mobile,12,20000,240000,33401
ORD07205,2025-01-21,North,Amit,Electronics,Mobile,8,20000,160000,47981
ORD07206,2025-01-26,South,Priya,Furniture,Chair,15,3000,45000,6647
ORD07207,2025-07-25,West,Sneha,Electronics,Mobile,2,20000,40000,6022
ORD07208,2025-07-30,West,Sneha,Electronics,Mobile,5,20000,100000,23044
ORD07209,2025-07-30,South,Karthik,Furniture,Table,6,8000,48000,4961
ORD07210,2025-05-07,West,Meena,Electronics,Mobile,17,20000,340000,49774
ORD07211,2025-01-12,East,Suresh,Electronics,Mobile,3,20000,60000,6795
ORD07212,2025-09-24,North,Amit,Electronics,Monitor,8,12000,96000,25052
ORD07213,2025-09-17,East,Riya,Furniture,Table,19,8000,152000,21666
ORD07214,2025-04-03,East,Riya,Electronics,Mobile,10,20000,200000,24743
ORD07215,2025-05-02,East,Suresh,Electronics,Monitor,4,12000,48000,7422
ORD07216,2025-01-28,South,Anita,Furniture,Sofa,16,25000,400000,47534
ORD07217,2025-12-05,South,Priya,Electronics,Laptop,9,50000,450000,89176
ORD07218,2025-07-06,West,Meena,Electronics,Mobile,19,20000,380000,82685
ORD07219,2025-12-18,West,Sneha,Electronics,Mobile,8,20000,160000,44880
ORD07220,2025-04-07,West,Sneha,Electronics,Laptop,10,50000,500000,132853
ORD07221,2025-08-04,North,Vikram,Electronics,Mobile,11,20000,220000,35944
ORD07222,2025-07-28,North,Raj,Electronics,Mobile,13,20000,260000,29145
ORD07223,2025-06-08,West,Rahul,Electronics,Laptop,10,50000,500000,68714
ORD07224,2025-06-10,North,Amit,Electronics,Laptop,9,50000,450000,80994
ORD07225,2025-11-05,West,Sneha,Furniture,Sofa,14,25000,350000,59920
ORD07226,2025-07-19,East,Riya,Furniture,Table,13,8000,104000,14863
ORD07227,2025-09-01,West,Meena,Electronics,Mobile,13,20000,260000,64976
ORD07228,2025-11-22,North,Raj,Furniture,Table,5,8000,40000,10154
ORD07229,2025-11-26,East,Suresh,Electronics,Monitor,18,12000,216000,44795
ORD07230,2025-10-07,East,Suresh,Electronics,Monitor,16,12000,192000,47454
ORD07231,2025-03-10,East,Arun,Electronics,Laptop,20,50000,1000000,204524
ORD07232,2025-09-04,West,Rahul,Furniture,Table,15,8000,120000,25974
ORD07233,2025-12-15,West,Sneha,Furniture,Sofa,8,25000,200000,20518
ORD07234,2025-01-05,North,Vikram,Furniture,Chair,20,3000,60000,9846
ORD07235,2025-08-20,East,Suresh,Furniture,Sofa,16,25000,400000,102203
ORD07236,2025-06-24,North,Vikram,Furniture,Chair,12,3000,36000,5644
ORD07237,2025-02-04,South,Karthik,Electronics,Monitor,10,12000,120000,32761
ORD07238,2025-10-24,South,Priya,Furniture,Sofa,8,25000,200000,58784
ORD07239,2025-07-16,East,Arun,Furniture,Table,7,8000,56000,14942
ORD07240,2025-04-14,East,Suresh,Electronics,Mobile,20,20000,400000,79936
ORD07241,2025-07-11,South,Anita,Furniture,Table,13,8000,104000,20999
ORD07242,2025-06-21,East,Suresh,Electronics,Monitor,20,12000,240000,41656
ORD07243,2025-10-27,East,Riya,Electronics,Mobile,18,20000,360000,40211
ORD07244,2025-03-04,West,Sneha,Electronics,Laptop,15,50000,750000,125644
ORD07245,2025-07-10,South,Priya,Electronics,Laptop,3,50000,150000,22726
ORD07246,2025-03-26,East,Arun,Furniture,Chair,18,3000,54000,15786
ORD07247,2025-03-24,South,Karthik,Electronics,Laptop,9,50000,450000,128244
ORD07248,2025-10-04,West,Meena,Electronics,Monitor,20,12000,240000,68016
ORD07249,2025-01-18,North,Amit,Furniture,Chair,18,3000,54000,13813
ORD07250,2025-08-26,West,Meena,Furniture,Chair,4,3000,12000,2511
ORD07251,2025-09-27,East,Arun,Electronics,Monitor,15,12000,180000,27587
ORD07252,2025-09-22,West,Rahul,Electronics,Laptop,9,50000,450000,52333
ORD07253,2025-09-22,East,Suresh,Furniture,Chair,1,3000,3000,484
ORD07254,2025-11-26,East,Riya,Electronics,Mobile,8,20000,160000,38956
ORD07255,2025-11-12,East,Suresh,Electronics,Monitor,3,12000,36000,4436
ORD07256,2025-12-06,North,Vikram,Electronics,Monitor,15,12000,180000,28931
ORD07257,2025-10-31,West,Sneha,Furniture,Table,5,8000,40000,9879
ORD07258,2025-06-18,South,Karthik,Electronics,Monitor,1,12000,12000,2285
ORD07259,2025-05-20,West,Rahul,Furniture,Table,17,8000,136000,26541
ORD07260,2025-09-15,East,Suresh,Furniture,Chair,4,3000,12000,2812
ORD07261,2025-05-04,East,Suresh,Electronics,Mobile,3,20000,60000,15418
ORD07262,2025-09-26,North,Vikram,Electronics,Monitor,9,12000,108000,21548
ORD07263,2025-05-15,East,Riya,Electronics,Laptop,3,50000,150000,31455
ORD07264,2025-04-27,East,Suresh,Furniture,Table,19,8000,152000,38397
ORD07265,2025-01-29,South,Karthik,Electronics,Laptop,7,50000,350000,76414
ORD07266,2025-09-06,North,Amit,Furniture,Sofa,6,25000,150000,40524
ORD07267,2025-04-28,West,Meena,Electronics,Mobile,1,20000,20000,3753
ORD07268,2025-06-28,West,Rahul,Electronics,Mobile,6,20000,120000,33755
ORD07269,2025-04-04,East,Riya,Furniture,Chair,3,3000,9000,1233
ORD07270,2025-04-20,North,Raj,Electronics,Monitor,14,12000,168000,22624
ORD07271,2025-02-03,South,Karthik,Furniture,Table,19,8000,152000,16808
ORD07272,2025-08-20,North,Vikram,Electronics,Laptop,7,50000,350000,49676
ORD07273,2025-12-24,East,Suresh,Furniture,Sofa,8,25000,200000,21474
ORD07274,2025-12-23,North,Raj,Electronics,Mobile,13,20000,260000,65529
ORD07275,2025-07-29,South,Anita,Electronics,Laptop,3,50000,150000,22276
ORD07276,2025-05-28,North,Raj,Furniture,Table,6,8000,48000,6586
ORD07277,2025-01-01,West,Sneha,Electronics,Laptop,3,50000,150000,31925
ORD07278,2025-03-28,West,Rahul,Furniture,Chair,9,3000,27000,5904
ORD07279,2025-07-24,East,Arun,Electronics,Mobile,16,20000,320000,95416
ORD07280,2025-06-11,West,Rahul,Furniture,Table,11,8000,88000,14226
ORD07281,2025-05-08,West,Sneha,Furniture,Sofa,2,25000,50000,8948
ORD07282,2025-02-01,South,Anita,Electronics,Monitor,17,12000,204000,48221
ORD07283,2025-04-28,East,Arun,Furniture,Chair,19,3000,57000,13585
ORD07284,2025-11-17,West,Rahul,Furniture,Table,10,8000,80000,17815
ORD07285,2025-12-23,South,Priya,Electronics,Mobile,7,20000,140000,16627
ORD07286,2025-11-19,North,Amit,Furniture,Sofa,19,25000,475000,82299
ORD07287,2025-01-16,North,Raj,Electronics,Mobile,11,20000,220000,52511
ORD07288,2025-11-15,West,Rahul,Electronics,Monitor,6,12000,72000,20596
ORD07289,2025-02-13,West,Sneha,Electronics,Mobile,20,20000,400000,100051
ORD07290,2025-02-21,South,Karthik,Electronics,Laptop,2,50000,100000,11522
ORD07291,2025-07-25,North,Raj,Electronics,Mobile,8,20000,160000,20425
ORD07292,2025-06-19,North,Raj,Furniture,Table,10,8000,80000,22942
ORD07293,2025-01-19,West,Meena,Furniture,Chair,11,3000,33000,4596
ORD07294,2025-12-07,East,Suresh,Furniture,Table,13,8000,104000,28009
ORD07295,2025-09-14,South,Karthik,Furniture,Sofa,6,25000,150000,20379
ORD07296,2025-05-06,East,Riya,Electronics,Mobile,16,20000,320000,52532
ORD07297,2025-12-18,East,Riya,Furniture,Chair,1,3000,3000,534
ORD07298,2025-04-12,North,Amit,Furniture,Sofa,10,25000,250000,54398
ORD07299,2025-12-02,West,Rahul,Electronics,Laptop,14,50000,700000,123837
ORD07300,2025-03-15,East,Arun,Electronics,Mobile,6,20000,120000,17264
ORD07301,2025-01-19,East,Suresh,Electronics,Laptop,10,50000,500000,112275
ORD07302,2025-08-01,South,Anita,Furniture,Sofa,18,25000,450000,134818
ORD07303,2025-05-24,North,Vikram,Furniture,Table,7,8000,56000,12542
ORD07304,2025-09-10,West,Rahul,Furniture,Chair,20,3000,60000,15035
ORD07305,2025-04-04,East,Arun,Electronics,Mobile,2,20000,40000,11826
ORD07306,2025-06-07,South,Karthik,Furniture,Chair,12,3000,36000,9982
ORD07307,2025-01-28,East,Riya,Electronics,Mobile,12,20000,240000,26409
ORD07308,2025-11-05,South,Karthik,Furniture,Chair,11,3000,33000,9644
ORD07309,2025-09-04,East,Riya,Electronics,Mobile,19,20000,380000,38968
ORD07310,2025-02-16,North,Raj,Furniture,Chair,6,3000,18000,3229
ORD07311,2025-12-19,North,Raj,Furniture,Table,17,8000,136000,20473
ORD07312,2025-01-03,West,Meena,Furniture,Sofa,4,25000,100000,10262
ORD07313,2025-09-09,West,Sneha,Electronics,Mobile,20,20000,400000,51561
ORD07314,2025-08-08,East,Riya,Electronics,Monitor,13,12000,156000,36883
ORD07315,2025-01-27,West,Meena,Electronics,Mobile,12,20000,240000,65667
ORD07316,2025-04-06,South,Anita,Electronics,Mobile,19,20000,380000,112738
ORD07317,2025-03-01,East,Riya,Furniture,Table,20,8000,160000,34866
ORD07318,2025-12-29,South,Anita,Furniture,Chair,13,3000,39000,7449
ORD07319,2025-01-08,West,Meena,Furniture,Table,13,8000,104000,10438
ORD07320,2025-07-08,East,Riya,Furniture,Chair,10,3000,30000,3635
ORD07321,2025-11-02,West,Rahul,Furniture,Sofa,20,25000,500000,98279
ORD07322,2025-01-16,East,Riya,Electronics,Mobile,15,20000,300000,35356
ORD07323,2025-10-24,North,Raj,Furniture,Sofa,10,25000,250000,33537
ORD07324,2025-07-13,East,Arun,Electronics,Monitor,13,12000,156000,23733
ORD07325,2025-10-05,West,Sneha,Electronics,Mobile,1,20000,20000,2211
ORD07326,2025-05-16,West,Rahul,Electronics,Monitor,7,12000,84000,19591
ORD07327,2025-10-12,West,Rahul,Furniture,Chair,16,3000,48000,10748
ORD07328,2025-01-31,North,Amit,Electronics,Laptop,20,50000,1000000,243590
ORD07329,2025-02-27,East,Riya,Furniture,Sofa,18,25000,450000,109421
ORD07330,2025-02-11,South,Karthik,Furniture,Table,18,8000,144000,27188
ORD07331,2025-11-14,East,Arun,Furniture,Table,16,8000,128000,21688
ORD07332,2025-06-16,East,Suresh,Furniture,Table,2,8000,16000,4254
ORD07333,2025-05-07,South,Karthik,Furniture,Sofa,1,25000,25000,6071
ORD07334,2025-03-16,East,Riya,Electronics,Laptop,18,50000,900000,248860
ORD07335,2025-03-21,South,Priya,Furniture,Table,6,8000,48000,13203
ORD07336,2025-10-25,West,Sneha,Furniture,Chair,13,3000,39000,7720
ORD07337,2025-01-19,South,Priya,Furniture,Sofa,14,25000,350000,87212
ORD07338,2025-08-28,North,Amit,Electronics,Laptop,17,50000,850000,250760
ORD07339,2025-07-16,West,Rahul,Furniture,Chair,18,3000,54000,6784
ORD07340,2025-10-27,East,Riya,Electronics,Mobile,19,20000,380000,86318
ORD07341,2025-12-25,East,Riya,Furniture,Sofa,18,25000,450000,95128
ORD07342,2025-09-28,North,Amit,Electronics,Laptop,10,50000,500000,84713
ORD07343,2025-07-30,South,Karthik,Furniture,Chair,11,3000,33000,7631
ORD07344,2025-08-31,South,Anita,Furniture,Sofa,11,25000,275000,53569
ORD07345,2025-12-08,East,Riya,Furniture,Sofa,12,25000,300000,88262
ORD07346,2025-05-30,West,Meena,Furniture,Chair,6,3000,18000,2077
ORD07347,2025-04-11,West,Rahul,Furniture,Chair,18,3000,54000,11528
ORD07348,2025-06-25,East,Suresh,Electronics,Mobile,6,20000,120000,30619
ORD07349,2025-02-04,North,Amit,Furniture,Sofa,4,25000,100000,13911
ORD07350,2025-12-02,West,Sneha,Electronics,Monitor,19,12000,228000,60990
ORD07351,2025-02-19,North,Amit,Furniture,Table,4,8000,32000,5461
ORD07352,2025-10-24,East,Suresh,Electronics,Laptop,16,50000,800000,124890
ORD07353,2025-09-22,West,Rahul,Furniture,Sofa,16,25000,400000,75683
ORD07354,2025-05-24,South,Anita,Furniture,Table,8,8000,64000,17106
ORD07355,2025-06-12,South,Priya,Electronics,Monitor,18,12000,216000,29258
ORD07356,2025-05-22,South,Priya,Electronics,Mobile,15,20000,300000,34732
ORD07357,2025-12-06,West,Meena,Electronics,Mobile,7,20000,140000,32842
ORD07358,2025-12-21,West,Meena,Electronics,Mobile,8,20000,160000,38297
ORD07359,2025-07-19,East,Suresh,Electronics,Monitor,4,12000,48000,5800
ORD07360,2025-03-02,South,Priya,Electronics,Mobile,6,20000,120000,19073
ORD07361,2025-04-11,East,Arun,Electronics,Monitor,13,12000,156000,20274
ORD07362,2025-06-07,East,Riya,Furniture,Table,5,8000,40000,10908
ORD07363,2025-11-18,West,Sneha,Furniture,Table,14,8000,112000,24433
ORD07364,2025-10-04,East,Suresh,Furniture,Chair,12,3000,36000,9050
ORD07365,2025-12-03,East,Riya,Furniture,Chair,10,3000,30000,7517
ORD07366,2025-07-06,West,Sneha,Electronics,Laptop,4,50000,200000,35605
ORD07367,2025-02-20,South,Karthik,Furniture,Sofa,7,25000,175000,28064
ORD07368,2025-01-07,South,Priya,Electronics,Laptop,15,50000,750000,117073
ORD07369,2025-04-23,East,Arun,Furniture,Chair,12,3000,36000,4451
ORD07370,2025-12-26,East,Riya,Electronics,Laptop,11,50000,550000,105831
ORD07371,2025-10-11,East,Suresh,Electronics,Laptop,6,50000,300000,81666
ORD07372,2025-02-23,North,Amit,Electronics,Monitor,2,12000,24000,5910
ORD07373,2025-12-10,West,Rahul,Electronics,Laptop,8,50000,400000,99567
ORD07374,2025-04-24,West,Meena,Electronics,Monitor,11,12000,132000,18474
ORD07375,2025-08-06,North,Amit,Electronics,Laptop,11,50000,550000,99041
ORD07376,2025-06-16,East,Suresh,Electronics,Laptop,8,50000,400000,85587
ORD07377,2025-12-15,South,Priya,Furniture,Table,11,8000,88000,21126
ORD07378,2025-12-20,West,Rahul,Furniture,Table,15,8000,120000,28432
ORD07379,2025-03-21,South,Karthik,Electronics,Monitor,16,12000,192000,55975
ORD07380,2025-06-15,West,Rahul,Electronics,Monitor,11,12000,132000,17103
ORD07381,2025-12-13,East,Riya,Electronics,Mobile,7,20000,140000,41349
ORD07382,2025-01-20,West,Sneha,Furniture,Sofa,4,25000,100000,15668
ORD07383,2025-06-17,North,Raj,Furniture,Sofa,1,25000,25000,7144
ORD07384,2025-09-23,East,Riya,Furniture,Table,12,8000,96000,26684
ORD07385,2025-03-09,West,Sneha,Electronics,Monitor,16,12000,192000,23605
ORD07386,2025-04-23,East,Riya,Electronics,Mobile,13,20000,260000,74115
ORD07387,2025-08-25,South,Karthik,Electronics,Monitor,3,12000,36000,6749
ORD07388,2025-03-16,East,Arun,Electronics,Monitor,4,12000,48000,7920
ORD07389,2025-12-07,North,Amit,Furniture,Chair,5,3000,15000,3824
ORD07390,2025-11-28,South,Karthik,Furniture,Table,16,8000,128000,34837
ORD07391,2025-12-02,East,Suresh,Furniture,Chair,4,3000,12000,1940
ORD07392,2025-09-27,North,Vikram,Electronics,Laptop,15,50000,750000,76312
ORD07393,2025-07-24,East,Arun,Electronics,Monitor,15,12000,180000,32583
ORD07394,2025-01-01,East,Riya,Electronics,Mobile,17,20000,340000,90327
ORD07395,2025-02-28,East,Arun,Electronics,Laptop,19,50000,950000,175541
ORD07396,2025-11-06,East,Suresh,Electronics,Monitor,18,12000,216000,52969
ORD07397,2025-06-18,North,Amit,Electronics,Mobile,14,20000,280000,78663
ORD07398,2025-11-18,South,Karthik,Furniture,Table,19,8000,152000,42234
ORD07399,2025-02-05,East,Arun,Electronics,Laptop,15,50000,750000,171421
ORD07400,2025-08-28,East,Arun,Furniture,Chair,2,3000,6000,1444
ORD07401,2025-10-13,North,Raj,Electronics,Mobile,2,20000,40000,5052
ORD07402,2025-04-06,East,Arun,Furniture,Chair,17,3000,51000,14266
ORD07403,2025-03-12,West,Rahul,Furniture,Chair,6,3000,18000,2824
ORD07404,2025-02-25,West,Rahul,Furniture,Chair,8,3000,24000,4641
ORD07405,2025-08-26,East,Arun,Electronics,Mobile,2,20000,40000,10597
ORD07406,2025-10-24,North,Vikram,Electronics,Monitor,7,12000,84000,17799
ORD07407,2025-05-02,West,Sneha,Furniture,Sofa,6,25000,150000,41509
ORD07408,2025-01-20,South,Karthik,Electronics,Laptop,9,50000,450000,80652
ORD07409,2025-12-29,South,Karthik,Electronics,Mobile,13,20000,260000,74007
ORD07410,2025-05-05,South,Anita,Furniture,Sofa,16,25000,400000,115964
ORD07411,2025-06-30,East,Riya,Furniture,Chair,15,3000,45000,10157
ORD07412,2025-01-11,South,Priya,Electronics,Laptop,5,50000,250000,47316
ORD07413,2025-07-30,West,Meena,Furniture,Table,5,8000,40000,11363
ORD07414,2025-11-11,South,Karthik,Furniture,Table,14,8000,112000,32209
ORD07415,2025-10-26,North,Raj,Furniture,Sofa,5,25000,125000,26402
ORD07416,2025-07-24,North,Raj,Electronics,Laptop,15,50000,750000,169630
ORD07417,2025-10-11,East,Riya,Electronics,Laptop,4,50000,200000,25546
ORD07418,2025-12-23,North,Vikram,Electronics,Monitor,11,12000,132000,23341
ORD07419,2025-08-03,South,Anita,Electronics,Laptop,3,50000,150000,39065
ORD07420,2025-06-27,South,Priya,Electronics,Mobile,5,20000,100000,13852
ORD07421,2025-03-04,North,Raj,Electronics,Laptop,9,50000,450000,96094
ORD07422,2025-01-12,South,Karthik,Electronics,Mobile,16,20000,320000,62740
ORD07423,2025-06-25,North,Vikram,Electronics,Laptop,20,50000,1000000,154062
ORD07424,2025-01-19,East,Suresh,Electronics,Laptop,14,50000,700000,169350
ORD07425,2025-02-02,West,Rahul,Furniture,Chair,18,3000,54000,8411
ORD07426,2025-03-21,West,Rahul,Electronics,Laptop,10,50000,500000,128371
ORD07427,2025-05-05,North,Vikram,Electronics,Monitor,20,12000,240000,69707
ORD07428,2025-04-09,South,Priya,Electronics,Mobile,16,20000,320000,57058
ORD07429,2025-09-17,North,Raj,Furniture,Chair,20,3000,60000,9628
ORD07430,2025-10-14,North,Amit,Electronics,Laptop,11,50000,550000,79400
ORD07431,2025-01-03,North,Amit,Furniture,Table,14,8000,112000,28311
ORD07432,2025-05-09,East,Suresh,Furniture,Chair,17,3000,51000,13608
ORD07433,2025-12-20,East,Riya,Furniture,Sofa,6,25000,150000,33307
ORD07434,2025-03-03,East,Riya,Electronics,Mobile,10,20000,200000,27513
ORD07435,2025-04-02,North,Vikram,Electronics,Monitor,9,12000,108000,13025
ORD07436,2025-04-19,East,Riya,Furniture,Table,7,8000,56000,11990
ORD07437,2025-02-01,West,Meena,Furniture,Table,14,8000,112000,17069
ORD07438,2025-11-03,South,Priya,Furniture,Chair,20,3000,60000,17062
ORD07439,2025-02-28,West,Sneha,Electronics,Laptop,18,50000,900000,154116
ORD07440,2025-05-13,South,Karthik,Electronics,Laptop,20,50000,1000000,179788
ORD07441,2025-03-02,West,Sneha,Furniture,Chair,13,3000,39000,10146
ORD07442,2025-05-25,East,Riya,Electronics,Mobile,2,20000,40000,6396
ORD07443,2025-06-04,North,Vikram,Furniture,Chair,18,3000,54000,13156
ORD07444,2025-04-29,West,Sneha,Furniture,Chair,3,3000,9000,1994
ORD07445,2025-06-06,South,Priya,Furniture,Sofa,18,25000,450000,111001
ORD07446,2025-07-19,East,Arun,Electronics,Mobile,11,20000,220000,61649
ORD07447,2025-08-12,West,Sneha,Electronics,Mobile,1,20000,20000,2039
ORD07448,2025-05-06,West,Rahul,Electronics,Mobile,16,20000,320000,58357
ORD07449,2025-06-01,East,Riya,Electronics,Laptop,16,50000,800000,165398
ORD07450,2025-12-17,East,Suresh,Electronics,Monitor,9,12000,108000,32041
ORD07451,2025-06-29,South,Karthik,Furniture,Sofa,2,25000,50000,7763
ORD07452,2025-07-03,West,Sneha,Electronics,Mobile,6,20000,120000,19756
ORD07453,2025-05-07,West,Meena,Furniture,Table,17,8000,136000,35109
ORD07454,2025-07-03,South,Priya,Furniture,Chair,11,3000,33000,4140
ORD07455,2025-10-03,East,Arun,Furniture,Sofa,18,25000,450000,95952
ORD07456,2025-02-27,West,Rahul,Furniture,Table,6,8000,48000,12899
ORD07457,2025-12-21,North,Amit,Furniture,Chair,19,3000,57000,15387
ORD07458,2025-08-05,West,Rahul,Electronics,Laptop,13,50000,650000,153223
ORD07459,2025-11-12,North,Raj,Furniture,Sofa,3,25000,75000,13943
ORD07460,2025-04-23,North,Vikram,Furniture,Chair,6,3000,18000,5192
ORD07461,2025-04-26,West,Meena,Electronics,Monitor,13,12000,156000,25910
ORD07462,2025-05-03,West,Meena,Furniture,Chair,17,3000,51000,13467
ORD07463,2025-10-11,North,Vikram,Electronics,Laptop,4,50000,200000,32202
ORD07464,2025-12-17,East,Suresh,Electronics,Mobile,10,20000,200000,27298
ORD07465,2025-01-09,South,Karthik,Electronics,Laptop,16,50000,800000,177940
ORD07466,2025-03-07,West,Sneha,Furniture,Sofa,1,25000,25000,3395
ORD07467,2025-03-28,South,Anita,Electronics,Laptop,9,50000,450000,71063
ORD07468,2025-10-31,North,Vikram,Furniture,Sofa,10,25000,250000,34622
ORD07469,2025-12-07,West,Meena,Electronics,Monitor,12,12000,144000,22647
ORD07470,2025-12-14,West,Rahul,Furniture,Sofa,7,25000,175000,40619
ORD07471,2025-11-30,North,Amit,Electronics,Monitor,8,12000,96000,25815
ORD07472,2025-11-16,North,Raj,Electronics,Mobile,8,20000,160000,39101
ORD07473,2025-02-28,North,Raj,Electronics,Laptop,14,50000,700000,165000
ORD07474,2025-09-25,North,Vikram,Electronics,Laptop,13,50000,650000,109074
ORD07475,2025-09-04,North,Vikram,Electronics,Monitor,16,12000,192000,20350
ORD07476,2025-04-16,South,Anita,Electronics,Monitor,1,12000,12000,1957
ORD07477,2025-11-27,East,Suresh,Electronics,Laptop,19,50000,950000,242109
ORD07478,2025-07-05,South,Priya,Electronics,Monitor,4,12000,48000,13718
ORD07479,2025-11-21,West,Rahul,Electronics,Mobile,15,20000,300000,44250
ORD07480,2025-02-20,South,Priya,Furniture,Chair,8,3000,24000,5135
ORD07481,2025-07-22,South,Priya,Furniture,Sofa,19,25000,475000,86305
ORD07482,2025-10-14,North,Amit,Furniture,Chair,13,3000,39000,3904
ORD07483,2025-02-05,North,Amit,Furniture,Chair,2,3000,6000,1123
ORD07484,2025-10-29,West,Rahul,Electronics,Monitor,5,12000,60000,11674
ORD07485,2025-11-30,North,Raj,Furniture,Table,6,8000,48000,9193
ORD07486,2025-06-09,West,Meena,Electronics,Monitor,20,12000,240000,58235
ORD07487,2025-04-01,North,Vikram,Furniture,Sofa,4,25000,100000,25667
ORD07488,2025-03-25,North,Amit,Electronics,Monitor,11,12000,132000,26533
ORD07489,2025-12-14,South,Priya,Electronics,Mobile,16,20000,320000,86460
ORD07490,2025-02-06,North,Vikram,Electronics,Mobile,10,20000,200000,38802
ORD07491,2025-08-10,South,Anita,Furniture,Sofa,20,25000,500000,108760
ORD07492,2025-08-15,North,Amit,Furniture,Table,3,8000,24000,2809
ORD07493,2025-09-22,East,Riya,Electronics,Mobile,10,20000,200000,33549
ORD07494,2025-03-30,North,Amit,Electronics,Mobile,12,20000,240000,71074
ORD07495,2025-07-07,South,Karthik,Electronics,Monitor,19,12000,228000,37700
ORD07496,2025-05-03,East,Suresh,Furniture,Table,3,8000,24000,7134
ORD07497,2025-12-30,North,Raj,Furniture,Sofa,9,25000,225000,38254
ORD07498,2025-12-21,East,Riya,Electronics,Monitor,13,12000,156000,27690
ORD07499,2025-12-28,East,Riya,Furniture,Chair,20,3000,60000,13637
ORD07500,2025-04-05,East,Riya,Electronics,Mobile,5,20000,100000,14064
ORD07501,2025-12-28,South,Priya,Furniture,Sofa,17,25000,425000,127291
ORD07502,2025-04-21,West,Rahul,Furniture,Table,11,8000,88000,19701
ORD07503,2025-08-24,North,Vikram,Furniture,Table,15,8000,120000,20010
ORD07504,2025-05-29,North,Vikram,Electronics,Monitor,6,12000,72000,10860
ORD07505,2025-07-12,West,Meena,Furniture,Table,16,8000,128000,19442
ORD07506,2025-10-03,North,Raj,Electronics,Mobile,13,20000,260000,57005
ORD07507,2025-11-19,East,Suresh,Electronics,Monitor,17,12000,204000,56776
ORD07508,2025-04-10,West,Meena,Furniture,Chair,1,3000,3000,815
ORD07509,2025-03-31,East,Suresh,Furniture,Sofa,8,25000,200000,55847
ORD07510,2025-12-21,North,Raj,Furniture,Sofa,18,25000,450000,122004
ORD07511,2025-03-08,West,Sneha,Furniture,Sofa,13,25000,325000,35873
ORD07512,2025-10-03,West,Rahul,Electronics,Monitor,19,12000,228000,38122
ORD07513,2025-01-27,South,Priya,Electronics,Monitor,14,12000,168000,39341
ORD07514,2025-08-06,East,Riya,Furniture,Chair,20,3000,60000,17364
ORD07515,2025-02-14,South,Karthik,Electronics,Laptop,18,50000,900000,157064
ORD07516,2025-06-16,South,Anita,Furniture,Chair,8,3000,24000,5418
ORD07517,2025-04-18,North,Raj,Electronics,Mobile,20,20000,400000,78177
ORD07518,2025-06-30,East,Suresh,Furniture,Sofa,5,25000,125000,22661
ORD07519,2025-04-16,East,Suresh,Furniture,Sofa,4,25000,100000,29597
ORD07520,2025-01-14,East,Riya,Electronics,Monitor,14,12000,168000,33142
ORD07521,2025-12-04,West,Rahul,Electronics,Mobile,1,20000,20000,5783
ORD07522,2025-12-27,East,Suresh,Electronics,Laptop,4,50000,200000,21942
ORD07523,2025-08-12,East,Suresh,Electronics,Laptop,6,50000,300000,77578
ORD07524,2025-05-09,South,Priya,Furniture,Chair,11,3000,33000,6483
ORD07525,2025-09-01,South,Karthik,Furniture,Sofa,20,25000,500000,121640
ORD07526,2025-11-26,North,Amit,Electronics,Mobile,17,20000,340000,42519
ORD07527,2025-04-14,South,Priya,Electronics,Monitor,13,12000,156000,21224
ORD07528,2025-04-13,East,Riya,Electronics,Mobile,5,20000,100000,22062
ORD07529,2025-12-01,East,Riya,Electronics,Mobile,4,20000,80000,13093
ORD07530,2025-08-20,East,Arun,Furniture,Table,7,8000,56000,15500
ORD07531,2025-07-21,South,Karthik,Furniture,Sofa,7,25000,175000,42764
ORD07532,2025-10-22,East,Riya,Furniture,Table,6,8000,48000,10062
ORD07533,2025-11-11,East,Arun,Furniture,Chair,8,3000,24000,6595
ORD07534,2025-01-14,North,Raj,Electronics,Laptop,2,50000,100000,10227
ORD07535,2025-10-05,West,Sneha,Furniture,Chair,16,3000,48000,11290
ORD07536,2025-08-07,North,Raj,Furniture,Table,6,8000,48000,7700
ORD07537,2025-01-31,West,Rahul,Furniture,Chair,10,3000,30000,8619
ORD07538,2025-07-02,East,Suresh,Furniture,Chair,6,3000,18000,4557
ORD07539,2025-09-21,West,Meena,Furniture,Table,15,8000,120000,13490
ORD07540,2025-10-04,West,Rahul,Furniture,Sofa,9,25000,225000,56557
ORD07541,2025-10-14,South,Anita,Furniture,Sofa,9,25000,225000,35371
ORD07542,2025-08-03,West,Sneha,Electronics,Laptop,18,50000,900000,267197
ORD07543,2025-03-30,East,Riya,Electronics,Monitor,18,12000,216000,45445
ORD07544,2025-11-11,North,Raj,Electronics,Mobile,16,20000,320000,43597
ORD07545,2025-04-09,North,Vikram,Furniture,Table,16,8000,128000,31435
ORD07546,2025-08-05,West,Sneha,Electronics,Laptop,4,50000,200000,43489
ORD07547,2025-07-24,East,Arun,Electronics,Monitor,2,12000,24000,3070
ORD07548,2025-12-27,East,Suresh,Electronics,Monitor,7,12000,84000,19997
ORD07549,2025-12-17,East,Arun,Electronics,Mobile,8,20000,160000,19417
ORD07550,2025-11-27,North,Raj,Furniture,Table,11,8000,88000,11994
ORD07551,2025-06-24,East,Arun,Electronics,Monitor,5,12000,60000,10536
ORD07552,2025-12-22,West,Rahul,Electronics,Laptop,9,50000,450000,130897
ORD07553,2025-06-03,East,Suresh,Electronics,Monitor,11,12000,132000,30148
ORD07554,2025-01-22,South,Anita,Electronics,Monitor,2,12000,24000,5101
ORD07555,2025-02-14,East,Suresh,Furniture,Chair,8,3000,24000,4153
ORD07556,2025-11-27,North,Raj,Furniture,Chair,13,3000,39000,11270
ORD07557,2025-09-27,North,Vikram,Electronics,Monitor,19,12000,228000,35502
ORD07558,2025-08-03,North,Vikram,Electronics,Laptop,19,50000,950000,120644
ORD07559,2025-10-05,North,Amit,Furniture,Sofa,3,25000,75000,13727
ORD07560,2025-05-23,West,Meena,Furniture,Table,1,8000,8000,856
ORD07561,2025-02-06,East,Arun,Furniture,Chair,9,3000,27000,4080
ORD07562,2025-11-04,North,Vikram,Furniture,Table,19,8000,152000,18697
ORD07563,2025-05-31,North,Amit,Electronics,Mobile,4,20000,80000,13258
ORD07564,2025-09-10,South,Priya,Electronics,Monitor,14,12000,168000,44598
ORD07565,2025-01-13,West,Meena,Furniture,Table,13,8000,104000,25987
ORD07566,2025-02-21,West,Sneha,Electronics,Laptop,10,50000,500000,57818
ORD07567,2025-04-18,North,Raj,Furniture,Sofa,15,25000,375000,96270
ORD07568,2025-01-08,South,Anita,Electronics,Laptop,8,50000,400000,108960
ORD07569,2025-10-18,West,Sneha,Electronics,Laptop,11,50000,550000,68742
ORD07570,2025-08-09,West,Rahul,Furniture,Chair,6,3000,18000,2768
ORD07571,2025-11-22,East,Riya,Furniture,Chair,9,3000,27000,6112
ORD07572,2025-10-03,East,Suresh,Electronics,Monitor,4,12000,48000,8964
ORD07573,2025-03-18,North,Raj,Furniture,Sofa,2,25000,50000,5621
ORD07574,2025-03-20,West,Rahul,Electronics,Monitor,5,12000,60000,17558
ORD07575,2025-11-06,West,Rahul,Furniture,Table,17,8000,136000,21181
ORD07576,2025-10-12,East,Riya,Furniture,Table,16,8000,128000,28688
ORD07577,2025-10-27,East,Riya,Furniture,Table,7,8000,56000,13878
ORD07578,2025-05-22,West,Sneha,Furniture,Chair,13,3000,39000,10420
ORD07579,2025-08-26,East,Arun,Furniture,Table,15,8000,120000,16212
ORD07580,2025-10-23,South,Priya,Furniture,Table,1,8000,8000,1344
ORD07581,2025-07-19,North,Raj,Electronics,Monitor,20,12000,240000,25737
ORD07582,2025-04-07,North,Amit,Electronics,Laptop,16,50000,800000,228743
ORD07583,2025-11-18,East,Suresh,Electronics,Laptop,2,50000,100000,12398
ORD07584,2025-03-28,North,Raj,Furniture,Chair,16,3000,48000,8292
ORD07585,2025-10-20,East,Riya,Furniture,Chair,4,3000,12000,2928
ORD07586,2025-02-06,South,Anita,Electronics,Monitor,4,12000,48000,6969
ORD07587,2025-03-10,South,Anita,Electronics,Mobile,2,20000,40000,10985
ORD07588,2025-03-13,East,Suresh,Furniture,Sofa,2,25000,50000,10073
ORD07589,2025-06-12,East,Suresh,Electronics,Laptop,6,50000,300000,71789
ORD07590,2025-09-19,North,Vikram,Furniture,Sofa,9,25000,225000,42454
ORD07591,2025-07-27,West,Sneha,Electronics,Laptop,1,50000,50000,6075
ORD07592,2025-09-15,North,Raj,Furniture,Chair,12,3000,36000,10496
ORD07593,2025-11-05,North,Raj,Electronics,Mobile,8,20000,160000,23900
ORD07594,2025-04-23,South,Priya,Furniture,Sofa,4,25000,100000,15612
ORD07595,2025-05-08,East,Suresh,Furniture,Sofa,7,25000,175000,29068
ORD07596,2025-11-21,South,Karthik,Electronics,Monitor,15,12000,180000,46443
ORD07597,2025-05-05,North,Amit,Furniture,Sofa,17,25000,425000,66798
ORD07598,2025-03-25,East,Suresh,Electronics,Mobile,19,20000,380000,85276
ORD07599,2025-10-18,West,Rahul,Furniture,Sofa,10,25000,250000,68195
ORD07600,2025-03-17,South,Priya,Electronics,Monitor,2,12000,24000,6831
ORD07601,2025-06-17,South,Priya,Electronics,Monitor,19,12000,228000,56379
ORD07602,2025-11-17,West,Meena,Electronics,Laptop,2,50000,100000,10927
ORD07603,2025-01-29,North,Raj,Electronics,Mobile,10,20000,200000,48673
ORD07604,2025-10-11,East,Arun,Electronics,Laptop,2,50000,100000,10946
ORD07605,2025-10-15,South,Karthik,Electronics,Laptop,18,50000,900000,180491
ORD07606,2025-09-20,South,Karthik,Furniture,Chair,18,3000,54000,6790
ORD07607,2025-02-06,East,Arun,Electronics,Laptop,9,50000,450000,101089
ORD07608,2025-08-15,South,Karthik,Furniture,Table,20,8000,160000,31081
ORD07609,2025-03-13,West,Meena,Furniture,Table,3,8000,24000,5888
ORD07610,2025-08-16,West,Rahul,Furniture,Table,1,8000,8000,1952
ORD07611,2025-04-29,East,Suresh,Electronics,Laptop,10,50000,500000,55047
ORD07612,2025-01-18,West,Sneha,Furniture,Table,17,8000,136000,39304
ORD07613,2025-07-12,North,Amit,Electronics,Laptop,7,50000,350000,94388
ORD07614,2025-03-15,South,Karthik,Furniture,Sofa,11,25000,275000,74471
ORD07615,2025-09-06,North,Amit,Furniture,Sofa,9,25000,225000,37838
ORD07616,2025-06-22,West,Sneha,Furniture,Sofa,16,25000,400000,117080
ORD07617,2025-01-17,South,Priya,Furniture,Table,9,8000,72000,19896
ORD07618,2025-01-02,East,Riya,Electronics,Mobile,13,20000,260000,43021
ORD07619,2025-03-18,North,Amit,Furniture,Table,2,8000,16000,3053
ORD07620,2025-03-02,North,Vikram,Furniture,Table,10,8000,80000,21517
ORD07621,2025-06-02,North,Vikram,Furniture,Sofa,3,25000,75000,9875
ORD07622,2025-09-29,South,Priya,Furniture,Sofa,11,25000,275000,80287
ORD07623,2025-01-21,West,Sneha,Electronics,Mobile,13,20000,260000,43353
ORD07624,2025-08-16,South,Anita,Electronics,Mobile,1,20000,20000,3044
ORD07625,2025-04-13,South,Priya,Electronics,Laptop,20,50000,1000000,174544
ORD07626,2025-10-26,West,Sneha,Electronics,Monitor,4,12000,48000,10860
ORD07627,2025-05-29,South,Anita,Electronics,Laptop,14,50000,700000,76453
ORD07628,2025-01-09,West,Rahul,Electronics,Monitor,14,12000,168000,33471
ORD07629,2025-05-16,East,Suresh,Electronics,Mobile,4,20000,80000,9185
ORD07630,2025-05-21,East,Suresh,Furniture,Table,13,8000,104000,14204
ORD07631,2025-12-03,North,Amit,Electronics,Laptop,14,50000,700000,192545
ORD07632,2025-06-05,East,Riya,Furniture,Chair,2,3000,6000,838
ORD07633,2025-12-30,North,Amit,Furniture,Table,17,8000,136000,17114
ORD07634,2025-11-05,South,Anita,Furniture,Chair,2,3000,6000,1291
ORD07635,2025-01-05,South,Anita,Furniture,Sofa,16,25000,400000,86640
ORD07636,2025-03-06,West,Meena,Furniture,Sofa,2,25000,50000,10916
ORD07637,2025-11-14,South,Anita,Furniture,Chair,5,3000,15000,3444
ORD07638,2025-07-23,East,Arun,Furniture,Table,20,8000,160000,45474
ORD07639,2025-09-10,South,Karthik,Furniture,Sofa,14,25000,350000,86025
ORD07640,2025-11-19,East,Arun,Furniture,Chair,14,3000,42000,8250
ORD07641,2025-08-25,South,Anita,Electronics,Laptop,19,50000,950000,133375
ORD07642,2025-05-15,West,Rahul,Furniture,Sofa,16,25000,400000,95809
ORD07643,2025-01-29,South,Anita,Furniture,Sofa,1,25000,25000,2641
ORD07644,2025-09-03,West,Rahul,Furniture,Table,3,8000,24000,6118
ORD07645,2025-04-13,South,Anita,Electronics,Mobile,9,20000,180000,51506
ORD07646,2025-10-05,South,Karthik,Electronics,Laptop,1,50000,50000,8893
ORD07647,2025-10-04,North,Raj,Electronics,Laptop,17,50000,850000,195472
ORD07648,2025-09-11,East,Arun,Electronics,Monitor,16,12000,192000,27941
ORD07649,2025-01-07,West,Rahul,Furniture,Chair,14,3000,42000,10163
ORD07650,2025-12-16,South,Karthik,Electronics,Laptop,1,50000,50000,7000
ORD07651,2025-01-26,East,Riya,Electronics,Mobile,2,20000,40000,4642
ORD07652,2025-10-28,North,Vikram,Furniture,Table,12,8000,96000,11169
ORD07653,2025-07-23,South,Karthik,Electronics,Monitor,19,12000,228000,30818
ORD07654,2025-01-28,East,Arun,Electronics,Mobile,2,20000,40000,4167
ORD07655,2025-05-08,East,Arun,Furniture,Sofa,19,25000,475000,71860
ORD07656,2025-10-15,North,Vikram,Furniture,Sofa,14,25000,350000,40911
ORD07657,2025-09-01,North,Vikram,Furniture,Chair,18,3000,54000,12294
ORD07658,2025-07-29,West,Meena,Furniture,Sofa,3,25000,75000,19147
ORD07659,2025-11-18,North,Amit,Furniture,Table,11,8000,88000,21818
ORD07660,2025-09-09,West,Rahul,Furniture,Table,1,8000,8000,1944
ORD07661,2025-05-29,West,Rahul,Furniture,Table,18,8000,144000,32552
ORD07662,2025-04-09,North,Amit,Furniture,Chair,12,3000,36000,7012
ORD07663,2025-09-27,North,Raj,Furniture,Chair,6,3000,18000,4204
ORD07664,2025-05-25,West,Sneha,Furniture,Chair,16,3000,48000,7161
ORD07665,2025-09-06,North,Raj,Furniture,Sofa,2,25000,50000,14572
ORD07666,2025-08-08,East,Arun,Electronics,Monitor,2,12000,24000,6079
ORD07667,2025-01-18,West,Sneha,Electronics,Laptop,13,50000,650000,129397
ORD07668,2025-01-12,North,Amit,Furniture,Sofa,17,25000,425000,82691
ORD07669,2025-11-25,West,Meena,Electronics,Mobile,5,20000,100000,11318
ORD07670,2025-05-14,South,Anita,Furniture,Sofa,10,25000,250000,54669
ORD07671,2025-09-21,South,Karthik,Electronics,Laptop,12,50000,600000,140325
ORD07672,2025-11-10,West,Rahul,Electronics,Monitor,1,12000,12000,1425
ORD07673,2025-11-21,North,Vikram,Furniture,Chair,15,3000,45000,12879
ORD07674,2025-01-13,West,Rahul,Electronics,Monitor,8,12000,96000,10792
ORD07675,2025-09-23,North,Raj,Electronics,Laptop,16,50000,800000,222911
ORD07676,2025-07-30,South,Karthik,Furniture,Sofa,10,25000,250000,53016
ORD07677,2025-12-28,South,Anita,Electronics,Monitor,4,12000,48000,7739
ORD07678,2025-12-16,West,Meena,Electronics,Monitor,17,12000,204000,55108
ORD07679,2025-02-12,East,Suresh,Furniture,Sofa,6,25000,150000,30922
ORD07680,2025-06-22,South,Priya,Furniture,Sofa,1,25000,25000,6693
ORD07681,2025-09-07,South,Karthik,Electronics,Mobile,15,20000,300000,58517
ORD07682,2025-10-07,West,Sneha,Electronics,Laptop,2,50000,100000,28699
ORD07683,2025-08-09,East,Riya,Furniture,Chair,3,3000,9000,1556
ORD07684,2025-03-20,East,Suresh,Electronics,Mobile,1,20000,20000,5968
ORD07685,2025-07-31,South,Priya,Furniture,Table,17,8000,136000,37650
ORD07686,2025-10-30,South,Karthik,Electronics,Laptop,12,50000,600000,136911
ORD07687,2025-10-10,South,Anita,Electronics,Monitor,13,12000,156000,41057
ORD07688,2025-08-28,East,Suresh,Furniture,Chair,18,3000,54000,11267
ORD07689,2025-02-22,North,Amit,Electronics,Monitor,3,12000,36000,8521
ORD07690,2025-02-13,West,Meena,Furniture,Sofa,20,25000,500000,90375
ORD07691,2025-08-21,West,Meena,Furniture,Chair,1,3000,3000,564
ORD07692,2025-01-14,West,Sneha,Electronics,Monitor,2,12000,24000,4652
ORD07693,2025-10-16,East,Arun,Electronics,Mobile,7,20000,140000,16406
ORD07694,2025-04-15,North,Raj,Furniture,Sofa,17,25000,425000,103564
ORD07695,2025-04-12,East,Arun,Furniture,Chair,14,3000,42000,11960
ORD07696,2025-10-14,North,Amit,Electronics,Monitor,14,12000,168000,29714
ORD07697,2025-10-21,West,Rahul,Electronics,Laptop,9,50000,450000,107650
ORD07698,2025-01-25,West,Sneha,Electronics,Mobile,11,20000,220000,63741
ORD07699,2025-08-22,North,Raj,Furniture,Sofa,3,25000,75000,7827
ORD07700,2025-02-22,South,Karthik,Furniture,Table,5,8000,40000,10832
ORD07701,2025-10-20,North,Vikram,Electronics,Laptop,17,50000,850000,207451
ORD07702,2025-10-20,North,Raj,Furniture,Sofa,1,25000,25000,4577
ORD07703,2025-10-17,West,Meena,Furniture,Sofa,14,25000,350000,75541
ORD07704,2025-05-15,East,Arun,Electronics,Laptop,19,50000,950000,180582
ORD07705,2025-10-13,East,Riya,Electronics,Mobile,5,20000,100000,12885
ORD07706,2025-07-30,South,Anita,Furniture,Table,18,8000,144000,31771
ORD07707,2025-09-22,North,Raj,Electronics,Mobile,12,20000,240000,68044
ORD07708,2025-05-04,North,Amit,Furniture,Chair,8,3000,24000,4041
ORD07709,2025-10-29,West,Sneha,Electronics,Laptop,16,50000,800000,120471
ORD07710,2025-05-18,West,Sneha,Electronics,Laptop,19,50000,950000,152731
ORD07711,2025-08-03,East,Arun,Electronics,Mobile,12,20000,240000,42518
ORD07712,2025-02-26,North,Raj,Electronics,Laptop,18,50000,900000,207372
ORD07713,2025-05-03,South,Karthik,Electronics,Mobile,2,20000,40000,4743
ORD07714,2025-06-02,East,Riya,Electronics,Mobile,8,20000,160000,42225
ORD07715,2025-05-29,East,Arun,Furniture,Sofa,10,25000,250000,39094
ORD07716,2025-04-28,South,Priya,Electronics,Monitor,2,12000,24000,4787
ORD07717,2025-05-13,East,Arun,Electronics,Laptop,8,50000,400000,96992
ORD07718,2025-08-25,West,Meena,Electronics,Monitor,18,12000,216000,28500
ORD07719,2025-02-17,South,Priya,Electronics,Monitor,15,12000,180000,44463
ORD07720,2025-04-23,South,Karthik,Furniture,Sofa,13,25000,325000,47191
ORD07721,2025-03-05,North,Raj,Electronics,Monitor,16,12000,192000,46041
ORD07722,2025-09-07,East,Arun,Electronics,Monitor,1,12000,12000,2293
ORD07723,2025-06-29,North,Amit,Furniture,Chair,7,3000,21000,3416
ORD07724,2025-05-22,East,Arun,Furniture,Sofa,2,25000,50000,14179
ORD07725,2025-05-09,South,Anita,Furniture,Table,7,8000,56000,8651
ORD07726,2025-09-08,East,Suresh,Electronics,Mobile,13,20000,260000,42575
ORD07727,2025-11-11,West,Meena,Electronics,Mobile,20,20000,400000,84152
ORD07728,2025-07-04,North,Raj,Furniture,Chair,8,3000,24000,6133
ORD07729,2025-10-24,West,Sneha,Furniture,Sofa,1,25000,25000,4313
ORD07730,2025-09-29,South,Anita,Furniture,Sofa,18,25000,450000,77875
ORD07731,2025-12-28,North,Raj,Furniture,Sofa,8,25000,200000,46436
ORD07732,2025-02-25,South,Priya,Furniture,Sofa,15,25000,375000,80824
ORD07733,2025-05-09,South,Priya,Electronics,Monitor,18,12000,216000,63170
ORD07734,2025-03-19,North,Amit,Furniture,Chair,6,3000,18000,4998
ORD07735,2025-10-30,North,Amit,Electronics,Monitor,12,12000,144000,28785
ORD07736,2025-06-28,South,Karthik,Electronics,Mobile,7,20000,140000,36267
ORD07737,2025-05-26,East,Suresh,Furniture,Chair,19,3000,57000,9344
ORD07738,2025-01-19,South,Karthik,Furniture,Sofa,18,25000,450000,108751
ORD07739,2025-08-27,North,Raj,Electronics,Monitor,4,12000,48000,5857
ORD07740,2025-05-05,West,Meena,Furniture,Chair,3,3000,9000,1469
ORD07741,2025-09-27,West,Rahul,Furniture,Chair,20,3000,60000,14514
ORD07742,2025-10-12,South,Priya,Electronics,Monitor,7,12000,84000,23602
ORD07743,2025-04-11,East,Riya,Furniture,Chair,3,3000,9000,1325
ORD07744,2025-02-15,North,Vikram,Electronics,Monitor,19,12000,228000,51994
ORD07745,2025-04-04,North,Amit,Electronics,Laptop,7,50000,350000,64445
ORD07746,2025-10-02,North,Amit,Electronics,Mobile,10,20000,200000,48465
ORD07747,2025-03-25,West,Sneha,Electronics,Mobile,7,20000,140000,31698
ORD07748,2025-02-08,West,Rahul,Electronics,Monitor,10,12000,120000,18787
ORD07749,2025-07-24,East,Riya,Electronics,Monitor,2,12000,24000,3771
ORD07750,2025-10-04,West,Sneha,Electronics,Monitor,4,12000,48000,10729
ORD07751,2025-04-15,North,Amit,Furniture,Table,4,8000,32000,5077
ORD07752,2025-10-19,South,Karthik,Furniture,Table,1,8000,8000,1604
ORD07753,2025-04-11,South,Anita,Electronics,Laptop,5,50000,250000,56136
ORD07754,2025-12-19,West,Rahul,Electronics,Monitor,6,12000,72000,17184
ORD07755,2025-10-30,North,Vikram,Furniture,Sofa,13,25000,325000,34088
ORD07756,2025-05-23,East,Arun,Furniture,Sofa,5,25000,125000,13124
ORD07757,2025-09-06,East,Riya,Furniture,Chair,3,3000,9000,2535
ORD07758,2025-11-03,South,Priya,Furniture,Sofa,10,25000,250000,55998
ORD07759,2025-03-17,North,Vikram,Electronics,Laptop,12,50000,600000,141286
ORD07760,2025-07-13,South,Karthik,Furniture,Sofa,3,25000,75000,21188
ORD07761,2025-12-10,North,Vikram,Furniture,Sofa,10,25000,250000,42005
ORD07762,2025-07-10,North,Raj,Electronics,Mobile,6,20000,120000,19747
ORD07763,2025-07-25,South,Karthik,Furniture,Chair,6,3000,18000,4976
ORD07764,2025-10-15,North,Vikram,Electronics,Monitor,9,12000,108000,13397
ORD07765,2025-02-16,North,Vikram,Furniture,Table,7,8000,56000,9759
ORD07766,2025-10-25,West,Meena,Furniture,Chair,7,3000,21000,4871
ORD07767,2025-03-16,East,Arun,Electronics,Monitor,4,12000,48000,9334
ORD07768,2025-07-11,North,Raj,Furniture,Sofa,13,25000,325000,57055
ORD07769,2025-07-06,East,Suresh,Electronics,Laptop,13,50000,650000,82525
ORD07770,2025-05-08,East,Suresh,Electronics,Mobile,20,20000,400000,84178
ORD07771,2025-12-17,South,Priya,Furniture,Table,14,8000,112000,15314
ORD07772,2025-06-15,East,Suresh,Electronics,Monitor,11,12000,132000,18387
ORD07773,2025-10-26,South,Anita,Electronics,Laptop,10,50000,500000,53282
ORD07774,2025-07-28,East,Riya,Furniture,Chair,8,3000,24000,3313
ORD07775,2025-04-12,East,Riya,Furniture,Chair,4,3000,12000,1911
ORD07776,2025-02-12,East,Arun,Electronics,Monitor,1,12000,12000,2911
ORD07777,2025-09-23,West,Sneha,Furniture,Table,5,8000,40000,10417
ORD07778,2025-04-09,North,Raj,Electronics,Mobile,1,20000,20000,5469
ORD07779,2025-09-13,West,Sneha,Electronics,Mobile,20,20000,400000,92012
ORD07780,2025-08-21,North,Raj,Furniture,Table,16,8000,128000,17436
ORD07781,2025-09-06,South,Anita,Electronics,Laptop,15,50000,750000,109412
ORD07782,2025-02-21,South,Karthik,Furniture,Chair,16,3000,48000,13409
ORD07783,2025-04-25,West,Sneha,Electronics,Laptop,16,50000,800000,109609
ORD07784,2025-01-25,South,Anita,Furniture,Sofa,13,25000,325000,70062
ORD07785,2025-03-08,North,Vikram,Furniture,Table,19,8000,152000,27464
ORD07786,2025-10-04,North,Raj,Electronics,Laptop,12,50000,600000,74832
ORD07787,2025-05-12,South,Priya,Electronics,Mobile,2,20000,40000,11379
ORD07788,2025-12-21,West,Meena,Electronics,Laptop,20,50000,1000000,116815
ORD07789,2025-03-17,South,Karthik,Electronics,Mobile,5,20000,100000,10697
ORD07790,2025-12-05,North,Vikram,Furniture,Sofa,11,25000,275000,43055
ORD07791,2025-11-21,West,Sneha,Electronics,Monitor,16,12000,192000,41353
ORD07792,2025-02-04,West,Meena,Electronics,Laptop,1,50000,50000,13735
ORD07793,2025-08-21,East,Arun,Electronics,Laptop,12,50000,600000,121435
ORD07794,2025-12-15,South,Anita,Furniture,Sofa,12,25000,300000,57681
ORD07795,2025-12-21,North,Vikram,Electronics,Laptop,19,50000,950000,251190
ORD07796,2025-07-10,West,Meena,Electronics,Monitor,7,12000,84000,20368
ORD07797,2025-01-28,North,Vikram,Electronics,Monitor,9,12000,108000,20919
ORD07798,2025-08-22,South,Karthik,Electronics,Monitor,7,12000,84000,18502
ORD07799,2025-09-24,South,Priya,Electronics,Laptop,6,50000,300000,55720
ORD07800,2025-10-23,East,Arun,Electronics,Laptop,19,50000,950000,134069
ORD07801,2025-11-17,West,Rahul,Furniture,Chair,15,3000,45000,12132
ORD07802,2025-01-05,South,Anita,Electronics,Laptop,9,50000,450000,64946
ORD07803,2025-06-06,South,Karthik,Electronics,Mobile,17,20000,340000,78263
ORD07804,2025-10-11,West,Meena,Furniture,Sofa,12,25000,300000,30774
ORD07805,2025-07-11,North,Vikram,Furniture,Chair,12,3000,36000,9141
ORD07806,2025-02-02,North,Vikram,Furniture,Chair,16,3000,48000,6626
ORD07807,2025-08-13,North,Raj,Electronics,Laptop,15,50000,750000,100508
ORD07808,2025-06-19,South,Priya,Electronics,Mobile,16,20000,320000,54283
ORD07809,2025-11-11,North,Vikram,Electronics,Laptop,1,50000,50000,5161
ORD07810,2025-12-22,North,Raj,Furniture,Sofa,8,25000,200000,32134
ORD07811,2025-03-26,North,Vikram,Furniture,Table,8,8000,64000,11700
ORD07812,2025-06-16,West,Rahul,Furniture,Table,20,8000,160000,34352
ORD07813,2025-09-26,South,Priya,Electronics,Monitor,19,12000,228000,61264
ORD07814,2025-06-20,West,Rahul,Furniture,Sofa,14,25000,350000,71124
ORD07815,2025-08-08,West,Rahul,Furniture,Table,4,8000,32000,5663
ORD07816,2025-03-31,West,Sneha,Electronics,Laptop,18,50000,900000,152484
ORD07817,2025-12-22,North,Vikram,Electronics,Laptop,13,50000,650000,139543
ORD07818,2025-10-21,North,Vikram,Furniture,Table,15,8000,120000,19800
ORD07819,2025-05-14,North,Raj,Electronics,Laptop,15,50000,750000,127408
ORD07820,2025-12-28,West,Rahul,Electronics,Laptop,12,50000,600000,147730
ORD07821,2025-02-11,East,Arun,Electronics,Laptop,11,50000,550000,84350
ORD07822,2025-07-03,South,Karthik,Electronics,Monitor,20,12000,240000,54942
ORD07823,2025-02-15,South,Anita,Electronics,Monitor,13,12000,156000,41698
ORD07824,2025-05-19,South,Priya,Furniture,Chair,16,3000,48000,5212
ORD07825,2025-11-05,East,Suresh,Furniture,Sofa,3,25000,75000,8360
ORD07826,2025-06-13,North,Raj,Electronics,Laptop,1,50000,50000,7927
ORD07827,2025-04-20,South,Anita,Electronics,Mobile,17,20000,340000,71788
ORD07828,2025-04-03,North,Vikram,Furniture,Chair,2,3000,6000,1670
ORD07829,2025-07-20,North,Amit,Furniture,Sofa,12,25000,300000,31236
ORD07830,2025-10-26,East,Riya,Electronics,Mobile,14,20000,280000,30122
ORD07831,2025-11-27,West,Sneha,Furniture,Chair,7,3000,21000,5613
ORD07832,2025-07-29,East,Riya,Electronics,Monitor,20,12000,240000,51279
ORD07833,2025-09-14,North,Raj,Electronics,Laptop,1,50000,50000,11185
ORD07834,2025-09-22,West,Meena,Furniture,Chair,10,3000,30000,4304
ORD07835,2025-09-20,South,Anita,Furniture,Chair,16,3000,48000,5862
ORD07836,2025-12-13,West,Meena,Furniture,Chair,15,3000,45000,9898
ORD07837,2025-10-21,West,Rahul,Furniture,Sofa,13,25000,325000,74355
ORD07838,2025-01-01,North,Raj,Electronics,Laptop,17,50000,850000,107272
ORD07839,2025-06-03,East,Riya,Electronics,Monitor,16,12000,192000,52092
ORD07840,2025-04-22,North,Vikram,Furniture,Table,16,8000,128000,36912
ORD07841,2025-10-05,South,Anita,Furniture,Chair,18,3000,54000,8690
ORD07842,2025-09-09,South,Anita,Furniture,Table,12,8000,96000,21358
ORD07843,2025-06-11,West,Meena,Electronics,Laptop,19,50000,950000,201265
ORD07844,2025-03-09,West,Sneha,Furniture,Chair,11,3000,33000,9424
ORD07845,2025-08-27,West,Meena,Electronics,Mobile,8,20000,160000,43458
ORD07846,2025-09-06,South,Priya,Electronics,Monitor,12,12000,144000,32683
ORD07847,2025-04-12,West,Meena,Electronics,Monitor,4,12000,48000,8178
ORD07848,2025-05-03,South,Karthik,Furniture,Chair,18,3000,54000,15497
ORD07849,2025-10-18,North,Amit,Furniture,Chair,13,3000,39000,8421
ORD07850,2025-12-05,North,Raj,Furniture,Sofa,7,25000,175000,44036
ORD07851,2025-03-16,North,Amit,Furniture,Sofa,14,25000,350000,49181
ORD07852,2025-09-13,West,Rahul,Electronics,Mobile,17,20000,340000,71154
ORD07853,2025-04-22,South,Priya,Electronics,Monitor,8,12000,96000,26540
ORD07854,2025-07-29,West,Sneha,Electronics,Monitor,15,12000,180000,21474
ORD07855,2025-02-20,East,Riya,Electronics,Monitor,5,12000,60000,7225
ORD07856,2025-02-22,West,Rahul,Electronics,Laptop,11,50000,550000,91708
ORD07857,2025-06-26,South,Anita,Electronics,Monitor,8,12000,96000,14857
ORD07858,2025-12-23,East,Riya,Electronics,Laptop,20,50000,1000000,255758
ORD07859,2025-07-21,East,Arun,Furniture,Table,16,8000,128000,25367
ORD07860,2025-12-02,West,Rahul,Furniture,Sofa,9,25000,225000,40330
ORD07861,2025-01-04,North,Amit,Electronics,Monitor,11,12000,132000,38855
ORD07862,2025-04-04,North,Raj,Furniture,Sofa,3,25000,75000,9795
ORD07863,2025-04-02,North,Raj,Furniture,Table,5,8000,40000,9974
ORD07864,2025-04-20,East,Suresh,Electronics,Laptop,1,50000,50000,8200
ORD07865,2025-07-05,West,Meena,Electronics,Mobile,13,20000,260000,36487
ORD07866,2025-09-06,West,Meena,Electronics,Monitor,14,12000,168000,33192
ORD07867,2025-12-03,South,Anita,Furniture,Table,19,8000,152000,24313
ORD07868,2025-12-04,West,Meena,Furniture,Table,19,8000,152000,15664
ORD07869,2025-10-31,North,Raj,Electronics,Mobile,6,20000,120000,22604
ORD07870,2025-07-04,South,Anita,Furniture,Chair,18,3000,54000,16096
ORD07871,2025-08-03,South,Karthik,Furniture,Sofa,1,25000,25000,3252
ORD07872,2025-09-10,East,Suresh,Furniture,Sofa,16,25000,400000,61443
ORD07873,2025-10-03,North,Vikram,Electronics,Mobile,20,20000,400000,92151
ORD07874,2025-01-29,North,Vikram,Furniture,Chair,18,3000,54000,14250
ORD07875,2025-03-07,East,Arun,Electronics,Laptop,5,50000,250000,31590
ORD07876,2025-12-29,South,Karthik,Electronics,Monitor,2,12000,24000,6901
ORD07877,2025-12-24,South,Priya,Furniture,Chair,3,3000,9000,1559
ORD07878,2025-12-05,West,Rahul,Electronics,Laptop,15,50000,750000,167719
ORD07879,2025-08-22,East,Riya,Electronics,Mobile,6,20000,120000,21801
ORD07880,2025-12-16,South,Priya,Furniture,Sofa,2,25000,50000,7619
ORD07881,2025-10-08,South,Priya,Electronics,Mobile,19,20000,380000,38826
ORD07882,2025-07-17,West,Sneha,Furniture,Chair,17,3000,51000,12539
ORD07883,2025-07-01,South,Priya,Electronics,Laptop,6,50000,300000,37190
ORD07884,2025-04-09,East,Arun,Electronics,Mobile,19,20000,380000,59808
ORD07885,2025-11-15,West,Rahul,Furniture,Sofa,16,25000,400000,83149
ORD07886,2025-01-14,East,Arun,Furniture,Chair,15,3000,45000,10594
ORD07887,2025-08-08,South,Karthik,Electronics,Mobile,16,20000,320000,74505
ORD07888,2025-05-09,North,Raj,Electronics,Monitor,17,12000,204000,51026
ORD07889,2025-02-07,North,Amit,Furniture,Table,6,8000,48000,9702
ORD07890,2025-01-10,South,Karthik,Electronics,Laptop,12,50000,600000,164585
ORD07891,2025-11-03,North,Vikram,Furniture,Chair,18,3000,54000,8390
ORD07892,2025-06-10,North,Vikram,Electronics,Monitor,9,12000,108000,12662
ORD07893,2025-11-06,West,Meena,Electronics,Monitor,16,12000,192000,30467
ORD07894,2025-01-28,South,Priya,Furniture,Chair,4,3000,12000,2025
ORD07895,2025-06-03,West,Meena,Furniture,Chair,19,3000,57000,6613
ORD07896,2025-05-24,West,Sneha,Electronics,Monitor,14,12000,168000,17915
ORD07897,2025-05-28,West,Rahul,Electronics,Laptop,17,50000,850000,113611
ORD07898,2025-11-11,North,Raj,Electronics,Mobile,18,20000,360000,60410
ORD07899,2025-02-16,East,Arun,Electronics,Mobile,15,20000,300000,40265
ORD07900,2025-10-05,West,Meena,Electronics,Monitor,16,12000,192000,36985
ORD07901,2025-10-15,South,Karthik,Electronics,Monitor,10,12000,120000,23801
ORD07902,2025-11-08,North,Vikram,Furniture,Sofa,15,25000,375000,43157
ORD07903,2025-08-26,South,Anita,Furniture,Sofa,12,25000,300000,31933
ORD07904,2025-05-15,South,Priya,Electronics,Monitor,19,12000,228000,62410
ORD07905,2025-10-15,South,Anita,Furniture,Chair,20,3000,60000,17988
ORD07906,2025-07-08,North,Raj,Furniture,Table,9,8000,72000,16396
ORD07907,2025-03-19,West,Meena,Electronics,Laptop,19,50000,950000,184319
ORD07908,2025-09-13,North,Amit,Electronics,Monitor,19,12000,228000,24006
ORD07909,2025-03-22,South,Priya,Electronics,Monitor,20,12000,240000,61074
ORD07910,2025-01-06,South,Karthik,Electronics,Laptop,1,50000,50000,6164
ORD07911,2025-04-02,North,Raj,Furniture,Table,15,8000,120000,17161
ORD07912,2025-10-09,South,Karthik,Electronics,Monitor,14,12000,168000,24121
ORD07913,2025-04-24,North,Amit,Electronics,Monitor,10,12000,120000,31811
ORD07914,2025-11-26,East,Arun,Electronics,Mobile,16,20000,320000,65359
ORD07915,2025-12-12,West,Rahul,Furniture,Table,18,8000,144000,18182
ORD07916,2025-08-08,East,Riya,Furniture,Chair,2,3000,6000,1231
ORD07917,2025-05-08,South,Priya,Furniture,Chair,7,3000,21000,4711
ORD07918,2025-06-23,South,Priya,Furniture,Chair,13,3000,39000,11225
ORD07919,2025-07-21,East,Suresh,Electronics,Mobile,9,20000,180000,33206
ORD07920,2025-01-20,South,Priya,Furniture,Sofa,12,25000,300000,57043
ORD07921,2025-05-30,North,Vikram,Electronics,Mobile,9,20000,180000,50398
ORD07922,2025-10-08,East,Arun,Electronics,Laptop,5,50000,250000,42898
ORD07923,2025-09-10,South,Karthik,Furniture,Sofa,13,25000,325000,36333
ORD07924,2025-12-06,East,Suresh,Electronics,Laptop,17,50000,850000,100126
ORD07925,2025-09-16,North,Amit,Furniture,Chair,8,3000,24000,4744
ORD07926,2025-12-14,West,Meena,Furniture,Sofa,20,25000,500000,60254
ORD07927,2025-03-19,South,Anita,Electronics,Monitor,19,12000,228000,61275
ORD07928,2025-09-07,South,Karthik,Electronics,Monitor,9,12000,108000,21010
ORD07929,2025-07-04,West,Meena,Electronics,Mobile,8,20000,160000,27122
ORD07930,2025-05-16,East,Riya,Furniture,Chair,13,3000,39000,5137
ORD07931,2025-11-10,South,Priya,Furniture,Table,10,8000,80000,21675
ORD07932,2025-07-05,West,Meena,Furniture,Table,20,8000,160000,17012
ORD07933,2025-08-08,North,Amit,Electronics,Monitor,9,12000,108000,17275
ORD07934,2025-03-29,West,Sneha,Electronics,Monitor,6,12000,72000,12978
ORD07935,2025-04-16,East,Riya,Furniture,Chair,11,3000,33000,4879
ORD07936,2025-06-28,East,Riya,Furniture,Sofa,7,25000,175000,23983
ORD07937,2025-04-12,South,Anita,Furniture,Chair,4,3000,12000,1993
ORD07938,2025-11-27,South,Priya,Electronics,Laptop,20,50000,1000000,210860
ORD07939,2025-07-08,South,Anita,Electronics,Monitor,4,12000,48000,9804
ORD07940,2025-08-22,West,Sneha,Electronics,Monitor,14,12000,168000,28686
ORD07941,2025-06-30,North,Raj,Electronics,Laptop,12,50000,600000,169691
ORD07942,2025-05-04,North,Vikram,Electronics,Monitor,11,12000,132000,39405
ORD07943,2025-03-30,East,Arun,Furniture,Sofa,14,25000,350000,75708
ORD07944,2025-11-16,North,Raj,Electronics,Mobile,6,20000,120000,28184
ORD07945,2025-04-15,North,Amit,Furniture,Table,3,8000,24000,3786
ORD07946,2025-10-09,North,Amit,Electronics,Monitor,8,12000,96000,24999
ORD07947,2025-08-28,East,Suresh,Electronics,Monitor,6,12000,72000,15547
ORD07948,2025-05-25,South,Karthik,Furniture,Table,14,8000,112000,25966
ORD07949,2025-09-18,West,Rahul,Furniture,Sofa,19,25000,475000,55080
ORD07950,2025-06-12,East,Suresh,Furniture,Sofa,20,25000,500000,71666
ORD07951,2025-10-13,South,Anita,Furniture,Chair,16,3000,48000,8365
ORD07952,2025-10-03,South,Anita,Electronics,Laptop,3,50000,150000,31249
ORD07953,2025-01-07,South,Priya,Electronics,Mobile,20,20000,400000,66775
ORD07954,2025-03-25,West,Sneha,Furniture,Chair,17,3000,51000,8226
ORD07955,2025-09-03,East,Arun,Furniture,Table,1,8000,8000,808
ORD07956,2025-02-21,East,Riya,Furniture,Table,11,8000,88000,15085
ORD07957,2025-12-29,South,Karthik,Furniture,Chair,18,3000,54000,10164
ORD07958,2025-11-21,West,Rahul,Furniture,Chair,19,3000,57000,6073
ORD07959,2025-10-05,South,Priya,Furniture,Sofa,18,25000,450000,127370
ORD07960,2025-12-05,South,Anita,Electronics,Laptop,16,50000,800000,144238
ORD07961,2025-01-03,South,Karthik,Furniture,Table,14,8000,112000,19858
ORD07962,2025-03-03,South,Karthik,Electronics,Monitor,3,12000,36000,7288
ORD07963,2025-02-04,South,Anita,Furniture,Chair,19,3000,57000,16102
ORD07964,2025-12-09,East,Suresh,Furniture,Sofa,19,25000,475000,141386
ORD07965,2025-07-08,South,Priya,Furniture,Table,6,8000,48000,11590
ORD07966,2025-03-16,West,Sneha,Electronics,Monitor,10,12000,120000,31163
ORD07967,2025-02-03,East,Riya,Electronics,Laptop,6,50000,300000,67228
ORD07968,2025-11-23,East,Riya,Electronics,Monitor,20,12000,240000,41972
ORD07969,2025-04-03,North,Amit,Electronics,Monitor,3,12000,36000,10274
ORD07970,2025-03-16,South,Anita,Electronics,Mobile,16,20000,320000,67250
ORD07971,2025-01-11,East,Arun,Electronics,Mobile,6,20000,120000,24347
ORD07972,2025-05-06,South,Anita,Furniture,Table,15,8000,120000,18428
ORD07973,2025-10-06,West,Rahul,Furniture,Chair,20,3000,60000,17238
ORD07974,2025-07-28,East,Suresh,Furniture,Chair,20,3000,60000,8665
ORD07975,2025-02-03,South,Priya,Electronics,Monitor,11,12000,132000,33246
ORD07976,2025-07-26,East,Arun,Electronics,Laptop,18,50000,900000,252436
ORD07977,2025-11-08,North,Vikram,Electronics,Laptop,13,50000,650000,119011
ORD07978,2025-06-30,East,Suresh,Furniture,Chair,11,3000,33000,5628
ORD07979,2025-02-11,West,Rahul,Electronics,Mobile,9,20000,180000,22698
ORD07980,2025-11-30,East,Riya,Furniture,Sofa,5,25000,125000,26576
ORD07981,2025-02-22,North,Amit,Electronics,Laptop,15,50000,750000,125221
ORD07982,2025-05-08,South,Anita,Furniture,Chair,9,3000,27000,3683
ORD07983,2025-02-26,North,Raj,Furniture,Sofa,6,25000,150000,24039
ORD07984,2025-10-09,North,Amit,Furniture,Table,3,8000,24000,2642
ORD07985,2025-08-29,South,Karthik,Electronics,Monitor,7,12000,84000,16424
ORD07986,2025-07-21,East,Riya,Electronics,Mobile,19,20000,380000,67890
ORD07987,2025-08-07,East,Suresh,Furniture,Sofa,5,25000,125000,30582
ORD07988,2025-10-21,South,Karthik,Electronics,Monitor,13,12000,156000,31505
ORD07989,2025-10-10,North,Vikram,Electronics,Mobile,6,20000,120000,12730
ORD07990,2025-11-18,North,Vikram,Furniture,Table,1,8000,8000,2319
ORD07991,2025-01-08,West,Meena,Furniture,Table,10,8000,80000,16361
ORD07992,2025-03-31,East,Suresh,Furniture,Table,11,8000,88000,23199
ORD07993,2025-03-18,East,Suresh,Furniture,Table,17,8000,136000,24851
ORD07994,2025-05-12,North,Amit,Electronics,Monitor,14,12000,168000,24159
ORD07995,2025-02-22,South,Karthik,Furniture,Sofa,18,25000,450000,73572
ORD07996,2025-06-23,South,Priya,Furniture,Sofa,4,25000,100000,27481
ORD07997,2025-06-04,West,Sneha,Furniture,Table,5,8000,40000,9179
ORD07998,2025-12-13,West,Sneha,Electronics,Mobile,18,20000,360000,42195
ORD07999,2025-03-25,East,Arun,Furniture,Sofa,12,25000,300000,53866
ORD08000,2025-07-04,North,Amit,Furniture,Sofa,11,25000,275000,59334
ORD08001,2025-10-20,South,Anita,Furniture,Chair,4,3000,12000,2818
ORD08002,2025-06-06,South,Anita,Furniture,Chair,11,3000,33000,8893
ORD08003,2025-10-21,West,Sneha,Furniture,Table,12,8000,96000,20184
ORD08004,2025-11-26,East,Arun,Furniture,Chair,3,3000,9000,2360
ORD08005,2025-02-20,South,Anita,Furniture,Sofa,7,25000,175000,32965
ORD08006,2025-08-24,South,Anita,Electronics,Laptop,14,50000,700000,101998
ORD08007,2025-10-31,North,Raj,Furniture,Table,15,8000,120000,15788
ORD08008,2025-04-16,East,Suresh,Electronics,Mobile,20,20000,400000,91661
ORD08009,2025-02-18,South,Priya,Furniture,Sofa,13,25000,325000,92038
ORD08010,2025-04-08,South,Karthik,Electronics,Laptop,13,50000,650000,68419
ORD08011,2025-08-11,North,Amit,Electronics,Mobile,6,20000,120000,13475
ORD08012,2025-10-18,West,Rahul,Electronics,Monitor,11,12000,132000,28490
ORD08013,2025-02-26,North,Amit,Electronics,Laptop,7,50000,350000,98572
ORD08014,2025-01-03,North,Amit,Furniture,Sofa,6,25000,150000,17239
ORD08015,2025-06-17,West,Meena,Electronics,Laptop,8,50000,400000,47688
ORD08016,2025-11-02,West,Meena,Furniture,Chair,11,3000,33000,9826
ORD08017,2025-11-19,South,Anita,Electronics,Mobile,11,20000,220000,47429
ORD08018,2025-12-21,North,Vikram,Furniture,Chair,20,3000,60000,8183
ORD08019,2025-01-04,East,Riya,Furniture,Sofa,18,25000,450000,73246
ORD08020,2025-08-12,South,Karthik,Furniture,Sofa,6,25000,150000,27063
ORD08021,2025-04-29,North,Raj,Furniture,Chair,12,3000,36000,5320
ORD08022,2025-10-20,West,Meena,Furniture,Table,12,8000,96000,23252
ORD08023,2025-10-29,West,Sneha,Furniture,Chair,3,3000,9000,1624
ORD08024,2025-01-02,North,Raj,Electronics,Laptop,18,50000,900000,150598
ORD08025,2025-07-18,North,Amit,Furniture,Table,16,8000,128000,21069
ORD08026,2025-08-07,West,Rahul,Furniture,Table,5,8000,40000,7505
ORD08027,2025-09-17,West,Sneha,Electronics,Laptop,7,50000,350000,50722
ORD08028,2025-04-20,South,Priya,Furniture,Sofa,19,25000,475000,49116
ORD08029,2025-08-12,East,Arun,Furniture,Sofa,9,25000,225000,42263
ORD08030,2025-05-21,North,Amit,Electronics,Laptop,9,50000,450000,100186
ORD08031,2025-06-24,North,Amit,Electronics,Laptop,4,50000,200000,46282
ORD08032,2025-07-01,West,Sneha,Electronics,Mobile,18,20000,360000,91762
ORD08033,2025-12-12,South,Karthik,Electronics,Monitor,9,12000,108000,11413
ORD08034,2025-12-19,West,Sneha,Electronics,Mobile,13,20000,260000,63133
ORD08035,2025-05-19,South,Priya,Furniture,Sofa,13,25000,325000,79440
ORD08036,2025-09-05,South,Anita,Furniture,Sofa,10,25000,250000,26284
ORD08037,2025-06-07,South,Anita,Electronics,Mobile,10,20000,200000,56398
ORD08038,2025-11-26,South,Anita,Electronics,Monitor,16,12000,192000,51540
ORD08039,2025-08-13,North,Amit,Electronics,Laptop,3,50000,150000,37687
ORD08040,2025-10-02,East,Suresh,Electronics,Monitor,4,12000,48000,11049
ORD08041,2025-09-12,South,Anita,Furniture,Chair,16,3000,48000,10886
ORD08042,2025-04-24,North,Raj,Electronics,Mobile,8,20000,160000,35578
ORD08043,2025-03-16,South,Priya,Furniture,Chair,1,3000,3000,698
ORD08044,2025-05-21,South,Priya,Electronics,Laptop,6,50000,300000,43187
ORD08045,2025-01-18,East,Riya,Electronics,Monitor,17,12000,204000,42890
ORD08046,2025-02-05,North,Vikram,Electronics,Laptop,15,50000,750000,159930
ORD08047,2025-08-03,East,Riya,Furniture,Chair,11,3000,33000,4924
ORD08048,2025-07-05,South,Anita,Furniture,Sofa,1,25000,25000,5586
ORD08049,2025-08-05,West,Sneha,Electronics,Mobile,14,20000,280000,76556
ORD08050,2025-12-17,South,Karthik,Electronics,Laptop,12,50000,600000,145999
ORD08051,2025-07-16,West,Sneha,Furniture,Table,20,8000,160000,44462
ORD08052,2025-07-31,South,Anita,Electronics,Laptop,14,50000,700000,137450
ORD08053,2025-10-17,East,Arun,Furniture,Chair,18,3000,54000,7041
ORD08054,2025-09-05,East,Riya,Furniture,Chair,12,3000,36000,5029
ORD08055,2025-06-09,East,Riya,Furniture,Chair,8,3000,24000,3393
ORD08056,2025-06-27,East,Riya,Furniture,Chair,5,3000,15000,3727
ORD08057,2025-03-11,East,Arun,Electronics,Mobile,4,20000,80000,12660
ORD08058,2025-06-06,South,Anita,Electronics,Monitor,13,12000,156000,43531
ORD08059,2025-02-21,East,Riya,Electronics,Monitor,11,12000,132000,14248
ORD08060,2025-08-03,West,Meena,Furniture,Sofa,1,25000,25000,3690
ORD08061,2025-06-06,South,Karthik,Electronics,Mobile,4,20000,80000,20242
ORD08062,2025-07-15,South,Karthik,Electronics,Laptop,4,50000,200000,46456
ORD08063,2025-08-24,South,Priya,Electronics,Mobile,13,20000,260000,76701
ORD08064,2025-10-23,South,Priya,Furniture,Chair,14,3000,42000,8417
ORD08065,2025-04-20,South,Karthik,Furniture,Sofa,15,25000,375000,75105
ORD08066,2025-05-22,West,Sneha,Electronics,Laptop,2,50000,100000,11682
ORD08067,2025-02-26,West,Sneha,Electronics,Mobile,7,20000,140000,33903
ORD08068,2025-06-16,North,Amit,Furniture,Table,9,8000,72000,8471
ORD08069,2025-06-06,East,Suresh,Furniture,Chair,3,3000,9000,2440
ORD08070,2025-03-02,East,Riya,Furniture,Sofa,7,25000,175000,25329
ORD08071,2025-01-25,West,Sneha,Electronics,Laptop,19,50000,950000,141541
ORD08072,2025-03-20,North,Vikram,Electronics,Laptop,3,50000,150000,29472
ORD08073,2025-06-05,North,Vikram,Furniture,Chair,17,3000,51000,12914
ORD08074,2025-01-21,North,Vikram,Furniture,Table,14,8000,112000,12892
ORD08075,2025-09-22,North,Vikram,Electronics,Laptop,12,50000,600000,174932
ORD08076,2025-10-15,West,Meena,Electronics,Monitor,15,12000,180000,52066
ORD08077,2025-09-14,South,Priya,Furniture,Table,5,8000,40000,9347
ORD08078,2025-07-25,South,Anita,Electronics,Mobile,16,20000,320000,89666
ORD08079,2025-05-06,South,Priya,Furniture,Chair,12,3000,36000,7082
ORD08080,2025-11-01,West,Meena,Furniture,Table,3,8000,24000,4954
ORD08081,2025-05-04,West,Sneha,Furniture,Table,11,8000,88000,19857
ORD08082,2025-09-18,North,Amit,Electronics,Mobile,9,20000,180000,27279
ORD08083,2025-02-19,East,Suresh,Electronics,Monitor,3,12000,36000,7664
ORD08084,2025-01-26,South,Anita,Electronics,Mobile,2,20000,40000,11309
ORD08085,2025-03-05,South,Karthik,Electronics,Laptop,2,50000,100000,27177
ORD08086,2025-09-02,South,Priya,Furniture,Table,6,8000,48000,6568
ORD08087,2025-12-08,South,Priya,Electronics,Monitor,13,12000,156000,40959
ORD08088,2025-08-16,South,Priya,Electronics,Laptop,18,50000,900000,190808
ORD08089,2025-02-10,West,Meena,Electronics,Mobile,7,20000,140000,24797
ORD08090,2025-04-24,East,Riya,Furniture,Table,12,8000,96000,27931
ORD08091,2025-11-07,North,Amit,Furniture,Table,18,8000,144000,23007
ORD08092,2025-09-27,West,Sneha,Electronics,Monitor,15,12000,180000,44164
ORD08093,2025-09-08,West,Meena,Furniture,Table,2,8000,16000,1676
ORD08094,2025-09-08,East,Arun,Furniture,Chair,16,3000,48000,10257
ORD08095,2025-04-11,East,Riya,Furniture,Chair,13,3000,39000,4712
ORD08096,2025-09-03,East,Suresh,Furniture,Sofa,16,25000,400000,116007
ORD08097,2025-08-21,North,Raj,Electronics,Laptop,1,50000,50000,13530
ORD08098,2025-06-09,North,Amit,Electronics,Mobile,4,20000,80000,12720
ORD08099,2025-01-28,East,Suresh,Electronics,Mobile,10,20000,200000,39039
ORD08100,2025-09-25,North,Vikram,Furniture,Table,12,8000,96000,10170
ORD08101,2025-09-21,North,Amit,Furniture,Chair,3,3000,9000,1965
ORD08102,2025-08-23,North,Vikram,Furniture,Sofa,4,25000,100000,23179
ORD08103,2025-11-07,South,Karthik,Electronics,Mobile,15,20000,300000,33854
ORD08104,2025-02-08,North,Vikram,Furniture,Table,13,8000,104000,20973
ORD08105,2025-10-12,South,Karthik,Electronics,Monitor,15,12000,180000,38995
ORD08106,2025-10-21,South,Priya,Furniture,Chair,11,3000,33000,8629
ORD08107,2025-08-01,North,Amit,Electronics,Monitor,2,12000,24000,3015
ORD08108,2025-05-18,East,Suresh,Furniture,Chair,13,3000,39000,9205
ORD08109,2025-02-13,South,Priya,Electronics,Mobile,9,20000,180000,27138
ORD08110,2025-03-16,South,Karthik,Electronics,Mobile,9,20000,180000,37269
ORD08111,2025-09-19,North,Raj,Electronics,Laptop,15,50000,750000,199650
ORD08112,2025-12-22,North,Vikram,Furniture,Table,1,8000,8000,2043
ORD08113,2025-12-07,West,Sneha,Electronics,Mobile,13,20000,260000,63680
ORD08114,2025-02-13,West,Sneha,Furniture,Table,12,8000,96000,21483
ORD08115,2025-08-05,West,Rahul,Furniture,Sofa,17,25000,425000,55718
ORD08116,2025-12-04,East,Suresh,Electronics,Mobile,14,20000,280000,65265
ORD08117,2025-03-28,East,Suresh,Furniture,Chair,15,3000,45000,6020
ORD08118,2025-12-08,West,Rahul,Furniture,Chair,20,3000,60000,6660
ORD08119,2025-06-28,West,Rahul,Electronics,Laptop,19,50000,950000,266175
ORD08120,2025-07-22,West,Meena,Furniture,Chair,19,3000,57000,12126
ORD08121,2025-06-20,West,Sneha,Electronics,Monitor,18,12000,216000,34751
ORD08122,2025-03-22,South,Anita,Electronics,Monitor,6,12000,72000,21371
ORD08123,2025-05-19,South,Anita,Electronics,Mobile,18,20000,360000,83823
ORD08124,2025-04-08,East,Suresh,Furniture,Table,17,8000,136000,31605
ORD08125,2025-10-22,North,Raj,Furniture,Chair,1,3000,3000,499
ORD08126,2025-10-03,South,Karthik,Electronics,Laptop,3,50000,150000,22107
ORD08127,2025-08-08,South,Priya,Furniture,Chair,12,3000,36000,4814
ORD08128,2025-02-11,North,Amit,Electronics,Laptop,10,50000,500000,63388
ORD08129,2025-02-17,North,Vikram,Furniture,Table,6,8000,48000,5310
ORD08130,2025-12-06,North,Amit,Furniture,Sofa,8,25000,200000,33723
ORD08131,2025-06-11,North,Amit,Electronics,Monitor,11,12000,132000,32317
ORD08132,2025-12-09,North,Amit,Electronics,Mobile,15,20000,300000,62983
ORD08133,2025-11-17,North,Vikram,Furniture,Chair,1,3000,3000,768
ORD08134,2025-10-14,North,Raj,Electronics,Mobile,17,20000,340000,44158
ORD08135,2025-12-26,East,Arun,Electronics,Mobile,10,20000,200000,25932
ORD08136,2025-12-26,North,Amit,Electronics,Mobile,4,20000,80000,11168
ORD08137,2025-02-06,South,Priya,Furniture,Sofa,11,25000,275000,33907
ORD08138,2025-12-07,East,Arun,Electronics,Mobile,1,20000,20000,5946
ORD08139,2025-09-05,West,Meena,Furniture,Sofa,18,25000,450000,45150
ORD08140,2025-02-22,South,Anita,Furniture,Table,15,8000,120000,18783
ORD08141,2025-08-22,South,Karthik,Furniture,Chair,16,3000,48000,9487
ORD08142,2025-09-23,East,Suresh,Furniture,Sofa,10,25000,250000,30064
ORD08143,2025-10-17,South,Karthik,Furniture,Sofa,2,25000,50000,12549
ORD08144,2025-10-10,West,Meena,Electronics,Laptop,20,50000,1000000,135558
ORD08145,2025-01-14,South,Priya,Electronics,Laptop,6,50000,300000,70574
ORD08146,2025-08-18,North,Amit,Furniture,Sofa,18,25000,450000,102384
ORD08147,2025-06-25,West,Rahul,Electronics,Monitor,4,12000,48000,9110
ORD08148,2025-01-05,North,Vikram,Furniture,Sofa,16,25000,400000,110727
ORD08149,2025-01-04,North,Amit,Furniture,Chair,5,3000,15000,4473
ORD08150,2025-09-22,East,Suresh,Furniture,Table,13,8000,104000,27891
ORD08151,2025-01-06,West,Meena,Electronics,Mobile,5,20000,100000,16161
ORD08152,2025-12-25,West,Sneha,Furniture,Sofa,1,25000,25000,5717
ORD08153,2025-03-06,North,Amit,Electronics,Mobile,5,20000,100000,14032
ORD08154,2025-02-09,North,Amit,Electronics,Monitor,3,12000,36000,7521
ORD08155,2025-12-26,North,Amit,Electronics,Mobile,19,20000,380000,82851
ORD08156,2025-08-31,West,Meena,Furniture,Sofa,8,25000,200000,26560
ORD08157,2025-10-30,South,Anita,Electronics,Laptop,11,50000,550000,110012
ORD08158,2025-06-14,North,Amit,Furniture,Sofa,3,25000,75000,14736
ORD08159,2025-05-03,East,Riya,Electronics,Laptop,6,50000,300000,83662
ORD08160,2025-11-23,West,Rahul,Furniture,Chair,15,3000,45000,8892
ORD08161,2025-11-23,East,Suresh,Furniture,Chair,11,3000,33000,8749
ORD08162,2025-01-07,North,Vikram,Electronics,Monitor,5,12000,60000,6371
ORD08163,2025-03-13,North,Vikram,Furniture,Table,20,8000,160000,20471
ORD08164,2025-12-26,North,Vikram,Electronics,Monitor,20,12000,240000,61518
ORD08165,2025-10-25,South,Priya,Electronics,Monitor,4,12000,48000,7428
ORD08166,2025-06-23,South,Karthik,Electronics,Laptop,3,50000,150000,21350
ORD08167,2025-11-21,South,Karthik,Electronics,Mobile,5,20000,100000,18116
ORD08168,2025-06-05,North,Raj,Electronics,Laptop,15,50000,750000,207352
ORD08169,2025-11-15,North,Vikram,Electronics,Laptop,17,50000,850000,223112
ORD08170,2025-08-14,North,Raj,Furniture,Sofa,5,25000,125000,32031
ORD08171,2025-10-03,East,Riya,Electronics,Monitor,4,12000,48000,7306
ORD08172,2025-05-18,East,Suresh,Electronics,Monitor,5,12000,60000,9910
ORD08173,2025-07-28,West,Meena,Electronics,Mobile,7,20000,140000,16259
ORD08174,2025-05-20,South,Karthik,Furniture,Chair,1,3000,3000,719
ORD08175,2025-03-05,North,Vikram,Electronics,Mobile,10,20000,200000,40967
ORD08176,2025-04-26,South,Anita,Electronics,Laptop,19,50000,950000,117628
ORD08177,2025-02-10,South,Priya,Electronics,Monitor,6,12000,72000,19153
ORD08178,2025-09-26,West,Rahul,Furniture,Table,11,8000,88000,16862
ORD08179,2025-09-25,East,Riya,Furniture,Sofa,9,25000,225000,47391
ORD08180,2025-11-11,East,Arun,Furniture,Table,12,8000,96000,28495
ORD08181,2025-05-01,East,Arun,Furniture,Table,9,8000,72000,16667
ORD08182,2025-09-09,South,Anita,Electronics,Mobile,18,20000,360000,75785
ORD08183,2025-05-25,East,Riya,Electronics,Monitor,7,12000,84000,17170
ORD08184,2025-02-20,West,Sneha,Furniture,Chair,13,3000,39000,4430
ORD08185,2025-12-12,East,Arun,Furniture,Chair,4,3000,12000,3067
ORD08186,2025-12-16,West,Sneha,Furniture,Table,17,8000,136000,26834
ORD08187,2025-11-05,South,Anita,Electronics,Mobile,11,20000,220000,51177
ORD08188,2025-07-28,North,Vikram,Furniture,Table,9,8000,72000,18714
ORD08189,2025-01-27,West,Sneha,Electronics,Laptop,19,50000,950000,211686
ORD08190,2025-01-31,East,Arun,Electronics,Laptop,15,50000,750000,181433
ORD08191,2025-06-16,East,Arun,Electronics,Monitor,3,12000,36000,7356
ORD08192,2025-10-29,East,Arun,Furniture,Table,11,8000,88000,8936
ORD08193,2025-07-27,North,Amit,Electronics,Monitor,20,12000,240000,60669
ORD08194,2025-09-22,East,Riya,Electronics,Monitor,17,12000,204000,49656
ORD08195,2025-04-28,West,Rahul,Electronics,Mobile,20,20000,400000,55983
ORD08196,2025-02-19,West,Meena,Furniture,Chair,7,3000,21000,3566
ORD08197,2025-08-03,South,Priya,Furniture,Sofa,17,25000,425000,120022
ORD08198,2025-05-08,South,Karthik,Electronics,Mobile,14,20000,280000,32877
ORD08199,2025-07-26,East,Arun,Electronics,Mobile,11,20000,220000,54050
ORD08200,2025-11-14,South,Priya,Furniture,Chair,1,3000,3000,454
ORD08201,2025-02-05,North,Amit,Furniture,Sofa,8,25000,200000,41048
ORD08202,2025-07-20,West,Meena,Furniture,Sofa,3,25000,75000,18298
ORD08203,2025-11-14,North,Raj,Electronics,Laptop,1,50000,50000,12448
ORD08204,2025-09-17,South,Priya,Furniture,Chair,17,3000,51000,5208
ORD08205,2025-08-10,North,Vikram,Electronics,Mobile,20,20000,400000,101601
ORD08206,2025-01-16,North,Vikram,Electronics,Monitor,2,12000,24000,2736
ORD08207,2025-03-05,West,Rahul,Electronics,Monitor,12,12000,144000,16267
ORD08208,2025-05-11,North,Amit,Electronics,Mobile,1,20000,20000,3335
ORD08209,2025-05-02,North,Amit,Furniture,Chair,14,3000,42000,12084
ORD08210,2025-04-12,North,Raj,Electronics,Monitor,14,12000,168000,47049
ORD08211,2025-06-16,South,Karthik,Furniture,Chair,14,3000,42000,9547
ORD08212,2025-02-09,West,Rahul,Furniture,Chair,9,3000,27000,4592
ORD08213,2025-04-04,North,Raj,Furniture,Sofa,10,25000,250000,62956
ORD08214,2025-09-05,North,Vikram,Furniture,Chair,11,3000,33000,8230
ORD08215,2025-01-31,North,Raj,Electronics,Laptop,10,50000,500000,102916
ORD08216,2025-09-04,West,Rahul,Electronics,Laptop,17,50000,850000,182886
ORD08217,2025-05-28,East,Arun,Electronics,Laptop,8,50000,400000,85907
ORD08218,2025-04-08,West,Meena,Electronics,Laptop,12,50000,600000,132608
ORD08219,2025-09-17,North,Vikram,Electronics,Mobile,19,20000,380000,102671
ORD08220,2025-10-07,East,Suresh,Electronics,Monitor,6,12000,72000,21005
ORD08221,2025-11-19,East,Riya,Furniture,Chair,18,3000,54000,10788
ORD08222,2025-10-05,East,Arun,Furniture,Table,19,8000,152000,24063
ORD08223,2025-09-18,North,Amit,Furniture,Sofa,4,25000,100000,24346
ORD08224,2025-12-07,East,Riya,Electronics,Monitor,3,12000,36000,4580
ORD08225,2025-09-17,East,Riya,Electronics,Laptop,5,50000,250000,68918
ORD08226,2025-02-11,East,Arun,Electronics,Mobile,8,20000,160000,18594
ORD08227,2025-07-23,East,Arun,Electronics,Monitor,14,12000,168000,31087
ORD08228,2025-05-05,South,Priya,Electronics,Mobile,6,20000,120000,27857
ORD08229,2025-02-20,East,Suresh,Furniture,Sofa,5,25000,125000,16148
ORD08230,2025-10-13,North,Vikram,Electronics,Laptop,15,50000,750000,140670
ORD08231,2025-06-28,East,Suresh,Furniture,Table,17,8000,136000,32213
ORD08232,2025-05-22,North,Vikram,Furniture,Table,17,8000,136000,29085
ORD08233,2025-05-04,North,Vikram,Furniture,Table,9,8000,72000,17460
ORD08234,2025-02-21,North,Amit,Furniture,Sofa,14,25000,350000,39499
ORD08235,2025-08-14,East,Suresh,Furniture,Sofa,11,25000,275000,47001
ORD08236,2025-11-03,South,Anita,Electronics,Monitor,20,12000,240000,31796
ORD08237,2025-01-09,North,Raj,Electronics,Mobile,11,20000,220000,65856
ORD08238,2025-09-20,North,Amit,Electronics,Mobile,9,20000,180000,27601
ORD08239,2025-10-26,West,Meena,Electronics,Laptop,14,50000,700000,204564
ORD08240,2025-12-05,West,Sneha,Electronics,Monitor,6,12000,72000,15422
ORD08241,2025-08-27,South,Anita,Furniture,Chair,9,3000,27000,5366
ORD08242,2025-07-27,East,Riya,Furniture,Chair,20,3000,60000,10772
ORD08243,2025-01-22,East,Suresh,Electronics,Laptop,2,50000,100000,19260
ORD08244,2025-02-24,West,Meena,Electronics,Monitor,13,12000,156000,27090
ORD08245,2025-11-08,South,Priya,Furniture,Table,7,8000,56000,6191
ORD08246,2025-03-09,West,Sneha,Electronics,Monitor,13,12000,156000,33572
ORD08247,2025-03-13,South,Priya,Furniture,Sofa,7,25000,175000,18584
ORD08248,2025-10-03,West,Rahul,Furniture,Table,5,8000,40000,11308
ORD08249,2025-09-05,North,Amit,Electronics,Mobile,10,20000,200000,37671
ORD08250,2025-04-23,South,Karthik,Furniture,Chair,17,3000,51000,14208
ORD08251,2025-02-25,West,Sneha,Electronics,Mobile,7,20000,140000,33439
ORD08252,2025-05-01,North,Raj,Furniture,Table,16,8000,128000,32229
ORD08253,2025-06-11,West,Sneha,Electronics,Laptop,11,50000,550000,118681
ORD08254,2025-10-14,North,Vikram,Electronics,Monitor,19,12000,228000,49199
ORD08255,2025-08-12,North,Vikram,Furniture,Chair,9,3000,27000,5002
ORD08256,2025-03-25,North,Amit,Electronics,Mobile,15,20000,300000,49987
ORD08257,2025-09-04,South,Karthik,Electronics,Monitor,5,12000,60000,10432
ORD08258,2025-06-02,South,Priya,Electronics,Monitor,12,12000,144000,26203
ORD08259,2025-05-13,West,Meena,Furniture,Sofa,12,25000,300000,36203
ORD08260,2025-07-02,South,Karthik,Electronics,Monitor,19,12000,228000,63356
ORD08261,2025-05-28,West,Rahul,Furniture,Chair,4,3000,12000,2547
ORD08262,2025-09-13,North,Raj,Electronics,Monitor,13,12000,156000,20522
ORD08263,2025-07-21,South,Karthik,Electronics,Laptop,8,50000,400000,113200
ORD08264,2025-11-18,South,Priya,Electronics,Mobile,14,20000,280000,44981
ORD08265,2025-01-31,West,Meena,Furniture,Sofa,9,25000,225000,67353
ORD08266,2025-08-07,South,Anita,Electronics,Laptop,12,50000,600000,108037
ORD08267,2025-03-28,South,Anita,Electronics,Laptop,1,50000,50000,10195
ORD08268,2025-11-30,East,Arun,Furniture,Table,16,8000,128000,16065
ORD08269,2025-09-25,East,Suresh,Furniture,Table,14,8000,112000,30764
ORD08270,2025-02-26,North,Amit,Furniture,Sofa,7,25000,175000,39213
ORD08271,2025-03-30,West,Sneha,Furniture,Chair,5,3000,15000,2450
ORD08272,2025-08-02,West,Sneha,Electronics,Laptop,12,50000,600000,101161
ORD08273,2025-08-11,North,Amit,Electronics,Mobile,9,20000,180000,43745
ORD08274,2025-07-27,West,Meena,Furniture,Chair,2,3000,6000,835
ORD08275,2025-02-08,South,Karthik,Furniture,Sofa,20,25000,500000,145064
ORD08276,2025-05-02,North,Vikram,Electronics,Laptop,12,50000,600000,145914
ORD08277,2025-10-13,South,Priya,Electronics,Mobile,20,20000,400000,56753
ORD08278,2025-02-03,West,Meena,Furniture,Chair,7,3000,21000,6217
ORD08279,2025-03-04,South,Karthik,Electronics,Monitor,19,12000,228000,30391
ORD08280,2025-01-01,North,Vikram,Electronics,Mobile,9,20000,180000,48827
ORD08281,2025-12-07,North,Amit,Electronics,Monitor,1,12000,12000,1416
ORD08282,2025-07-24,South,Karthik,Furniture,Table,2,8000,16000,3446
ORD08283,2025-06-24,South,Anita,Furniture,Sofa,9,25000,225000,53072
ORD08284,2025-02-23,North,Raj,Electronics,Monitor,20,12000,240000,39889
ORD08285,2025-03-04,West,Meena,Electronics,Laptop,15,50000,750000,173500
ORD08286,2025-04-27,East,Riya,Electronics,Monitor,11,12000,132000,21367
ORD08287,2025-02-16,South,Anita,Electronics,Monitor,14,12000,168000,21626
ORD08288,2025-02-16,South,Priya,Electronics,Monitor,1,12000,12000,1921
ORD08289,2025-08-19,North,Raj,Furniture,Sofa,16,25000,400000,57202
ORD08290,2025-03-21,North,Amit,Electronics,Mobile,11,20000,220000,65597
ORD08291,2025-03-16,East,Suresh,Furniture,Sofa,9,25000,225000,37284
ORD08292,2025-04-04,South,Anita,Electronics,Laptop,13,50000,650000,148236
ORD08293,2025-03-04,North,Raj,Furniture,Chair,18,3000,54000,14720
ORD08294,2025-06-12,West,Sneha,Electronics,Mobile,12,20000,240000,42639
ORD08295,2025-07-02,East,Suresh,Furniture,Chair,4,3000,12000,1388
ORD08296,2025-03-12,East,Riya,Furniture,Sofa,18,25000,450000,104876
ORD08297,2025-01-13,West,Sneha,Furniture,Sofa,19,25000,475000,47938
ORD08298,2025-12-27,South,Karthik,Electronics,Monitor,17,12000,204000,30895
ORD08299,2025-12-24,South,Karthik,Furniture,Table,16,8000,128000,24918
ORD08300,2025-11-09,South,Anita,Furniture,Chair,17,3000,51000,12459
ORD08301,2025-06-04,North,Vikram,Electronics,Monitor,9,12000,108000,27304
ORD08302,2025-11-10,South,Anita,Electronics,Mobile,8,20000,160000,28618
ORD08303,2025-03-19,West,Sneha,Furniture,Sofa,16,25000,400000,115893
ORD08304,2025-11-08,West,Sneha,Electronics,Monitor,5,12000,60000,9762
ORD08305,2025-08-13,South,Priya,Electronics,Monitor,6,12000,72000,19778
ORD08306,2025-12-29,East,Arun,Electronics,Laptop,2,50000,100000,10633
ORD08307,2025-10-16,North,Amit,Electronics,Monitor,15,12000,180000,52476
ORD08308,2025-11-17,South,Anita,Furniture,Chair,5,3000,15000,4061
ORD08309,2025-05-27,West,Sneha,Furniture,Chair,20,3000,60000,9547
ORD08310,2025-03-04,South,Priya,Electronics,Monitor,20,12000,240000,60716
ORD08311,2025-05-14,East,Riya,Furniture,Chair,11,3000,33000,5629
ORD08312,2025-01-19,South,Karthik,Furniture,Chair,9,3000,27000,3299
ORD08313,2025-10-27,West,Meena,Electronics,Laptop,19,50000,950000,138899
ORD08314,2025-05-08,South,Anita,Electronics,Monitor,20,12000,240000,40310
ORD08315,2025-02-12,South,Anita,Electronics,Mobile,13,20000,260000,50645
ORD08316,2025-08-20,South,Anita,Furniture,Chair,12,3000,36000,4342
ORD08317,2025-04-20,North,Amit,Furniture,Sofa,2,25000,50000,7785
ORD08318,2025-05-15,East,Riya,Furniture,Chair,16,3000,48000,13998
ORD08319,2025-08-24,North,Vikram,Electronics,Mobile,11,20000,220000,36808
ORD08320,2025-11-10,East,Arun,Furniture,Chair,18,3000,54000,8184
ORD08321,2025-11-19,West,Sneha,Electronics,Laptop,8,50000,400000,75531
ORD08322,2025-03-28,West,Sneha,Electronics,Laptop,15,50000,750000,111636
ORD08323,2025-07-16,East,Riya,Electronics,Mobile,2,20000,40000,6130
ORD08324,2025-05-19,East,Arun,Electronics,Mobile,14,20000,280000,76295
ORD08325,2025-06-12,East,Arun,Electronics,Monitor,16,12000,192000,56883
ORD08326,2025-12-18,South,Priya,Furniture,Table,6,8000,48000,14257
ORD08327,2025-09-19,West,Sneha,Electronics,Monitor,3,12000,36000,4746
ORD08328,2025-12-04,North,Amit,Furniture,Table,18,8000,144000,30749
ORD08329,2025-11-04,North,Vikram,Electronics,Laptop,9,50000,450000,46251
ORD08330,2025-07-03,East,Suresh,Electronics,Laptop,12,50000,600000,137746
ORD08331,2025-04-01,South,Anita,Electronics,Laptop,3,50000,150000,24817
ORD08332,2025-05-31,West,Meena,Electronics,Mobile,14,20000,280000,66390
ORD08333,2025-08-20,South,Anita,Electronics,Laptop,5,50000,250000,54108
ORD08334,2025-12-22,North,Amit,Furniture,Chair,5,3000,15000,3741
ORD08335,2025-01-02,North,Raj,Electronics,Monitor,6,12000,72000,15298
ORD08336,2025-11-19,West,Meena,Furniture,Sofa,13,25000,325000,65505
ORD08337,2025-07-01,North,Amit,Electronics,Mobile,13,20000,260000,52873
ORD08338,2025-04-22,West,Sneha,Electronics,Laptop,2,50000,100000,15657
ORD08339,2025-12-02,North,Raj,Electronics,Laptop,1,50000,50000,10674
ORD08340,2025-05-21,West,Sneha,Electronics,Laptop,7,50000,350000,93435
ORD08341,2025-12-04,North,Raj,Electronics,Laptop,4,50000,200000,51309
ORD08342,2025-06-20,East,Riya,Furniture,Chair,2,3000,6000,1196
ORD08343,2025-10-07,North,Vikram,Electronics,Laptop,13,50000,650000,70609
ORD08344,2025-11-04,East,Suresh,Furniture,Table,3,8000,24000,4761
ORD08345,2025-05-11,West,Sneha,Furniture,Table,10,8000,80000,12796
ORD08346,2025-12-27,South,Anita,Electronics,Laptop,19,50000,950000,153077
ORD08347,2025-05-22,West,Rahul,Electronics,Monitor,1,12000,12000,2550
ORD08348,2025-05-24,North,Raj,Furniture,Sofa,10,25000,250000,70831
ORD08349,2025-07-30,West,Meena,Furniture,Sofa,17,25000,425000,114912
ORD08350,2025-05-19,East,Arun,Electronics,Laptop,16,50000,800000,86433
ORD08351,2025-03-22,West,Sneha,Furniture,Sofa,6,25000,150000,34726
ORD08352,2025-09-14,West,Sneha,Furniture,Table,1,8000,8000,1256
ORD08353,2025-07-16,West,Sneha,Electronics,Monitor,6,12000,72000,12262
ORD08354,2025-01-17,East,Suresh,Furniture,Table,8,8000,64000,8865
ORD08355,2025-04-28,North,Amit,Electronics,Mobile,7,20000,140000,23117
ORD08356,2025-10-16,South,Priya,Furniture,Sofa,8,25000,200000,20096
ORD08357,2025-04-08,West,Rahul,Electronics,Mobile,6,20000,120000,28943
ORD08358,2025-04-19,North,Amit,Furniture,Chair,14,3000,42000,10183
ORD08359,2025-01-16,South,Anita,Furniture,Chair,19,3000,57000,9360
ORD08360,2025-06-19,East,Suresh,Electronics,Monitor,10,12000,120000,35489
ORD08361,2025-11-14,West,Meena,Electronics,Laptop,5,50000,250000,70813
ORD08362,2025-04-19,East,Arun,Electronics,Laptop,18,50000,900000,180143
ORD08363,2025-08-06,North,Raj,Furniture,Sofa,6,25000,150000,23647
ORD08364,2025-12-06,North,Amit,Electronics,Monitor,19,12000,228000,61191
ORD08365,2025-03-20,South,Priya,Furniture,Chair,14,3000,42000,5365
ORD08366,2025-02-19,East,Riya,Electronics,Laptop,6,50000,300000,50269
ORD08367,2025-07-10,North,Raj,Electronics,Mobile,8,20000,160000,47196
ORD08368,2025-05-14,West,Meena,Furniture,Chair,15,3000,45000,13144
ORD08369,2025-02-04,East,Riya,Electronics,Monitor,19,12000,228000,50603
ORD08370,2025-04-21,South,Priya,Electronics,Mobile,13,20000,260000,27048
ORD08371,2025-11-17,East,Riya,Furniture,Sofa,16,25000,400000,45383
ORD08372,2025-02-20,North,Amit,Furniture,Table,9,8000,72000,17966
ORD08373,2025-12-20,North,Vikram,Furniture,Sofa,11,25000,275000,42410
ORD08374,2025-11-26,East,Riya,Electronics,Mobile,2,20000,40000,9739
ORD08375,2025-01-31,West,Rahul,Electronics,Monitor,19,12000,228000,54083
ORD08376,2025-09-26,North,Raj,Furniture,Table,17,8000,136000,28508
ORD08377,2025-07-22,East,Riya,Electronics,Laptop,17,50000,850000,226929
ORD08378,2025-12-10,East,Arun,Furniture,Table,18,8000,144000,34153
ORD08379,2025-01-22,South,Karthik,Electronics,Mobile,14,20000,280000,63133
ORD08380,2025-09-14,West,Rahul,Electronics,Monitor,8,12000,96000,15805
ORD08381,2025-05-28,East,Suresh,Furniture,Sofa,10,25000,250000,55788
ORD08382,2025-06-10,North,Raj,Furniture,Sofa,14,25000,350000,100081
ORD08383,2025-02-15,North,Amit,Furniture,Chair,18,3000,54000,7611
ORD08384,2025-02-05,East,Arun,Electronics,Mobile,20,20000,400000,114594
ORD08385,2025-05-13,South,Priya,Furniture,Table,4,8000,32000,3227
ORD08386,2025-08-19,East,Riya,Furniture,Table,20,8000,160000,20347
ORD08387,2025-09-09,East,Riya,Electronics,Laptop,13,50000,650000,91459
ORD08388,2025-04-10,North,Raj,Furniture,Chair,16,3000,48000,5749
ORD08389,2025-08-14,South,Anita,Electronics,Laptop,7,50000,350000,81306
ORD08390,2025-06-24,North,Vikram,Electronics,Laptop,20,50000,1000000,100638
ORD08391,2025-09-12,East,Riya,Furniture,Chair,10,3000,30000,6563
ORD08392,2025-09-09,North,Amit,Furniture,Chair,9,3000,27000,4773
ORD08393,2025-08-10,West,Rahul,Electronics,Laptop,10,50000,500000,75998
ORD08394,2025-03-20,North,Raj,Electronics,Monitor,19,12000,228000,27277
ORD08395,2025-12-16,West,Sneha,Furniture,Sofa,4,25000,100000,26986
ORD08396,2025-02-04,South,Karthik,Furniture,Chair,18,3000,54000,14082
ORD08397,2025-02-12,North,Vikram,Electronics,Mobile,12,20000,240000,59738
ORD08398,2025-03-15,North,Raj,Electronics,Laptop,16,50000,800000,107259
ORD08399,2025-05-08,North,Vikram,Electronics,Mobile,14,20000,280000,70273
ORD08400,2025-11-08,East,Suresh,Furniture,Chair,2,3000,6000,1625
ORD08401,2025-03-24,East,Suresh,Electronics,Laptop,7,50000,350000,85055
ORD08402,2025-09-19,South,Karthik,Furniture,Table,7,8000,56000,15383
ORD08403,2025-09-09,South,Priya,Furniture,Chair,1,3000,3000,691
ORD08404,2025-03-23,South,Anita,Electronics,Laptop,16,50000,800000,239575
ORD08405,2025-04-15,North,Vikram,Furniture,Chair,16,3000,48000,10350
ORD08406,2025-12-04,South,Karthik,Furniture,Table,10,8000,80000,10649
ORD08407,2025-02-15,North,Raj,Electronics,Laptop,18,50000,900000,262979
ORD08408,2025-04-05,East,Riya,Electronics,Monitor,13,12000,156000,36000
ORD08409,2025-05-20,South,Anita,Furniture,Chair,12,3000,36000,10080
ORD08410,2025-05-30,North,Amit,Furniture,Table,20,8000,160000,32932
ORD08411,2025-07-31,East,Arun,Furniture,Chair,5,3000,15000,2526
ORD08412,2025-05-28,North,Amit,Furniture,Sofa,11,25000,275000,42425
ORD08413,2025-02-19,North,Amit,Furniture,Chair,1,3000,3000,382
ORD08414,2025-09-25,West,Rahul,Electronics,Monitor,15,12000,180000,28822
ORD08415,2025-06-04,North,Vikram,Furniture,Table,3,8000,24000,4430
ORD08416,2025-03-30,East,Riya,Electronics,Laptop,13,50000,650000,82661
ORD08417,2025-02-27,West,Sneha,Furniture,Chair,20,3000,60000,15114
ORD08418,2025-11-13,West,Rahul,Electronics,Laptop,9,50000,450000,67036
ORD08419,2025-04-11,West,Meena,Furniture,Chair,19,3000,57000,13217
ORD08420,2025-09-15,South,Priya,Electronics,Mobile,9,20000,180000,27537
ORD08421,2025-09-11,North,Amit,Electronics,Mobile,20,20000,400000,118096
ORD08422,2025-07-14,North,Raj,Electronics,Mobile,5,20000,100000,15214
ORD08423,2025-07-19,West,Sneha,Furniture,Sofa,2,25000,50000,6130
ORD08424,2025-12-23,South,Priya,Furniture,Chair,20,3000,60000,17769
ORD08425,2025-04-01,West,Rahul,Electronics,Mobile,8,20000,160000,37306
ORD08426,2025-08-30,South,Karthik,Furniture,Table,5,8000,40000,9486
ORD08427,2025-06-30,West,Meena,Furniture,Sofa,18,25000,450000,76147
ORD08428,2025-08-11,South,Priya,Electronics,Mobile,18,20000,360000,94517
ORD08429,2025-01-06,West,Sneha,Electronics,Monitor,15,12000,180000,38908
ORD08430,2025-04-20,North,Amit,Electronics,Monitor,16,12000,192000,39011
ORD08431,2025-01-31,North,Vikram,Electronics,Laptop,18,50000,900000,169947
ORD08432,2025-01-08,South,Anita,Electronics,Laptop,9,50000,450000,127711
ORD08433,2025-07-23,West,Sneha,Electronics,Mobile,2,20000,40000,6800
ORD08434,2025-03-12,West,Meena,Electronics,Monitor,5,12000,60000,17487
ORD08435,2025-02-02,East,Suresh,Electronics,Laptop,11,50000,550000,84027
ORD08436,2025-03-19,East,Riya,Electronics,Laptop,7,50000,350000,63912
ORD08437,2025-09-07,South,Priya,Electronics,Mobile,17,20000,340000,90143
ORD08438,2025-12-30,East,Suresh,Electronics,Mobile,19,20000,380000,98133
ORD08439,2025-07-29,South,Karthik,Electronics,Laptop,15,50000,750000,88315
ORD08440,2025-07-10,North,Vikram,Electronics,Monitor,1,12000,12000,2915
ORD08441,2025-02-09,West,Rahul,Electronics,Laptop,12,50000,600000,74636
ORD08442,2025-08-20,East,Arun,Electronics,Laptop,6,50000,300000,87579
ORD08443,2025-02-05,South,Priya,Furniture,Sofa,1,25000,25000,3302
ORD08444,2025-06-10,South,Priya,Furniture,Chair,8,3000,24000,3441
ORD08445,2025-08-16,South,Priya,Electronics,Mobile,2,20000,40000,11521
ORD08446,2025-06-06,South,Karthik,Electronics,Monitor,14,12000,168000,18471
ORD08447,2025-07-22,North,Raj,Electronics,Mobile,19,20000,380000,78272
ORD08448,2025-07-12,East,Riya,Furniture,Chair,9,3000,27000,4116
ORD08449,2025-05-26,East,Suresh,Furniture,Table,16,8000,128000,25506
ORD08450,2025-12-03,North,Vikram,Electronics,Monitor,17,12000,204000,42067
ORD08451,2025-02-23,North,Amit,Furniture,Chair,8,3000,24000,3691
ORD08452,2025-01-15,West,Rahul,Electronics,Mobile,16,20000,320000,53429
ORD08453,2025-01-12,West,Meena,Electronics,Laptop,8,50000,400000,44583
ORD08454,2025-04-05,South,Priya,Furniture,Table,16,8000,128000,13803
ORD08455,2025-10-11,South,Karthik,Furniture,Sofa,13,25000,325000,47232
ORD08456,2025-06-20,South,Anita,Furniture,Table,5,8000,40000,10022
ORD08457,2025-11-29,West,Sneha,Electronics,Laptop,19,50000,950000,198198
ORD08458,2025-09-04,South,Karthik,Electronics,Mobile,11,20000,220000,47607
ORD08459,2025-03-20,South,Priya,Furniture,Chair,3,3000,9000,1078
ORD08460,2025-04-26,North,Vikram,Furniture,Table,8,8000,64000,7819
ORD08461,2025-03-04,West,Rahul,Furniture,Sofa,8,25000,200000,25250
ORD08462,2025-04-10,West,Rahul,Electronics,Laptop,9,50000,450000,92150
ORD08463,2025-06-20,East,Suresh,Furniture,Chair,4,3000,12000,3479
ORD08464,2025-03-24,North,Amit,Electronics,Laptop,15,50000,750000,217167
ORD08465,2025-01-19,East,Arun,Electronics,Mobile,1,20000,20000,4355
ORD08466,2025-10-08,North,Amit,Electronics,Monitor,14,12000,168000,32418
ORD08467,2025-03-29,South,Priya,Furniture,Table,12,8000,96000,9920
ORD08468,2025-06-18,West,Meena,Furniture,Chair,4,3000,12000,2847
ORD08469,2025-03-30,East,Suresh,Furniture,Sofa,10,25000,250000,69047
ORD08470,2025-08-14,East,Riya,Electronics,Laptop,9,50000,450000,75809
ORD08471,2025-05-28,North,Raj,Electronics,Monitor,8,12000,96000,21002
ORD08472,2025-03-15,West,Meena,Electronics,Monitor,2,12000,24000,6605
ORD08473,2025-03-16,North,Amit,Electronics,Mobile,6,20000,120000,14646
ORD08474,2025-08-06,West,Meena,Furniture,Table,1,8000,8000,1656
ORD08475,2025-02-07,East,Riya,Electronics,Monitor,3,12000,36000,9579
ORD08476,2025-09-08,East,Riya,Furniture,Sofa,1,25000,25000,6190
ORD08477,2025-02-09,East,Suresh,Furniture,Table,4,8000,32000,4156
ORD08478,2025-06-06,East,Suresh,Electronics,Monitor,19,12000,228000,60957
ORD08479,2025-10-13,South,Karthik,Furniture,Chair,8,3000,24000,5737
ORD08480,2025-09-11,West,Meena,Electronics,Laptop,3,50000,150000,43624
ORD08481,2025-11-19,North,Raj,Furniture,Chair,16,3000,48000,13666
ORD08482,2025-02-08,East,Riya,Furniture,Sofa,2,25000,50000,5148
ORD08483,2025-03-10,North,Vikram,Electronics,Monitor,4,12000,48000,12571
ORD08484,2025-05-26,West,Sneha,Furniture,Table,5,8000,40000,10193
ORD08485,2025-10-15,West,Meena,Electronics,Laptop,11,50000,550000,133455
ORD08486,2025-10-07,West,Rahul,Furniture,Chair,1,3000,3000,843
ORD08487,2025-09-13,South,Priya,Electronics,Mobile,20,20000,400000,40631
ORD08488,2025-06-05,North,Vikram,Furniture,Table,19,8000,152000,16895
ORD08489,2025-12-30,East,Riya,Electronics,Mobile,12,20000,240000,29892
ORD08490,2025-08-03,West,Rahul,Electronics,Laptop,6,50000,300000,81958
ORD08491,2025-06-09,South,Karthik,Electronics,Mobile,18,20000,360000,69788
ORD08492,2025-04-19,South,Anita,Furniture,Sofa,14,25000,350000,42252
ORD08493,2025-12-27,East,Suresh,Electronics,Laptop,10,50000,500000,97486
ORD08494,2025-11-10,West,Rahul,Electronics,Laptop,3,50000,150000,44356
ORD08495,2025-07-21,West,Sneha,Furniture,Sofa,7,25000,175000,31653
ORD08496,2025-11-17,South,Priya,Electronics,Mobile,13,20000,260000,30788
ORD08497,2025-03-20,East,Arun,Electronics,Mobile,6,20000,120000,28197
ORD08498,2025-06-14,East,Suresh,Furniture,Chair,20,3000,60000,8963
ORD08499,2025-12-08,North,Amit,Furniture,Sofa,12,25000,300000,77649
ORD08500,2025-01-05,West,Meena,Electronics,Monitor,4,12000,48000,7941
ORD08501,2025-11-10,North,Vikram,Furniture,Chair,17,3000,51000,13482
ORD08502,2025-11-08,East,Riya,Furniture,Chair,2,3000,6000,1602
ORD08503,2025-05-08,West,Sneha,Furniture,Sofa,1,25000,25000,5466
ORD08504,2025-02-10,West,Meena,Electronics,Mobile,6,20000,120000,16892
ORD08505,2025-07-29,North,Amit,Furniture,Table,12,8000,96000,26925
ORD08506,2025-07-22,East,Suresh,Electronics,Mobile,2,20000,40000,7467
ORD08507,2025-03-08,North,Raj,Electronics,Monitor,14,12000,168000,37656
ORD08508,2025-05-18,South,Priya,Electronics,Monitor,1,12000,12000,3588
ORD08509,2025-05-04,South,Anita,Furniture,Table,20,8000,160000,45569
ORD08510,2025-04-14,North,Vikram,Electronics,Mobile,12,20000,240000,46817
ORD08511,2025-11-17,North,Vikram,Electronics,Mobile,15,20000,300000,85653
ORD08512,2025-09-13,South,Anita,Furniture,Table,17,8000,136000,23347
ORD08513,2025-07-29,East,Suresh,Furniture,Chair,3,3000,9000,2099
ORD08514,2025-03-09,South,Karthik,Furniture,Sofa,1,25000,25000,3385
ORD08515,2025-06-12,South,Priya,Furniture,Sofa,8,25000,200000,37259
ORD08516,2025-09-10,West,Meena,Furniture,Chair,18,3000,54000,9338
ORD08517,2025-03-12,West,Meena,Electronics,Mobile,18,20000,360000,40280
ORD08518,2025-08-13,South,Anita,Electronics,Laptop,8,50000,400000,43302
ORD08519,2025-12-02,East,Riya,Furniture,Chair,2,3000,6000,959
ORD08520,2025-10-06,South,Karthik,Furniture,Table,19,8000,152000,19246
ORD08521,2025-10-03,South,Karthik,Electronics,Monitor,18,12000,216000,57479
ORD08522,2025-09-20,South,Priya,Electronics,Laptop,14,50000,700000,90038
ORD08523,2025-12-12,South,Karthik,Electronics,Monitor,16,12000,192000,56755
ORD08524,2025-02-06,East,Suresh,Furniture,Chair,9,3000,27000,4751
ORD08525,2025-10-03,West,Sneha,Furniture,Chair,18,3000,54000,15920
ORD08526,2025-04-15,East,Riya,Furniture,Table,18,8000,144000,32240
ORD08527,2025-02-06,South,Karthik,Electronics,Mobile,4,20000,80000,12209
ORD08528,2025-03-10,East,Suresh,Furniture,Sofa,1,25000,25000,5335
ORD08529,2025-01-04,South,Karthik,Furniture,Table,15,8000,120000,17991
ORD08530,2025-08-16,East,Arun,Electronics,Laptop,1,50000,50000,8173
ORD08531,2025-04-13,West,Meena,Electronics,Laptop,9,50000,450000,55676
ORD08532,2025-05-07,North,Amit,Electronics,Mobile,1,20000,20000,2441
ORD08533,2025-03-04,East,Suresh,Electronics,Laptop,9,50000,450000,92935
ORD08534,2025-05-05,North,Amit,Electronics,Laptop,4,50000,200000,51182
ORD08535,2025-01-18,East,Suresh,Furniture,Sofa,10,25000,250000,51741
ORD08536,2025-06-09,East,Arun,Furniture,Chair,14,3000,42000,8958
ORD08537,2025-02-10,South,Karthik,Furniture,Table,9,8000,72000,20724
ORD08538,2025-08-07,North,Vikram,Electronics,Laptop,8,50000,400000,94189
ORD08539,2025-11-26,North,Raj,Electronics,Mobile,12,20000,240000,33359
ORD08540,2025-03-01,East,Arun,Furniture,Sofa,18,25000,450000,103880
ORD08541,2025-08-08,South,Priya,Electronics,Laptop,6,50000,300000,46793
ORD08542,2025-03-11,North,Vikram,Electronics,Mobile,13,20000,260000,34201
ORD08543,2025-06-03,North,Raj,Furniture,Chair,18,3000,54000,8245
ORD08544,2025-10-09,East,Suresh,Furniture,Table,12,8000,96000,17847
ORD08545,2025-03-09,South,Priya,Furniture,Table,8,8000,64000,9986
ORD08546,2025-08-07,South,Karthik,Electronics,Monitor,9,12000,108000,15583
ORD08547,2025-07-21,North,Amit,Furniture,Sofa,11,25000,275000,46898
ORD08548,2025-06-04,South,Priya,Furniture,Table,17,8000,136000,16658
ORD08549,2025-04-23,West,Meena,Furniture,Table,17,8000,136000,37006
ORD08550,2025-07-12,North,Amit,Electronics,Laptop,2,50000,100000,15842
ORD08551,2025-07-29,South,Anita,Electronics,Mobile,4,20000,80000,22331
ORD08552,2025-06-05,North,Vikram,Furniture,Chair,1,3000,3000,707
ORD08553,2025-05-05,North,Raj,Furniture,Sofa,19,25000,475000,99175
ORD08554,2025-09-20,North,Vikram,Electronics,Mobile,3,20000,60000,7178
ORD08555,2025-09-29,East,Suresh,Furniture,Chair,12,3000,36000,10202
ORD08556,2025-08-21,West,Rahul,Electronics,Monitor,4,12000,48000,9236
ORD08557,2025-08-30,South,Anita,Furniture,Table,15,8000,120000,15080
ORD08558,2025-01-06,East,Riya,Furniture,Chair,14,3000,42000,5764
ORD08559,2025-11-30,North,Raj,Electronics,Monitor,19,12000,228000,32888
ORD08560,2025-12-28,East,Riya,Furniture,Sofa,10,25000,250000,35260
ORD08561,2025-03-05,South,Anita,Electronics,Laptop,19,50000,950000,240579
ORD08562,2025-04-23,West,Sneha,Furniture,Chair,7,3000,21000,5872
ORD08563,2025-10-26,West,Rahul,Furniture,Table,17,8000,136000,20071
ORD08564,2025-02-06,East,Riya,Furniture,Sofa,8,25000,200000,38468
ORD08565,2025-05-01,South,Anita,Electronics,Laptop,5,50000,250000,39301
ORD08566,2025-07-20,East,Arun,Furniture,Sofa,15,25000,375000,51170
ORD08567,2025-11-23,North,Vikram,Electronics,Mobile,18,20000,360000,46069
ORD08568,2025-03-05,South,Anita,Electronics,Mobile,3,20000,60000,13598
ORD08569,2025-01-19,West,Rahul,Furniture,Table,17,8000,136000,40787
ORD08570,2025-03-03,North,Amit,Furniture,Table,11,8000,88000,17286
ORD08571,2025-10-22,North,Amit,Furniture,Table,10,8000,80000,22339
ORD08572,2025-02-16,West,Sneha,Furniture,Chair,16,3000,48000,13810
ORD08573,2025-07-06,West,Meena,Furniture,Table,5,8000,40000,10885
ORD08574,2025-02-20,West,Rahul,Furniture,Sofa,5,25000,125000,21003
ORD08575,2025-07-27,South,Anita,Furniture,Chair,5,3000,15000,2934
ORD08576,2025-07-19,North,Raj,Electronics,Mobile,6,20000,120000,14322
ORD08577,2025-07-17,North,Vikram,Electronics,Mobile,20,20000,400000,53082
ORD08578,2025-10-10,North,Raj,Electronics,Laptop,5,50000,250000,29902
ORD08579,2025-05-10,South,Priya,Furniture,Chair,3,3000,9000,2577
ORD08580,2025-12-14,East,Suresh,Electronics,Laptop,19,50000,950000,268904
ORD08581,2025-03-25,South,Priya,Electronics,Monitor,14,12000,168000,43308
ORD08582,2025-08-01,South,Priya,Electronics,Monitor,5,12000,60000,11337
ORD08583,2025-01-07,North,Vikram,Electronics,Laptop,4,50000,200000,50050
ORD08584,2025-10-26,South,Anita,Furniture,Sofa,3,25000,75000,10159
ORD08585,2025-05-03,North,Amit,Furniture,Table,10,8000,80000,22054
ORD08586,2025-04-22,South,Anita,Furniture,Table,15,8000,120000,35260
ORD08587,2025-04-07,South,Priya,Furniture,Sofa,18,25000,450000,99196
ORD08588,2025-08-28,West,Sneha,Electronics,Laptop,10,50000,500000,63369
ORD08589,2025-04-14,West,Sneha,Electronics,Monitor,12,12000,144000,36523
ORD08590,2025-02-13,South,Priya,Furniture,Chair,9,3000,27000,7235
ORD08591,2025-12-11,South,Anita,Furniture,Chair,10,3000,30000,7262
ORD08592,2025-08-11,West,Meena,Furniture,Chair,15,3000,45000,12553
ORD08593,2025-10-27,South,Anita,Furniture,Chair,1,3000,3000,603
ORD08594,2025-06-27,East,Riya,Furniture,Table,17,8000,136000,14401
ORD08595,2025-05-15,North,Amit,Electronics,Mobile,7,20000,140000,23633
ORD08596,2025-12-27,West,Rahul,Electronics,Monitor,7,12000,84000,13199
ORD08597,2025-05-17,West,Rahul,Furniture,Table,6,8000,48000,8414
ORD08598,2025-03-14,South,Priya,Furniture,Chair,14,3000,42000,10227
ORD08599,2025-03-09,South,Priya,Furniture,Chair,16,3000,48000,7873
ORD08600,2025-07-04,South,Anita,Furniture,Table,20,8000,160000,20838
ORD08601,2025-07-04,North,Raj,Electronics,Monitor,6,12000,72000,14511
ORD08602,2025-11-03,South,Anita,Furniture,Chair,12,3000,36000,4776
ORD08603,2025-05-01,West,Meena,Electronics,Mobile,2,20000,40000,9513
ORD08604,2025-04-17,East,Riya,Furniture,Chair,9,3000,27000,6095
ORD08605,2025-06-13,South,Anita,Electronics,Mobile,16,20000,320000,38552
ORD08606,2025-10-10,South,Priya,Electronics,Monitor,11,12000,132000,21847
ORD08607,2025-08-11,South,Karthik,Furniture,Chair,15,3000,45000,4949
ORD08608,2025-06-13,West,Rahul,Furniture,Chair,5,3000,15000,3581
ORD08609,2025-07-04,North,Amit,Electronics,Mobile,17,20000,340000,67251
ORD08610,2025-07-17,North,Vikram,Furniture,Table,16,8000,128000,29102
ORD08611,2025-04-27,East,Suresh,Furniture,Sofa,13,25000,325000,88131
ORD08612,2025-11-20,North,Vikram,Electronics,Monitor,1,12000,12000,1427
ORD08613,2025-12-28,East,Riya,Electronics,Mobile,5,20000,100000,17019
ORD08614,2025-02-03,West,Sneha,Electronics,Monitor,1,12000,12000,1305
ORD08615,2025-04-04,West,Sneha,Furniture,Sofa,4,25000,100000,23558
ORD08616,2025-06-27,North,Amit,Furniture,Chair,15,3000,45000,9024
ORD08617,2025-12-29,South,Karthik,Electronics,Monitor,17,12000,204000,26389
ORD08618,2025-10-29,West,Meena,Electronics,Mobile,20,20000,400000,69771
ORD08619,2025-09-07,South,Priya,Electronics,Mobile,18,20000,360000,48320
ORD08620,2025-07-06,South,Anita,Electronics,Mobile,1,20000,20000,4992
ORD08621,2025-03-05,South,Anita,Furniture,Table,20,8000,160000,25588
ORD08622,2025-12-22,West,Sneha,Electronics,Laptop,18,50000,900000,165392
ORD08623,2025-09-04,South,Karthik,Electronics,Mobile,12,20000,240000,25695
ORD08624,2025-02-27,East,Arun,Furniture,Chair,5,3000,15000,3791
ORD08625,2025-06-01,West,Rahul,Electronics,Mobile,19,20000,380000,41648
ORD08626,2025-06-12,West,Meena,Electronics,Monitor,3,12000,36000,5044
ORD08627,2025-05-28,North,Vikram,Furniture,Sofa,6,25000,150000,38796
ORD08628,2025-11-18,East,Arun,Electronics,Laptop,20,50000,1000000,171813
ORD08629,2025-03-29,North,Amit,Furniture,Sofa,13,25000,325000,83159
ORD08630,2025-05-24,North,Raj,Electronics,Mobile,17,20000,340000,90109
ORD08631,2025-09-26,West,Sneha,Furniture,Sofa,4,25000,100000,17698
ORD08632,2025-10-29,North,Amit,Furniture,Table,14,8000,112000,21371
ORD08633,2025-11-26,West,Rahul,Electronics,Mobile,14,20000,280000,78989
ORD08634,2025-07-03,West,Rahul,Electronics,Laptop,16,50000,800000,156944
ORD08635,2025-08-13,West,Meena,Furniture,Table,18,8000,144000,28218
ORD08636,2025-07-11,East,Arun,Furniture,Table,19,8000,152000,29971
ORD08637,2025-08-28,South,Anita,Furniture,Sofa,18,25000,450000,50040
ORD08638,2025-04-26,South,Priya,Furniture,Chair,17,3000,51000,7522
ORD08639,2025-06-08,East,Suresh,Electronics,Monitor,6,12000,72000,8341
ORD08640,2025-09-14,North,Raj,Electronics,Monitor,4,12000,48000,9704
ORD08641,2025-08-15,North,Raj,Electronics,Monitor,5,12000,60000,10127
ORD08642,2025-10-31,South,Anita,Electronics,Monitor,15,12000,180000,48522
ORD08643,2025-01-01,West,Rahul,Furniture,Table,19,8000,152000,21650
ORD08644,2025-03-13,South,Priya,Furniture,Sofa,17,25000,425000,113407
ORD08645,2025-01-11,West,Meena,Electronics,Laptop,18,50000,900000,181649
ORD08646,2025-10-02,North,Amit,Electronics,Laptop,12,50000,600000,176025
ORD08647,2025-03-17,North,Raj,Furniture,Table,5,8000,40000,6268
ORD08648,2025-10-24,North,Vikram,Furniture,Chair,12,3000,36000,4075
ORD08649,2025-12-20,West,Sneha,Furniture,Table,11,8000,88000,19555
ORD08650,2025-07-22,South,Priya,Furniture,Table,3,8000,24000,7150
ORD08651,2025-08-30,South,Karthik,Furniture,Chair,16,3000,48000,9088
ORD08652,2025-03-22,West,Rahul,Furniture,Table,15,8000,120000,30888
ORD08653,2025-02-14,South,Anita,Furniture,Chair,11,3000,33000,4171
ORD08654,2025-02-06,South,Karthik,Furniture,Sofa,19,25000,475000,137869
ORD08655,2025-08-25,South,Anita,Furniture,Sofa,5,25000,125000,18479
ORD08656,2025-03-03,North,Amit,Furniture,Table,14,8000,112000,18147
ORD08657,2025-04-13,East,Riya,Electronics,Laptop,11,50000,550000,160415
ORD08658,2025-10-19,South,Anita,Furniture,Chair,4,3000,12000,1209
ORD08659,2025-05-26,West,Rahul,Furniture,Chair,1,3000,3000,586
ORD08660,2025-10-23,North,Raj,Furniture,Table,5,8000,40000,9128
ORD08661,2025-04-16,North,Amit,Electronics,Laptop,14,50000,700000,157350
ORD08662,2025-03-16,North,Raj,Furniture,Chair,15,3000,45000,7738
ORD08663,2025-09-25,East,Riya,Electronics,Monitor,15,12000,180000,30074
ORD08664,2025-09-16,North,Raj,Electronics,Monitor,5,12000,60000,9851
ORD08665,2025-02-26,South,Priya,Furniture,Chair,19,3000,57000,16973
ORD08666,2025-01-17,North,Vikram,Electronics,Mobile,7,20000,140000,24002
ORD08667,2025-05-19,North,Raj,Furniture,Table,15,8000,120000,30285
ORD08668,2025-04-12,South,Karthik,Furniture,Sofa,16,25000,400000,49187
ORD08669,2025-12-06,South,Priya,Electronics,Laptop,15,50000,750000,189401
ORD08670,2025-11-29,North,Amit,Furniture,Chair,15,3000,45000,12891
ORD08671,2025-04-23,South,Karthik,Furniture,Chair,9,3000,27000,7421
ORD08672,2025-07-15,North,Amit,Electronics,Laptop,15,50000,750000,105891
ORD08673,2025-08-30,West,Sneha,Furniture,Table,9,8000,72000,18796
ORD08674,2025-05-07,North,Vikram,Electronics,Mobile,19,20000,380000,61388
ORD08675,2025-02-23,West,Rahul,Electronics,Monitor,15,12000,180000,40278
ORD08676,2025-02-15,West,Rahul,Electronics,Laptop,7,50000,350000,57863
ORD08677,2025-09-19,North,Vikram,Furniture,Sofa,19,25000,475000,51323
ORD08678,2025-06-24,West,Rahul,Furniture,Chair,14,3000,42000,7268
ORD08679,2025-04-26,West,Rahul,Furniture,Chair,5,3000,15000,3702
ORD08680,2025-03-12,West,Meena,Furniture,Chair,11,3000,33000,5798
ORD08681,2025-02-19,East,Suresh,Electronics,Mobile,7,20000,140000,31558
ORD08682,2025-02-25,East,Suresh,Electronics,Laptop,11,50000,550000,62646
ORD08683,2025-06-11,West,Sneha,Furniture,Table,6,8000,48000,5548
ORD08684,2025-07-05,West,Sneha,Electronics,Mobile,8,20000,160000,28283
ORD08685,2025-12-17,West,Sneha,Furniture,Table,16,8000,128000,18892
ORD08686,2025-02-03,East,Arun,Furniture,Chair,6,3000,18000,5207
ORD08687,2025-05-12,North,Amit,Electronics,Monitor,8,12000,96000,12149
ORD08688,2025-09-20,North,Raj,Electronics,Mobile,6,20000,120000,14197
ORD08689,2025-09-08,East,Suresh,Electronics,Monitor,13,12000,156000,23703
ORD08690,2025-06-10,West,Sneha,Furniture,Table,7,8000,56000,11023
ORD08691,2025-09-14,North,Raj,Electronics,Mobile,11,20000,220000,49154
ORD08692,2025-11-22,East,Suresh,Furniture,Table,9,8000,72000,11371
ORD08693,2025-01-09,East,Suresh,Electronics,Mobile,8,20000,160000,27930
ORD08694,2025-09-05,North,Raj,Furniture,Chair,4,3000,12000,2291
ORD08695,2025-11-18,East,Suresh,Furniture,Chair,8,3000,24000,5635
ORD08696,2025-01-16,North,Raj,Electronics,Monitor,7,12000,84000,10556
ORD08697,2025-02-22,East,Suresh,Electronics,Mobile,6,20000,120000,30463
ORD08698,2025-09-18,South,Karthik,Furniture,Sofa,2,25000,50000,13005
ORD08699,2025-03-28,North,Raj,Furniture,Chair,7,3000,21000,4795
ORD08700,2025-03-24,South,Priya,Electronics,Laptop,13,50000,650000,173902
ORD08701,2025-06-08,South,Anita,Furniture,Chair,18,3000,54000,12283
ORD08702,2025-05-27,East,Arun,Furniture,Table,4,8000,32000,6568
ORD08703,2025-10-27,West,Sneha,Furniture,Table,15,8000,120000,27729
ORD08704,2025-09-22,East,Suresh,Electronics,Mobile,17,20000,340000,49976
ORD08705,2025-04-12,South,Anita,Electronics,Laptop,8,50000,400000,99215
ORD08706,2025-01-24,West,Meena,Electronics,Monitor,20,12000,240000,54138
ORD08707,2025-07-29,West,Meena,Electronics,Monitor,9,12000,108000,23562
ORD08708,2025-05-17,North,Amit,Furniture,Chair,19,3000,57000,8933
ORD08709,2025-01-23,South,Karthik,Furniture,Table,7,8000,56000,13590
ORD08710,2025-10-29,South,Karthik,Furniture,Sofa,19,25000,475000,93959
ORD08711,2025-12-13,East,Arun,Furniture,Chair,16,3000,48000,7870
ORD08712,2025-07-24,West,Rahul,Furniture,Table,5,8000,40000,10559
ORD08713,2025-10-15,South,Karthik,Electronics,Mobile,5,20000,100000,20782
ORD08714,2025-07-16,North,Vikram,Electronics,Monitor,2,12000,24000,2654
ORD08715,2025-11-25,West,Rahul,Furniture,Table,14,8000,112000,31223
ORD08716,2025-04-27,South,Priya,Furniture,Table,14,8000,112000,13273
ORD08717,2025-06-21,West,Rahul,Furniture,Sofa,12,25000,300000,46571
ORD08718,2025-01-17,South,Priya,Electronics,Laptop,1,50000,50000,13026
ORD08719,2025-04-09,West,Sneha,Furniture,Chair,15,3000,45000,6128
ORD08720,2025-01-13,West,Sneha,Electronics,Monitor,4,12000,48000,8666
ORD08721,2025-10-25,West,Rahul,Electronics,Mobile,17,20000,340000,101625
ORD08722,2025-03-19,East,Riya,Electronics,Mobile,7,20000,140000,15337
ORD08723,2025-12-26,West,Sneha,Furniture,Table,2,8000,16000,4320
ORD08724,2025-05-17,North,Amit,Electronics,Laptop,7,50000,350000,64970
ORD08725,2025-06-09,East,Arun,Electronics,Laptop,5,50000,250000,43592
ORD08726,2025-01-24,North,Amit,Furniture,Chair,10,3000,30000,4995
ORD08727,2025-01-05,North,Vikram,Electronics,Monitor,9,12000,108000,31980
ORD08728,2025-02-09,West,Rahul,Electronics,Monitor,2,12000,24000,5116
ORD08729,2025-07-29,North,Raj,Electronics,Mobile,17,20000,340000,75733
ORD08730,2025-01-20,West,Meena,Electronics,Monitor,9,12000,108000,17837
ORD08731,2025-05-28,North,Amit,Electronics,Monitor,4,12000,48000,5262
ORD08732,2025-07-25,West,Rahul,Electronics,Laptop,1,50000,50000,11086
ORD08733,2025-07-29,North,Amit,Furniture,Sofa,13,25000,325000,34292
ORD08734,2025-04-09,West,Sneha,Electronics,Mobile,6,20000,120000,14551
ORD08735,2025-01-25,East,Riya,Furniture,Sofa,20,25000,500000,62114
ORD08736,2025-10-15,North,Raj,Electronics,Laptop,19,50000,950000,128542
ORD08737,2025-08-23,East,Suresh,Furniture,Chair,15,3000,45000,12142
ORD08738,2025-10-10,East,Arun,Electronics,Laptop,16,50000,800000,189237
ORD08739,2025-07-22,South,Priya,Furniture,Chair,15,3000,45000,8226
ORD08740,2025-10-28,West,Meena,Electronics,Mobile,18,20000,360000,90418
ORD08741,2025-03-07,West,Rahul,Furniture,Sofa,14,25000,350000,93870
ORD08742,2025-09-10,North,Raj,Electronics,Laptop,13,50000,650000,188866
ORD08743,2025-02-05,East,Arun,Furniture,Table,18,8000,144000,23324
ORD08744,2025-09-28,South,Anita,Electronics,Laptop,7,50000,350000,67032
ORD08745,2025-09-01,East,Riya,Furniture,Chair,20,3000,60000,8616
ORD08746,2025-08-06,West,Sneha,Electronics,Monitor,11,12000,132000,30349
ORD08747,2025-04-03,South,Priya,Furniture,Sofa,2,25000,50000,13969
ORD08748,2025-11-02,South,Karthik,Electronics,Laptop,7,50000,350000,66972
ORD08749,2025-07-20,West,Rahul,Furniture,Chair,9,3000,27000,5285
ORD08750,2025-07-27,East,Suresh,Electronics,Mobile,7,20000,140000,33388
ORD08751,2025-02-16,South,Anita,Furniture,Chair,7,3000,21000,3388
ORD08752,2025-02-14,North,Amit,Electronics,Monitor,7,12000,84000,10157
ORD08753,2025-06-23,South,Priya,Electronics,Laptop,16,50000,800000,159815
ORD08754,2025-02-23,North,Amit,Furniture,Table,6,8000,48000,13571
ORD08755,2025-12-12,North,Vikram,Furniture,Chair,13,3000,39000,8731
ORD08756,2025-09-10,East,Riya,Electronics,Mobile,20,20000,400000,51934
ORD08757,2025-07-14,South,Anita,Electronics,Mobile,9,20000,180000,32917
ORD08758,2025-04-16,East,Suresh,Furniture,Sofa,14,25000,350000,76706
ORD08759,2025-08-28,North,Vikram,Electronics,Mobile,4,20000,80000,12604
ORD08760,2025-12-05,North,Amit,Furniture,Chair,14,3000,42000,4578
ORD08761,2025-07-26,South,Anita,Furniture,Table,8,8000,64000,12569
ORD08762,2025-08-05,North,Vikram,Electronics,Monitor,5,12000,60000,16702
ORD08763,2025-06-01,West,Sneha,Electronics,Mobile,10,20000,200000,42480
ORD08764,2025-11-28,West,Meena,Furniture,Sofa,18,25000,450000,90605
ORD08765,2025-12-28,North,Amit,Electronics,Mobile,6,20000,120000,17899
ORD08766,2025-03-14,North,Vikram,Furniture,Table,6,8000,48000,8921
ORD08767,2025-02-01,South,Priya,Furniture,Sofa,17,25000,425000,63366
ORD08768,2025-03-31,South,Anita,Furniture,Chair,12,3000,36000,3986
ORD08769,2025-11-23,North,Raj,Electronics,Laptop,10,50000,500000,127980
ORD08770,2025-03-25,North,Vikram,Electronics,Laptop,11,50000,550000,123078
ORD08771,2025-07-06,West,Rahul,Furniture,Sofa,4,25000,100000,13118
ORD08772,2025-01-12,East,Suresh,Electronics,Mobile,15,20000,300000,61041
ORD08773,2025-08-08,East,Arun,Furniture,Table,3,8000,24000,6311
ORD08774,2025-06-23,South,Priya,Electronics,Laptop,7,50000,350000,75501
ORD08775,2025-01-30,South,Priya,Electronics,Laptop,20,50000,1000000,291237
ORD08776,2025-01-10,North,Raj,Furniture,Chair,20,3000,60000,17457
ORD08777,2025-02-24,West,Rahul,Electronics,Laptop,6,50000,300000,49788
ORD08778,2025-10-25,East,Riya,Electronics,Monitor,5,12000,60000,11644
ORD08779,2025-06-06,North,Vikram,Furniture,Table,8,8000,64000,8754
ORD08780,2025-09-17,East,Riya,Furniture,Sofa,4,25000,100000,25601
ORD08781,2025-01-04,East,Arun,Electronics,Monitor,15,12000,180000,20558
ORD08782,2025-08-11,North,Amit,Electronics,Laptop,14,50000,700000,189322
ORD08783,2025-07-29,South,Anita,Furniture,Table,19,8000,152000,44116
ORD08784,2025-07-29,North,Raj,Furniture,Sofa,10,25000,250000,64339
ORD08785,2025-08-15,North,Amit,Furniture,Sofa,3,25000,75000,10490
ORD08786,2025-11-30,South,Priya,Furniture,Table,1,8000,8000,946
ORD08787,2025-10-17,East,Riya,Furniture,Table,3,8000,24000,3160
ORD08788,2025-01-21,North,Amit,Furniture,Table,20,8000,160000,25161
ORD08789,2025-09-01,West,Sneha,Furniture,Chair,20,3000,60000,7042
ORD08790,2025-03-20,South,Anita,Furniture,Sofa,3,25000,75000,11428
ORD08791,2025-11-19,North,Vikram,Furniture,Chair,13,3000,39000,5199
ORD08792,2025-12-29,North,Vikram,Furniture,Chair,19,3000,57000,9015
ORD08793,2025-08-19,North,Vikram,Furniture,Sofa,15,25000,375000,62315
ORD08794,2025-03-22,South,Karthik,Furniture,Table,6,8000,48000,7435
ORD08795,2025-01-12,West,Sneha,Furniture,Sofa,19,25000,475000,112455
ORD08796,2025-04-16,South,Karthik,Furniture,Sofa,17,25000,425000,56091
ORD08797,2025-06-14,West,Sneha,Furniture,Sofa,6,25000,150000,35149
ORD08798,2025-05-18,South,Priya,Furniture,Sofa,4,25000,100000,26662
ORD08799,2025-05-27,West,Rahul,Electronics,Mobile,11,20000,220000,34846
ORD08800,2025-02-20,North,Vikram,Furniture,Table,12,8000,96000,16905
ORD08801,2025-06-16,North,Raj,Electronics,Monitor,16,12000,192000,45535
ORD08802,2025-03-28,East,Arun,Electronics,Laptop,13,50000,650000,79785
ORD08803,2025-05-26,East,Riya,Furniture,Chair,20,3000,60000,14495
ORD08804,2025-11-08,North,Raj,Electronics,Monitor,20,12000,240000,37286
ORD08805,2025-03-27,South,Priya,Electronics,Monitor,19,12000,228000,29000
ORD08806,2025-01-05,North,Vikram,Electronics,Monitor,20,12000,240000,29437
ORD08807,2025-02-09,East,Suresh,Electronics,Mobile,7,20000,140000,24424
ORD08808,2025-07-06,West,Rahul,Electronics,Mobile,4,20000,80000,8952
ORD08809,2025-02-28,North,Amit,Electronics,Laptop,7,50000,350000,56274
ORD08810,2025-03-04,North,Vikram,Furniture,Table,11,8000,88000,13925
ORD08811,2025-03-10,West,Meena,Electronics,Monitor,7,12000,84000,21345
ORD08812,2025-12-06,East,Riya,Furniture,Table,4,8000,32000,5727
ORD08813,2025-04-17,South,Karthik,Electronics,Laptop,2,50000,100000,28074
ORD08814,2025-10-02,East,Suresh,Electronics,Laptop,15,50000,750000,83602
ORD08815,2025-04-08,South,Karthik,Electronics,Laptop,3,50000,150000,31647
ORD08816,2025-01-08,North,Amit,Electronics,Laptop,18,50000,900000,114104
ORD08817,2025-04-19,West,Rahul,Furniture,Sofa,18,25000,450000,104730
ORD08818,2025-03-13,North,Raj,Electronics,Mobile,4,20000,80000,9664
ORD08819,2025-11-24,East,Arun,Electronics,Laptop,1,50000,50000,5200
ORD08820,2025-06-29,West,Meena,Furniture,Table,11,8000,88000,23112
ORD08821,2025-07-02,East,Riya,Furniture,Chair,17,3000,51000,13698
ORD08822,2025-07-29,West,Sneha,Furniture,Sofa,4,25000,100000,10761
ORD08823,2025-11-07,North,Amit,Furniture,Table,14,8000,112000,22621
ORD08824,2025-11-07,South,Karthik,Furniture,Table,2,8000,16000,4767
ORD08825,2025-04-04,South,Karthik,Electronics,Monitor,13,12000,156000,37788
ORD08826,2025-09-15,North,Amit,Furniture,Chair,2,3000,6000,1160
ORD08827,2025-10-02,East,Suresh,Electronics,Mobile,13,20000,260000,62328
ORD08828,2025-09-25,North,Vikram,Electronics,Mobile,6,20000,120000,13329
ORD08829,2025-06-25,East,Arun,Furniture,Chair,19,3000,57000,10438
ORD08830,2025-07-30,East,Arun,Electronics,Laptop,8,50000,400000,113198
ORD08831,2025-04-22,East,Suresh,Electronics,Laptop,20,50000,1000000,199049
ORD08832,2025-07-19,South,Karthik,Electronics,Monitor,4,12000,48000,9818
ORD08833,2025-06-13,East,Riya,Furniture,Table,2,8000,16000,2916
ORD08834,2025-11-23,East,Arun,Electronics,Mobile,12,20000,240000,68248
ORD08835,2025-11-07,West,Rahul,Electronics,Monitor,11,12000,132000,37718
ORD08836,2025-10-15,East,Arun,Electronics,Laptop,19,50000,950000,175841
ORD08837,2025-12-15,North,Raj,Electronics,Mobile,20,20000,400000,115438
ORD08838,2025-03-03,West,Sneha,Electronics,Mobile,1,20000,20000,2561
ORD08839,2025-01-05,West,Sneha,Furniture,Table,4,8000,32000,8912
ORD08840,2025-05-09,West,Meena,Furniture,Sofa,15,25000,375000,77809
ORD08841,2025-01-21,North,Amit,Furniture,Table,6,8000,48000,7709
ORD08842,2025-12-04,East,Arun,Furniture,Sofa,11,25000,275000,53213
ORD08843,2025-06-19,East,Arun,Furniture,Table,2,8000,16000,2253
ORD08844,2025-06-19,South,Priya,Furniture,Table,2,8000,16000,4051
ORD08845,2025-01-08,South,Karthik,Electronics,Laptop,1,50000,50000,13408
ORD08846,2025-03-10,West,Rahul,Furniture,Chair,2,3000,6000,1160
ORD08847,2025-09-26,East,Arun,Furniture,Chair,12,3000,36000,8153
ORD08848,2025-09-12,East,Riya,Furniture,Chair,4,3000,12000,2859
ORD08849,2025-11-16,North,Vikram,Furniture,Table,17,8000,136000,20892
ORD08850,2025-04-04,West,Sneha,Furniture,Chair,20,3000,60000,8970
ORD08851,2025-03-22,East,Suresh,Furniture,Chair,17,3000,51000,10416
ORD08852,2025-06-08,West,Meena,Furniture,Table,13,8000,104000,27144
ORD08853,2025-09-02,South,Karthik,Electronics,Mobile,8,20000,160000,26768
ORD08854,2025-12-26,South,Karthik,Electronics,Laptop,16,50000,800000,206231
ORD08855,2025-03-11,South,Priya,Electronics,Laptop,3,50000,150000,22256
ORD08856,2025-02-03,North,Raj,Electronics,Laptop,2,50000,100000,11913
ORD08857,2025-05-13,South,Priya,Electronics,Mobile,1,20000,20000,2283
ORD08858,2025-07-07,North,Amit,Furniture,Chair,18,3000,54000,11666
ORD08859,2025-04-27,West,Rahul,Furniture,Table,6,8000,48000,12884
ORD08860,2025-04-29,South,Anita,Furniture,Table,6,8000,48000,7579
ORD08861,2025-10-31,South,Anita,Furniture,Table,9,8000,72000,10724
ORD08862,2025-09-26,South,Anita,Furniture,Table,8,8000,64000,12564
ORD08863,2025-03-04,East,Suresh,Furniture,Chair,12,3000,36000,7593
ORD08864,2025-09-08,West,Sneha,Electronics,Monitor,15,12000,180000,33484
ORD08865,2025-09-18,North,Raj,Electronics,Monitor,19,12000,228000,55689
ORD08866,2025-05-06,South,Anita,Electronics,Monitor,7,12000,84000,11461
ORD08867,2025-03-03,West,Meena,Furniture,Table,5,8000,40000,8440
ORD08868,2025-01-19,South,Karthik,Electronics,Mobile,19,20000,380000,85112
ORD08869,2025-02-26,South,Priya,Furniture,Table,16,8000,128000,36393
ORD08870,2025-11-09,West,Meena,Furniture,Chair,5,3000,15000,4124
ORD08871,2025-05-10,South,Priya,Furniture,Sofa,9,25000,225000,47963
ORD08872,2025-03-30,North,Raj,Electronics,Laptop,8,50000,400000,94061
ORD08873,2025-11-09,North,Raj,Furniture,Chair,14,3000,42000,8480
ORD08874,2025-01-03,West,Meena,Furniture,Sofa,19,25000,475000,134853
ORD08875,2025-02-01,North,Amit,Electronics,Laptop,11,50000,550000,62096
ORD08876,2025-04-21,East,Arun,Electronics,Laptop,10,50000,500000,92557
ORD08877,2025-05-18,East,Arun,Furniture,Chair,7,3000,21000,3769
ORD08878,2025-08-21,West,Sneha,Electronics,Monitor,20,12000,240000,45370
ORD08879,2025-06-13,North,Vikram,Electronics,Laptop,4,50000,200000,51672
ORD08880,2025-12-26,West,Sneha,Furniture,Chair,17,3000,51000,6913
ORD08881,2025-07-14,East,Arun,Electronics,Mobile,7,20000,140000,41292
ORD08882,2025-10-05,East,Arun,Electronics,Laptop,17,50000,850000,107792
ORD08883,2025-06-15,North,Raj,Furniture,Chair,16,3000,48000,5857
ORD08884,2025-04-28,West,Meena,Furniture,Table,17,8000,136000,23601
ORD08885,2025-11-28,West,Meena,Furniture,Chair,17,3000,51000,9917
ORD08886,2025-08-18,South,Priya,Furniture,Sofa,5,25000,125000,20544
ORD08887,2025-08-08,West,Meena,Electronics,Monitor,3,12000,36000,5963
ORD08888,2025-07-30,North,Amit,Furniture,Chair,15,3000,45000,12798
ORD08889,2025-02-24,South,Anita,Furniture,Sofa,9,25000,225000,38153
ORD08890,2025-03-31,East,Suresh,Electronics,Laptop,5,50000,250000,43102
ORD08891,2025-02-23,West,Rahul,Furniture,Chair,11,3000,33000,8919
ORD08892,2025-09-25,North,Amit,Electronics,Monitor,11,12000,132000,23135
ORD08893,2025-05-11,West,Rahul,Electronics,Laptop,1,50000,50000,7919
ORD08894,2025-08-03,West,Rahul,Electronics,Mobile,13,20000,260000,54692
ORD08895,2025-04-11,West,Sneha,Furniture,Chair,20,3000,60000,10426
ORD08896,2025-05-14,North,Amit,Electronics,Monitor,17,12000,204000,51010
ORD08897,2025-02-20,East,Suresh,Furniture,Chair,8,3000,24000,7169
ORD08898,2025-06-24,East,Suresh,Electronics,Mobile,16,20000,320000,58215
ORD08899,2025-01-27,South,Karthik,Electronics,Monitor,11,12000,132000,31927
ORD08900,2025-09-05,West,Rahul,Furniture,Table,1,8000,8000,1398
ORD08901,2025-04-29,North,Raj,Furniture,Chair,19,3000,57000,10700
ORD08902,2025-04-30,North,Amit,Furniture,Table,7,8000,56000,12388
ORD08903,2025-02-12,North,Amit,Electronics,Mobile,18,20000,360000,67055
ORD08904,2025-11-15,West,Meena,Furniture,Chair,5,3000,15000,2835
ORD08905,2025-09-12,West,Sneha,Furniture,Sofa,17,25000,425000,77331
ORD08906,2025-01-12,South,Karthik,Electronics,Mobile,12,20000,240000,43239
ORD08907,2025-07-14,West,Meena,Furniture,Table,12,8000,96000,28483
ORD08908,2025-08-23,South,Karthik,Electronics,Laptop,17,50000,850000,241763
ORD08909,2025-01-04,South,Karthik,Furniture,Sofa,19,25000,475000,121970
ORD08910,2025-05-09,North,Amit,Furniture,Table,8,8000,64000,8820
ORD08911,2025-07-01,West,Sneha,Furniture,Chair,1,3000,3000,510
ORD08912,2025-06-14,North,Vikram,Furniture,Chair,16,3000,48000,13442
ORD08913,2025-07-12,East,Arun,Electronics,Mobile,2,20000,40000,11702
ORD08914,2025-05-06,North,Amit,Electronics,Laptop,13,50000,650000,189274
ORD08915,2025-06-03,South,Priya,Electronics,Monitor,19,12000,228000,47195
ORD08916,2025-03-11,East,Riya,Furniture,Sofa,20,25000,500000,97188
ORD08917,2025-12-14,East,Riya,Furniture,Table,10,8000,80000,12510
ORD08918,2025-04-06,East,Suresh,Furniture,Chair,5,3000,15000,4489
ORD08919,2025-03-13,South,Priya,Furniture,Sofa,14,25000,350000,47588
ORD08920,2025-06-09,North,Vikram,Electronics,Mobile,5,20000,100000,12343
ORD08921,2025-01-06,West,Rahul,Furniture,Chair,16,3000,48000,5295
ORD08922,2025-08-29,East,Arun,Furniture,Table,7,8000,56000,11179
ORD08923,2025-09-24,West,Meena,Furniture,Sofa,11,25000,275000,43484
ORD08924,2025-01-07,South,Karthik,Electronics,Laptop,2,50000,100000,26037
ORD08925,2025-06-12,East,Suresh,Electronics,Mobile,15,20000,300000,43765
ORD08926,2025-06-05,South,Karthik,Furniture,Chair,11,3000,33000,6539
ORD08927,2025-03-17,West,Rahul,Electronics,Mobile,7,20000,140000,34825
ORD08928,2025-11-14,South,Priya,Electronics,Mobile,13,20000,260000,46110
ORD08929,2025-10-05,East,Suresh,Furniture,Sofa,5,25000,125000,21257
ORD08930,2025-10-27,South,Priya,Furniture,Sofa,18,25000,450000,58315
ORD08931,2025-08-23,West,Meena,Furniture,Chair,5,3000,15000,2082
ORD08932,2025-06-29,North,Amit,Electronics,Laptop,13,50000,650000,128982
ORD08933,2025-06-13,South,Priya,Electronics,Mobile,17,20000,340000,40245
ORD08934,2025-06-09,East,Arun,Furniture,Sofa,17,25000,425000,100343
ORD08935,2025-06-18,East,Arun,Electronics,Laptop,13,50000,650000,174708
ORD08936,2025-05-29,North,Vikram,Furniture,Table,15,8000,120000,35049
ORD08937,2025-05-23,South,Priya,Electronics,Monitor,6,12000,72000,13793
ORD08938,2025-08-01,East,Riya,Furniture,Table,3,8000,24000,5657
ORD08939,2025-06-07,South,Anita,Electronics,Laptop,11,50000,550000,162731
ORD08940,2025-04-24,West,Meena,Electronics,Monitor,3,12000,36000,10749
ORD08941,2025-01-05,South,Anita,Electronics,Monitor,4,12000,48000,8348
ORD08942,2025-08-24,North,Raj,Furniture,Sofa,6,25000,150000,24319
ORD08943,2025-03-14,East,Suresh,Electronics,Laptop,17,50000,850000,126820
ORD08944,2025-06-16,West,Sneha,Furniture,Chair,1,3000,3000,712
ORD08945,2025-12-26,East,Riya,Furniture,Table,2,8000,16000,2527
ORD08946,2025-02-22,West,Sneha,Furniture,Chair,14,3000,42000,10058
ORD08947,2025-04-17,West,Meena,Furniture,Table,2,8000,16000,1682
ORD08948,2025-12-02,East,Arun,Furniture,Chair,2,3000,6000,1747
ORD08949,2025-11-01,South,Karthik,Furniture,Sofa,6,25000,150000,24012
ORD08950,2025-08-22,West,Sneha,Furniture,Chair,12,3000,36000,4852
ORD08951,2025-10-31,North,Vikram,Furniture,Sofa,12,25000,300000,53529
ORD08952,2025-03-29,North,Amit,Furniture,Sofa,3,25000,75000,9516
ORD08953,2025-09-23,South,Anita,Furniture,Chair,16,3000,48000,14152
ORD08954,2025-04-05,East,Arun,Furniture,Sofa,1,25000,25000,2672
ORD08955,2025-04-26,South,Karthik,Electronics,Monitor,12,12000,144000,42673
ORD08956,2025-05-14,East,Suresh,Electronics,Laptop,13,50000,650000,125174
ORD08957,2025-07-19,West,Sneha,Furniture,Sofa,3,25000,75000,15660
ORD08958,2025-12-27,North,Raj,Furniture,Sofa,5,25000,125000,13402
ORD08959,2025-04-14,West,Meena,Electronics,Mobile,2,20000,40000,8431
ORD08960,2025-02-23,West,Meena,Furniture,Sofa,4,25000,100000,21963
ORD08961,2025-09-01,South,Anita,Electronics,Mobile,2,20000,40000,9687
ORD08962,2025-03-19,North,Raj,Electronics,Mobile,20,20000,400000,55994
ORD08963,2025-11-22,South,Priya,Furniture,Table,8,8000,64000,11829
ORD08964,2025-07-31,East,Suresh,Furniture,Table,16,8000,128000,28248
ORD08965,2025-01-10,North,Raj,Furniture,Chair,4,3000,12000,1568
ORD08966,2025-05-01,West,Sneha,Furniture,Table,4,8000,32000,4856
ORD08967,2025-04-01,West,Rahul,Electronics,Monitor,2,12000,24000,7154
ORD08968,2025-07-04,East,Arun,Furniture,Table,17,8000,136000,33763
ORD08969,2025-04-22,East,Riya,Electronics,Laptop,7,50000,350000,58473
ORD08970,2025-06-14,North,Raj,Furniture,Chair,18,3000,54000,9396
ORD08971,2025-10-22,East,Suresh,Furniture,Sofa,3,25000,75000,16297
ORD08972,2025-09-28,East,Arun,Electronics,Mobile,2,20000,40000,4519
ORD08973,2025-11-24,West,Rahul,Electronics,Monitor,16,12000,192000,51116
ORD08974,2025-03-12,North,Amit,Electronics,Monitor,3,12000,36000,8610
ORD08975,2025-05-06,West,Sneha,Electronics,Laptop,7,50000,350000,76551
ORD08976,2025-12-27,North,Amit,Furniture,Chair,7,3000,21000,3649
ORD08977,2025-10-10,North,Amit,Electronics,Mobile,15,20000,300000,32397
ORD08978,2025-03-31,South,Anita,Electronics,Monitor,2,12000,24000,4391
ORD08979,2025-09-06,South,Priya,Furniture,Table,4,8000,32000,3679
ORD08980,2025-10-15,East,Riya,Electronics,Mobile,14,20000,280000,42122
ORD08981,2025-04-05,North,Vikram,Furniture,Chair,9,3000,27000,3048
ORD08982,2025-09-09,North,Raj,Furniture,Sofa,2,25000,50000,13231
ORD08983,2025-10-05,South,Priya,Electronics,Mobile,4,20000,80000,16925
ORD08984,2025-04-13,South,Anita,Electronics,Monitor,10,12000,120000,22584
ORD08985,2025-04-30,North,Vikram,Furniture,Table,18,8000,144000,25834
ORD08986,2025-05-15,West,Meena,Electronics,Monitor,10,12000,120000,29211
ORD08987,2025-01-26,West,Meena,Electronics,Laptop,11,50000,550000,159671
ORD08988,2025-07-07,South,Karthik,Electronics,Mobile,13,20000,260000,39307
ORD08989,2025-10-25,West,Sneha,Electronics,Mobile,4,20000,80000,14475
ORD08990,2025-09-12,East,Riya,Electronics,Laptop,20,50000,1000000,252589
ORD08991,2025-03-16,East,Arun,Electronics,Monitor,8,12000,96000,9914
ORD08992,2025-10-16,North,Vikram,Furniture,Table,11,8000,88000,22865
ORD08993,2025-11-06,North,Raj,Furniture,Chair,14,3000,42000,8324
ORD08994,2025-11-15,East,Riya,Furniture,Table,19,8000,152000,15469
ORD08995,2025-12-14,North,Raj,Electronics,Laptop,6,50000,300000,62129
ORD08996,2025-06-08,West,Meena,Electronics,Monitor,16,12000,192000,21381
ORD08997,2025-08-31,South,Anita,Furniture,Sofa,11,25000,275000,45823
ORD08998,2025-12-16,East,Suresh,Electronics,Monitor,16,12000,192000,51543
ORD08999,2025-04-22,South,Priya,Furniture,Table,15,8000,120000,32207
ORD09000,2025-07-07,East,Arun,Furniture,Table,13,8000,104000,15368
ORD09001,2025-02-17,North,Raj,Furniture,Table,13,8000,104000,28829
ORD09002,2025-12-28,South,Anita,Furniture,Sofa,10,25000,250000,70000
ORD09003,2025-02-04,East,Arun,Electronics,Mobile,16,20000,320000,93751
ORD09004,2025-05-01,South,Anita,Electronics,Monitor,19,12000,228000,52853
ORD09005,2025-09-18,East,Arun,Furniture,Sofa,2,25000,50000,9833
ORD09006,2025-03-11,North,Raj,Electronics,Monitor,1,12000,12000,2661
ORD09007,2025-12-22,South,Karthik,Furniture,Chair,16,3000,48000,13322
ORD09008,2025-12-19,East,Suresh,Electronics,Mobile,14,20000,280000,61087
ORD09009,2025-05-12,East,Suresh,Electronics,Mobile,11,20000,220000,60893
ORD09010,2025-04-30,North,Vikram,Furniture,Sofa,18,25000,450000,110140
ORD09011,2025-06-26,North,Amit,Electronics,Mobile,1,20000,20000,4300
ORD09012,2025-05-03,East,Arun,Furniture,Table,19,8000,152000,36221
ORD09013,2025-07-31,North,Vikram,Electronics,Mobile,15,20000,300000,84449
ORD09014,2025-08-28,East,Riya,Furniture,Chair,3,3000,9000,1144
ORD09015,2025-01-20,North,Raj,Furniture,Table,9,8000,72000,10335
ORD09016,2025-08-22,South,Priya,Electronics,Laptop,2,50000,100000,29655
ORD09017,2025-09-21,East,Arun,Furniture,Chair,9,3000,27000,4347
ORD09018,2025-02-12,West,Sneha,Furniture,Chair,13,3000,39000,7914
ORD09019,2025-03-23,East,Arun,Electronics,Laptop,5,50000,250000,35337
ORD09020,2025-11-30,West,Rahul,Electronics,Laptop,13,50000,650000,125661
ORD09021,2025-07-24,East,Suresh,Furniture,Sofa,20,25000,500000,118478
ORD09022,2025-02-08,West,Meena,Furniture,Table,5,8000,40000,9348
ORD09023,2025-07-21,East,Suresh,Furniture,Table,9,8000,72000,9039
ORD09024,2025-10-29,South,Karthik,Furniture,Table,19,8000,152000,44591
ORD09025,2025-01-26,North,Amit,Electronics,Mobile,2,20000,40000,9805
ORD09026,2025-06-21,South,Karthik,Electronics,Mobile,12,20000,240000,50142
ORD09027,2025-08-05,South,Anita,Electronics,Monitor,9,12000,108000,31971
ORD09028,2025-01-17,South,Anita,Electronics,Laptop,15,50000,750000,195831
ORD09029,2025-12-03,West,Meena,Electronics,Laptop,9,50000,450000,126721
ORD09030,2025-09-03,North,Raj,Electronics,Monitor,17,12000,204000,47974
ORD09031,2025-08-12,South,Priya,Furniture,Sofa,13,25000,325000,32697
ORD09032,2025-06-18,South,Karthik,Electronics,Laptop,12,50000,600000,122173
ORD09033,2025-07-20,North,Amit,Electronics,Mobile,14,20000,280000,63958
ORD09034,2025-02-26,South,Karthik,Electronics,Mobile,3,20000,60000,14108
ORD09035,2025-06-27,East,Suresh,Furniture,Chair,17,3000,51000,14714
ORD09036,2025-07-27,North,Raj,Furniture,Chair,1,3000,3000,658
ORD09037,2025-07-29,West,Meena,Electronics,Monitor,7,12000,84000,23696
ORD09038,2025-03-16,East,Riya,Electronics,Monitor,7,12000,84000,22096
ORD09039,2025-12-01,South,Priya,Furniture,Table,5,8000,40000,4382
ORD09040,2025-04-07,West,Meena,Furniture,Sofa,17,25000,425000,66868
ORD09041,2025-06-09,North,Vikram,Furniture,Sofa,10,25000,250000,57999
ORD09042,2025-01-01,East,Riya,Furniture,Sofa,8,25000,200000,56819
ORD09043,2025-12-25,North,Vikram,Furniture,Chair,2,3000,6000,1390
ORD09044,2025-02-06,West,Rahul,Furniture,Sofa,11,25000,275000,81220
ORD09045,2025-12-14,West,Rahul,Electronics,Laptop,10,50000,500000,115400
ORD09046,2025-02-23,South,Karthik,Electronics,Laptop,13,50000,650000,158838
ORD09047,2025-11-22,North,Raj,Electronics,Mobile,2,20000,40000,7747
ORD09048,2025-06-04,East,Riya,Electronics,Monitor,20,12000,240000,64601
ORD09049,2025-06-24,North,Amit,Electronics,Laptop,18,50000,900000,129262
ORD09050,2025-12-28,East,Riya,Furniture,Table,3,8000,24000,5895
ORD09051,2025-05-05,South,Priya,Furniture,Chair,8,3000,24000,4979
ORD09052,2025-06-03,South,Karthik,Electronics,Laptop,7,50000,350000,42151
ORD09053,2025-07-03,East,Arun,Furniture,Table,20,8000,160000,27090
ORD09054,2025-10-01,West,Meena,Electronics,Monitor,7,12000,84000,22944
ORD09055,2025-02-01,West,Meena,Electronics,Monitor,6,12000,72000,14621
ORD09056,2025-01-15,West,Meena,Electronics,Laptop,6,50000,300000,84214
ORD09057,2025-04-11,North,Vikram,Furniture,Table,15,8000,120000,18802
ORD09058,2025-08-07,South,Karthik,Furniture,Chair,13,3000,39000,4943
ORD09059,2025-08-16,West,Meena,Furniture,Sofa,16,25000,400000,117285
ORD09060,2025-03-02,North,Vikram,Furniture,Sofa,16,25000,400000,108994
ORD09061,2025-08-03,South,Karthik,Furniture,Sofa,5,25000,125000,35921
ORD09062,2025-12-11,East,Riya,Electronics,Laptop,12,50000,600000,153132
ORD09063,2025-07-21,West,Rahul,Furniture,Sofa,11,25000,275000,63381
ORD09064,2025-06-01,West,Rahul,Electronics,Mobile,19,20000,380000,75654
ORD09065,2025-07-26,South,Priya,Furniture,Sofa,6,25000,150000,44234
ORD09066,2025-03-24,North,Vikram,Furniture,Sofa,10,25000,250000,57669
ORD09067,2025-10-06,South,Karthik,Electronics,Laptop,4,50000,200000,37874
ORD09068,2025-06-21,North,Amit,Electronics,Monitor,12,12000,144000,37491
ORD09069,2025-11-26,West,Meena,Electronics,Laptop,18,50000,900000,261005
ORD09070,2025-02-27,North,Raj,Furniture,Sofa,6,25000,150000,29185
ORD09071,2025-06-09,West,Meena,Furniture,Sofa,7,25000,175000,44868
ORD09072,2025-02-24,West,Sneha,Furniture,Table,4,8000,32000,6433
ORD09073,2025-07-26,East,Suresh,Electronics,Laptop,16,50000,800000,210464
ORD09074,2025-11-17,North,Amit,Furniture,Chair,8,3000,24000,6950
ORD09075,2025-12-28,East,Arun,Electronics,Laptop,12,50000,600000,88628
ORD09076,2025-10-21,West,Sneha,Furniture,Table,7,8000,56000,13531
ORD09077,2025-12-16,East,Riya,Furniture,Sofa,20,25000,500000,56345
ORD09078,2025-02-24,North,Amit,Electronics,Laptop,6,50000,300000,59773
ORD09079,2025-01-13,North,Raj,Electronics,Laptop,18,50000,900000,248870
ORD09080,2025-04-28,South,Karthik,Furniture,Chair,2,3000,6000,767
ORD09081,2025-07-06,West,Meena,Furniture,Table,16,8000,128000,21389
ORD09082,2025-06-13,South,Karthik,Furniture,Sofa,3,25000,75000,14460
ORD09083,2025-04-29,South,Anita,Furniture,Chair,20,3000,60000,6966
ORD09084,2025-08-26,East,Riya,Electronics,Mobile,1,20000,20000,3424
ORD09085,2025-07-03,West,Rahul,Electronics,Mobile,2,20000,40000,5884
ORD09086,2025-10-06,East,Suresh,Furniture,Table,9,8000,72000,12111
ORD09087,2025-07-12,East,Arun,Furniture,Table,12,8000,96000,21247
ORD09088,2025-07-27,North,Amit,Furniture,Chair,19,3000,57000,15152
ORD09089,2025-05-12,West,Sneha,Electronics,Laptop,2,50000,100000,29577
ORD09090,2025-01-17,East,Riya,Electronics,Laptop,4,50000,200000,44874
ORD09091,2025-08-04,East,Suresh,Electronics,Mobile,8,20000,160000,24375
ORD09092,2025-08-20,West,Sneha,Furniture,Chair,14,3000,42000,9312
ORD09093,2025-11-05,South,Karthik,Electronics,Mobile,7,20000,140000,29567
ORD09094,2025-12-29,West,Sneha,Furniture,Chair,20,3000,60000,7432
ORD09095,2025-04-29,West,Meena,Furniture,Sofa,16,25000,400000,67127
ORD09096,2025-08-16,East,Arun,Furniture,Table,19,8000,152000,22896
ORD09097,2025-04-29,North,Raj,Furniture,Table,15,8000,120000,35874
ORD09098,2025-12-22,West,Meena,Furniture,Sofa,20,25000,500000,103033
ORD09099,2025-04-11,South,Priya,Electronics,Laptop,9,50000,450000,90461
ORD09100,2025-07-29,West,Rahul,Furniture,Chair,19,3000,57000,10604
ORD09101,2025-08-09,South,Anita,Electronics,Mobile,6,20000,120000,15449
ORD09102,2025-07-24,North,Amit,Furniture,Table,16,8000,128000,29056
ORD09103,2025-09-09,West,Sneha,Electronics,Laptop,1,50000,50000,6624
ORD09104,2025-12-22,East,Riya,Electronics,Monitor,17,12000,204000,30644
ORD09105,2025-02-19,South,Anita,Furniture,Chair,6,3000,18000,5383
ORD09106,2025-06-09,East,Arun,Electronics,Laptop,11,50000,550000,146217
ORD09107,2025-11-02,South,Priya,Furniture,Table,2,8000,16000,4240
ORD09108,2025-03-19,South,Priya,Furniture,Table,6,8000,48000,10939
ORD09109,2025-12-17,North,Vikram,Electronics,Laptop,2,50000,100000,18653
ORD09110,2025-05-21,North,Raj,Furniture,Table,6,8000,48000,7847
ORD09111,2025-10-12,East,Suresh,Electronics,Monitor,4,12000,48000,12361
ORD09112,2025-05-13,West,Meena,Furniture,Sofa,10,25000,250000,67562
ORD09113,2025-05-04,South,Karthik,Electronics,Laptop,13,50000,650000,191904
ORD09114,2025-05-20,South,Priya,Electronics,Mobile,2,20000,40000,5072
ORD09115,2025-09-15,North,Vikram,Furniture,Table,3,8000,24000,6944
ORD09116,2025-11-13,East,Suresh,Electronics,Mobile,18,20000,360000,44575
ORD09117,2025-02-03,West,Rahul,Electronics,Monitor,9,12000,108000,30094
ORD09118,2025-07-08,East,Riya,Electronics,Laptop,11,50000,550000,83496
ORD09119,2025-10-02,North,Raj,Furniture,Table,14,8000,112000,26766
ORD09120,2025-09-10,South,Priya,Electronics,Monitor,6,12000,72000,17310
ORD09121,2025-11-22,North,Raj,Furniture,Table,17,8000,136000,21496
ORD09122,2025-07-01,South,Anita,Furniture,Sofa,9,25000,225000,57437
ORD09123,2025-02-22,North,Vikram,Electronics,Laptop,13,50000,650000,147058
ORD09124,2025-12-25,North,Amit,Furniture,Chair,3,3000,9000,1530
ORD09125,2025-07-02,East,Riya,Furniture,Table,12,8000,96000,19468
ORD09126,2025-12-18,West,Sneha,Electronics,Monitor,19,12000,228000,45272
ORD09127,2025-04-25,West,Meena,Electronics,Laptop,3,50000,150000,32597
ORD09128,2025-10-30,East,Arun,Electronics,Laptop,10,50000,500000,63539
ORD09129,2025-02-24,South,Priya,Electronics,Laptop,2,50000,100000,16749
ORD09130,2025-08-07,West,Meena,Electronics,Monitor,8,12000,96000,9860
ORD09131,2025-03-01,West,Meena,Electronics,Laptop,8,50000,400000,90254
ORD09132,2025-05-17,North,Raj,Furniture,Chair,4,3000,12000,2109
ORD09133,2025-03-07,East,Suresh,Electronics,Mobile,2,20000,40000,9297
ORD09134,2025-04-30,North,Amit,Furniture,Table,2,8000,16000,2977
ORD09135,2025-01-23,East,Suresh,Furniture,Sofa,17,25000,425000,105796
ORD09136,2025-03-29,South,Priya,Furniture,Table,18,8000,144000,18965
ORD09137,2025-02-25,South,Priya,Electronics,Monitor,18,12000,216000,51203
ORD09138,2025-09-19,South,Priya,Furniture,Sofa,13,25000,325000,58355
ORD09139,2025-06-29,North,Raj,Furniture,Table,7,8000,56000,16742
ORD09140,2025-05-24,North,Raj,Furniture,Sofa,11,25000,275000,57317
ORD09141,2025-12-29,West,Meena,Furniture,Chair,5,3000,15000,3146
ORD09142,2025-11-15,West,Sneha,Electronics,Laptop,2,50000,100000,23855
ORD09143,2025-09-12,West,Sneha,Electronics,Monitor,1,12000,12000,1349
ORD09144,2025-05-09,West,Rahul,Electronics,Monitor,2,12000,24000,4025
ORD09145,2025-04-11,North,Amit,Electronics,Mobile,18,20000,360000,90851
ORD09146,2025-10-30,West,Sneha,Furniture,Table,12,8000,96000,15266
ORD09147,2025-11-23,South,Karthik,Furniture,Table,2,8000,16000,3321
ORD09148,2025-06-12,West,Rahul,Furniture,Table,2,8000,16000,2463
ORD09149,2025-12-10,North,Amit,Furniture,Chair,3,3000,9000,2088
ORD09150,2025-08-22,South,Priya,Furniture,Table,20,8000,160000,34134
ORD09151,2025-07-28,South,Priya,Electronics,Laptop,17,50000,850000,106390
ORD09152,2025-02-22,East,Suresh,Electronics,Mobile,8,20000,160000,46667
ORD09153,2025-06-25,East,Suresh,Electronics,Mobile,1,20000,20000,3377
ORD09154,2025-09-22,South,Priya,Electronics,Monitor,3,12000,36000,9742
ORD09155,2025-08-17,West,Rahul,Furniture,Sofa,7,25000,175000,18026
ORD09156,2025-08-25,East,Arun,Furniture,Table,11,8000,88000,12917
ORD09157,2025-06-22,East,Suresh,Furniture,Sofa,16,25000,400000,101379
ORD09158,2025-05-30,South,Priya,Furniture,Table,14,8000,112000,21716
ORD09159,2025-08-10,East,Riya,Electronics,Laptop,4,50000,200000,39264
ORD09160,2025-06-13,West,Meena,Electronics,Laptop,5,50000,250000,36439
ORD09161,2025-12-26,East,Arun,Furniture,Chair,19,3000,57000,11701
ORD09162,2025-09-01,West,Meena,Electronics,Monitor,9,12000,108000,13904
ORD09163,2025-08-09,East,Riya,Furniture,Sofa,5,25000,125000,27141
ORD09164,2025-05-17,South,Anita,Furniture,Chair,19,3000,57000,13367
ORD09165,2025-03-28,West,Sneha,Electronics,Monitor,13,12000,156000,23303
ORD09166,2025-07-21,North,Amit,Electronics,Laptop,4,50000,200000,47363
ORD09167,2025-05-25,South,Karthik,Furniture,Table,4,8000,32000,7061
ORD09168,2025-07-09,East,Riya,Furniture,Chair,20,3000,60000,8657
ORD09169,2025-02-01,East,Suresh,Furniture,Table,5,8000,40000,10632
ORD09170,2025-09-29,East,Riya,Furniture,Chair,18,3000,54000,15656
ORD09171,2025-03-17,West,Rahul,Furniture,Sofa,1,25000,25000,4618
ORD09172,2025-06-21,West,Meena,Electronics,Mobile,16,20000,320000,79381
ORD09173,2025-11-05,East,Riya,Electronics,Mobile,12,20000,240000,48844
ORD09174,2025-01-31,East,Arun,Furniture,Chair,5,3000,15000,3244
ORD09175,2025-07-01,East,Suresh,Furniture,Chair,16,3000,48000,13029
ORD09176,2025-04-22,North,Vikram,Furniture,Sofa,13,25000,325000,97292
ORD09177,2025-06-27,North,Raj,Furniture,Chair,2,3000,6000,977
ORD09178,2025-09-15,North,Vikram,Electronics,Mobile,16,20000,320000,65143
ORD09179,2025-01-09,East,Riya,Electronics,Laptop,15,50000,750000,100002
ORD09180,2025-11-20,North,Amit,Furniture,Table,10,8000,80000,13327
ORD09181,2025-11-24,North,Raj,Electronics,Monitor,8,12000,96000,13540
ORD09182,2025-10-05,South,Priya,Electronics,Laptop,13,50000,650000,68492
ORD09183,2025-03-17,North,Raj,Furniture,Table,7,8000,56000,12035
ORD09184,2025-07-01,South,Anita,Electronics,Mobile,18,20000,360000,64032
ORD09185,2025-01-12,West,Sneha,Electronics,Monitor,5,12000,60000,8378
ORD09186,2025-02-28,North,Amit,Electronics,Monitor,14,12000,168000,17700
ORD09187,2025-04-14,East,Suresh,Electronics,Monitor,14,12000,168000,37351
ORD09188,2025-05-08,East,Suresh,Electronics,Mobile,12,20000,240000,33739
ORD09189,2025-07-22,East,Riya,Electronics,Mobile,4,20000,80000,14603
ORD09190,2025-03-19,West,Rahul,Furniture,Sofa,4,25000,100000,10396
ORD09191,2025-05-24,East,Riya,Electronics,Mobile,9,20000,180000,42306
ORD09192,2025-12-31,West,Rahul,Furniture,Table,20,8000,160000,39006
ORD09193,2025-11-05,East,Riya,Electronics,Mobile,14,20000,280000,33290
ORD09194,2025-02-21,North,Vikram,Furniture,Sofa,12,25000,300000,78419
ORD09195,2025-06-24,West,Sneha,Electronics,Monitor,9,12000,108000,20887
ORD09196,2025-09-01,North,Amit,Furniture,Chair,20,3000,60000,14359
ORD09197,2025-05-09,West,Sneha,Furniture,Table,19,8000,152000,42329
ORD09198,2025-06-28,West,Rahul,Furniture,Sofa,1,25000,25000,7277
ORD09199,2025-03-01,West,Meena,Furniture,Sofa,1,25000,25000,6418
ORD09200,2025-02-06,West,Meena,Electronics,Laptop,11,50000,550000,91964
ORD09201,2025-10-03,South,Karthik,Electronics,Mobile,4,20000,80000,11307
ORD09202,2025-07-23,East,Arun,Electronics,Mobile,3,20000,60000,14679
ORD09203,2025-05-01,East,Riya,Electronics,Laptop,9,50000,450000,132584
ORD09204,2025-03-09,North,Raj,Electronics,Laptop,4,50000,200000,57043
ORD09205,2025-01-25,North,Amit,Furniture,Table,6,8000,48000,11388
ORD09206,2025-06-21,North,Amit,Electronics,Monitor,20,12000,240000,26195
ORD09207,2025-09-16,South,Priya,Electronics,Laptop,5,50000,250000,34491
ORD09208,2025-04-25,South,Priya,Furniture,Chair,4,3000,12000,1245
ORD09209,2025-05-31,South,Anita,Furniture,Chair,20,3000,60000,12616
ORD09210,2025-08-15,West,Meena,Electronics,Monitor,5,12000,60000,7057
ORD09211,2025-10-22,North,Amit,Furniture,Sofa,18,25000,450000,75293
ORD09212,2025-07-13,East,Riya,Furniture,Table,4,8000,32000,8444
ORD09213,2025-05-22,East,Suresh,Electronics,Monitor,15,12000,180000,43473
ORD09214,2025-03-17,South,Priya,Furniture,Chair,15,3000,45000,4994
ORD09215,2025-08-12,North,Vikram,Electronics,Laptop,9,50000,450000,107388
ORD09216,2025-07-04,South,Karthik,Electronics,Mobile,16,20000,320000,71072
ORD09217,2025-05-06,North,Amit,Furniture,Sofa,4,25000,100000,21298
ORD09218,2025-02-21,South,Priya,Furniture,Table,3,8000,24000,4008
ORD09219,2025-05-31,South,Karthik,Furniture,Chair,16,3000,48000,8198
ORD09220,2025-01-29,North,Amit,Furniture,Sofa,11,25000,275000,66256
ORD09221,2025-02-11,West,Rahul,Furniture,Chair,20,3000,60000,11098
ORD09222,2025-09-18,East,Arun,Electronics,Monitor,9,12000,108000,26105
ORD09223,2025-10-16,East,Arun,Furniture,Sofa,13,25000,325000,87582
ORD09224,2025-11-24,East,Riya,Electronics,Mobile,3,20000,60000,8880
ORD09225,2025-04-11,North,Raj,Electronics,Monitor,20,12000,240000,51737
ORD09226,2025-01-18,South,Anita,Electronics,Monitor,17,12000,204000,49491
ORD09227,2025-09-08,West,Rahul,Electronics,Laptop,5,50000,250000,61435
ORD09228,2025-01-21,North,Raj,Electronics,Monitor,3,12000,36000,3894
ORD09229,2025-11-24,North,Amit,Furniture,Table,17,8000,136000,40703
ORD09230,2025-08-20,East,Riya,Furniture,Sofa,8,25000,200000,50001
ORD09231,2025-07-04,North,Amit,Electronics,Laptop,18,50000,900000,133575
ORD09232,2025-04-24,East,Arun,Electronics,Monitor,11,12000,132000,19794
ORD09233,2025-09-21,West,Sneha,Furniture,Table,11,8000,88000,14735
ORD09234,2025-09-02,East,Riya,Furniture,Sofa,8,25000,200000,46497
ORD09235,2025-09-13,West,Sneha,Electronics,Monitor,9,12000,108000,26619
ORD09236,2025-09-25,West,Rahul,Electronics,Laptop,3,50000,150000,39426
ORD09237,2025-08-14,East,Arun,Electronics,Laptop,11,50000,550000,123220
ORD09238,2025-10-21,East,Arun,Furniture,Chair,14,3000,42000,6270
ORD09239,2025-06-01,East,Riya,Electronics,Laptop,4,50000,200000,49642
ORD09240,2025-03-23,West,Meena,Furniture,Chair,8,3000,24000,6959
ORD09241,2025-11-17,East,Suresh,Electronics,Laptop,18,50000,900000,210446
ORD09242,2025-08-18,North,Raj,Electronics,Mobile,13,20000,260000,69585
ORD09243,2025-12-06,West,Sneha,Furniture,Chair,12,3000,36000,4918
ORD09244,2025-11-22,West,Sneha,Furniture,Chair,9,3000,27000,6814
ORD09245,2025-11-01,East,Riya,Electronics,Laptop,18,50000,900000,198828
ORD09246,2025-01-10,East,Arun,Electronics,Monitor,12,12000,144000,31134
ORD09247,2025-05-17,West,Meena,Furniture,Sofa,3,25000,75000,20275
ORD09248,2025-09-05,North,Vikram,Electronics,Monitor,14,12000,168000,49998
ORD09249,2025-12-18,East,Riya,Electronics,Laptop,3,50000,150000,29103
ORD09250,2025-02-12,South,Priya,Furniture,Table,14,8000,112000,12113
ORD09251,2025-01-13,East,Arun,Furniture,Chair,16,3000,48000,13441
ORD09252,2025-05-07,East,Riya,Furniture,Sofa,4,25000,100000,19809
ORD09253,2025-09-24,North,Amit,Electronics,Laptop,13,50000,650000,135931
ORD09254,2025-05-03,West,Meena,Electronics,Laptop,17,50000,850000,89943
ORD09255,2025-06-27,South,Karthik,Electronics,Laptop,14,50000,700000,91570
ORD09256,2025-06-04,South,Anita,Furniture,Sofa,15,25000,375000,99812
ORD09257,2025-12-05,East,Riya,Furniture,Table,5,8000,40000,7773
ORD09258,2025-08-31,West,Rahul,Electronics,Mobile,15,20000,300000,51486
ORD09259,2025-08-18,West,Rahul,Electronics,Monitor,16,12000,192000,55916
ORD09260,2025-05-02,West,Sneha,Electronics,Monitor,4,12000,48000,6877
ORD09261,2025-02-16,West,Rahul,Furniture,Table,3,8000,24000,6624
ORD09262,2025-06-12,South,Karthik,Electronics,Mobile,15,20000,300000,70268
ORD09263,2025-11-30,South,Priya,Furniture,Chair,6,3000,18000,3384
ORD09264,2025-09-04,West,Sneha,Electronics,Laptop,3,50000,150000,33215
ORD09265,2025-02-01,South,Anita,Electronics,Monitor,15,12000,180000,40399
ORD09266,2025-12-26,East,Arun,Furniture,Table,1,8000,8000,2255
ORD09267,2025-10-24,East,Riya,Furniture,Table,12,8000,96000,15082
ORD09268,2025-10-10,East,Suresh,Furniture,Chair,1,3000,3000,880
ORD09269,2025-08-29,South,Priya,Electronics,Laptop,8,50000,400000,55549
ORD09270,2025-09-11,West,Sneha,Electronics,Mobile,15,20000,300000,66725
ORD09271,2025-02-07,South,Priya,Electronics,Monitor,4,12000,48000,13369
ORD09272,2025-05-04,North,Amit,Electronics,Monitor,5,12000,60000,12458
ORD09273,2025-11-02,South,Anita,Electronics,Mobile,6,20000,120000,18361
ORD09274,2025-05-07,East,Suresh,Electronics,Laptop,11,50000,550000,137887
ORD09275,2025-02-22,North,Amit,Furniture,Table,1,8000,8000,1271
ORD09276,2025-06-11,West,Rahul,Furniture,Sofa,13,25000,325000,48933
ORD09277,2025-12-12,North,Raj,Electronics,Laptop,11,50000,550000,112024
ORD09278,2025-01-04,East,Arun,Furniture,Sofa,12,25000,300000,64676
ORD09279,2025-03-04,South,Karthik,Furniture,Chair,13,3000,39000,5601
ORD09280,2025-02-23,North,Vikram,Furniture,Chair,20,3000,60000,11481
ORD09281,2025-03-08,North,Amit,Furniture,Chair,17,3000,51000,8382
ORD09282,2025-01-12,West,Meena,Electronics,Mobile,8,20000,160000,40210
ORD09283,2025-08-05,East,Riya,Electronics,Laptop,7,50000,350000,43711
ORD09284,2025-07-13,North,Raj,Furniture,Table,2,8000,16000,3937
ORD09285,2025-05-27,West,Rahul,Furniture,Table,7,8000,56000,8356
ORD09286,2025-03-31,East,Riya,Furniture,Sofa,14,25000,350000,95489
ORD09287,2025-11-19,West,Meena,Furniture,Chair,14,3000,42000,8591
ORD09288,2025-03-24,East,Arun,Furniture,Chair,14,3000,42000,9883
ORD09289,2025-08-04,East,Arun,Electronics,Mobile,16,20000,320000,79579
ORD09290,2025-08-15,West,Rahul,Electronics,Mobile,9,20000,180000,38143
ORD09291,2025-12-14,East,Riya,Electronics,Mobile,13,20000,260000,36284
ORD09292,2025-08-23,North,Amit,Furniture,Chair,1,3000,3000,659
ORD09293,2025-11-24,East,Arun,Electronics,Monitor,14,12000,168000,48280
ORD09294,2025-05-16,South,Anita,Electronics,Monitor,13,12000,156000,19044
ORD09295,2025-06-26,South,Anita,Electronics,Laptop,2,50000,100000,27349
ORD09296,2025-09-06,West,Sneha,Electronics,Mobile,2,20000,40000,6703
ORD09297,2025-01-13,South,Priya,Furniture,Sofa,15,25000,375000,100811
ORD09298,2025-09-01,North,Raj,Furniture,Sofa,7,25000,175000,21473
ORD09299,2025-12-05,East,Riya,Furniture,Table,5,8000,40000,5256
ORD09300,2025-10-19,South,Anita,Electronics,Laptop,5,50000,250000,59417
ORD09301,2025-01-07,East,Suresh,Electronics,Mobile,6,20000,120000,21562
ORD09302,2025-02-12,East,Suresh,Electronics,Mobile,16,20000,320000,69027
ORD09303,2025-08-13,North,Vikram,Furniture,Sofa,9,25000,225000,51536
ORD09304,2025-09-09,East,Arun,Furniture,Chair,11,3000,33000,7561
ORD09305,2025-06-15,South,Priya,Electronics,Mobile,3,20000,60000,14793
ORD09306,2025-05-06,North,Vikram,Furniture,Chair,5,3000,15000,1583
ORD09307,2025-09-07,North,Raj,Furniture,Chair,12,3000,36000,9956
ORD09308,2025-05-13,South,Karthik,Electronics,Monitor,10,12000,120000,34138
ORD09309,2025-07-08,South,Priya,Electronics,Mobile,5,20000,100000,17019
ORD09310,2025-10-25,South,Karthik,Furniture,Chair,3,3000,9000,1053
ORD09311,2025-04-12,West,Sneha,Furniture,Chair,10,3000,30000,7531
ORD09312,2025-08-03,West,Sneha,Furniture,Table,5,8000,40000,6048
ORD09313,2025-02-16,East,Riya,Electronics,Laptop,14,50000,700000,126017
ORD09314,2025-06-16,South,Priya,Electronics,Mobile,10,20000,200000,28490
ORD09315,2025-10-27,West,Rahul,Furniture,Sofa,3,25000,75000,22142
ORD09316,2025-11-28,East,Arun,Electronics,Monitor,1,12000,12000,2659
ORD09317,2025-01-04,West,Rahul,Furniture,Chair,11,3000,33000,5105
ORD09318,2025-04-08,North,Vikram,Furniture,Chair,2,3000,6000,971
ORD09319,2025-11-13,West,Sneha,Furniture,Chair,1,3000,3000,615
ORD09320,2025-04-30,South,Anita,Furniture,Sofa,8,25000,200000,52608
ORD09321,2025-06-29,East,Riya,Electronics,Laptop,14,50000,700000,131857
ORD09322,2025-09-01,East,Riya,Furniture,Sofa,15,25000,375000,98702
ORD09323,2025-03-22,West,Rahul,Furniture,Chair,6,3000,18000,2267
ORD09324,2025-10-30,North,Raj,Furniture,Sofa,3,25000,75000,17001
ORD09325,2025-05-16,North,Vikram,Electronics,Laptop,13,50000,650000,76857
ORD09326,2025-02-26,North,Raj,Furniture,Chair,17,3000,51000,14587
ORD09327,2025-11-07,South,Anita,Furniture,Sofa,17,25000,425000,99722
ORD09328,2025-08-27,East,Arun,Furniture,Sofa,5,25000,125000,28356
ORD09329,2025-08-24,West,Rahul,Furniture,Chair,14,3000,42000,10696
ORD09330,2025-12-05,North,Raj,Electronics,Laptop,11,50000,550000,59276
ORD09331,2025-04-15,West,Rahul,Furniture,Chair,11,3000,33000,4196
ORD09332,2025-08-14,West,Meena,Furniture,Table,3,8000,24000,6249
ORD09333,2025-04-13,South,Anita,Electronics,Monitor,13,12000,156000,44675
ORD09334,2025-01-26,North,Vikram,Electronics,Mobile,9,20000,180000,45469
ORD09335,2025-04-18,North,Vikram,Electronics,Mobile,16,20000,320000,74555
ORD09336,2025-09-17,South,Anita,Electronics,Mobile,3,20000,60000,9685
ORD09337,2025-02-11,East,Suresh,Electronics,Mobile,1,20000,20000,4670
ORD09338,2025-10-14,West,Rahul,Electronics,Mobile,3,20000,60000,14919
ORD09339,2025-04-02,West,Rahul,Furniture,Sofa,3,25000,75000,14766
ORD09340,2025-11-25,West,Sneha,Furniture,Table,13,8000,104000,22131
ORD09341,2025-08-14,South,Karthik,Furniture,Sofa,20,25000,500000,69654
ORD09342,2025-08-28,North,Raj,Electronics,Monitor,3,12000,36000,9885
ORD09343,2025-01-07,North,Vikram,Electronics,Laptop,6,50000,300000,33826
ORD09344,2025-08-27,East,Riya,Furniture,Chair,17,3000,51000,8447
ORD09345,2025-08-26,East,Suresh,Electronics,Mobile,7,20000,140000,23802
ORD09346,2025-05-21,South,Priya,Furniture,Table,18,8000,144000,34381
ORD09347,2025-12-16,East,Suresh,Furniture,Chair,2,3000,6000,1122
ORD09348,2025-06-13,South,Anita,Electronics,Laptop,11,50000,550000,137716
ORD09349,2025-02-02,East,Riya,Furniture,Sofa,1,25000,25000,3237
ORD09350,2025-12-03,South,Karthik,Furniture,Table,9,8000,72000,14689
ORD09351,2025-01-05,West,Sneha,Furniture,Sofa,19,25000,475000,57848
ORD09352,2025-07-04,North,Vikram,Electronics,Mobile,6,20000,120000,35282
ORD09353,2025-11-20,North,Amit,Furniture,Sofa,19,25000,475000,47646
ORD09354,2025-08-03,East,Riya,Furniture,Sofa,9,25000,225000,38222
ORD09355,2025-01-07,East,Riya,Electronics,Monitor,16,12000,192000,41501
ORD09356,2025-09-08,West,Rahul,Electronics,Mobile,11,20000,220000,31005
ORD09357,2025-05-05,South,Anita,Furniture,Chair,6,3000,18000,2779
ORD09358,2025-02-04,South,Priya,Furniture,Chair,12,3000,36000,3668
ORD09359,2025-11-18,West,Meena,Furniture,Sofa,14,25000,350000,89026
ORD09360,2025-06-05,North,Amit,Furniture,Chair,11,3000,33000,9830
ORD09361,2025-06-28,North,Amit,Furniture,Chair,8,3000,24000,6056
ORD09362,2025-05-18,South,Priya,Furniture,Table,7,8000,56000,13978
ORD09363,2025-11-17,East,Suresh,Furniture,Chair,20,3000,60000,17685
ORD09364,2025-02-07,South,Anita,Electronics,Mobile,1,20000,20000,3700
ORD09365,2025-10-03,West,Meena,Electronics,Monitor,18,12000,216000,40678
ORD09366,2025-07-12,West,Meena,Electronics,Mobile,16,20000,320000,48855
ORD09367,2025-05-27,East,Arun,Electronics,Laptop,19,50000,950000,142630
ORD09368,2025-07-21,North,Amit,Furniture,Sofa,4,25000,100000,27337
ORD09369,2025-06-26,East,Suresh,Electronics,Monitor,19,12000,228000,39129
ORD09370,2025-12-30,South,Anita,Electronics,Laptop,20,50000,1000000,212300
ORD09371,2025-03-01,North,Vikram,Electronics,Mobile,8,20000,160000,20005
ORD09372,2025-10-03,West,Rahul,Electronics,Mobile,18,20000,360000,89510
ORD09373,2025-02-18,East,Arun,Electronics,Mobile,3,20000,60000,8749
ORD09374,2025-01-02,North,Raj,Furniture,Sofa,19,25000,475000,102654
ORD09375,2025-02-04,South,Priya,Furniture,Table,19,8000,152000,25151
ORD09376,2025-03-18,West,Rahul,Electronics,Mobile,17,20000,340000,56493
ORD09377,2025-02-24,East,Riya,Electronics,Mobile,9,20000,180000,27194
ORD09378,2025-04-02,East,Riya,Electronics,Monitor,10,12000,120000,23452
ORD09379,2025-01-22,East,Riya,Electronics,Mobile,8,20000,160000,22047
ORD09380,2025-11-15,North,Amit,Electronics,Mobile,15,20000,300000,45428
ORD09381,2025-02-04,East,Suresh,Electronics,Monitor,12,12000,144000,32670
ORD09382,2025-02-14,West,Meena,Electronics,Mobile,2,20000,40000,6098
ORD09383,2025-12-14,North,Vikram,Furniture,Chair,9,3000,27000,3627
ORD09384,2025-01-12,North,Raj,Furniture,Table,10,8000,80000,13112
ORD09385,2025-01-26,North,Raj,Furniture,Sofa,10,25000,250000,66619
ORD09386,2025-02-24,North,Raj,Furniture,Table,17,8000,136000,16896
ORD09387,2025-08-15,South,Karthik,Furniture,Sofa,8,25000,200000,30255
ORD09388,2025-01-27,South,Priya,Furniture,Sofa,12,25000,300000,88083
ORD09389,2025-10-01,North,Amit,Electronics,Laptop,12,50000,600000,73325
ORD09390,2025-09-13,South,Priya,Electronics,Mobile,8,20000,160000,38539
ORD09391,2025-05-03,North,Amit,Electronics,Laptop,18,50000,900000,140270
ORD09392,2025-10-01,West,Meena,Electronics,Monitor,20,12000,240000,45962
ORD09393,2025-12-25,West,Meena,Furniture,Table,17,8000,136000,23740
ORD09394,2025-11-14,North,Raj,Electronics,Laptop,6,50000,300000,34611
ORD09395,2025-05-18,North,Vikram,Furniture,Chair,13,3000,39000,4196
ORD09396,2025-04-05,West,Meena,Electronics,Monitor,10,12000,120000,12638
ORD09397,2025-07-19,West,Rahul,Furniture,Table,9,8000,72000,20411
ORD09398,2025-11-25,South,Karthik,Electronics,Laptop,6,50000,300000,33533
ORD09399,2025-12-13,South,Anita,Electronics,Monitor,6,12000,72000,10677
ORD09400,2025-05-10,South,Anita,Furniture,Table,9,8000,72000,19923
ORD09401,2025-12-27,South,Karthik,Furniture,Sofa,18,25000,450000,81158
ORD09402,2025-10-23,South,Anita,Electronics,Monitor,5,12000,60000,16569
ORD09403,2025-05-05,North,Vikram,Electronics,Monitor,2,12000,24000,5183
ORD09404,2025-10-18,South,Karthik,Electronics,Laptop,3,50000,150000,38945
ORD09405,2025-05-24,North,Amit,Electronics,Monitor,7,12000,84000,17176
ORD09406,2025-07-07,North,Vikram,Electronics,Mobile,11,20000,220000,45164
ORD09407,2025-07-31,South,Priya,Furniture,Table,10,8000,80000,22084
ORD09408,2025-12-21,North,Vikram,Furniture,Sofa,20,25000,500000,115742
ORD09409,2025-07-14,West,Meena,Furniture,Table,17,8000,136000,21368
ORD09410,2025-01-20,East,Suresh,Furniture,Sofa,2,25000,50000,14133
ORD09411,2025-04-13,West,Meena,Furniture,Table,11,8000,88000,9588
ORD09412,2025-06-10,North,Raj,Furniture,Sofa,6,25000,150000,43910
ORD09413,2025-06-02,North,Raj,Electronics,Mobile,15,20000,300000,82439
ORD09414,2025-12-06,East,Suresh,Electronics,Monitor,13,12000,156000,36546
ORD09415,2025-02-17,West,Sneha,Electronics,Monitor,20,12000,240000,62632
ORD09416,2025-08-06,South,Priya,Furniture,Sofa,2,25000,50000,9027
ORD09417,2025-07-25,North,Vikram,Electronics,Mobile,4,20000,80000,22366
ORD09418,2025-04-26,North,Amit,Furniture,Chair,20,3000,60000,16701
ORD09419,2025-01-29,North,Raj,Electronics,Mobile,10,20000,200000,50951
ORD09420,2025-03-20,West,Sneha,Furniture,Chair,2,3000,6000,1759
ORD09421,2025-02-24,North,Raj,Furniture,Sofa,7,25000,175000,35239
ORD09422,2025-03-08,South,Anita,Electronics,Mobile,13,20000,260000,62445
ORD09423,2025-10-03,West,Rahul,Furniture,Sofa,15,25000,375000,82266
ORD09424,2025-09-06,South,Anita,Electronics,Mobile,13,20000,260000,40322
ORD09425,2025-04-23,East,Suresh,Furniture,Sofa,20,25000,500000,95877
ORD09426,2025-03-31,North,Raj,Furniture,Chair,1,3000,3000,878
ORD09427,2025-03-06,East,Arun,Furniture,Sofa,9,25000,225000,57046
ORD09428,2025-04-07,West,Sneha,Furniture,Table,9,8000,72000,15161
ORD09429,2025-03-03,North,Amit,Electronics,Mobile,4,20000,80000,14134
ORD09430,2025-12-13,West,Meena,Electronics,Mobile,4,20000,80000,21842
ORD09431,2025-11-11,South,Karthik,Furniture,Chair,8,3000,24000,3721
ORD09432,2025-05-11,West,Rahul,Electronics,Monitor,7,12000,84000,21509
ORD09433,2025-06-26,North,Amit,Electronics,Monitor,16,12000,192000,53539
ORD09434,2025-12-21,North,Vikram,Furniture,Chair,18,3000,54000,6668
ORD09435,2025-08-17,South,Anita,Electronics,Monitor,4,12000,48000,10069
ORD09436,2025-04-11,West,Rahul,Electronics,Monitor,6,12000,72000,10072
ORD09437,2025-05-21,North,Vikram,Electronics,Laptop,7,50000,350000,84804
ORD09438,2025-12-28,North,Amit,Electronics,Mobile,11,20000,220000,22474
ORD09439,2025-06-11,South,Karthik,Electronics,Laptop,4,50000,200000,50988
ORD09440,2025-09-04,East,Riya,Electronics,Monitor,20,12000,240000,51282
ORD09441,2025-05-26,North,Vikram,Furniture,Table,12,8000,96000,23476
ORD09442,2025-10-01,West,Rahul,Electronics,Monitor,16,12000,192000,26194
ORD09443,2025-09-08,South,Karthik,Furniture,Table,19,8000,152000,43623
ORD09444,2025-03-07,South,Karthik,Furniture,Chair,13,3000,39000,8606
ORD09445,2025-04-25,North,Vikram,Electronics,Laptop,16,50000,800000,171475
ORD09446,2025-02-22,South,Priya,Furniture,Chair,14,3000,42000,7057
ORD09447,2025-01-11,West,Rahul,Electronics,Laptop,8,50000,400000,113500
ORD09448,2025-11-11,West,Sneha,Electronics,Monitor,12,12000,144000,24107
ORD09449,2025-02-09,West,Rahul,Electronics,Mobile,12,20000,240000,40623
ORD09450,2025-09-28,West,Sneha,Furniture,Table,18,8000,144000,34084
ORD09451,2025-10-08,East,Suresh,Furniture,Table,12,8000,96000,25963
ORD09452,2025-01-27,South,Karthik,Electronics,Monitor,15,12000,180000,45658
ORD09453,2025-03-28,East,Riya,Electronics,Mobile,6,20000,120000,19724
ORD09454,2025-10-13,East,Riya,Electronics,Monitor,8,12000,96000,18380
ORD09455,2025-02-01,West,Sneha,Electronics,Mobile,12,20000,240000,49964
ORD09456,2025-06-04,North,Vikram,Electronics,Mobile,18,20000,360000,53249
ORD09457,2025-02-23,North,Amit,Furniture,Chair,10,3000,30000,3166
ORD09458,2025-03-02,West,Rahul,Furniture,Chair,5,3000,15000,3387
ORD09459,2025-09-11,South,Anita,Electronics,Monitor,14,12000,168000,47438
ORD09460,2025-10-21,South,Priya,Electronics,Laptop,12,50000,600000,99314
ORD09461,2025-03-24,North,Vikram,Furniture,Chair,8,3000,24000,3166
ORD09462,2025-07-11,South,Karthik,Electronics,Laptop,3,50000,150000,22214
ORD09463,2025-01-22,North,Raj,Electronics,Monitor,8,12000,96000,23964
ORD09464,2025-05-18,North,Vikram,Furniture,Table,12,8000,96000,13712
ORD09465,2025-03-31,East,Riya,Furniture,Table,4,8000,32000,5750
ORD09466,2025-04-24,North,Raj,Furniture,Table,4,8000,32000,7214
ORD09467,2025-10-13,South,Karthik,Electronics,Mobile,17,20000,340000,100320
ORD09468,2025-04-18,South,Anita,Electronics,Laptop,8,50000,400000,44465
ORD09469,2025-01-03,East,Suresh,Furniture,Table,13,8000,104000,21329
ORD09470,2025-11-13,East,Riya,Electronics,Mobile,17,20000,340000,80700
ORD09471,2025-02-02,West,Rahul,Electronics,Laptop,11,50000,550000,99765
ORD09472,2025-07-02,East,Arun,Electronics,Mobile,12,20000,240000,55596
ORD09473,2025-11-10,East,Riya,Electronics,Monitor,15,12000,180000,32224
ORD09474,2025-07-29,South,Anita,Electronics,Monitor,6,12000,72000,16107
ORD09475,2025-04-05,North,Amit,Electronics,Laptop,2,50000,100000,16090
ORD09476,2025-09-18,North,Raj,Furniture,Chair,18,3000,54000,7992
ORD09477,2025-09-13,North,Amit,Furniture,Chair,14,3000,42000,11530
ORD09478,2025-07-07,South,Priya,Furniture,Chair,3,3000,9000,2404
ORD09479,2025-12-31,South,Karthik,Furniture,Sofa,11,25000,275000,28806
ORD09480,2025-02-21,West,Meena,Electronics,Laptop,14,50000,700000,120028
ORD09481,2025-04-18,South,Priya,Electronics,Mobile,10,20000,200000,43671
ORD09482,2025-08-18,East,Arun,Furniture,Chair,11,3000,33000,7482
ORD09483,2025-12-13,East,Arun,Furniture,Chair,7,3000,21000,4018
ORD09484,2025-03-20,North,Raj,Electronics,Monitor,11,12000,132000,28489
ORD09485,2025-02-15,West,Rahul,Furniture,Chair,6,3000,18000,5293
ORD09486,2025-11-11,East,Arun,Furniture,Table,9,8000,72000,15441
ORD09487,2025-11-27,North,Amit,Electronics,Monitor,6,12000,72000,16873
ORD09488,2025-07-27,North,Raj,Electronics,Mobile,14,20000,280000,54152
ORD09489,2025-05-08,West,Sneha,Furniture,Sofa,9,25000,225000,39037
ORD09490,2025-07-15,East,Arun,Furniture,Chair,6,3000,18000,4830
ORD09491,2025-03-14,West,Meena,Furniture,Chair,16,3000,48000,12900
ORD09492,2025-06-07,West,Sneha,Furniture,Table,14,8000,112000,21752
ORD09493,2025-08-28,North,Raj,Furniture,Table,1,8000,8000,875
ORD09494,2025-03-06,North,Vikram,Furniture,Sofa,3,25000,75000,19136
ORD09495,2025-07-16,South,Anita,Electronics,Mobile,17,20000,340000,82884
ORD09496,2025-09-14,West,Sneha,Electronics,Monitor,7,12000,84000,19650
ORD09497,2025-09-25,East,Riya,Furniture,Chair,3,3000,9000,2548
ORD09498,2025-02-22,South,Anita,Electronics,Laptop,4,50000,200000,34116
ORD09499,2025-05-28,East,Arun,Electronics,Laptop,4,50000,200000,56431
ORD09500,2025-03-17,South,Karthik,Electronics,Laptop,4,50000,200000,28595
ORD09501,2025-10-09,North,Raj,Furniture,Chair,18,3000,54000,8782
ORD09502,2025-06-11,East,Riya,Electronics,Monitor,6,12000,72000,14473
ORD09503,2025-06-18,West,Meena,Furniture,Table,13,8000,104000,20189
ORD09504,2025-12-19,East,Riya,Electronics,Mobile,9,20000,180000,24295
ORD09505,2025-09-28,West,Sneha,Furniture,Table,12,8000,96000,10196
ORD09506,2025-10-31,North,Vikram,Furniture,Table,13,8000,104000,15608
ORD09507,2025-01-26,South,Priya,Electronics,Laptop,11,50000,550000,85196
ORD09508,2025-10-01,East,Suresh,Furniture,Sofa,7,25000,175000,29242
ORD09509,2025-09-14,North,Amit,Electronics,Laptop,17,50000,850000,227621
ORD09510,2025-01-18,West,Meena,Furniture,Sofa,18,25000,450000,77524
ORD09511,2025-06-08,North,Vikram,Electronics,Monitor,13,12000,156000,35983
ORD09512,2025-12-29,South,Anita,Electronics,Mobile,10,20000,200000,50911
ORD09513,2025-10-22,West,Sneha,Electronics,Laptop,16,50000,800000,162762
ORD09514,2025-08-26,North,Amit,Electronics,Mobile,17,20000,340000,65986
ORD09515,2025-12-21,North,Vikram,Furniture,Chair,15,3000,45000,7926
ORD09516,2025-12-26,West,Rahul,Electronics,Mobile,15,20000,300000,55294
ORD09517,2025-12-28,North,Vikram,Furniture,Sofa,8,25000,200000,28116
ORD09518,2025-11-22,East,Suresh,Electronics,Laptop,5,50000,250000,57321
ORD09519,2025-08-29,East,Riya,Electronics,Laptop,1,50000,50000,6130
ORD09520,2025-08-20,East,Riya,Electronics,Laptop,9,50000,450000,123869
ORD09521,2025-09-08,West,Meena,Furniture,Sofa,15,25000,375000,92518
ORD09522,2025-03-18,East,Riya,Electronics,Mobile,1,20000,20000,4133
ORD09523,2025-01-25,North,Amit,Furniture,Chair,11,3000,33000,5737
ORD09524,2025-06-07,North,Raj,Electronics,Monitor,11,12000,132000,36298
ORD09525,2025-12-05,West,Sneha,Electronics,Mobile,20,20000,400000,98290
ORD09526,2025-07-02,South,Anita,Electronics,Mobile,9,20000,180000,22622
ORD09527,2025-11-17,North,Raj,Furniture,Sofa,3,25000,75000,18296
ORD09528,2025-02-17,East,Arun,Electronics,Mobile,8,20000,160000,27449
ORD09529,2025-03-22,West,Sneha,Electronics,Laptop,7,50000,350000,69931
ORD09530,2025-09-28,South,Priya,Furniture,Table,1,8000,8000,1624
ORD09531,2025-06-24,South,Priya,Furniture,Table,11,8000,88000,17554
ORD09532,2025-05-21,West,Sneha,Furniture,Chair,18,3000,54000,5717
ORD09533,2025-08-13,North,Raj,Furniture,Chair,12,3000,36000,9351
ORD09534,2025-10-13,West,Sneha,Furniture,Table,3,8000,24000,5129
ORD09535,2025-02-24,North,Raj,Electronics,Monitor,15,12000,180000,33997
ORD09536,2025-01-05,West,Rahul,Electronics,Laptop,1,50000,50000,11954
ORD09537,2025-11-25,West,Rahul,Electronics,Laptop,11,50000,550000,71868
ORD09538,2025-03-30,North,Raj,Electronics,Mobile,5,20000,100000,13311
ORD09539,2025-02-08,West,Meena,Furniture,Sofa,19,25000,475000,47749
ORD09540,2025-11-04,South,Priya,Furniture,Chair,4,3000,12000,3555
ORD09541,2025-05-27,West,Sneha,Furniture,Chair,17,3000,51000,5463
ORD09542,2025-03-18,East,Suresh,Furniture,Table,16,8000,128000,21312
ORD09543,2025-11-29,East,Riya,Furniture,Sofa,16,25000,400000,109829
ORD09544,2025-09-30,North,Raj,Electronics,Monitor,12,12000,144000,40535
ORD09545,2025-07-19,West,Meena,Furniture,Chair,2,3000,6000,1492
ORD09546,2025-05-25,West,Rahul,Furniture,Table,2,8000,16000,4646
ORD09547,2025-12-03,West,Rahul,Electronics,Laptop,14,50000,700000,186524
ORD09548,2025-04-09,South,Priya,Furniture,Table,16,8000,128000,28028
ORD09549,2025-12-25,North,Raj,Furniture,Sofa,13,25000,325000,52271
ORD09550,2025-04-19,South,Karthik,Electronics,Mobile,19,20000,380000,65749
ORD09551,2025-12-26,East,Riya,Furniture,Chair,14,3000,42000,7367
ORD09552,2025-07-30,East,Arun,Electronics,Laptop,16,50000,800000,209021
ORD09553,2025-10-14,South,Karthik,Electronics,Mobile,13,20000,260000,32083
ORD09554,2025-10-13,East,Arun,Furniture,Chair,4,3000,12000,2015
ORD09555,2025-09-19,East,Suresh,Electronics,Laptop,20,50000,1000000,172317
ORD09556,2025-10-07,North,Vikram,Furniture,Sofa,18,25000,450000,99707
ORD09557,2025-06-28,South,Karthik,Electronics,Mobile,8,20000,160000,24811
ORD09558,2025-04-14,West,Meena,Furniture,Sofa,20,25000,500000,110678
ORD09559,2025-12-12,West,Sneha,Electronics,Mobile,9,20000,180000,45835
ORD09560,2025-10-15,South,Priya,Furniture,Chair,6,3000,18000,2265
ORD09561,2025-09-22,East,Arun,Electronics,Mobile,20,20000,400000,48100
ORD09562,2025-03-24,East,Suresh,Furniture,Sofa,20,25000,500000,59583
ORD09563,2025-05-08,North,Amit,Electronics,Mobile,3,20000,60000,7697
ORD09564,2025-07-01,North,Raj,Furniture,Sofa,8,25000,200000,47538
ORD09565,2025-12-27,South,Karthik,Furniture,Chair,15,3000,45000,12458
ORD09566,2025-07-12,East,Suresh,Furniture,Sofa,9,25000,225000,54284
ORD09567,2025-06-13,South,Karthik,Furniture,Table,3,8000,24000,6380
ORD09568,2025-09-19,North,Amit,Electronics,Monitor,10,12000,120000,24428
ORD09569,2025-01-16,North,Amit,Electronics,Monitor,5,12000,60000,13548
ORD09570,2025-02-20,North,Raj,Furniture,Table,6,8000,48000,5569
ORD09571,2025-03-20,East,Arun,Electronics,Mobile,11,20000,220000,27965
ORD09572,2025-05-24,North,Vikram,Electronics,Mobile,15,20000,300000,44846
ORD09573,2025-04-17,South,Anita,Furniture,Table,11,8000,88000,17048
ORD09574,2025-12-12,North,Raj,Electronics,Laptop,1,50000,50000,10404
ORD09575,2025-09-14,North,Amit,Electronics,Monitor,3,12000,36000,9643
ORD09576,2025-11-21,South,Karthik,Electronics,Mobile,19,20000,380000,51659
ORD09577,2025-03-12,West,Meena,Furniture,Sofa,7,25000,175000,21925
ORD09578,2025-01-11,East,Arun,Furniture,Chair,7,3000,21000,4143
ORD09579,2025-04-10,North,Amit,Electronics,Laptop,13,50000,650000,84593
ORD09580,2025-12-11,West,Rahul,Electronics,Mobile,4,20000,80000,15709
ORD09581,2025-08-30,South,Anita,Electronics,Monitor,7,12000,84000,11528
ORD09582,2025-01-13,West,Rahul,Electronics,Mobile,5,20000,100000,21479
ORD09583,2025-06-01,East,Riya,Furniture,Chair,12,3000,36000,5804
ORD09584,2025-11-22,South,Karthik,Furniture,Sofa,11,25000,275000,50633
ORD09585,2025-08-01,North,Vikram,Furniture,Table,6,8000,48000,13551
ORD09586,2025-10-01,West,Rahul,Electronics,Mobile,2,20000,40000,10645
ORD09587,2025-09-16,West,Rahul,Furniture,Sofa,9,25000,225000,62035
ORD09588,2025-02-05,East,Arun,Furniture,Table,20,8000,160000,26141
ORD09589,2025-04-08,North,Amit,Furniture,Table,9,8000,72000,19757
ORD09590,2025-03-04,North,Vikram,Furniture,Sofa,6,25000,150000,23911
ORD09591,2025-02-07,North,Raj,Electronics,Laptop,16,50000,800000,80086
ORD09592,2025-02-14,East,Suresh,Furniture,Table,14,8000,112000,26708
ORD09593,2025-11-19,East,Arun,Electronics,Mobile,5,20000,100000,28627
ORD09594,2025-01-19,North,Vikram,Furniture,Table,18,8000,144000,42112
ORD09595,2025-07-22,East,Riya,Electronics,Mobile,19,20000,380000,95993
ORD09596,2025-09-27,North,Vikram,Electronics,Laptop,6,50000,300000,51173
ORD09597,2025-09-19,South,Anita,Electronics,Laptop,2,50000,100000,26101
ORD09598,2025-10-05,East,Riya,Furniture,Table,17,8000,136000,33594
ORD09599,2025-04-14,West,Rahul,Furniture,Table,2,8000,16000,3972
ORD09600,2025-12-02,South,Karthik,Electronics,Mobile,6,20000,120000,14220
ORD09601,2025-03-27,East,Suresh,Electronics,Monitor,19,12000,228000,62303
ORD09602,2025-06-09,North,Vikram,Electronics,Laptop,9,50000,450000,119884
ORD09603,2025-01-08,West,Rahul,Furniture,Chair,3,3000,9000,2426
ORD09604,2025-01-04,South,Priya,Electronics,Laptop,6,50000,300000,66538
ORD09605,2025-01-07,North,Raj,Furniture,Table,16,8000,128000,24895
ORD09606,2025-10-12,North,Vikram,Electronics,Mobile,11,20000,220000,38553
ORD09607,2025-08-01,West,Meena,Electronics,Monitor,15,12000,180000,51920
ORD09608,2025-01-09,East,Arun,Electronics,Laptop,18,50000,900000,98770
ORD09609,2025-09-15,South,Karthik,Furniture,Table,17,8000,136000,22320
ORD09610,2025-04-13,South,Anita,Electronics,Monitor,8,12000,96000,14892
ORD09611,2025-07-01,South,Karthik,Furniture,Sofa,7,25000,175000,21475
ORD09612,2025-07-08,West,Sneha,Electronics,Monitor,4,12000,48000,5611
ORD09613,2025-07-26,North,Amit,Electronics,Mobile,15,20000,300000,68652
ORD09614,2025-12-13,North,Raj,Electronics,Laptop,14,50000,700000,169865
ORD09615,2025-03-11,West,Sneha,Electronics,Mobile,16,20000,320000,52960
ORD09616,2025-10-01,West,Rahul,Electronics,Laptop,6,50000,300000,34176
ORD09617,2025-11-30,East,Arun,Furniture,Chair,17,3000,51000,9015
ORD09618,2025-04-13,East,Arun,Furniture,Chair,1,3000,3000,402
ORD09619,2025-09-14,South,Anita,Electronics,Laptop,12,50000,600000,102224
ORD09620,2025-02-13,South,Karthik,Electronics,Monitor,2,12000,24000,3133
ORD09621,2025-09-18,South,Karthik,Electronics,Mobile,19,20000,380000,96173
ORD09622,2025-06-15,South,Karthik,Electronics,Laptop,6,50000,300000,75116
ORD09623,2025-03-28,East,Riya,Furniture,Table,6,8000,48000,10574
ORD09624,2025-07-09,South,Anita,Furniture,Sofa,1,25000,25000,6650
ORD09625,2025-10-04,North,Vikram,Furniture,Chair,17,3000,51000,9302
ORD09626,2025-12-02,West,Rahul,Furniture,Table,1,8000,8000,1346
ORD09627,2025-07-08,East,Suresh,Furniture,Sofa,7,25000,175000,27171
ORD09628,2025-11-24,West,Sneha,Furniture,Sofa,16,25000,400000,54567
ORD09629,2025-09-25,West,Rahul,Electronics,Laptop,9,50000,450000,63735
ORD09630,2025-09-21,East,Riya,Furniture,Table,1,8000,8000,1619
ORD09631,2025-03-07,North,Raj,Electronics,Laptop,11,50000,550000,66519
ORD09632,2025-07-19,North,Vikram,Furniture,Sofa,15,25000,375000,47360
ORD09633,2025-11-24,East,Suresh,Furniture,Sofa,5,25000,125000,21415
ORD09634,2025-12-07,West,Meena,Furniture,Table,2,8000,16000,4719
ORD09635,2025-05-09,North,Amit,Electronics,Mobile,7,20000,140000,38310
ORD09636,2025-11-20,North,Vikram,Furniture,Sofa,3,25000,75000,15914
ORD09637,2025-04-04,West,Meena,Furniture,Chair,5,3000,15000,1674
ORD09638,2025-05-20,South,Anita,Furniture,Sofa,5,25000,125000,30366
ORD09639,2025-06-10,East,Suresh,Furniture,Table,20,8000,160000,40528
ORD09640,2025-04-02,South,Karthik,Furniture,Chair,9,3000,27000,3875
ORD09641,2025-04-21,South,Karthik,Electronics,Monitor,14,12000,168000,20556
ORD09642,2025-12-17,West,Meena,Furniture,Chair,6,3000,18000,2328
ORD09643,2025-08-08,West,Meena,Electronics,Laptop,14,50000,700000,119884
ORD09644,2025-07-20,South,Karthik,Electronics,Mobile,9,20000,180000,47086
ORD09645,2025-11-14,East,Riya,Furniture,Chair,7,3000,21000,5116
ORD09646,2025-06-29,West,Meena,Furniture,Table,7,8000,56000,12903
ORD09647,2025-12-04,West,Sneha,Furniture,Table,13,8000,104000,26798
ORD09648,2025-02-22,North,Raj,Furniture,Table,20,8000,160000,18774
ORD09649,2025-05-20,South,Priya,Furniture,Table,17,8000,136000,37006
ORD09650,2025-12-18,East,Riya,Electronics,Laptop,8,50000,400000,49528
ORD09651,2025-11-18,South,Priya,Furniture,Sofa,14,25000,350000,38980
ORD09652,2025-12-16,South,Priya,Furniture,Chair,3,3000,9000,1440
ORD09653,2025-06-03,East,Arun,Electronics,Mobile,12,20000,240000,41194
ORD09654,2025-03-24,North,Vikram,Electronics,Laptop,6,50000,300000,80849
ORD09655,2025-09-18,South,Priya,Furniture,Sofa,12,25000,300000,38935
ORD09656,2025-01-30,East,Suresh,Electronics,Mobile,10,20000,200000,57565
ORD09657,2025-04-10,North,Amit,Electronics,Laptop,2,50000,100000,22691
ORD09658,2025-08-25,West,Rahul,Furniture,Sofa,7,25000,175000,50567
ORD09659,2025-11-23,South,Karthik,Furniture,Sofa,13,25000,325000,44523
ORD09660,2025-04-17,South,Anita,Furniture,Chair,3,3000,9000,1358
ORD09661,2025-11-18,South,Karthik,Furniture,Chair,15,3000,45000,5462
ORD09662,2025-02-11,North,Raj,Furniture,Table,3,8000,24000,3598
ORD09663,2025-06-13,East,Suresh,Electronics,Mobile,10,20000,200000,33507
ORD09664,2025-07-17,North,Raj,Electronics,Laptop,11,50000,550000,63576
ORD09665,2025-03-24,East,Arun,Electronics,Laptop,18,50000,900000,173517
ORD09666,2025-01-27,South,Anita,Furniture,Table,5,8000,40000,6834
ORD09667,2025-02-21,North,Amit,Electronics,Monitor,18,12000,216000,24322
ORD09668,2025-02-24,West,Sneha,Furniture,Sofa,11,25000,275000,39398
ORD09669,2025-06-23,West,Meena,Furniture,Table,7,8000,56000,15794
ORD09670,2025-03-28,North,Amit,Electronics,Monitor,15,12000,180000,50515
ORD09671,2025-03-05,North,Raj,Furniture,Sofa,2,25000,50000,13851
ORD09672,2025-02-10,West,Meena,Electronics,Monitor,18,12000,216000,64410
ORD09673,2025-12-03,South,Priya,Furniture,Sofa,1,25000,25000,4873
ORD09674,2025-09-26,West,Sneha,Electronics,Laptop,2,50000,100000,24539
ORD09675,2025-10-03,West,Meena,Electronics,Mobile,15,20000,300000,32335
ORD09676,2025-01-27,East,Arun,Electronics,Mobile,17,20000,340000,35779
ORD09677,2025-02-02,West,Sneha,Furniture,Sofa,19,25000,475000,109592
ORD09678,2025-03-26,West,Sneha,Furniture,Sofa,19,25000,475000,139754
ORD09679,2025-07-16,East,Suresh,Furniture,Table,16,8000,128000,29494
ORD09680,2025-01-15,North,Amit,Electronics,Mobile,8,20000,160000,40343
ORD09681,2025-04-21,South,Karthik,Furniture,Sofa,14,25000,350000,53544
ORD09682,2025-11-05,North,Vikram,Furniture,Table,12,8000,96000,25092
ORD09683,2025-12-09,West,Sneha,Furniture,Chair,9,3000,27000,3979
ORD09684,2025-11-16,East,Suresh,Electronics,Mobile,3,20000,60000,10002
ORD09685,2025-03-06,East,Riya,Furniture,Table,5,8000,40000,9144
ORD09686,2025-02-06,South,Anita,Electronics,Monitor,15,12000,180000,29603
ORD09687,2025-10-02,West,Sneha,Electronics,Laptop,4,50000,200000,27850
ORD09688,2025-08-11,West,Meena,Electronics,Laptop,4,50000,200000,25124
ORD09689,2025-02-01,East,Suresh,Furniture,Chair,15,3000,45000,8449
ORD09690,2025-09-30,West,Sneha,Furniture,Sofa,9,25000,225000,45501
ORD09691,2025-02-06,West,Sneha,Furniture,Chair,20,3000,60000,11126
ORD09692,2025-06-13,North,Raj,Furniture,Sofa,11,25000,275000,81360
ORD09693,2025-05-31,West,Sneha,Furniture,Sofa,2,25000,50000,14997
ORD09694,2025-02-11,East,Riya,Electronics,Mobile,8,20000,160000,16283
ORD09695,2025-01-07,South,Anita,Electronics,Laptop,13,50000,650000,174868
ORD09696,2025-07-20,East,Suresh,Furniture,Table,10,8000,80000,15751
ORD09697,2025-10-06,South,Anita,Electronics,Mobile,3,20000,60000,15141
ORD09698,2025-11-30,East,Arun,Electronics,Laptop,5,50000,250000,43655
ORD09699,2025-01-26,East,Suresh,Electronics,Mobile,13,20000,260000,59068
ORD09700,2025-09-04,South,Anita,Electronics,Laptop,2,50000,100000,18042
ORD09701,2025-07-15,West,Sneha,Electronics,Monitor,19,12000,228000,32951
ORD09702,2025-09-17,South,Karthik,Electronics,Mobile,2,20000,40000,5940
ORD09703,2025-09-18,South,Priya,Furniture,Sofa,11,25000,275000,43360
ORD09704,2025-08-16,East,Riya,Electronics,Monitor,11,12000,132000,25497
ORD09705,2025-02-28,West,Rahul,Electronics,Mobile,20,20000,400000,66627
ORD09706,2025-07-07,North,Vikram,Electronics,Mobile,18,20000,360000,96803
ORD09707,2025-10-07,South,Karthik,Electronics,Mobile,9,20000,180000,49649
ORD09708,2025-07-26,West,Sneha,Furniture,Table,19,8000,152000,19416
ORD09709,2025-02-05,East,Riya,Electronics,Laptop,7,50000,350000,87040
ORD09710,2025-11-24,South,Priya,Electronics,Mobile,6,20000,120000,35073
ORD09711,2025-07-30,East,Arun,Furniture,Sofa,3,25000,75000,16968
ORD09712,2025-11-04,North,Vikram,Electronics,Monitor,14,12000,168000,17517
ORD09713,2025-02-01,North,Amit,Furniture,Table,5,8000,40000,4911
ORD09714,2025-05-18,West,Rahul,Electronics,Mobile,2,20000,40000,8375
ORD09715,2025-06-28,East,Arun,Furniture,Sofa,7,25000,175000,26990
ORD09716,2025-12-01,West,Meena,Furniture,Sofa,14,25000,350000,41899
ORD09717,2025-03-21,North,Raj,Furniture,Table,1,8000,8000,2122
ORD09718,2025-09-08,South,Priya,Electronics,Mobile,16,20000,320000,90740
ORD09719,2025-09-11,West,Meena,Furniture,Table,19,8000,152000,17178
ORD09720,2025-08-02,East,Arun,Furniture,Chair,13,3000,39000,9658
ORD09721,2025-12-18,North,Raj,Electronics,Mobile,13,20000,260000,40470
ORD09722,2025-01-03,North,Amit,Furniture,Table,15,8000,120000,32971
ORD09723,2025-10-28,South,Anita,Electronics,Laptop,7,50000,350000,73852
ORD09724,2025-10-20,North,Raj,Electronics,Laptop,17,50000,850000,93206
ORD09725,2025-09-30,North,Amit,Furniture,Table,13,8000,104000,10581
ORD09726,2025-06-01,West,Rahul,Furniture,Table,16,8000,128000,13584
ORD09727,2025-12-03,North,Raj,Electronics,Mobile,9,20000,180000,24675
ORD09728,2025-07-31,East,Arun,Electronics,Monitor,14,12000,168000,36807
ORD09729,2025-10-12,West,Sneha,Electronics,Laptop,13,50000,650000,186617
ORD09730,2025-02-18,East,Arun,Furniture,Sofa,10,25000,250000,52107
ORD09731,2025-05-29,East,Riya,Furniture,Sofa,10,25000,250000,29758
ORD09732,2025-03-05,North,Amit,Electronics,Mobile,7,20000,140000,25006
ORD09733,2025-01-21,West,Sneha,Furniture,Chair,1,3000,3000,889
ORD09734,2025-03-19,South,Anita,Furniture,Sofa,8,25000,200000,25794
ORD09735,2025-02-27,South,Karthik,Furniture,Chair,1,3000,3000,539
ORD09736,2025-03-14,West,Sneha,Electronics,Mobile,3,20000,60000,10177
ORD09737,2025-06-27,East,Riya,Electronics,Laptop,10,50000,500000,63041
ORD09738,2025-02-12,East,Riya,Electronics,Mobile,5,20000,100000,26395
ORD09739,2025-03-07,West,Meena,Furniture,Table,12,8000,96000,12370
ORD09740,2025-10-31,East,Suresh,Electronics,Laptop,20,50000,1000000,244259
ORD09741,2025-11-09,North,Raj,Furniture,Chair,6,3000,18000,2700
ORD09742,2025-06-24,South,Anita,Electronics,Monitor,18,12000,216000,40496
ORD09743,2025-01-09,South,Priya,Electronics,Monitor,1,12000,12000,2959
ORD09744,2025-03-31,West,Sneha,Electronics,Mobile,18,20000,360000,81543
ORD09745,2025-01-25,East,Riya,Furniture,Chair,9,3000,27000,2868
ORD09746,2025-07-04,South,Karthik,Electronics,Monitor,18,12000,216000,24126
ORD09747,2025-12-28,North,Vikram,Electronics,Monitor,3,12000,36000,8834
ORD09748,2025-09-23,East,Arun,Furniture,Sofa,15,25000,375000,41830
ORD09749,2025-11-09,West,Meena,Electronics,Monitor,10,12000,120000,23852
ORD09750,2025-11-18,North,Raj,Electronics,Mobile,7,20000,140000,15733
ORD09751,2025-02-08,East,Riya,Electronics,Mobile,15,20000,300000,70391
ORD09752,2025-12-01,West,Rahul,Furniture,Chair,19,3000,57000,10306
ORD09753,2025-12-17,West,Meena,Electronics,Mobile,9,20000,180000,30131
ORD09754,2025-09-26,West,Meena,Furniture,Table,3,8000,24000,5488
ORD09755,2025-05-30,West,Rahul,Electronics,Laptop,16,50000,800000,159054
ORD09756,2025-08-28,East,Arun,Electronics,Monitor,10,12000,120000,33479
ORD09757,2025-01-21,North,Vikram,Furniture,Table,2,8000,16000,2969
ORD09758,2025-02-07,West,Sneha,Furniture,Chair,1,3000,3000,540
ORD09759,2025-12-14,East,Suresh,Electronics,Laptop,17,50000,850000,170077
ORD09760,2025-01-04,East,Arun,Electronics,Laptop,5,50000,250000,46951
ORD09761,2025-11-26,North,Vikram,Furniture,Chair,16,3000,48000,9209
ORD09762,2025-12-23,West,Sneha,Furniture,Sofa,4,25000,100000,16564
ORD09763,2025-07-11,South,Anita,Electronics,Laptop,17,50000,850000,204865
ORD09764,2025-09-07,North,Vikram,Furniture,Sofa,19,25000,475000,77473
ORD09765,2025-05-14,East,Suresh,Electronics,Monitor,15,12000,180000,21016
ORD09766,2025-03-23,East,Suresh,Electronics,Laptop,2,50000,100000,21655
ORD09767,2025-04-25,East,Arun,Electronics,Mobile,4,20000,80000,9630
ORD09768,2025-09-08,North,Vikram,Electronics,Monitor,17,12000,204000,29397
ORD09769,2025-05-10,North,Raj,Furniture,Table,20,8000,160000,43325
ORD09770,2025-01-27,South,Priya,Electronics,Mobile,4,20000,80000,19280
ORD09771,2025-11-06,South,Priya,Furniture,Sofa,9,25000,225000,47186
ORD09772,2025-02-17,South,Karthik,Furniture,Table,20,8000,160000,22632
ORD09773,2025-07-24,East,Arun,Electronics,Mobile,10,20000,200000,41692
ORD09774,2025-02-10,North,Amit,Electronics,Monitor,9,12000,108000,24380
ORD09775,2025-09-09,South,Anita,Electronics,Monitor,9,12000,108000,21302
ORD09776,2025-04-17,North,Amit,Furniture,Table,5,8000,40000,10025
ORD09777,2025-05-26,East,Suresh,Electronics,Laptop,11,50000,550000,150914
ORD09778,2025-01-30,South,Priya,Electronics,Monitor,4,12000,48000,9142
ORD09779,2025-08-09,West,Sneha,Electronics,Mobile,2,20000,40000,4476
ORD09780,2025-09-13,East,Riya,Furniture,Table,10,8000,80000,8530
ORD09781,2025-10-01,South,Karthik,Furniture,Sofa,7,25000,175000,43578
ORD09782,2025-12-25,South,Anita,Furniture,Chair,13,3000,39000,8044
ORD09783,2025-11-06,West,Rahul,Electronics,Mobile,12,20000,240000,35097
ORD09784,2025-07-18,West,Meena,Electronics,Laptop,17,50000,850000,99763
ORD09785,2025-01-10,South,Karthik,Furniture,Chair,19,3000,57000,6273
ORD09786,2025-05-01,West,Rahul,Electronics,Mobile,3,20000,60000,7984
ORD09787,2025-02-14,North,Vikram,Electronics,Laptop,11,50000,550000,88384
ORD09788,2025-02-03,West,Sneha,Furniture,Chair,20,3000,60000,6339
ORD09789,2025-08-30,South,Priya,Electronics,Monitor,3,12000,36000,5975
ORD09790,2025-02-24,West,Meena,Electronics,Monitor,12,12000,144000,23714
ORD09791,2025-05-21,North,Amit,Furniture,Table,18,8000,144000,30468
ORD09792,2025-06-20,North,Raj,Furniture,Sofa,1,25000,25000,5544
ORD09793,2025-06-14,South,Priya,Furniture,Sofa,16,25000,400000,58414
ORD09794,2025-09-19,East,Suresh,Furniture,Chair,7,3000,21000,5981
ORD09795,2025-03-05,South,Priya,Furniture,Chair,15,3000,45000,13094
ORD09796,2025-08-17,South,Karthik,Furniture,Table,4,8000,32000,3502
ORD09797,2025-05-08,South,Anita,Furniture,Table,5,8000,40000,9912
ORD09798,2025-01-16,North,Vikram,Electronics,Monitor,15,12000,180000,42319
ORD09799,2025-03-19,East,Riya,Electronics,Mobile,1,20000,20000,5448
ORD09800,2025-12-23,East,Riya,Electronics,Mobile,2,20000,40000,10095
ORD09801,2025-07-18,East,Arun,Electronics,Laptop,8,50000,400000,97312
ORD09802,2025-01-14,West,Sneha,Furniture,Sofa,14,25000,350000,43263
ORD09803,2025-10-11,North,Vikram,Electronics,Monitor,3,12000,36000,10691
ORD09804,2025-09-15,East,Riya,Electronics,Mobile,11,20000,220000,64349
ORD09805,2025-12-20,South,Karthik,Furniture,Sofa,10,25000,250000,30261
ORD09806,2025-02-21,East,Suresh,Electronics,Monitor,15,12000,180000,22650
ORD09807,2025-11-01,North,Amit,Furniture,Chair,19,3000,57000,8284
ORD09808,2025-07-23,South,Priya,Electronics,Monitor,20,12000,240000,42844
ORD09809,2025-10-29,South,Karthik,Electronics,Monitor,8,12000,96000,11139
ORD09810,2025-08-08,West,Meena,Electronics,Mobile,7,20000,140000,33870
ORD09811,2025-11-23,East,Suresh,Electronics,Laptop,9,50000,450000,83061
ORD09812,2025-10-10,East,Suresh,Furniture,Chair,12,3000,36000,8388
ORD09813,2025-07-11,North,Vikram,Electronics,Laptop,5,50000,250000,43136
ORD09814,2025-06-29,East,Arun,Furniture,Sofa,3,25000,75000,15336
ORD09815,2025-07-29,South,Anita,Electronics,Laptop,18,50000,900000,129500
ORD09816,2025-09-16,North,Amit,Furniture,Chair,19,3000,57000,16802
ORD09817,2025-12-12,North,Raj,Furniture,Chair,2,3000,6000,1426
ORD09818,2025-01-04,West,Rahul,Furniture,Sofa,2,25000,50000,11327
ORD09819,2025-07-01,West,Meena,Electronics,Monitor,16,12000,192000,22469
ORD09820,2025-12-22,South,Karthik,Electronics,Laptop,13,50000,650000,123176
ORD09821,2025-12-19,East,Riya,Furniture,Table,7,8000,56000,9727
ORD09822,2025-11-21,East,Riya,Electronics,Laptop,3,50000,150000,37661
ORD09823,2025-10-25,South,Anita,Furniture,Sofa,6,25000,150000,34260
ORD09824,2025-12-09,East,Suresh,Furniture,Table,19,8000,152000,29454
ORD09825,2025-04-18,West,Meena,Furniture,Chair,7,3000,21000,4562
ORD09826,2025-03-17,East,Suresh,Electronics,Mobile,15,20000,300000,76058
ORD09827,2025-08-10,West,Meena,Electronics,Laptop,17,50000,850000,192924
ORD09828,2025-03-21,West,Meena,Electronics,Mobile,17,20000,340000,70604
ORD09829,2025-06-14,North,Raj,Furniture,Sofa,8,25000,200000,29059
ORD09830,2025-08-14,East,Suresh,Electronics,Mobile,9,20000,180000,44135
ORD09831,2025-02-06,North,Vikram,Furniture,Table,7,8000,56000,5627
ORD09832,2025-03-02,North,Amit,Furniture,Sofa,3,25000,75000,8625
ORD09833,2025-02-03,West,Rahul,Electronics,Laptop,15,50000,750000,109732
ORD09834,2025-12-03,East,Riya,Electronics,Monitor,16,12000,192000,27307
ORD09835,2025-12-29,West,Rahul,Electronics,Mobile,5,20000,100000,15278
ORD09836,2025-08-13,North,Raj,Furniture,Chair,9,3000,27000,5712
ORD09837,2025-09-13,South,Karthik,Furniture,Sofa,17,25000,425000,116950
ORD09838,2025-08-19,South,Priya,Electronics,Mobile,8,20000,160000,23659
ORD09839,2025-09-08,East,Suresh,Electronics,Mobile,10,20000,200000,47789
ORD09840,2025-06-01,North,Amit,Electronics,Laptop,16,50000,800000,219347
ORD09841,2025-10-09,East,Arun,Furniture,Table,20,8000,160000,18629
ORD09842,2025-03-05,North,Raj,Furniture,Sofa,20,25000,500000,146699
ORD09843,2025-01-04,East,Riya,Electronics,Laptop,6,50000,300000,51165
ORD09844,2025-10-14,West,Meena,Furniture,Chair,6,3000,18000,4778
ORD09845,2025-03-30,North,Raj,Electronics,Laptop,19,50000,950000,231681
ORD09846,2025-03-30,South,Anita,Furniture,Sofa,1,25000,25000,4305
ORD09847,2025-05-11,North,Amit,Furniture,Chair,10,3000,30000,5580
ORD09848,2025-03-16,North,Raj,Furniture,Chair,15,3000,45000,7319
ORD09849,2025-11-13,West,Sneha,Furniture,Table,14,8000,112000,30091
ORD09850,2025-10-22,West,Rahul,Electronics,Mobile,12,20000,240000,57610
ORD09851,2025-12-08,West,Sneha,Electronics,Monitor,11,12000,132000,14557
ORD09852,2025-04-08,South,Priya,Furniture,Sofa,16,25000,400000,87193
ORD09853,2025-11-13,South,Anita,Electronics,Laptop,11,50000,550000,89869
ORD09854,2025-05-04,South,Priya,Electronics,Laptop,3,50000,150000,34785
ORD09855,2025-12-16,North,Vikram,Electronics,Monitor,6,12000,72000,9953
ORD09856,2025-08-20,South,Priya,Furniture,Sofa,20,25000,500000,144488
ORD09857,2025-05-22,East,Suresh,Furniture,Table,12,8000,96000,22199
ORD09858,2025-09-07,North,Vikram,Furniture,Table,3,8000,24000,6994
ORD09859,2025-08-04,East,Riya,Furniture,Sofa,4,25000,100000,27336
ORD09860,2025-03-16,West,Sneha,Furniture,Table,9,8000,72000,20025
ORD09861,2025-08-12,South,Priya,Electronics,Mobile,7,20000,140000,26732
ORD09862,2025-04-19,North,Vikram,Electronics,Laptop,6,50000,300000,60188
ORD09863,2025-05-16,North,Vikram,Furniture,Table,9,8000,72000,17956
ORD09864,2025-01-29,West,Sneha,Electronics,Mobile,3,20000,60000,13435
ORD09865,2025-09-04,South,Karthik,Furniture,Chair,20,3000,60000,13989
ORD09866,2025-06-29,East,Suresh,Furniture,Table,4,8000,32000,8254
ORD09867,2025-02-26,North,Amit,Furniture,Chair,18,3000,54000,15106
ORD09868,2025-11-04,East,Riya,Furniture,Sofa,10,25000,250000,34730
ORD09869,2025-01-15,South,Priya,Electronics,Monitor,2,12000,24000,4110
ORD09870,2025-09-29,North,Amit,Furniture,Table,9,8000,72000,18059
ORD09871,2025-09-20,East,Riya,Electronics,Laptop,16,50000,800000,95717
ORD09872,2025-07-28,East,Suresh,Electronics,Mobile,6,20000,120000,12473
ORD09873,2025-10-12,North,Vikram,Electronics,Monitor,15,12000,180000,24784
ORD09874,2025-04-08,East,Suresh,Furniture,Chair,1,3000,3000,581
ORD09875,2025-08-21,South,Karthik,Furniture,Chair,14,3000,42000,6900
ORD09876,2025-10-26,West,Rahul,Furniture,Chair,17,3000,51000,10958
ORD09877,2025-07-16,East,Riya,Electronics,Monitor,2,12000,24000,6080
ORD09878,2025-06-03,West,Rahul,Furniture,Sofa,2,25000,50000,14067
ORD09879,2025-01-11,East,Suresh,Electronics,Laptop,12,50000,600000,66344
ORD09880,2025-08-29,East,Riya,Furniture,Table,14,8000,112000,21488
ORD09881,2025-02-04,South,Anita,Electronics,Laptop,4,50000,200000,43023
ORD09882,2025-08-17,West,Sneha,Furniture,Chair,1,3000,3000,513
ORD09883,2025-12-04,East,Arun,Electronics,Monitor,11,12000,132000,23270
ORD09884,2025-06-29,East,Arun,Electronics,Monitor,12,12000,144000,17921
ORD09885,2025-01-24,West,Rahul,Furniture,Table,3,8000,24000,6263
ORD09886,2025-08-04,North,Vikram,Electronics,Monitor,16,12000,192000,37575
ORD09887,2025-09-21,North,Amit,Electronics,Monitor,14,12000,168000,29403
ORD09888,2025-05-24,North,Raj,Electronics,Monitor,19,12000,228000,41479
ORD09889,2025-06-15,East,Suresh,Furniture,Chair,9,3000,27000,6297
ORD09890,2025-04-09,West,Meena,Electronics,Monitor,12,12000,144000,14452
ORD09891,2025-06-28,East,Arun,Furniture,Table,12,8000,96000,26058
ORD09892,2025-09-23,West,Sneha,Furniture,Table,8,8000,64000,8246
ORD09893,2025-05-23,East,Arun,Electronics,Laptop,19,50000,950000,196657
ORD09894,2025-10-20,North,Raj,Furniture,Chair,9,3000,27000,7419
ORD09895,2025-10-27,East,Riya,Electronics,Mobile,18,20000,360000,68722
ORD09896,2025-10-19,North,Raj,Electronics,Mobile,10,20000,200000,33012
ORD09897,2025-11-22,South,Karthik,Electronics,Mobile,8,20000,160000,46249
ORD09898,2025-09-22,North,Amit,Furniture,Sofa,15,25000,375000,37915
ORD09899,2025-05-09,South,Anita,Electronics,Monitor,12,12000,144000,31993
ORD09900,2025-05-31,West,Rahul,Electronics,Mobile,9,20000,180000,52453
ORD09901,2025-12-22,North,Raj,Electronics,Mobile,9,20000,180000,41140
ORD09902,2025-03-05,North,Vikram,Electronics,Mobile,7,20000,140000,31403
ORD09903,2025-07-29,South,Karthik,Furniture,Sofa,12,25000,300000,68841
ORD09904,2025-02-23,East,Suresh,Furniture,Sofa,16,25000,400000,48448
ORD09905,2025-11-07,East,Arun,Furniture,Chair,11,3000,33000,5982
ORD09906,2025-10-10,West,Rahul,Electronics,Mobile,2,20000,40000,7772
ORD09907,2025-08-01,East,Riya,Furniture,Chair,6,3000,18000,4305
ORD09908,2025-02-07,West,Sneha,Furniture,Chair,14,3000,42000,10253
ORD09909,2025-02-27,South,Priya,Furniture,Sofa,11,25000,275000,35254
ORD09910,2025-04-23,South,Priya,Furniture,Table,18,8000,144000,25079
ORD09911,2025-07-16,West,Sneha,Electronics,Laptop,3,50000,150000,25322
ORD09912,2025-12-04,East,Arun,Furniture,Table,6,8000,48000,13093
ORD09913,2025-12-19,West,Meena,Electronics,Monitor,12,12000,144000,40666
ORD09914,2025-05-20,East,Suresh,Furniture,Sofa,13,25000,325000,54603
ORD09915,2025-06-02,South,Anita,Electronics,Laptop,17,50000,850000,233506
ORD09916,2025-09-24,North,Vikram,Electronics,Laptop,2,50000,100000,24231
ORD09917,2025-04-24,North,Vikram,Electronics,Monitor,2,12000,24000,5339
ORD09918,2025-02-01,East,Arun,Electronics,Laptop,7,50000,350000,36827
ORD09919,2025-01-17,North,Amit,Electronics,Laptop,11,50000,550000,63908
ORD09920,2025-05-01,East,Suresh,Electronics,Monitor,17,12000,204000,43739
ORD09921,2025-11-18,South,Priya,Furniture,Sofa,6,25000,150000,21658
ORD09922,2025-06-04,South,Priya,Electronics,Mobile,18,20000,360000,99354
ORD09923,2025-08-05,North,Vikram,Electronics,Monitor,20,12000,240000,32101
ORD09924,2025-01-14,North,Raj,Furniture,Sofa,16,25000,400000,96726
ORD09925,2025-02-20,East,Suresh,Furniture,Table,3,8000,24000,3835
ORD09926,2025-07-17,North,Raj,Furniture,Chair,14,3000,42000,11013
ORD09927,2025-08-14,West,Sneha,Electronics,Mobile,17,20000,340000,43260
ORD09928,2025-11-18,West,Sneha,Electronics,Laptop,10,50000,500000,113737
ORD09929,2025-08-28,South,Anita,Electronics,Mobile,7,20000,140000,35756
ORD09930,2025-11-21,South,Anita,Furniture,Chair,12,3000,36000,10356
ORD09931,2025-10-29,West,Meena,Furniture,Table,5,8000,40000,8197
ORD09932,2025-11-06,South,Anita,Electronics,Laptop,18,50000,900000,126429
ORD09933,2025-01-09,West,Meena,Electronics,Mobile,16,20000,320000,76017
ORD09934,2025-07-28,North,Amit,Electronics,Laptop,17,50000,850000,230458
ORD09935,2025-12-25,North,Vikram,Furniture,Sofa,11,25000,275000,32591
ORD09936,2025-04-24,North,Amit,Furniture,Sofa,16,25000,400000,86852
ORD09937,2025-06-05,West,Sneha,Furniture,Sofa,4,25000,100000,13457
ORD09938,2025-03-12,West,Meena,Furniture,Sofa,18,25000,450000,124700
ORD09939,2025-09-01,North,Amit,Electronics,Monitor,2,12000,24000,6604
ORD09940,2025-10-13,South,Priya,Electronics,Laptop,20,50000,1000000,134190
ORD09941,2025-04-06,East,Suresh,Furniture,Chair,11,3000,33000,7164
ORD09942,2025-01-04,South,Anita,Furniture,Table,8,8000,64000,11617
ORD09943,2025-08-07,West,Meena,Furniture,Chair,8,3000,24000,5314
ORD09944,2025-12-28,East,Riya,Electronics,Monitor,15,12000,180000,43051
ORD09945,2025-03-08,West,Rahul,Furniture,Table,15,8000,120000,34592
ORD09946,2025-06-08,West,Rahul,Electronics,Mobile,20,20000,400000,63148
ORD09947,2025-07-27,South,Priya,Electronics,Laptop,14,50000,700000,189506
ORD09948,2025-05-15,East,Suresh,Furniture,Table,8,8000,64000,16642
ORD09949,2025-12-13,East,Arun,Furniture,Chair,1,3000,3000,379
ORD09950,2025-05-26,West,Rahul,Electronics,Mobile,13,20000,260000,69512
ORD09951,2025-10-28,South,Priya,Electronics,Laptop,18,50000,900000,227519
ORD09952,2025-07-07,East,Suresh,Furniture,Table,16,8000,128000,16010
ORD09953,2025-11-04,South,Karthik,Furniture,Chair,20,3000,60000,12448
ORD09954,2025-10-26,North,Raj,Furniture,Chair,18,3000,54000,10411
ORD09955,2025-02-22,West,Sneha,Furniture,Sofa,11,25000,275000,80386
ORD09956,2025-03-27,South,Priya,Electronics,Mobile,3,20000,60000,15629
ORD09957,2025-10-25,North,Amit,Furniture,Sofa,18,25000,450000,69291
ORD09958,2025-07-10,West,Meena,Furniture,Table,10,8000,80000,12868
ORD09959,2025-10-17,East,Arun,Furniture,Chair,11,3000,33000,6846
ORD09960,2025-10-25,West,Sneha,Electronics,Monitor,1,12000,12000,1863
ORD09961,2025-07-14,West,Rahul,Furniture,Chair,4,3000,12000,1594
ORD09962,2025-07-29,East,Riya,Electronics,Monitor,16,12000,192000,46915
ORD09963,2025-12-21,West,Meena,Furniture,Chair,18,3000,54000,12772
ORD09964,2025-11-23,West,Sneha,Electronics,Laptop,8,50000,400000,57069
ORD09965,2025-03-28,East,Riya,Electronics,Laptop,14,50000,700000,137285
ORD09966,2025-11-06,East,Arun,Furniture,Sofa,15,25000,375000,52367
ORD09967,2025-03-23,West,Sneha,Electronics,Monitor,7,12000,84000,13199
ORD09968,2025-07-18,North,Amit,Electronics,Monitor,17,12000,204000,56505
ORD09969,2025-07-12,East,Arun,Electronics,Monitor,17,12000,204000,46702
ORD09970,2025-07-03,East,Arun,Furniture,Table,16,8000,128000,12999
ORD09971,2025-06-03,South,Anita,Electronics,Monitor,12,12000,144000,27942
ORD09972,2025-08-06,West,Meena,Furniture,Table,3,8000,24000,6217
ORD09973,2025-12-15,South,Priya,Furniture,Chair,13,3000,39000,4686
ORD09974,2025-12-22,West,Sneha,Electronics,Mobile,3,20000,60000,7599
ORD09975,2025-09-04,South,Anita,Furniture,Chair,17,3000,51000,7827
ORD09976,2025-10-19,West,Meena,Electronics,Monitor,6,12000,72000,16031
ORD09977,2025-02-05,East,Suresh,Electronics,Laptop,15,50000,750000,88110
ORD09978,2025-05-02,South,Anita,Furniture,Chair,3,3000,9000,1735
ORD09979,2025-12-25,South,Priya,Electronics,Monitor,12,12000,144000,37805
ORD09980,2025-09-11,North,Amit,Electronics,Laptop,11,50000,550000,119987
ORD09981,2025-10-15,North,Raj,Electronics,Monitor,3,12000,36000,7135
ORD09982,2025-04-30,South,Priya,Electronics,Laptop,16,50000,800000,156323
ORD09983,2025-01-19,East,Suresh,Electronics,Laptop,19,50000,950000,217817
ORD09984,2025-05-12,East,Arun,Electronics,Monitor,17,12000,204000,38940
ORD09985,2025-06-30,North,Vikram,Electronics,Monitor,13,12000,156000,17154
ORD09986,2025-10-30,North,Amit,Furniture,Table,5,8000,40000,6333
ORD09987,2025-09-27,West,Rahul,Electronics,Laptop,12,50000,600000,138632
ORD09988,2025-07-02,West,Rahul,Furniture,Chair,15,3000,45000,6639
ORD09989,2025-07-09,East,Arun,Furniture,Table,13,8000,104000,28271
ORD09990,2025-09-19,North,Amit,Furniture,Chair,10,3000,30000,7120
ORD09991,2025-02-26,East,Arun,Electronics,Mobile,6,20000,120000,24901
ORD09992,2025-07-16,South,Anita,Furniture,Chair,11,3000,33000,4117
ORD09993,2025-06-09,North,Amit,Electronics,Mobile,5,20000,100000,20861
ORD09994,2025-03-11,North,Vikram,Electronics,Monitor,15,12000,180000,20477
ORD09995,2025-06-24,East,Riya,Electronics,Laptop,7,50000,350000,77727
ORD09996,2025-08-02,South,Priya,Electronics,Laptop,17,50000,850000,206066
ORD09997,2025-12-05,South,Priya,Furniture,Chair,14,3000,42000,8466
ORD09998,2025-01-26,North,Amit,Electronics,Laptop,9,50000,450000,129311
ORD09999,2025-08-22,East,Arun,Electronics,Monitor,7,12000,84000,14979
ORD10000,2025-10-31,East,Riya,Furniture,Chair,12,3000,36000,5946
