student_id,age,gender,study_hours_per_day,sleep_hours_per_day,social_media_hours,exercise_hours_per_week,attendance_percentage,internet_access,part_time_job,stress_level,assignment_completion_rate,exam_score,cgpa,academic_performance
1,17,Male,2.7,,3.5,2.4,85.7,Yes,Yes,Medium,100.0,63.8,2.87,Average
2,23,Male,3.2,5.9,2.1,7.5,65.0,Yes,No,Medium,100.0,59.8,2.44,Average
3,22,Male,3.6,6.1,1.3,1.3,87.0,Yes,No,Medium,100.0,74.5,2.85,Average
4,20,Male,4.4,6.1,0.9,7.2,73.8,Yes,No,High,100.0,75.2,2.5,Average
5,20,Female,5.1,7.6,0.0,2.0,94.8,Yes,No,Medium,,86.5,3.76,Good
6,24,Male,3.1,,2.6,4.0,78.5,Yes,No,Medium,97.8,77.0,3.49,Good
7,17,Male,2.8,6.8,0.4,3.0,70.8,Yes,Yes,Medium,,60.6,2.19,Poor
8,23,Female,4.2,7.7,1.2,3.3,82.8,Yes,No,High,100.0,80.2,2.94,Average
9,18,Male,4.4,6.8,2.3,5.6,72.8,Yes,No,Medium,100.0,65.8,3.07,Average
10,17,Male,2.8,6.7,0.6,7.0,94.7,No,No,Medium,84.8,75.3,2.79,Average
11,21,Female,4.7,7.6,3.7,6.4,82.0,Yes,No,Medium,100.0,71.4,3.48,Good
12,25,Male,5.0,7.8,4.3,3.2,80.5,Yes,No,Medium,100.0,72.0,2.84,Average
13,23,Male,5.4,6.8,2.0,4.4,87.9,Yes,Yes,High,100.0,90.4,3.48,Good
14,23,Male,6.2,7.1,2.2,2.4,72.0,Yes,No,Medium,100.0,99.7,4.0,Good
15,23,Female,2.2,6.1,4.0,2.0,69.1,Yes,Yes,Medium,72.2,59.4,2.24,Average
16,24,Male,3.5,6.0,1.7,1.7,86.1,Yes,No,Medium,100.0,79.8,3.59,Good
17,21,Male,3.5,7.9,1.6,3.1,71.0,Yes,No,Medium,98.0,69.6,3.09,Average
18,18,Male,3.4,7.5,5.2,4.5,71.0,Yes,No,Medium,87.1,61.3,2.83,Average
19,24,Male,2.5,7.5,4.6,0.2,90.4,Yes,No,High,90.4,71.3,2.92,Average
20,21,Female,1.3,7.3,4.1,3.9,87.3,Yes,No,Medium,91.5,50.1,1.84,Poor
21,21,Male,3.6,7.1,4.7,7.0,69.5,No,No,Low,95.9,73.1,2.92,Average
22,20,Female,2.3,7.8,0.0,6.2,75.8,Yes,No,Low,96.2,75.2,2.86,Average
23,18,Female,3.6,8.1,5.4,2.8,73.0,Yes,Yes,Medium,95.7,59.7,2.9,Average
24,25,Female,2.3,8.1,3.7,,99.8,Yes,No,High,85.6,62.3,2.84,Average
25,24,Male,1.9,6.9,4.8,4.9,91.1,Yes,Yes,Medium,100.0,55.1,2.17,Poor
26,22,Female,3.9,8.7,3.7,0.0,77.8,Yes,Yes,Medium,100.0,60.8,2.11,Poor
27,20,Female,3.7,7.3,3.1,6.2,87.8,Yes,Yes,Medium,100.0,72.1,3.42,Good
28,24,Male,4.4,,2.5,3.6,68.4,Yes,No,High,100.0,85.6,3.47,Good
29,21,Female,6.8,7.3,3.7,7.7,75.3,Yes,Yes,High,100.0,86.7,3.42,Good
30,20,Female,3.9,7.3,2.4,0.5,83.0,Yes,No,Low,100.0,87.3,4.0,Good
31,21,Male,4.2,6.1,4.6,5.8,86.5,Yes,No,Medium,100.0,73.8,2.77,Average
32,19,Female,1.9,7.8,0.1,3.8,81.0,Yes,No,High,85.4,80.1,3.09,Average
33,17,Male,1.6,10.0,2.0,3.3,84.5,No,No,High,90.0,53.6,2.06,Poor
34,21,Female,5.9,6.6,6.7,1.3,82.8,Yes,No,Medium,100.0,84.8,2.93,Average
35,24,Female,2.1,7.1,1.9,5.2,80.4,Yes,No,Medium,87.8,55.0,2.31,Average
36,17,Male,1.9,6.5,2.6,5.4,79.0,Yes,No,Medium,90.0,53.8,1.88,Poor
37,24,Female,3.4,6.4,1.4,7.6,77.7,Yes,No,Low,99.7,83.3,3.13,Average
38,24,Male,3.4,8.9,3.6,6.0,84.3,Yes,No,Low,100.0,74.8,2.75,Average
39,19,Female,2.1,6.2,1.7,2.8,86.1,Yes,No,Medium,82.7,73.0,2.72,Average
40,22,Female,3.0,6.4,2.7,2.0,84.0,Yes,No,Low,100.0,59.2,2.07,Poor
41,18,Male,5.3,5.1,4.5,1.3,70.2,Yes,No,Medium,100.0,85.8,3.52,Good
42,23,Male,2.3,6.1,1.7,6.9,72.0,No,Yes,High,89.7,53.1,2.07,Poor
43,23,Male,1.4,4.9,4.4,2.4,86.0,Yes,Yes,High,93.0,44.0,1.78,Poor
44,20,Male,15.0,7.8,4.5,7.0,96.7,Yes,Yes,Low,,88.4,4.0,Good
45,17,Male,4.2,10.0,4.9,5.1,83.5,Yes,Yes,Low,100.0,77.6,3.05,Average
46,25,Male,2.6,6.6,3.3,4.7,77.9,Yes,Yes,Medium,100.0,63.4,2.75,Average
47,21,Male,1.1,5.0,8.8,3.4,84.2,Yes,No,Medium,90.8,51.0,2.29,Average
48,25,Male,2.4,8.1,4.9,5.3,70.6,Yes,No,Low,87.0,63.4,2.52,Average
49,23,Female,3.4,6.1,3.6,4.0,95.1,Yes,No,High,100.0,87.0,3.58,Good
50,24,Female,5.2,8.6,1.4,3.3,83.9,Yes,No,Low,100.0,79.7,3.19,Average
51,23,Female,1.9,6.7,2.8,5.4,75.3,Yes,No,Low,84.1,69.7,2.86,Average
52,18,Male,3.4,6.2,5.6,3.7,80.3,No,Yes,Medium,100.0,81.8,3.07,Average
53,20,Female,4.5,6.8,6.1,2.4,76.7,Yes,No,Medium,100.0,70.9,2.66,Average
54,21,Female,0.5,7.9,5.7,5.2,95.1,Yes,No,Medium,83.2,35.5,1.42,Poor
55,21,Male,5.1,,4.4,3.9,80.0,No,No,Medium,100.0,70.7,2.14,Poor
56,17,Male,1.7,6.4,0.7,5.0,83.6,Yes,No,High,98.1,58.2,2.85,Average
57,21,Female,4.0,,3.9,3.1,87.7,Yes,No,Low,100.0,93.0,4.0,Good
58,18,Male,3.9,5.5,0.8,1.6,74.6,Yes,Yes,Medium,100.0,76.1,3.1,Average
59,23,Male,5.1,7.5,0.3,7.5,83.9,Yes,No,Low,100.0,85.0,3.63,Good
60,23,Female,4.3,4.9,3.4,7.1,84.7,Yes,Yes,Medium,100.0,73.6,3.32,Good
61,25,Male,0.5,6.5,3.9,5.8,66.5,Yes,Yes,Medium,46.5,30.8,0.77,Poor
62,23,Male,2.3,7.9,4.6,3.2,84.5,Yes,Yes,Medium,95.5,68.2,3.05,Average
63,20,Female,3.7,7.4,3.9,3.4,81.5,Yes,Yes,Low,100.0,71.6,2.72,Average
64,25,Female,3.2,7.7,4.0,6.8,83.3,Yes,No,High,100.0,85.7,4.0,Good
65,20,Male,4.2,,1.2,3.3,82.4,Yes,No,Medium,100.0,85.7,3.36,Good
66,19,Female,4.7,8.4,2.8,2.7,84.6,Yes,Yes,High,100.0,89.5,3.9,Good
67,25,Female,4.4,8.1,0.3,7.7,95.4,Yes,No,Medium,94.0,86.3,3.39,Good
68,20,Female,3.2,7.5,0.0,3.9,70.2,Yes,No,High,90.1,61.3,3.22,Good
69,17,Female,0.7,8.1,4.3,7.5,78.6,Yes,No,Medium,81.6,39.9,1.41,Poor
70,21,Male,2.8,7.9,1.6,1.2,88.7,Yes,No,Medium,71.4,60.1,2.81,Average
71,24,Male,15.0,6.5,4.6,5.0,86.8,Yes,No,Medium,100.0,83.8,3.57,Good
72,18,Female,1.9,5.4,5.0,8.1,86.6,Yes,No,High,74.1,54.7,2.33,Average
73,21,Male,4.4,7.5,1.9,4.1,100.0,Yes,No,Medium,,95.4,3.89,Good
74,18,Female,4.9,7.7,4.1,3.5,88.1,Yes,No,Medium,100.0,84.7,3.16,Average
75,23,Female,3.7,8.3,1.8,1.7,93.3,Yes,No,Medium,100.0,77.1,2.18,Poor
76,21,Male,0.5,5.9,0.0,,78.9,Yes,No,Medium,75.5,42.3,2.07,Poor
77,19,Female,1.6,5.9,3.2,2.5,72.1,No,Yes,Medium,,55.5,2.05,Poor
78,19,Male,6.3,7.6,2.2,3.8,78.9,Yes,No,High,100.0,93.3,4.0,Good
79,22,Female,2.7,6.9,2.2,1.5,89.1,Yes,No,Medium,100.0,76.5,3.18,Average
80,23,Male,0.5,4.7,6.6,7.1,86.1,Yes,No,Medium,88.9,38.8,1.97,Poor
81,25,Female,5.4,7.5,0.3,6.3,86.0,Yes,No,Medium,100.0,97.5,4.0,Good
82,20,Female,3.5,4.8,3.7,3.9,79.9,Yes,No,High,100.0,83.7,2.49,Average
83,18,Male,5.2,5.9,1.2,1.7,78.3,Yes,Yes,Medium,100.0,89.0,3.78,Good
84,24,Female,3.9,8.6,4.6,7.1,80.2,No,No,Low,100.0,78.7,3.03,Average
85,22,Female,4.2,9.2,3.5,3.3,89.2,Yes,No,Low,100.0,84.0,3.77,Good
86,23,Female,4.0,5.5,3.7,1.8,90.4,Yes,No,Medium,100.0,93.7,3.95,Good
87,17,Female,4.5,6.6,1.3,,71.9,Yes,No,Medium,100.0,82.6,3.51,Good
88,19,Female,6.9,7.1,1.6,2.7,89.6,Yes,Yes,Medium,100.0,100.0,3.9,Good
89,23,Male,5.0,9.1,4.7,1.1,75.5,Yes,No,Low,100.0,78.8,2.83,Average
90,24,Male,1.1,6.4,6.2,2.8,86.7,Yes,No,High,90.7,43.9,1.6,Poor
91,20,Male,4.2,6.4,3.9,5.5,80.1,Yes,Yes,Medium,100.0,65.9,2.01,Poor
92,24,Female,5.2,8.9,1.4,3.2,97.7,Yes,No,Medium,100.0,100.0,3.79,Good
93,24,Female,5.3,6.6,3.6,4.7,77.8,No,Yes,Low,100.0,76.2,2.54,Average
94,20,Male,2.9,7.9,7.4,2.6,83.8,Yes,No,Low,100.0,67.1,2.18,Poor
95,25,Male,5.2,5.2,3.2,4.1,88.1,Yes,No,Low,100.0,91.4,3.69,Good
96,19,Female,4.9,6.8,5.6,7.8,73.3,No,Yes,Medium,100.0,83.7,3.53,Good
97,19,Male,7.4,5.0,1.7,3.3,81.3,Yes,No,Medium,100.0,100.0,3.99,Good
98,23,Female,2.4,5.7,2.9,4.8,79.3,Yes,No,Low,100.0,56.1,2.07,Poor
99,22,Male,2.7,8.0,4.1,0.9,76.9,Yes,No,Medium,86.9,65.7,2.3,Average
100,18,Female,3.0,6.9,3.7,7.0,77.6,Yes,No,Low,90.8,63.6,2.43,Average
101,24,Male,2.8,6.6,1.6,3.0,93.1,Yes,Yes,Medium,100.0,62.4,2.21,Average
102,18,Male,2.2,6.1,1.5,6.1,76.0,Yes,Yes,Low,95.5,77.1,3.06,Average
103,24,Female,0.5,6.7,4.8,3.8,87.7,Yes,No,Low,73.3,41.2,1.11,Poor
104,17,Female,2.8,7.4,5.1,5.2,85.1,No,Yes,Low,100.0,56.9,2.52,Average
105,24,Male,4.1,8.2,5.7,5.3,68.0,No,Yes,Medium,100.0,65.7,2.43,Average
106,24,Male,2.8,3.8,6.2,3.1,87.2,Yes,No,High,96.2,73.3,3.06,Average
107,24,Female,6.4,6.0,3.2,6.2,67.9,Yes,Yes,Medium,100.0,72.8,3.22,Good
108,22,Female,3.5,7.2,2.4,2.5,88.3,Yes,No,Low,100.0,84.8,3.51,Good
109,21,Male,5.4,,5.4,5.6,76.9,Yes,No,High,100.0,75.0,3.28,Good
110,23,Male,3.9,7.5,4.3,3.2,82.1,Yes,No,High,100.0,75.6,2.3,Average
111,19,Female,4.7,7.3,1.2,4.7,69.1,Yes,Yes,Medium,100.0,74.8,2.82,Average
112,24,Female,3.9,6.6,1.1,3.1,83.2,Yes,No,Low,100.0,94.7,4.0,Good
113,22,Female,5.6,6.4,3.9,4.1,91.3,Yes,No,Medium,100.0,91.5,3.84,Good
114,21,Female,3.6,6.7,2.7,1.9,73.9,Yes,No,High,100.0,64.9,3.24,Good
115,21,Male,4.2,2.0,3.0,4.5,75.9,Yes,No,High,100.0,73.7,3.54,Good
116,22,Female,4.0,6.1,4.9,4.1,86.5,Yes,No,Medium,100.0,76.0,3.15,Average
117,17,Female,3.1,6.9,4.4,2.9,86.8,Yes,No,Medium,100.0,69.8,2.7,Average
118,18,Female,4.1,7.2,5.4,3.9,57.7,No,No,High,100.0,68.5,2.4,Average
119,19,Male,6.9,8.9,0.0,4.3,100.0,Yes,No,Low,100.0,100.0,3.83,Good
120,18,Male,3.1,6.6,3.5,2.8,87.3,Yes,Yes,Low,99.1,59.1,2.22,Average
121,20,Female,4.1,8.2,4.3,3.7,89.0,Yes,No,High,100.0,75.1,2.8,Average
122,23,Male,5.4,8.5,0.3,2.0,80.6,Yes,No,Low,100.0,95.8,3.51,Good
123,22,Female,5.2,6.9,1.8,8.7,63.4,Yes,Yes,Medium,100.0,75.8,3.17,Average
124,21,Male,3.5,6.7,1.5,6.1,88.7,Yes,No,Medium,100.0,82.4,3.89,Good
125,24,Female,0.5,6.6,3.0,4.5,76.3,Yes,No,Low,79.0,46.4,2.18,Poor
126,22,Female,4.3,6.7,5.9,6.3,87.4,Yes,Yes,Low,100.0,74.2,2.85,Average
127,17,Male,0.5,8.0,6.6,0.0,79.8,Yes,No,Medium,74.5,51.5,2.42,Average
128,23,Male,5.7,7.3,1.5,0.0,84.4,Yes,No,Medium,100.0,79.0,3.28,Good
129,22,Female,3.8,7.3,3.9,3.2,74.3,No,No,Medium,,64.7,2.57,Average
130,22,Female,5.0,5.6,4.0,1.2,90.6,Yes,No,Medium,100.0,95.6,3.79,Good
131,22,Male,2.1,5.8,3.7,3.5,70.1,Yes,No,High,76.0,70.8,2.76,Average
132,21,Female,1.2,,3.7,4.4,100.0,Yes,No,Medium,96.9,77.1,3.31,Good
133,17,Female,3.9,6.8,3.5,5.8,100.0,Yes,Yes,High,100.0,81.2,3.3,Good
134,22,Male,3.4,6.1,6.0,1.7,98.3,Yes,Yes,Medium,100.0,76.6,2.81,Average
135,24,Male,2.8,8.7,5.0,4.8,94.8,No,No,Low,100.0,74.3,2.7,Average
136,19,Male,3.6,7.3,1.1,4.0,81.2,Yes,No,High,100.0,86.0,3.55,Good
137,22,Male,7.7,7.7,4.4,4.7,93.7,No,No,High,100.0,100.0,4.0,Good
138,17,Male,4.8,6.8,4.6,3.0,81.0,Yes,No,Low,100.0,86.9,3.37,Good
139,20,Male,5.1,6.6,3.6,6.8,66.5,Yes,No,Medium,100.0,82.2,2.89,Average
140,20,Female,4.8,6.8,5.0,3.8,97.0,Yes,No,Medium,100.0,88.7,3.99,Good
141,25,Male,5.7,5.3,3.3,7.5,93.3,No,No,Low,100.0,86.0,3.81,Good
142,18,Female,3.2,6.9,3.4,,81.7,Yes,No,Medium,100.0,66.6,1.97,Poor
143,19,Male,0.5,7.4,3.2,5.5,69.7,Yes,No,Low,52.5,39.4,2.04,Poor
144,20,Male,3.2,9.2,0.0,3.9,76.1,Yes,No,Low,100.0,62.9,2.44,Average
145,25,Female,4.7,7.1,2.9,3.3,63.8,Yes,Yes,High,100.0,62.6,2.57,Average
146,24,Female,2.0,4.2,1.8,5.3,91.5,Yes,No,Medium,100.0,62.3,2.89,Average
147,17,Male,3.2,6.9,0.9,3.4,66.0,Yes,Yes,High,100.0,65.6,3.2,Good
148,19,Male,2.5,10.0,5.6,0.0,84.9,Yes,No,Medium,94.2,61.9,2.83,Average
149,24,Male,5.8,8.0,3.9,0.0,73.6,Yes,No,High,100.0,90.4,3.7,Good
150,17,Female,4.6,6.0,2.9,6.5,67.7,Yes,No,Medium,100.0,77.8,2.63,Average
151,24,Male,4.5,7.7,2.0,6.5,84.4,Yes,No,Medium,100.0,80.3,2.5,Average
152,19,Male,4.4,6.1,3.5,7.8,78.7,Yes,No,Medium,100.0,70.4,3.12,Average
153,25,Male,3.4,5.4,4.8,4.0,90.4,No,No,Medium,,79.0,3.63,Good
154,19,Male,3.8,6.6,1.5,1.4,69.3,Yes,No,Medium,100.0,71.6,2.58,Average
155,20,Female,1.7,7.1,3.0,3.2,74.4,Yes,No,Medium,78.0,51.9,1.98,Poor
156,22,Female,0.5,4.8,4.6,4.0,58.1,Yes,No,Medium,65.0,36.0,1.25,Poor
157,18,Male,3.7,5.6,0.0,2.0,60.2,Yes,Yes,Low,,65.0,2.4,Average
158,22,Male,4.0,7.0,2.9,7.3,100.0,Yes,Yes,High,100.0,78.3,3.51,Good
159,21,Male,5.3,6.5,2.2,8.5,100.0,Yes,Yes,High,100.0,89.7,3.66,Good
160,24,Male,5.9,7.5,2.8,,82.9,Yes,No,Medium,100.0,89.4,3.5,Good
161,25,Female,5.9,5.5,2.1,4.0,73.8,Yes,Yes,Medium,,94.8,4.0,Good
162,22,Female,2.0,7.9,3.2,1.4,79.0,Yes,No,Medium,88.0,62.1,1.98,Poor
163,20,Female,3.0,5.6,6.5,7.1,90.7,Yes,No,High,100.0,78.2,3.32,Good
164,20,Female,4.2,9.0,2.4,4.2,76.9,Yes,No,Medium,100.0,86.7,3.1,Average
165,20,Female,7.3,4.9,3.5,3.4,84.4,Yes,No,Medium,100.0,100.0,3.94,Good
166,24,Female,5.7,5.7,6.6,5.0,81.9,Yes,No,Low,100.0,89.0,3.61,Good
167,19,Male,5.2,7.5,2.0,2.8,76.3,No,No,Low,100.0,89.5,3.87,Good
168,18,Male,2.9,9.0,6.3,4.3,76.7,Yes,No,High,82.0,56.9,2.18,Poor
169,20,Male,2.2,7.4,3.0,1.1,84.9,Yes,Yes,Medium,100.0,69.2,2.64,Average
170,17,Female,4.7,7.7,6.2,6.2,72.2,No,No,Low,100.0,68.2,2.63,Average
171,17,Male,1.8,7.0,4.4,3.8,86.5,Yes,Yes,Low,85.1,46.8,1.49,Poor
172,17,Female,3.1,5.8,3.6,6.3,77.3,No,No,Medium,91.1,79.1,3.38,Good
173,23,Female,3.3,6.4,2.9,3.6,83.3,Yes,No,Medium,100.0,61.5,2.56,Average
174,23,Female,5.9,5.5,1.9,3.7,95.8,Yes,Yes,Medium,100.0,100.0,4.0,Good
175,23,Male,3.0,5.5,3.1,1.6,80.3,Yes,Yes,Medium,100.0,60.1,2.38,Average
176,21,Male,0.5,7.5,4.6,5.5,91.2,Yes,No,High,76.8,58.0,2.25,Average
177,23,Male,4.3,5.7,3.0,2.2,64.1,No,No,Medium,100.0,82.1,3.7,Good
178,18,Female,2.5,7.4,2.4,3.0,77.3,Yes,Yes,High,87.2,67.3,3.05,Average
179,25,Female,3.6,5.4,2.5,4.0,82.3,Yes,Yes,Low,100.0,83.5,3.83,Good
180,21,Female,3.4,7.4,4.8,4.2,100.0,Yes,Yes,Medium,100.0,74.8,3.12,Average
181,25,Male,3.1,6.4,5.2,0.6,62.4,Yes,No,Low,92.6,76.6,3.54,Good
182,18,Male,4.7,8.7,1.8,3.5,81.0,Yes,Yes,Low,100.0,89.1,3.42,Good
183,21,Male,1.2,7.4,1.8,,96.6,Yes,No,Low,100.0,53.5,2.07,Poor
184,23,Female,2.7,8.5,3.7,3.2,74.1,Yes,No,Low,91.3,62.8,2.93,Average
185,21,Female,4.5,6.1,5.7,3.6,79.9,Yes,Yes,High,100.0,74.3,3.27,Good
186,21,Male,2.6,7.1,5.1,4.3,85.3,No,No,Medium,85.3,60.9,2.33,Average
187,18,Female,1.1,5.8,0.7,3.7,83.8,Yes,Yes,High,90.2,43.7,1.38,Poor
188,20,Male,4.5,6.5,2.5,1.9,97.7,Yes,No,Medium,100.0,89.5,3.51,Good
189,19,Female,5.2,6.7,1.3,3.9,86.5,Yes,Yes,Medium,100.0,78.7,2.91,Average
190,19,Male,3.4,6.1,2.5,6.0,95.3,Yes,No,Low,100.0,56.8,2.88,Average
191,23,Male,0.6,5.5,5.9,1.9,78.4,Yes,No,Medium,62.6,40.3,1.88,Poor
192,22,Female,4.6,5.3,0.4,3.3,74.6,Yes,No,Medium,91.9,75.9,2.77,Average
193,22,Male,1.0,4.2,0.1,1.2,79.7,Yes,No,High,100.0,49.0,1.59,Poor
194,20,Male,4.0,5.7,1.5,5.9,70.4,Yes,No,High,100.0,49.3,1.7,Poor
195,25,Male,2.2,7.8,3.5,3.8,86.8,Yes,No,Low,97.8,55.7,2.03,Poor
196,17,Male,1.8,5.1,4.1,2.3,78.1,Yes,Yes,Medium,91.6,53.9,2.1,Poor
197,20,Female,2.8,5.4,3.8,,75.3,No,No,Medium,,58.3,2.72,Average
198,18,Female,3.2,9.1,5.1,1.6,87.0,Yes,No,Medium,99.1,71.7,2.53,Average
199,20,Female,2.5,,0.0,1.9,70.6,Yes,No,Low,100.0,76.1,3.85,Good
200,25,Male,4.4,7.4,5.1,,89.7,Yes,No,Medium,100.0,82.9,2.99,Average
201,20,Female,2.8,7.8,2.4,1.9,77.2,Yes,No,High,91.6,74.2,2.48,Average
202,25,Male,5.0,7.8,4.3,6.7,93.6,Yes,Yes,Medium,100.0,94.9,4.0,Good
203,21,Male,3.9,5.2,0.6,2.5,78.1,Yes,Yes,Medium,100.0,69.6,3.25,Good
204,23,Male,2.5,6.7,3.0,4.9,88.3,Yes,No,Low,,69.5,2.72,Average
205,21,Female,2.2,5.1,3.4,2.3,83.8,Yes,No,High,100.0,69.8,2.92,Average
206,19,Female,1.0,9.9,5.1,5.5,89.4,Yes,No,Low,84.2,48.4,2.08,Poor
207,23,Female,3.9,5.1,0.1,1.9,83.1,Yes,No,Low,100.0,74.0,3.01,Average
208,25,Male,3.0,5.7,3.1,4.1,65.4,Yes,No,Medium,95.2,66.3,2.2,Poor
209,19,Male,0.5,5.8,1.0,,92.1,Yes,No,High,84.5,42.8,0.84,Poor
210,24,Female,2.7,5.2,3.9,8.7,81.1,Yes,No,Medium,,55.4,1.92,Poor
211,19,Female,2.1,8.6,4.4,5.3,89.9,Yes,Yes,Low,100.0,56.7,2.9,Average
212,23,Male,5.9,9.9,5.3,2.8,88.9,Yes,No,Low,100.0,93.7,4.0,Good
213,24,Male,0.9,6.4,2.0,5.4,74.3,Yes,No,High,,52.3,2.0,Poor
214,21,Male,1.3,5.4,4.7,8.3,72.9,Yes,No,Medium,74.5,57.5,1.96,Poor
215,23,Female,5.2,4.3,5.4,0.7,88.6,No,Yes,Low,100.0,76.8,3.17,Average
216,19,Male,5.5,6.7,0.0,2.3,79.0,Yes,No,High,100.0,84.1,3.52,Good
217,17,Female,2.4,6.6,4.1,3.5,91.4,Yes,No,Low,99.0,69.1,2.97,Average
218,17,Male,2.6,6.2,4.7,3.2,80.2,Yes,No,Medium,100.0,55.0,1.32,Poor
219,21,Female,4.4,7.3,2.5,3.3,92.2,Yes,No,Low,100.0,79.0,4.0,Good
220,25,Male,0.5,7.5,0.8,1.4,86.2,Yes,No,Medium,98.9,38.1,1.92,Poor
221,18,Male,0.7,7.4,4.7,6.8,84.9,Yes,No,High,89.0,50.7,1.96,Poor
222,21,Male,3.1,6.6,0.8,1.2,78.3,Yes,No,Medium,84.2,83.1,3.07,Average
223,23,Male,5.8,5.7,2.7,3.6,84.3,Yes,No,Medium,100.0,83.9,3.7,Good
224,18,Female,2.8,7.8,2.9,6.1,93.9,Yes,Yes,High,96.2,79.4,3.35,Good
225,23,Male,3.7,7.0,4.3,3.9,81.5,Yes,No,High,100.0,70.8,2.86,Average
226,19,Female,5.2,8.1,1.9,2.0,87.3,Yes,No,Medium,100.0,75.2,3.17,Average
227,24,Male,6.7,7.9,1.8,1.3,82.5,Yes,No,Medium,100.0,92.3,3.65,Good
228,22,Male,2.6,5.3,3.2,3.5,83.2,Yes,Yes,High,99.7,57.8,2.45,Average
229,21,Female,3.5,5.3,4.8,2.5,99.2,Yes,No,Low,100.0,72.8,3.17,Average
230,18,Male,6.2,6.1,7.1,4.4,94.0,Yes,No,Low,100.0,95.5,3.94,Good
231,21,Female,1.2,5.7,0.3,1.2,82.8,Yes,No,Low,88.8,73.1,3.02,Average
232,24,Female,5.0,,3.6,5.6,84.1,Yes,No,High,100.0,73.0,3.41,Good
233,17,Female,2.0,,1.0,4.2,75.0,Yes,No,Low,87.4,56.6,1.7,Poor
234,23,Male,3.7,8.3,4.8,4.4,80.3,Yes,No,Medium,100.0,62.9,2.24,Average
235,21,Male,3.1,7.5,1.3,,85.1,No,No,Medium,100.0,62.8,2.52,Average
236,23,Female,2.1,7.3,1.8,3.1,90.5,No,No,Low,100.0,66.3,2.4,Average
237,22,Male,2.0,8.4,1.9,2.5,89.5,Yes,No,Medium,80.2,64.6,2.45,Average
238,20,Male,3.9,7.6,2.9,2.9,70.9,Yes,No,Medium,100.0,57.3,2.74,Average
239,19,Male,5.0,7.1,3.6,3.6,91.8,Yes,No,Low,100.0,86.8,3.42,Good
240,22,Female,3.3,8.8,3.9,3.8,81.1,Yes,No,High,100.0,59.4,1.74,Poor
241,18,Female,3.6,7.1,3.0,2.3,72.1,Yes,No,Low,100.0,69.7,2.64,Average
242,22,Female,4.4,6.6,0.6,0.0,95.4,Yes,No,High,100.0,97.5,3.92,Good
243,17,Female,2.0,6.0,4.3,2.9,96.6,Yes,No,Medium,100.0,67.4,2.71,Average
244,22,Male,4.6,7.8,2.9,4.7,84.6,Yes,Yes,Low,100.0,83.6,3.54,Good
245,22,Female,4.7,8.5,5.1,4.3,89.1,Yes,Yes,Low,100.0,77.1,3.25,Good
246,17,Male,7.4,6.9,1.7,6.4,89.7,Yes,No,Medium,100.0,100.0,3.95,Good
247,23,Female,2.9,8.6,0.1,7.9,96.0,Yes,No,Medium,,81.4,2.84,Average
248,20,Male,2.8,4.6,2.9,5.5,89.3,Yes,No,Low,100.0,73.1,2.77,Average
249,24,Female,4.7,6.9,5.3,6.8,68.7,Yes,No,High,100.0,72.5,2.68,Average
250,17,Male,4.7,7.0,3.3,5.5,100.0,Yes,No,Medium,100.0,89.6,3.49,Good
251,18,Male,2.7,6.1,2.6,7.4,92.7,Yes,No,High,100.0,59.5,2.62,Average
252,21,Male,2.9,9.9,1.4,7.7,76.9,Yes,No,Low,100.0,62.1,2.62,Average
253,18,Male,4.3,6.9,6.2,5.9,71.7,Yes,No,Low,,76.0,3.33,Good
254,19,Male,2.3,6.5,1.1,5.4,87.0,Yes,No,Medium,91.3,73.6,2.81,Average
255,22,Female,2.9,7.0,1.7,3.6,79.2,Yes,No,Medium,100.0,69.0,3.29,Good
256,18,Male,3.6,4.6,4.0,3.9,85.3,Yes,Yes,Low,100.0,84.7,3.62,Good
257,23,Female,5.0,6.1,0.0,3.3,89.4,Yes,No,Low,100.0,95.3,3.85,Good
258,17,Male,2.6,8.2,5.3,5.2,76.3,Yes,No,Low,100.0,57.7,2.52,Average
259,18,Female,0.7,6.2,4.1,2.6,70.8,Yes,No,High,84.4,34.7,1.15,Poor
260,22,Male,0.6,6.0,4.6,3.6,85.9,No,Yes,Medium,75.7,59.6,1.65,Poor
261,24,Female,1.6,8.6,4.0,0.0,76.7,Yes,No,High,85.4,59.9,2.18,Poor
262,18,Female,1.5,8.6,2.7,7.4,83.5,Yes,Yes,Low,92.8,71.8,3.13,Average
263,19,Male,3.3,7.6,1.1,3.6,68.6,Yes,No,Medium,95.6,85.8,3.46,Good
264,25,Female,1.7,6.5,2.7,4.9,79.5,Yes,No,Medium,100.0,47.1,1.84,Poor
265,25,Male,2.4,6.7,1.2,6.9,89.1,No,No,Medium,89.0,58.6,2.05,Poor
266,22,Male,2.3,6.0,3.9,4.6,88.1,Yes,No,High,100.0,40.8,0.95,Poor
267,21,Female,2.8,5.8,4.5,6.9,74.1,Yes,No,High,100.0,69.3,3.27,Good
268,20,Female,5.5,5.7,5.7,1.5,70.3,Yes,No,Low,100.0,85.2,3.34,Good
269,22,Male,4.5,6.3,3.7,8.8,82.2,Yes,No,Medium,100.0,80.0,3.05,Average
270,22,Male,3.5,5.8,4.7,6.2,87.6,Yes,No,High,100.0,62.1,2.25,Average
271,19,Female,2.8,5.1,2.5,4.4,86.1,Yes,No,Low,100.0,68.2,3.17,Average
272,17,Female,2.9,7.3,2.1,6.9,76.9,Yes,Yes,Medium,94.3,68.0,3.03,Average
273,18,Female,4.0,7.3,3.9,1.7,85.0,Yes,No,Medium,100.0,82.2,2.95,Average
274,25,Female,4.4,9.0,2.3,3.4,97.0,Yes,Yes,Medium,100.0,87.7,3.92,Good
275,20,Female,2.1,6.2,3.5,6.9,84.1,Yes,No,Medium,99.0,66.6,2.61,Average
276,21,Male,3.6,7.4,1.1,0.3,65.7,Yes,No,Medium,100.0,68.8,2.54,Average
277,21,Female,0.5,7.4,1.4,5.1,84.0,Yes,Yes,High,86.2,60.7,2.33,Average
278,24,Male,3.8,6.7,4.1,5.1,100.0,Yes,No,Medium,100.0,84.4,3.1,Average
279,17,Female,4.6,7.9,4.6,7.9,69.1,Yes,No,High,100.0,65.0,2.14,Poor
280,17,Male,3.1,7.9,1.2,0.8,82.3,Yes,No,Medium,96.5,82.7,3.58,Good
281,19,Female,6.2,7.4,4.2,7.2,79.7,Yes,Yes,Medium,100.0,100.0,3.92,Good
282,21,Female,2.2,6.7,2.0,2.9,83.0,Yes,Yes,Medium,89.4,67.1,2.9,Average
283,23,Male,3.8,6.6,3.0,3.1,83.9,Yes,No,Medium,100.0,77.7,3.21,Good
284,21,Female,3.4,5.4,5.6,1.6,93.4,Yes,No,High,97.7,85.2,3.6,Good
285,20,Male,3.3,6.0,4.5,1.8,82.8,Yes,No,Low,100.0,56.0,1.53,Poor
286,25,Female,3.3,6.3,4.4,4.8,94.8,Yes,No,High,100.0,83.1,3.02,Average
287,18,Male,3.7,5.7,6.4,1.8,80.8,Yes,No,Medium,100.0,64.1,2.76,Average
288,22,Male,4.8,7.5,1.7,5.5,78.5,Yes,No,Medium,100.0,91.8,3.23,Good
289,21,Male,5.6,8.4,1.2,2.7,75.3,Yes,No,Medium,100.0,90.0,3.73,Good
290,21,Male,3.5,5.9,1.7,1.6,63.8,Yes,Yes,Medium,100.0,57.8,1.83,Poor
291,24,Male,4.7,7.3,2.5,2.9,84.8,Yes,No,Medium,100.0,79.7,3.19,Average
292,19,Female,2.4,5.8,0.0,4.7,100.0,Yes,No,Medium,96.2,82.8,3.87,Good
293,25,Female,4.6,6.6,2.6,3.4,86.6,Yes,No,Low,100.0,81.9,3.55,Good
294,19,Female,2.4,6.2,2.0,4.1,88.9,Yes,Yes,Medium,100.0,62.0,1.83,Poor
295,21,Male,5.1,7.7,4.4,5.4,77.9,Yes,Yes,Medium,100.0,76.7,3.36,Good
296,21,Male,6.8,6.2,3.6,6.2,79.6,Yes,No,Medium,100.0,100.0,4.0,Good
297,24,Male,3.3,8.2,1.9,3.4,91.8,Yes,No,Medium,100.0,89.8,4.0,Good
298,20,Female,0.5,6.7,4.1,1.9,100.0,Yes,No,Low,66.5,35.8,1.6,Poor
299,19,Female,2.7,6.2,4.3,4.2,96.9,Yes,Yes,Medium,100.0,91.3,3.17,Average
300,17,Male,5.3,5.5,1.6,4.9,90.1,Yes,No,Medium,100.0,93.5,3.89,Good
301,20,Female,4.3,7.3,2.1,,82.4,Yes,No,Medium,100.0,84.9,3.96,Good
302,24,Male,3.9,8.1,0.0,2.2,84.1,Yes,No,Medium,100.0,76.9,3.01,Average
303,17,Male,5.0,7.3,1.0,2.6,74.5,Yes,Yes,Medium,99.2,84.6,3.75,Good
304,25,Male,4.2,9.7,1.7,3.6,67.5,Yes,No,Medium,100.0,76.5,2.77,Average
305,21,Male,5.3,8.7,3.1,2.5,70.7,Yes,No,Low,,74.3,3.1,Average
306,18,Female,4.9,6.6,1.3,5.4,82.5,Yes,No,Low,100.0,79.5,2.31,Average
307,19,Female,5.8,6.6,2.1,0.8,79.1,Yes,No,Medium,100.0,100.0,3.67,Good
308,21,Male,4.0,7.6,0.8,0.8,67.3,Yes,No,Low,100.0,62.3,2.49,Average
309,19,Female,4.9,6.0,3.3,3.3,81.6,Yes,No,Low,100.0,86.0,3.31,Good
310,17,Female,3.0,8.4,3.8,3.6,78.8,Yes,No,Low,96.0,63.3,2.08,Poor
311,22,Female,2.6,7.4,3.7,1.1,70.3,Yes,No,Medium,82.2,52.1,1.91,Poor
312,23,Female,6.1,7.3,3.0,2.8,78.3,Yes,No,High,100.0,100.0,4.0,Good
313,18,Male,3.8,7.8,0.2,3.2,78.8,Yes,No,Low,100.0,70.2,2.78,Average
314,19,Female,4.7,9.1,1.9,3.2,75.8,Yes,No,Medium,100.0,72.3,2.91,Average
315,19,Male,3.7,7.2,2.3,4.3,91.3,Yes,No,High,100.0,76.5,3.32,Good
316,22,Female,2.6,6.9,2.3,2.7,63.0,Yes,No,High,92.8,53.4,2.02,Poor
317,23,Male,3.5,8.8,3.1,7.0,62.1,Yes,Yes,Low,90.4,65.2,3.08,Average
318,23,Female,5.7,8.2,5.6,5.0,82.0,Yes,No,High,100.0,86.8,3.13,Average
319,25,Male,4.3,6.6,4.5,2.4,83.0,No,No,Low,100.0,78.9,3.83,Good
320,23,Male,0.9,7.0,1.2,4.2,86.0,Yes,No,High,83.1,54.8,2.58,Average
321,19,Female,3.2,,4.2,4.2,76.6,No,Yes,Low,90.3,60.3,2.29,Average
322,17,Female,6.2,7.4,4.2,6.4,72.8,No,No,Medium,100.0,93.8,3.65,Good
323,22,Male,3.2,5.4,1.5,2.8,81.9,Yes,No,Low,100.0,70.9,2.91,Average
324,25,Female,0.8,5.1,4.5,5.5,77.6,Yes,No,Medium,77.5,42.8,1.92,Poor
325,25,Female,6.3,5.9,2.7,4.1,97.5,Yes,No,Low,100.0,100.0,4.0,Good
326,19,Male,4.5,5.8,0.5,7.0,78.8,Yes,No,Medium,100.0,82.1,2.81,Average
327,19,Female,3.4,6.2,3.8,,81.5,Yes,No,Medium,100.0,78.7,3.3,Good
328,17,Male,2.9,7.8,3.4,4.4,100.0,Yes,No,Low,100.0,83.3,2.59,Average
329,18,Female,5.1,6.8,2.6,3.5,80.1,No,No,High,100.0,95.4,3.75,Good
330,21,Male,2.7,7.2,2.9,5.0,87.6,Yes,No,Medium,100.0,73.3,3.44,Good
331,21,Male,5.2,5.5,1.7,3.6,88.5,No,No,Low,100.0,90.2,3.11,Average
332,20,Female,4.3,6.4,4.1,7.4,89.3,Yes,Yes,Low,100.0,79.1,2.6,Average
333,19,Female,3.9,7.7,2.9,4.2,84.9,Yes,Yes,Medium,100.0,74.3,3.05,Average
334,24,Female,3.7,7.7,3.3,3.2,83.9,Yes,No,Low,100.0,56.8,2.76,Average
335,21,Female,3.2,6.1,3.6,3.1,83.0,Yes,Yes,Medium,100.0,75.2,3.12,Average
336,24,Female,5.1,7.2,0.9,1.6,76.2,Yes,No,Medium,100.0,87.8,2.85,Average
337,25,Female,2.2,9.6,1.4,5.1,85.3,Yes,No,Medium,93.7,72.0,2.29,Average
338,19,Female,1.1,,0.0,2.4,100.0,Yes,Yes,Medium,81.0,62.6,2.54,Average
339,18,Male,4.4,6.2,4.0,6.2,94.1,Yes,Yes,High,100.0,87.6,3.09,Average
340,25,Male,4.4,,0.8,1.4,85.0,Yes,No,Medium,100.0,73.1,2.97,Average
341,22,Male,4.2,7.1,3.2,4.3,90.6,Yes,No,Medium,100.0,71.2,2.92,Average
342,19,Female,4.1,6.8,3.7,6.3,73.3,Yes,No,High,100.0,53.2,1.96,Poor
343,22,Male,3.0,7.0,4.1,0.0,79.4,Yes,No,Low,95.1,64.7,3.22,Good
344,21,Male,4.7,5.3,0.8,8.0,91.5,Yes,Yes,Medium,100.0,82.0,3.49,Good
345,25,Female,3.4,5.8,2.9,3.1,96.9,Yes,Yes,High,,69.8,3.22,Good
346,19,Male,2.8,6.8,6.0,4.3,74.3,Yes,Yes,Medium,90.0,61.8,2.8,Average
347,25,Male,3.0,6.8,6.1,5.1,77.2,Yes,No,High,92.3,58.7,2.3,Average
348,25,Female,6.5,6.3,4.8,5.5,100.0,Yes,No,Medium,100.0,88.6,3.48,Good
349,18,Female,0.9,6.8,3.6,4.5,83.0,No,No,Medium,90.3,71.2,2.74,Average
350,18,Male,4.2,7.1,1.2,6.0,100.0,Yes,Yes,Medium,100.0,86.9,3.71,Good
351,21,Male,1.0,8.1,4.3,5.0,84.1,Yes,No,Low,97.5,42.2,1.46,Poor
352,17,Male,3.3,6.9,2.7,7.5,84.5,Yes,No,High,99.3,66.8,3.28,Good
353,19,Female,2.8,7.5,4.0,5.0,78.9,No,No,Low,,63.0,2.26,Average
354,20,Female,0.5,6.4,1.9,7.9,91.4,Yes,No,High,81.1,51.8,2.15,Poor
355,25,Male,4.1,7.7,2.7,5.8,95.6,Yes,Yes,Medium,100.0,92.5,3.62,Good
356,25,Female,2.9,7.5,3.3,0.4,71.6,Yes,No,High,99.0,62.9,2.36,Average
357,18,Male,0.5,8.0,3.4,9.2,78.5,Yes,No,High,77.7,61.1,3.21,Good
358,25,Male,4.8,7.9,3.9,2.9,91.2,Yes,No,Medium,100.0,80.7,3.07,Average
359,17,Female,5.7,7.7,2.0,7.0,80.7,Yes,Yes,High,100.0,93.9,3.65,Good
360,23,Male,5.7,6.9,0.6,4.1,77.1,Yes,No,High,100.0,100.0,3.77,Good
361,24,Male,4.0,7.3,5.9,6.1,92.1,Yes,No,Medium,96.5,85.2,3.42,Good
362,25,Male,3.6,8.3,7.5,2.6,93.0,Yes,No,Medium,100.0,80.4,3.18,Average
363,19,Female,5.5,6.2,3.8,5.3,77.5,Yes,Yes,Low,100.0,83.2,2.94,Average
364,25,Female,6.0,6.2,0.6,,84.1,Yes,No,Low,100.0,96.7,3.72,Good
365,18,Female,5.2,7.2,1.6,7.2,69.9,Yes,No,Medium,100.0,63.8,2.77,Average
366,21,Male,2.1,7.5,3.9,4.9,73.0,Yes,No,Medium,100.0,54.8,2.55,Average
367,21,Male,3.8,6.0,5.4,5.9,83.2,Yes,No,Low,100.0,80.2,3.21,Good
368,19,Female,4.2,,0.8,0.0,82.3,Yes,Yes,Medium,100.0,88.0,3.54,Good
369,17,Male,0.8,6.9,2.8,3.8,72.3,No,No,Medium,78.1,46.7,1.74,Poor
370,23,Female,4.2,4.3,3.4,4.8,74.8,Yes,No,Medium,100.0,88.4,3.36,Good
371,20,Female,6.9,6.7,4.6,4.4,71.3,Yes,No,High,100.0,90.3,3.29,Good
372,22,Male,4.5,6.8,2.4,5.9,86.6,Yes,No,High,100.0,76.7,2.52,Average
373,20,Female,5.7,6.8,0.2,3.3,62.3,Yes,No,High,100.0,83.5,3.09,Average
374,20,Male,3.8,8.7,4.1,4.1,71.9,Yes,No,Medium,100.0,60.2,2.72,Average
375,24,Male,3.4,5.5,5.0,6.4,63.4,Yes,No,Low,98.3,66.7,2.52,Average
376,17,Female,4.1,6.0,2.9,,86.2,Yes,No,High,100.0,80.8,3.11,Average
377,23,Male,2.3,3.9,3.7,5.2,64.0,Yes,No,Low,74.7,59.9,2.27,Average
378,23,Female,2.1,6.4,2.1,3.3,82.3,Yes,Yes,Low,94.7,58.7,2.78,Average
379,20,Female,5.4,6.5,1.5,2.2,98.4,Yes,No,Medium,100.0,95.0,3.47,Good
380,19,Female,5.6,6.4,4.8,,98.7,Yes,No,Medium,100.0,74.3,3.07,Average
381,17,Female,2.0,8.3,3.7,6.5,63.9,Yes,No,Medium,69.5,55.9,2.21,Average
382,25,Male,5.0,8.0,3.9,6.1,85.0,Yes,No,Low,100.0,84.3,3.4,Good
383,25,Male,3.4,7.1,5.7,3.7,72.1,No,No,High,91.9,54.8,2.28,Average
384,19,Female,4.0,6.6,1.1,5.8,70.1,Yes,No,Low,100.0,74.1,2.98,Average
385,17,Female,4.2,8.2,2.0,5.7,80.9,Yes,No,Medium,100.0,76.8,3.35,Good
386,18,Male,5.0,7.0,3.3,3.8,94.3,Yes,No,Medium,100.0,100.0,3.99,Good
387,17,Male,3.6,6.0,2.0,2.6,88.0,Yes,Yes,Medium,100.0,68.3,3.34,Good
388,24,Male,5.6,4.9,4.4,2.7,74.8,No,Yes,High,100.0,87.2,3.5,Good
389,25,Male,4.0,6.5,2.7,,89.1,Yes,No,Low,100.0,70.2,2.21,Average
390,18,Female,4.4,7.9,1.2,3.9,59.6,Yes,No,Low,100.0,70.1,3.03,Average
391,23,Male,2.3,9.7,3.1,1.9,74.5,Yes,No,Low,90.2,61.6,2.6,Average
392,18,Female,6.7,7.1,3.3,0.6,73.8,Yes,No,High,100.0,93.1,3.73,Good
393,20,Female,4.2,6.1,4.7,5.7,82.8,Yes,No,High,100.0,75.5,2.93,Average
394,22,Female,4.6,5.6,3.7,2.9,80.0,Yes,No,Medium,100.0,81.6,2.53,Average
395,23,Male,1.1,7.7,3.8,4.7,80.6,Yes,No,Medium,88.4,47.2,1.21,Poor
396,24,Male,2.3,4.9,3.6,6.5,80.3,Yes,No,High,91.5,67.9,3.29,Good
397,17,Female,5.4,7.7,2.7,1.4,82.2,Yes,Yes,Medium,100.0,85.2,3.2,Good
398,18,Female,3.9,8.0,1.7,3.9,87.4,Yes,Yes,Low,100.0,78.7,3.49,Good
399,19,Male,0.6,7.5,3.5,3.7,83.5,Yes,Yes,Medium,93.1,51.9,1.51,Poor
400,19,Female,5.1,6.7,2.4,4.8,79.2,Yes,Yes,Medium,100.0,86.4,3.09,Average
401,25,Male,2.7,7.7,6.0,6.5,86.0,Yes,Yes,Medium,93.8,67.7,2.94,Average
402,23,Female,5.6,7.2,5.4,1.3,90.3,Yes,No,Medium,100.0,90.9,3.6,Good
403,19,Male,3.4,6.1,4.1,5.1,76.4,Yes,No,Medium,100.0,71.2,3.04,Average
404,25,Male,3.8,9.2,3.7,6.1,81.4,Yes,No,Medium,100.0,70.8,2.83,Average
405,21,Female,5.3,6.6,2.8,3.6,93.6,No,No,Medium,100.0,82.1,3.21,Good
406,21,Male,2.2,7.9,0.7,,71.0,Yes,No,Low,95.4,49.6,1.74,Poor
407,20,Male,2.0,,2.6,4.8,100.0,No,No,High,94.7,53.8,1.73,Poor
408,18,Male,3.2,8.5,3.2,4.7,68.6,Yes,No,Medium,100.0,79.0,3.65,Good
409,25,Male,4.7,,3.4,5.2,78.5,Yes,Yes,Low,100.0,62.6,3.05,Average
410,17,Female,1.5,7.0,3.8,5.1,72.5,Yes,No,Low,,61.2,2.08,Poor
411,18,Male,1.0,7.7,4.7,2.0,100.0,No,No,Low,93.2,49.4,1.59,Poor
412,19,Female,4.7,7.7,1.8,6.0,77.0,Yes,No,Low,97.4,91.7,3.55,Good
413,19,Female,2.6,6.2,1.8,6.3,77.0,No,No,Low,100.0,47.4,2.02,Poor
414,18,Male,2.9,7.7,5.6,4.4,78.3,Yes,No,Low,100.0,60.4,2.35,Average
415,17,Male,0.7,6.0,4.4,1.0,83.0,Yes,No,High,76.0,59.8,2.57,Average
416,23,Female,2.5,6.3,2.3,3.8,78.7,Yes,No,High,86.7,69.7,2.77,Average
417,25,Female,3.5,8.4,2.8,4.4,80.7,Yes,No,High,91.5,69.2,2.73,Average
418,18,Female,4.9,8.2,2.8,1.7,46.7,Yes,Yes,Medium,100.0,55.7,3.07,Average
419,19,Female,2.3,6.2,3.1,3.3,82.6,Yes,Yes,Medium,87.2,52.5,1.92,Poor
420,21,Male,6.0,6.1,3.9,1.2,82.2,Yes,Yes,Medium,100.0,100.0,4.0,Good
421,25,Male,2.5,6.2,7.6,5.2,92.4,Yes,No,High,100.0,58.0,2.83,Average
422,23,Female,2.5,7.9,3.3,,95.1,Yes,No,Medium,86.4,67.5,2.88,Average
423,23,Male,5.8,5.8,4.2,0.7,80.1,Yes,No,Medium,100.0,90.5,2.94,Average
424,22,Female,3.8,7.4,0.0,4.7,90.2,Yes,Yes,High,100.0,71.7,2.88,Average
425,20,Male,2.7,7.9,2.1,3.9,71.0,Yes,No,Medium,99.8,66.3,2.47,Average
426,18,Female,3.3,6.9,5.2,5.0,89.7,Yes,Yes,Low,100.0,66.3,2.66,Average
427,24,Male,5.5,8.2,3.7,3.2,76.3,Yes,No,Low,100.0,87.7,3.14,Average
428,24,Male,5.7,6.6,0.0,2.4,70.2,Yes,No,Medium,100.0,85.5,3.69,Good
429,17,Male,2.3,6.7,4.2,2.5,80.1,Yes,No,Low,94.2,47.3,2.24,Average
430,23,Male,3.4,5.8,6.5,2.9,96.0,Yes,No,Low,100.0,68.0,3.13,Average
431,17,Female,3.6,8.2,0.0,4.0,83.8,Yes,No,Low,100.0,83.5,3.21,Good
432,23,Male,2.0,6.1,5.7,4.3,97.0,Yes,No,Medium,92.9,64.7,2.22,Average
433,24,Male,3.4,7.4,0.0,3.6,74.5,Yes,No,High,96.7,73.7,3.07,Average
434,18,Male,3.5,6.9,4.7,3.2,92.5,Yes,No,Medium,,80.6,3.84,Good
435,20,Male,5.2,5.7,3.0,3.3,75.5,Yes,No,Low,100.0,82.0,3.3,Good
436,18,Female,5.3,6.3,0.0,9.0,84.3,Yes,No,Medium,,92.4,3.86,Good
437,22,Male,3.0,8.7,3.8,2.5,84.2,Yes,No,Medium,91.8,64.0,2.48,Average
438,25,Female,3.2,7.2,5.1,2.9,88.6,Yes,Yes,Medium,100.0,76.5,2.88,Average
439,17,Male,4.5,5.8,3.7,10.6,84.5,No,Yes,Medium,100.0,82.4,3.53,Good
440,20,Female,2.6,7.4,4.1,4.8,74.6,Yes,Yes,Low,85.8,56.6,2.23,Average
441,25,Male,4.4,6.8,2.3,1.2,90.8,Yes,No,Medium,100.0,71.5,3.0,Average
442,19,Male,3.4,10.0,0.0,5.7,99.3,Yes,No,Low,100.0,90.5,3.8,Good
443,18,Female,2.0,7.3,4.2,2.2,76.2,Yes,Yes,Medium,89.8,50.7,2.15,Poor
444,21,Female,2.1,6.5,6.1,5.8,63.6,Yes,No,High,81.5,50.1,2.2,Average
445,21,Female,5.7,8.7,5.0,3.6,87.0,Yes,No,High,100.0,100.0,3.7,Good
446,22,Male,3.3,4.8,0.0,3.1,78.7,Yes,No,Low,100.0,80.1,2.88,Average
447,19,Male,6.0,7.1,0.3,7.2,80.7,Yes,Yes,Medium,,100.0,3.99,Good
448,25,Female,2.7,9.4,1.5,5.1,87.6,Yes,Yes,High,100.0,66.0,2.63,Average
449,21,Male,3.9,6.9,0.1,,77.4,Yes,No,High,,87.0,3.3,Good
450,19,Female,7.1,,3.1,4.9,79.3,Yes,No,Medium,100.0,100.0,4.0,Good
451,25,Female,1.9,6.5,3.7,,81.0,Yes,No,Medium,100.0,61.0,2.76,Average
452,25,Female,0.7,8.7,0.4,5.2,96.7,Yes,No,Low,100.0,74.6,3.4,Good
453,21,Female,5.4,7.5,4.4,6.4,82.3,Yes,No,Low,100.0,83.4,3.83,Good
454,17,Female,2.3,6.0,4.1,4.3,69.6,Yes,No,Medium,83.8,56.5,1.8,Poor
455,22,Male,3.5,6.2,2.0,7.6,70.0,Yes,No,Medium,,62.0,2.07,Poor
456,21,Male,2.6,6.3,2.7,5.7,83.4,Yes,No,Low,100.0,73.2,2.83,Average
457,18,Female,3.9,7.4,0.0,4.4,70.7,Yes,Yes,High,100.0,71.5,2.89,Average
458,22,Male,2.1,8.6,2.4,4.5,66.4,Yes,No,Medium,77.6,64.4,2.49,Average
459,24,Male,3.2,8.3,3.0,4.3,88.4,Yes,Yes,High,100.0,59.0,2.17,Poor
460,17,Male,4.2,7.5,3.3,1.5,88.8,Yes,No,High,100.0,83.9,3.25,Good
461,23,Female,2.0,5.4,3.7,3.8,78.3,No,Yes,High,96.3,52.6,2.27,Average
462,18,Female,2.4,5.4,3.4,4.4,84.9,Yes,No,High,96.3,70.0,2.34,Average
463,23,Female,3.0,,2.5,3.2,83.9,Yes,No,Low,100.0,69.3,3.59,Good
464,20,Male,1.4,5.4,3.5,4.7,88.0,Yes,Yes,Low,74.7,52.1,2.09,Poor
465,17,Male,2.9,6.7,4.8,4.0,88.0,Yes,Yes,High,100.0,63.4,2.91,Average
466,25,Female,3.7,7.4,2.8,5.5,55.9,Yes,No,Low,100.0,58.0,2.12,Poor
467,18,Male,2.9,5.6,3.6,5.3,79.6,Yes,No,Medium,100.0,72.4,3.1,Average
468,22,Female,3.1,5.8,12.0,4.3,87.2,No,No,Medium,100.0,62.9,2.55,Average
469,18,Female,3.5,6.9,1.8,1.3,77.9,Yes,No,Low,,70.1,3.11,Average
470,25,Male,2.5,7.6,3.9,7.6,82.4,No,Yes,Low,100.0,65.8,2.56,Average
471,23,Male,4.5,8.3,2.0,3.7,89.5,Yes,No,Medium,100.0,97.5,4.0,Good
472,24,Male,5.7,,3.7,3.8,82.8,Yes,No,Medium,100.0,88.6,3.02,Average
473,20,Female,2.8,7.1,3.1,3.3,97.1,Yes,No,Medium,100.0,69.9,3.13,Average
474,21,Female,4.2,6.1,2.5,3.0,93.3,Yes,No,Low,100.0,85.0,3.44,Good
475,22,Male,15.0,5.7,2.4,7.1,80.8,Yes,No,Medium,98.1,53.2,1.77,Poor
476,24,Female,4.0,6.4,2.1,6.8,80.0,Yes,No,Low,100.0,67.7,3.39,Good
477,24,Male,5.8,7.5,0.0,4.9,53.5,Yes,No,Medium,100.0,82.5,3.95,Good
478,17,Male,4.3,7.4,3.7,3.8,78.7,Yes,No,Low,98.1,70.4,2.09,Poor
479,22,Female,0.8,4.5,3.4,5.2,68.5,Yes,No,Low,68.4,32.8,1.37,Poor
480,17,Male,4.2,6.1,4.5,4.1,84.2,Yes,No,High,100.0,83.0,3.57,Good
481,19,Male,5.3,8.4,2.0,3.6,83.5,Yes,No,Low,100.0,91.0,3.8,Good
482,24,Female,3.2,7.1,6.4,4.7,89.0,Yes,No,Medium,100.0,68.0,3.25,Good
483,19,Male,5.0,,2.3,3.1,96.0,Yes,No,Medium,100.0,84.5,3.84,Good
484,24,Female,2.5,9.8,1.4,4.5,81.7,Yes,No,Low,100.0,66.8,2.77,Average
485,21,Male,1.3,7.0,1.2,4.4,100.0,No,No,Medium,99.0,67.5,3.5,Good
486,19,Male,3.7,7.5,0.0,5.2,84.3,Yes,No,High,100.0,77.1,3.41,Good
487,20,Male,0.9,7.5,5.8,2.8,68.9,Yes,No,Medium,,46.0,1.72,Poor
488,21,Male,3.1,6.6,5.5,5.4,76.4,Yes,No,Low,100.0,57.3,2.1,Poor
489,23,Male,5.4,6.1,4.1,2.2,78.3,Yes,No,Medium,100.0,85.5,3.85,Good
490,22,Male,0.6,9.5,1.4,2.9,87.9,Yes,No,Medium,85.5,62.9,2.24,Average
491,25,Female,1.6,8.2,6.3,2.9,72.5,Yes,No,High,89.0,58.5,2.2,Poor
492,24,Male,2.0,8.0,2.4,1.9,79.0,Yes,No,High,78.5,70.3,2.73,Average
493,23,Male,3.4,,2.5,6.0,80.4,Yes,No,Medium,100.0,73.9,3.08,Average
494,22,Male,3.0,5.8,5.6,2.1,77.5,Yes,Yes,Medium,100.0,62.6,2.44,Average
495,19,Male,5.6,8.5,4.2,2.6,90.1,Yes,No,Medium,100.0,86.5,3.0,Average
496,20,Male,4.9,6.0,7.0,6.5,88.4,Yes,No,High,100.0,65.5,3.03,Average
497,18,Female,4.2,7.3,3.4,2.9,93.7,Yes,No,Medium,100.0,70.8,2.69,Average
498,20,Male,3.7,5.0,2.3,3.6,78.7,Yes,No,Low,100.0,72.5,3.61,Good
499,25,Female,4.1,4.6,1.9,2.0,94.0,Yes,No,High,100.0,81.9,3.38,Good
500,20,Female,2.2,7.4,0.0,5.7,68.4,Yes,No,High,95.9,72.9,3.36,Good
501,18,Male,4.8,6.0,2.5,5.7,68.1,Yes,No,Medium,100.0,88.9,3.78,Good
502,22,Male,1.8,4.6,5.1,5.5,69.9,Yes,Yes,Medium,,46.0,2.3,Average
503,25,Male,4.8,7.6,4.1,,82.1,Yes,No,Medium,100.0,87.2,3.69,Good
504,24,Female,5.3,9.5,3.0,4.1,94.0,Yes,No,High,100.0,86.8,3.55,Good
505,19,Male,3.8,8.7,1.2,3.0,76.0,No,No,Medium,100.0,80.8,3.61,Good
506,21,Female,3.2,6.7,3.4,2.4,77.2,Yes,No,Medium,97.6,74.3,3.84,Good
507,21,Female,4.1,7.0,4.8,6.6,79.8,No,No,Medium,100.0,83.4,3.24,Good
508,19,Female,0.5,8.1,3.8,5.5,87.7,No,No,Medium,98.0,45.1,2.08,Poor
509,19,Female,4.0,8.3,3.3,2.6,77.2,Yes,No,Low,100.0,81.8,3.27,Good
510,19,Female,3.3,6.6,1.6,4.1,76.7,Yes,No,High,100.0,56.1,2.42,Average
511,25,Male,3.4,7.0,4.6,3.4,68.5,Yes,No,Low,100.0,74.9,3.01,Average
512,23,Male,4.6,7.4,0.0,1.7,76.3,No,Yes,Medium,100.0,83.0,2.56,Average
513,24,Male,3.4,7.7,3.7,4.4,93.8,Yes,Yes,High,100.0,74.4,2.9,Average
514,24,Female,1.8,6.8,7.6,3.2,82.9,Yes,Yes,Medium,83.2,35.6,1.77,Poor
515,25,Female,3.3,6.9,0.3,2.1,74.6,Yes,No,Medium,,68.9,2.49,Average
516,17,Female,3.6,8.7,2.6,1.0,94.4,Yes,Yes,High,97.7,88.8,3.88,Good
517,24,Male,3.7,8.5,3.0,0.9,76.1,Yes,No,Low,100.0,68.1,2.79,Average
518,17,Female,3.7,7.6,2.2,3.3,96.2,Yes,No,High,100.0,86.1,3.38,Good
519,21,Male,5.1,9.1,4.9,3.8,96.0,Yes,No,Low,100.0,87.1,3.8,Good
520,22,Male,1.9,6.5,3.9,2.2,82.6,Yes,No,Medium,98.4,66.6,2.9,Average
521,20,Female,3.8,8.9,3.3,5.3,67.0,Yes,No,Medium,100.0,70.2,2.95,Average
522,18,Male,5.4,7.7,4.4,3.9,100.0,Yes,Yes,Medium,100.0,84.4,3.73,Good
523,18,Male,0.9,10.0,3.0,5.2,85.9,Yes,No,Medium,90.9,53.1,2.2,Poor
524,24,Female,3.8,5.6,8.7,3.6,78.8,Yes,No,Low,100.0,77.4,2.52,Average
525,19,Male,2.6,6.2,3.3,2.4,91.6,Yes,No,Medium,100.0,72.1,2.75,Average
526,19,Male,2.9,7.5,3.4,4.2,89.0,Yes,No,Low,100.0,68.8,2.12,Poor
527,25,Male,2.1,7.5,0.0,1.5,95.1,Yes,Yes,High,100.0,88.5,3.77,Good
528,18,Male,3.2,9.3,2.0,5.1,75.4,Yes,No,Medium,97.3,78.6,3.46,Good
529,25,Female,6.3,6.2,5.1,2.1,85.2,Yes,Yes,Medium,100.0,98.8,4.0,Good
530,25,Female,1.6,8.1,0.6,5.8,70.1,No,No,Low,,59.0,2.53,Average
531,22,Male,1.7,8.4,0.0,3.3,88.7,Yes,Yes,Medium,82.0,70.8,3.17,Average
532,18,Male,1.5,7.8,3.1,6.1,81.8,Yes,No,Medium,78.7,62.5,1.95,Poor
533,18,Male,6.1,5.8,5.5,1.8,84.8,Yes,Yes,Medium,100.0,72.7,2.87,Average
534,19,Female,2.8,8.7,3.1,2.6,80.5,Yes,No,Medium,95.9,69.2,2.27,Average
535,22,Female,3.5,8.5,2.4,,79.5,Yes,Yes,Low,91.9,70.6,2.7,Average
536,18,Female,2.9,7.7,0.0,6.3,73.3,Yes,No,Low,100.0,64.8,3.16,Average
537,21,Male,2.1,7.2,3.8,7.3,89.9,Yes,No,Medium,85.8,60.8,2.82,Average
538,18,Male,3.1,7.3,4.2,4.1,96.9,Yes,No,Low,,60.4,2.65,Average
539,21,Male,7.2,6.9,0.0,7.7,76.4,Yes,No,Low,100.0,89.8,3.53,Good
540,17,Female,5.6,7.8,5.0,3.4,87.5,Yes,No,Medium,100.0,97.8,3.56,Good
541,23,Male,2.2,7.0,4.4,6.2,86.3,Yes,Yes,Medium,87.9,65.1,2.67,Average
542,17,Female,4.5,6.0,5.0,,82.1,Yes,No,Low,100.0,57.6,2.69,Average
543,18,Female,2.3,5.7,4.1,4.8,66.7,Yes,No,Low,90.3,50.7,2.17,Poor
544,18,Male,0.8,6.1,4.2,0.0,69.0,Yes,Yes,Medium,85.8,51.6,1.51,Poor
545,24,Male,5.0,7.3,3.9,1.8,74.2,Yes,Yes,Medium,100.0,78.1,3.16,Average
546,17,Male,5.2,7.0,4.6,4.9,60.6,Yes,Yes,Medium,100.0,86.2,2.78,Average
547,20,Male,5.1,7.3,0.0,,96.1,Yes,No,Medium,100.0,100.0,4.0,Good
548,22,Male,2.8,7.6,0.3,4.9,85.7,Yes,No,High,86.4,61.0,2.2,Poor
549,21,Female,3.2,6.2,1.7,5.8,81.7,Yes,No,High,100.0,70.9,2.41,Average
550,23,Male,4.6,8.8,2.8,3.0,60.1,No,No,Medium,100.0,70.3,3.1,Average
551,24,Male,4.1,6.7,3.7,2.1,63.8,Yes,Yes,Low,100.0,58.4,2.53,Average
552,20,Female,2.9,,3.6,3.1,82.0,Yes,No,Medium,100.0,55.0,2.28,Average
553,24,Female,1.1,7.6,5.0,2.1,100.0,Yes,Yes,Low,96.4,49.6,2.75,Average
554,19,Male,3.7,4.8,5.1,3.8,75.0,Yes,Yes,Medium,100.0,62.9,2.74,Average
555,25,Female,5.1,6.1,1.4,4.2,90.6,Yes,No,High,100.0,92.8,3.49,Good
556,21,Female,1.7,8.2,3.4,3.4,77.2,Yes,Yes,Medium,96.1,63.9,2.74,Average
557,23,Female,4.5,4.9,1.5,7.3,82.6,Yes,Yes,Low,100.0,86.5,3.36,Good
558,24,Female,4.0,8.3,2.7,2.6,94.1,No,No,Medium,100.0,86.9,3.92,Good
559,24,Male,4.6,8.8,3.6,,78.5,Yes,No,High,100.0,77.0,3.18,Average
560,24,Female,4.8,,0.0,1.9,75.1,Yes,No,Low,,89.6,3.72,Good
561,21,Male,2.5,7.4,7.3,4.1,96.2,Yes,No,High,90.8,61.1,1.94,Poor
562,17,Female,1.1,8.3,4.0,6.4,82.5,No,No,High,100.0,47.9,1.94,Poor
563,21,Female,2.7,6.4,1.9,6.3,92.9,Yes,No,Medium,94.0,86.4,3.44,Good
564,18,Male,4.8,8.0,6.5,3.2,75.1,No,Yes,Medium,,56.6,1.91,Poor
565,25,Male,2.7,6.2,2.4,5.1,96.1,Yes,No,Medium,100.0,56.6,2.19,Poor
566,19,Female,2.5,6.4,3.2,4.8,84.7,Yes,Yes,Medium,94.2,67.5,2.85,Average
567,19,Female,0.8,6.0,2.1,2.9,86.3,Yes,No,Medium,89.9,51.1,2.04,Poor
568,19,Male,6.1,7.4,6.0,5.2,83.3,Yes,No,Low,100.0,77.7,2.62,Average
569,22,Female,4.7,8.4,2.8,7.7,76.9,Yes,No,Medium,100.0,72.2,2.79,Average
570,22,Female,4.7,6.8,3.3,4.9,82.0,Yes,No,High,100.0,73.6,2.78,Average
571,25,Male,5.0,5.5,5.2,5.1,77.6,Yes,No,Medium,100.0,86.2,3.51,Good
572,20,Male,4.4,5.7,4.1,5.3,91.6,Yes,Yes,Medium,100.0,90.6,3.65,Good
573,19,Male,3.1,7.5,2.9,1.1,80.0,Yes,No,Low,100.0,81.8,3.13,Average
574,17,Female,3.3,9.2,5.0,4.9,67.0,Yes,Yes,Low,98.2,49.3,1.81,Poor
575,17,Male,2.9,7.5,7.6,2.0,65.2,Yes,No,Medium,100.0,43.4,1.76,Poor
576,20,Female,7.5,6.5,3.6,2.8,64.7,Yes,Yes,Low,100.0,85.4,3.75,Good
577,25,Male,4.3,7.9,3.2,8.3,88.2,Yes,No,High,97.4,91.0,3.74,Good
578,21,Female,2.8,6.7,3.3,3.5,70.5,Yes,No,Medium,100.0,65.5,3.12,Average
579,25,Male,4.2,6.5,5.4,2.5,85.0,Yes,No,High,100.0,75.9,3.43,Good
580,17,Male,2.0,5.8,1.9,6.3,83.4,Yes,No,Medium,91.9,64.0,3.08,Average
581,17,Female,5.8,8.7,2.5,2.1,81.4,Yes,Yes,Medium,100.0,90.3,4.0,Good
582,24,Male,2.5,4.0,0.2,,86.4,Yes,No,High,90.2,61.0,2.99,Average
583,17,Female,4.3,8.0,0.9,6.5,83.6,Yes,Yes,Medium,100.0,86.1,3.04,Average
584,17,Female,5.1,6.4,2.1,4.1,54.9,No,No,Low,100.0,75.4,3.24,Good
585,20,Female,4.1,6.5,2.9,0.9,78.8,Yes,Yes,High,94.9,66.2,3.08,Average
586,25,Female,3.6,9.0,6.2,5.1,86.3,Yes,No,Medium,100.0,74.6,3.48,Good
587,23,Male,3.5,6.1,4.0,3.2,98.4,Yes,No,Low,100.0,73.2,2.66,Average
588,17,Female,3.4,6.2,1.4,7.1,98.9,Yes,No,Medium,100.0,81.7,3.5,Good
589,24,Female,2.6,6.8,1.7,2.8,68.4,No,Yes,Medium,84.7,61.5,2.49,Average
590,24,Male,2.8,7.5,5.5,6.1,78.5,No,No,Medium,89.7,69.0,3.41,Good
591,24,Male,5.7,6.5,5.0,7.6,66.3,Yes,No,High,100.0,83.2,2.84,Average
592,25,Female,3.3,5.1,3.1,2.3,97.2,Yes,No,Medium,100.0,69.1,2.49,Average
593,19,Male,2.3,6.0,2.2,3.6,92.1,Yes,Yes,Low,99.3,70.1,2.17,Poor
594,25,Female,2.7,8.5,5.0,4.8,85.5,Yes,No,Medium,84.7,67.0,2.73,Average
595,19,Female,5.2,7.1,1.2,2.3,83.7,Yes,No,Low,100.0,92.8,4.0,Good
596,24,Female,4.5,7.5,3.7,4.5,95.8,No,No,Medium,100.0,92.4,3.68,Good
597,22,Male,4.3,6.7,7.1,,94.1,Yes,No,Low,100.0,72.1,2.92,Average
598,24,Male,3.1,6.2,3.4,3.5,93.6,Yes,No,Medium,98.4,78.0,3.31,Good
599,22,Male,4.4,9.0,1.6,4.1,86.6,Yes,No,Medium,100.0,69.0,2.72,Average
600,22,Male,2.5,6.8,3.7,4.1,78.5,Yes,Yes,High,100.0,61.2,2.58,Average
601,22,Female,3.1,6.5,2.2,4.3,89.7,Yes,No,Low,100.0,70.8,2.97,Average
602,24,Female,5.0,8.3,0.5,2.8,90.2,Yes,No,Low,100.0,100.0,3.7,Good
603,23,Male,4.8,6.1,4.3,2.9,80.1,Yes,Yes,High,100.0,78.9,3.12,Average
604,18,Male,2.0,6.3,5.0,3.8,78.5,Yes,No,Medium,94.9,61.0,2.7,Average
605,24,Female,2.2,7.0,2.4,3.9,93.3,Yes,No,Medium,94.8,52.6,2.43,Average
606,21,Male,3.7,7.0,2.3,3.1,98.6,Yes,No,Medium,100.0,77.5,3.56,Good
607,19,Female,6.1,7.3,1.3,4.6,74.5,Yes,No,High,100.0,86.1,3.56,Good
608,21,Male,0.6,9.5,2.7,0.4,79.4,Yes,No,Medium,92.2,68.5,2.86,Average
609,25,Female,3.9,,2.0,2.5,85.5,No,No,High,100.0,73.0,3.18,Average
610,24,Male,1.4,4.1,1.2,3.4,86.9,No,Yes,Low,87.0,60.7,2.22,Average
611,24,Female,2.5,7.4,6.4,2.3,76.8,Yes,No,High,100.0,58.7,2.12,Poor
612,21,Male,3.0,7.0,3.8,7.3,100.0,Yes,No,Low,100.0,60.2,2.36,Average
613,24,Female,2.9,7.1,4.0,4.0,86.2,Yes,Yes,Medium,100.0,62.9,2.07,Poor
614,20,Male,2.7,7.3,4.6,4.4,87.3,Yes,Yes,Low,94.0,68.5,2.88,Average
615,23,Male,3.5,7.0,4.4,3.0,99.6,Yes,No,High,100.0,77.0,3.45,Good
616,22,Female,2.7,6.9,2.3,4.0,77.5,Yes,No,High,98.6,46.9,1.63,Poor
617,19,Male,1.3,7.7,3.5,1.6,81.1,Yes,No,Medium,96.0,49.1,2.12,Poor
618,19,Male,4.7,6.3,2.5,3.7,69.5,Yes,No,Medium,100.0,86.1,3.22,Good
619,17,Male,4.6,,3.8,2.1,80.3,Yes,No,Medium,100.0,84.2,3.01,Average
620,18,Male,4.8,10.0,3.6,3.4,67.1,No,No,Low,100.0,85.9,4.0,Good
621,20,Male,1.2,6.1,2.3,0.0,89.5,Yes,Yes,High,97.7,49.5,1.63,Poor
622,21,Female,3.9,7.1,0.6,1.7,86.2,No,Yes,Low,100.0,91.1,3.2,Average
623,18,Male,4.5,5.2,3.3,6.9,79.2,Yes,No,High,100.0,78.6,3.22,Good
624,20,Female,2.0,7.1,2.6,5.7,81.0,Yes,No,High,76.2,72.8,3.0,Average
625,22,Female,3.5,5.9,0.0,6.6,89.6,No,No,Low,100.0,79.5,3.41,Good
626,19,Male,3.3,6.5,3.9,6.8,70.6,Yes,No,Medium,100.0,49.1,2.66,Average
627,20,Female,6.3,8.3,4.7,,84.0,Yes,No,High,100.0,99.2,3.7,Good
628,20,Female,6.4,7.6,7.6,3.1,89.0,Yes,No,High,100.0,87.4,3.29,Good
629,21,Female,1.0,,2.3,1.9,64.2,Yes,No,Medium,77.3,44.0,2.32,Average
630,20,Male,7.2,4.9,2.0,6.3,88.8,Yes,Yes,Low,100.0,94.4,4.0,Good
631,23,Male,2.1,9.2,1.0,4.1,65.3,Yes,No,Low,87.4,71.3,3.13,Average
632,19,Male,5.0,5.6,3.4,9.0,80.8,Yes,No,High,100.0,78.8,2.95,Average
633,20,Female,5.0,8.8,3.4,3.3,70.4,Yes,No,Medium,100.0,91.8,4.0,Good
634,20,Female,2.0,8.2,1.5,7.9,96.3,Yes,No,Medium,98.7,64.0,2.84,Average
635,18,Female,4.2,7.7,2.7,3.7,70.4,Yes,No,Medium,99.6,67.1,2.75,Average
636,23,Male,3.3,6.0,0.0,6.7,65.5,Yes,Yes,Medium,75.0,80.2,3.0,Average
637,19,Female,4.3,7.2,4.7,7.4,83.3,Yes,No,Low,100.0,76.2,3.09,Average
638,19,Male,3.8,6.4,1.6,2.0,77.9,Yes,Yes,Medium,100.0,75.1,3.58,Good
639,24,Female,5.3,7.0,2.9,3.0,67.0,No,No,High,100.0,71.1,2.46,Average
640,25,Male,3.6,6.7,0.4,1.9,87.3,Yes,No,Medium,100.0,75.1,2.73,Average
641,23,Female,3.2,4.6,2.0,1.5,62.1,Yes,Yes,Low,100.0,68.2,2.51,Average
642,25,Female,5.1,8.3,2.5,5.3,71.6,Yes,No,High,100.0,72.1,2.74,Average
643,24,Male,4.4,6.9,3.0,3.6,76.2,Yes,Yes,Medium,100.0,72.9,2.91,Average
644,21,Male,4.6,6.4,3.9,4.1,90.0,Yes,No,Medium,100.0,79.1,3.5,Good
645,23,Female,2.5,6.3,5.6,5.1,95.0,Yes,No,High,100.0,65.4,2.78,Average
646,19,Male,1.9,7.4,4.3,0.3,93.0,Yes,No,Medium,100.0,73.4,2.96,Average
647,21,Female,2.6,5.9,4.7,6.6,80.5,Yes,No,High,97.6,59.9,2.49,Average
648,21,Female,2.6,4.3,5.6,3.3,57.7,Yes,Yes,High,100.0,46.8,2.09,Poor
649,25,Female,4.7,7.5,4.0,5.1,85.9,Yes,No,Medium,100.0,100.0,3.41,Good
650,24,Male,5.0,,2.9,5.2,96.7,Yes,No,Medium,100.0,85.7,3.8,Good
651,21,Male,3.3,6.8,4.8,6.7,94.3,Yes,No,Medium,100.0,70.4,2.53,Average
652,22,Male,5.6,5.6,4.9,3.8,86.6,Yes,No,Medium,100.0,85.2,3.25,Good
653,18,Female,5.6,2.0,4.2,0.0,70.1,Yes,No,Medium,100.0,80.5,3.34,Good
654,24,Male,3.9,5.2,0.4,4.1,76.7,Yes,No,Medium,100.0,77.8,3.09,Average
655,21,Male,2.3,5.8,1.5,4.4,100.0,Yes,No,High,100.0,78.3,3.3,Good
656,21,Male,5.9,6.1,2.5,1.9,67.8,Yes,No,Medium,100.0,90.1,3.65,Good
657,23,Female,3.4,8.0,4.4,4.3,70.5,No,Yes,High,100.0,74.0,2.86,Average
658,22,Male,3.7,6.6,3.0,3.3,91.4,Yes,Yes,Medium,91.9,85.4,3.95,Good
659,17,Female,3.0,6.5,5.0,1.3,77.7,Yes,No,Medium,100.0,65.2,2.86,Average
660,19,Female,2.2,9.3,5.4,5.3,70.2,Yes,No,Low,78.9,56.8,2.38,Average
661,18,Female,1.3,7.4,5.2,2.9,97.3,Yes,Yes,Medium,96.0,65.6,2.86,Average
662,23,Female,4.4,7.4,5.2,3.2,86.6,Yes,No,Medium,100.0,69.3,2.52,Average
663,17,Female,2.3,6.6,1.1,3.1,78.2,Yes,No,Low,100.0,84.2,4.0,Good
664,18,Female,8.1,6.3,3.9,6.5,70.5,Yes,No,High,100.0,99.5,3.6,Good
665,22,Male,1.9,4.4,1.9,3.9,100.0,Yes,No,Medium,100.0,64.3,2.61,Average
666,23,Female,1.6,,0.0,4.2,81.8,Yes,No,Medium,78.6,51.8,1.97,Poor
667,21,Female,4.3,7.5,2.5,3.1,96.0,Yes,Yes,High,100.0,74.5,2.87,Average
668,24,Female,5.8,6.8,5.4,4.9,90.9,Yes,No,Medium,100.0,97.9,3.76,Good
669,25,Female,3.6,6.8,3.8,6.7,76.8,Yes,No,Medium,100.0,88.1,3.25,Good
670,18,Female,4.4,7.9,6.6,5.3,76.9,Yes,Yes,Medium,100.0,67.3,3.11,Average
671,25,Female,0.7,,3.3,5.4,96.5,Yes,No,Low,81.5,57.4,1.88,Poor
672,22,Male,2.5,6.3,12.0,5.2,96.6,Yes,No,Medium,98.3,64.3,2.92,Average
673,22,Male,1.9,5.6,3.3,1.2,63.2,Yes,No,Low,75.0,60.3,2.64,Average
674,17,Male,0.7,9.1,3.0,2.2,87.5,Yes,No,Low,69.0,69.1,2.63,Average
675,22,Male,3.7,8.1,0.7,3.6,80.8,Yes,No,Medium,100.0,88.8,3.74,Good
676,23,Male,0.5,4.4,5.0,2.5,71.7,Yes,No,Low,74.8,39.7,1.53,Poor
677,22,Male,1.5,5.2,2.1,1.9,84.6,No,Yes,High,100.0,62.8,2.13,Poor
678,17,Male,2.7,6.8,1.8,0.3,68.5,No,No,Medium,97.3,67.8,2.33,Average
679,21,Female,2.3,6.4,5.3,1.3,77.3,Yes,Yes,Medium,100.0,57.0,2.51,Average
680,25,Male,4.1,5.4,5.1,3.5,74.0,Yes,No,High,95.8,62.3,2.7,Average
681,23,Female,4.0,9.3,5.0,3.9,77.0,Yes,No,Medium,100.0,64.7,2.67,Average
682,18,Female,4.8,7.4,2.3,2.4,81.3,Yes,No,Medium,100.0,92.8,3.58,Good
683,25,Male,4.6,7.6,2.9,4.2,71.8,Yes,Yes,Medium,100.0,87.8,3.45,Good
684,25,Male,5.2,6.2,2.9,3.1,97.7,Yes,No,High,100.0,89.9,3.48,Good
685,18,Male,3.5,7.9,4.4,6.2,86.9,Yes,No,Low,100.0,73.9,2.34,Average
686,24,Female,4.0,6.5,5.8,3.7,99.9,Yes,No,Low,,87.5,3.52,Good
687,20,Male,4.3,,3.7,5.4,80.4,Yes,No,High,100.0,63.1,2.71,Average
688,22,Male,3.7,7.7,6.6,4.4,76.5,No,Yes,Low,100.0,63.1,2.55,Average
689,21,Female,2.9,5.0,4.6,1.2,99.6,Yes,No,Medium,100.0,87.3,4.0,Good
690,24,Female,3.0,8.9,2.6,3.8,76.2,Yes,No,Medium,,69.2,2.42,Average
691,25,Male,2.3,7.2,4.5,1.5,80.2,Yes,No,Medium,89.3,50.5,1.79,Poor
692,24,Male,4.1,8.5,6.1,3.8,89.2,No,Yes,High,100.0,76.1,3.09,Average
693,25,Male,3.4,5.7,6.6,2.5,69.6,Yes,No,High,97.5,69.5,2.87,Average
694,25,Male,2.5,,5.1,4.8,89.1,Yes,No,Low,100.0,43.2,1.06,Poor
695,17,Male,2.5,5.6,3.0,1.3,87.8,Yes,No,Medium,100.0,67.6,2.92,Average
696,19,Female,1.7,7.3,2.6,4.0,94.7,Yes,No,Medium,100.0,59.7,2.48,Average
697,23,Female,5.0,7.1,4.0,5.1,90.9,Yes,No,Medium,100.0,72.4,2.15,Poor
698,22,Female,3.6,6.4,6.0,5.8,95.0,Yes,Yes,High,100.0,73.8,2.91,Average
699,17,Female,2.2,5.8,3.8,2.5,80.9,Yes,No,Medium,77.9,59.2,2.08,Poor
700,17,Male,4.7,5.5,3.8,4.0,73.4,Yes,No,Low,100.0,77.5,2.94,Average
701,21,Female,2.7,6.9,3.1,4.4,100.0,Yes,Yes,High,99.9,68.8,2.29,Average
702,22,Female,1.4,6.4,2.4,7.1,66.7,No,No,High,73.1,42.7,1.85,Poor
703,18,Female,5.0,6.2,2.7,,67.7,Yes,No,Low,100.0,68.3,3.35,Good
704,18,Female,2.7,8.9,3.2,2.2,87.7,Yes,No,High,100.0,61.8,2.57,Average
705,18,Male,2.9,6.9,6.1,9.6,98.2,Yes,No,Low,100.0,75.2,2.25,Average
706,22,Male,3.6,8.5,2.6,3.5,83.9,No,No,Low,100.0,75.9,3.13,Average
707,17,Male,5.2,6.4,3.1,0.2,92.0,Yes,No,Medium,100.0,88.7,3.48,Good
708,22,Male,3.5,7.3,1.4,2.8,62.0,Yes,No,High,100.0,59.5,1.99,Poor
709,21,Female,1.7,,4.3,0.0,77.0,Yes,No,Low,85.5,51.1,2.17,Poor
710,21,Male,4.3,5.0,5.5,4.5,63.3,Yes,No,Low,100.0,74.4,3.28,Good
711,23,Female,2.8,8.7,5.9,5.6,89.8,Yes,No,Medium,100.0,68.8,2.52,Average
712,21,Female,6.3,6.8,3.4,2.2,66.5,Yes,No,Medium,100.0,85.1,2.83,Average
713,23,Male,3.5,7.9,4.0,3.1,69.2,No,Yes,Low,100.0,45.3,1.11,Poor
714,23,Male,0.5,6.1,2.7,5.8,87.1,Yes,No,Low,73.6,45.0,1.57,Poor
715,25,Female,4.0,6.8,4.0,0.5,92.6,Yes,Yes,High,93.8,74.9,2.94,Average
716,24,Female,6.4,6.0,3.6,1.4,80.4,Yes,No,Medium,100.0,86.9,3.29,Good
717,21,Male,5.9,8.5,3.1,3.5,87.7,Yes,No,High,100.0,89.6,3.35,Good
718,21,Male,6.2,7.4,3.2,2.5,87.4,Yes,Yes,Low,,100.0,4.0,Good
719,19,Female,2.0,7.4,3.8,3.4,79.8,Yes,No,Medium,95.9,57.7,2.47,Average
720,22,Male,4.9,8.6,2.5,1.5,71.1,Yes,Yes,High,100.0,88.0,3.59,Good
721,18,Female,2.4,8.4,2.6,4.4,87.6,Yes,No,Medium,100.0,54.1,2.45,Average
722,25,Male,3.8,7.9,6.1,3.7,88.1,Yes,No,Low,100.0,70.0,2.57,Average
723,24,Male,1.6,5.3,7.9,5.1,90.9,Yes,No,Medium,88.3,37.2,1.11,Poor
724,18,Male,2.5,6.2,0.8,4.4,85.1,Yes,No,Medium,98.7,65.4,2.43,Average
725,24,Male,2.5,5.8,0.7,4.4,70.3,Yes,Yes,Low,81.1,55.0,1.99,Poor
726,18,Male,4.8,7.9,1.3,1.1,88.9,Yes,No,High,100.0,98.2,3.21,Good
727,23,Male,4.7,7.2,2.8,5.0,82.0,Yes,No,Medium,100.0,85.4,3.22,Good
728,17,Female,3.9,5.3,4.6,3.3,77.2,Yes,Yes,Medium,,79.5,3.57,Good
729,21,Male,1.5,6.8,4.1,3.7,79.1,Yes,No,Low,91.4,49.9,2.28,Average
730,22,Male,3.0,5.2,3.3,6.1,75.1,Yes,Yes,Medium,93.9,57.4,2.48,Average
731,23,Male,2.4,6.9,4.0,2.6,90.9,Yes,No,Medium,85.0,56.5,2.31,Average
732,20,Male,4.8,,1.8,6.7,67.8,No,Yes,High,100.0,81.7,3.77,Good
733,25,Female,5.3,7.6,2.6,6.9,72.1,Yes,No,Medium,,98.0,3.55,Good
734,23,Male,5.1,7.5,3.0,5.5,78.7,Yes,Yes,High,100.0,87.1,3.15,Average
735,18,Female,2.4,9.3,0.1,2.0,98.1,Yes,Yes,Medium,100.0,70.1,3.2,Average
736,23,Male,0.5,8.0,0.9,0.0,92.5,Yes,No,Medium,94.6,53.5,2.15,Poor
737,23,Female,0.8,6.5,1.0,6.2,65.6,Yes,No,High,86.1,48.0,1.69,Poor
738,20,Male,5.6,8.0,4.4,4.2,95.5,Yes,No,Medium,100.0,100.0,4.0,Good
739,23,Female,2.9,5.3,3.4,2.5,95.5,Yes,No,Medium,92.3,81.3,3.1,Average
740,25,Male,2.4,5.8,4.1,6.3,70.3,Yes,No,High,78.7,59.5,2.09,Poor
741,24,Male,6.0,7.4,0.0,2.3,56.8,Yes,No,High,100.0,88.5,3.24,Good
742,23,Female,5.4,4.4,0.3,3.2,81.3,Yes,No,Low,100.0,93.5,3.85,Good
743,22,Female,3.5,7.0,4.2,5.0,93.2,Yes,No,Low,100.0,78.6,3.22,Good
744,19,Female,3.1,5.8,0.0,1.8,97.9,No,No,Medium,100.0,75.4,3.55,Good
745,24,Male,3.3,7.1,5.2,3.8,73.3,Yes,No,High,96.2,57.5,2.2,Poor
746,20,Female,3.8,5.7,0.0,6.2,99.5,Yes,No,Medium,100.0,93.8,3.65,Good
747,21,Female,5.9,7.5,4.5,4.4,59.7,Yes,No,Medium,100.0,81.5,3.76,Good
748,19,Female,4.1,7.0,1.4,6.5,78.3,Yes,No,Medium,99.9,86.0,3.78,Good
749,19,Male,4.6,8.7,4.9,6.3,77.8,Yes,No,Low,100.0,89.8,3.64,Good
750,18,Female,5.3,7.0,8.8,4.0,93.5,Yes,No,Low,100.0,85.8,2.88,Average
751,25,Female,1.7,6.1,0.0,0.0,95.0,Yes,No,Low,100.0,70.1,2.52,Average
752,18,Female,4.6,6.7,4.3,1.8,91.5,Yes,No,Low,100.0,100.0,3.63,Good
753,17,Male,3.1,5.4,0.0,,68.5,Yes,No,Medium,100.0,70.1,2.82,Average
754,25,Male,0.5,7.5,3.8,0.9,90.6,Yes,No,Medium,95.2,41.3,1.48,Poor
755,21,Female,0.5,7.7,2.6,3.3,87.1,Yes,No,Low,75.7,48.3,2.49,Average
756,20,Male,2.0,,3.2,4.7,65.3,Yes,Yes,Medium,81.9,66.2,2.1,Poor
757,23,Female,4.3,6.3,1.4,6.9,61.3,Yes,Yes,Medium,98.3,63.4,2.13,Poor
758,20,Male,3.7,6.7,4.4,2.8,92.4,Yes,Yes,Medium,,69.1,2.85,Average
759,18,Male,3.8,6.3,0.4,2.7,80.2,No,Yes,Medium,100.0,86.5,3.64,Good
760,23,Female,6.4,7.3,5.2,3.9,69.1,Yes,No,Low,100.0,85.6,2.52,Average
761,18,Male,1.6,7.5,2.3,4.7,79.9,Yes,Yes,Medium,71.9,56.5,1.65,Poor
762,21,Male,3.5,6.9,0.5,3.7,85.6,Yes,Yes,Low,100.0,85.5,3.33,Good
763,25,Female,4.0,8.3,5.9,6.1,81.2,Yes,No,Low,100.0,65.5,3.1,Average
764,25,Female,2.4,6.3,2.9,2.4,66.5,Yes,Yes,Low,91.2,46.4,2.52,Average
765,20,Female,3.5,8.2,6.4,4.2,100.0,Yes,Yes,Medium,100.0,62.6,2.36,Average
766,24,Male,1.1,7.6,5.2,4.9,92.0,Yes,Yes,Low,85.1,57.9,2.26,Average
767,22,Male,5.6,7.0,1.6,3.2,78.6,Yes,No,Medium,,92.2,3.39,Good
768,21,Female,2.5,6.6,2.8,5.7,79.0,Yes,No,Low,96.4,57.7,2.53,Average
769,18,Male,6.5,9.9,3.2,4.3,85.6,Yes,No,Low,,88.2,4.0,Good
770,20,Male,3.5,6.0,5.7,5.6,70.7,Yes,No,High,100.0,61.6,2.9,Average
771,22,Male,5.0,7.4,3.8,4.4,85.2,Yes,No,Medium,100.0,93.4,3.73,Good
772,25,Female,3.4,6.1,3.3,4.8,68.7,Yes,No,Low,100.0,59.7,2.1,Poor
773,17,Female,3.5,9.1,2.6,2.7,81.3,Yes,No,Medium,100.0,66.8,2.68,Average
774,23,Female,2.6,8.1,2.9,,70.3,Yes,No,Low,96.7,51.7,2.55,Average
775,24,Female,3.7,6.2,5.3,6.4,70.8,Yes,No,High,100.0,63.3,2.39,Average
776,25,Male,4.0,7.6,3.0,5.3,98.5,No,No,Low,100.0,84.5,2.74,Average
777,20,Male,2.3,7.3,2.3,2.0,82.6,Yes,No,Medium,99.5,81.0,3.11,Average
778,18,Male,3.3,,2.0,4.4,84.1,Yes,No,High,100.0,74.7,2.89,Average
779,19,Male,2.6,7.9,2.0,0.0,61.9,Yes,Yes,Low,88.7,58.9,1.72,Poor
780,24,Male,6.9,7.5,0.5,2.9,76.0,Yes,No,Low,100.0,100.0,4.0,Good
781,24,Male,3.4,7.3,1.6,5.9,86.6,Yes,Yes,Medium,100.0,80.3,3.39,Good
782,22,Male,5.8,6.9,5.7,3.7,83.9,Yes,No,High,100.0,82.8,3.96,Good
783,18,Female,3.2,7.5,2.6,4.2,60.5,Yes,No,Medium,90.7,81.3,2.79,Average
784,18,Female,3.9,7.3,4.3,0.0,84.1,Yes,No,Medium,100.0,73.9,3.21,Good
785,21,Male,1.5,7.1,0.0,3.2,85.7,Yes,Yes,Low,97.7,64.0,2.9,Average
786,22,Male,2.8,6.2,4.0,4.7,94.8,Yes,No,Medium,100.0,74.2,3.15,Average
787,17,Female,3.8,9.0,2.7,4.9,75.4,Yes,No,Medium,100.0,75.6,2.67,Average
788,23,Female,5.9,5.7,2.1,5.9,59.6,Yes,No,Medium,100.0,96.9,3.5,Good
789,21,Female,3.8,7.5,3.3,3.6,72.0,Yes,No,Low,88.1,66.2,2.68,Average
790,17,Male,5.6,6.6,2.1,3.7,71.0,Yes,No,Medium,100.0,92.6,3.73,Good
791,17,Female,4.5,9.1,0.0,1.3,89.4,Yes,No,Low,100.0,88.3,3.34,Good
792,21,Male,5.9,5.9,4.7,3.6,54.8,Yes,No,Medium,100.0,87.6,3.96,Good
793,23,Male,3.4,6.1,3.4,1.5,77.5,Yes,No,Medium,100.0,67.5,2.56,Average
794,24,Male,7.1,5.8,2.4,0.3,96.3,No,Yes,High,100.0,100.0,3.34,Good
795,20,Male,2.8,7.4,1.3,1.8,82.1,No,Yes,High,93.0,74.9,2.92,Average
796,19,Male,2.4,5.4,0.4,7.0,91.0,Yes,Yes,Medium,95.0,73.0,3.09,Average
797,25,Male,1.7,6.4,3.4,3.5,65.6,Yes,No,Medium,90.4,44.8,1.91,Poor
798,21,Female,7.0,4.4,5.9,4.4,66.0,Yes,No,Low,100.0,100.0,4.0,Good
799,19,Male,4.7,7.3,3.4,3.0,96.4,Yes,No,High,100.0,92.4,4.0,Good
800,20,Male,3.0,6.4,0.5,0.4,83.0,Yes,No,Medium,99.4,71.7,2.48,Average
801,17,Male,5.4,5.2,3.4,5.9,83.0,Yes,No,Medium,100.0,83.2,3.18,Average
802,19,Male,4.5,8.3,2.9,0.0,70.8,Yes,Yes,Medium,100.0,79.6,3.72,Good
803,21,Male,6.4,5.4,4.6,2.9,83.0,No,Yes,High,100.0,99.1,3.28,Good
804,25,Male,1.2,8.0,4.1,3.9,70.5,Yes,No,High,90.4,35.2,1.39,Poor
805,23,Male,3.1,6.2,0.0,4.5,93.9,Yes,No,High,100.0,80.7,3.66,Good
806,24,Female,2.8,8.9,4.0,2.5,100.0,Yes,No,Medium,100.0,76.7,3.49,Good
807,21,Female,0.5,7.9,1.2,0.3,86.8,Yes,Yes,Medium,70.7,34.1,1.6,Poor
808,17,Male,5.1,,0.4,2.4,75.7,Yes,No,High,,88.1,3.76,Good
809,20,Female,3.1,5.9,2.7,2.5,56.7,Yes,No,Medium,100.0,66.2,2.28,Average
810,25,Female,4.6,7.7,3.7,2.5,65.2,No,No,Medium,,78.7,3.63,Good
811,17,Female,7.0,6.7,0.0,5.9,97.5,Yes,Yes,Medium,100.0,100.0,3.58,Good
812,24,Female,3.0,6.8,4.3,1.6,71.7,Yes,No,Medium,96.1,59.8,1.99,Poor
813,23,Female,2.9,8.5,4.4,4.6,78.3,Yes,No,Medium,85.3,55.5,2.35,Average
814,19,Female,3.7,6.1,3.1,4.3,88.6,Yes,No,Medium,100.0,61.4,2.28,Average
815,24,Female,5.0,7.1,1.4,5.9,96.8,Yes,No,High,100.0,100.0,4.0,Good
816,24,Male,2.6,8.1,1.2,3.7,80.0,Yes,No,High,88.0,73.0,3.07,Average
817,17,Male,2.6,8.0,4.8,5.6,78.0,Yes,No,Medium,86.6,69.8,3.41,Good
818,17,Male,5.1,6.8,0.3,3.7,82.7,Yes,No,Low,100.0,83.4,3.49,Good
819,22,Male,4.1,6.7,4.9,4.9,75.7,Yes,No,Medium,100.0,78.1,2.91,Average
820,25,Male,0.5,4.9,2.7,1.0,76.3,Yes,Yes,Medium,64.0,34.6,1.62,Poor
821,17,Male,1.7,5.7,2.8,0.0,86.1,Yes,Yes,Medium,100.0,52.2,1.8,Poor
822,22,Female,5.8,,0.0,4.8,83.9,Yes,No,High,100.0,96.4,4.0,Good
823,18,Female,4.1,6.8,2.7,4.9,100.0,Yes,Yes,Low,100.0,89.0,3.58,Good
824,22,Female,2.4,7.1,4.1,5.0,86.4,Yes,Yes,Medium,93.4,76.4,3.19,Average
825,22,Male,3.2,,0.6,3.0,93.5,Yes,No,High,100.0,75.9,2.41,Average
826,17,Male,3.5,5.6,3.9,7.0,71.3,Yes,No,High,89.8,60.3,1.63,Poor
827,23,Female,4.6,6.7,3.2,3.1,87.3,Yes,Yes,Medium,100.0,75.3,2.49,Average
828,25,Female,1.5,7.2,1.8,4.8,74.8,No,No,Low,94.1,49.6,2.6,Average
829,24,Female,2.2,6.2,4.5,5.2,86.0,No,No,Medium,98.9,79.0,2.76,Average
830,17,Female,3.9,8.7,0.0,7.4,88.9,Yes,No,Medium,100.0,88.4,3.79,Good
831,19,Female,3.4,,3.6,3.4,82.5,Yes,No,Medium,100.0,79.1,2.94,Average
832,19,Male,4.4,7.3,5.9,2.7,100.0,Yes,No,Medium,100.0,79.1,3.08,Average
833,21,Male,1.7,9.2,5.6,1.0,96.3,Yes,Yes,Medium,98.4,58.5,2.33,Average
834,18,Male,4.0,5.2,3.7,7.1,93.8,Yes,No,Medium,100.0,85.1,3.98,Good
835,24,Female,5.1,7.0,2.5,4.8,89.6,Yes,Yes,Medium,100.0,84.7,3.59,Good
836,23,Female,4.2,7.4,1.9,4.9,99.6,Yes,No,Medium,100.0,83.6,3.48,Good
837,24,Male,3.7,5.9,2.5,10.2,67.6,Yes,Yes,Medium,91.0,64.3,3.02,Average
838,18,Female,3.4,,4.0,4.7,95.7,Yes,Yes,Medium,100.0,70.8,2.61,Average
839,17,Male,2.2,5.7,1.5,1.4,72.1,Yes,Yes,Medium,100.0,61.3,2.83,Average
840,25,Male,3.4,7.8,4.4,3.6,76.4,Yes,No,High,100.0,60.7,2.75,Average
841,19,Male,5.4,8.3,6.8,,87.6,Yes,Yes,Medium,100.0,85.8,3.74,Good
842,22,Male,3.3,7.3,2.9,3.2,94.3,Yes,No,Medium,100.0,77.5,3.05,Average
843,25,Female,2.2,4.8,0.6,3.2,70.5,Yes,Yes,Medium,100.0,59.7,2.23,Average
844,17,Male,2.8,5.8,0.6,2.8,76.9,Yes,No,High,100.0,61.5,2.16,Poor
845,17,Female,3.8,7.7,4.4,1.2,83.0,Yes,No,Medium,93.8,73.7,2.67,Average
846,17,Female,2.9,7.0,2.9,7.2,80.1,Yes,No,Medium,98.3,63.2,2.21,Average
847,18,Male,4.2,3.8,4.6,4.6,90.5,Yes,No,High,100.0,79.0,3.29,Good
848,17,Male,4.3,8.5,2.0,3.5,100.0,Yes,No,Low,100.0,95.0,3.72,Good
849,24,Female,4.8,7.2,4.5,5.5,86.2,Yes,No,Medium,100.0,72.1,3.03,Average
850,22,Male,5.6,6.0,2.7,4.9,74.6,Yes,Yes,Medium,100.0,100.0,4.0,Good
851,25,Female,5.0,8.2,1.7,4.6,69.0,Yes,No,High,100.0,81.0,2.87,Average
852,24,Male,2.1,6.2,2.3,5.4,78.7,Yes,No,Medium,90.9,64.2,2.19,Poor
853,25,Female,2.1,6.2,0.8,4.3,72.6,Yes,No,Low,83.0,55.3,2.13,Poor
854,19,Female,3.4,7.4,6.6,5.3,86.7,No,No,High,100.0,76.7,2.8,Average
855,19,Male,2.8,9.1,2.8,5.5,86.5,Yes,Yes,Medium,100.0,67.6,2.4,Average
856,24,Male,1.8,8.9,4.2,4.3,77.4,Yes,No,Medium,98.4,52.0,2.67,Average
857,19,Female,2.8,7.4,2.0,3.6,100.0,Yes,No,Low,99.5,70.0,2.27,Average
858,17,Male,2.8,7.6,1.1,7.1,74.6,Yes,No,Low,71.6,64.6,3.29,Good
859,23,Male,2.5,7.9,2.6,3.0,80.8,Yes,No,Medium,81.2,67.7,2.81,Average
860,24,Male,3.0,5.5,5.0,4.8,88.4,No,No,Medium,95.3,69.1,3.11,Average
861,25,Male,5.3,7.8,2.1,4.8,90.9,Yes,No,High,100.0,90.6,3.93,Good
862,25,Female,3.8,6.1,1.4,2.8,94.8,Yes,Yes,Medium,100.0,75.7,3.24,Good
863,18,Female,7.2,7.4,3.3,2.4,86.3,No,No,Medium,100.0,96.8,4.0,Good
864,23,Male,3.8,6.7,3.9,3.3,92.5,Yes,No,Low,100.0,72.9,2.54,Average
865,24,Female,3.1,7.6,6.0,3.0,75.3,Yes,No,Medium,,65.6,2.57,Average
866,23,Male,3.5,7.1,12.0,1.1,91.2,Yes,No,Low,100.0,79.8,2.89,Average
867,24,Male,3.9,3.3,4.2,2.7,91.0,Yes,Yes,Medium,100.0,83.1,2.73,Average
868,24,Female,4.2,7.2,4.3,4.5,97.1,No,Yes,Low,100.0,80.8,3.0,Average
869,21,Female,6.6,7.8,0.9,6.5,65.3,Yes,Yes,Medium,100.0,97.5,4.0,Good
870,17,Male,2.2,7.5,1.3,5.1,72.9,Yes,Yes,Medium,81.6,60.1,2.34,Average
871,21,Male,4.8,6.9,1.0,0.0,90.2,Yes,No,High,,74.4,3.67,Good
872,18,Male,3.8,,0.6,5.3,55.5,Yes,No,Low,94.9,67.3,3.42,Good
873,18,Female,1.1,7.4,4.4,2.9,86.9,Yes,No,Medium,94.3,49.9,3.05,Average
874,18,Male,4.7,7.5,3.5,4.9,92.6,Yes,No,Medium,,76.1,3.71,Good
875,23,Male,5.4,8.3,3.1,4.0,76.2,Yes,No,Low,100.0,80.6,4.0,Good
876,21,Female,2.2,7.4,0.0,3.6,77.7,Yes,No,Low,81.7,66.0,2.75,Average
877,21,Male,3.5,5.9,6.7,3.8,71.3,Yes,No,Medium,100.0,53.7,2.23,Average
878,23,Male,0.9,4.1,1.4,4.0,76.8,Yes,No,Medium,74.1,46.4,1.96,Poor
879,21,Male,1.6,6.4,6.7,6.7,77.1,No,No,High,,62.2,2.49,Average
880,22,Male,5.1,,0.4,4.0,75.2,Yes,No,Low,100.0,73.5,2.99,Average
881,17,Male,2.8,,1.5,6.2,74.6,Yes,No,Medium,100.0,64.7,2.85,Average
882,24,Female,1.8,8.0,0.0,5.9,79.3,Yes,Yes,Medium,81.6,53.1,1.96,Poor
883,21,Female,3.8,7.2,3.7,5.3,79.2,Yes,No,Medium,100.0,67.0,2.2,Poor
884,18,Female,2.7,8.5,1.0,0.4,100.0,Yes,No,Medium,94.0,73.6,3.07,Average
885,24,Female,2.8,6.6,1.1,6.2,78.1,Yes,No,High,84.6,60.2,2.16,Poor
886,23,Male,4.6,7.6,0.5,,85.4,Yes,No,Medium,100.0,90.6,3.42,Good
887,17,Male,1.8,7.6,4.4,5.4,76.2,Yes,No,High,83.6,65.0,2.55,Average
888,18,Female,2.1,8.8,4.3,2.1,76.1,Yes,No,Medium,87.8,64.1,2.43,Average
889,17,Male,3.7,5.0,6.3,1.6,65.0,Yes,No,High,100.0,71.4,3.24,Good
890,19,Female,5.0,6.4,1.8,8.0,66.3,No,No,High,99.6,69.1,2.71,Average
891,17,Female,5.4,8.0,3.4,2.1,69.9,Yes,No,High,100.0,80.3,3.62,Good
892,23,Male,2.5,8.9,0.7,6.3,83.8,Yes,Yes,Medium,100.0,72.1,2.96,Average
893,21,Male,4.9,7.3,2.4,4.2,92.8,Yes,No,High,100.0,95.1,3.77,Good
894,25,Male,2.3,6.6,2.1,,64.1,Yes,No,Low,85.3,72.0,2.93,Average
895,23,Male,6.2,7.9,3.8,3.9,76.5,Yes,Yes,Medium,100.0,99.5,3.53,Good
896,22,Male,1.8,8.0,4.8,1.4,68.3,Yes,No,Medium,77.5,58.2,2.45,Average
897,21,Male,5.5,6.6,4.8,4.0,79.4,Yes,Yes,Medium,,100.0,4.0,Good
898,17,Female,2.5,7.4,1.5,1.8,92.8,Yes,Yes,Medium,87.0,71.1,3.19,Average
899,17,Female,6.5,8.4,4.8,3.2,77.5,Yes,No,Low,100.0,89.8,3.12,Average
900,22,Female,4.4,9.3,2.9,5.9,81.5,Yes,No,Low,100.0,80.7,2.7,Average
901,17,Male,2.0,7.9,2.4,4.5,96.6,Yes,No,Low,98.9,58.7,2.16,Poor
902,17,Male,2.7,7.1,1.7,1.0,86.6,Yes,No,Medium,100.0,70.0,3.28,Good
903,18,Male,4.7,6.9,2.0,5.7,74.4,Yes,No,High,100.0,66.6,2.74,Average
904,24,Male,5.1,7.7,6.1,4.0,83.6,Yes,Yes,Medium,100.0,76.4,2.79,Average
905,21,Female,3.4,6.9,3.6,2.9,73.7,Yes,No,High,100.0,66.7,2.16,Poor
906,23,Male,3.6,,3.3,5.5,86.2,Yes,Yes,High,100.0,81.3,3.01,Average
907,20,Male,4.6,5.7,2.5,3.7,87.2,Yes,No,Medium,100.0,92.7,3.44,Good
908,18,Female,3.7,8.6,7.4,1.7,68.3,Yes,No,Medium,100.0,54.7,2.51,Average
909,20,Male,1.6,5.6,5.3,7.7,83.8,Yes,No,Medium,99.5,70.4,3.17,Average
910,17,Male,2.3,6.5,1.7,4.0,80.8,Yes,No,Low,94.4,65.2,2.24,Average
911,23,Male,3.9,7.1,2.5,3.8,87.4,Yes,No,Medium,,79.6,3.45,Good
912,18,Female,5.3,9.4,2.6,3.2,90.3,Yes,Yes,Medium,100.0,77.3,3.32,Good
913,20,Female,5.9,6.5,3.3,6.4,86.8,Yes,No,Medium,100.0,87.9,3.1,Average
914,25,Male,4.7,6.2,1.7,3.0,79.0,Yes,No,Medium,100.0,90.8,3.6,Good
915,22,Female,3.9,6.3,3.8,,91.3,No,No,Low,100.0,79.1,3.28,Good
916,21,Female,4.6,9.0,5.6,2.6,73.3,Yes,Yes,High,100.0,75.1,3.06,Average
917,21,Female,2.5,3.6,0.6,6.7,68.8,Yes,Yes,Low,82.6,64.9,2.0,Poor
918,24,Male,3.3,5.8,1.0,5.7,50.0,Yes,No,High,86.2,50.7,2.07,Poor
919,19,Male,2.3,10.0,2.1,3.5,81.3,Yes,Yes,Low,100.0,62.6,2.73,Average
920,22,Female,1.6,7.7,2.2,6.7,73.8,Yes,No,Medium,95.4,66.8,3.22,Good
921,24,Male,4.0,5.7,6.6,5.5,86.0,Yes,No,Medium,,80.9,3.0,Average
922,22,Female,3.8,6.9,4.8,3.5,62.3,Yes,No,Medium,100.0,63.8,2.36,Average
923,21,Female,4.5,7.1,4.7,3.7,75.5,Yes,No,Medium,100.0,88.1,3.45,Good
924,18,Male,4.3,8.0,2.5,4.7,86.7,Yes,Yes,Low,100.0,71.0,2.94,Average
925,19,Female,3.9,9.2,2.5,2.3,71.7,Yes,No,Medium,100.0,64.5,2.61,Average
926,25,Female,4.3,7.5,0.4,4.0,86.1,Yes,No,High,100.0,99.1,4.0,Good
927,21,Female,3.4,6.4,4.4,4.6,76.4,Yes,Yes,Medium,90.9,72.3,2.5,Average
928,19,Male,4.1,7.9,3.9,0.6,81.7,Yes,No,Medium,100.0,73.4,3.08,Average
929,20,Female,2.4,6.2,5.3,3.6,88.0,Yes,No,High,89.0,61.7,2.21,Average
930,22,Female,4.1,5.8,2.6,3.4,91.5,Yes,Yes,Medium,100.0,74.1,2.91,Average
931,21,Female,4.5,4.9,2.7,6.1,82.9,Yes,No,High,100.0,83.1,3.92,Good
932,23,Female,2.5,5.1,3.3,0.3,73.9,Yes,Yes,Medium,72.8,62.4,2.01,Poor
933,19,Female,3.6,5.9,4.6,3.2,77.4,Yes,No,Medium,100.0,69.0,2.66,Average
934,22,Male,2.6,5.6,0.4,3.0,88.4,Yes,No,Low,100.0,61.6,2.02,Poor
935,20,Male,2.7,7.4,4.3,5.9,71.8,Yes,No,Low,100.0,62.4,2.55,Average
936,25,Male,1.8,5.6,3.0,3.9,80.2,Yes,No,Medium,95.3,53.9,2.52,Average
937,18,Male,5.4,3.2,1.1,7.6,78.1,Yes,Yes,High,100.0,81.0,3.3,Good
938,18,Male,5.1,5.7,0.0,5.3,81.0,Yes,No,Low,100.0,99.3,3.93,Good
939,21,Female,4.3,6.4,2.8,3.2,71.9,No,Yes,High,98.2,92.8,4.0,Good
940,21,Male,6.5,6.3,5.6,4.5,63.5,Yes,No,Medium,100.0,100.0,4.0,Good
941,23,Female,3.2,8.8,6.0,3.3,87.2,Yes,Yes,Medium,100.0,72.4,3.18,Average
942,20,Female,8.0,6.3,3.6,5.7,91.6,Yes,Yes,High,100.0,100.0,4.0,Good
943,25,Male,3.2,8.1,6.5,1.3,64.1,Yes,Yes,High,100.0,57.3,1.29,Poor
944,21,Female,3.9,7.0,2.9,,85.7,No,Yes,Medium,100.0,79.9,3.17,Average
945,18,Female,2.9,6.9,4.7,4.9,92.8,Yes,Yes,Medium,100.0,65.3,2.23,Average
946,18,Female,4.1,6.0,2.2,6.5,88.0,Yes,Yes,Low,100.0,90.5,3.33,Good
947,25,Male,4.8,6.9,2.1,0.0,77.8,Yes,No,Medium,100.0,65.9,3.15,Average
948,18,Female,3.3,6.1,1.8,6.7,72.6,Yes,No,High,100.0,67.0,2.55,Average
949,25,Female,6.2,7.2,0.0,3.7,82.8,Yes,No,Medium,100.0,100.0,4.0,Good
950,19,Female,3.9,6.7,5.3,0.2,84.5,Yes,No,Medium,100.0,65.7,2.14,Poor
951,17,Female,3.9,5.9,1.8,0.0,83.0,Yes,No,Low,92.3,75.6,2.64,Average
952,19,Female,2.1,8.2,1.6,0.9,80.2,Yes,No,Medium,87.3,67.6,2.97,Average
953,22,Male,4.1,7.5,0.9,4.0,71.2,Yes,No,Medium,100.0,88.8,3.43,Good
954,20,Female,3.3,6.5,2.6,3.9,86.2,Yes,No,Medium,95.6,62.3,2.6,Average
955,24,Male,2.6,7.2,6.2,,86.7,Yes,No,Medium,100.0,50.8,1.99,Poor
956,22,Female,2.3,6.9,6.8,2.9,84.0,Yes,Yes,High,,50.4,1.96,Poor
957,20,Male,7.5,6.0,0.0,1.8,83.1,Yes,No,High,100.0,96.8,3.77,Good
958,22,Male,3.1,7.1,2.4,3.2,98.8,Yes,No,Medium,100.0,64.1,2.63,Average
959,25,Female,1.3,6.3,1.1,4.1,75.8,Yes,No,Low,92.0,47.5,2.13,Poor
960,20,Male,2.5,5.9,4.8,4.5,94.8,Yes,No,High,88.8,75.5,3.59,Good
961,18,Female,3.4,5.1,3.5,2.4,74.7,Yes,No,High,88.4,65.7,2.56,Average
962,20,Male,4.3,6.6,1.9,5.8,93.1,Yes,No,High,100.0,84.6,3.25,Good
963,24,Female,4.3,7.7,3.1,2.8,94.3,Yes,Yes,Medium,100.0,75.3,2.83,Average
964,18,Female,4.5,2.0,2.1,2.3,79.1,Yes,Yes,Low,100.0,85.7,3.94,Good
965,25,Male,2.5,10.0,5.9,2.9,98.6,No,No,High,99.1,80.9,3.48,Good
966,22,Female,4.0,8.1,4.0,6.1,86.7,Yes,Yes,Medium,100.0,69.3,2.11,Poor
967,22,Male,2.2,8.6,4.2,3.7,73.2,Yes,No,Medium,92.7,70.6,2.14,Poor
968,19,Female,2.6,8.0,0.0,2.6,78.3,Yes,Yes,Medium,95.7,70.9,2.54,Average
969,25,Female,2.1,9.2,2.9,,93.3,Yes,No,Medium,97.8,65.5,2.7,Average
970,17,Female,1.7,6.1,6.7,8.3,91.2,Yes,No,Medium,85.1,58.7,2.34,Average
971,19,Male,5.1,3.9,5.4,4.4,71.4,Yes,No,Medium,100.0,80.8,3.41,Good
972,20,Male,4.5,6.5,0.0,6.5,80.6,Yes,No,Medium,100.0,99.3,3.91,Good
973,21,Female,5.0,7.7,2.4,6.1,84.0,Yes,No,Medium,100.0,89.6,4.0,Good
974,21,Female,3.6,7.2,0.8,2.8,76.9,Yes,No,Low,100.0,78.5,3.41,Good
975,18,Male,4.7,7.3,6.1,4.1,100.0,Yes,No,High,100.0,79.8,3.22,Good
976,19,Male,0.9,8.6,3.4,1.4,84.3,Yes,No,Medium,89.1,57.9,2.72,Average
977,17,Male,4.8,7.5,1.6,3.6,81.4,Yes,Yes,Medium,100.0,76.8,2.49,Average
978,22,Female,3.8,8.0,3.1,2.7,93.9,Yes,No,Medium,100.0,79.3,3.14,Average
979,20,Male,4.4,5.9,0.0,3.2,78.3,No,No,Medium,100.0,100.0,4.0,Good
980,22,Male,4.1,5.7,1.0,2.5,92.1,Yes,No,Medium,100.0,63.2,2.74,Average
981,22,Female,2.0,8.9,3.1,3.4,65.3,Yes,No,Low,77.2,56.3,1.65,Poor
982,23,Male,1.3,7.1,4.5,5.1,77.5,Yes,No,High,96.3,52.5,2.01,Poor
983,21,Female,2.4,6.3,0.0,3.8,92.5,Yes,No,Low,100.0,70.0,2.94,Average
984,22,Male,4.3,6.3,2.3,0.3,97.7,No,No,High,100.0,83.9,3.52,Good
985,22,Female,4.5,6.2,4.8,2.5,74.3,No,No,Medium,100.0,75.8,3.45,Good
986,22,Female,1.4,6.1,0.4,1.0,73.1,Yes,No,Low,81.0,54.6,2.45,Average
987,22,Female,2.0,5.5,3.4,4.5,87.7,Yes,Yes,Medium,91.1,63.6,2.52,Average
988,19,Male,2.4,5.2,3.1,5.0,75.8,Yes,No,Medium,100.0,57.3,2.53,Average
989,19,Female,3.0,6.8,6.1,4.5,79.3,Yes,Yes,High,99.7,78.5,3.07,Average
990,24,Female,1.5,6.3,2.6,2.4,90.8,Yes,No,High,77.3,57.5,2.35,Average
991,20,Male,1.4,8.3,2.7,4.5,76.6,Yes,No,Medium,94.4,58.3,2.61,Average
992,21,Male,2.3,7.4,4.5,3.1,62.3,Yes,No,Medium,89.0,47.8,1.9,Poor
993,18,Male,3.6,7.3,0.6,1.7,69.0,Yes,Yes,High,,79.7,3.32,Good
994,20,Female,1.7,6.1,2.6,5.5,82.1,Yes,Yes,Medium,92.6,64.5,2.92,Average
995,21,Female,3.3,6.9,2.2,5.6,63.4,Yes,Yes,Medium,98.4,68.9,3.0,Average
996,22,Female,5.1,,2.7,5.9,79.0,Yes,No,Medium,100.0,76.0,3.47,Good
997,21,Female,1.5,7.9,4.5,2.8,68.1,No,No,Medium,67.3,43.4,2.55,Average
998,20,Female,3.2,6.9,4.0,6.4,98.4,Yes,No,Medium,100.0,87.5,3.74,Good
999,25,Male,5.0,8.3,1.7,3.0,100.0,Yes,No,Medium,100.0,86.7,3.31,Good
1000,21,Male,2.9,7.0,3.2,5.3,71.4,Yes,No,High,75.3,68.2,2.91,Average
1001,24,Female,2.6,8.0,5.7,3.0,84.6,Yes,No,Medium,100.0,54.6,2.35,Average
1002,23,Male,5.2,6.4,1.5,3.6,72.4,Yes,Yes,Medium,100.0,93.1,3.94,Good
1003,22,Female,3.0,4.8,3.3,0.0,78.9,Yes,No,Medium,100.0,61.6,2.99,Average
1004,24,Female,5.2,7.3,2.7,3.4,100.0,Yes,No,High,100.0,84.6,2.79,Average
1005,18,Male,4.1,7.9,2.9,4.2,77.3,Yes,No,Medium,100.0,70.2,3.34,Good
1006,25,Female,3.0,7.7,0.1,3.2,79.1,Yes,Yes,High,97.0,67.1,3.33,Good
1007,24,Male,4.2,7.5,5.5,7.5,72.6,Yes,Yes,Medium,100.0,74.1,3.16,Average
1008,21,Female,4.0,6.6,1.6,1.7,93.5,Yes,No,Medium,100.0,82.7,3.52,Good
1009,23,Female,5.0,6.0,4.8,2.9,49.4,No,No,High,100.0,61.5,2.38,Average
1010,21,Female,2.7,7.7,1.9,,77.6,Yes,No,High,97.3,65.5,2.62,Average
1011,19,Male,3.6,7.5,1.9,,81.5,No,No,Medium,100.0,65.1,2.85,Average
1012,24,Male,3.4,6.3,5.2,6.1,75.4,Yes,No,Medium,92.2,71.0,3.06,Average
1013,19,Male,4.6,8.3,4.8,7.0,90.6,Yes,Yes,Low,100.0,87.6,3.76,Good
1014,19,Male,2.0,5.9,3.4,2.6,94.0,No,No,Low,91.7,63.3,2.75,Average
1015,21,Male,5.0,6.3,4.4,2.6,67.9,No,Yes,High,100.0,79.6,3.5,Good
1016,24,Male,4.2,9.0,2.5,1.7,100.0,No,No,High,100.0,98.9,4.0,Good
1017,20,Female,1.5,8.0,3.0,6.6,67.8,Yes,No,Low,77.9,50.2,1.65,Poor
1018,21,Male,5.3,6.6,1.8,6.2,94.9,Yes,No,High,100.0,85.4,3.71,Good
1019,17,Male,6.9,7.3,4.6,,83.5,Yes,No,Medium,100.0,100.0,4.0,Good
1020,18,Female,5.0,7.2,1.8,1.2,77.0,Yes,No,High,100.0,75.3,3.0,Average
1021,17,Female,5.6,,5.7,1.4,77.9,No,No,High,100.0,82.2,3.81,Good
1022,17,Female,3.6,5.9,2.4,4.3,81.7,Yes,No,High,100.0,69.2,2.45,Average
1023,24,Female,1.0,6.9,3.0,5.1,84.1,Yes,No,High,75.5,47.3,1.88,Poor
1024,24,Female,0.7,6.6,4.4,0.0,72.8,No,No,High,60.4,42.8,1.49,Poor
1025,24,Female,3.9,7.3,3.0,,79.7,No,No,Medium,100.0,81.6,3.75,Good
1026,17,Female,2.6,8.4,2.5,7.2,74.3,No,Yes,Low,100.0,72.0,3.46,Good
1027,17,Female,2.1,6.6,2.9,3.6,69.8,Yes,No,Medium,96.2,64.5,2.54,Average
1028,19,Male,3.4,,4.6,,73.8,Yes,No,High,,68.9,3.16,Average
1029,22,Male,4.4,7.4,1.8,5.3,70.5,No,Yes,Low,87.1,75.3,3.59,Good
1030,20,Male,1.3,6.6,2.8,1.8,77.8,Yes,No,High,96.9,34.8,1.38,Poor
1031,21,Male,2.8,6.8,3.0,3.4,86.3,Yes,No,Low,100.0,71.2,2.9,Average
1032,18,Female,5.8,6.6,4.6,3.7,83.2,No,Yes,High,100.0,70.2,3.06,Average
1033,23,Male,1.9,9.7,2.8,2.1,100.0,Yes,Yes,Medium,100.0,50.5,1.72,Poor
1034,19,Male,4.8,4.3,6.3,2.1,59.9,Yes,No,High,100.0,68.7,2.79,Average
1035,17,Male,2.8,6.5,2.7,,86.7,Yes,No,High,100.0,70.6,3.57,Good
1036,23,Female,4.3,7.0,2.6,2.0,82.1,Yes,No,Medium,100.0,75.8,2.86,Average
1037,25,Male,5.1,6.1,2.7,6.2,90.2,No,Yes,Medium,100.0,100.0,4.0,Good
1038,17,Female,4.6,8.1,0.6,3.1,89.2,Yes,Yes,Low,,90.9,3.82,Good
1039,20,Female,4.9,8.0,1.1,3.9,80.4,Yes,Yes,High,100.0,83.3,3.28,Good
1040,24,Male,1.8,6.9,2.0,5.1,83.7,Yes,No,High,75.0,71.5,2.94,Average
1041,23,Female,5.2,6.7,5.0,2.8,74.6,Yes,Yes,Medium,100.0,92.4,4.0,Good
1042,24,Male,2.2,6.9,2.9,5.1,88.1,No,Yes,Low,100.0,68.3,2.93,Average
1043,20,Male,3.9,6.9,2.1,0.0,63.2,Yes,Yes,Medium,91.8,63.8,2.8,Average
1044,20,Female,3.9,6.9,5.2,4.9,89.8,Yes,No,Low,100.0,70.3,3.37,Good
1045,23,Female,4.2,6.8,5.8,0.0,81.8,Yes,No,High,100.0,62.2,2.39,Average
1046,18,Male,4.0,7.3,5.3,3.5,77.1,Yes,No,Medium,100.0,70.8,2.47,Average
1047,19,Female,2.2,7.9,1.5,5.7,79.7,Yes,No,High,98.3,55.2,2.83,Average
1048,22,Male,1.5,5.5,2.1,5.2,80.4,Yes,No,High,82.5,54.1,2.21,Average
1049,23,Female,4.8,5.7,6.3,1.4,95.0,Yes,No,High,100.0,84.4,3.69,Good
1050,18,Female,3.8,4.9,3.4,1.7,100.0,Yes,No,Medium,,64.2,2.3,Average
1051,21,Female,5.2,,2.5,2.6,94.2,Yes,No,Medium,100.0,80.9,3.37,Good
1052,20,Female,3.4,7.3,4.3,4.4,76.3,Yes,Yes,High,93.7,63.7,2.16,Poor
1053,21,Male,1.4,7.6,4.8,0.0,88.3,Yes,No,Medium,100.0,54.4,2.2,Poor
1054,25,Female,4.9,5.3,2.0,4.0,88.7,Yes,No,High,100.0,83.7,3.12,Average
1055,17,Female,2.9,9.1,3.4,4.6,72.7,Yes,No,Medium,100.0,61.8,2.16,Poor
1056,25,Female,4.0,6.3,4.7,3.4,69.4,Yes,Yes,Low,100.0,63.7,2.44,Average
1057,21,Male,2.5,7.2,0.9,5.1,81.4,No,No,High,90.3,55.7,1.43,Poor
1058,23,Male,6.0,8.0,3.0,4.4,90.1,Yes,No,High,100.0,90.4,3.21,Good
1059,20,Male,2.2,5.8,1.0,2.9,65.9,Yes,Yes,Low,77.2,57.3,2.57,Average
1060,19,Male,3.0,6.3,1.2,0.1,74.8,Yes,Yes,Medium,100.0,65.8,2.75,Average
1061,23,Male,3.7,7.2,2.0,4.3,87.7,Yes,No,Low,100.0,77.9,2.74,Average
1062,23,Male,1.9,10.0,3.9,2.1,82.4,Yes,No,Medium,100.0,61.3,2.64,Average
1063,18,Female,4.0,7.4,2.4,2.8,96.2,Yes,No,Medium,100.0,87.4,3.19,Average
1064,23,Male,5.9,8.9,1.8,5.0,67.9,Yes,No,Medium,100.0,83.3,3.58,Good
1065,23,Female,2.8,8.4,3.1,6.8,100.0,Yes,No,Low,,59.9,2.35,Average
1066,20,Female,4.1,7.4,0.9,3.9,66.6,Yes,No,Medium,100.0,84.8,3.28,Good
1067,25,Female,0.5,5.8,3.8,,61.7,Yes,No,Medium,77.0,43.0,1.69,Poor
1068,22,Male,3.4,8.3,5.0,1.1,81.4,Yes,Yes,Low,100.0,60.8,3.33,Good
1069,20,Male,3.0,5.2,2.9,4.5,70.7,No,Yes,Medium,100.0,66.9,2.41,Average
1070,17,Female,2.3,8.9,2.6,3.9,81.6,Yes,No,Medium,99.0,71.3,2.93,Average
1071,23,Female,5.1,7.2,3.7,6.5,81.3,Yes,Yes,Medium,100.0,97.7,4.0,Good
1072,18,Male,3.0,3.8,0.0,2.9,80.0,Yes,Yes,Medium,100.0,74.1,2.63,Average
1073,23,Female,3.2,6.6,4.0,3.5,73.6,No,No,Low,93.4,74.1,2.41,Average
1074,21,Female,2.9,7.8,8.6,6.1,86.3,Yes,No,Low,100.0,51.1,1.84,Poor
1075,21,Female,0.6,6.7,2.8,3.8,78.8,Yes,Yes,High,80.3,48.1,2.19,Poor
1076,18,Male,1.8,7.9,2.8,1.8,93.0,Yes,No,High,90.9,60.1,2.29,Average
1077,23,Male,4.9,6.0,4.3,9.1,80.2,Yes,No,High,100.0,83.8,3.27,Good
1078,18,Male,0.5,5.4,6.0,1.8,72.4,Yes,No,High,,53.3,2.45,Average
1079,20,Female,2.4,6.9,4.8,3.9,65.1,Yes,No,Medium,100.0,56.5,1.98,Poor
1080,24,Male,2.9,7.0,0.0,4.7,80.3,Yes,Yes,High,90.7,63.8,2.52,Average
1081,25,Male,6.1,6.6,4.0,4.5,69.3,Yes,Yes,Medium,100.0,77.1,2.55,Average
1082,25,Female,4.7,8.5,7.6,3.6,68.5,Yes,No,High,100.0,82.9,3.43,Good
1083,25,Male,2.7,6.0,4.1,3.6,87.3,Yes,No,High,96.5,69.8,2.87,Average
1084,22,Male,5.5,7.4,0.9,3.5,64.2,No,No,High,100.0,88.3,3.81,Good
1085,18,Male,2.4,7.1,3.5,1.8,96.1,Yes,No,Medium,92.3,64.7,2.19,Poor
1086,24,Male,5.0,5.1,0.7,8.3,83.6,Yes,No,Medium,100.0,90.5,3.55,Good
1087,24,Male,1.5,5.4,5.2,,81.6,Yes,No,Medium,94.0,44.5,1.33,Poor
1088,25,Male,5.1,7.0,1.3,5.2,71.7,Yes,Yes,Medium,100.0,87.1,3.4,Good
1089,22,Female,2.9,9.4,3.1,3.3,89.6,Yes,Yes,High,,60.4,2.93,Average
1090,18,Female,2.0,7.7,1.5,3.3,82.0,Yes,No,Medium,82.9,59.3,2.26,Average
1091,21,Male,3.2,4.9,2.0,3.1,75.1,No,No,Low,100.0,63.5,2.06,Poor
1092,21,Female,3.9,3.3,5.7,0.9,84.0,No,No,Medium,100.0,46.2,1.61,Poor
1093,24,Male,2.8,7.9,3.2,3.7,65.2,Yes,Yes,Medium,100.0,57.3,1.73,Poor
1094,20,Female,4.3,6.9,2.0,3.2,65.6,Yes,No,Medium,100.0,67.4,2.24,Average
1095,19,Male,2.6,,0.9,6.3,70.8,Yes,Yes,Medium,88.8,62.7,2.74,Average
1096,17,Female,4.4,5.9,0.0,1.6,85.5,Yes,No,Medium,100.0,85.4,2.91,Average
1097,24,Male,4.2,7.4,0.7,2.8,82.0,Yes,Yes,Medium,90.6,95.0,3.91,Good
1098,23,Female,3.4,8.0,3.2,,92.5,Yes,No,Medium,99.6,77.3,3.1,Average
1099,17,Male,2.8,6.5,4.8,6.9,72.8,No,Yes,High,100.0,63.7,2.36,Average
1100,20,Female,3.7,6.5,2.0,2.3,87.7,Yes,Yes,Medium,100.0,81.5,3.34,Good
1101,21,Male,4.3,7.0,5.8,,80.9,Yes,No,Medium,100.0,81.1,2.92,Average
1102,21,Female,6.6,7.7,1.7,5.9,72.6,No,No,Low,,99.2,4.0,Good
1103,25,Male,4.9,7.0,2.6,3.7,85.9,Yes,No,Medium,100.0,87.7,3.26,Good
1104,18,Female,5.0,8.2,1.1,1.2,81.3,Yes,No,Medium,100.0,92.3,3.56,Good
1105,19,Female,8.1,6.4,4.8,1.3,75.7,No,No,Medium,100.0,85.0,3.22,Good
1106,18,Female,4.3,5.4,6.8,5.7,82.4,Yes,No,High,100.0,89.6,3.82,Good
1107,19,Male,4.2,9.4,0.0,1.5,80.7,Yes,No,Medium,100.0,94.8,3.98,Good
1108,25,Male,4.6,6.3,12.0,4.8,80.5,Yes,No,High,100.0,82.8,2.39,Average
1109,25,Male,2.0,,5.3,4.2,77.9,Yes,No,Medium,77.9,43.9,1.85,Poor
1110,17,Male,2.8,6.9,0.4,,69.0,No,No,Medium,,75.9,2.43,Average
1111,22,Female,2.7,7.1,4.0,4.9,82.7,Yes,No,High,100.0,59.3,2.25,Average
1112,19,Female,4.5,6.5,5.2,2.1,74.0,Yes,Yes,Medium,100.0,78.1,3.09,Average
1113,18,Female,3.2,7.0,3.1,2.0,71.8,Yes,No,High,100.0,56.1,2.12,Poor
1114,19,Female,3.7,7.0,4.0,5.4,79.6,Yes,No,High,100.0,89.3,3.75,Good
1115,18,Female,5.1,7.2,6.2,2.7,89.3,Yes,No,Medium,100.0,71.5,3.11,Average
1116,21,Female,4.8,4.2,6.5,0.0,83.9,Yes,No,High,100.0,78.5,2.87,Average
1117,25,Female,3.3,9.3,2.9,5.3,76.7,Yes,Yes,High,100.0,51.6,1.78,Poor
1118,22,Male,2.5,6.8,2.0,1.9,76.3,Yes,Yes,Medium,88.2,63.3,2.52,Average
1119,23,Female,5.2,7.7,1.3,4.9,88.4,Yes,No,Low,100.0,87.1,2.94,Average
1120,21,Female,4.7,5.3,4.8,6.8,58.0,Yes,No,Medium,,79.6,3.02,Average
1121,17,Male,1.1,6.4,0.5,4.0,90.0,Yes,No,High,70.5,56.0,2.71,Average
1122,17,Male,3.0,6.2,2.5,6.0,63.3,Yes,No,High,100.0,71.7,2.34,Average
1123,19,Female,3.7,,3.2,4.3,67.8,Yes,No,High,85.5,60.8,2.31,Average
1124,19,Female,4.7,6.3,2.1,7.2,76.9,Yes,No,Medium,100.0,78.8,2.95,Average
1125,24,Female,4.9,7.9,3.5,1.9,100.0,Yes,No,Low,100.0,86.6,4.0,Good
1126,24,Female,3.9,6.2,7.6,4.0,98.8,Yes,Yes,Medium,100.0,78.5,2.95,Average
1127,24,Male,4.4,,2.8,5.3,89.1,Yes,No,Medium,100.0,85.0,3.23,Good
1128,22,Male,15.0,6.7,2.2,3.6,85.6,No,No,Low,,81.2,2.89,Average
1129,22,Female,2.5,8.5,4.8,6.3,63.4,Yes,No,Low,90.9,57.0,2.28,Average
1130,22,Female,3.1,4.7,3.4,3.1,83.6,Yes,No,Low,100.0,74.3,3.06,Average
1131,20,Male,3.5,5.4,5.6,8.1,76.5,Yes,No,Low,99.6,59.4,2.07,Poor
1132,23,Female,3.4,4.7,3.3,8.2,73.8,Yes,No,High,100.0,71.6,3.21,Good
1133,24,Male,0.7,5.7,2.6,4.6,83.5,Yes,No,Medium,74.3,63.7,2.64,Average
1134,23,Female,2.9,6.0,0.0,5.1,77.3,Yes,No,Medium,100.0,56.8,2.57,Average
1135,22,Male,3.6,5.1,0.1,6.4,90.7,Yes,Yes,Medium,100.0,84.2,3.25,Good
1136,17,Male,3.1,6.1,0.0,1.6,62.6,Yes,No,High,92.1,72.0,2.96,Average
1137,23,Male,3.1,4.6,3.7,1.4,82.8,Yes,No,High,99.0,80.2,3.13,Average
1138,20,Male,4.2,5.8,0.5,6.5,73.2,Yes,No,Medium,100.0,84.5,3.89,Good
1139,23,Female,1.9,8.4,5.3,4.5,77.9,Yes,No,Medium,73.6,55.2,2.25,Average
1140,21,Male,1.1,7.5,3.1,3.5,85.0,No,No,Medium,88.2,57.1,2.29,Average
1141,24,Male,3.0,7.2,2.6,4.0,70.8,Yes,No,Medium,95.7,58.9,2.2,Poor
1142,20,Female,4.6,5.8,1.5,0.0,83.6,Yes,No,Medium,,81.1,3.06,Average
1143,25,Female,6.0,5.2,4.1,3.6,79.9,Yes,Yes,Medium,100.0,79.3,3.26,Good
1144,24,Male,4.7,5.6,1.6,2.5,75.4,No,No,Medium,100.0,93.3,4.0,Good
1145,19,Male,1.3,6.9,1.2,5.8,77.3,Yes,No,Medium,75.2,59.2,2.13,Poor
1146,21,Male,3.2,8.0,5.1,6.0,80.5,Yes,No,Medium,100.0,58.3,2.38,Average
1147,21,Female,3.9,8.1,3.6,5.2,74.3,Yes,No,Medium,100.0,73.8,3.02,Average
1148,23,Male,3.8,7.8,2.6,4.8,82.1,Yes,No,Medium,100.0,84.3,3.5,Good
1149,23,Male,4.3,,4.2,1.0,79.2,Yes,No,Medium,100.0,83.9,2.76,Average
1150,24,Male,2.1,7.0,3.0,5.2,75.9,Yes,Yes,Medium,83.1,51.6,1.74,Poor
1151,20,Female,3.6,6.6,3.7,5.3,97.9,Yes,Yes,Low,100.0,52.4,1.62,Poor
1152,21,Male,4.1,6.8,1.5,6.5,86.2,Yes,No,Medium,100.0,84.1,3.37,Good
1153,20,Female,4.7,9.4,6.7,8.2,78.2,Yes,No,Medium,100.0,68.1,2.41,Average
1154,25,Male,2.3,4.9,2.0,0.6,83.5,Yes,No,Medium,99.4,69.6,2.61,Average
1155,19,Female,3.0,6.7,5.8,3.2,71.7,No,No,Medium,100.0,67.9,2.3,Average
1156,22,Male,0.5,8.5,2.7,2.5,77.6,Yes,Yes,Low,76.0,56.1,2.1,Poor
1157,18,Male,2.6,5.2,4.5,,78.8,Yes,No,Low,85.7,75.4,2.62,Average
1158,24,Male,2.7,6.2,4.3,4.0,69.5,Yes,No,Medium,100.0,69.5,3.04,Average
1159,20,Female,2.0,6.4,5.1,3.5,85.9,Yes,No,Low,100.0,72.2,3.06,Average
1160,20,Female,3.7,6.7,1.5,6.1,76.9,Yes,No,Medium,100.0,85.7,3.48,Good
1161,22,Male,3.4,5.1,4.9,,78.4,Yes,No,Medium,100.0,79.1,3.06,Average
1162,21,Male,0.5,7.7,6.3,1.9,76.3,Yes,No,High,81.8,40.9,0.92,Poor
1163,24,Female,3.8,7.8,2.5,2.0,100.0,Yes,No,Medium,100.0,71.5,2.7,Average
1164,21,Female,2.1,7.6,3.1,3.3,75.4,Yes,No,Low,70.7,78.5,2.87,Average
1165,21,Male,4.2,6.0,2.1,1.5,61.3,Yes,No,Medium,100.0,72.7,2.99,Average
1166,17,Male,1.6,7.1,2.4,3.9,66.0,Yes,No,High,91.1,62.0,2.7,Average
1167,17,Female,3.5,5.9,6.1,3.7,89.6,Yes,No,Medium,100.0,66.2,2.76,Average
1168,20,Female,3.1,6.6,1.2,2.4,95.4,Yes,No,High,100.0,83.9,3.8,Good
1169,25,Female,4.0,9.6,1.3,5.7,75.2,Yes,No,Medium,100.0,56.4,2.06,Poor
1170,25,Female,3.7,7.1,5.9,3.9,94.8,Yes,No,Low,100.0,70.5,2.61,Average
1171,22,Male,3.1,5.6,4.1,6.1,89.4,Yes,No,Low,100.0,69.3,3.13,Average
1172,22,Male,1.2,7.2,6.8,3.6,80.1,Yes,No,High,85.1,51.1,2.1,Poor
1173,20,Male,1.3,5.4,2.2,4.0,79.4,Yes,Yes,High,85.0,63.4,2.45,Average
1174,18,Male,2.6,5.6,3.2,2.9,83.8,Yes,Yes,High,100.0,56.7,2.92,Average
1175,17,Male,3.5,5.8,1.8,4.0,90.8,Yes,No,Medium,100.0,82.2,3.49,Good
1176,20,Male,2.6,,3.3,5.4,86.0,Yes,No,High,100.0,75.7,2.96,Average
1177,19,Male,4.4,8.1,0.0,3.2,75.2,Yes,No,Low,100.0,100.0,3.76,Good
1178,18,Female,3.1,7.7,4.2,5.0,80.3,Yes,No,Medium,100.0,72.0,3.35,Good
1179,19,Male,2.1,7.6,3.6,2.4,100.0,Yes,No,Medium,96.3,62.4,2.57,Average
1180,17,Male,3.1,5.7,2.9,5.5,84.5,Yes,No,High,99.0,59.7,2.4,Average
1181,22,Female,3.8,6.4,2.3,2.8,90.7,Yes,Yes,Medium,98.5,93.6,3.98,Good
1182,25,Female,4.0,7.3,1.4,5.7,87.4,Yes,Yes,Medium,100.0,86.3,3.76,Good
1183,23,Female,6.3,6.2,4.3,4.1,84.7,Yes,No,Low,100.0,93.6,3.93,Good
1184,21,Female,2.5,6.7,0.9,7.0,83.1,Yes,Yes,Medium,96.7,54.8,2.5,Average
1185,20,Female,3.4,7.5,3.9,1.7,91.0,Yes,No,Low,100.0,65.6,2.78,Average
1186,19,Male,4.1,6.6,6.7,1.0,89.2,Yes,No,High,100.0,79.3,3.37,Good
1187,18,Male,3.5,,5.7,2.8,84.6,Yes,No,Low,100.0,71.7,2.61,Average
1188,22,Female,2.7,8.9,0.3,1.2,75.1,Yes,No,Medium,93.3,52.3,2.72,Average
1189,22,Male,1.2,6.8,2.0,1.2,85.9,Yes,No,Medium,74.4,61.5,2.03,Poor
1190,17,Male,2.7,8.4,3.8,5.2,81.3,No,No,Medium,99.0,52.2,2.19,Poor
1191,20,Male,1.9,7.7,2.9,4.0,78.9,Yes,No,Medium,,69.3,2.3,Average
1192,19,Male,0.9,5.2,0.5,3.0,100.0,Yes,No,Medium,,63.2,2.49,Average
1193,18,Male,2.3,5.7,3.7,3.2,66.6,Yes,No,Medium,96.2,52.5,1.9,Poor
1194,23,Male,1.9,6.0,3.0,2.8,91.6,No,No,Medium,100.0,70.9,2.89,Average
1195,21,Female,4.4,6.0,6.4,7.3,73.4,Yes,No,High,89.5,73.8,3.07,Average
1196,22,Female,4.4,6.9,2.5,2.5,83.3,Yes,No,Medium,100.0,91.2,3.31,Good
1197,23,Male,2.1,7.7,5.1,1.4,100.0,Yes,No,Medium,100.0,65.1,2.6,Average
1198,25,Female,3.1,8.5,0.7,,72.4,Yes,No,High,97.4,70.2,3.3,Good
1199,24,Male,0.7,7.4,1.1,3.6,74.8,Yes,No,Medium,70.6,47.9,1.46,Poor
1200,22,Female,2.8,6.5,4.3,8.1,81.8,Yes,No,High,94.4,66.4,2.36,Average
1201,24,Female,4.1,4.5,5.0,2.9,73.5,Yes,No,High,100.0,84.7,3.69,Good
1202,21,Male,4.7,,1.3,5.7,90.8,Yes,No,High,100.0,83.8,3.38,Good
1203,25,Female,2.4,7.0,3.0,6.2,76.7,No,No,Medium,90.1,66.9,2.73,Average
1204,23,Female,5.1,7.2,0.5,3.0,88.5,Yes,Yes,Medium,100.0,83.8,3.71,Good
1205,22,Female,1.2,9.5,2.7,,68.7,No,No,Medium,91.7,33.3,1.05,Poor
1206,25,Female,1.6,8.5,4.5,5.5,63.9,Yes,Yes,Medium,69.7,50.3,1.83,Poor
1207,21,Female,4.6,7.9,2.2,5.1,79.7,No,No,High,100.0,84.1,3.14,Average
1208,23,Male,6.0,5.8,2.6,,66.3,Yes,No,Medium,100.0,86.6,3.34,Good
1209,19,Female,4.2,,1.0,1.7,97.2,Yes,No,High,100.0,74.5,3.45,Good
1210,25,Female,3.4,6.9,1.8,0.0,66.7,Yes,No,Medium,97.2,70.5,2.23,Average
1211,22,Female,0.5,6.1,6.2,5.2,71.6,Yes,No,Low,72.5,42.0,1.26,Poor
1212,24,Male,0.5,,3.1,3.5,86.1,Yes,No,Medium,81.5,42.3,1.22,Poor
1213,21,Female,3.7,7.4,1.2,3.7,76.1,Yes,No,High,100.0,63.6,3.03,Average
1214,24,Male,3.0,5.7,2.4,0.6,66.8,Yes,No,Medium,100.0,61.4,2.24,Average
1215,17,Female,1.8,8.4,0.1,1.8,100.0,Yes,No,High,88.8,74.8,2.88,Average
1216,18,Male,3.6,7.1,1.2,3.0,72.0,Yes,Yes,Medium,100.0,75.6,2.46,Average
1217,21,Female,3.7,4.9,5.4,,80.0,Yes,No,High,86.6,62.2,2.4,Average
1218,23,Female,4.9,6.9,2.7,4.2,79.9,Yes,Yes,Medium,100.0,84.3,3.67,Good
1219,24,Male,3.7,7.3,6.4,5.2,89.1,Yes,No,High,100.0,78.3,3.22,Good
1220,20,Male,5.3,,2.8,8.5,86.6,Yes,Yes,Medium,100.0,79.4,3.14,Average
1221,22,Male,3.5,6.6,2.9,,73.7,Yes,No,Medium,100.0,70.0,2.25,Average
1222,21,Female,3.3,8.0,4.2,6.2,78.7,Yes,Yes,High,100.0,78.7,3.03,Average
1223,25,Female,5.1,7.2,0.0,2.3,79.7,Yes,No,Low,100.0,78.5,3.19,Average
1224,22,Male,2.0,5.4,3.4,0.7,89.5,Yes,No,Medium,100.0,71.8,2.52,Average
1225,20,Male,7.7,5.3,2.9,,70.3,Yes,No,High,100.0,100.0,4.0,Good
1226,25,Male,4.1,,5.7,0.8,100.0,No,Yes,Medium,100.0,77.2,3.4,Good
1227,17,Male,4.1,,4.7,4.0,74.4,Yes,No,High,100.0,68.8,2.57,Average
1228,25,Female,4.3,7.4,1.0,2.4,81.9,Yes,No,Medium,100.0,89.8,3.85,Good
1229,18,Female,6.3,,5.2,0.1,70.4,Yes,Yes,High,100.0,85.8,3.39,Good
1230,19,Male,4.7,8.3,2.5,7.5,69.0,Yes,No,Medium,100.0,59.0,2.76,Average
1231,24,Female,1.1,7.8,1.4,2.9,73.3,Yes,No,Medium,73.1,51.5,2.77,Average
1232,23,Male,5.6,5.9,3.4,0.7,72.3,Yes,No,High,100.0,88.9,3.17,Average
1233,25,Female,3.0,9.1,2.6,5.8,77.9,No,No,Medium,100.0,73.1,3.19,Average
1234,23,Male,3.7,7.6,5.8,2.5,72.2,Yes,Yes,Low,100.0,58.9,2.81,Average
1235,22,Female,1.6,6.5,3.6,6.2,89.0,Yes,No,Medium,94.1,56.2,1.91,Poor
1236,20,Female,4.3,6.2,3.4,2.5,74.2,Yes,Yes,Medium,100.0,83.0,3.12,Average
1237,17,Male,2.5,7.3,4.6,2.9,73.1,Yes,No,High,80.5,58.3,2.13,Poor
1238,18,Female,3.7,5.0,5.0,4.7,78.1,Yes,No,Medium,86.2,56.8,2.23,Average
1239,19,Female,3.1,7.8,4.4,5.2,91.9,Yes,No,High,100.0,80.1,3.08,Average
1240,17,Male,6.4,5.9,5.6,5.5,84.1,Yes,No,High,100.0,90.5,3.55,Good
1241,21,Male,6.5,7.4,4.1,3.8,81.0,Yes,No,Medium,100.0,100.0,4.0,Good
1242,23,Female,3.6,6.4,3.3,5.1,67.7,Yes,Yes,Medium,100.0,56.1,1.58,Poor
1243,25,Male,3.6,6.7,5.2,5.5,70.6,No,No,Medium,100.0,64.7,2.25,Average
1244,21,Male,2.9,6.1,2.8,4.4,69.2,Yes,No,Low,100.0,67.6,2.94,Average
1245,24,Male,5.2,6.8,3.1,3.7,95.1,Yes,Yes,Medium,100.0,89.3,3.76,Good
1246,25,Female,3.0,9.3,6.1,1.1,87.3,Yes,Yes,Medium,100.0,56.0,1.87,Poor
1247,24,Male,2.9,8.7,5.9,5.2,73.4,Yes,No,High,86.0,40.7,1.82,Poor
1248,21,Male,5.0,7.4,3.0,4.1,76.4,No,Yes,Medium,100.0,94.2,4.0,Good
1249,19,Female,2.7,7.0,2.2,3.2,73.7,Yes,No,Low,100.0,66.1,2.63,Average
1250,25,Female,3.4,8.0,5.6,6.6,73.1,Yes,No,Medium,100.0,74.0,2.61,Average
1251,19,Female,1.1,8.4,4.4,1.1,86.6,Yes,No,High,91.5,60.1,2.71,Average
1252,20,Male,4.6,6.0,3.6,7.3,79.1,Yes,Yes,Medium,100.0,83.6,3.95,Good
1253,17,Female,6.4,6.9,2.4,4.0,100.0,Yes,Yes,Medium,100.0,100.0,3.69,Good
1254,24,Female,4.6,4.8,3.6,4.6,94.5,Yes,Yes,High,100.0,88.3,3.54,Good
1255,22,Male,5.7,8.3,3.0,3.2,95.1,Yes,No,Low,100.0,100.0,4.0,Good
1256,17,Female,2.2,9.5,1.8,0.7,88.7,No,No,Medium,94.3,66.9,2.71,Average
1257,18,Male,3.9,7.1,3.2,3.7,77.8,Yes,No,Medium,85.2,88.4,2.93,Average
1258,21,Male,2.1,4.4,3.5,4.7,88.0,Yes,Yes,Medium,85.2,50.3,2.17,Poor
1259,21,Male,3.2,7.7,2.3,5.4,78.5,Yes,No,High,100.0,56.4,1.91,Poor
1260,24,Female,4.7,5.9,4.6,3.6,98.3,Yes,No,Low,100.0,92.6,3.26,Good
1261,19,Male,3.7,6.2,5.3,0.0,86.0,Yes,No,High,96.7,64.8,1.99,Poor
1262,25,Male,1.4,7.8,4.7,0.9,84.6,Yes,No,Medium,87.9,69.9,3.21,Good
1263,21,Male,1.5,7.3,2.5,8.1,83.3,Yes,No,High,79.6,68.3,2.44,Average
1264,24,Male,1.4,6.4,4.4,1.8,99.4,Yes,No,High,,72.4,3.01,Average
1265,19,Male,4.2,6.2,3.1,6.9,67.7,Yes,No,High,100.0,79.9,3.4,Good
1266,17,Female,6.6,7.2,0.8,,100.0,Yes,No,Low,100.0,99.2,4.0,Good
1267,17,Male,5.5,6.5,4.2,,80.1,Yes,No,Medium,100.0,72.8,3.02,Average
1268,20,Male,0.7,5.7,3.3,5.3,67.9,Yes,No,High,99.7,56.1,2.38,Average
1269,25,Female,5.6,6.6,7.7,2.4,74.5,Yes,No,Medium,100.0,67.6,2.75,Average
1270,17,Male,4.9,7.4,5.6,7.2,65.5,Yes,No,Medium,100.0,86.4,3.19,Average
1271,20,Female,1.2,6.8,4.3,4.2,88.5,Yes,No,High,84.3,59.4,2.08,Poor
1272,17,Male,3.0,,3.4,4.9,71.6,Yes,No,High,93.6,63.6,2.51,Average
1273,25,Male,5.1,8.2,3.3,3.5,83.7,Yes,No,Medium,100.0,89.0,3.52,Good
1274,23,Male,4.3,3.7,1.2,5.3,93.3,Yes,No,High,100.0,89.2,3.72,Good
1275,23,Male,1.5,6.5,0.0,7.2,75.3,Yes,No,Low,100.0,57.0,2.67,Average
1276,23,Male,4.4,6.3,1.4,3.7,79.3,Yes,Yes,High,100.0,92.4,3.81,Good
1277,22,Female,0.5,2.0,2.9,7.5,69.0,Yes,Yes,High,51.3,54.9,1.91,Poor
1278,23,Male,3.2,7.7,0.0,2.8,78.1,Yes,No,Low,91.2,73.9,2.19,Poor
1279,17,Female,5.2,8.4,2.0,5.5,100.0,Yes,No,Low,100.0,88.8,3.28,Good
1280,24,Female,3.5,6.1,2.6,5.0,89.8,Yes,No,High,100.0,86.3,2.98,Average
1281,23,Male,2.8,7.7,2.6,1.9,79.4,Yes,Yes,Medium,97.9,49.7,1.73,Poor
1282,23,Male,4.8,7.2,1.8,4.4,75.9,Yes,No,Low,100.0,86.1,3.53,Good
1283,20,Male,5.0,4.9,2.4,4.0,81.6,Yes,No,Medium,100.0,90.6,3.65,Good
1284,24,Male,5.5,9.3,6.1,2.3,83.3,Yes,Yes,Medium,100.0,77.1,3.73,Good
1285,20,Male,4.8,5.3,4.2,4.7,77.8,Yes,No,Medium,100.0,87.2,3.66,Good
1286,17,Female,5.1,7.5,2.0,4.3,87.3,Yes,No,High,100.0,88.3,4.0,Good
1287,25,Female,4.6,7.5,2.9,3.9,72.5,Yes,No,Medium,100.0,73.5,3.19,Average
1288,19,Male,3.9,7.3,2.9,3.9,72.4,Yes,No,Medium,100.0,79.8,3.57,Good
1289,17,Female,3.6,6.4,1.6,3.8,85.7,Yes,Yes,Low,100.0,68.0,2.59,Average
1290,22,Female,3.1,8.0,1.6,3.3,70.3,Yes,No,Medium,100.0,74.3,2.6,Average
1291,19,Male,1.7,5.1,4.8,4.3,89.3,Yes,Yes,Medium,90.9,41.6,1.51,Poor
1292,24,Female,2.1,6.9,2.2,2.7,81.9,Yes,Yes,High,88.7,64.1,2.56,Average
1293,20,Female,3.1,6.3,1.0,9.3,63.7,Yes,No,High,100.0,65.7,2.41,Average
1294,17,Female,3.9,,2.9,1.2,83.1,Yes,Yes,Medium,100.0,71.3,2.5,Average
1295,25,Female,5.7,7.5,3.2,2.8,65.1,Yes,Yes,High,100.0,86.4,3.6,Good
1296,21,Male,3.4,8.3,0.0,3.0,88.9,Yes,No,Low,100.0,78.0,2.77,Average
1297,19,Male,5.0,6.6,2.9,8.1,79.5,Yes,No,Medium,100.0,91.9,3.14,Average
1298,23,Female,5.1,,4.6,1.4,100.0,Yes,No,High,100.0,93.6,3.35,Good
1299,21,Male,3.2,7.1,3.8,4.9,92.7,Yes,No,Medium,100.0,75.6,2.94,Average
1300,17,Male,4.4,5.9,7.0,4.5,71.4,Yes,No,High,100.0,71.9,2.53,Average
1301,23,Female,3.1,6.7,5.3,,61.8,No,Yes,Low,99.4,55.0,2.12,Poor
1302,20,Male,5.5,6.6,5.6,6.5,74.4,Yes,Yes,High,100.0,79.1,3.37,Good
1303,23,Male,4.5,6.2,8.0,6.4,69.8,Yes,No,Low,100.0,70.0,3.0,Average
1304,25,Female,1.7,7.5,4.4,3.1,100.0,Yes,No,Low,100.0,60.8,2.2,Poor
1305,22,Male,3.7,7.3,3.3,4.4,81.9,Yes,No,Medium,100.0,82.6,2.85,Average
1306,23,Male,6.0,5.1,4.8,0.3,91.3,Yes,No,High,100.0,93.4,3.53,Good
1307,19,Female,3.2,5.0,2.0,4.2,79.1,Yes,No,Medium,100.0,73.5,3.17,Average
1308,19,Male,4.2,7.5,3.2,2.4,80.2,Yes,No,Medium,100.0,65.4,2.93,Average
1309,20,Male,4.3,6.0,1.8,3.6,81.7,Yes,No,Low,100.0,87.9,3.64,Good
1310,24,Male,1.9,7.4,3.7,,93.1,Yes,No,Low,100.0,57.9,2.74,Average
1311,21,Female,4.3,,1.8,4.8,85.1,Yes,Yes,Low,100.0,72.8,3.52,Good
1312,20,Male,1.4,5.5,1.8,0.6,71.4,Yes,Yes,High,89.0,66.8,2.5,Average
1313,24,Male,2.6,5.3,3.7,4.3,98.2,Yes,No,Low,100.0,74.8,3.51,Good
1314,24,Male,5.1,9.0,2.8,1.5,79.1,Yes,No,Medium,100.0,92.3,3.6,Good
1315,25,Male,4.0,7.4,0.0,2.3,77.4,Yes,Yes,Medium,100.0,83.0,3.68,Good
1316,19,Female,3.0,6.5,0.4,6.3,53.7,Yes,No,Medium,89.8,61.8,2.72,Average
1317,23,Male,4.2,5.9,0.9,5.2,88.3,Yes,No,Medium,100.0,80.6,2.53,Average
1318,22,Female,3.4,6.4,1.4,6.3,83.0,Yes,No,Low,87.4,80.4,2.88,Average
1319,21,Male,3.5,5.6,3.7,7.1,83.0,Yes,No,Medium,100.0,80.6,2.8,Average
1320,20,Male,4.5,8.1,3.4,2.5,78.0,Yes,No,Medium,100.0,77.5,2.48,Average
1321,18,Female,2.4,6.1,4.9,7.0,76.2,Yes,Yes,Low,96.3,75.2,3.31,Good
1322,19,Male,3.6,8.3,4.4,1.1,78.3,Yes,No,Medium,92.7,67.8,3.44,Good
1323,21,Male,3.0,6.5,4.9,5.5,86.6,Yes,Yes,Low,100.0,56.0,2.15,Poor
1324,24,Female,1.1,5.7,4.1,3.0,88.4,Yes,No,High,78.7,40.0,1.9,Poor
1325,24,Male,2.1,6.5,3.4,2.1,79.7,Yes,No,High,81.7,46.3,2.37,Average
1326,18,Female,5.9,3.9,5.0,5.2,91.5,Yes,Yes,Low,100.0,88.1,3.6,Good
1327,23,Female,4.1,6.9,4.7,5.9,81.2,Yes,No,Medium,100.0,72.2,2.88,Average
1328,17,Male,1.5,6.8,3.7,5.8,77.0,Yes,No,Medium,80.2,59.0,2.27,Average
1329,23,Male,1.2,8.0,5.3,4.4,84.0,Yes,No,High,87.2,50.7,2.22,Average
1330,20,Male,3.3,,0.0,4.3,68.4,Yes,No,Medium,100.0,77.3,3.4,Good
1331,21,Male,5.8,8.4,2.5,5.1,84.3,Yes,No,Medium,100.0,92.9,3.88,Good
1332,23,Male,3.2,8.0,2.4,4.6,66.6,Yes,No,Low,,65.5,2.77,Average
1333,20,Female,5.5,8.5,5.1,5.1,71.7,Yes,No,Low,100.0,76.6,3.04,Average
1334,24,Male,4.0,6.9,5.8,4.4,61.8,Yes,No,Medium,100.0,76.5,2.5,Average
1335,21,Female,4.2,8.2,0.4,5.7,80.2,Yes,Yes,Medium,100.0,68.9,3.07,Average
1336,25,Male,1.5,5.2,5.5,0.7,98.1,Yes,Yes,High,83.5,60.4,1.97,Poor
1337,22,Male,4.9,7.9,0.9,3.7,80.8,Yes,No,High,100.0,84.8,3.61,Good
1338,19,Male,3.0,6.1,0.9,1.2,88.4,Yes,No,Medium,,79.8,3.46,Good
1339,23,Female,4.8,5.0,2.6,4.6,100.0,Yes,Yes,Medium,100.0,89.3,3.17,Average
1340,20,Male,2.3,5.7,2.4,7.3,86.0,Yes,No,High,87.3,64.8,2.38,Average
1341,21,Male,3.8,7.0,0.2,3.1,74.3,Yes,No,High,100.0,73.7,3.69,Good
1342,18,Female,4.0,6.0,4.2,4.3,75.7,No,No,High,100.0,83.6,3.32,Good
1343,18,Female,3.3,7.5,4.2,,82.0,Yes,Yes,High,99.7,68.5,2.31,Average
1344,22,Male,4.1,4.8,4.9,0.0,75.7,Yes,No,Medium,,87.8,3.79,Good
1345,18,Female,3.1,4.4,2.2,3.0,76.4,Yes,Yes,Medium,100.0,70.4,2.55,Average
1346,25,Male,2.5,8.6,2.9,4.7,91.9,Yes,No,Medium,100.0,68.1,2.05,Poor
1347,24,Male,5.9,8.1,2.9,0.0,92.3,Yes,Yes,Low,100.0,94.0,3.94,Good
1348,23,Male,5.1,5.7,6.0,2.0,65.5,Yes,No,Medium,100.0,79.0,2.84,Average
1349,23,Male,2.4,7.0,0.0,6.2,73.8,Yes,No,Medium,87.4,60.0,2.51,Average
1350,22,Male,4.4,8.2,1.3,6.0,77.4,Yes,Yes,Medium,100.0,81.1,2.96,Average
1351,17,Female,2.4,7.5,3.0,4.7,88.0,Yes,No,Low,100.0,65.4,2.86,Average
1352,20,Male,1.7,7.2,1.0,5.8,93.4,Yes,No,Medium,97.9,67.5,2.76,Average
1353,21,Female,5.1,8.3,2.5,4.4,100.0,Yes,No,Medium,,94.4,2.87,Average
1354,25,Female,0.9,6.1,2.8,5.1,77.3,Yes,No,Medium,87.6,53.7,2.28,Average
1355,18,Female,4.9,7.0,1.8,3.4,77.8,Yes,No,Low,100.0,84.4,3.27,Good
1356,21,Female,3.1,7.0,3.1,4.2,87.9,No,No,Medium,100.0,83.6,3.84,Good
1357,20,Female,3.2,6.7,4.1,2.7,75.2,No,No,Low,99.9,69.0,2.9,Average
1358,18,Female,4.1,6.5,2.6,6.5,80.6,Yes,No,Medium,100.0,98.1,4.0,Good
1359,17,Male,4.4,7.1,2.2,7.0,77.8,Yes,No,Medium,100.0,79.3,2.93,Average
1360,20,Male,2.3,7.0,2.7,6.8,55.8,Yes,No,High,74.8,61.2,2.17,Poor
1361,17,Male,4.6,5.7,3.0,3.2,83.2,Yes,Yes,Medium,100.0,75.5,3.01,Average
1362,17,Female,3.7,8.0,0.0,2.1,80.2,Yes,No,Medium,100.0,88.6,3.42,Good
1363,20,Male,1.6,5.8,3.8,6.6,94.7,Yes,Yes,High,78.7,54.7,2.66,Average
1364,18,Female,3.2,6.7,2.2,5.1,82.1,Yes,Yes,Medium,98.4,75.0,2.95,Average
1365,21,Male,5.6,6.6,5.3,4.7,69.5,Yes,No,High,100.0,78.9,2.73,Average
1366,17,Female,6.0,7.4,4.1,2.7,79.4,Yes,No,Low,100.0,93.4,3.45,Good
1367,19,Male,4.6,4.5,5.1,4.9,61.1,Yes,Yes,Medium,100.0,68.5,3.08,Average
1368,21,Male,1.7,8.1,1.2,1.8,69.9,Yes,No,Low,72.2,50.1,1.95,Poor
1369,25,Male,4.2,6.2,2.3,5.3,88.4,Yes,No,Medium,100.0,79.1,3.09,Average
1370,22,Male,4.8,8.5,0.8,6.8,79.5,Yes,No,High,100.0,97.2,4.0,Good
1371,24,Male,4.6,6.4,1.7,7.3,91.2,No,No,Medium,100.0,89.8,3.27,Good
1372,20,Male,4.7,,5.3,5.4,62.3,No,Yes,Medium,100.0,61.0,1.66,Poor
1373,21,Male,4.0,9.3,5.7,1.2,79.6,Yes,Yes,Medium,100.0,80.5,2.92,Average
1374,20,Male,3.4,6.7,0.9,4.4,77.2,Yes,No,High,100.0,65.6,2.71,Average
1375,24,Male,2.6,8.5,2.2,8.3,91.6,Yes,Yes,Medium,100.0,75.4,2.93,Average
1376,25,Male,0.7,7.0,2.9,2.3,88.7,Yes,No,Medium,76.2,56.4,1.71,Poor
1377,25,Male,4.0,7.5,4.1,3.9,88.4,Yes,No,High,100.0,81.9,3.63,Good
1378,23,Male,3.8,7.1,0.0,6.8,97.4,Yes,No,Medium,100.0,99.2,4.0,Good
1379,21,Male,4.3,8.0,0.1,5.2,78.3,Yes,No,Medium,100.0,75.3,3.15,Average
1380,21,Male,1.5,6.2,3.9,9.0,95.4,Yes,No,Low,100.0,64.4,2.72,Average
1381,25,Male,4.5,5.8,0.0,2.5,71.6,Yes,No,Low,100.0,90.9,3.18,Average
1382,19,Female,6.6,6.2,2.2,2.0,71.2,Yes,Yes,High,100.0,89.1,3.67,Good
1383,20,Female,3.6,7.1,3.3,6.4,89.5,Yes,No,Medium,92.7,69.4,3.09,Average
1384,25,Female,3.4,6.7,3.7,1.6,67.0,Yes,Yes,High,88.8,62.8,2.91,Average
1385,20,Male,4.0,,2.7,3.6,87.7,Yes,No,Low,100.0,80.9,3.49,Good
1386,19,Female,6.5,8.6,2.3,3.9,83.0,Yes,No,Medium,100.0,86.6,3.65,Good
1387,22,Male,2.0,5.8,4.5,6.1,92.7,Yes,No,Medium,84.2,65.8,2.02,Poor
1388,19,Female,3.8,6.1,3.5,5.2,81.4,Yes,No,Medium,100.0,62.4,2.49,Average
1389,25,Female,2.3,5.3,1.8,,82.6,Yes,No,Medium,100.0,74.9,2.66,Average
1390,25,Female,2.7,9.4,3.1,3.2,87.1,Yes,Yes,Medium,100.0,71.4,3.31,Good
1391,19,Female,3.4,7.4,3.7,6.4,75.4,Yes,No,Medium,100.0,83.6,3.74,Good
1392,21,Male,5.5,7.6,6.1,12.1,74.9,Yes,Yes,High,100.0,86.6,3.13,Average
1393,25,Female,6.2,5.4,4.4,5.4,86.7,Yes,No,Medium,100.0,90.9,3.62,Good
1394,23,Female,4.2,7.0,5.2,4.2,81.7,Yes,No,Medium,100.0,67.8,2.8,Average
1395,18,Male,2.9,7.6,1.9,1.4,77.9,Yes,No,Medium,83.7,69.8,3.11,Average
1396,22,Female,7.2,6.7,2.1,2.7,81.2,Yes,No,Medium,100.0,100.0,3.41,Good
1397,22,Male,2.9,,2.6,3.6,97.9,Yes,Yes,Low,100.0,82.8,2.54,Average
1398,22,Female,2.6,9.8,2.7,2.9,77.6,Yes,No,High,87.8,56.8,2.28,Average
1399,17,Female,0.8,5.9,1.2,4.0,77.3,No,Yes,Low,80.8,68.1,1.84,Poor
1400,19,Male,5.6,5.8,5.3,7.6,64.9,Yes,No,Low,100.0,89.8,3.65,Good
1401,24,Female,5.0,5.9,4.6,6.5,81.6,No,No,Medium,,79.7,3.39,Good
1402,19,Male,7.1,8.9,2.4,3.7,88.6,Yes,Yes,Low,100.0,100.0,4.0,Good
1403,19,Female,1.4,8.3,4.2,1.6,90.4,Yes,Yes,Low,88.6,50.5,1.8,Poor
1404,19,Female,5.7,6.8,3.4,6.7,83.1,Yes,No,Low,100.0,91.1,3.7,Good
1405,18,Female,3.6,7.0,4.3,3.9,91.6,Yes,Yes,Low,100.0,64.2,2.8,Average
1406,18,Female,4.7,6.0,0.6,0.5,89.3,Yes,No,Medium,100.0,100.0,3.59,Good
1407,20,Male,1.0,8.1,2.7,5.4,93.1,Yes,No,High,100.0,43.5,2.06,Poor
1408,24,Male,5.7,6.5,2.9,6.1,91.8,Yes,No,Medium,100.0,81.9,3.37,Good
1409,17,Male,4.7,6.7,4.1,,97.7,Yes,No,Medium,100.0,80.4,3.0,Average
1410,19,Male,3.4,7.7,1.9,,80.3,Yes,No,Medium,100.0,83.4,3.39,Good
1411,17,Male,4.5,6.8,0.0,,68.7,Yes,No,Medium,100.0,87.4,3.45,Good
1412,22,Male,2.4,6.7,1.1,5.5,88.6,Yes,No,Medium,87.9,69.2,3.04,Average
1413,19,Male,2.6,7.0,2.9,3.0,89.8,Yes,Yes,Medium,99.4,76.3,2.93,Average
1414,24,Male,2.8,8.0,3.1,2.3,97.7,Yes,Yes,Medium,100.0,71.0,2.92,Average
1415,22,Female,0.7,9.0,6.0,5.5,94.8,Yes,No,Medium,87.3,53.3,1.91,Poor
1416,24,Male,4.8,7.7,4.0,3.1,100.0,Yes,No,Low,100.0,100.0,3.67,Good
1417,22,Female,5.3,8.0,3.1,5.1,88.2,Yes,No,High,100.0,86.5,3.52,Good
1418,20,Male,2.4,6.8,2.9,1.8,84.3,Yes,Yes,High,100.0,58.5,2.03,Poor
1419,24,Male,4.0,6.2,5.0,1.3,68.2,No,No,High,100.0,72.3,3.17,Average
1420,21,Male,3.1,7.8,1.9,5.5,85.1,Yes,No,Low,100.0,77.6,3.31,Good
1421,25,Male,4.0,7.2,2.7,4.5,76.5,Yes,No,High,100.0,75.5,2.75,Average
1422,25,Male,2.6,5.3,1.0,5.8,84.1,Yes,Yes,Medium,100.0,76.4,3.13,Average
1423,22,Male,2.2,6.6,5.6,2.9,82.5,Yes,Yes,Low,100.0,56.3,1.98,Poor
1424,23,Male,5.1,6.9,3.7,2.4,86.7,Yes,No,High,100.0,86.4,2.9,Average
1425,19,Male,3.4,6.4,1.7,6.7,81.0,Yes,No,High,100.0,76.0,2.83,Average
1426,24,Female,6.5,8.8,2.8,1.0,91.4,Yes,Yes,Low,100.0,100.0,3.98,Good
1427,23,Male,3.6,7.6,3.9,6.5,54.8,No,Yes,High,88.5,74.8,3.17,Average
1428,25,Female,2.1,8.6,2.5,6.6,83.9,Yes,No,Low,92.1,65.4,2.67,Average
1429,19,Male,5.3,7.3,2.0,5.7,94.0,Yes,No,Medium,100.0,90.1,3.92,Good
1430,24,Female,4.4,7.1,1.8,2.6,100.0,Yes,No,Low,,92.1,3.34,Good
1431,21,Female,4.6,5.9,3.6,2.4,89.3,Yes,No,Low,100.0,90.6,3.49,Good
1432,18,Female,5.3,7.0,2.4,3.6,98.8,Yes,Yes,High,100.0,99.5,4.0,Good
1433,18,Female,2.5,7.0,2.2,1.4,83.7,Yes,Yes,Medium,84.8,71.9,2.2,Average
1434,22,Male,3.3,5.4,0.6,2.1,82.0,Yes,No,Medium,,62.3,2.33,Average
1435,19,Female,3.2,6.4,3.1,5.3,87.3,No,No,High,100.0,51.8,1.7,Poor
1436,17,Male,1.6,6.6,2.7,5.3,82.0,Yes,No,High,80.0,67.4,2.63,Average
1437,20,Female,3.1,7.5,2.4,1.9,74.2,Yes,No,High,88.1,70.7,2.68,Average
1438,22,Female,5.5,7.6,3.4,5.4,76.8,Yes,Yes,High,100.0,85.7,3.64,Good
1439,19,Male,3.9,6.3,4.3,4.9,70.9,Yes,Yes,High,99.3,74.7,3.08,Average
1440,25,Female,1.5,,4.3,7.0,87.3,Yes,No,Medium,89.8,71.4,2.4,Average
1441,24,Male,1.2,6.8,4.0,5.1,82.1,Yes,Yes,Medium,78.3,63.4,2.33,Average
1442,21,Female,6.0,3.6,2.6,6.1,78.4,Yes,Yes,High,100.0,99.3,3.97,Good
1443,25,Female,3.4,6.4,2.0,5.0,76.3,No,No,Low,100.0,63.6,2.8,Average
1444,20,Male,2.5,8.3,1.1,,87.1,Yes,No,Low,100.0,63.0,3.37,Good
1445,18,Female,3.1,5.0,1.9,,89.8,Yes,No,Medium,100.0,54.2,2.41,Average
1446,17,Female,1.3,7.1,3.0,3.8,70.7,Yes,No,Medium,,55.5,1.87,Poor
1447,25,Male,5.6,8.9,1.6,3.9,69.1,Yes,Yes,Medium,100.0,95.8,3.8,Good
1448,25,Male,2.9,6.1,3.2,3.5,91.5,Yes,No,High,100.0,80.1,3.27,Good
1449,23,Male,5.6,7.0,1.3,4.9,68.2,Yes,No,Medium,100.0,91.8,3.49,Good
1450,17,Female,3.6,5.4,0.0,5.3,87.5,Yes,Yes,Medium,100.0,78.0,3.28,Good
1451,19,Male,5.6,9.0,4.5,4.8,98.2,Yes,No,Medium,100.0,88.3,2.74,Average
1452,17,Female,3.9,6.9,2.1,3.6,98.2,Yes,No,Medium,99.2,75.6,3.22,Good
1453,17,Female,4.8,7.1,1.5,,89.4,Yes,No,Low,100.0,86.0,3.27,Good
1454,19,Male,4.6,8.6,1.0,6.2,89.1,Yes,No,Low,100.0,78.4,3.1,Average
1455,22,Male,4.4,7.8,3.8,4.7,100.0,Yes,No,Medium,,98.9,4.0,Good
1456,17,Female,4.0,,5.5,,58.7,Yes,No,Medium,94.3,54.1,1.72,Poor
1457,25,Female,3.2,6.2,2.3,3.6,77.4,Yes,Yes,Medium,89.5,67.3,2.79,Average
1458,21,Male,6.4,7.6,2.6,0.5,90.5,Yes,No,Medium,100.0,83.2,3.61,Good
1459,19,Male,2.1,6.3,4.9,4.1,78.6,Yes,No,Low,85.3,59.6,2.44,Average
1460,21,Male,3.5,4.5,0.0,3.6,94.4,Yes,No,Medium,95.3,81.1,2.68,Average
1461,24,Female,3.5,6.9,6.5,2.9,81.6,Yes,No,Medium,100.0,64.1,3.04,Average
1462,19,Male,4.1,5.2,7.4,7.2,83.3,Yes,No,Medium,100.0,63.4,2.46,Average
1463,17,Female,2.9,8.9,0.0,,79.3,Yes,Yes,High,99.1,70.6,2.64,Average
1464,17,Male,4.0,7.2,2.8,5.4,76.8,Yes,No,Medium,100.0,70.1,2.69,Average
1465,24,Female,3.2,5.9,1.7,8.4,76.5,Yes,No,Low,100.0,69.1,2.63,Average
1466,18,Male,1.1,6.2,2.5,6.2,84.7,Yes,No,Medium,97.3,70.5,2.41,Average
1467,22,Male,3.5,4.7,2.2,3.9,74.3,Yes,No,Low,88.7,72.1,2.94,Average
1468,20,Female,1.8,5.7,4.5,1.7,91.5,Yes,No,Low,79.5,64.4,2.37,Average
1469,23,Female,0.9,8.2,2.8,1.3,88.5,No,No,Medium,78.1,50.3,2.25,Average
1470,17,Male,3.7,9.7,1.4,3.2,93.0,Yes,Yes,Low,100.0,73.9,3.14,Average
1471,25,Male,4.2,7.9,2.7,2.6,70.7,Yes,No,Medium,100.0,74.4,3.54,Good
1472,23,Male,4.3,6.9,3.9,2.6,65.0,Yes,No,High,100.0,91.2,3.57,Good
1473,21,Male,4.4,6.5,0.9,3.3,82.0,Yes,No,Medium,100.0,79.9,2.91,Average
1474,18,Male,0.6,5.9,0.0,3.8,100.0,Yes,Yes,High,88.8,62.6,1.99,Poor
1475,25,Female,1.5,9.5,6.6,,94.7,Yes,No,High,98.1,48.3,2.7,Average
1476,19,Male,6.5,6.8,1.8,1.5,76.5,Yes,No,Medium,100.0,73.6,3.18,Average
1477,21,Female,1.9,9.5,2.8,2.6,86.2,Yes,No,Medium,93.9,55.2,1.96,Poor
1478,20,Male,4.4,8.7,2.3,3.7,89.3,Yes,No,Medium,100.0,100.0,4.0,Good
1479,19,Male,2.5,4.9,4.0,3.6,68.3,Yes,Yes,Medium,81.7,62.5,2.97,Average
1480,20,Female,3.6,6.2,6.2,,95.7,Yes,No,Medium,100.0,86.3,2.98,Average
1481,18,Male,2.6,,4.0,,80.3,Yes,No,Low,96.1,59.7,2.12,Poor
1482,17,Female,4.3,6.9,0.3,0.8,81.1,Yes,No,Low,100.0,63.9,2.51,Average
1483,19,Male,3.7,6.9,0.5,4.8,82.2,Yes,No,High,95.5,68.8,2.38,Average
1484,18,Female,2.8,10.0,2.3,5.1,93.4,No,Yes,Low,100.0,75.1,2.97,Average
1485,20,Female,1.9,5.7,2.5,3.7,74.4,Yes,No,Medium,80.3,59.6,2.63,Average
1486,24,Female,3.9,7.3,0.0,1.6,64.9,Yes,No,High,94.3,73.9,2.47,Average
1487,18,Male,1.7,7.7,4.5,7.5,85.2,Yes,No,Medium,84.6,52.3,2.2,Poor
1488,17,Male,4.1,7.0,1.0,1.9,61.6,Yes,No,Medium,94.8,80.6,3.63,Good
1489,17,Male,7.4,7.1,5.7,5.3,79.0,No,No,Low,100.0,94.6,3.92,Good
1490,21,Female,5.5,5.7,6.3,4.4,93.9,Yes,No,High,100.0,90.1,3.58,Good
1491,19,Male,4.6,7.1,2.6,5.2,87.8,Yes,No,Medium,100.0,85.1,3.17,Average
1492,21,Male,3.4,7.6,3.8,7.4,92.4,Yes,Yes,Medium,100.0,70.7,3.12,Average
1493,17,Male,0.6,7.4,0.8,5.1,88.2,Yes,Yes,High,77.1,47.4,1.48,Poor
1494,19,Male,1.5,7.7,4.1,2.9,100.0,Yes,No,Low,100.0,57.5,2.39,Average
1495,20,Male,5.4,8.7,2.1,6.2,76.1,Yes,Yes,Medium,,100.0,4.0,Good
1496,20,Male,2.3,8.1,1.0,,86.0,Yes,No,Low,100.0,76.0,3.43,Good
1497,21,Male,2.5,7.1,2.5,4.3,77.6,Yes,Yes,Low,100.0,71.2,2.64,Average
1498,24,Female,3.3,5.6,2.2,1.4,91.6,Yes,Yes,Medium,100.0,68.5,2.57,Average
1499,21,Male,1.9,6.3,2.4,1.9,81.4,Yes,No,Medium,88.3,48.6,1.51,Poor
1500,24,Male,1.7,6.7,4.7,4.1,99.2,Yes,No,Medium,100.0,69.7,2.94,Average
1117,25,Female,3.3,9.3,2.9,5.3,76.7,Yes,Yes,High,100.0,51.6,1.78,Poor
1369,25,Male,4.2,6.2,2.3,5.3,88.4,Yes,No,Medium,100.0,79.1,3.09,Average
423,23,Male,5.8,5.8,4.2,0.7,80.1,Yes,No,Medium,100.0,90.5,2.94,Average
414,18,Male,2.9,7.7,5.6,4.4,78.3,Yes,No,Low,100.0,60.4,2.35,Average
452,25,Female,0.7,8.7,0.4,5.2,96.7,Yes,No,Low,100.0,74.6,3.4,Good
862,25,Female,3.8,6.1,1.4,2.8,94.8,Yes,Yes,Medium,100.0,75.7,3.24,Good
1064,23,Male,5.9,8.9,1.8,5.0,67.9,Yes,No,Medium,100.0,83.3,3.58,Good
742,23,Female,5.4,4.4,0.3,3.2,81.3,Yes,No,Low,100.0,93.5,3.85,Good
1273,25,Male,5.1,8.2,3.3,3.5,83.7,Yes,No,Medium,100.0,89.0,3.52,Good
260,22,Male,0.6,6.0,4.6,3.6,85.9,No,Yes,Medium,75.7,59.6,1.65,Poor
889,17,Male,3.7,5.0,6.3,1.6,65.0,Yes,No,High,100.0,71.4,3.24,Good
1433,18,Female,2.5,7.0,2.2,1.4,83.7,Yes,Yes,Medium,84.8,71.9,2.2,Average
713,23,Male,3.5,7.9,4.0,3.1,69.2,No,Yes,Low,100.0,45.3,1.11,Poor
1383,20,Female,3.6,7.1,3.3,6.4,89.5,Yes,No,Medium,92.7,69.4,3.09,Average
71,24,Male,15.0,6.5,4.6,5.0,86.8,Yes,No,Medium,100.0,83.8,3.57,Good
1269,25,Female,5.6,6.6,7.7,2.4,74.5,Yes,No,Medium,100.0,67.6,2.75,Average
1492,21,Male,3.4,7.6,3.8,7.4,92.4,Yes,Yes,Medium,100.0,70.7,3.12,Average
608,21,Male,0.6,9.5,2.7,0.4,79.4,Yes,No,Medium,92.2,68.5,2.86,Average
434,18,Male,3.5,6.9,4.7,3.2,92.5,Yes,No,Medium,,80.6,3.84,Good
52,18,Male,3.4,6.2,5.6,3.7,80.3,No,Yes,Medium,100.0,81.8,3.07,Average
1200,22,Female,2.8,6.5,4.3,8.1,81.8,Yes,No,High,94.4,66.4,2.36,Average
1129,22,Female,2.5,8.5,4.8,6.3,63.4,Yes,No,Low,90.9,57.0,2.28,Average
