Pokedex_Number,Pokemon_Name,Generation,Type_1,Type_2,Ability_1,Ability_2,Hidden_Ability,HP,Attack,Defense,Special_Attack,Special_Defense,Speed,BST,Sub_Class,Stage
1,Bulbasaur,1,Grass,Poison,Overgrow,,Chlorophyll,45,49,49,65,65,45,318,Starter,1
2,Ivysaur,1,Grass,Poison,Overgrow,,Chlorophyll,60,62,63,80,80,60,405,Starter,2
3,Venusaur,1,Grass,Poison,Overgrow,,Chlorophyll,80,82,83,100,100,80,525,Starter,3
4,Mega_Venusaur,6,Grass,Poison,Thick_Fat,,,80,100,123,122,120,80,625,Starter_Mega_Evolution,3
5,Charmander,1,Fire,,Blaze,,Solar_Power,39,52,43,60,50,65,309,Starter,1
6,Charmeleon,1,Fire,,Blaze,,Solar_Power,58,64,58,80,65,80,405,Starter,2
7,Charizard,1,Fire,Flying,Blaze,,Solar_Power,78,84,78,109,85,100,534,Starter,3
8,Mega_Charizard_X,6,Fire,Dragon,Tough_Claws,,,78,130,111,130,85,100,634,Starter_Mega_Evolution,3
9,Mega_Charizard_Y,6,Fire,Flying,Drought,,,78,104,78,159,115,100,634,Starter_Mega_Evolution,3
10,Squirtle,1,Water,,Torrent,,Rain_Dish,44,48,65,50,64,43,314,Starter,1
11,Wartortle,1,Water,,Torrent,,Rain_Dish,59,63,80,65,80,58,405,Starter,2
12,Blastoise,1,Water,,Torrent,,Rain_Dish,79,83,100,85,105,78,530,Starter,3
13,Mega_Blastoise,1,Water,,Mega_Launcher,,,79,103,120,135,115,78,630,Starter_Mega_Evolution,3
14,Caterpie,1,Bug,,Shield_Dust,,Run_Away,45,30,35,20,20,45,195,Basic,1
15,Metapod,1,Bug,,Shed_Skin,,,50,20,55,25,25,30,205,Basic,2
16,Butterfree,1,Bug,Flying,Compound_Eyes,,Tinted_Lens,60,45,50,90,80,70,395,Basic,3
17,Weedle,1,Bug,Poison,Shield_Dust,,Run_Away,40,35,30,20,20,50,195,Basic,1
18,Kakuna,1,Bug,Poison,Shed_Skin,,,45,25,50,25,25,35,205,Basic,2
19,Beedrill,1,Bug,Poison,Swarm,,Sniper,65,90,40,45,80,75,395,Basic,3
20,Mega_Beedrill,6,Bug,Poison,Adaptability,,,65,150,40,15,80,145,495,Mega_Evolution,3
21,Pidgey,1,Normal,Flying,Keen_Eye,Tangled_Feet,Big Pecks,40,45,40,35,35,56,251,Basic,1
22,Pidgeotto,1,Normal,Flying,Keen_Eye,Tangled_Feet,Big Pecks,63,60,55,50,50,71,349,Basic,2
23,Pidgeot,1,Normal,Flying,Keen_Eye,Tangled_Feet,Big Pecks,83,80,75,70,70,101,479,Basic,3
24,Mega_Pidgeot,6,Normal,Flying,No_Guard,,,83,80,80,135,80,121,579,Mega_Evolution,3
25,Rattata,1,Normal,,Run_Away,Guts,Hustle,30,56,35,25,35,72,253,Basic,1
26,Raticate,1,Normal,,Run_Away,Guts,Hustle,55,81,60,50,70,97,413,Basic,2
27,Alolan_Rattata,7,Dark,Normal,Gluttony,Hustle,Thick_Fat,30,56,35,25,35,72,253,Regional_Variant,1
28,Alolan_Raticate,7,Dark,Normal,Gluttony,Hustle,Thick_Fat,75,71,70,40,80,77,413,Regional_Variant,2
29,Spearow,1,Normal,Flying,Keen_Eye,,Sniper,40,60,30,31,31,70,262,Basic,1
30,Fearow,1,Normal,Flying,Keen_Eye,,Sniper,65,90,65,61,61,100,442,Basic,2
31,Ekans,1,Poison,,Intimidate,Shed_Skin,Unnerve,35,60,44,40,54,55,288,Basic,1
32,Arbok,1,Poison,,Intimidate,Shed_Skin,Unnerve,60,95,69,65,79,80,448,Basic,2
33,Pichu,2,Electric,,Static,,Lightning_Rod,20,40,15,35,35,60,205,Baby,1
34,Pikachu,1,Electric,,Static,,Lightning_Rod,35,55,40,50,50,90,320,Basic,2
35,Raichu,1,Electric,,Static,,Lightning_Rod,60,90,55,90,80,110,485,Basic,3
36,Partner_Pikachu,7,Electric,,,,,45,80,50,75,60,120,430,Special,1
37,Alolan_Raichu,7,Electric,Psychic,Surge_Surfer,,,60,85,50,95,85,110,485,Basic,3
38,Mega_Raichu_X,9,Electric,,Electric_Surge,,,60,135,95,90,95,110,585,Mega_Evolution,3
39,Mega_Raichu_Y,9,Electric,,No_Guard,,,60,100,55,160,80,130,585,Mega_Evolution,3
40,Sandshrew,1,Ground,,Sand_Veil,,Sand_Rush,50,75,85,20,30,40,300,Basic,1
41,Sandslash,1,Ground,,Sand_Veil,,Sand_Rush,75,100,110,45,55,65,450,Basic,2
42,Alolan_Sandshrew,7,Ice,Steel,Snow_Cloak,,Slush_Rush,50,75,90,10,35,40,300,Regional_Variant,1
43,Alolan_Sandslash,7,Ice,Steel,Snow_Cloak,,Slush_Rush,75,100,120,25,65,65,450,Regional_Variant,2
44,Nidoran_F,1,Poison,,Poison_Point,Rivalry,Hustle,55,47,52,40,40,41,275,Basic,1
45,Nidorina,1,Poison,,Poison_Point,Rivalry,Hustle,70,62,67,55,55,56,365,Basic,2
46,Nidoqueen,1,Poison,Ground,Poison_Point,Rivalry,Sheer_Force,90,92,87,75,85,76,505,Basic,3
47,Nidoran_M,1,Poison,,Poison_Point,Rivalry,Hustle,46,57,40,40,40,50,273,Basic,1
48,Nidorino,1,Poison,,Poison_Point,Rivalry,Hustle,61,72,57,55,55,65,365,Basic,2
49,Nidoking,1,Poison,Ground,Poison_Point,Rivalry,Sheer_Force,81,102,77,85,75,85,505,Basic,3
50,Cleffa,2,Fairy,,Cute_Charm,Magic_Guard,Friend_Guard,50,25,28,45,55,15,218,Baby,1
51,Clefairy,1,Fairy,,Cute_Charm,Magic_Guard,Friend_Guard,70,45,48,60,65,35,323,Basic,2
52,Clefable,1,Fairy,,Cute_Charm,Magic_Guard,Unaware,95,70,73,95,90,60,483,Basic,3
53,Mega_Clefable,9,Fairy,Flying,Magic_Bounce,,,95,80,93,135,110,70,583,Mega_Evolution,3
54,Vulpix,1,Fire,,Flash_Fire,,Drought,38,41,40,50,65,65,299,Basic,1
55,Ninetails,1,Fire,,Flash_Fire,,Drought,73,76,75,81,100,100,505,Basic,2
56,Alolan_Vulpix,7,Ice,,Snow_Cloak,,Snow_Warning,38,41,40,50,65,65,299,Regional_Variant,1
57,Alolan_Ninetails,7,Ice,Fairy,Snow_Cloak,,Snow_Warning,73,67,75,81,100,109,505,Regional_Variant,2
58,Igglybuff,2,Normal,Fairy,Cute_Charm,Competitive,Friend_Guard,90,30,15,40,20,15,210,Baby,1
59,Jigglypuff,1,Normal,Fairy,Cute_Charm,Competitive,Friend_Guard,115,45,20,45,25,20,270,Basic,2
60,Wigglytuff,1,Normal,Fairy,Cute_Charm,Competitive,Frisk,140,70,45,85,50,45,435,Basic,3
61,Zubat,1,Poison,Flying,Inner_Focus,,Infiltrator,40,45,35,30,40,55,245,Basic,1
62,Golbat,1,Poison,Flying,Inner_Focus,,Infiltrator,75,80,70,65,75,90,455,Basic,2
63,Crobat,2,Poison,Flying,Inner_Focus,,Infiltrator,85,90,80,70,80,130,535,Basic,3
64,Oddish,1,Grass,Poison,Chlorophyll,,Run_Away,45,50,55,75,65,30,320,Basic,1
65,Gloom,1,Grass,Poison,Chlorophyll,,Stench,60,65,70,85,75,40,395,Basic,2
66,Vileplume,1,Grass,Poison,Chlorophyll,,Effect_Spore,75,80,85,110,90,50,490,Basic,3
67,Bellossom,2,Grass,,Chlorophyll,,Healer,75,80,95,90,100,50,490,Basic,3
68,Paras,1,Bug,Grass,Effect_Spore,Dry_Skin,Damp,35,70,55,45,55,25,285,Basic,1
69,Parasect,1,Bug,Grass,Effect_Spore,Dry_Skin,Damp,60,95,60,80,60,30,385,Basic,2
70,Venonat,1,Bug,Poison,Compound_Eyes,Tinted_Lens,Run_Away,60,55,50,40,55,45,305,Basic,1
71,Venomoth,1,Bug,Poison,Shield_Dust,Tinted_Lens,Wonder_Skin,70,65,60,90,75,90,450,Basic,2
72,Diglett,1,Ground,,Sand_Veil,Arena_Trap,Sand_Force,10,55,25,35,45,95,265,Basic,1
73,Dugtrio,1,Ground,,Sand_Veil,Arena_Trap,Sand_Force,35,100,50,50,70,120,425,Basic,2
74,Alolan_Diglett,7,Ground,Steel,Sand_Veil,Tangling_Hair,Sand_Force,10,55,30,35,45,90,265,Regional_Variant,1
75,Alolan_Dugtrio,7,Ground,Steel,Sand_Veil,Tangling_Hair,Sand_Force,35,100,60,50,70,110,425,Regional_Variant,2
76,Meowth,1,Normal,,Pickup,Technician,Unnerve,40,45,35,40,40,90,290,Basic,1
77,Persian,1,Normal,,Limber,Technician,Unnerve,65,70,60,65,65,115,440,Basic,2
78,Alolan_Meowth,7,Dark,,Pickup,Technician,Rattled,40,35,35,50,40,90,290,Regional_Variant,1
79,Alolan_Persian,7,Dark,,Fur_Coat,Technician,Rattled,65,60,60,75,65,115,440,Regional_Variant,2
80,Galarian_Meowth,8,Steel,,Pickup,Tough_Claws,Unnerve,50,65,55,40,40,40,290,Regional_Variant,1
81,Perrserker,8,Steel,,Battle_Armor,Tough_Claws,Steely_Spirit,70,110,100,50,60,50,440,Regional_Variant_Evolution,2
82,Psyduck,1,Water,,Damp,Cloud_Nine,Swift_Swim,50,52,48,65,50,55,320,Basic,1
83,Golduck,1,Water,,Damp,Cloud_Nine,Swift_Swim,80,82,78,95,80,85,500,Basic,2
84,Mankey,1,Fighting,,Vital_Spirit,Anger_Point,Defiant,40,80,35,35,45,70,305,Basic,1
85,Primeape,1,Fighting,,Vital_Spirit,Anger_Point,Defiant,65,105,60,60,70,95,455,Basic,2
86,Annihilape,9,Fighting,Ghost,Vital_Spirit,Inner_Focus,Defiant,110,115,80,50,90,90,535,Basic,3
87,Growlithe,1,Fire,,Intimidate,Flash_Fire,Justified,55,70,45,70,50,60,350,Basic,1
88,Arcanine,1,Fire,,Intimidate,Flash_Fire,Justified,90,110,80,100,80,95,555,Basic,2
89,Hisuian_Growlithe,8,Fire,Rock,Intimidate,Flash_Fire,Rock_Head,60,75,45,65,50,55,350,Regional_Variant,1
90,Hisuian_Arcanine,8,Fire,Rock,Intimidate,Flash_Fire,Rock_Head,95,115,80,95,80,90,555,Regional_Variant,2
91,Poliwag,1,Water,,Water_Absorb,Damp,Swift_Swim,40,50,40,40,40,90,300,Basic,1
92,Poliwhirl,1,Water,,Water_Absorb,Damp,Swift_Swim,65,65,65,50,50,90,385,Basic,2
93,Poliwrath,1,Water,Fighting,Water_Absorb,Damp,Swift_Swim,90,95,95,70,90,70,510,Basic,3
94,Politoed,2,Water,,Water_Absorb,Damp,Drizzle,90,75,75,90,100,70,500,Basic,3
95,Abra,1,Psychic,,Synchronize,Inner_Focus,Magic_Guard,25,20,15,105,55,90,310,Basic,1
96,Kadabra,1,Psychic,,Synchronize,Inner_Focus,Magic_Guard,40,35,30,120,70,105,400,Basic,2
97,Alakazam,1,Psychic,,Synchronize,Inner_Focus,Magic_Guard,55,50,45,135,95,120,500,Basic,3
98,Mega_Alakazam,6,Psychic,,Trace,,,55,50,65,175,105,150,600,Mega_Evolution,3
99,Machop,1,Fighting,,Guts,No_Guard,Steadfast,70,80,50,35,35,35,305,Basic,1
100,Machoke,1,Fighting,,Guts,No_Guard,Steadfast,80,100,70,50,60,45,405,Basic,2
101,Machamp,1,Fighting,,Guts,No_Guard,Steadfast,90,130,80,65,85,55,505,Basic,3
102,Bellsprout,1,Grass,Poison,Chlorophyll,,Gluttony,50,75,35,70,30,40,300,Basic,1
103,Weepinbell,1,Grass,Poison,Chlorophyll,,Gluttony,65,90,50,85,45,55,390,Basic,2
104,Victreebel,1,Grass,Poison,Chlorophyll,,Gluttony,80,105,65,100,70,70,490,Basic,3
105,Mega_Victreebel,9,Grass,Poison,Innards_Out,,,80,125,85,135,95,70,590,Mega_Evolution,3
106,Tentacool,1,Water,Poison,Clear_Body,Liquid_Ooze,Rain_Dish,40,40,35,50,100,70,335,Basic,1
107,Tentacruel,1,Water,Poison,Clear_Body,Liquid_Ooze,Rain_Dish,80,70,65,80,120,100,515,Basic,2
108,Geodude,1,Rock,Ground,Rock_Head,Sturdy,Sand_Veil,40,80,100,30,30,20,300,Basic,1
109,Graveler,1,Rock,Ground,Rock_Head,Sturdy,Sand_Veil,55,95,115,45,45,35,390,Basic,2
110,Golem,1,Rock,Ground,Rock_Head,Sturdy,Sand_Veil,80,120,130,55,65,45,495,Basic,3
111,Alolan_Geodude,7,Rock,Electric,Magnet_Pull,Sturdy,Galvanize,40,80,100,30,30,20,300,Regional_Variant,1
112,Alolan_Graveler,7,Rock,Electric,Magnet_Pull,Sturdy,Galvanize,55,95,115,45,45,35,390,Regional_Variant,2
113,Alolan_Golem,7,Rock,Electric,Magnet_Pull,Sturdy,Galvanize,80,120,130,55,65,45,495,Regional_Variant,3
114,Ponyta,1,Fire,,Run_Away,Flash_Fire,Flame_Body,50,85,55,65,65,90,410,Basic,1
115,Rapidash,1,Fire,,Run_Away,Flash_Fire,Flame_Body,65,100,70,80,80,105,500,Basic,2
116,Galarian_Ponyta,8,Psychic,,Run_Away,Pastel_Veil,Anticipation,50,85,55,65,65,90,410,Regional_Variant,1
117,Galarian_Rapidash,8,Psychic,Fairy,Run_Away,Pastel_Veil,Anticipation,65,100,70,80,80,105,500,Regional_Variant,2
118,Slowpoke,1,Water,Psychic,Oblivious,Own_Tempo,Regenerator,90,65,65,40,40,15,315,Basic,1
119,Slowbro,1,Water,Psychic,Oblivious,Own_Tempo,Regenerator,95,75,110,100,80,30,490,Basic,2
120,Slowking,2,Water,Psychic,Oblivious,Own_Tempo,Regenerator,95,75,80,100,110,30,490,Basic,2
121,Mega_Slowbro,6,Water,Psychic,Shell_Armor,,,95,75,180,130,80,30,590,Mega_Evolution,2
122,Galarian_Slowpoke,8,Psychic,,Gluttony,Own_Tempo,Regenerator,90,65,65,40,40,15,315,Regional_Variant,1
123,Galarian_Slowbro,8,Poison,Psychic,Quick_Draw,Own_Tempo,Regenerator,95,100,95,100,70,30,490,Regional_Variant,2
124,Galarian_Slowking,8,Poison,Psychic,Curious_Medicine,Own_Tempo,Regenerator,95,65,80,110,110,30,490,Regional_Variant,2
125,Magnemite,1,Electric,Steel,Magnet_Pull,Sturdy,Analytic,25,35,70,95,55,45,325,Basic,1
126,Magneton,1,Electric,Steel,Magnet_Pull,Sturdy,Analytic,50,60,95,120,70,70,465,Basic,2
127,Magnezone,4,Electric,Steel,Magnet_Pull,Sturdy,Analytic,70,70,115,130,90,60,535,Basic,3
128,Farfetch'd,1,Normal,Flying,Keen_Eye,Inner_Focus,Defiant,52,90,55,58,62,60,377,Basic,1
129,Galarian_Farfetch'd,8,Fighting,,Steadfast,,Scrappy,52,95,55,58,62,55,377,Regional_Variant,1
130,Sirfetch'd,8,Fighting,,Steadfast,,Scrappy,62,135,95,68,82,65,507,Regional_Variant_Evolution,2
131,Doduo,1,Normal,Flying,Run_Away,Early_Bird,Tangled_Feet,35,85,45,35,35,75,310,Basic,1
132,Dodrio,1,Normal,Flying,Run_Away,Early_Bird,Tangled_Feet,60,110,70,60,60,110,470,Basic,2
133,Seel,1,Water,,Thick_Fat,Hydration,Ice_Body,65,45,55,45,70,45,325,Basic,1
134,Dewgong,1,Water,Ice,Thick_Fat,Hydration,Ice_Body,90,70,80,70,95,70,475,Basic,2
135,Grimer,1,Poison,,Stench,Sticky_Hold,Poison_Touch,80,80,50,40,50,25,325,Basic,1
136,Muk,1,Poison,,Stench,Sticky_Hold,Poison_Touch,105,105,75,65,100,50,500,Basic,2
137,Alolan_Grimer,7,Poison,Dark,Poison_Touch,Gluttony,Power_Of_Alchemy,80,80,50,40,50,25,325,Regional_Variant,1
138,Alolan_Muk,7,Poison,Dark,Poison_Touch,Gluttony,Power_Of_Alchemy,105,105,75,65,100,50,500,Regional_Variant,2
139,Shellder,1,Water,,Shell_Armor,Skill_Link,Overcoat,30,65,100,45,25,40,305,Basic,1
140,Cloyster,1,Water,Ice,Shell_Armor,Skill_Link,Overcoat,50,95,180,85,45,70,525,Basic,2
141,Gastly,1,Ghost,Poison,Levitate,,,30,35,30,100,35,80,310,Basic,1
142,Haunter,1,Ghost,Poison,Levitate,,,45,50,45,115,55,95,405,Basic,2
143,Gengar,1,Ghost,Poison,Cursed_Body,,,60,65,60,130,75,110,500,Basic,3
144,Mega_Gengar,6,Ghost,Poison,Shadow_Tag,,,60,65,80,170,95,130,600,Basic,3
145,Onix,1,Rock,Ground,Rock_Head,Sturdy,Weak_Armor,35,45,160,30,45,70,385,Basic,1
146,Steelix,2,Steel,Ground,Rock_Head,Sturdy,Sheer_Force,75,85,200,55,65,30,510,Basic,2
147,Mega_Steelix,6,Steel,Ground,Sand_Force,,,75,125,230,55,95,30,610,Mega_Evolution,2
148,Drowzee,1,Psychic,,Insomnia,Forewarn,Inner_Focus,60,48,45,43,90,42,328,Basic,1
149,Hypno,1,Psychic,,Insomnia,Forewarn,Inner_Focus,85,73,70,73,115,67,483,Basic,2
150,Krabby,1,Water,,Hyper_Cutter,Shell_Armor,Sheer_Force,30,105,90,25,25,50,325,Basic,1
151,Kingler,1,Water,,Hyper_Cutter,Shell_Armor,Sheer_Force,55,130,115,50,50,75,475,Basic,2
152,Voltorb,1,Electric,,Soundproof,Static,Aftermath,40,30,50,55,55,100,330,Basic,1
153,Electrode,1,Electric,,Soundproof,Static,Aftermath,60,50,70,80,80,150,490,Basic,2
154,Hisuian_Voltorb,8,Electric,Grass,Soundproof,Static,Aftermath,40,30,50,55,55,100,330,Regional_Variant,1
155,Hisuian_Electrode,8,Electric,Grass,Soundproof,Static,Aftermath,60,50,70,80,80,150,490,Regional_Variant,2
156,Exeggcute,1,Grass,Psychic,Chlorophyll,,Harvest,60,40,80,60,45,40,325,Basic,1
157,Exeggcutor,1,Grass,Psychic,Chlorophyll,,Harvest,95,95,85,125,75,55,530,Basic,2
158,Alolan_Exeggcutor,7,Grass,Dragon,Frisk,,Harvest,95,105,85,125,75,45,530,Regional_Variant,2
159,Cubone,1,Ground,,Rock_Head,Lightning_Rod,Battle_Armor,50,50,95,40,50,35,320,Basic,1
160,Marowak,1,Ground,,Rock_Head,Lightning_Rod,Battle_Armor,60,80,110,50,80,45,425,Basic,2
161,Alolan_Marowak,7,Fire,Ghost,Cursed_Body,Lightning_Rod,Rock_Head,60,80,110,50,80,45,425,Regional_Variant,2
162,Tyrogue,2,Fighting,,Guts,Steadfast,Vital_Spirit,35,35,35,35,35,35,210,Baby,1
163,Hitmonlee,1,Fighting,,Limber,Reckless,Unburden,50,120,53,35,110,87,455,Basic,2
164,Hitmonchan,1,Fighting,,Keen_Eye,Iron_Fist,Inner_Focus,50,105,79,35,110,76,455,Basic,2
165,Hitmontop,2,Fighting,,Intimidate,Technician,Steadfast,50,95,95,35,110,70,455,Basic,2
166,Lickitung,1,Normal,,Own_Tempo,Oblivious,Cloud_Nine,90,55,75,60,75,30,385,Basic,1
167,Lickilicky,4,Normal,,Own_Tempo,Oblivious,Cloud_Nine,110,85,95,80,95,50,515,Basic,2
168,Koffing,1,Poison,,Levitate,Neutralizing_Gas,Stench,40,65,95,60,45,35,340,Basic,1
169,Weezing,1,Poison,,Levitate,Neutralizing_Gas,Stench,65,90,120,85,70,60,490,Basic,2
170,Galarian_Weezing,8,Poison,Fairy,Levitate,Neutralizing_Gas,Misty_Surge,65,90,120,85,70,60,490,Regional_Variant,2
171,Rhyhorn,1,Ground,Rock,Lightning_Rod,Rock_Head,Reckless,80,85,95,30,30,20,340,Basic,1
172,Rhydon,1,Ground,Rock,Lightning_Rod,Rock_Head,Reckless,105,130,120,45,45,40,485,Basic,2
173,Rhyperior,4,Ground,Rock,Lightning_Rod,Solid_Rock,Reckless,115,140,130,55,55,40,535,Basic,3
174,Happiny,4,Normal,,Natural_Cure,Serene_Grace,Friend_Guard,100,5,5,15,65,30,220,Baby,1
175,Chansey,1,Normal,,Natural_Cure,Serene_Grace,Healer,250,5,5,35,105,50,450,Basic,2
176,Blissey,2,Normal,,Natural_Cure,Serene_Grace,Healer,255,10,10,75,135,55,540,Basic,3
177,Tangela,1,Grass,,Chlorophyll,Leaf_Guard,Regenerator,65,55,115,100,40,60,435,Basic,1
178,Tangrowth,4,Grass,,Chlorophyll,Leaf_Guard,Regenerator,100,100,125,110,50,50,535,Basic,2
179,Kangaskhan,1,Normal,,Early_Bird,Scrappy,Inner_Focus,105,95,80,40,80,90,490,Basic,1
180,Mega_Kangaskhan,6,Normal,,Parental_Bond,,,105,125,100,60,100,100,590,Mega_Evolution,1
181,Horsea,1,Water,,Swift_Swim,Sniper,Damp,30,40,70,70,25,60,295,Basic,1
182,Seadra,1,Water,,Poison_Point,Sniper,Damp,55,65,95,95,45,85,440,Basic,2
183,Kingdra,2,Water,Dragon,Swift_Swim,Sniper,Damp,75,95,95,95,95,85,540,Basic,3
184,Goldeen,1,Water,,Swift_Swim,Water_Veil,Lightning_Rod,45,67,60,35,50,63,320,Basic,1
185,Seaking,1,Water,,Swift_Swim,Water_Veil,Lightning_Rod,80,92,65,65,80,68,450,Basic,2
186,Staryu,1,Water,,Illuminate,Natural_Cure,Analytic,30,45,55,70,55,85,340,Basic,1
187,Starmie,1,Water,,Illuminate,Natural_Cure,Analytic,60,75,85,100,85,115,520,Basic,2
188,Mega_Starmie,9,Water,Psychic,Huge_Power,,,60,100,105,130,105,120,620,Mega_Evolution,2
189,Mime_jr.,4,Psychic,Fairy,Soundproof,Filter,Technician,20,25,45,70,90,60,310,Baby,1
190,Mr._Mime,1,Psychic,Fairy,Soundproof,Filter,Technician,40,45,65,100,120,90,460,Basic,2
191,Galarian_Mr._Mime,8,Ice,Psychic,Vital_Spirit,Screen_Cleaner,Ice_Body,50,65,65,90,90,100,460,Regional_Variant,2
192,Mr._Rime,8,Ice,Psychic,Tangled_Feet,Screen_Cleaner,Ice_Body,80,85,75,110,100,70,520,Regional_Variant_Evolution,3
193,Scyther,1,Bug,Flying,Swarm,Technician,Steadfast,70,110,80,55,80,105,500,Basic,1
194,Scizor,2,Bug,Steel,Swarm,Technician,Light_Metal,70,130,100,55,80,65,500,Basic,2
195,Mega_Scizor,2,Bug,Steel,Technician,,,70,150,140,65,100,75,600,Mega_Evolution,2
196,Kleavor,8,Bug,Rock,Swarm,Sheer_Force,Sharpness,70,135,95,45,70,85,500,Basic,2
197,Smoochum,2,Ice,Psychic,Oblivious,Forewarn,Hydration,45,30,15,85,65,65,305,Baby,1
198,Jynx,1,Ice,Psychic,Oblivious,Forewarn,Dry_Skin,65,50,35,115,95,95,455,Basic,2
199,Elekid,2,Electric,,Static,,Vital_Spirit,45,63,37,65,55,95,360,Baby,1
200,Electabuzz,1,Electric,,Static,,Vital_Spirit,65,83,57,95,85,105,490,Basic,2
201,Electivire,4,Electric,,Motor_Drive,,Vital_Spirit,75,123,67,95,85,95,540,Basic,3
202,Magby,2,Fire,,Flame_Body,,Vital_Spirit,45,75,37,70,55,83,365,Baby,1
203,Magmar,1,Fire,,Flame_Body,,Vital_Spirit,65,95,57,100,85,93,495,Basic,2
204,Magmortar,4,Fire,,Flame_Body,,Vital_Spirit,75,95,67,125,95,83,540,Basic,3
205,Pinsir,1,Bug,,Hyper_Cutter,Mold_Breaker,Moxie,65,125,100,55,70,85,500,Basic,1
206,Mega_Pinsir,6,Bug,Flying,Aerilate,,,65,155,120,65,90,105,600,Mega_Evolution,1
207,Tauros,1,Normal,,Intimidate,Anger_Point,Sheer_Force,75,100,95,40,70,110,490,Basic,1
208,Combat_Breed_Tauros,9,Fighting,,Intimidate,Anger_Point,Cud_Chew,75,110,105,30,70,100,490,Basic,1
209,Aqua_Breed_Tauros,9,Fighting,Water,Intimidate,Anger_Point,Cud_Chew,75,110,105,30,70,100,490,Basic,1
210,Blaze_Breed_Tauros,9,Fighting,Fire,Intimidate,Anger_Point,Cud_Chew,75,110,105,30,70,100,490,Basic,1
211,Magikarp,1,Water,,Swift_Swim,,Rattled,20,10,55,15,20,80,200,Basic,1
212,Gyarados,1,Water,Flying,Intimidate,,Moxie,95,125,79,60,100,81,540,Basic,2
213,Mega_Gyarados,6,Water,Dark,Mold_Breaker,,,95,155,109,70,130,81,640,Mega_Evolution,2
214,Lapras,1,Water,Ice,Water_Absorb,Shell_Armor,Hydration,130,85,80,85,95,60,535,Basic,1
215,Ditto,1,Normal,,Limber,,Imposter,48,48,48,48,48,48,288,Basic,1
216,Eevee,1,Normal,,Run_Away,Adaptability,Anticipation,55,55,50,45,65,55,325,Basic,1
217,Partner_Eevee,7,Normal,,,,,65,75,70,65,85,75,435,Special,1
218,Vaporeon,1,Water,,Water_Absorb,,Hydration,130,65,60,110,95,65,525,Basic,2
219,Jolteon,1,Electric,,Volt_Absorb,,Quick_Feet,65,65,60,110,95,130,525,Basic,2
220,Flareon,1,Fire,,Flash_Fire,,Guts,65,130,60,95,110,65,525,Basic,2
221,Espeon,2,Psychic,,Synchronize,,Magic_Bounce,65,65,60,130,95,110,525,Basic,2
222,Umbreon,2,Dark,,Synchronize,,Inner_Focus,95,65,110,60,130,65,525,Basic,2
223,Leafeon,4,Grass,,Leaf_Guard,,Chlorophyll,65,110,130,60,65,95,525,Basic,2
224,Glaceon,4,Ice,,Snow_Cloak,,Ice_Body,65,60,110,130,95,65,525,Basic,2
225,Sylveon,6,Fairy,,Cute_Charm,,Pixilate,95,65,65,110,130,60,525,Basic,2
226,Porygon,1,Normal,,Trace,Download,Analytic,65,60,70,85,75,40,395,Basic,1
227,Porygon2,2,Normal,,Trace,Download,Analytic,85,80,90,105,95,60,515,Basic,2
228,Porygon-Z,4,Normal,,Adaptability,Download,Analytic,85,80,70,135,75,90,535,Basic,3
229,Omanyte,1,Rock,Water,Swift_Swim,Shell_Armor,Weak_Armor,35,40,100,90,55,35,355,Fossil,1
230,Omastar,1,Rock,Water,Swift_Swim,Shell_Armor,Weak_Armor,70,60,125,115,70,55,495,Fossil,2
231,Kabuto,1,Rock,Water,Swift_Swim,Battle_Armor,Weak_Armor,30,80,90,55,45,55,355,Fossil,1
232,Kabutops,1,Rock,Water,Swift_Swim,Battle_Armor,Weak_Armor,60,115,105,65,70,80,495,Fossil,2
233,Aerodactyl,1,Rock,Flying,Rock_Head,Pressure,Unnerve,80,105,65,60,75,130,515,Fossil,1
234,Mega_Aerodactyl,1,Rock,Flying,Tough_Claws,,,80,135,85,70,95,150,615,Fossil_Mega_Evolution,1
235,Munchlax,4,Normal,,Pickup,Thick_Fat,Gluttony,135,85,40,40,85,5,390,Baby,1
236,Snorlax,1,Normal,,Immunity,Thick_Fat,Gluttony,160,110,65,65,110,30,540,Basic,2
237,Articuno,1,Ice,Flying,Pressure,,Snow_Cloak,90,85,100,95,125,85,580,Sub_Legendary,1
238,Galarian_Articuno,8,Psychic,Flying,Competitive,,,90,85,85,125,100,95,580,Sub_Legendary_Regional_Variant,1
239,Zapdos,1,Electric,Flying,Pressure,,Static,90,90,85,125,90,100,580,Sub_Legendary,1
240,Galarian_Zapdos,8,Fighting,Flying,Defiant,,,90,125,90,85,90,100,580,Sub_Legendary_Regional_Variant,1
241,Moltres,1,Fire,Flying,Pressure,,Flame_Body,90,100,90,125,85,90,580,Sub_Legendary,1
242,Galarian_Moltres,8,Dark,Flying,Berserk,,,90,85,90,100,125,90,580,Sub_Legendary_Regional_Variant,1
243,Dratini,1,Dragon,,Shed_Skin,,Marvel_Scale,41,64,45,50,50,50,300,Basic,1
244,Dragonair,1,Dragon,,Shed_Skin,,Marvel_Scale,61,84,65,70,70,70,420,Basic,2
245,Dragonite,1,Dragon,Flying,Inner_Focus,,Multiscale,91,134,95,100,100,80,600,Pseudo_Legendary,3
246,Mega_Dragonite,9,Dragon,Flying,Multiscale,,,91,124,115,145,125,100,700,Pseudo_Legendary_Mega_Evolution,3
247,Mewtwo,1,Psychic,,Pressure,,Unnerve,106,110,90,154,90,130,680,Legendary,1
248,Mega_Mewtwo_X,6,Psychic,Fighting,Steadfast,,,106,190,100,154,100,130,780,Legendary_Mega_Evolution,1
249,Mega_Mewtwo_Y,6,Psychic,,Insomnia,,,106,150,70,194,120,140,780,Legendary_Mega_Evolution,1
250,Mew,1,Psychic,,Synchronize,,,100,100,100,100,100,100,600,Mythical,1
251,Chickorita,2,Grass,,Overgrow,,Leaf_Guard,45,49,65,49,65,45,318,Starter,1
252,Bayleef,2,Grass,,Overgrow,,Leaf_Guard,60,62,80,63,80,60,405,Starter,2
253,Meganium,2,Grass,,Overgrow,,Leaf_Guard,80,82,100,83,100,80,525,Starter,3
254,Mega_Meganium,9,Grass,Fairy,Mega_Sol,,,80,92,115,143,115,80,625,Starter_Mega_Evolution,3
255,Cyndaquil,2,Fire,,Blaze,,Flash_Fire,39,52,43,60,50,65,309,Starter,1
256,Quilava,2,Fire,,Blaze,,Flash_Fire,58,64,58,80,65,80,405,Starter,2
257,Typhlosion,2,Fire,,Blaze,,Flash_Fire,78,84,78,109,85,100,534,Starter,3
258,Hisuian_Typhlosion,8,Fire,Ghost,Blaze,,Frisk,73,84,78,119,85,95,534,Starter_Regional_Variant,3
259,Totodile,2,Water,,Torrent,,Sheer_Force,50,65,64,44,48,43,314,Starter,1
260,Croconaw,2,Water,,Torrent,,Sheer_Force,65,80,80,59,63,58,405,Starter,2
261,Feraligatr,2,Water,,Torrent,,Sheer_Force,85,105,100,79,83,78,530,Starter,3
262,Mega_Feraligatr,9,Water,Dragon,Dragonize,,,85,160,125,89,93,78,630,Starter_Mega_Evolution,3
263,Sentret,2,Normal,,Run_Away,Keen_Eye,Frisk,35,46,34,35,45,20,215,Basic,1
264,Furret,2,Normal,,Run_Away,Keen_Eye,Frisk,85,76,64,45,55,90,415,Basic,2
265,Hoothoot,2,Normal,Flying,Insomnia,Keen_Eye,Tinted_Lens,60,30,30,36,56,50,262,Basic,1
266,Noctowl,2,Normal,Flying,Insomnia,Keen_Eye,Tinted_Lens,100,50,50,86,96,70,452,Basic,2
267,Ledyba,2,Bug,Flying,Swarm,Early_Bird,Rattled,40,20,30,40,80,55,265,Basic,1
268,Ledian,2,Bug,Flying,Swarm,Early_Bird,Iron_Fist,55,35,50,55,110,85,390,Basic,2
269,Spinarak,2,Bug,Poison,Swarm,Insomnia,Sniper,40,60,40,40,40,30,250,Basic,1
270,Ariados,2,Bug,Poison,Swarm,Insomnia,Sniper,70,90,70,60,70,40,400,Basic,2
271,Chinchou,2,Water,Electric,Volt_Absorb,Illuminate,Water_Absorb,75,38,38,56,56,67,330,Basic,1
272,Lanturn,2,Water,Electric,Volt_Absorb,Illuminate,Water_Absorb,125,58,58,76,76,67,460,Basic,2
273,Togepi,2,Fairy,,Hustle,Serene_Grace,Super_Luck,35,20,65,40,65,20,245,Baby,1
274,Togetic,2,Fairy,Flying,Hustle,Serene_Grace,Super_Luck,55,40,85,80,105,40,405,Basic,2
275,Togekiss,4,Fairy,Flying,Hustle,Serene_Grace,Super_Luck,85,50,95,120,115,80,545,Basic,3
276,Natu,2,Psychic,Flying,Synchronize,Early_Bird,Magic_Bounce,40,50,45,70,45,70,320,Basic,1
277,Xatu,2,Psychic,Flying,Synchronize,Early_Bird,Magic_Bounce,65,75,70,95,70,95,470,Basic,2
278,Mareep,2,Electric,,Static,,Plus,55,40,40,65,45,35,280,Basic,1
279,Flaaffy,2,Electric,,Static,,Plus,70,55,55,80,60,45,365,Basic,2
280,Ampharos,2,Electric,,Static,,Plus,90,75,85,115,90,55,510,Basic,3
281,Mega_Ampharos,6,Electric,Dragon,Mold_Breaker,,,90,95,105,165,110,45,610,Mega_Evolution,3
282,Azurill,3,Normal,Fairy,Thick_Fat,Huge_Power,Sap_Sipper,50,20,40,20,40,20,190,Baby,1
283,Marill,2,Water,Fairy,Thick_Fat,Huge_Power,Sap_Sipper,70,20,50,20,50,40,250,Basic,2
284,Azumarill,2,Water,Fairy,Thick_Fat,Huge_Power,Sap_Sipper,100,50,80,60,80,50,420,Basic,3
285,Bonsly,4,Rock,,Sturdy,Rock_Head,Rattled,50,80,95,10,45,10,290,Baby,1
286,Sudowoodo,2,Rock,,Sturdy,Rock_Head,Rattled,70,100,115,30,65,30,410,Basic,2
287,Hoppip,2,Grass,Flying,Chlorophyll,Leaf_Guard,Infiltrator,35,35,40,35,55,50,250,Basic,1
288,Skiploom,2,Grass,Flying,Chlorophyll,Leaf_Guard,Infiltrator,55,45,50,45,65,80,340,Basic,2
289,Jumpluff,2,Grass,Flying,Chlorophyll,Leaf_Guard,Infiltrator,75,55,70,55,95,110,460,Basic,3
290,Aipom,2,Normal,,Run_Away,Pickup,Skill_Link,55,70,55,40,55,85,360,Basic,1
291,Ambipom,4,Normal,,Technician,Pickup,Skill_Link,75,100,66,60,66,115,482,Basic,2
292,Sunkern,2,Grass,,Chlorophyll,Solar_Power,Early_Bird,30,30,30,30,30,30,180,Basic,1
293,Sunflora,2,Grass,,Chlorophyll,Solar_Power,Early_Bird,75,75,55,105,85,30,425,Basic,2
294,Yanma,2,Bug,Flying,Speed_Boost,Compound_Eyes,Frisk,65,65,45,75,45,95,390,Basic,1
295,Yanmega,4,Bug,Flying,Speed_Boost,Tinted_Lens,Frisk,86,76,86,116,56,95,515,Basic,2
296,Wooper,2,Water,Ground,Damp,Water_Absorb,Unaware,55,45,45,25,25,15,210,Basic,1
297,Quagsire,2,Water,Ground,Damp,Water_Absorb,Unaware,95,85,85,65,65,35,430,Basic,2
298,Paldean_Wooper,9,Poison,Ground,Poison_Point,Water_Absorb,Unaware,55,45,45,25,25,15,210,Regional_Variant,1
299,Clodsire,9,Poison,Ground,Poison_Point,Water_Absorb,Unaware,130,75,60,45,100,20,430,Regional_Variant_Evolution,2
300,Murkrow,2,Dark,Flying,Insomnia,Super_Luck,Prankster,60,85,42,85,42,91,405,Basic,1
301,Honchkrow,4,Dark,Flying,Insomnia,Super_Luck,Moxie,100,125,52,105,52,71,505,Basic,2
302,Misdreavus,2,Ghost,,Levitate,,,60,60,60,85,85,85,435,Basic,1
303,Mismagius,4,Ghost,,Levitate,,,60,60,60,105,105,105,495,Basic,2
304,Unown,2,Psychic,,Levitate,,,48,72,48,72,48,48,336,Basic,1
305,Wynaut,3,Psychic,,Shadow_Tag,,Telepathy,95,23,48,23,48,23,260,Baby,1
306,Wobbuffet,2,Psychic,,Shadow_Tag,,Telepathy,190,33,58,33,58,33,405,Basic,2
307,Girafarig,2,Normal,Psychic,Inner_Focus,Early_Bird,Sap_Sipper,70,80,65,90,65,85,455,Basic,1
308,Farigiraf,9,Normal,Psychic,Cud_Chew,Armor_Tail,Sap_Sipper,120,90,70,110,70,60,520,Basic,2
309,Pineco,2,Bug,,Sturdy,,Overcoat,50,65,90,35,35,15,290,Basic,1
310,Forretress,2,Bug,Steel,Sturdy,,Overcoat,75,90,140,60,60,40,465,Basic,2
311,Dunsparce,2,Normal,,Serene_Grace,Run_Away,Rattled,100,70,70,65,65,45,415,Basic,1
312,Dudunsparce_Two_Segement_Forme,9,Normal,,Serene_Grace,Run_Away,Rattled,125,100,80,85,75,55,520,Basic,2
313,Dudunsparce_Three_Segment_Forme,9,Normal,,Serene_Grace,Run_Away,Rattled,125,100,80,85,75,55,520,Alternate_Form,2
314,Gligar,2,Ground,Flying,Hyper_Cutter,Sand_Veil,Immunity,65,75,105,35,65,85,430,Basic,1
315,Gliscor,4,Ground,Flying,Hyper_Cutter,Sand_Veil,Poison_Heal,75,95,125,45,75,95,510,Basic,2
316,Snubbull,2,Fairy,,Intimidate,Run_Away,Rattled,60,80,50,40,40,30,300,Basic,1
317,Granbull,2,Fairy,,Intimidate,Quick_Feet,Rattled,90,120,75,60,60,45,450,Basic,2
318,Qwilfish,2,Water,Poison,Poison_Point,Swift_Swim,Intimidate,65,95,85,55,55,85,440,Basic,1
319,Hisuian_Qwilfish,8,Dark,Poison,Poison_Point,Swift_Swim,Intimidate,65,95,85,55,55,85,440,Regional_Variant,1
320,Overqwil,8,Dark,Poison,Poison_Point,Swift_Swim,Intimidate,85,115,95,65,65,85,510,Regional_Variant_Evolution,2
321,Shuckle,2,Bug,Rock,Sturdy,Gluttony,Contrary,20,10,230,10,230,5,505,Basic,2
322,Heracross,2,Bug,Fighting,Swarm,Guts,Moxie,80,125,75,40,95,85,500,Basic,1
323,Mega_Heracross,6,Bug,Fighting,Skill_Link,,,80,185,115,40,105,75,600,Mega_Evolution,1
324,Sneasel,2,Dark,Ice,Inner_Focus,Keen_Eye,Pickpocket,55,95,55,35,75,115,430,Basic,1
325,Weavile,4,Dark,Ice,Pressure,,Pickpocket,70,120,65,45,85,125,510,Basic,2
326,Hisuian_Sneasel,8,Fighting,Poison,Inner_Focus,Keen_Eye,Pickpocket,55,95,55,35,75,115,430,Regional_Variant,1
327,Sneasler,8,Fighting,Poison,Pressure,Unburden,Poison_Touch,80,130,60,40,80,120,510,Regional_Variant_Evolution,2
328,Teddiursa,2,Normal,,Pickup,Quick_Feet,Honey_Gather,60,80,50,50,50,40,330,Basic,1
329,Ursaring,2,Normal,,Guts,Quick_Feet,Unnerve,90,130,75,75,75,55,500,Basic,2
330,Ursaluna,8,Ground,Normal,Guts,Bulletproof,Unnerve,130,140,105,45,80,50,550,Basic,3
331,Ursaluna_Bloodmoon,9,Ground,Normal,Mind's_Eye,,,113,70,120,135,65,52,555,Basic,1
332,Slugma,2,Fire,,Magma_Armor,Flame_Body,Weak_Armor,40,40,40,70,40,20,250,Basic,1
333,Magcargo,2,Fire,Rock,Magma_Armor,Flame_Body,Weak_Armor,60,50,120,90,80,30,430,Basic,2
334,Swinub,2,Ice,Ground,Oblivious,Snow_Cloak,Thick_Fat,50,50,40,30,30,50,250,Basic,1
335,Piloswine,2,Ice,Ground,Oblivious,Snow_Cloak,Thick_Fat,100,100,80,60,60,50,450,Basic,2
336,Mamoswine,4,Ice,Ground,Oblivious,Snow_Cloak,Thick_Fat,110,130,80,70,60,80,530,Basic,3
337,Corsola,2,Water,Rock,Hustle,Natural_Cure,Regenerator,65,55,95,65,95,35,410,Basic,1
338,Galarian_Corsola,8,Ghost,,Weak_Armor,,Cursed_Body,60,55,100,65,100,30,410,Regional_Variant,1
339,Cursola,8,Ghost,,Weak_Armor,,Perish_Body,60,95,50,145,130,30,510,Regional_Variant_Evolution,2
340,Remoraid,2,Water,,Hustle,Sniper,Moody,35,65,35,65,35,65,300,Basic,1
341,Octillery,2,Water,,Suction_Cups,Sniper,Moody,75,105,75,105,75,45,480,Basic,2
342,Delibird,2,Ice,Flying,Vital_Spirit,Hustle,Insomnia,45,55,45,65,45,75,330,Basic,1
343,Mantyke,4,Water,Flying,Swift_Swim,Water_Absorb,Water_Veil,45,20,50,60,120,50,345,Baby,1
344,Mantine,2,Water,Flying,Swift_Swim,Water_Absorb,Water_Veil,85,40,70,80,140,70,485,Basic,2
345,Skarmory,2,Steel,Flying,Keen_Eye,Sturdy,Weak_Armor,65,80,140,40,70,70,465,Basic,1
346,Mega_Skarmory,9,Steel,Flying,Stalwart,,,65,140,110,40,100,110,565,Mega_Evolution,1
347,Houndour,2,Dark,Fire,Early_Bird,Flash_Fire,Unnerve,45,60,30,80,50,65,330,Basic,1
348,Houndoom,2,Dark,Fire,Early_Bird,Flash_Fire,Unnerve,75,90,50,110,80,95,500,Basic,2
349,Mega_Houndoom,6,Dark,Fire,Solar_Power,,,75,90,90,140,90,115,600,Mega_Evolution,2
350,Phanpy,2,Ground,,Pickup,,Sand_Veil,90,60,60,40,40,40,330,Basic,1
351,Donphan,2,Ground,,Sturdy,,Sand_Veil,90,120,120,60,60,50,500,Basic,2
352,Stantler,2,Normal,,Intimidate,Frisk,Sap_Sipper,73,95,62,85,65,85,465,Basic,1
353,Wyrdeer,8,Normal,Psychic,Intimidate,Frisk,Sap_Sipper,103,105,72,105,75,65,525,Basic,2
354,Smeargle,2,Normal,,Own_Tempo,Technician,Moody,55,20,35,20,45,75,250,Basic,1
355,Miltank,2,Normal,,Thick_Fat,Scrappy,Sap_Sipper,95,80,105,40,70,100,490,Basic,1
356,Raikou,2,Electric,,Pressure,,Inner_Focus,90,85,75,115,100,115,580,Sub_Legendary,1
357,Entei,2,Fire,,Pressure,,Inner_Focus,115,115,85,90,75,100,580,Sub_Legendary,1
358,Suicune,2,Water,,Pressure,,Inner_Focus,100,75,115,90,115,85,580,Sub_Legendary,1
359,Larvitar,2,Rock,Ground,Guts,,Sand_Veil,50,64,50,45,50,41,300,Basic,1
360,Pupitar,2,Rock,Ground,Shed_Skin,,,70,84,70,65,70,51,410,Basic,2
361,Tyranitar,2,Rock,Dark,Sand_Stream,,Unnerve,100,134,110,95,100,61,600,Pseudo_Legendary,3
362,Mega_Tyranitar,6,Rock,Dark,Sand_Stream,,,100,164,150,95,120,71,700,Pseudo_Legendary_Mega_Evolution,3
363,Lugia,2,Psychic,Flying,Pressure,,Multiscale,106,90,130,90,154,110,680,Legendary,1
364,Ho-oh,2,Fire,Flying,Pressure,,Regenerator,106,130,90,110,154,90,680,Legendary,1
365,Celebi,2,Psychic,Grass,Natural_Cure,,,100,100,100,100,100,100,600,Mythical,1
366,Treecko,3,Grass,,Overgrow,,Unburden,40,45,35,65,55,70,310,Starter,1
367,Grovyle,3,Grass,,Overgrow,,Unburden,50,65,45,85,65,95,405,Starter,2
368,Sceptile,3,Grass,,Overgrow,,Unburden,70,85,65,105,85,120,530,Starter,3
369,Mega_Sceptile,6,Grass,Dragon,Lightning_Rod,,,70,110,75,145,85,145,630,Starter_Mega_Evolution,3
370,Torchic,3,Fire,,Blaze,,Speed_Boost,45,60,40,70,50,45,310,Starter,1
371,Combusken,3,Fire,Fighting,Blaze,,Speed_Boost,60,85,60,85,60,55,405,Starter,2
372,Blaziken,3,Fire,Fighting,Blaze,,Speed_Boost,80,120,70,110,70,80,530,Starter,3
373,Mega_Blaziken,6,Fire,Fighting,Speed_Boost,,,80,160,80,130,80,100,630,Starter_Mega_Evolution,3
374,Mudkip,3,Water,Ground,Torrent,,Damp,50,70,50,50,50,40,310,Starter,1
375,Marshtomp,3,Water,Ground,Torrent,,Damp,70,85,70,60,70,50,405,Starter,2
376,Swampert,3,Water,Ground,Torrent,,Damp,100,110,90,85,90,60,535,Starter,3
377,Mega_Swampert,6,Water,Ground,Swift_Swim,,,100,150,110,95,110,70,635,Starter_Mega_Evolution,3
378,Poochyena,3,Dark,,Run_Away,Quick_Feet,Rattled,35,55,35,30,30,35,220,Basic,1
379,Mightyena,3,Dark,,Intimidate,Quick_Feet,Moxie,70,90,70,60,60,70,420,Basic,2
380,Zigzagoon,2,Normal,,Pickup,Gluttony,Quick_Feet,38,30,41,30,41,60,240,Basic,1
381,Linoone,2,Normal,,Pickup,Gluttony,Quick_Feet,78,70,61,50,61,100,420,Basic,2
382,Galarian_Zigzagoon,8,Dark,Normal,Pickup,Gluttony,Quick_Feet,38,30,41,30,41,60,240,Regional_Variant,1
383,Galarian_Linoone,8,Dark,Normal,Pickup,Gluttony,Quick_Feet,78,70,61,50,61,100,420,Regional_Variant,2
384,Obstagoon,8,Dark,Normal,Reckless,Guts,Defiant,93,90,101,60,81,95,520,Regional_Variant_Evolution,3
385,Wurmple,3,Bug,,Shield_Dust,,Run_Away,45,45,35,20,30,20,195,Basic,1
386,Silcoon,3,Bug,,Shed_Skin,,,50,35,55,25,25,15,205,Basic,2
387,Beautifly,3,Bug,Flying,Swarm,,Rivalry,60,70,50,100,50,65,395,Basic,3
388,Cascoon,3,Bug,,Shed_Skin,,,50,35,55,25,25,15,205,Basic,2
389,Dustox,3,Bug,Poison,Shield_Dust,,Compound_Eyes,60,50,70,50,90,65,385,Basic,3
390,Lotad,3,Water,Grass,Swift_Swim,Rain_Dish,Own_Tempo,40,30,30,40,50,30,220,Basic,1
391,Lombre,3,Water,Grass,Swift_Swim,Rain_Dish,Own_Tempo,60,50,50,60,70,50,340,Basic,2
392,Ludicolo,3,Water,Grass,Swift_Swim,Rain_Dish,Own_Tempo,80,70,70,90,100,70,480,Basic,3
393,Seedot,3,Grass,,Chlorophyll,Early_Bird,Pickpocket,40,40,50,30,30,30,220,Basic,1
394,Nuzleaf,3,Grass,Dark,Chlorophyll,Early_Bird,Pickpocket,70,70,40,60,40,60,340,Basic,2
395,Shiftry,3,Grass,Dark,Chlorophyll,Wind_Rider,Pickpocket,90,100,60,90,60,80,480,Basic,3
396,Taillow,3,Normal,Flying,Guts,,Scrappy,40,55,30,30,30,85,270,Basic,1
397,Swellow,3,Normal,Flying,Guts,,Scrappy,60,85,60,75,50,125,455,Basic,2
398,Wingull,3,Water,Flying,Keen_Eye,Hydration,Rain_Dish,40,30,30,55,30,85,270,Basic,1
399,Pelipper,3,Water,Flying,Keen_Eye,Drizzle,Rain_Dish,60,50,100,95,70,65,440,Basic,2
400,Ralts,3,Psychic,Fairy,Synchronize,Trace,Telepathy,28,25,25,45,35,40,198,Basic,1
401,Kirlia,3,Psychic,Fairy,Synchronize,Trace,Telepathy,38,35,35,65,55,50,278,Basic,2
402,Gardevoir,3,Psychic,Fairy,Synchronize,Trace,Telepathy,68,65,65,125,115,80,518,Basic,3
403,Mega_Gardevoir,6,Psychic,Fairy,Pixilate,,,68,85,65,165,135,100,618,Mega_Evolution,3
404,Gallade,4,Psychic,Fighting,Steadfast,Sharpness,Justified,68,125,65,65,115,80,518,Basic,3
405,Mega_Gallade,6,Psychic,Fighting,Inner_Focus,,,68,165,95,65,115,110,618,Mega_Evolution,3
406,Surskit,3,Bug,Water,Swift_Swim,,Rain_Dish,40,30,32,50,52,65,269,Basic,1
407,Masquerain,3,Bug,Flying,Intimidate,,Unnerve,70,60,62,100,82,80,454,Basic,2
408,Shroomish,3,Grass,,Effect_Spore,Poison_Heal,Quick_Feet,60,40,60,40,60,35,295,Basic,1
409,Breloom,3,Grass,Fighting,Effect_Spore,Poison_Heal,Technician,60,130,80,60,60,70,460,Basic,2
410,Slakoth,3,Normal,,Truant,,,60,60,60,35,35,30,280,Basic,1
411,Vigoroth,3,Normal,,Vital_Spirit,,,80,80,80,55,55,90,440,Basic,2
412,Slaking,3,Normal,,Truant,,,150,160,100,95,65,100,670,Basic,3
413,Nincada,3,Bug,Ground,Compound_Eyes,,Run_Away,31,45,90,30,30,40,266,Basic,1
414,Ninjask,3,Bug,Flying,Speed_Boost,,Infiltrator,61,90,45,50,50,160,456,Basic,2
415,Shedinja,3,Bug,Ghost,Wonder_Guard,,,1,90,45,30,30,40,236,Basic,2
416,Whismur,3,Normal,,Soundproof,,Rattled,64,51,23,51,23,28,240,Basic,1
417,Loudred,3,Normal,,Soundproof,,Scrappy,84,71,43,71,43,48,360,Basic,2
418,Exploud,3,Normal,,Soundproof,,Scrappy,104,91,63,91,73,68,490,Basic,3
419,Makuhita,3,Fighting,,Thick_Fat,Guts,Sheer_Force,72,60,30,20,30,25,237,Basic,1
420,Hariyama,3,Fighting,,Thick_Fat,Guts,Sheer_Force,144,120,60,40,60,50,474,Basic,2
421,Nosepass,3,Rock,,Sturdy,Magnet_Pull,Sand_Force,30,45,135,45,90,30,375,Basic,1
422,Probopass,4,Rock,Steel,Sturdy,Magnet_Pull,Sand_Force,60,55,145,75,150,40,525,Basic,2
423,Skitty,3,Normal,,Cute_Charm,Normalize,Wonder_Skin,50,45,45,35,35,50,260,Basic,1
424,Delcatty,3,Normal,,Cute_Charm,Normalize,Wonder_Skin,70,65,65,55,55,90,400,Basic,2
425,Sableye,3,Dark,Ghost,Keen_Eye,Stall,Prankster,50,75,75,65,65,50,380,Basic,1
426,Mega_Sableye,6,Dark,Ghost,Magic_Bounce,,,50,85,125,85,115,20,480,Mega_Evolution,1
427,Mawile,3,Steel,Fairy,Hyper_Cutter,Intimidate,Sheer_Force,50,85,85,55,55,50,380,Basic,1
428,Mega_Mawile,6,Steel,Fairy,Huge_Power,,,50,105,125,55,95,50,480,Mega_Evolution,1
429,Aron,3,Steel,Rock,Sturdy,Rock_Head,Heavy_Metal,50,70,100,40,40,30,330,Basic,1
430,Lairon,3,Steel,Rock,Sturdy,Rock_Head,Heavy_Metal,60,90,140,50,50,40,430,Basic,2
431,Aggron,3,Steel,Rock,Sturdy,Rock_Head,Heavy_Metal,70,110,180,60,60,50,530,Basic,3
432,Mega_Aggron,6,Steel,,Filter,,,70,140,230,60,80,50,630,Mega_Evolution,3
433,Meditite,3,Fighting,Psychic,Pure_Power,Telepathy,,30,40,55,40,55,60,280,Basic,1
434,Medicham,3,Fighting,Psychic,Pure_Power,Telepathy,,60,60,75,60,75,80,410,Basic,2
435,Mega_Medicham,6,Fighting,Psychic,Pure_Power,,,60,100,85,80,85,100,510,Mega_Evolution,2
436,Electrike,3,Electric,,Static,Lightning_Rod,Minus,40,45,40,65,40,65,295,Basic,1
437,Manetric,3,Electric,,Static,Lightning_Rod,Minus,70,75,60,105,60,105,475,Basic,2
438,Mega_Manetric,6,Electric,,Intimidate,,,70,75,80,135,80,135,575,Mega_Evolution,2
439,Plusle,3,Electric,,Plus,,Lightning_Rod,60,50,40,85,75,95,405,Basic,1
440,Minun,3,Electric,,Minus,,Volt_Absorb,60,40,50,75,85,95,405,Basic,1
441,Volbeat,3,Bug,,Illuminate,Swarm,Prankster,65,73,75,47,85,85,430,Basic,1
442,Illumise,3,Bug,,Oblivious,Tinted_Lens,Prankster,65,47,75,73,85,85,430,Basic,1
443,Budew,4,Grass,Poison,Natural_Cure,Poison_Point,Leaf_Guard,40,30,35,50,70,55,280,Baby,1
444,Roselia,3,Grass,Poison,Natural_Cure,Poison_Point,Leaf_Guard,50,60,45,100,80,65,400,Basic,2
445,Roserade,4,Grass,Poison,Natural_Cure,Poison_Point,Technician,60,70,65,125,105,90,515,Basic,3
446,Gulpin,3,Poison,,Liquid_Ooze,Sticky_Hold,Gluttony,70,43,53,43,53,40,302,Basic,1
447,Swalot,3,Poison,,Liquid_Ooze,Sticky_Hold,Gluttony,100,73,83,73,83,55,467,Basic,2
448,Carvanha,3,Water,Dark,Rough_Skin,,Speed_Boost,45,90,20,65,20,65,305,Basic,1
449,Sharpedo,3,Water,Dark,Rough_Skin,,Speed_Boost,70,120,40,95,40,95,460,Basic,2
450,Mega_Sharpedo,6,Water,Dark,Strong_Jaw,,,70,140,70,110,65,105,560,Mega_Evolution,2
451,Wailmer,3,Water,,Water_Veil,Oblivious,Pressure,130,70,35,70,35,60,400,Basic,1
452,Wailord,3,Water,,Water_Veil,Oblivious,Pressure,170,90,45,90,45,60,500,Basic,2
453,Numel,3,Fire,Ground,Oblivious,Simple,Own_Tempo,60,60,40,65,45,35,305,Basic,1
454,Camerupt,3,Fire,Ground,Magma_Armor,Solid_Rock,Anger_Point,70,100,70,105,75,40,460,Basic,2
455,Mega_Camerupt,6,Fire,Ground,Sheer_Force,,,70,120,100,145,105,20,560,Mega_Evolution,2
456,Torkoal,3,Fire,,White_Smoke,Drought,Shell_Armor,70,85,140,85,70,20,470,Basic,1
457,Spoink,3,Psychic,,Thick_Fat,Own_Tempo,Gluttony,60,25,35,70,80,60,330,Basic,1
458,Grumpig,3,Psychic,,Thick_Fat,Own_Tempo,Gluttony,80,45,65,90,110,80,470,Basic,2
459,Spinda,3,Normal,,Own_Tempo,Tangled_Feet,Contrary,60,60,60,60,60,60,360,Basic,1
460,Trapinch,3,Ground,,Hyper_Cutter,Arena_Trap,Sheer_Force,45,100,45,45,45,10,290,Basic,1
461,Vibrava,3,Ground,Dragon,Levitate,,,50,70,50,50,50,70,340,Basic,2
462,Flygon,3,Ground,Dragon,Levitate,,,80,100,80,80,80,100,520,Basic,3
463,Cacnea,3,Grass,,Sand_Veil,,Water_Absorb,50,85,40,85,40,35,335,Basic,1
464,Cacturne,3,Grass,Dark,Sand_Veil,,Water_Absorb,70,115,60,115,60,55,475,Basic,2
465,Swablu,3,Normal,Flying,Natural_Cure,,Cloud_Nine,45,40,60,40,75,50,310,Basic,1
466,Altaria,3,Dragon,Flying,Natural_Cure,,Cloud_Nine,75,70,90,70,105,80,490,Basic,2
467,Mega_Altaria,6,Dragon,Fairy,Pixilate,,,75,110,110,110,105,80,590,Mega_Evolution,2
468,Zangoose,3,Normal,,Immunity,,Toxic_Boost,73,115,60,60,60,90,458,Basic,1
469,Seviper,3,Poison,,Shed_Skin,,Infiltrator,73,100,60,100,60,65,458,Basic,1
470,Lunatone,3,Rock,Psychic,Levitate,,,90,55,65,95,85,70,460,Basic,1
471,Solrock,3,Rock,Psychic,Levitate,,,90,95,85,55,65,70,460,Basic,1
472,Barboach,3,Water,Ground,Oblivious,Anticipation,Hydration,50,48,43,46,41,60,288,Basic,1
473,Whiscash,3,Water,Ground,Oblivious,Anticipation,Hydration,110,78,73,76,71,60,468,Basic,2
474,Corphish,3,Water,,Hyper_Cutter,Shell_Armor,Adaptability,43,80,65,50,35,35,308,Basic,1
475,Crawdaunt,3,Water,Dark,Hyper_Cutter,Shell_Armor,Adaptability,63,120,85,90,55,55,468,Basic,2
476,Baltoy,3,Ground,Psychic,Levitate,,,40,40,55,40,70,55,300,Basic,1
477,Claydol,3,Ground,Psychic,Levitate,,,60,70,105,70,120,75,500,Basic,2
478,Lileep,3,Rock,Grass,Suction_Cups,,Storm_Drain,66,41,77,61,87,23,355,Fossil,1
479,Cradily,3,Rock,Grass,Suction_Cups,,Storm_Drain,86,81,97,81,107,43,495,Fossil,2
480,Anorith,3,Rock,Bug,Battle_Armor,,Swift_Swim,45,95,50,40,50,75,355,Fossil,1
481,Armaldo,3,Rock,Bug,Battle_Armor,,Swift_Swim,75,125,100,70,80,45,495,Fossil,2
482,Feebas,3,Water,,Swift_Swim,Oblivious,Adaptability,20,15,20,10,55,80,200,Basic,1
483,Milotic,3,Water,,Marvel_Scale,Competitive,Cute_Charm,95,60,79,100,125,81,540,Basic,2
484,Castform,3,Normal,,Forecast,,,70,70,70,70,70,70,420,Basic,1
485,Castform_Sunny_Forme,3,Fire,,Forecast,,,70,70,70,70,70,70,420,Basic,1
486,Castform_Rainy_Forme,3,Water,,Forecast,,,70,70,70,70,70,70,420,Basic,1
487,Castform_Snowy_Forme,3,Ice,,Forecast,,,70,70,70,70,70,70,420,Basic,1
488,Kecleon,3,Normal,,Color_Change,,Protean,60,90,70,60,120,40,440,Basic,1
489,Shuppet,3,Ghost,,Insomnia,Frisk,Cursed_Body,44,75,35,63,33,45,295,Basic,1
490,Banette,3,Ghost,,Insomnia,Frisk,Cursed_Body,64,115,65,83,63,65,455,Basic,2
491,Mega_Banette,6,Ghost,,Prankster,,,64,165,75,93,83,75,555,Mega_Evolution,2
492,Duskull,3,Ghost,,Levitate,,Frisk,20,40,90,30,90,25,295,Basic,1
493,Dusclops,3,Ghost,,Pressure,,Frisk,40,70,130,60,130,25,455,Basic,2
494,Dusknoir,4,Ghost,,Pressure,,Frisk,45,100,135,65,135,45,525,Basic,3
495,Tropius,3,Grass,Flying,Chlorophyll,Solar_Power,Harvest,99,68,83,72,87,51,460,Basic,1
496,Chingling,4,Psychic,,Levitate,,,45,30,50,65,50,45,285,Baby,1
497,Chimecho,3,Psychic,,Levitate,,,75,50,80,95,90,65,455,Basic,2
498,Mega_Chimecho,9,Psychic,Steel,Levitate,,,75,50,110,135,120,65,555,Mega_Evolution,2
499,Absol,3,Dark,,Pressure,Super_Luck,Justified,65,130,60,75,60,75,465,Basic,1
500,Mega_Absol,6,Dark,,Magic_Bounce,,,65,150,60,115,60,115,565,Mega_Evolution,1
501,Mega_Absol_Z,9,Dark,Ghost,,,,65,154,60,75,60,151,565,Not_Released,1
502,Snorunt,3,Ice,,Inner_Focus,Ice_Body,Moody,50,50,50,50,50,50,300,Basic,1
503,Glalie,3,Ice,,Inner_Focus,Ice_Body,Moody,80,80,80,80,80,80,480,Basic,2
504,Mega_Glalie,6,Ice,,Refrigerate,,,80,120,80,120,80,100,580,Mega_Evolution,2
505,Froslass,4,Ice,Ghost,Snow_Cloak,,Cursed_Body,70,80,70,80,70,110,480,Basic,2
506,Mega_Froslass,9,Ice,Ghost,Snow_Warning,,,70,80,70,140,100,120,580,Mega_Evolution,2
507,Spheal,3,Ice,Water,Thick_Fat,Ice_Body,Oblivious,70,40,50,55,50,25,290,Basic,1
508,Sealeo,3,Ice,Water,Thick_Fat,Ice_Body,Oblivious,90,60,70,75,70,45,410,Basic,2
509,Walrein,3,Ice,Water,Thick_Fat,Ice_Body,Oblivious,110,80,90,95,90,65,530,Basic,3
510,Clamperl,3,Water,,Shell_Armor,,Rattled,35,64,85,74,55,32,345,Basic,1
511,Huntail,3,Water,,Swift_Swim,,Water_Veil,55,104,105,94,75,52,485,Basic,2
512,Gorebyss,3,Water,,Swift_Swim,,Hydration,55,84,105,114,75,52,485,Basic,2
513,Relicanth,3,Water,Rock,Swift_Swim,Rock_Head,Sturdy,100,90,130,45,65,55,485,Basic,1
514,Luvdisc,3,Water,,Swift_Swim,,Hydration,43,30,55,40,65,97,330,Basic,1
515,Bagon,3,Dragon,,Rock_Head,,Sheer_Force,45,75,60,40,30,50,300,Basic,1
516,Shelgon,3,Dragon,,Rock_Head,,Overcoat,65,95,100,60,50,50,420,Basic,2
517,Salamence,3,Dragon,Flying,Intimidate,,Moxie,95,135,80,110,80,100,600,Pseudo_Legendary,3
518,Mega_Salamence,6,Dragon,Flying,Aerilate,,,95,145,130,120,90,120,700,Pseudo_Legendary_Mega_Evolution,3
519,Beldum,3,Steel,Psychic,Clear_Body,,Light_Metal,40,55,80,35,60,30,300,Basic,1
520,Metang,3,Steel,Psychic,Clear_Body,,Light_Metal,60,75,100,55,80,50,420,Basic,2
521,Metagross,3,Steel,Psychic,Clear_Body,,Light_Metal,80,135,130,95,90,70,600,Pseudo_Legendary,3
522,Mega_Metagross,6,Steel,Psychic,Tough_Claws,,,80,145,150,105,110,110,700,Pseudo_Legendary_Mega_Evolution,3
523,Regirock,3,Rock,,Clear_Body,,Sturdy,80,100,200,50,100,50,580,Sub_Legendary,1
524,Regice,3,Ice,,Clear_Body,,Ice_Body,80,50,100,100,200,50,580,Sub_Legendary,1
525,Registeel,3,Steel,,Clear_Body,,Light_Metal,80,75,150,75,150,50,580,Sub_Legendary,1
526,Latias,3,Dragon,Psychic,Levitate,,,80,80,90,110,130,110,600,Sub_Legendary,1
527,Mega_Latias,3,Dragon,Psychic,Levitate,,,80,100,120,140,150,110,700,Sub_Legendary_Mega_Evolution,1
528,Latios,3,Dragon,Psychic,Levitate,,,80,90,80,130,110,110,600,Sub_Legendary,1
529,Mega_Latios,3,Dragon,Psychic,Levitate,,,80,130,100,160,120,110,700,Legendary_Mega_Evolution,1
530,Kyogre,3,Water,,Drizzle,,,100,100,90,150,140,90,670,Legendary,1
531,Primal_Kyogre,6,Water,,Primordial_Sea,,,100,150,90,180,160,90,770,Legendary_Primal_Reversion,1
532,Groudon,3,Ground,,Drought,,,100,150,140,100,90,90,670,Legendary,1
533,Primal_Groudon,6,Ground,Fire,Desolate_Land,,,100,180,160,150,90,90,770,Legendary_Primal_Reversion,1
534,Rayquaza,3,Dragon,Flying,Air_Lock,,,105,150,90,150,90,95,680,Legendary,1
535,Mega_Rayquaza,6,Dragon,Flying,Delta_Stream,,,105,180,100,180,100,115,780,Legendary_Mega_Evolution,1
536,Jirachi,3,Steel,Psychic,Serene_Grace,,,100,100,100,100,100,100,600,Mythical,1
537,Deoxys_Normal_Forme,3,Psychic,,Pressure,,,50,150,50,150,50,150,600,Mythical,1
538,Deoxys_Attack_Forme,3,Psychic,,Pressure,,,50,180,20,180,20,150,600,Mythical_Alternate,1
539,Deoxys_Defense_Forme,3,Psychic,,Pressure,,,50,70,160,70,160,90,600,Mythical_Alternate,1
540,Deoxys_Speed_Forme,3,Psychic,,Pressure,,,50,95,90,95,90,180,600,Mythical_Alternate,1
541,Turtwig,4,Grass,,Overgrow,,Shell_Armor,55,68,64,45,55,31,318,Starter,1
542,Grotle,4,Grass,,Overgrow,,Shell_Armor,75,89,85,55,65,36,405,Starter,2
543,Torterra,4,Grass,Ground,Overgrow,,Shell_Armor,95,109,105,75,85,56,525,Starter,3
544,Chimchar,4,Fire,,Blaze,,Iron_Fist,44,58,44,58,44,61,309,Starter,1
545,Monferno,4,Fire,Fighting,Blaze,,Iron_Fist,64,78,52,78,52,81,405,Starter,2
546,Infernape,4,Fire,Fighting,Blaze,,Iron_Fist,76,104,71,104,71,108,534,Starter,3
547,Piplup,4,Water,,Torrent,,Competitve,53,51,53,61,56,40,314,Starter,1
548,Prinplup,4,Water,,Torrent,,Competitve,64,66,68,81,76,50,405,Starter,2
549,Empoleon,4,Water,Steel,Torrent,,Competitve,84,86,88,111,101,60,530,Starter,3
550,Starly,4,Normal,Flying,Keen_Eye,,Reckless,40,55,30,30,30,60,245,Basic,1
551,Staravia,4,Normal,Flying,Intimidate,,Reckless,55,75,50,40,40,80,340,Basic,2
552,Staraptor,4,Normal,Flying,Intimidate,,Reckless,85,120,70,50,60,100,485,Basic,3
553,Mega_Staraptor,9,Fighting,Flying,Contrary,,,85,140,100,60,90,110,585,Mega_Evolution,3
554,Bidoof,4,Normal,,Simple,Unaware,Moody,59,45,40,35,40,31,250,Basic,1
555,Bibarel,4,Normal,Water,Simple,Unaware,Moody,79,85,60,55,60,71,410,Basic,2
556,Kricketot,4,Bug,,Shed_Skin,,Run_Away,37,25,41,25,41,25,194,Basic,1
557,Kricketune,4,Bug,,Swarm,,Technician,77,85,51,55,51,65,384,Basic,2
558,Shinx,4,Electric,,Rivalry,Intimidate,Guts,45,65,34,40,34,45,263,Basic,1
559,Luxio,4,Electric,,Rivalry,Intimidate,Guts,60,85,49,60,49,60,363,Basic,2
560,Luxray,4,Electric,,Rivalry,Intimidate,Guts,80,120,79,95,79,70,523,Basic,3
561,Cranidos,4,Rock,,Mold_Breaker,,Sheer_Force,67,125,40,30,30,58,350,Fossil,1
562,Rampardos,4,Rock,,Mold_Breaker,,Sheer_Force,97,165,60,65,50,58,495,Fossil,2
563,Shieldon,4,Rock,Steel,Sturdy,,Soundproof,30,42,118,42,88,30,350,Fossil,1
564,Bastiodon,4,Rock,Steel,Sturdy,,Soundproof,60,52,168,47,138,30,495,Fossil,2
565,Burmy_Plant_Cloak,4,Bug,,Shed_Skin,,Overcoat,40,29,45,29,45,36,224,Basic,1
566,Burmy_Sandy_Cloak,4,Bug,,Shed_Skin,,Overcoat,40,29,45,29,45,36,224,Alternate_Form,1
567,Burmy_Trash_Cloak,4,Bug,,Shed_Skin,,Overcoat,40,29,45,29,45,36,224,Alternate_Form,1
568,Wormadam_Plant_Cloak,4,Bug,Grass,Anticipation,,Overcoat,60,59,85,79,105,36,424,Basic,2
569,Wormadam_Sandy_Cloak,4,Bug,Ground,Anticipation,,Overcoat,60,79,105,59,85,36,424,Basic,2
570,Wormadam_Trash_Cloak,4,Bug,Steel,Anticipation,,Overcoat,60,69,95,69,95,36,424,Basic,2
571,Mothim,4,Bug,Flying,Swarm,,Tinted_Lens,70,94,50,94,50,66,424,Basic,2
572,Combee,4,Bug,Flying,Honey_Gather,,Hustle,30,30,42,30,42,70,244,Basic,1
573,Vespiquen,4,Bug,Flying,Pressure,,Unnerve,70,80,102,80,102,40,474,Basic,2
574,Pachirisu,4,Electric,,Run_Away,Pickup,Volt_Absorb,60,45,70,45,90,95,405,Basic,1
575,Buizel,4,Water,,Swift_Swim,,Water_Veil,55,65,35,60,30,85,330,Basic,1
576,Floatzel,4,Water,,Swift_Swim,,Water_Veil,85,105,55,85,50,115,495,Basic,2
577,Cherubi,4,Grass,,Chlorophyll,,,45,35,45,62,53,35,275,Basic,1
578,Cherrim,4,Grass,,Flower_Gift,,,70,60,70,87,78,85,450,Basic,2
579,Shellos,4,Water,,Sticky_Hold,Storm_Drain,Sand_Force,76,48,48,57,62,34,325,Basic,1
580,Gastrodon,4,Water,Ground,Sticky_Hold,Storm_Drain,Sand_Force,111,83,68,92,82,39,475,Basic,2
581,Drifloon,4,Ghost,Flying,Aftermath,Unburden,Flare_Boost,90,50,34,60,44,70,348,Basic,1
582,Drifblim,4,Ghost,Flying,Aftermath,Unburden,Flare_Boost,150,80,44,90,54,80,498,Basic,2
583,Buneary,4,Normal,,Run_Away,Klutz,Limber,55,66,44,44,56,85,350,Basic,1
584,Lopunny,4,Normal,,Cute_Charm,Klutz,Limber,65,76,84,54,96,105,480,Basic,2
585,Mega_Lopunny,6,Normal,Fighting,Scrappy,,,65,136,94,54,96,135,580,Mega_Evolution,2
586,Glameow,4,Normal,,Limber,Own_Tempo,Keen_Eye,49,55,42,42,37,85,310,Basic,1
587,Purugly,4,Normal,,Thick_Fat,Own_Tempo,Defiant,71,82,64,64,59,112,452,Basic,2
588,Stunky,4,Poison,Dark,Stench,Aftermath,Keen_Eye,63,63,47,41,41,74,329,Basic,1
589,Skuntank,4,Poison,Dark,Stench,Aftermath,Keen_Eye,103,93,67,71,61,84,479,Basic,2
590,Bronzor,4,Steel,Psychic,Levitate,Heatproof,Heavy_Metal,57,24,86,24,86,23,300,Basic,1
591,Bronzong,4,Steel,Psychic,Levitate,Heatproof,Heavy_Metal,67,89,116,79,116,33,500,Basic,2
592,Chatot,4,Normal,Flying,Keen_Eye,Tangled_Feet,Big_Pecks,76,65,45,92,42,91,411,Basic,1
593,Spiritomb,4,Ghost,Dark,Pressure,,Infiltrator,50,92,108,92,108,35,485,Basic,1
594,Gible,4,Dragon,Ground,Sand_Veil,,Rough_Skin,58,70,45,40,45,42,300,Basic,1
595,Gabite,4,Dragon,Ground,Sand_Veil,,Rough_Skin,68,90,65,50,55,82,410,Basic,2
596,Garchomp,4,Dragon,Ground,Sand_Veil,,Rough_Skin,108,130,95,80,85,102,600,Pseudo_Legendary,3
597,Mega_Garchomp,6,Dragon,Ground,Sand_Force,,,108,170,115,120,95,92,700,Pseudo_Legendary_Mega_Evolution,3
598,Mega_Garchomp_Z,9,Dragon,,,,,108,130,85,141,85,151,700,Not_Released,3
599,Riolu,4,Fighting,Steel,Steadfast,Inner_Focus,Prankster,40,70,40,35,40,60,285,Baby,1
600,Lucario,4,Fighting,Steel,Steadfast,Inner_Focus,Justified,70,110,70,115,70,90,525,Basic,2
601,Mega_Lucario,6,Fighting,Steel,Adaptability,,,70,145,88,140,70,112,625,Mega_Evolution,2
602,Mega_Lucario_Z,9,Fighting,Steel,,,,70,100,70,164,70,151,625,Not_Released,2
603,Hippopotas,4,Ground,,Sand_Stream,,Sand_Force,68,72,78,38,42,32,330,Basic,1
604,Hippowdon,4,Ground,,Sand_Stream,,Sand_Force,108,112,118,68,72,47,525,Basic,2
605,Skorupi,4,Poison,Bug,Battle_Armor,Sniper,Keen_Eye,40,50,90,30,55,65,330,Basic,1
606,Drapion,4,Poison,Dark,Battle_Armor,Sniper,Keen_Eye,70,90,110,60,75,95,500,Basic,2
607,Croagunk,4,Poison,Fighting,Anticipation,Dry_Skin,Poison_Touch,48,61,40,61,40,50,300,Basic,1
608,Toxicroak,4,Poison,Fighting,Anticipation,Dry_Skin,Poison_Touch,83,106,65,86,65,85,490,Basic,2
609,Carnivine,4,Grass,,Levitate,,,74,100,72,90,72,46,454,Basic,1
610,Finneon,4,Water,,Swift_Swim,Storm_Drain,Water_Veil,49,49,56,49,61,66,330,Basic,1
611,Lumineon,4,Water,,Swift_Swim,Storm_Drain,Water_Veil,69,69,76,69,86,91,460,Basic,2
612,Snover,4,Grass,Ice,Snow_Warning,,Soundproof,60,62,50,62,60,40,334,Basic,1
613,Abomasnow,4,Grass,Ice,Snow_Warning,,Soundproof,90,92,75,92,85,60,494,Basic,2
614,Mega_Abomasnow,6,Grass,Ice,Snow_Warning,,,90,132,105,132,105,30,594,Mega_Evolution,2
615,Rotom,4,Electric,Ghost,Levitate,,,50,50,77,95,77,91,440,Basic,1
616,Heat_Rotom,4,Electric,Fire,Levitate,,,50,65,107,105,107,86,520,Basic,1
617,Wash_Rotom,4,Electric,Water,Levitate,,,50,65,107,105,107,86,520,Basic,1
618,Frost_Rotom,4,Electric,Ice,Levitate,,,50,65,107,105,107,86,520,Basic,1
619,Fan_Rotom,4,Electric,Flying,Levitate,,,50,65,107,105,107,86,520,Basic,1
620,Mow_Rotom,4,Electric,Grass,Levitate,,,50,65,107,105,107,86,520,Basic,1
621,Uxie,4,Psychic,,Levitate,,,75,75,130,75,130,95,580,Sub_Legendary,1
622,Mesprit,4,Psychic,,Levitate,,,80,105,105,105,105,80,580,Sub_Legendary,1
623,Azelf,4,Psychic,,Levitate,,,75,125,70,125,70,115,580,Sub_Legendary,1
624,Dialga,4,Steel,Dragon,Pressure,,Telepathy,100,120,120,150,100,90,680,Legendary,1
625,Dialga_Origin_Forme,8,Steel,Dragon,Pressure,,Telepathy,100,100,120,150,120,90,680,Legendary_Alternate,1
626,Palkia,4,Water,Dragon,Pressure,,Telepathy,90,120,100,150,120,100,680,Legendary,1
627,Palkia_Origin_Forme,8,Water,Dragon,Pressure,,Telepathy,90,100,100,150,120,120,680,Legendary_Alternate,1
628,Heatran,4,Fire,Steel,Flash_Fire,,Flame_Body,91,90,106,130,106,77,600,Sub_Legendary,1
629,Mega_Heatran,9,Fire,Steel,,,,91,120,106,175,141,67,700,Not_Released,1
630,Regigigas,4,Normal,,Slow_Start,,,110,160,110,80,110,100,670,Legendary,1
631,Giratina,4,Ghost,Dragon,Pressure,,Telepathy,150,100,120,100,120,90,680,Legendary,1
632,Giratina_Origin_Forme,4,Ghost,Dragon,Levitate,,,150,120,100,120,100,90,680,Legendary_Alternate,1
633,Cresselia,4,Psychic,,Levitate,,,120,70,110,75,120,85,580,Sub_Legendary,1
634,Phione,4,Water,,Hydration,,,80,80,80,80,80,80,480,Mythical,1
635,Manaphy,4,Water,,Hydration,,,100,100,100,100,100,100,600,Mythical,1
636,Darkrai,4,Dark,,Bad_Dreams,,,70,90,90,135,90,125,600,Mythical,1
637,Mega_Darkrai,9,Dark,,,,,70,120,130,165,130,85,700,Not_Released,1
638,Shaymin_Land_Forme,4,Grass,,Natural_Cure,,,100,100,100,100,100,100,600,Mythical,1
639,Shaymin_Sky_Forme,4,Grass,Flying,Serene_Grace,,,100,103,75,120,75,127,600,Mythical,1
640,Arceus,4,Normal,,Multitype,,,120,120,120,120,120,120,720,Mythical,1
641,Victini,5,Psychic,Fire,Victory_Star,,,100,100,100,100,100,100,600,Mythical,1
642,Snivy,5,Grass,,Overgrow,,Contrary,45,45,55,45,55,63,308,Starter,1
643,Servine,5,Grass,,Overgrow,,Contrary,60,60,75,60,75,83,413,Starter,2
644,Serperior,5,Grass,,Overgrow,,Contrary,75,75,95,75,95,113,528,Starter,3
645,Tepig,5,Fire,,Blaze,,Thick_Fat,65,63,45,45,45,45,308,Starter,1
646,Pignite,5,Fire,Fighting,Blaze,,Thick_Fat,90,93,55,70,55,55,418,Starter,2
647,Emboar,5,Fire,Fighting,Blaze,,Thick_Fat,110,123,65,100,65,65,528,Starter,3
648,Mega_Emboar,9,Fire,Fighting,Mold_Breaker,,,110,148,75,110,110,75,628,Starter_Mega_Evolution,3
649,Oshawott,5,Water,,Torrent,,Shell_Armor,55,55,45,63,45,45,308,Starter,1
650,Dewott,5,Water,,Torrent,,Shell_Armor,75,75,60,83,60,60,413,Starter,2
651,Samurott,5,Water,,Torrent,,Shell_Armor,90,108,80,100,65,85,528,Starter,3
652,Hisuian_Samurott,8,Water,Dark,Torrent,,Sharpness,95,100,85,108,70,70,528,Starter_Regional_Variant,3
653,Patrat,5,Normal,,Run_Away,Keen_Eye,Analytic,45,55,39,35,39,42,255,Basic,1
654,Watchog,5,Normal,,Illuminate,Keen_Eye,Analytic,60,85,69,60,69,77,420,Basic,2
655,Liilipup,5,Normal,,Vital_Spirit,Pickup,Run_Away,45,60,45,25,45,55,275,Basic,1
656,Herdier,5,Normal,,Intimidate,Sand_Rush,Scrappy,65,80,65,35,65,60,370,Basic,2
657,Stoutland,5,Normal,,Intimidate,Sand_Rush,Scrappy,85,110,90,45,90,80,500,Basic,3
658,Purrloin,5,Dark,,Limber,Unburden,Prankster,41,50,37,50,37,66,281,Basic,1
659,Liepard,5,Dark,,Limber,Unburden,Prankster,64,88,50,88,50,106,446,Basic,2
660,Pansage,5,Grass,,Gluttony,,Overgrow,50,53,48,53,48,64,316,Basic,1
661,Simisage,5,Grass,,Gluttony,,Overgrow,75,98,63,98,63,101,498,Basic,2
662,Pansear,5,Fire,,Gluttony,,Blaze,50,53,48,53,48,64,316,Basic,1
663,Simisear,5,Fire,,Gluttony,,Blaze,75,98,63,98,63,101,498,Basic,2
664,Panpour,5,Water,,Gluttony,,Torrent,50,53,48,53,48,64,316,Basic,1
665,Simipour,5,Water,,Gluttony,,Torrent,75,98,63,98,63,101,498,Basic,2
666,Munna,5,Psychic,,Forewarn,Synchronize,Telepathy,76,25,45,67,55,24,292,Basic,1
667,Musharna,5,Psychic,,Forewarn,Synchronize,Telepathy,116,55,85,107,95,29,487,Basic,2
668,Pidove,5,Normal,Flying,Big_Pecks,Super_Luck,Rivalry,50,55,50,36,30,43,264,Basic,1
669,Tranquil,5,Normal,Flying,Big_Pecks,Super_Luck,Rivalry,62,77,62,50,42,65,358,Basic,2
670,Unfezant,5,Normal,Flying,Big_Pecks,Super_Luck,Rivalry,80,115,80,65,55,93,488,Basic,3
671,Blitzle,5,Electric,,Lightning_Rod,Motor_Drive,Sap_Sipper,45,60,32,50,32,76,295,Basic,1
672,Zebstrika,5,Electric,,Lightning_Rod,Motor_Drive,Sap_Sipper,75,100,63,80,63,116,497,Basic,2
673,Roggenrola,5,Rock,,Sturdy,Weak_Armor,Sand_Force,55,75,85,25,25,15,280,Basic,1
674,Boldore,5,Rock,,Sturdy,Weak_Armor,Sand_Force,70,105,105,50,40,20,390,Basic,2
675,Gigalith,5,Rock,,Sturdy,Sand_Stream,Sand_Force,85,135,130,60,80,25,515,Basic,3
676,Woobat,5,Psychic,Flying,Unaware,Klutz,Simple,65,45,43,55,43,72,323,Basic,1
677,Swoobat,5,Psychic,Flying,Unaware,Klutz,Simple,67,57,55,77,55,114,425,Basic,2
678,Drilbur,5,Ground,,Sand_Rush,Sand_Force,Mold_Breaker,60,85,40,30,45,68,328,Basic,1
679,Excadrill,5,Ground,Steel,Sand_Rush,Sand_Force,Mold_Breaker,110,135,60,50,65,88,508,Basic,2
680,Mega_Excadrill,9,Ground,Steel,Piercing_Drill,,,110,165,100,65,65,103,608,Mega_Evolution,2
681,Audino,5,Normal,,Healer,Regenerator,Klutz,103,60,86,60,86,50,445,Basic,1
682,Mega_Audino,6,Normal,Fairy,Healer,,,103,60,126,80,126,50,545,Mega_Evolution,1
683,Timburr,5,Fighting,,Guts,Sheer_Force,Iron_Fist,75,80,55,25,35,35,305,Basic,1
684,Gurdurr,5,Fighting,,Guts,Sheer_Force,Iron_Fist,85,105,85,40,50,40,405,Basic,2
685,Conkeldurr,5,Fighting,,Guts,Sheer_Force,Iron_Fist,105,140,95,55,65,45,505,Basic,3
686,Tympole,5,Water,Ground,Swift_Swim,Hydration,Water_Absorb,50,50,40,50,40,64,294,Basic,1
687,Palpitoad,5,Water,Ground,Swift_Swim,Hydration,Water_Absorb,75,65,55,65,55,69,384,Basic,2
688,Seismitoad,5,Water,Ground,Swift_Swim,Poison_Touch,Water_Absorb,105,95,75,85,75,74,509,Basic,3
689,Throh,5,Fighting,,Guts,Inner_Focus,Mold_Breaker,120,100,85,30,85,45,465,Basic,1
690,Sawk,5,Fighting,,Sturdy,Inner_Focus,Mold_Breaker,75,125,75,30,75,85,465,Basic,1
691,Sewaddle,5,Bug,Grass,Swarm,Chlorophyll,Overcoat,45,53,70,40,60,42,310,Basic,1
692,Swadloon,5,Bug,Grass,Leaf_Guard,Chlorophyll,Overcoat,55,63,90,50,80,42,380,Basic,2
693,Leavanny,5,Bug,Grass,Swarm,Chlorophyll,Overcoat,75,103,80,70,80,92,500,Basic,3
694,Venipede,5,Bug,Poison,Poison_Point,Swarm,Speed_Boost,30,45,59,30,39,57,260,Basic,1
695,Whirlipede,5,Bug,Poison,Poison_Point,Swarm,Speed_Boost,40,55,99,40,79,47,360,Basic,2
696,Scolipede,5,Bug,Poison,Poison_Point,Swarm,Speed_Boost,60,100,89,55,69,112,485,Basic,3
697,Mega_Scolipede,9,Bug,Poison,Shell_Armor,,,60,140,149,75,99,62,585,Mega_Evolution,3
698,Cottonee,5,Grass,Fairy,Prankster,Infiltrator,Chlorophyll,40,27,60,37,50,66,280,Basic,1
699,Whimsicott,5,Grass,Fairy,Prankster,Infiltrator,Chlorophyll,60,67,85,77,75,116,480,Basic,2
700,Petilil,5,Grass,,Chlorophyll,Own_Tempo,Leaf_Guard,45,35,50,70,50,30,280,Basic,1
701,Lilligant,5,Grass,,Chlorophyll,Own_Tempo,Leaf_Guard,70,60,75,110,75,90,480,Basic,2
702,Hisuian_Lilligant,8,Grass,Fighting,Chlorophyll,Hustle,Leaf_Guard,70,105,75,50,75,105,480,Regional_Variant,2
703,Red_Striped_Basculin,5,Water,,Reckless,Adaptability,Mold_Breaker,70,92,65,80,55,98,460,Basic,1
704,Blue_Striped_Basculin,5,Water,,Rock_Head,Adaptability,Mold_Breaker,70,92,65,80,55,98,460,Alternate,1
705,White_Striped_Basculin,8,Water,,Rattled,Adaptability,Mold_Breaker,70,92,65,80,55,98,460,Alternate,1
706,Basculegion_M,8,Water,Ghost,Swift_Swim,Adaptability,Mold_Breaker,120,112,65,80,75,78,530,Regional_Evolution,2
707,Basculegion_F,8,Water,Ghost,Swift_Swim,Adaptability,Mold_Breaker,120,92,65,100,75,78,530,Regional_Evolution_Alternate,2
708,Sandile,5,Ground,Dark,Intimidate,Moxie,Anger_Point,50,72,35,35,35,65,292,Basic,1
709,Krokorok,5,Ground,Dark,Intimidate,Moxie,Anger_Point,60,82,45,45,45,74,351,Basic,2
710,Krookodile,5,Ground,Dark,Intimidate,Moxie,Anger_Point,95,117,80,65,70,92,519,Basic,3
711,Darumaka,5,Fire,,Hustle,,Inner_Focus,70,90,45,15,45,50,315,Basic,1
712,Darmanitan,5,Fire,,Sheer_Force,,Zen_Mode,105,140,55,30,55,95,480,Basic,2
713,Darmanitan_Zen_Mode,5,Fire,Psychic,Sheer_Force,,Zen_Mode,105,30,105,140,105,55,540,Basic,2
714,Galarian_Darumaka,8,Ice,,Hustle,,Inner_Focus,70,90,45,15,45,50,315,Regional_Variant,1
715,Galarian_Darmanitan,8,Ice,,Gorilla_Tactics,,Zen_Mode,105,140,55,30,55,95,480,Regional_Variant,2
716,Galarian_Darmanitan_Zen_Mode,8,Ice,Fire,Gorilla_Tactics,,Zen_Mode,105,160,55,30,55,135,540,Regional_Variant,2
717,Maractus,5,Grass,,Water_Absorb,Chlorophyll,Storm_Drain,75,86,67,106,67,60,461,Basic,1
718,Dwebble,5,Bug,Rock,Sturdy,Shell_Armor,Weak_Armor,50,65,85,35,35,55,325,Basic,1
719,Crustle,5,Bug,Rock,Sturdy,Shell_Armor,Weak_Armor,70,105,125,65,75,45,485,Basic,2
720,Scraggy,5,Dark,Fighting,Shed_Skin,Moxie,Intimidate,50,75,70,35,70,48,348,Basic,1
721,Scrafty,5,Dark,Fighting,Shed_Skin,Moxie,Intimidate,65,90,115,45,115,58,488,Basic,2
722,Mega_Scrafty,9,Dark,Fighting,Intimidate,,,65,130,135,55,135,68,588,Mega_Evolution,3
723,Sigilyph,5,Psychic,Flying,Wonder_Skin,Magic_Guard,Tinted_Lens,72,58,80,103,80,97,490,Basic,1
724,Yamask,5,Ghost,,Mummy,,,38,30,85,55,65,30,303,Basic,1
725,Cofagrigus,5,Ghost,,Wandering_Spirit,,,38,55,85,30,65,30,303,Basic,2
726,Galarian_Yamask,8,Ground,Ghost,Mummy,,,58,50,145,95,105,30,483,Regional_Variant,1
727,Runerigas,8,Ground,Ghost,Wandering_Spirit,,,58,95,145,50,105,30,483,Regional_Variant_Evolution,2
728,Tirtouga,5,Water,Rock,Solid_Rock,Sturdy,Swift_Swim,54,78,103,53,45,22,355,Fossil,1
729,Carracosta,5,Water,Rock,Solid_Rock,Sturdy,Swift_Swim,74,108,133,83,65,32,495,Fossil,2
730,Archen,5,Rock,Flying,Defeatist,,,55,112,45,74,45,70,401,Fossil,1
731,Archeops,5,Rock,Flying,Defeatist,,,75,140,65,112,65,110,567,Fossil,2
732,Trubbish,5,Poison,,Stench,Sticky_Hold,Aftermath,50,50,62,40,62,65,329,Basic,1
733,Garbodor,5,Poison,,Stench,Weak_Armor,Aftermath,80,95,82,60,82,75,474,Basic,2
734,Zorua,5,Dark,,Illusion,,,40,65,40,80,40,65,330,Basic,1
735,Zoroark,5,Dark,,Illusion,,,60,105,60,120,60,105,510,Basic,2
736,Hisuian_Zorua,8,Normal,Ghost,Illusion,,,35,60,40,85,40,70,330,Regional_Variant,1
737,Hisuian_Zoroark,8,Normal,Ghost,Illusion,,,55,100,60,125,60,110,510,Regional_Variant,2
738,Minccino,5,Normal,,Cute_Charm,Technician,Skill_Link,55,50,40,40,40,75,300,Basic,1
739,Cinccino,5,Normal,,Cute_Charm,Technician,Skill_Link,75,95,60,65,60,115,470,Basic,2
740,Gothita,5,Psychic,,Frisk,Competitve,Shadow_Tag,45,30,50,55,65,45,290,Basic,1
741,Gothorita,5,Psychic,,Frisk,Competitve,Shadow_Tag,60,45,70,75,85,55,390,Basic,2
742,Gothitelle,5,Psychic,,Frisk,Competitve,Shadow_Tag,70,55,95,95,110,65,490,Basic,3
743,Solosis,5,Psychic,,Overcoat,Magic_Guard,Regenerator,45,30,40,105,50,20,290,Basic,1
744,Duosion,5,Psychic,,Overcoat,Magic_Guard,Regenerator,65,40,50,125,60,30,370,Basic,2
745,Reuniclus,5,Psychic,,Overcoat,Magic_Guard,Regenerator,110,65,75,125,85,30,490,Basic,3
746,Ducklett,5,Water,Flying,Keen_Eye,Big_Pecks,Hydration,62,44,50,44,50,55,305,Basic,1
747,Swanna,5,Water,Flying,Keen_Eye,Big_Pecks,Hydration,75,87,63,87,63,98,473,Basic,2
748,Vanillite,5,Ice,,Ice_Body,Snow_Cloak,Weak_Armor,36,50,50,65,60,44,305,Basic,1
749,Vanillish,5,Ice,,Ice_Body,Snow_Cloak,Weak_Armor,51,65,65,80,75,59,395,Basic,2
750,Vanilluxe,5,Ice,,Ice_Body,Snow_Warning,Weak_Armor,71,95,85,110,95,79,535,Basic,3
751,Deerling,5,Normal,Grass,Chlorophyll,Sap_Sipper,Serene_Grace,60,60,50,40,50,75,335,Basic,1
752,Sawsbuck,5,Normal,Grass,Chlorophyll,Sap_Sipper,Serene_Grace,80,100,70,60,70,95,475,Basic,2
753,Emolga,5,Electric,Flying,Static,,Motor_Drive,55,75,60,75,60,103,428,Basic,1
754,Karrablast,5,Bug,,Swarm,Shed_Skin,No_Guard,50,75,45,40,45,60,315,Basic,1
755,Escavalier,5,Bug,Steel,Swarm,Shell_Armor,Overcoat,70,135,105,60,105,20,495,Basic,2
756,Foongus,5,Grass,Poison,Effect_Spore,,Regenerator,69,55,45,55,55,15,294,Basic,1
757,Amoonguss,5,Grass,Poison,Effect_Spore,,Regenerator,114,85,70,85,80,30,464,Basic,2
758,Frillish,5,Water,Ghost,Water_Absorb,Cursed_Body,Damp,55,40,50,65,85,40,335,Basic,1
759,Jellicent,5,Water,Ghost,Water_Absorb,Cursed_Body,Damp,100,60,70,85,105,60,480,Basic,2
760,Alomomola,5,Water,,Healer,Hydration,Regenerator,165,75,80,40,45,65,470,Basic,1
761,Joltik,5,Bug,Electric,Compound_Eyes,Unnerve,Swarm,50,47,50,57,50,65,319,Basic,1
762,Galvantula,5,Bug,Electric,Compound_Eyes,Unnerve,Swarm,70,77,60,97,60,108,472,Basic,2
763,Ferroseed,5,Grass,Steel,Iron_Barbs,,,44,50,91,24,86,10,305,Basic,1
764,Ferrothorn,5,Grass,Steel,Iron_Barbs,,Anticipation,74,94,131,54,116,20,489,Basic,2
765,Klink,5,Steel,,Plus,Minus,Clear_Body,40,55,70,45,60,30,300,Basic,1
766,Klang,5,Steel,,Plus,Minus,Clear_Body,60,80,95,70,85,50,440,Basic,2
767,Klinklang,5,Steel,,Plus,Minus,Clear_Body,60,100,115,70,85,90,520,Basic,3
768,Tynamo,5,Electric,,Levitate,,,35,55,40,45,40,60,275,Basic,1
769,Eelektrik,5,Electric,,Levitate,,,65,85,70,75,70,40,405,Basic,2
770,Eelektross,5,Electric,,Levitate,,,85,115,80,105,80,50,515,Basic,3
771,Mega_Eelektross,9,Electric,,Eelevate,,,85,145,80,135,90,80,615,Mega_Evolution,3
772,Elgyem,5,Psychic,,Telepathy,Synchronize,Analytic,55,55,55,85,55,30,335,Basic,1
773,Beheeyem,5,Psychic,,Telepathy,Synchronize,Analytic,75,75,75,125,95,40,485,Basic,2
774,Litwick,5,Ghost,Fire,Flash_Fire,Flame_Body,Infiltrator,50,30,55,65,55,20,275,Basic,1
775,Lampent,5,Ghost,Fire,Flash_Fire,Flame_Body,Infiltrator,60,40,60,95,60,55,370,Basic,2
776,Chandelure,5,Ghost,Fire,Flash_Fire,Flame_Body,Infiltrator,60,55,90,145,90,80,520,Basic,3
777,Mega_Chandelure,9,Ghost,Fire,Infiltrator,,,60,75,110,175,110,90,620,Basic,3
778,Axew,5,Dragon,,Rivalry,Mold_Breaker,Unnerve,46,87,60,30,40,57,320,Basic,1
779,Fraxure,5,Dragon,,Rivalry,Mold_Breaker,Unnerve,66,117,70,40,50,67,410,Basic,2
780,Haxorus,5,Dragon,,Rivalry,Mold_Breaker,Unnerve,76,147,90,60,70,97,540,Basic,3
781,Cubchoo,5,Ice,,Snow_Cloak,Slush_Rush,Rattled,55,70,40,60,40,40,305,Basic,1
782,Beartic,5,Ice,,Snow_Cloak,Slush_Rush,Swift_Swim,95,130,80,70,80,50,505,Basic,2
783,Cryogonal,5,Ice,,Levitate,,,80,50,50,95,135,105,515,Basic,1
784,Shelmet,5,Bug,,Hydration,Shell_Armor,Overcoat,50,40,85,40,65,25,305,Basic,1
785,Accelgor,5,Bug,,Hydration,Sticky_Hold,Unburden,80,70,40,100,60,145,495,Basic,2
786,Stunfisk,5,Ground,Electric,Static,Limber,Sand_Veil,109,66,84,81,99,32,471,Basic,1
787,Galarian_Stunfisk,8,Ground,Steel,Mimicry,,,109,81,99,66,84,32,471,Regional_Variant,1
788,Mienfoo,5,Fighting,,Inner_Focus,Regenerator,Reckless,45,85,50,55,50,65,350,Basic,1
789,Mienshao,5,Fighting,,Inner_Focus,Regenerator,Reckless,65,125,60,95,60,105,510,Basic,2
790,Druddigon,5,Dragon,,Rough_Skin,Sheer_Force,Mold_Breaker,77,120,90,60,90,48,485,Basic,1
791,Golett,5,Ground,Ghost,Iron_Fist,Klutz,No_Guard,59,74,50,35,50,35,303,Basic,1
792,Golurk,5,Ground,Ghost,Iron_Fist,Klutz,No_Guard,89,124,80,55,80,55,483,Basic,2
793,Mega_Golurk,9,Ground,Ghost,Unseen_Fist,,,89,159,105,70,105,55,583,Mega_Evolution,2
794,Pawniard,5,Dark,Steel,Defiant,Inner_Focus,Pressure,45,85,70,40,40,60,340,Basic,1
795,Bisharp,5,Dark,Steel,Defiant,Inner_Focus,Pressure,65,125,100,60,70,70,490,Basic,2
796,Kingambit,9,Dark,Steel,Defiant,Supreme_Overlord,Pressure,100,135,120,60,85,50,550,Basic,3
797,Bouffalant,5,Normal,,Reckless,Sap_Sipper,Soundproof,95,110,95,40,95,55,490,Basic,1
798,Rufflet,5,Normal,Flying,Keen_Eye,Sheer_Force,Hustle,70,83,50,37,50,60,350,Basic,1
799,Braviary,5,Normal,Flying,Keen_Eye,Sheer_Force,Defiant,100,123,75,57,75,80,510,Basic,2
800,Hisuian_Braviary,8,Psychic,Flying,Keen_Eye,Sheer_Force,Tinted_Lens,110,83,70,112,70,65,510,Regional_Variant,2
801,Vullaby,5,Dark,Flying,Big_Pecks,Overcoat,Weak_Armor,70,55,75,45,65,60,370,Basic,1
802,Mandibuzz,5,Dark,Flying,Big_Pecks,Overcoat,Weak_Armor,110,65,105,55,95,80,510,Basic,2
803,Heatmor,5,Fire,,Gluttony,Flash_Fire,White_Smoke,85,97,66,105,66,65,484,Basic,1
804,Durant,5,Bug,Steel,Swarm,Hustle,Truant,58,109,112,48,48,109,484,Basic,1
805,Deino,5,Dark,Dragon,Hustle,,,52,65,50,45,50,38,300,Basic,1
806,Zweilous,5,Dark,Dragon,Hustle,,,72,85,70,65,70,58,420,Basic,2
807,Hydreigon,5,Dark,Dragon,Levitate,,,92,105,90,125,90,98,600,Pseudo_Legendary,3
808,Larvesta,5,Bug,Fire,Flame_Body,,Swarm,55,85,55,50,55,60,360,Basic,1
809,Volcarona,5,Bug,Fire,Flame_Body,,Swarm,85,60,65,135,105,100,550,Basic,2
810,Cobalion,5,Steel,Fighting,Justified,,,91,90,129,90,72,108,580,Sub_Legendary,1
811,Terrakion,5,Rock,Fighting,Justified,,,91,129,90,72,90,108,580,Sub_Legendary,1
812,Virizion,5,Grass,Fighting,Justified,,,91,90,72,90,129,108,580,Sub_Legendary,1
813,Tornadus_Incarnate,5,Flying,,Prankster,,Defiant,79,115,70,125,80,111,580,Sub_Legendary,1
814,Tornadus_Therian,5,Flying,,Regenerator,,,79,100,80,110,90,121,580,Sub_Legendary_Alternate,1
815,Thundurus_Incarnate,5,Electric,Flying,Prankster,,Defiant,79,115,70,125,80,111,580,Sub_Legendary,1
816,Thundurus_Therian,5,Electric,Flying,Volt_Absorb,,,79,105,70,145,80,101,580,Sub_Legendary_Alternate,1
817,Reshiram,5,Dragon,Fire,Turboblaze,,,100,120,100,150,120,90,680,Legendary,1
818,Zekrom,5,Dragon,Electric,Teravolt,,,100,150,120,120,100,90,680,Legendary,1
819,Landorus_Incarnate,5,Ground,Flying,Sand_Force,,Sheer_Force,89,125,90,115,80,101,600,Sub_Legendary,1
820,Landorus_Therian,5,Ground,Flying,Intimidate,,,89,145,90,105,80,91,600,Sub_Legendary_Alternate,1
821,Kyurem,5,Dragon,Ice,Pressure,,,125,130,90,130,90,95,660,Legendary,1
822,White_Kyurem,5,Dragon,Ice,Turboblaze,,,125,120,90,170,100,95,700,Legendary_Alternate,1
823,Black_Kyurem,5,Dragon,Ice,Teravolt,,,125,170,100,120,90,95,700,Legendary_Alternate,1
824,Keldeo,5,Water,Fighting,Justified,,,91,72,90,129,90,108,580,Mythical,1
825,Resolute_Forme_Keldeo,5,Water,Fighting,Justified,,,91,72,90,129,90,108,580,Alternate_Form,1
826,Meloetta_Aria_Forme,5,Normal,Psychic,Serene_Grace,,,100,77,77,128,128,90,600,Mythical,1
827,Meloetta_Pirouette_Forme,5,Normal,Fighting,Serene_Grace,,,100,128,90,77,77,128,600,Mythical,1
828,Genesect,5,Bug,Steel,Download,,,71,120,95,120,95,99,600,Mythical,1
829,Chespin,6,Grass,,Overgrow,,Bulletproof,56,61,65,48,45,38,313,Starter,1
830,Quilladin,6,Grass,,Overgrow,,Bulletproof,61,78,95,56,58,57,405,Starter,2
831,Chesnaught,6,Grass,Fighting,Overgrow,,Bulletproof,88,107,122,74,75,64,530,Starter,3
832,Mega_Chesnaught,9,Grass,Fighting,Bulletproof,,,88,137,172,74,115,44,630,Starter_Mega_Evolution,3
833,Fennekin,6,Fire,,Blaze,,Magician,40,45,40,62,60,60,307,Starter,1
834,Braixen,6,Fire,,Blaze,,Magician,59,59,58,90,70,73,409,Starter,2
835,Delphox,6,Fire,Psychic,Blaze,,Magician,75,69,72,114,100,104,534,Starter,3
836,Mega_Delphox,9,Fire,Psychic,Levitate,,,75,69,72,159,125,134,634,Starter_Mega_Evolution,3
837,Froakie,6,Water,,Torrent,,Protean,41,56,40,62,44,71,314,Starter,1
838,Frogadier,6,Water,,Torrent,,Protean,54,63,52,83,56,97,405,Starter,2
839,Greninja,6,Water,Dark,Torrent,,Protean,72,95,67,103,71,122,530,Starter,3
840,Mega_Greninja,9,Water,Dark,Protean,,,72,125,77,133,81,142,630,Starter_Mega_Evolution,3
841,Ash_Greninja,7,Water,Dark,Battle_Bond,,,72,145,67,153,71,132,640,Special,3
842,Bunnelby,6,Normal,,Pickup,Cheek_Pouch,Huge_Power,38,36,38,32,36,57,237,Basic,1
843,Diggersby,6,Normal,Ground,Pickup,Cheek_Pouch,Huge_Power,85,56,77,50,77,78,423,Basic,2
844,Fletchling,6,Normal,Flying,Big_Pecks,,Gale_Wings,45,50,43,40,38,62,278,Basic,1
845,Fletchinder,6,Fire,Flying,Flame_Body,,Gale_Wings,62,73,55,56,52,84,382,Basic,2
846,Talonflame,6,Fire,Flying,Flame_Body,,Gale_Wings,78,81,71,74,69,126,499,Basic,3
847,Scatterbug,6,Bug,,Shield_Dust,Compound_Eyes,Friend_Guard,38,35,40,27,25,35,200,Basic,1
848,Spewpa,6,Bug,,Shed_Skin,,Friend_Guard,45,22,60,27,30,29,213,Basic,2
849,Vivllion,6,Bug,Flying,Shield_Dust,Compound_Eyes,Friend_Guard,80,52,50,90,50,89,411,Basic,3
850,Litleo,6,Fire,Normal,Rivalry,Unnerve,Moxie,62,50,58,73,54,72,369,Basic,1
851,Pyroar,6,Fire,Normal,Rivalry,Unnerve,Moxie,86,68,72,109,66,106,507,Basic,2
852,Mega_Pyroar,9,Fire,Normal,Fire_Mane,,,86,88,92,129,86,126,607,Mega_Evolution,2
853,Flabebe,6,Fairy,,Flower_Veil,,Symbiosis,44,38,39,61,79,42,303,Basic,1
854,Floette,6,Fairy,,Flower_Veil,,Symbiosis,54,45,47,75,98,52,371,Basic,2
855,Eternal_Floette,6,Fairy,,Flower_Veil,,Symbiosis,74,65,67,125,128,92,551,Basic,2
856,Mega_Eternal_Floette,9,Fairy,,Fairy_Aura,,,74,85,87,155,148,102,651,Mega_Evolution,2
857,Florges,6,Fairy,,Flower_Veil,,Symbiosis,78,65,68,112,154,75,552,Basic,3
858,Skiddo,6,Grass,,Sap_Sipper,,Grass_Pelt,66,65,48,62,57,52,350,Basic,1
859,Gogoat,6,Grass,,Sap_Sipper,,Grass_Pelt,123,100,62,97,81,68,531,Basic,2
860,Pancham,6,Fighting,,Iron_Fist,Mold_Breaker,Scrappy,67,82,62,46,48,43,348,Basic,1
861,Pangoro,6,Fighting,Dark,Iron_Fist,Mold_Breaker,Scrappy,95,124,78,69,71,58,495,Basic,2
862,Furfrou,6,Normal,,Fur_Coat,,,75,80,60,65,90,102,472,Basic,1
863,Espurr,6,Psychic,,Keen_Eye,Infiltrator,Own_Tempo,62,48,54,63,60,68,355,Basic,1
864,Meowstic_M,6,Psychic,,Keen_Eye,Infiltrator,Prankster,74,48,76,83,81,104,466,Basic,2
865,Meowstic_F,6,Psychic,,Keen_Eye,Infiltrator,Competitive,74,48,76,83,81,104,466,Alternate,2
866,Mega_Meowstic,6,Psychic,,Trace,,,74,48,76,143,101,124,566,Mega_Evolution,2
867,Honedge,6,Steel,Ghost,No_Guard,,,45,80,100,35,37,28,325,Basic,1
868,Doublade,6,Steel,Ghost,No_Guard,,,59,110,150,45,49,35,448,Basic,2
869,Aegislash_Shield_Forme,6,Steel,Ghost,Stance_Change,,,60,50,140,50,140,60,500,Basic,3
870,Aegislash_Blade_Forme,6,Steel,Ghost,Stance_Change,,,60,140,50,140,50,60,500,Alternate,3
871,Spritzee,6,Fairy,,Healer,,Aroma_Veil,78,52,60,63,65,23,341,Basic,1
872,Aromatisse,6,Fairy,,Healer,,Aroma_Veil,101,72,72,99,89,29,462,Basic,2
873,Swirlix,6,Fairy,,Sweet_Veil,,Unburden,62,48,66,59,57,49,341,Basic,1
874,Slurpuff,6,Fairy,,Sweet_Veil,,Unburden,82,80,86,85,75,72,480,Basic,2
875,Inkay,6,Dark,Psychic,Contrary,Suction_Cups,Infiltrator,53,54,53,37,46,45,288,Basic,1
876,Malamar,6,Dark,Psychic,Contrary,Suction_Cups,Infiltrator,86,92,88,68,75,73,482,Basic,2
877,Mega_Malamar,9,Dark,Psychic,Contrary,,,86,102,88,98,120,88,582,Mega_Evolution,2
878,Binacle,6,Rock,Water,Sniper,Tough_Claws,Pickpocket,42,52,67,39,56,50,306,Basic,1
879,Barbaracle,6,Rock,Water,Sniper,Tough_Claws,Pickpocket,72,105,115,54,86,68,500,Basic,2
880,Mega_Barbaracle,9,Rock,Fighting,Tough_Claws,,,72,140,130,64,106,88,600,Mega_Evolution,2
881,Skrelp,6,Poison,Water,Poison_Point,Poison_Touch,Adaptability,50,60,60,60,60,30,320,Basic,1
882,Dragalge,6,Poison,Dragon,Poison_Point,Poison_Touch,Adaptability,65,75,90,97,123,44,494,Basic,2
883,Mega_Dragalge,9,Poison,Dragon,Regenerator,,,65,85,105,132,163,44,594,Mega_Evolution,2
884,Clauncher,6,Water,,Mega_Launcher,,,50,53,62,58,63,44,330,Basic,1
885,Clawitzer,6,Water,,Mega_Launcher,,,71,73,88,120,89,59,500,Basic,2
886,Helioptile,6,Electric,Normal,Dry_Skin,Sand_Veil,Solar_Power,44,38,33,61,43,70,289,Basic,1
887,Heliolisk,6,Electric,Normal,Dry_Skin,Sand_Veil,Solar_Power,62,55,52,109,94,109,481,Basic,2
888,Tyrunt,6,Rock,Dragon,Strong_Jaw,,Sturdy,58,89,77,45,45,48,362,Fossil,1
889,Tyrantrum,6,Rock,Dragon,Strong_Jaw,,Rock_Head,82,121,119,69,59,71,521,Fossil,2
890,Amaura,6,Rock,Ice,Refrigerate,,Snow_Warning,77,59,50,67,63,46,362,Fossil,1
891,Aurorus,6,Rock,Ice,Refrigerate,,Snow_Warning,123,77,72,99,92,58,521,Fossil,2
892,Hawlucha,6,Fighting,Flying,Limber,Unburden,Mold_Breaker,78,92,75,74,63,118,500,Basic,1
893,Mega_Hawlucha,9,Fighting,Flying,No_Guard,,,78,137,100,74,93,118,600,Mega_Evolution,1
894,Dedenne,6,Electric,Fairy,Cheek_Pouch,Pickup,Plus,67,58,57,81,67,101,431,Basic,1
895,Carbink,6,Rock,Fairy,Clear_Body,,Sturdy,50,50,150,50,150,50,500,Basic,1
896,Goomy,6,Dragon,,Sap_Sipper,Hydration,Gooey,45,50,35,55,75,40,300,Basic,1
897,Sliggoo,6,Dragon,,Sap_Sipper,Hydration,Gooey,68,75,53,83,113,60,452,Basic,2
898,Goodra,6,Dragon,,Sap_Sipper,Hydration,Gooey,90,100,70,110,150,80,600,Pseudo_Legendary,3
899,Hisuian_Sliggoo,8,Dragon,Steel,Sap_Sipper,Shell_Armor,Gooey,58,75,83,83,113,40,452,Regional_Variant,2
900,Hisuian_Goodra,8,Dragon,Steel,Sap_Sipper,Shell_Armor,Gooey,80,100,100,110,150,60,600,Pseudo_Legendary_Regional_Variant,3
901,Klefki,6,Steel,Fairy,Prankster,,Magician,57,80,91,80,87,75,470,Basic,1
902,Phantump,6,Ghost,Grass,Natural_Cure,Frisk,Harvest,43,70,48,50,60,38,309,Basic,1
903,Trevenant,6,Ghost,Grass,Natural_Cure,Frisk,Harvest,85,110,76,65,82,56,474,Basic,2
904,Pumpkaboo_Average_Size,6,Ghost,Grass,Pickup,Frisk,Insomnia,49,66,70,44,55,51,335,Basic,1
905,Pumpkaboo_Small_Size,6,Ghost,Grass,Pickup,Frisk,Insomnia,44,66,70,44,55,56,335,Alternate,1
906,Pumpkaboo_Large_Size,6,Ghost,Grass,Pickup,Frisk,Insomnia,54,66,70,44,55,46,335,Alternate,1
907,Pumpkaboo_Super_Size,6,Ghost,Grass,Pickup,Frisk,Insomnia,59,66,70,44,55,41,335,Alternate,1
908,Gourgeist_Average_Size,6,Ghost,Grass,Pickup,Frisk,Insomnia,65,90,122,58,75,84,494,Basic,2
909,Gourgeist_Small_Size,6,Ghost,Grass,Pickup,Frisk,Insomnia,55,85,122,58,75,99,494,Alternate,2
910,Gourgeist_Large_Size,6,Ghost,Grass,Pickup,Frisk,Insomnia,75,95,122,58,75,69,494,Alternate,2
911,Gourgeist_Super_Size,6,Ghost,Grass,Pickup,Frisk,Insomnia,85,100,122,58,75,54,494,Alternate,2
912,Bergmite,6,Ice,,Own_Tempo,Ice_Body,Sturdy,55,69,85,32,35,28,304,Basic,1
913,Avalugg,6,Ice,,Own_Tempo,Ice_Body,Sturdy,95,117,184,44,46,28,514,Basic,2
914,Hisuian_Avalugg,8,Ice,Rock,Strong_Jaw,Ice_Body,Sturdy,95,127,184,34,36,38,514,Regional_Variant,2
915,Noibat,6,Flying,Dragon,Frisk,Infiltrator,Telepathy,40,30,35,45,40,55,245,Basic,1
916,Noivern,6,Flying,Dragon,Frisk,Infiltrator,Telepathy,85,70,80,97,80,123,535,Basic,2
917,Xerneas,6,Fairy,,Fairy_Aura,,,126,131,95,131,98,99,680,Legendary,1
918,Yveltal,6,Dark,Flying,Dark_Aura,,,126,131,95,131,98,99,680,Legendary,1
919,Zygarde_10%_Forme,6,Dragon,Ground,Aura_Break,,Power_Construct,54,100,71,61,85,115,486,Legendary,1
920,Zygarde_50%_Forme,6,Dragon,Ground,Aura_Break,,Power_Construct,108,100,121,81,95,95,600,Legendary_Alternate,1
921,Zygarde_100%_Forme,6,Dragon,Ground,Power_Construct,,,216,100,121,91,95,85,708,Legendary_Alternate,1
922,Mega_Zygarde,9,Dragon,Ground,,,,216,70,91,216,85,100,778,Not_Released,1
923,Diancie,6,Rock,Fairy,Clear_Body,,,50,100,150,100,150,50,600,Mythical,1
924,Mega_Diancie,6,Rock,Fairy,Magic_Bounce,,,50,160,110,160,110,110,700,Mythical_Mega_Evolution,1
925,Hoopa_Confined,6,Psychic,Ghost,Magician,,,80,110,60,150,130,70,600,Mythical,1
926,Hoopa_Unbound,6,Psychic,Dark,Magician,,,80,160,60,170,130,80,680,Mythical,1
927,Volcanion,6,Fire,Water,Water_Absorb,,,80,110,120,130,90,70,600,Mythical,1
928,Rowlet,7,Grass,Flying,Overgrow,,Long_Reach,68,55,55,50,50,42,320,Starter,1
929,Dartrix,7,Grass,Flying,Overgrow,,Long_Reach,78,75,75,70,70,52,420,Starter,2
930,Decidueye,7,Grass,Ghost,Overgrow,,Long_Reach,78,107,75,100,100,70,530,Starter,3
931,Hisuian_Decidueye,8,Grass,Fighting,Overgrow,,Scrappy,88,112,80,95,95,60,530,Starter_Regional_Variant,3
932,Litten,7,Fire,,Blaze,,Intimidate,45,65,40,60,40,70,320,Starter,1
933,Torracat,7,Fire,,Blaze,,Intimidate,65,85,50,80,50,90,420,Starter,2
934,Incineroar,7,Fire,Dark,Blaze,,Intimidate,95,115,90,80,90,60,530,Starter,3
935,Popplio,7,Water,,Torrent,,Liquid_Voice,50,54,54,66,56,40,320,Starter,1
936,Brionne,7,Water,,Torrent,,Liquid_Voice,60,69,69,91,81,50,420,Starter,2
937,Primarina,7,Water,Fairy,Torrent,,Liquid_Voice,80,74,74,126,116,60,530,Starter,3
938,Pikipek,7,Normal,Flying,Keen_Eye,Skill_Link,Pickup,35,75,30,30,30,65,265,Basic,1
939,Trumbeak,7,Normal,Flying,Keen_Eye,Skill_Link,Pickup,55,85,50,40,50,75,355,Basic,2
940,Toucannon,7,Normal,Flying,Keen_Eye,Skill_Link,Sheer_Force,80,120,75,75,75,60,485,Basic,3
941,Yungoos,7,Normal,,Strong_Jaw,Stakeout,Adaptability,48,70,30,30,30,45,253,Basic,1
942,Gumshoos,7,Normal,,Strong_Jaw,Stakeout,Adaptability,88,110,60,55,60,45,418,Basic,2
943,Grubbin,7,Bug,,Swarm,,,47,62,45,55,45,46,300,Basic,1
944,Charjabug,7,Bug,Electric,Battery,,,57,82,95,55,75,36,400,Basic,2
945,Vikavolt,7,Bug,Electric,Levitate,,,77,70,90,145,75,43,500,Basic,3
946,Crabrawler,7,Fighting,,Hyper_Cutter,Iron_Fist,Anger_Point,47,82,57,42,47,63,338,Basic,1
947,Crabominable,7,Fighting,Ice,Hyper_Cutter,Iron_Fist,Anger_Point,97,132,77,62,67,43,478,Basic,2
948,Mega_Crabominable,9,Fighting,Ice,Iron_Fist,,,97,157,122,62,107,33,578,Mega_Evolution,2
949,Oricorio_Baile_Style,7,Fire,Flying,Dancer,,,75,70,70,98,70,93,476,Basic,1
950,Oricorio_Pom-Pom_Style,7,Electric,Flying,Dancer,,,75,70,70,98,70,93,476,Basic,1
951,Oricorio_Pa'u_Style,7,Psychic,Flying,Dancer,,,75,70,70,98,70,93,476,Basic,1
952,Oricorio_Sensu_Style,7,Ghost,Flying,Dancer,,,75,70,70,98,70,93,476,Basic,1
953,Cutiefly,7,Bug,Fairy,Honey_Gather,Shield_Dust,Sweet_Veil,40,45,40,55,40,84,304,Basic,1
954,Ribombee,7,Bug,Fairy,Honey_Gather,Shield_Dust,Sweet_Veil,60,55,60,95,70,124,464,Basic,2
955,Rockruff,7,Rock,,Keen_Eye,Vital_Spirit,Steadfast,45,65,40,30,40,60,280,Basic,1
956,Rockruff_Own_Tempo,7,Rock,,Own_Tempo,,,45,65,40,30,40,60,280,Alternate,1
957,Lycanroc_Midday_Forme,7,Rock,,Keen_Eye,Sand_Rush,Steadfast,75,115,65,55,65,112,487,Basic,2
958,Lycanroc_Midnight_Forme,7,Rock,,Keen_Eye,Vital_Spirit,No_Guard,85,115,75,55,75,82,487,Basic,2
959,Lycanroc_Dusk_Forme,7,Rock,,Tough_Claws,,,75,117,65,55,65,110,487,Basic,2
960,Wishiwashi_Solo_Forme,7,Water,,Schooling,,,45,20,20,25,25,40,175,Basic,1
961,Wishiwashi_School_Forme,7,Water,,Schooling,,,45,140,130,140,135,30,620,Alternate,2
962,Mareanie,7,Poison,Water,Merciless,Limber,Regenerator,50,53,62,43,52,45,305,Basic,1
963,Toxapex,7,Poison,Water,Merciless,Limber,Regenerator,50,63,152,53,142,35,495,Basic,2
964,Mudbray,7,Ground,,Own_Tempo,Stamina,Inner_Focus,70,100,70,45,55,45,385,Basic,1
965,Mudsdale,7,Ground,,Own_Tempo,Stamina,Inner_Focus,100,125,100,55,85,35,500,Basic,2
966,Dewpider,7,Water,Bug,Water_Bubble,,Water_Absorb,38,40,52,40,72,27,269,Basic,1
967,Araquanid,7,Water,Bug,Water_Bubble,,Water_Absorb,68,70,92,50,132,42,454,Basic,2
968,Fomantis,7,Grass,,Leaf_Guard,,Contrary,40,55,35,50,35,35,250,Basic,1
969,Lurantis,7,Grass,,Leaf_Guard,,Contrary,70,105,90,80,90,45,480,Basic,2
970,Morelull,7,Grass,Fairy,Illuminate,Effect_Spore,Rain_Dish,40,35,55,65,75,15,285,Basic,1
971,Shiinotic,7,Grass,Fairy,Illuminate,Effect_Spore,Rain_Dish,60,45,80,90,100,30,405,Basic,2
972,Salandit,7,Poison,Fire,Corrosion,,Oblivious,48,44,40,71,40,77,320,Basic,1
973,Salazzle,7,Poison,Fire,Corrosion,,Oblivious,68,64,60,111,60,117,480,Basic,2
974,Stufful,7,Normal,Fighting,Fluffy,Klutz,Cute_Charm,70,75,50,45,50,50,340,Basic,1
975,Bewear,7,Normal,Fighting,Fluffy,Klutz,Unnerve,120,125,80,55,60,60,500,Basic,2
976,Bounsweet,7,Grass,,Leaf_Guard,Oblivious,Sweet_Veil,42,30,38,30,38,32,210,Basic,1
977,Steenee,7,Grass,,Leaf_Guard,Oblivious,Sweet_Veil,52,40,48,40,48,62,290,Basic,2
978,Tsareena,7,Grass,,Leaf_Guard,Queenly_Majesty,Sweet_Veil,72,120,98,50,98,72,510,Basic,3
979,Comfey,7,Fairy,,Flower_Veil,Triage,Natural_Cure,51,52,90,82,110,100,485,Basic,1
980,Oranguru,7,Normal,Psychic,Inner_Focus,Telepathy,Symbiosis,90,60,80,90,110,60,490,Basic,1
981,Passimian,7,Fighting,,Receiver,,Defiant,100,120,90,40,60,80,490,Basic,1
982,Wimpod,7,Bug,Water,Wimp_Out,,,25,35,40,20,30,80,230,Basic,1
983,Golisopod,7,Bug,Water,Emergency_Exit,,,75,125,140,60,90,40,530,Basic,2
984,Mega_Golisopod,9,Bug,Steel,,,,75,150,175,70,120,40,630,Not_Released,2
985,Sandygast,7,Ghost,Ground,Water_Compaction,,Sand_Veil,55,55,80,70,45,15,320,Basic,1
986,Palossand,7,Ghost,Ground,Water_Compaction,,Sand_Veil,85,75,110,100,75,35,480,Basic,2
987,Pyukumuku,7,Water,,Innards_Out,,Unaware,55,60,130,30,130,5,410,Basic,1
988,Type:Null,7,Normal,,Battle_Armor,,,95,95,95,95,95,59,534,Basic,1
989,Silvally,7,Normal,,RKS_System,,,95,95,95,95,95,95,570,Basic,2
990,Minior_Meteor_Forme,7,Rock,Flying,Shields_Down,,,60,60,100,60,100,60,440,Basic,1
991,Minior_Core_Forme,7,Rock,Flying,Shields_Down,,,60,100,60,100,60,120,500,Alternate,1
992,Komala,7,Normal,,Comatose,,,65,115,65,75,95,65,480,Basic,1
993,Turtonator,7,Fire,Dragon,Shell_Armor,,,60,78,135,91,85,36,485,Basic,1
994,Togedemaru,7,Electric,Steel,Iron_Barbs,Lightning_Rod,Sturdy,65,98,63,40,73,96,435,Basic,1
995,Mimikyu,7,Ghost,Fairy,Disguise,,,55,90,80,50,105,96,476,Basic,1
996,Bruxish,7,Water,Psychic,Dazzling,Strong_Jaw,Wonder_Skin,68,105,70,70,70,92,475,Basic,1
997,Drampa,7,Normal,Dragon,Berserk,Sap_Sipper,Cloud_Nine,78,60,85,135,91,36,485,Basic,1
998,Mega_Drampa,9,Normal,Dragon,Berserk,,,78,85,110,160,116,36,585,Mega_Evolution,1
999,Dhelmise,7,Ghost,Grass,Steelworker,,,70,131,100,86,90,40,517,Basic,1
1000,Jangmo-o,7,Dragon,,Bulletproof,Soundproof,Overcoat,45,55,65,45,45,45,300,Basic,1
1001,Hakamo-o,7,Dragon,Fighting,Bulletproof,Soundproof,Overcoat,55,75,90,65,70,65,420,Basic,2
1002,Kommo-o,7,Dragon,Fighting,Bulletproof,Soundproof,Overcoat,75,110,125,100,105,85,600,Pseudo_Legendary,3
1003,Tapu_Koko,7,Electric,Fairy,Electric_Surge,,Telepathy,70,115,85,95,75,130,570,Sub_Legendary,1
1004,Tapu_Lele,7,Psychic,Fairy,Psychic_Surge,,Telepathy,70,85,75,130,115,95,570,Sub_Legendary,1
1005,Tapu_Bulu,7,Grass,Fairy,Grassy_Surge,,Telepathy,70,130,115,85,95,75,570,Sub_Legendary,1
1006,Tapu_Fini,7,Water,Fairy,Misty_Surge,,Telepathy,70,75,115,95,130,85,570,Sub_Legendary,1
1007,Cosmog,7,Psychic,,Unaware,,,43,29,31,29,31,37,200,Legendary,1
1008,Cosmoem,7,Psychic,,Sturdy,,,43,29,131,29,131,37,400,Legendary,2
1009,Solgaleo,7,Psychic,Steel,Full_Metal_Body,,,137,137,107,113,89,97,680,Legendary,3
1010,Lunala,7,Psychic,Ghost,Shadow_Shield,,,137,113,89,137,107,97,680,Legendary,3
1011,Nihilego,7,Rock,Poison,Beast_Boost,,,109,53,47,127,131,103,570,Ultra_Beast,1
1012,Buzzwole,7,Bug,Fighting,Beast_Boost,,,107,139,139,53,53,79,570,Ultra_Beast,1
1013,Pheromosa,7,Bug,Fighting,Beast_Boost,,,71,137,37,137,37,151,570,Ultra_Beast,1
1014,Xurkitree,7,Electric,,Beast_Boost,,,83,89,71,173,71,83,570,Ultra_Beast,1
1015,Celesteela,7,Steel,Flying,Beast_Boost,,,97,101,103,107,101,61,570,Ultra_Beast,1
1016,Kartana,7,Grass,Steel,Beast_Boost,,,59,181,131,59,31,109,570,Ultra_Beast,1
1017,Guzzlord,7,Dark,Dragon,Beast_Boost,,,223,101,53,97,53,43,570,Ultra_Beast,1
1018,Necrozma,7,Psychic,,Prism_Armor,,,97,107,101,127,89,79,600,Legendary,1
1019,Dusk_Mane_Necrozma,7,Psychic,Steel,Prism_Armor,,,97,157,127,113,109,77,680,Legendary,1
1020,Dawn_Wings_Necrozma,7,Psychic,Ghost,Prism_Armor,,,97,113,109,157,127,77,680,Legendary,1
1021,Ultra_Necrozma,7,Psychic,Dragon,Neuroforce,,,97,167,97,167,97,129,754,Legendary,1
1022,Magearna,7,Steel,Fairy,Soul_Heart,,,80,95,115,130,115,65,600,Mythical,1
1023,Mega_Magearna,9,Steel,Fairy,,,,80,125,115,170,115,95,700,Not_Released,1
1024,Marshadow,7,Fighting,Ghost,Technician,,,90,125,80,90,90,125,600,Mythical,1
1025,Poipole,7,Poison,,Beast_Boost,,,67,73,67,73,67,73,420,Ultra_Beast,1
1026,Naganadel,7,Poison,Dragon,Beast_Boost,,,73,73,73,127,73,121,540,Ultra_Beast,1
1027,Stakataka,7,Rock,Steel,Beast_Boost,,,61,131,211,53,101,13,570,Ultra_Beast,1
1028,Blacephalon,7,Fire,Ghost,Beast_Boost,,,53,127,53,151,79,107,570,Ultra_Beast,1
1029,Zeraora,7,Electric,,Volt_Absorb,,,88,112,75,102,80,143,600,Mythical,1
1030,Mega_Zeraora,9,Electric,,,,,88,157,75,147,80,153,700,Not_Released,1
1031,Meltan,7,Steel,,Magnet_Pull,,,46,65,65,55,35,34,300,Mythical,1
1032,Melmetal,7,Steel,,Iron_Fist,,,135,143,143,80,65,34,600,Mythical,1
1033,Grookey,8,Grass,,Overgrow,,Grassy_Surge,50,65,50,40,40,65,310,Starter,1
1034,Thwackey,8,Grass,,Overgrow,,Grassy_Surge,70,85,70,55,60,80,420,Starter,2
1035,Rillaboom,8,Grass,,Overgrow,,Grassy_Surge,100,125,90,60,70,85,530,Starter,3
1036,Scorbunny,8,Fire,,Blaze,,Libero,50,71,40,40,40,69,310,Starter,1
1037,Raboot,8,Fire,,Blaze,,Libero,65,86,60,55,60,94,420,Starter,2
1038,Cinderace,8,Fire,,Blaze,,Libero,80,116,75,65,75,119,530,Starter,3
1039,Sobble,8,Water,,Torrent,,Sniper,50,40,40,70,40,70,310,Starter,1
1040,Drizzile,8,Water,,Torrent,,Sniper,65,60,55,95,55,90,420,Starter,2
1041,Inteleon,8,Water,,Torrent,,Sniper,70,85,65,125,65,120,530,Starter,3
1042,Skwovet,8,Normal,,Cheek_Pouch,,Gluttony,70,55,55,35,35,25,275,Basic,1
1043,Greedent,8,Normal,,Cheek_Pouch,,Gluttony,120,95,95,55,75,20,460,Basic,2
1044,Rookidee,8,Flying,,Keen_Eye,Unnerve,Big_Pecks,38,47,35,33,35,57,245,Basic,1
1045,Corvisquire,8,Flying,,Keen_Eye,Unnerve,Big_Pecks,68,67,55,43,55,77,365,Basic,2
1046,Corviknight,8,Flying,Steel,Pressure,Unnerve,Mirror_Armor,98,87,105,53,85,67,495,Basic,3
1047,Blipbug,8,Bug,,Swarm,Compound_Eyes,Telepathy,25,20,20,25,45,45,180,Basic,1
1048,Dottler,8,Bug,Psychic,Swarm,Compound_Eyes,Telepathy,50,35,80,50,90,30,335,Basic,2
1049,Orbeetle,8,Bug,Psychic,Swarm,Frisk,Telepathy,60,45,110,80,120,90,505,Basic,3
1050,Nickit,8,Dark,,Run_Away,Unburden,Stakeout,40,28,28,47,52,50,245,Basic,1
1051,Thievul,8,Dark,,Run_Away,Unburden,Stakeout,70,58,58,87,92,90,455,Basic,2
1052,Gossifleur,8,Grass,,Cotton_Down,Regenerator,Effect_Spore,40,40,60,40,60,10,250,Basic,1
1053,Eldegoss,8,Grass,,Cotton_Down,Regenerator,Effect_Spore,60,50,90,80,120,60,460,Basic,2
1054,Wooloo,8,Normal,,Fluffy,Run_Away,Bulletproof,42,40,55,40,45,48,270,Basic,1
1055,Dubwool,8,Normal,,Fluffy,Steadfast,Bulletproof,72,80,100,60,90,88,490,Basic,2
1056,Chewtle,8,Water,,Strong_Jaw,Shell_Armor,Swift_Swim,50,64,50,38,38,44,284,Basic,1
1057,Drednaw,8,Water,Rock,Strong_Jaw,Shell_Armor,Swift_Swim,90,115,90,48,68,74,485,Basic,2
1058,Yamper,8,Electric,,Ball_Fetch,,Rattled,59,45,50,40,50,26,270,Basic,1
1059,Boltund,8,Electric,,Strong_Jaw,,Competitive,69,90,60,90,60,121,490,Basic,2
1060,Rolycoly,8,Rock,,Steam_Engine,Heatproof,Flash_Fire,30,40,50,40,50,30,240,Basic,1
1061,Carkol,8,Rock,Fire,Steam_Engine,Flame_Body,Flash_Fire,80,60,90,60,70,50,410,Basic,2
1062,Coalossal,8,Rock,Fire,Steam_Engine,Flame_Body,Flash_Fire,110,80,120,80,90,30,510,Basic,3
1063,Applin,8,Grass,Dragon,Ripen,Gluttony,Bulletproof,40,40,80,40,40,20,260,Basic,1
1064,Flapple,8,Grass,Dragon,Ripen,Gluttony,Hustle,70,110,80,95,60,70,485,Basic,2
1065,Appletun,8,Grass,Dragon,Ripen,Gluttony,Thick_Fat,110,85,80,100,80,30,485,Basic,2
1066,Dipplin,9,Grass,Dragon,Supersweet_Syrup,Gluttony,Sticky_Hold,80,80,110,95,80,40,485,Basic,2
1067,Hydrapple,9,Grass,Dragon,Supersweet_Syrup,Regenerator,Sticky_Hold,106,80,110,120,80,44,540,Basic,3
1068,Silicobra,8,Ground,,Sand_Spit,Shed_Skin,Sand_Veil,52,57,75,35,50,46,315,Basic,1
1069,Sandaconda,8,Ground,,Sand_Spit,Shed_Skin,Sand_Veil,72,107,125,65,70,71,510,Basic,2
1070,Cramorant,8,Flying,Water,Gulp_Missile,,,70,85,55,85,95,85,475,Basic,1
1071,Arrokuda,8,Water,,Swift_Swim,,Propeller_Tail,41,63,40,40,30,66,280,Basic,1
1072,Barraskewda,8,Water,,Swift_Swim,,Propeller_Tail,61,123,60,60,50,136,490,Basic,2
1073,Toxel,8,Electric,Poison,Rattled,Static,Klutz,40,38,35,54,35,40,242,Baby,1
1074,Toxtricity_Amped_Forme,8,Electric,Poison,Punk_Rock,Plus,Technician,75,98,70,114,70,75,502,Basic,2
1075,Toxtricity_Low_Key_Forme,8,Electric,Poison,Punk_Rock,Minus,Technician,75,98,70,114,70,75,502,Alternate,2
1076,Sizzlipede,8,Fire,Bug,Flash_Fire,White_Smoke,Flame_Body,50,65,45,50,50,45,305,Basic,1
1077,Centiskorch,8,Fire,Bug,Flash_Fire,White_Smoke,Flame_Body,100,115,65,90,90,65,525,Basic,2
1078,Clobbopus,8,Fighting,,Limber,,Technician,50,68,60,50,50,32,310,Basic,1
1079,Grappaloct,8,Fighting,,Limber,,Technician,80,118,90,70,80,42,480,Basic,2
1080,Sinistea,8,Ghost,,Weak_Armor,,Cursed_Body,40,45,45,74,54,50,308,Basic,1
1081,Polteageist,8,Ghost,,Weak_Armor,,Cursed_Body,60,65,65,134,114,70,508,Basic,2
1082,Hattena,8,Psychic,,Healer,Anticipation,Magic_Bounce,42,30,45,56,53,39,265,Basic,1
1083,Hattrem,8,Psychic,,Healer,Anticipation,Magic_Bounce,57,40,65,86,73,49,370,Basic,2
1084,Hatterene,8,Psychic,Fairy,Healer,Anticipation,Magic_Bounce,57,90,95,136,103,29,510,Basic,3
1085,Impidimp,8,Dark,Fairy,Prankster,Frisk,Pickpocket,45,45,30,55,40,50,265,Basic,1
1086,Morgrem,8,Dark,Fairy,Prankster,Frisk,Pickpocket,65,60,45,75,55,70,370,Basic,2
1087,Grimmsnarl,8,Dark,Fairy,Prankster,Frisk,Pickpocket,95,120,65,95,75,60,510,Basic,3
1088,Milcery,8,Fairy,,Sweet_Veil,,Aroma_Veil,45,40,40,50,61,34,270,Basic,1
1089,Alcremie,8,Fairy,,Sweet_Veil,,Aroma_Veil,65,60,75,110,121,64,495,Basic,2
1090,Falinks,8,Fighting,,Battle_Armor,,Defiant,65,100,100,70,60,75,470,Basic,1
1091,Mega_Falinks,9,Fighting,,Defiant,,,65,135,135,70,65,100,570,Mega_Evolution,1
1092,Pincurchin,8,Electric,,Lightning_Rod,,Electric_Surge,48,101,95,91,85,15,435,Basic,1
1093,Snom,8,Ice,Bug,Shield_Dust,,Ice_Scales,30,25,35,45,30,20,185,Basic,1
1094,Frosmoth,8,Ice,Bug,Shield_Dust,,Ice_Scales,70,65,60,125,90,65,475,Basic,2
1095,Stonjourner,8,Rock,,Power_Spot,,,100,125,135,20,20,75,475,Basic,1
1096,Eiscue_Ice_Face,8,Ice,,Ice_Face,,,75,80,110,65,90,50,470,Basic,1
1097,Eiscue_Noice_Face,8,Ice,,Ice_Face,,,75,80,70,65,50,130,470,Alternate,1
1098,Indeedee_M,8,Psychic,Normal,Inner_Focus,Synchronize,Psychic_Surge,60,65,55,105,95,95,475,Basic,1
1099,Indeedee_F,8,Psychic,Normal,Own_Tempo,Synchronize,Psychic_Surge,70,55,65,95,105,85,475,Alternate,2
1100,Morpeko_Full_Belly_Mode,8,Electric,Dark,Hunger_Switch,,,58,95,58,70,58,97,436,Basic,1
1101,Morpeko_Hangry_Mode,8,Electric,Dark,Hunger_Switch,,,58,95,58,70,58,97,436,Alternate_Form,1
1102,Cufant,8,Steel,,Sheer_Force,,Heavy_Metal,72,80,49,40,49,40,330,Basic,1
1103,Copperajah,8,Steel,,Sheer_Force,,Heavy_Metal,122,130,69,80,69,30,500,Basic,2
1104,Dracozolt,8,Electric,Dragon,Volt_Absorb,Hustle,Sand_Rush,90,100,90,80,70,75,505,Fossil,1
1105,Arctozolt,8,Electric,Ice,Volt_Absorb,Static,Slush_Rush,90,100,90,90,80,55,505,Fossil,1
1106,Dracovish,8,Water,Dragon,Water_Absorb,Strong_Jaw,Sand_Rush,90,90,100,70,80,75,505,Fossil,1
1107,Arctovish,8,Water,Ice,Water_Absorb,Ice_Body,Slush_Rush,90,90,100,80,90,55,505,Fossil,1
1108,Duraludon,8,Steel,Dragon,Light_Metal,Heavy_Metal,Stalwart,70,95,115,120,50,85,535,Basic,1
1109,Archaludon,9,Steel,Dragon,Stamina,Sturdy,Stalwart,90,105,130,125,65,85,600,Basic,2
1110,Dreepy,8,Dragon,Ghost,Clear_Body,Infiltrator,Cursed_Body,28,60,30,40,30,82,270,Basic,1
1111,Drakloak,8,Dragon,Ghost,Clear_Body,Infiltrator,Cursed_Body,68,80,50,60,50,102,410,Basic,2
1112,Dragapult,8,Dragon,Ghost,Clear_Body,Infiltrator,Cursed_Body,88,120,75,100,75,142,600,Pseudo_Legendary,3
1113,Zacian,8,Fairy,,Intrepid_Sword,,,92,120,115,80,115,138,660,Legendary,1
1114,Zacian_Crowned,8,Fairy,Steel,Intrepid_Sword,,,92,150,115,80,115,148,700,Legendary,1
1115,Zamazenta,8,Fighting,,Dauntless_Shield,,,92,120,115,80,115,138,660,Legendary,1
1116,Zamazenta_Crowned,8,Fighting,Steel,Dauntless_Shield,,,92,120,140,80,140,128,700,Legendary,1
1117,Eternatus,8,Poison,Dragon,Pressure,,,140,85,95,145,95,130,690,Legendary,1
1118,Eternamax,8,Poison,Dragon,,,,255,115,250,125,250,130,1125,Special,1
1119,Kubfu,8,Fighting,,Inner_Focus,,,60,90,60,53,50,72,385,Sub_Legendary,1
1120,Urshifu_Single_Strike_Style,8,Fighting,Dark,Unseen_Fist,,,100,130,100,63,60,97,550,Sub_Legendary,2
1121,Urshifu_Rapid_Strike_Style,8,Fighting,Water,Unseen_Fist,,,100,130,100,63,60,97,550,Sub_Legendary,2
1122,Zarude,8,Dark,Grass,Leaf_Guard,,,105,120,105,70,95,105,600,Mythical,1
1123,Regieleki,8,Electric,,Transistor,,,80,100,50,100,50,200,580,Sub_Legendary,1
1124,Regidrago,8,Dragon,,Dragon's_Maw,,,200,100,50,100,50,80,580,Sub_Legendary,1
1125,Glastrier,8,Ice,,Chilling_Neigh,,,100,145,130,65,110,30,580,Legendary,1
1126,Spectrier,8,Ghost,,Grim_Neigh,,,100,65,60,145,80,130,580,Legendary,1
1127,Calyrex,8,Psychic,Grass,Unnerve,,,100,80,80,80,80,80,500,Legendary,1
1128,Calyrex_Ice_Rider,8,Psychic,Ice,As_One,,,100,165,150,85,130,50,680,Legendary,1
1129,Calyrex_Shadow_Rider,8,Psychic,Ghost,As_One,,,100,85,80,165,100,150,680,Legendary,1
1130,Enamorus_Incarnate,8,Fairy,Flying,Cute_Charm,,Contrary,74,115,70,135,80,106,580,Sub_Legendary,1
1131,Enamorus_Therian,8,Fairy,Flying,Overcoat,,,74,115,110,135,100,46,580,Sub_Legendary_Alternate,1
1132,Sprigatito,9,Grass,,Overgrow,,Protean,40,61,54,45,45,65,310,Starter,1
1133,Floragato,9,Grass,,Overgrow,,Protean,61,80,63,60,63,83,410,Starter,2
1134,Meowscarada,9,Grass,Dark,Overgrow,,Protean,76,110,70,81,70,123,530,Starter,3
1135,Fuecoco,9,Fire,,Blaze,,Unaware,67,45,59,63,40,36,310,Starter,1
1136,Crocalor,9,Fire,,Blaze,,Unaware,81,55,78,90,58,49,411,Starter,2
1137,Skeledirge,9,Fire,Ghost,Blaze,,Unaware,104,75,100,110,75,66,530,Starter,3
1138,Quaxly,9,Water,,Torrent,,Moxie,55,65,45,50,45,50,310,Starter,1
1139,Quaxwell,9,Water,,Torrent,,Moxie,70,85,65,65,60,65,410,Starter,2
1140,Quaquaval,9,Water,Fighting,Torrent,,Moxie,85,120,80,85,75,85,530,Starter,3
1141,Lechonk,9,Normal,,Aroma_Veil,Gluttony,Thick_Fat,54,45,40,35,45,35,254,Basic,1
1142,Oinkologne_M,9,Normal,,Lingering_Aroma,Gluttony,Thick_Fat,110,100,75,59,80,65,489,Basic,2
1143,Oinkologne_F,9,Normal,,Aroma_Veil,Gluttony,Thick_Fat,115,90,70,59,90,65,489,Alternate,2
1144,Tarountula,9,Bug,,Insomnia,,Stakeout,35,41,45,29,40,20,210,Basic,1
1145,Spidops,9,Bug,,Insomnia,,Stakeout,60,79,92,52,86,35,404,Basic,2
1146,Nymble,9,Bug,,Swarm,,Tinted_Lens,33,46,40,21,25,45,210,Basic,1
1147,Lokix,9,Bug,Dark,Swarm,,Tinted_Lens,71,102,78,52,55,92,450,Basic,2
1148,Pawmi,9,Electric,,Static,Natural_Cure,Iron_Fist,45,50,20,40,25,60,240,Basic,1
1149,Pawmo,9,Electric,Fighting,Volt_Absorb,Natural_Cure,Iron_Fist,60,75,40,50,40,85,350,Basic,2
1150,Pawmot,9,Electric,Fighting,Volt_Absorb,Natural_Cure,Iron_Fist,70,115,70,70,60,105,490,Basic,3
1151,Tandemaus,9,Normal,,Run_Away,Pickup,Own_Tempo,50,50,45,40,45,75,305,Basic,1
1152,Maushold_Family_Of_Three,9,Normal,,Friend_Guard,Cheek_Pouch,Technician,74,75,70,65,75,111,470,Basic,2
1153,Maushold_Family_Of_Four,9,Normal,,,,,74,75,70,65,75,111,470,Alternate,2
1154,Fidough,9,Fairy,,Own_Tempo,,Klutz,37,55,70,30,55,65,312,Basic,1
1155,Dachsbun,9,Fairy,,Well-Baked_Body,,Aroma_Veil,57,80,115,50,80,95,477,Basic,2
1156,Smoliv,9,Grass,Normal,Early_Bird,,Harvest,41,35,45,58,51,30,260,Basic,1
1157,Dolliv,9,Grass,Normal,Early_Bird,,Harvest,52,53,60,78,78,33,354,Basic,2
1158,Arboliva,9,Grass,Normal,Seed_Sower,,Harvest,78,69,90,125,109,39,510,Basic,3
1159,Squawkabilly_Green_Plumage,9,Normal,Flying,Intimidate,Hustle,Guts,82,96,51,45,51,92,417,Basic,1
1160,Squawkabilly_Blue_Plumage,9,Normal,Flying,Intimidate,Hustle,Guts,82,96,51,45,51,92,417,Alternate,1
1161,Squawkabilly_Yellow_Plumage,9,Normal,Flying,Intimidate,Hustle,Sheer_Force,82,96,51,45,51,92,417,Alternate,1
1162,Squawkabilly_White_Plumage,9,Normal,Flying,Intimidate,Hustle,Sheer_Force,82,96,51,45,51,92,417,Alternate,1
1163,Nacli,9,Rock,,Purifying_Salt,Sturdy,Clear_Body,55,55,75,35,35,25,280,Basic,1
1164,Naclstack,9,Rock,,Purifying_Salt,Sturdy,Clear_Body,60,60,100,35,65,35,355,Basic,2
1165,Garganacl,9,Rock,,Purifying_Salt,Sturdy,Clear_Body,100,100,130,45,90,35,500,Basic,3
1166,Charcadet,9,Fire,,Flash_Fire,,Flame_Body,40,50,40,50,40,35,255,Basic,1
1167,Armarouge,9,Fire,Psychic,Flash_Fire,,Weak_Armor,85,60,100,125,80,75,525,Basic,2
1168,Ceruledge,9,Fire,Ghost,Flash_Fire,,Weak_Armor,75,125,80,60,100,85,525,Basic,2
1169,Tadbulb,9,Electric,,Own_Tempo,Static,Damp,61,31,41,59,35,45,272,Basic,1
1170,Bellibolt,9,Electric,,Electromorphosis,Static,Damp,109,64,91,103,83,45,495,Basic,2
1171,Wattrel,9,Electric,Flying,Wind_Power,Volt_Absorb,Competitive,40,40,35,55,40,70,280,Basic,1
1172,Kilowattrel,9,Electric,Flying,Wind_Power,Volt_Absorb,Competitive,70,70,60,105,60,125,490,Basic,2
1173,Maschiff,9,Dark,,Intimidate,Run_Away,Stakeout,60,78,60,40,51,51,340,Basic,1
1174,Mabosstiff,9,Dark,,Intimidate,Guard_Dog,Stakeout,80,120,90,60,70,85,505,Basic,2
1175,Shroodle,9,Poison,Normal,Unburden,Pickpocket,Prankster,40,65,35,40,35,75,290,Basic,1
1176,Grafaiai,9,Poison,Normal,Unburden,Poison_Touch,Prankster,63,95,65,80,72,110,485,Basic,2
1177,Bramblin,9,Grass,Ghost,Wind_Rider,,Infiltrator,40,65,30,45,35,60,275,Basic,1
1178,Brambleghast,9,Grass,Ghost,Wind_Rider,,Infiltrator,55,115,70,80,70,90,480,Basic,2
1179,Toedscool,9,Ground,Grass,Mycelium_Might,,,40,40,35,50,100,70,335,Basic,1
1180,Toedscruel,9,Ground,Grass,Mycelium_Might,,,80,70,65,80,120,100,515,Basic,2
1181,Klawf,9,Rock,,Anger_Shell,Shell_Armor,Regenerator,70,100,115,35,55,75,450,Basic,1
1182,Capsakid,9,Grass,,Chlorophyll,Insomnia,Klutz,50,62,40,62,40,50,304,Basic,1
1183,Scovillain,9,Grass,Fire,Chlorophyll,Insomnia,Moody,65,108,65,108,65,75,486,Basic,2
1184,Mega_Scovillain,9,Grass,Fire,Spicy_Spray,,,65,138,85,138,85,75,586,Mega_Evolution,2
1185,Rellor,9,Bug,,Compound_Eyes,,Shed_Skin,41,50,60,31,58,30,270,Basic,1
1186,Rabsca,9,Bug,Psychic,Synchronize,,Telepathy,75,50,85,115,100,45,470,Basic,2
1187,Flittle,9,Psychic,,Anticipation,Frisk,Speed_Boost,30,35,30,55,30,75,255,Basic,1
1188,Espathra,9,Psychic,,Opportunist,Frisk,Speed_Boost,95,60,60,101,60,105,481,Basic,2
1189,Tinkatink,9,Fairy,Steel,Mold_Breaker,Own_Tempo,Pickpocket,50,45,45,35,64,58,297,Basic,1
1190,Tinkatuff,9,Fairy,Steel,Mold_Breaker,Own_Tempo,Pickpocket,65,55,55,45,82,78,380,Basic,2
1191,Tinkaton,9,Fairy,Steel,Mold_Breaker,Own_Tempo,Pickpocket,85,75,77,70,105,94,506,Basic,3
1192,Wiglett,9,Water,,Gooey,Rattled,Sand_Veil,10,55,25,35,25,95,245,Basic,1
1193,Wugtrio,9,Water,,Gooey,Rattled,Sand_Veil,35,100,50,50,70,120,425,Basic,2
1194,Bombirdier,9,Flying,Dark,Big_Pecks,Keen_Eye,Rocky_Payload,70,103,85,60,85,82,485,Basic,1
1195,Finizen,9,Water,,Water_Veil,,,70,45,40,45,40,75,315,Basic,1
1196,Palafin_Zero_Forme,9,Water,,Zero_To_Hero,,,100,70,72,53,62,100,457,Basic,2
1197,Palafin_Hero_Forme,9,Water,,Zero_To_Hero,,,100,160,97,106,87,100,650,Alternate,2
1198,Varoom,9,Steel,Poison,Overcoat,,Slow_Start,45,70,63,30,45,47,300,Basic,1
1199,Revavroom,9,Steel,Poison,Overcoat,,Filter,80,119,90,54,67,90,500,Basic,2
1200,Cyclizar,9,Dragon,Normal,Shed_Skin,,Regenerator,70,95,65,85,65,121,501,Basic,1
1201,Orthworm,9,Steel,,Earth_Eater,,Sand_Veil,70,85,145,60,55,65,480,Basic,1
1202,Glimmet,9,Rock,Poison,Toxic_Debris,,Corrosion,48,35,42,105,60,60,350,Basic,1
1203,Glimmora,9,Rock,Poison,Toxic_Debris,,Corrosion,83,55,90,130,81,86,525,Basic,2
1204,Mega_Glimmora,9,Rock,Poison,Adaptability,,,83,90,105,150,96,101,625,Mega_Evolution,2
1205,Greavard,9,Ghost,,Pickup,,Fluffy,50,61,60,30,55,34,290,Basic,1
1206,Houndstone,9,Ghost,,Sand_Rush,,Fluffy,72,101,100,50,97,68,488,Basic,2
1207,Flamigo,9,Flying,Fighting,Scrappy,Tangled_Feet,Costar,82,115,74,75,64,90,500,Basic,1
1208,Cetoddle,9,Ice,,Thick_Fat,Snow_Cloak,Sheer_Force,108,68,45,30,40,43,334,Basic,1
1209,Cetitan,9,Ice,,Thick_Fat,Slush_Rush,Sheer_Force,170,113,65,45,55,73,521,Basic,2
1210,Veluza,9,Water,Psychic,Mold_Breaker,,Sharpness,90,102,73,78,65,70,478,Basic,1
1211,Dondozo,9,Water,,Unaware,Oblivious,Water_Veil,150,100,115,65,65,35,530,Basic,1
1212,Tatsugiri_Curly_Forme,9,Dragon,Water,Commander,,Storm_Drain,68,50,60,120,95,82,475,Basic,1
1213,Tatsugiri_Droopy_Forme,9,Dragon,Water,Commander,,Storm_Drain,68,50,60,120,95,82,475,Alternate_Form,1
1214,Tatsugiri_Stretchy_Forme,9,Dragon,Water,Commander,,Storm_Drain,68,50,60,120,95,82,475,Alternate_Form,1
1215,Mega_Tatsugiri,9,Dragon,Water,,,,68,65,90,135,125,92,575,Not_Released,1
1216,Great_Tusk,9,Ground,Fighting,Protosynthesis,,,115,131,131,53,53,87,570,Paradox,1
1217,Scream_Tail,9,Fairy,Psychic,Protosynthesis,,,115,65,99,65,115,111,570,Paradox,1
1218,Brute_Bonnet,9,Grass,Dark,Protosynthesis,,,111,127,99,79,99,55,570,Paradox,1
1219,Flutter_Mane,9,Ghost,Fairy,Protosynthesis,,,55,55,55,135,135,135,570,Paradox,1
1220,Slither_Wing,9,Bug,Fighting,Protosynthesis,,,85,135,79,85,105,81,570,Paradox,1
1221,Sandy_Shocks,9,Electric,Ground,Protosynthesis,,,85,81,97,121,85,101,570,Paradox,1
1222,Iron_Treads,9,Ground,Steel,Quark_Drive,,,90,112,120,72,70,106,570,Paradox,1
1223,Iron_Bundle,9,Ice,Water,Quark_Drive,,,56,80,114,124,60,136,570,Paradox,1
1224,Iron_Hands,9,Fighting,Electric,Quark_Drive,,,154,140,108,50,68,50,570,Paradox,1
1225,Iron_Jugulis,9,Dark,Flying,Quark_Drive,,,94,80,86,122,80,108,570,Paradox,1
1226,Iron_Moth,9,Fire,Poison,Quark_Drive,,,80,70,60,140,110,110,570,Paradox,1
1227,Iron_Thorns,9,Rock,Electric,Quark_Drive,,,100,134,110,70,84,72,570,Paradox,1
1228,Frigibax,9,Dragon,Ice,Thermal_Exchange,,Ice_Body,65,75,45,35,45,55,320,Basic,1
1229,Arctibax,9,Dragon,Ice,Thermal_Exchange,,Ice_Body,90,95,66,45,65,62,423,Basic,2
1230,Baxcalibur,9,Dragon,Ice,Thermal_Exchange,,Ice_Body,115,145,92,75,86,87,600,Pseudo_Legendary,3
1231,Mega_Baxcalibur,9,Dragon,Ice,,,,115,175,117,105,101,87,700,Not_Released,3
1232,Gimmighoul_Chest_Forme,9,Ghost,,Rattled,,,45,30,70,75,70,10,300,Basic,1
1233,Gimmighoul_Roaming_Forme,9,Ghost,,Run_Away,,,45,30,25,75,45,80,300,Basic,1
1234,Gholdengo,9,Steel,Ghost,Good_As_Gold,,,87,60,95,133,91,84,550,Basic,2
1235,Wo-Chien,9,Dark,Grass,Tablets_Of_Ruin,,,85,85,100,95,135,70,570,Sub_Legendary,1
1236,Chien-Pao,9,Dark,Ice,Sword_Of_Ruin,,,80,120,80,90,65,135,570,Sub_Legendary,1
1237,Ting-Lu,9,Dark,Ground,Vessel_Of_Ruin,,,155,110,125,55,80,45,570,Sub_Legendary,1
1238,Chi-Yu,9,Dark,Fire,Beads_Of_Ruin,,,55,80,80,135,120,100,570,Sub_Legendary,1
1239,Roaring_Moon,9,Dragon,Dark,Protosynthesis,,,105,139,71,55,101,119,590,Paradox,1
1240,Iron_Valiant,9,Fairy,Fighting,Quark_Drive,,,74,130,90,120,60,116,590,Paradox,1
1241,Koraidon,9,Fighting,Dragon,Orichalcum_Pulse,,,100,135,115,85,100,135,670,Legendary,1
1242,Miraidon,9,Electric,Dragon,Hadron_Engine,,,100,85,100,135,115,135,670,Legendary,1
1243,Walking_Wake,9,Water,Dragon,Protosynthesis,,,99,83,91,125,83,109,590,Paradox,1
1244,Iron_Leaves,9,Grass,Psychic,Quark_Drive,,,90,130,88,70,108,104,590,Paradox,1
1245,Poltchageist,9,Grass,Ghost,Hospitality,,Heatproof,40,45,45,74,54,50,308,Basic,1
1246,Sinistcha,9,Grass,Ghost,Hospitality,,Heatproof,71,60,106,121,80,70,508,Basic,2
1247,Okidogi,9,Poison,Fighting,Toxic_Chain,,Guard_Dog,88,128,115,58,86,80,555,Sub_Legendary,1
1248,Munkidori,9,Poison,Psychic,Toxic_Chain,,Frisk,88,75,66,130,90,106,555,Sub_Legendary,1
1249,Fezandipiti,9,Poison,Fairy,Toxic_Chain,,Technician,88,91,82,70,125,99,555,Sub_Legendary,1
1250,Ogerpon_Teal_Mask,9,Grass,,Defiant,,Embody_Aspect,80,120,84,60,96,110,550,Sub_Legendary,1
1251,Ogerpon_Wellspring_Mask,9,Grass,Water,Water_Absorb,,Embody_Aspect,80,120,84,60,96,110,550,Sub_Legendary,1
1252,Ogerpon_Hearthflame_Mask,9,Grass,Fire,Mold_Breaker,,Embody_Aspect,80,120,84,60,96,110,550,Sub_Legendary,1
1253,Ogerpon_Cornerstone_Mask,9,Grass,Rock,Sturdy,,Embody_Aspect,80,120,84,60,96,110,550,Sub_Legendary,1
1254,Gouging_Fire,9,Fire,Dragon,Protosynthesis,,,105,115,121,65,93,91,590,Paradox,1
1255,Raging_Bolt,9,Electric,Dragon,Protosynthesis,,,125,73,91,137,89,75,590,Paradox,1
1256,Iron_Boulder,9,Rock,Psychic,Quark_Drive,,,90,120,80,68,108,124,590,Paradox,1
1257,Iron_Crown,9,Steel,Psychic,Quark_Drive,,,90,72,100,122,108,98,590,Paradox,1
1258,Terapagos_Normal_Forme,9,Normal,,Tera_Shift,,,90,65,85,65,85,60,450,Legendary,1
1259,Terapagos_Terastal_Forme,9,Normal,,Tera_Shell,,,95,95,110,105,110,85,600,Legendary_Alternate,1
1260,Terapagos_Stellar_Forme,9,Normal,,Teraform_Zero,,,160,105,110,130,110,85,700,Legendary_Alternate,1
1261,Pecharunt,9,Poison,Ghost,Poison_Puppeteer,,,88,88,160,88,88,88,600,Mythical,1