respondent_id,age,gender,region,primary_platform,favorite_previous_gta,years_following_gta6,primary_info_source,trailer1_times_watched,most_anticipated_feature,hype_score_1to10,confidence_rockstar_delivers_1to5,preorder_intent,willingness_to_pay_usd,expected_firstweek_hours,expects_release_delay,worried_about_price,follows_rockstar_socials,hype_change_vs_6mo_ago,overall_sentiment
R100000,30,Male,Europe,Undecided,GTA San Andreas,5,Reddit,13,Better driving physics,10,5,No,96.0,19,Yes,No,Yes,Same,Very Positive
R100001,29,Male,Europe,PC,GTA San Andreas,4,X/Twitter,15,Dual protagonists (Jason & Lucia),10,3,Yes,70.0,10,No,No,No,Same,Very Positive
R100002,28,Female,Europe,Xbox Series X/S,GTA V,6,YouTube,9,Story & narrative depth,7,5,Maybe,81.0,6,No,No,Yes,Increased,Positive
R100003,30,Male,Europe,Xbox Series X/S,GTA Vice City,8,Gaming news sites,6,Online/multiplayer mode,8,4,Yes,80.0,11,Yes,No,Yes,Increased,Very Positive
R100004,40,Male,Europe,PlayStation 5,GTA V,10,TikTok,8,Realistic economy & businesses,8,4,No,69.0,25,Yes,Yes,No,Same,Very Positive
R100005,22,Male,Asia-Pacific,PC,GTA San Andreas,10,YouTube,7,Story & narrative depth,8,3,Yes,90.0,11,No,No,Yes,Increased,Very Positive
R100006,20,Male,Europe,PlayStation 5,GTA V,7,YouTube,9,Realistic economy & businesses,5,3,Yes,59.0,3,Yes,Yes,Yes,Increased,Positive
R100007,29,Male,North America,PlayStation 5,GTA IV,7,X/Twitter,10,Deeper character customization,10,3,Yes,87.0,2,Yes,No,No,Same,Very Positive
R100008,18,Female,Middle East,PlayStation 5,GTA V,5,Official Rockstar trailer,13,Online/multiplayer mode,10,5,Yes,59.0,8,Yes,No,Yes,Increased,Very Positive
R100009,24,Female,Europe,Xbox Series X/S,GTA IV,5,X/Twitter,8,Story & narrative depth,8,3,Maybe,71.0,14,Yes,Yes,No,Same,Very Positive
R100010,35,Female,Europe,Undecided,GTA V,6,X/Twitter,8,Map size & exploration,8,5,Yes,90.0,4,No,No,No,Same,Very Positive
R100011,34,Male,North America,PlayStation 5,GTA V,4,Reddit,5,Dual protagonists (Jason & Lucia),9,5,Yes,87.0,17,No,No,No,Increased,Very Positive
R100012,29,Prefer not to say,Latin America,Xbox Series X/S,GTA San Andreas,10,Official Rockstar trailer,8,Open-world Vice City map,5,3,Yes,39.0,14,Yes,Yes,No,Increased,Positive
R100013,16,Female,Europe,PlayStation 5,Red Dead Redemption 2,4,TikTok,4,Map size & exploration,7,4,Yes,66.0,18,No,Yes,Yes,Increased,Positive
R100014,36,Male,North America,PlayStation 5,GTA San Andreas,6,Gaming news sites,11,Improved police/AI systems,9,4,Yes,94.0,13,Yes,No,No,Same,Very Positive
R100015,23,Male,Africa,PC,GTA V,4,X/Twitter,13,Story & narrative depth,7,5,Maybe,86.0,43,Yes,No,No,Same,Positive
R100016,19,Female,Europe,PlayStation 5 Pro,GTA IV,8,Twitch,13,Map size & exploration,10,3,Yes,95.0,13,No,Yes,No,Same,Very Positive
R100017,27,Male,North America,PlayStation 5,GTA V,8,Twitch,11,Online/multiplayer mode,10,5,Yes,96.0,36,No,No,No,Increased,Very Positive
R100018,21,Female,Africa,Xbox Series X/S,GTA V,9,TikTok,10,Map size & exploration,9,5,Maybe,69.0,19,No,Yes,Yes,Same,Very Positive
R100019,24,Male,North America,PlayStation 5,GTA San Andreas,9,TikTok,7,Dual protagonists (Jason & Lucia),6,3,No,41.0,12,Yes,No,Yes,Increased,Positive
R100020,48,Female,Asia-Pacific,Xbox Series X/S,GTA Vice City,9,YouTube,10,Dual protagonists (Jason & Lucia),8,4,Maybe,71.0,22,Yes,Yes,No,Decreased,Very Positive
R100021,38,Male,North America,PC,GTA V,11,Official Rockstar trailer,5,Realistic economy & businesses,5,4,Maybe,46.0,11,Yes,No,No,Increased,Positive
R100022,13,Prefer not to say,North America,Undecided,GTA San Andreas,8,Friends,9,Open-world Vice City map,9,3,Yes,81.0,3,Yes,No,Yes,Same,Very Positive
R100023,32,Female,Latin America,Undecided,Red Dead Redemption 2,5,Twitch,8,Story & narrative depth,7,3,Yes,72.0,5,No,No,Yes,Same,Positive
R100024,33,Male,Europe,Xbox Series X/S,Never played GTA,8,Twitch,3,Dual protagonists (Jason & Lucia),5,3,No,77.0,28,Yes,No,No,Increased,Positive
R100025,23,Male,Asia-Pacific,PC,GTA IV,1,X/Twitter,6,Dual protagonists (Jason & Lucia),7,4,No,62.0,17,Yes,Yes,No,Increased,Positive
R100026,22,Male,Latin America,Xbox Series X/S,Red Dead Redemption 2,6,Official Rockstar trailer,7,Graphics & ray tracing,7,4,No,70.0,9,Yes,No,Yes,Increased,Positive
R100027,27,Male,Latin America,PlayStation 5 Pro,GTA IV,9,YouTube,9,Story & narrative depth,7,1,Yes,79.0,17,No,No,No,Same,Positive
R100028,29,Male,North America,PC,GTA V,7,Reddit,13,Online/multiplayer mode,10,4,Yes,92.0,33,Yes,Yes,Yes,Increased,Very Positive
R100029,31,Male,Europe,PC,Red Dead Redemption 2,5,Official Rockstar trailer,12,Dual protagonists (Jason & Lucia),9,4,No,64.0,11,Yes,Yes,No,Same,Very Positive
R100030,23,Male,Asia-Pacific,PC,GTA V,0,Official Rockstar trailer,7,Graphics & ray tracing,6,3,Yes,73.0,24,Yes,No,Yes,Same,Positive
R100031,35,Male,Latin America,PlayStation 5,GTA IV,10,Official Rockstar trailer,11,Deeper character customization,10,3,Maybe,88.0,18,Yes,No,No,Same,Very Positive
R100032,25,Male,North America,PlayStation 5,GTA San Andreas,7,Official Rockstar trailer,6,Dual protagonists (Jason & Lucia),7,3,Yes,44.0,5,Yes,Yes,Yes,Same,Positive
R100033,27,Male,Africa,Xbox Series X/S,GTA V,6,Gaming news sites,6,Improved police/AI systems,6,4,Yes,48.0,16,Yes,No,Yes,Decreased,Positive
R100034,30,Male,Asia-Pacific,PlayStation 5,GTA V,9,X/Twitter,8,Online/multiplayer mode,9,4,Maybe,84.0,31,No,No,No,Same,Very Positive
R100035,25,Male,Asia-Pacific,PlayStation 5,Never played GTA,5,Reddit,7,Open-world Vice City map,3,5,Maybe,63.0,12,No,No,Yes,Increased,Neutral/Cautious
R100036,18,Female,Latin America,PC,GTA V,6,Official Rockstar trailer,13,Realistic economy & businesses,10,3,Yes,67.0,27,No,No,Yes,Same,Very Positive
R100037,26,Male,Latin America,Xbox Series X/S,GTA V,9,YouTube,8,Map size & exploration,8,4,Yes,69.0,26,No,No,Yes,Increased,Very Positive
R100038,24,Male,North America,PC,GTA IV,8,Official Rockstar trailer,6,Realistic economy & businesses,5,5,Maybe,55.0,9,Yes,Yes,Yes,Same,Positive
R100039,24,Female,Asia-Pacific,Xbox Series X/S,GTA V,7,Official Rockstar trailer,9,Improved police/AI systems,7,4,No,84.0,18,Yes,No,Yes,Increased,Positive
R100040,14,Male,Latin America,PlayStation 5 Pro,GTA III,10,Reddit,8,Realistic economy & businesses,8,5,Maybe,61.0,15,Yes,No,Yes,Increased,Very Positive
R100041,27,Prefer not to say,North America,PlayStation 5,Red Dead Redemption 2,9,Official Rockstar trailer,5,Story & narrative depth,6,4,Yes,59.0,22,Yes,Yes,Yes,Increased,Positive
R100042,16,Prefer not to say,Europe,PC,GTA Vice City,3,Gaming news sites,9,Graphics & ray tracing,5,3,Yes,51.0,13,Yes,Yes,Yes,Increased,Positive
R100043,13,Female,Asia-Pacific,PC,GTA Vice City,5,Reddit,7,Open-world Vice City map,6,4,Maybe,63.0,16,Yes,Yes,Yes,Increased,Positive
R100044,28,Male,North America,PlayStation 5,GTA San Andreas,11,TikTok,16,Improved police/AI systems,10,2,Yes,74.0,30,No,No,Yes,Same,Very Positive
R100045,31,Male,North America,PC,GTA San Andreas,4,YouTube,4,Online/multiplayer mode,6,4,No,66.0,10,Yes,Yes,Yes,Decreased,Positive
R100046,20,Male,Europe,Xbox Series X/S,GTA V,3,Official Rockstar trailer,4,Open-world Vice City map,5,5,Yes,39.0,14,No,Yes,No,Same,Positive
R100047,21,Female,North America,Xbox Series X/S,Red Dead Redemption 2,9,TikTok,8,Improved police/AI systems,8,5,Yes,78.0,48,Yes,Yes,Yes,Same,Very Positive
R100048,33,Female,Europe,PC,GTA San Andreas,0,X/Twitter,8,Story & narrative depth,5,4,No,72.0,14,No,No,Yes,Same,Positive
R100049,41,Female,Asia-Pacific,PC,GTA San Andreas,1,Reddit,8,Open-world Vice City map,8,4,Yes,79.0,11,Yes,No,No,Same,Very Positive
R100050,13,Male,Asia-Pacific,PlayStation 5,GTA Vice City,10,TikTok,12,Deeper character customization,8,3,No,70.0,15,No,No,Yes,Increased,Very Positive
R100051,32,Female,Europe,Xbox Series X/S,GTA San Andreas,7,X/Twitter,8,Map size & exploration,8,3,Yes,67.0,17,Yes,Yes,No,Same,Very Positive
R100052,23,Female,Africa,PlayStation 5,GTA San Andreas,8,Twitch,6,Open-world Vice City map,3,3,Maybe,58.0,12,Yes,Yes,Yes,Decreased,Neutral/Cautious
R100053,25,Male,Asia-Pacific,Xbox Series X/S,Red Dead Redemption 2,5,Gaming news sites,13,Online/multiplayer mode,10,2,Yes,88.0,45,Yes,No,No,Same,Very Positive
R100054,18,Male,Europe,PC,Never played GTA,6,YouTube,11,Deeper character customization,10,3,Yes,91.0,6,Yes,Yes,No,Increased,Very Positive
R100055,17,Female,Middle East,PlayStation 5,GTA Vice City,6,Official Rockstar trailer,6,Realistic economy & businesses,8,2,No,66.0,9,No,Yes,No,Increased,Very Positive
R100056,40,Female,Europe,PlayStation 5,GTA Vice City,9,YouTube,9,Better driving physics,9,3,Yes,81.0,10,No,No,Yes,Same,Very Positive
R100057,25,Male,Africa,Xbox Series X/S,GTA San Andreas,7,Reddit,8,Map size & exploration,9,2,Maybe,68.0,5,Yes,Yes,Yes,Decreased,Very Positive
R100058,42,Male,Asia-Pacific,PlayStation 5,GTA V,2,TikTok,7,Online/multiplayer mode,9,3,Yes,69.0,21,Yes,Yes,Yes,Same,Very Positive
R100059,20,Male,Europe,PC,GTA IV,5,Twitch,7,Open-world Vice City map,7,3,No,80.0,8,No,No,Yes,Same,Positive
R100060,20,Non-binary,North America,Xbox Series X/S,GTA Vice City,7,Twitch,7,Realistic economy & businesses,7,4,Yes,81.0,20,No,No,Yes,Increased,Positive
R100061,18,Male,Middle East,Xbox Series X/S,Red Dead Redemption 2,3,Official Rockstar trailer,9,Open-world Vice City map,8,4,Yes,96.0,11,Yes,No,No,Increased,Very Positive
R100062,27,Female,North America,PC,GTA V,11,X/Twitter,9,Story & narrative depth,10,4,No,85.0,38,Yes,Yes,Yes,Decreased,Very Positive
R100063,42,Female,Europe,PlayStation 5,GTA San Andreas,9,Official Rockstar trailer,8,Improved police/AI systems,6,3,No,56.0,3,No,Yes,No,Increased,Positive
R100064,48,Male,Europe,PlayStation 5,GTA V,1,YouTube,8,Realistic economy & businesses,7,4,Yes,63.0,27,Yes,No,Yes,Increased,Positive
R100065,16,Male,Latin America,PlayStation 5,GTA San Andreas,7,Twitch,6,Improved police/AI systems,7,5,Yes,71.0,17,No,No,No,Same,Positive
R100066,23,Non-binary,Latin America,PlayStation 5,GTA V,7,Official Rockstar trailer,11,Graphics & ray tracing,10,4,Yes,71.0,26,Yes,No,No,Increased,Very Positive
R100067,24,Male,North America,PlayStation 5,GTA IV,5,Official Rockstar trailer,9,Improved police/AI systems,7,4,Yes,54.0,7,Yes,No,No,Increased,Positive
R100068,26,Non-binary,North America,PC,GTA V,6,Friends,8,Online/multiplayer mode,10,5,Yes,78.0,29,Yes,No,Yes,Decreased,Very Positive
R100069,23,Male,Europe,PlayStation 5,Red Dead Redemption 2,3,X/Twitter,10,Graphics & ray tracing,7,4,Maybe,59.0,13,Yes,Yes,Yes,Increased,Positive
R100070,18,Male,Europe,Xbox Series X/S,GTA San Andreas,10,YouTube,10,Open-world Vice City map,10,4,Yes,85.0,17,Yes,Yes,Yes,Same,Very Positive
R100071,34,Male,Europe,PlayStation 5,GTA San Andreas,6,Twitch,13,Map size & exploration,10,5,Yes,71.0,31,Yes,No,No,Increased,Very Positive
R100072,28,Male,Asia-Pacific,Xbox Series X/S,GTA V,6,TikTok,6,Map size & exploration,9,5,Maybe,90.0,19,Yes,No,No,Same,Very Positive
R100073,29,Male,North America,PC,Red Dead Redemption 2,6,Gaming news sites,8,Graphics & ray tracing,5,4,Maybe,50.0,27,No,Yes,Yes,Increased,Positive
R100074,23,Male,Africa,PC,GTA V,5,Official Rockstar trailer,2,Improved police/AI systems,4,3,Maybe,47.0,7,No,Yes,Yes,Increased,Neutral/Cautious
R100075,28,Female,Latin America,Xbox Series X/S,GTA San Andreas,6,TikTok,12,Dual protagonists (Jason & Lucia),8,4,Yes,88.0,5,No,No,No,Increased,Very Positive
R100076,13,Male,Europe,PC,GTA V,13,Reddit,11,Realistic economy & businesses,9,3,Yes,83.0,16,No,Yes,Yes,Same,Very Positive
R100077,30,Prefer not to say,North America,PlayStation 5,GTA V,7,Gaming news sites,11,Realistic economy & businesses,9,5,No,81.0,16,No,No,No,Same,Very Positive
R100078,33,Female,Europe,PC,GTA V,5,Official Rockstar trailer,7,Deeper character customization,5,5,Yes,45.0,22,No,Yes,No,Decreased,Positive
R100079,25,Male,North America,PC,GTA San Andreas,7,YouTube,8,Realistic economy & businesses,10,4,Yes,89.0,2,No,No,Yes,Increased,Very Positive
R100080,19,Male,North America,PlayStation 5,GTA V,6,YouTube,9,Map size & exploration,10,5,Yes,87.0,26,Yes,No,No,Increased,Very Positive
R100081,35,Male,North America,PC,GTA V,3,Official Rockstar trailer,3,Open-world Vice City map,5,4,Yes,65.0,4,Yes,Yes,Yes,Increased,Positive
R100082,41,Male,Europe,PlayStation 5,GTA V,7,Friends,8,Open-world Vice City map,9,4,No,85.0,11,Yes,Yes,No,Increased,Very Positive
R100083,30,Male,Latin America,PlayStation 5,GTA IV,7,X/Twitter,3,Better driving physics,5,4,Yes,53.0,1,No,No,Yes,Same,Positive
R100084,27,Male,North America,Xbox Series X/S,GTA V,7,Reddit,8,Open-world Vice City map,8,3,Yes,74.0,7,No,No,Yes,Decreased,Very Positive
R100085,39,Male,Middle East,Xbox Series X/S,GTA V,5,Official Rockstar trailer,7,Realistic economy & businesses,7,5,Yes,46.0,5,Yes,No,Yes,Decreased,Positive
R100086,26,Male,Asia-Pacific,Xbox Series X/S,GTA San Andreas,6,Gaming news sites,7,Better driving physics,4,4,No,65.0,13,No,Yes,Yes,Increased,Neutral/Cautious
R100087,15,Male,Europe,PlayStation 5,GTA V,7,YouTube,9,Dual protagonists (Jason & Lucia),10,5,No,103.0,6,No,No,No,Increased,Very Positive
R100088,13,Male,Europe,Xbox Series X/S,GTA Vice City,3,Reddit,8,Dual protagonists (Jason & Lucia),7,4,Yes,56.0,8,No,Yes,Yes,Increased,Positive
R100089,26,Male,Asia-Pacific,Undecided,Never played GTA,3,Reddit,3,Better driving physics,2,4,No,17.0,7,Yes,Yes,No,Increased,Neutral/Cautious
R100090,36,Male,Latin America,PlayStation 5,GTA IV,6,Official Rockstar trailer,10,Map size & exploration,7,3,Maybe,41.0,4,Yes,No,Yes,Same,Positive
R100091,24,Female,Africa,PlayStation 5 Pro,GTA V,5,X/Twitter,7,Story & narrative depth,9,5,Yes,74.0,8,Yes,No,Yes,Decreased,Very Positive
R100092,26,Male,Europe,Xbox Series X/S,GTA V,4,Gaming news sites,10,Better driving physics,10,5,Yes,95.0,12,Yes,Yes,No,Same,Very Positive
R100093,22,Female,Europe,PC,GTA Vice City,10,Official Rockstar trailer,8,Online/multiplayer mode,8,3,Maybe,85.0,10,Yes,No,No,Same,Very Positive
R100094,29,Male,North America,PlayStation 5,Never played GTA,6,Official Rockstar trailer,3,Online/multiplayer mode,5,5,Yes,22.0,20,Yes,No,Yes,Increased,Positive
R100095,37,Male,Europe,PlayStation 5,GTA III,4,Official Rockstar trailer,10,Map size & exploration,7,4,Yes,60.0,2,No,Yes,Yes,Same,Positive
R100096,34,Female,Asia-Pacific,Xbox Series X/S,GTA San Andreas,8,Reddit,5,Dual protagonists (Jason & Lucia),7,4,Maybe,51.0,20,Yes,No,No,Same,Positive
R100097,29,Male,North America,Xbox Series X/S,GTA San Andreas,7,Reddit,13,Graphics & ray tracing,9,2,Yes,90.0,3,Yes,No,No,Increased,Very Positive
R100098,25,Male,Asia-Pacific,Xbox Series X/S,GTA San Andreas,3,TikTok,6,Graphics & ray tracing,6,4,No,55.0,28,Yes,Yes,No,Increased,Positive
R100099,33,Female,Europe,PlayStation 5,GTA V,6,Reddit,10,Realistic economy & businesses,6,4,Yes,69.0,15,Yes,No,Yes,Decreased,Positive
R100100,33,Prefer not to say,North America,Xbox Series X/S,GTA San Andreas,8,TikTok,10,Open-world Vice City map,6,3,No,,31,Yes,Yes,No,Same,Positive
R100101,24,Non-binary,Asia-Pacific,Xbox Series X/S,GTA IV,13,YouTube,12,Realistic economy & businesses,8,3,Yes,69.0,36,Yes,Yes,Yes,Increased,Very Positive
R100102,21,Male,Europe,PlayStation 5,GTA V,5,Official Rockstar trailer,6,Open-world Vice City map,7,5,No,68.0,29,Yes,No,Yes,Same,Positive
R100103,22,Male,Latin America,PlayStation 5,GTA San Andreas,4,Reddit,6,Story & narrative depth,8,5,No,66.0,10,Yes,No,Yes,Same,Very Positive
R100104,40,Female,North America,PlayStation 5,GTA IV,3,TikTok,8,Online/multiplayer mode,6,4,Maybe,68.0,20,Yes,No,Yes,Same,Positive
R100105,19,Male,North America,PlayStation 5 Pro,Red Dead Redemption 2,2,Official Rockstar trailer,9,Dual protagonists (Jason & Lucia),10,4,Yes,74.0,11,No,No,No,Increased,Very Positive
R100106,19,Female,Middle East,PC,GTA V,5,Official Rockstar trailer,12,Dual protagonists (Jason & Lucia),10,3,Yes,82.0,21,No,No,Yes,Increased,Very Positive
R100107,13,Male,Europe,PlayStation 5 Pro,GTA V,9,TikTok,9,Story & narrative depth,10,5,Yes,85.0,6,No,No,No,Same,Very Positive
R100108,31,Male,Asia-Pacific,PlayStation 5 Pro,Red Dead Redemption 2,12,Gaming news sites,4,Dual protagonists (Jason & Lucia),6,3,No,55.0,35,Yes,No,No,Decreased,Positive
R100109,13,Male,Europe,PC,GTA V,7,X/Twitter,10,Online/multiplayer mode,10,3,Yes,74.0,42,Yes,No,No,Decreased,Very Positive
R100110,36,Male,Europe,PC,GTA V,6,Gaming news sites,7,Deeper character customization,8,4,No,72.0,33,No,No,Yes,Increased,Very Positive
R100111,38,Male,Africa,Xbox Series X/S,GTA V,9,YouTube,3,Story & narrative depth,7,4,Yes,79.0,5,Yes,Yes,Yes,Increased,Positive
R100112,21,Prefer not to say,Latin America,PC,GTA Vice City,2,Reddit,11,Improved police/AI systems,10,4,Yes,103.0,15,Yes,No,No,Same,Very Positive
R100113,13,Male,Middle East,PlayStation 5,GTA V,6,X/Twitter,10,Online/multiplayer mode,10,4,Maybe,80.0,14,Yes,No,No,Increased,Very Positive
R100114,30,Non-binary,Asia-Pacific,PC,GTA San Andreas,6,YouTube,8,Story & narrative depth,9,3,Yes,55.0,3,Yes,Yes,Yes,Increased,Very Positive
R100115,35,Male,Europe,PC,GTA V,6,Friends,9,Dual protagonists (Jason & Lucia),9,4,Yes,64.0,7,Yes,Yes,No,Same,Very Positive
R100116,23,Male,Europe,PC,GTA V,2,Twitch,6,Improved police/AI systems,6,4,No,73.0,15,No,No,No,Increased,Positive
R100117,39,Male,Asia-Pacific,PlayStation 5,GTA Vice City,8,Gaming news sites,13,Improved police/AI systems,8,4,Maybe,75.0,15,No,No,Yes,Same,Very Positive
R100118,33,Male,Europe,PC,GTA San Andreas,6,Gaming news sites,7,Open-world Vice City map,6,3,No,67.0,5,Yes,Yes,Yes,Same,Positive
R100119,32,Male,Latin America,PC,GTA San Andreas,3,TikTok,11,Better driving physics,10,3,Yes,85.0,29,No,No,Yes,Same,Very Positive
R100120,26,Male,North America,PlayStation 5,GTA V,6,YouTube,8,Improved police/AI systems,9,5,Yes,68.0,36,No,No,No,Increased,Very Positive
R100121,39,Male,Middle East,PlayStation 5,GTA V,9,Gaming news sites,15,Open-world Vice City map,10,5,Yes,65.0,8,Yes,No,Yes,Increased,Very Positive
R100122,32,Male,Europe,Xbox Series X/S,GTA Vice City,5,YouTube,5,Dual protagonists (Jason & Lucia),7,3,Yes,55.0,13,Yes,No,Yes,Increased,Positive
R100123,32,Male,Latin America,Undecided,GTA IV,4,Gaming news sites,7,Graphics & ray tracing,10,3,Maybe,79.0,38,No,No,Yes,Increased,Very Positive
R100124,31,Male,North America,PlayStation 5,GTA IV,0,Gaming news sites,9,Realistic economy & businesses,6,3,Yes,,15,No,No,Yes,Increased,Positive
R100125,17,Male,Asia-Pacific,PC,GTA V,7,Official Rockstar trailer,13,Realistic economy & businesses,9,3,Yes,85.0,22,Yes,No,No,Same,Very Positive
R100126,22,Female,North America,PC,GTA IV,3,YouTube,8,Open-world Vice City map,6,4,No,65.0,12,No,Yes,No,Increased,Positive
R100127,20,Male,North America,PlayStation 5,GTA V,7,Reddit,11,Open-world Vice City map,10,2,Yes,103.0,14,No,No,Yes,Same,Very Positive
R100128,16,Male,North America,PC,GTA V,5,X/Twitter,9,Improved police/AI systems,10,4,Yes,85.0,39,No,No,Yes,Same,Very Positive
R100129,25,Female,Latin America,Xbox Series X/S,GTA V,1,Gaming news sites,10,Story & narrative depth,10,3,Yes,80.0,14,No,No,No,Increased,Very Positive
R100130,33,Female,North America,PlayStation 5 Pro,GTA V,8,YouTube,9,Story & narrative depth,8,3,Yes,87.0,3,No,No,Yes,Same,Very Positive
R100131,39,Male,Europe,PC,GTA San Andreas,5,Gaming news sites,7,Realistic economy & businesses,7,5,No,71.0,14,No,No,No,Same,Positive
R100132,23,Male,Asia-Pacific,PC,GTA Vice City,6,Official Rockstar trailer,5,Map size & exploration,7,5,No,82.0,10,No,No,Yes,Increased,Positive
R100133,24,Male,Latin America,PlayStation 5,GTA V,0,Official Rockstar trailer,12,Open-world Vice City map,10,5,Yes,73.0,16,Yes,Yes,Yes,Increased,Very Positive
R100134,13,Male,Asia-Pacific,PC,GTA V,9,Official Rockstar trailer,9,Map size & exploration,9,5,Yes,104.0,12,Yes,No,No,Same,Very Positive
R100135,50,Female,North America,PlayStation 5,Red Dead Redemption 2,7,YouTube,5,Dual protagonists (Jason & Lucia),7,3,Yes,83.0,18,Yes,No,Yes,Same,Positive
R100136,25,Male,North America,PC,GTA V,0,TikTok,7,Deeper character customization,8,4,Yes,41.0,9,No,No,Yes,Same,Very Positive
R100137,40,Female,Europe,PC,GTA San Andreas,7,TikTok,8,Online/multiplayer mode,9,4,Yes,82.0,19,Yes,No,No,Decreased,Very Positive
R100138,28,Male,Europe,PlayStation 5,GTA V,8,TikTok,3,Map size & exploration,6,3,Yes,84.0,10,No,No,Yes,Increased,Positive
R100139,16,Prefer not to say,Asia-Pacific,PlayStation 5,GTA IV,4,TikTok,4,Realistic economy & businesses,8,4,Yes,57.0,7,Yes,Yes,Yes,Same,Very Positive
R100140,21,Female,Latin America,Undecided,GTA V,0,Official Rockstar trailer,8,Online/multiplayer mode,6,5,No,51.0,11,Yes,Yes,No,Same,Positive
R100141,33,Female,Europe,Undecided,GTA San Andreas,4,YouTube,9,Story & narrative depth,5,4,Maybe,52.0,12,Yes,Yes,No,Increased,Positive
R100142,30,Male,Asia-Pacific,PlayStation 5,GTA Vice City,1,X/Twitter,4,Open-world Vice City map,5,3,Maybe,66.0,17,Yes,Yes,No,Increased,Positive
R100143,22,Male,Europe,Xbox Series X/S,GTA San Andreas,5,Twitch,6,Online/multiplayer mode,7,4,No,68.0,7,No,No,Yes,Increased,Positive
R100144,26,Male,North America,PC,GTA V,4,YouTube,10,Better driving physics,10,5,Yes,91.0,2,Yes,Yes,No,Same,Very Positive
R100145,22,Male,North America,Xbox Series X/S,GTA IV,3,TikTok,9,Open-world Vice City map,10,3,Yes,84.0,14,Yes,No,Yes,Same,Very Positive
R100146,36,Male,North America,Xbox Series X/S,GTA V,3,YouTube,5,Improved police/AI systems,5,3,Maybe,28.0,4,No,Yes,Yes,Increased,Positive
R100147,23,Male,North America,PlayStation 5 Pro,GTA V,6,YouTube,13,Map size & exploration,10,3,Yes,92.0,15,Yes,No,No,Same,Very Positive
R100148,27,Male,Europe,PlayStation 5,GTA V,12,YouTube,9,Map size & exploration,10,4,Yes,97.0,13,Yes,No,Yes,Same,Very Positive
R100149,20,Male,Europe,PlayStation 5,GTA V,4,Gaming news sites,9,Graphics & ray tracing,6,3,Yes,42.0,28,No,No,Yes,Same,Positive
R100150,31,Male,North America,PlayStation 5,GTA V,9,TikTok,6,Online/multiplayer mode,6,4,Yes,41.0,6,Yes,Yes,Yes,Increased,Positive
R100151,25,Non-binary,Middle East,Xbox Series X/S,GTA V,10,Reddit,10,Story & narrative depth,8,3,Maybe,77.0,11,Yes,No,No,Same,Very Positive
R100152,15,Male,Asia-Pacific,Xbox Series X/S,GTA Vice City,4,Official Rockstar trailer,4,Dual protagonists (Jason & Lucia),6,3,Yes,36.0,6,Yes,No,No,Increased,Positive
R100153,40,Male,North America,Xbox Series X/S,GTA V,13,Official Rockstar trailer,14,Realistic economy & businesses,9,5,Yes,,13,Yes,No,No,Decreased,Very Positive
R100154,36,Female,Europe,Xbox Series X/S,GTA San Andreas,3,Official Rockstar trailer,9,Deeper character customization,10,4,Yes,83.0,30,No,No,Yes,Increased,Very Positive
R100155,25,Male,Asia-Pacific,PC,Red Dead Redemption 2,4,Reddit,12,Open-world Vice City map,10,1,Yes,77.0,58,No,No,No,Decreased,Very Positive
R100156,27,Female,Middle East,PC,GTA San Andreas,9,Twitch,7,Improved police/AI systems,6,3,No,67.0,24,Yes,No,Yes,Same,Positive
R100157,14,Male,Europe,PlayStation 5,GTA V,3,Official Rockstar trailer,10,Map size & exploration,8,3,Maybe,70.0,20,Yes,Yes,No,Same,Very Positive
R100158,37,Non-binary,North America,PlayStation 5,GTA V,7,Official Rockstar trailer,12,Graphics & ray tracing,10,5,Yes,98.0,22,Yes,Yes,Yes,Decreased,Very Positive
R100159,31,Male,Asia-Pacific,PlayStation 5,GTA San Andreas,11,TikTok,7,Map size & exploration,10,3,Yes,76.0,25,Yes,No,No,Same,Very Positive
R100160,27,Male,North America,PlayStation 5,Red Dead Redemption 2,4,TikTok,3,Better driving physics,5,3,Maybe,45.0,31,No,Yes,No,Increased,Positive
R100161,21,Male,Asia-Pacific,PlayStation 5 Pro,Red Dead Redemption 2,6,X/Twitter,6,Dual protagonists (Jason & Lucia),9,3,Yes,74.0,20,Yes,No,No,Same,Very Positive
R100162,31,Male,Europe,Xbox Series X/S,Red Dead Redemption 2,4,Reddit,8,Dual protagonists (Jason & Lucia),7,2,No,68.0,17,Yes,Yes,Yes,Increased,Positive
R100163,27,Male,Asia-Pacific,PC,GTA IV,9,Reddit,12,Story & narrative depth,10,4,Yes,,10,Yes,No,No,Same,Very Positive
R100164,44,Non-binary,North America,PC,GTA Vice City,7,YouTube,9,Open-world Vice City map,4,4,No,54.0,5,No,No,Yes,Same,Neutral/Cautious
R100165,33,Male,North America,PlayStation 5,GTA Vice City,3,TikTok,9,Online/multiplayer mode,8,3,Yes,76.0,9,No,No,Yes,Decreased,Very Positive
R100166,39,Female,Europe,PlayStation 5 Pro,GTA San Andreas,4,Twitch,5,Better driving physics,8,4,Yes,61.0,9,Yes,Yes,No,Same,Very Positive
R100167,18,Female,Asia-Pacific,PlayStation 5,GTA IV,5,Official Rockstar trailer,4,Realistic economy & businesses,6,2,Yes,66.0,17,Yes,No,Yes,Same,Positive
R100168,37,Female,North America,PC,GTA V,7,Reddit,7,Deeper character customization,10,3,Yes,78.0,15,Yes,No,Yes,Increased,Very Positive
R100169,13,Male,North America,Xbox Series X/S,Never played GTA,4,Reddit,5,Online/multiplayer mode,4,3,Maybe,58.0,1,Yes,No,Yes,Increased,Neutral/Cautious
R100170,24,Male,Europe,PC,GTA V,7,Official Rockstar trailer,9,Deeper character customization,7,4,No,62.0,31,No,Yes,No,Decreased,Positive
R100171,36,Male,North America,PlayStation 5 Pro,Never played GTA,7,Gaming news sites,2,Deeper character customization,3,3,Maybe,54.0,28,No,Yes,Yes,Increased,Neutral/Cautious
R100172,24,Male,Europe,PC,GTA San Andreas,6,X/Twitter,6,Improved police/AI systems,8,4,Yes,83.0,19,Yes,No,No,Increased,Very Positive
R100173,20,Male,North America,Xbox Series X/S,GTA San Andreas,7,Official Rockstar trailer,9,Deeper character customization,7,3,Yes,51.0,4,Yes,Yes,Yes,Increased,Positive
R100174,45,Male,Europe,PlayStation 5,GTA V,8,Gaming news sites,5,Dual protagonists (Jason & Lucia),7,4,No,61.0,4,No,Yes,No,Increased,Positive
R100175,27,Female,Europe,Xbox Series X/S,GTA IV,5,Official Rockstar trailer,7,Realistic economy & businesses,7,3,Yes,52.0,6,Yes,Yes,Yes,Increased,Positive
R100176,29,Male,Europe,PlayStation 5,GTA IV,3,X/Twitter,8,Map size & exploration,7,3,Yes,92.0,27,Yes,No,Yes,Same,Positive
R100177,30,Male,Asia-Pacific,PlayStation 5 Pro,GTA San Andreas,2,Official Rockstar trailer,3,Improved police/AI systems,6,3,Maybe,75.0,18,No,Yes,Yes,Same,Positive
R100178,25,Male,North America,PlayStation 5,GTA V,8,Official Rockstar trailer,10,Open-world Vice City map,10,4,Yes,75.0,7,Yes,Yes,Yes,Same,Very Positive
R100179,39,Female,Europe,Undecided,GTA San Andreas,7,Twitch,7,Story & narrative depth,10,3,Yes,103.0,11,No,No,Yes,Increased,Very Positive
R100180,18,Male,Middle East,PlayStation 5,GTA IV,0,YouTube,10,Improved police/AI systems,10,4,Maybe,112.0,24,No,No,Yes,Increased,Very Positive
R100181,19,Prefer not to say,Asia-Pacific,Xbox Series X/S,GTA San Andreas,6,Friends,3,Online/multiplayer mode,7,4,Maybe,75.0,18,Yes,No,Yes,Same,Positive
R100182,28,Male,Europe,Xbox Series X/S,GTA Vice City,11,Gaming news sites,9,Open-world Vice City map,7,3,Yes,48.0,2,No,No,No,Increased,Positive
R100183,15,Male,Europe,PC,GTA Vice City,5,Official Rockstar trailer,5,Open-world Vice City map,6,3,Yes,58.0,30,Yes,Yes,No,Increased,Positive
R100184,20,Non-binary,Europe,Xbox Series X/S,GTA V,6,TikTok,3,Graphics & ray tracing,6,5,Yes,59.0,24,No,No,Yes,Increased,Positive
R100185,17,Male,North America,PlayStation 5,GTA V,10,X/Twitter,11,Graphics & ray tracing,10,3,No,,18,Yes,No,No,Same,Very Positive
R100186,21,Female,Europe,Undecided,GTA Vice City,8,Reddit,5,Realistic economy & businesses,5,4,Yes,61.0,33,Yes,No,No,Same,Positive
R100187,14,Male,Latin America,PlayStation 5 Pro,GTA V,4,X/Twitter,10,Story & narrative depth,9,5,No,91.0,48,Yes,No,No,Same,Very Positive
R100188,25,Male,Asia-Pacific,Undecided,GTA V,5,Official Rockstar trailer,8,Realistic economy & businesses,8,5,Yes,69.0,12,Yes,Yes,Yes,Increased,Very Positive
R100189,18,Non-binary,Middle East,Xbox Series X/S,GTA IV,1,Official Rockstar trailer,13,Open-world Vice City map,10,2,Yes,86.0,12,Yes,Yes,No,Same,Very Positive
R100190,20,Male,Africa,PlayStation 5 Pro,GTA V,6,Official Rockstar trailer,9,Dual protagonists (Jason & Lucia),7,4,Yes,63.0,10,Yes,No,No,Increased,Positive
R100191,21,Male,Europe,PC,GTA V,9,Official Rockstar trailer,10,Story & narrative depth,9,5,Yes,92.0,20,Yes,No,Yes,Increased,Very Positive
R100192,22,Male,North America,Xbox Series X/S,GTA V,7,X/Twitter,8,Online/multiplayer mode,8,5,Yes,68.0,15,No,No,Yes,Increased,Very Positive
R100193,16,Male,Europe,PC,GTA IV,11,YouTube,10,Dual protagonists (Jason & Lucia),7,5,Maybe,62.0,21,No,Yes,No,Same,Positive
R100194,22,Male,Middle East,PlayStation 5 Pro,GTA V,3,Official Rockstar trailer,16,Story & narrative depth,10,4,Yes,90.0,4,Yes,Yes,Yes,Increased,Very Positive
R100195,22,Male,North America,PC,GTA V,4,Reddit,6,Online/multiplayer mode,5,4,Maybe,49.0,9,Yes,No,Yes,Increased,Positive
R100196,35,Male,Latin America,Xbox Series X/S,Red Dead Redemption 2,5,YouTube,18,Map size & exploration,10,4,Yes,85.0,10,No,No,Yes,Increased,Very Positive
R100197,54,Male,Asia-Pacific,PC,GTA Vice City,4,Friends,9,Dual protagonists (Jason & Lucia),9,4,Yes,85.0,38,Yes,No,Yes,Decreased,Very Positive
R100198,28,Male,Europe,PC,GTA Vice City,3,X/Twitter,11,Graphics & ray tracing,10,3,Yes,88.0,12,Yes,No,No,Same,Very Positive
R100199,18,Male,Asia-Pacific,PC,GTA V,6,Reddit,12,Open-world Vice City map,7,4,Yes,68.0,3,Yes,Yes,No,Same,Positive
R100200,28,Male,Asia-Pacific,PC,Red Dead Redemption 2,6,X/Twitter,10,Open-world Vice City map,8,3,Maybe,79.0,5,Yes,No,Yes,Decreased,Very Positive
R100201,19,Male,Middle East,PC,GTA V,6,Gaming news sites,9,Graphics & ray tracing,7,4,Yes,54.0,4,Yes,No,Yes,Same,Positive
R100202,27,Female,North America,PlayStation 5,GTA V,2,Gaming news sites,7,Deeper character customization,8,4,Yes,76.0,10,No,Yes,Yes,Increased,Very Positive
R100203,23,Female,Latin America,Xbox Series X/S,GTA IV,6,YouTube,9,Graphics & ray tracing,10,3,Yes,84.0,7,No,Yes,Yes,Decreased,Very Positive
R100204,30,Male,Middle East,Xbox Series X/S,GTA IV,6,Reddit,14,Dual protagonists (Jason & Lucia),8,4,Yes,57.0,29,Yes,Yes,Yes,Same,Very Positive
R100205,20,Male,North America,PC,GTA V,6,Reddit,5,Better driving physics,5,3,Maybe,48.0,5,No,Yes,No,Increased,Positive
R100206,32,Female,North America,Xbox Series X/S,GTA IV,0,YouTube,6,Dual protagonists (Jason & Lucia),7,4,Yes,49.0,3,Yes,Yes,Yes,Increased,Positive
R100207,22,Female,North America,Xbox Series X/S,GTA Vice City,7,YouTube,10,Open-world Vice City map,5,5,Yes,50.0,15,Yes,No,Yes,Same,Positive
R100208,32,Male,Europe,PC,GTA San Andreas,4,YouTube,12,Graphics & ray tracing,10,3,Yes,93.0,10,Yes,No,Yes,Same,Very Positive
R100209,22,Female,Asia-Pacific,Xbox Series X/S,GTA San Andreas,5,Official Rockstar trailer,8,Story & narrative depth,6,4,Yes,,20,No,No,Yes,Same,Positive
R100210,31,Male,Europe,Xbox Series X/S,GTA San Andreas,8,Official Rockstar trailer,6,Better driving physics,8,3,Yes,73.0,7,Yes,No,Yes,Increased,Very Positive
R100211,29,Female,Europe,PlayStation 5,GTA Vice City,2,Friends,7,Realistic economy & businesses,7,4,Maybe,68.0,15,No,No,Yes,Increased,Positive
R100212,33,Male,North America,PlayStation 5,GTA Vice City,4,Official Rockstar trailer,5,Story & narrative depth,5,4,Yes,43.0,12,No,Yes,No,Increased,Positive
R100213,21,Female,North America,Undecided,GTA V,1,Official Rockstar trailer,6,Online/multiplayer mode,8,3,Maybe,71.0,10,Yes,Yes,No,Same,Very Positive
R100214,41,Male,Europe,PC,GTA IV,8,TikTok,3,Map size & exploration,2,5,No,39.0,13,No,Yes,Yes,Decreased,Neutral/Cautious
R100215,30,Non-binary,Asia-Pacific,PC,GTA San Andreas,5,Reddit,10,Deeper character customization,7,4,Yes,68.0,21,No,No,Yes,Same,Positive
R100216,26,Male,Asia-Pacific,PlayStation 5,GTA V,5,Reddit,6,Story & narrative depth,7,5,No,54.0,30,No,Yes,No,Same,Positive
R100217,33,Male,Europe,PC,Red Dead Redemption 2,4,TikTok,10,Dual protagonists (Jason & Lucia),8,4,Yes,78.0,2,Yes,No,Yes,Decreased,Very Positive
R100218,20,Male,North America,PlayStation 5,GTA San Andreas,5,X/Twitter,9,Story & narrative depth,9,4,Maybe,67.0,9,Yes,No,No,Increased,Very Positive
R100219,35,Male,Latin America,PC,GTA IV,6,Gaming news sites,4,Open-world Vice City map,6,3,Yes,61.0,22,No,No,Yes,Increased,Positive
R100220,30,Female,Asia-Pacific,PlayStation 5,Red Dead Redemption 2,5,YouTube,6,Online/multiplayer mode,7,3,Maybe,64.0,21,No,Yes,Yes,Increased,Positive
R100221,22,Male,North America,PlayStation 5 Pro,Never played GTA,3,Gaming news sites,5,Open-world Vice City map,4,4,Maybe,46.0,23,Yes,No,Yes,Same,Neutral/Cautious
R100222,25,Male,Europe,Undecided,Never played GTA,2,YouTube,7,Graphics & ray tracing,6,3,Maybe,55.0,16,Yes,No,No,Same,Positive
R100223,24,Male,Asia-Pacific,PlayStation 5,GTA IV,6,X/Twitter,11,Improved police/AI systems,9,4,Maybe,78.0,7,Yes,No,No,Same,Very Positive
R100224,20,Male,Latin America,PC,GTA San Andreas,7,Twitch,12,Story & narrative depth,9,3,Yes,76.0,4,Yes,No,Yes,Same,Very Positive
R100225,22,Female,North America,PC,Never played GTA,11,TikTok,12,Online/multiplayer mode,6,2,Yes,75.0,14,No,Yes,No,Increased,Positive
R100226,21,Male,Europe,Xbox Series X/S,GTA Vice City,7,Reddit,10,Deeper character customization,9,5,Yes,77.0,25,Yes,No,Yes,Increased,Very Positive
R100227,28,Female,North America,PlayStation 5,GTA V,8,TikTok,7,Improved police/AI systems,8,5,Maybe,70.0,12,No,No,No,Same,Very Positive
R100228,30,Male,North America,Xbox Series X/S,GTA V,4,YouTube,8,Online/multiplayer mode,8,4,Yes,75.0,18,Yes,No,Yes,Decreased,Very Positive
R100229,34,Male,Asia-Pacific,PC,GTA San Andreas,7,TikTok,3,Map size & exploration,3,5,Maybe,50.0,7,No,No,No,Increased,Neutral/Cautious
R100230,34,Male,Latin America,PC,GTA IV,2,YouTube,7,Realistic economy & businesses,8,4,Yes,70.0,32,Yes,No,Yes,Same,Very Positive
R100231,27,Male,Europe,Xbox Series X/S,GTA V,9,YouTube,8,Better driving physics,9,5,Yes,82.0,9,Yes,No,Yes,Increased,Very Positive
R100232,39,Male,Africa,PlayStation 5,GTA IV,7,Reddit,8,Graphics & ray tracing,8,1,Yes,64.0,6,Yes,Yes,Yes,Same,Very Positive
R100233,23,Male,North America,Xbox Series X/S,Red Dead Redemption 2,8,YouTube,11,Map size & exploration,10,3,Yes,88.0,15,Yes,No,No,Increased,Very Positive
R100234,23,Female,Latin America,PC,GTA IV,2,Gaming news sites,8,Dual protagonists (Jason & Lucia),9,5,Yes,58.0,5,No,No,Yes,Increased,Very Positive
R100235,29,Female,North America,PC,GTA San Andreas,3,Official Rockstar trailer,8,Better driving physics,8,4,Yes,89.0,28,No,No,Yes,Increased,Very Positive
R100236,24,Prefer not to say,Europe,PC,GTA V,5,Official Rockstar trailer,12,Story & narrative depth,10,5,Yes,84.0,20,Yes,No,Yes,Increased,Very Positive
R100237,21,Female,Latin America,PC,GTA IV,6,Twitch,10,Dual protagonists (Jason & Lucia),10,4,Yes,86.0,20,Yes,No,Yes,Increased,Very Positive
R100238,24,Male,Europe,PlayStation 5 Pro,GTA V,8,TikTok,12,Online/multiplayer mode,9,4,Yes,86.0,18,Yes,No,No,Increased,Very Positive
R100239,28,Non-binary,Asia-Pacific,Xbox Series X/S,GTA San Andreas,8,Reddit,13,Open-world Vice City map,9,3,Yes,89.0,8,Yes,Yes,No,Same,Very Positive
R100240,28,Male,Europe,Xbox Series X/S,GTA III,6,Official Rockstar trailer,7,Open-world Vice City map,8,4,Yes,94.0,14,Yes,No,No,Decreased,Very Positive
R100241,20,Female,Asia-Pacific,Xbox Series X/S,Never played GTA,6,X/Twitter,1,Better driving physics,4,4,No,62.0,7,Yes,No,Yes,Same,Neutral/Cautious
R100242,25,Male,Asia-Pacific,PC,GTA Vice City,2,Reddit,4,Realistic economy & businesses,7,3,Yes,62.0,9,No,No,Yes,Decreased,Positive
R100243,33,Female,Europe,PlayStation 5 Pro,GTA V,6,YouTube,9,Dual protagonists (Jason & Lucia),10,5,Yes,92.0,24,No,No,No,Increased,Very Positive
R100244,18,Male,Europe,PlayStation 5,GTA IV,6,YouTube,6,Online/multiplayer mode,8,3,Yes,61.0,11,Yes,Yes,Yes,Decreased,Very Positive
R100245,18,Male,Asia-Pacific,Undecided,Red Dead Redemption 2,7,YouTube,10,Open-world Vice City map,9,3,Yes,65.0,8,Yes,No,Yes,Increased,Very Positive
R100246,34,Female,North America,Xbox Series X/S,GTA San Andreas,5,YouTube,7,Dual protagonists (Jason & Lucia),7,4,Yes,65.0,9,Yes,No,No,Same,Positive
R100247,34,Male,Asia-Pacific,PlayStation 5,GTA San Andreas,2,Official Rockstar trailer,4,Map size & exploration,5,4,No,56.0,4,No,No,Yes,Increased,Positive
R100248,17,Female,Europe,PlayStation 5,GTA San Andreas,1,X/Twitter,11,Realistic economy & businesses,9,4,Yes,66.0,40,Yes,No,Yes,Decreased,Very Positive
R100249,21,Male,Europe,PC,GTA V,8,TikTok,13,Story & narrative depth,10,5,Yes,95.0,3,Yes,No,No,Increased,Very Positive
R100250,33,Male,Europe,PC,GTA V,0,YouTube,8,Online/multiplayer mode,7,4,No,80.0,13,No,No,No,Increased,Positive
R100251,23,Male,Asia-Pacific,Xbox Series X/S,GTA V,6,Friends,8,Improved police/AI systems,7,3,Yes,56.0,24,Yes,No,Yes,Increased,Positive
R100252,13,Female,Asia-Pacific,PlayStation 5 Pro,GTA San Andreas,13,Official Rockstar trailer,5,Story & narrative depth,3,4,Maybe,39.0,12,No,No,Yes,Increased,Neutral/Cautious
R100253,45,Female,Europe,PlayStation 5 Pro,GTA Vice City,6,TikTok,5,Map size & exploration,6,5,Yes,48.0,22,No,Yes,Yes,Same,Positive
R100254,22,Male,North America,PlayStation 5,GTA V,3,YouTube,9,Story & narrative depth,10,5,Yes,82.0,7,Yes,No,Yes,Same,Very Positive
R100255,37,Male,Asia-Pacific,Xbox Series X/S,GTA Vice City,8,Reddit,6,Improved police/AI systems,9,3,Yes,75.0,17,No,No,Yes,Same,Very Positive
R100256,21,Male,Asia-Pacific,PlayStation 5,GTA San Andreas,7,Official Rockstar trailer,11,Open-world Vice City map,7,4,Yes,79.0,5,Yes,Yes,No,Same,Positive
R100257,30,Female,Europe,Xbox Series X/S,GTA IV,6,Twitch,6,Dual protagonists (Jason & Lucia),8,3,Yes,93.0,21,Yes,No,No,Increased,Very Positive
R100258,35,Male,Asia-Pacific,PlayStation 5 Pro,GTA V,5,X/Twitter,11,Story & narrative depth,9,5,Yes,85.0,24,No,No,No,Increased,Very Positive
R100259,18,Male,Latin America,Xbox Series X/S,Red Dead Redemption 2,2,TikTok,8,Improved police/AI systems,6,2,Maybe,58.0,4,Yes,Yes,Yes,Same,Positive
R100260,13,Male,Europe,PlayStation 5,Red Dead Redemption 2,5,YouTube,7,Open-world Vice City map,7,3,Maybe,65.0,65,No,No,Yes,Increased,Positive
R100261,13,Male,Europe,Xbox Series X/S,GTA V,6,Official Rockstar trailer,8,Improved police/AI systems,5,5,Maybe,56.0,7,No,Yes,Yes,Increased,Positive
R100262,25,Male,Europe,PlayStation 5,GTA III,3,Gaming news sites,7,Graphics & ray tracing,9,5,Yes,64.0,11,No,No,Yes,Decreased,Very Positive
R100263,25,Male,Europe,PlayStation 5,Red Dead Redemption 2,9,X/Twitter,7,Online/multiplayer mode,7,2,Maybe,65.0,5,No,Yes,Yes,Increased,Positive
R100264,32,Male,Asia-Pacific,Xbox Series X/S,GTA V,8,TikTok,6,Better driving physics,7,5,Yes,69.0,4,No,Yes,Yes,Increased,Positive
R100265,36,Male,Europe,Xbox Series X/S,GTA V,3,X/Twitter,11,Open-world Vice City map,10,2,Yes,86.0,21,Yes,No,Yes,Same,Very Positive
R100266,20,Female,Europe,Undecided,GTA V,4,Friends,9,Online/multiplayer mode,9,3,Yes,75.0,21,Yes,No,Yes,Increased,Very Positive
R100267,41,Male,Latin America,PlayStation 5,GTA Vice City,10,X/Twitter,5,Online/multiplayer mode,6,2,No,54.0,15,Yes,Yes,No,Decreased,Positive
R100268,21,Male,Asia-Pacific,PlayStation 5,Never played GTA,5,TikTok,8,Story & narrative depth,8,4,Yes,68.0,3,No,No,No,Same,Very Positive
R100269,42,Male,Europe,Xbox Series X/S,GTA San Andreas,5,TikTok,20,Online/multiplayer mode,10,3,Yes,93.0,13,No,No,Yes,Decreased,Very Positive
R100270,31,Male,Latin America,PC,GTA San Andreas,10,X/Twitter,3,Improved police/AI systems,6,3,Yes,64.0,9,Yes,No,Yes,Same,Positive
R100271,26,Male,Europe,PlayStation 5,GTA V,5,Official Rockstar trailer,16,Open-world Vice City map,9,5,Yes,69.0,22,Yes,Yes,Yes,Increased,Very Positive
R100272,21,Male,Asia-Pacific,Xbox Series X/S,GTA V,5,Twitch,10,Online/multiplayer mode,7,3,No,47.0,8,Yes,Yes,Yes,Increased,Positive
R100273,28,Female,Latin America,Xbox Series X/S,Red Dead Redemption 2,5,Official Rockstar trailer,14,Story & narrative depth,10,5,Yes,89.0,13,Yes,No,Yes,Same,Very Positive
R100274,21,Male,Latin America,PC,GTA Vice City,5,X/Twitter,12,Deeper character customization,8,4,Yes,72.0,42,No,No,No,Decreased,Very Positive
R100275,24,Male,Middle East,PlayStation 5,GTA Vice City,4,TikTok,11,Online/multiplayer mode,10,4,No,83.0,15,Yes,No,No,Increased,Very Positive
R100276,32,Male,North America,PlayStation 5,GTA San Andreas,5,Reddit,6,Graphics & ray tracing,8,3,No,79.0,8,Yes,No,No,Same,Very Positive
R100277,40,Male,Asia-Pacific,PlayStation 5,GTA IV,9,Official Rockstar trailer,6,Online/multiplayer mode,5,3,Maybe,68.0,12,Yes,No,No,Same,Positive
R100278,26,Male,North America,PC,GTA V,7,Official Rockstar trailer,9,Open-world Vice City map,10,4,Yes,96.0,31,Yes,No,No,Same,Very Positive
R100279,21,,Asia-Pacific,PlayStation 5,Red Dead Redemption 2,8,X/Twitter,14,Realistic economy & businesses,8,4,Yes,66.0,12,Yes,Yes,Yes,Same,Very Positive
R100280,26,Male,Latin America,Xbox Series X/S,Never played GTA,2,Gaming news sites,6,Deeper character customization,5,3,Yes,63.0,8,No,Yes,Yes,Same,Positive
R100281,26,Male,Europe,PlayStation 5,GTA V,4,Twitch,14,Online/multiplayer mode,9,5,Yes,92.0,3,No,No,Yes,Same,Very Positive
R100282,20,Female,Latin America,PC,GTA Vice City,6,Reddit,11,Deeper character customization,8,5,No,59.0,33,Yes,No,Yes,Same,Very Positive
R100283,25,Male,Latin America,PlayStation 5,GTA IV,4,YouTube,6,Graphics & ray tracing,7,2,No,72.0,22,No,Yes,No,Increased,Positive
R100284,24,Female,Europe,PC,GTA V,2,X/Twitter,12,Graphics & ray tracing,10,3,Yes,77.0,10,Yes,No,No,Increased,Very Positive
R100285,31,Male,Asia-Pacific,PlayStation 5 Pro,GTA V,3,Reddit,9,Improved police/AI systems,10,5,Yes,102.0,16,No,No,Yes,Increased,Very Positive
R100286,38,Male,Asia-Pacific,PC,GTA San Andreas,7,YouTube,10,Better driving physics,7,4,Yes,45.0,13,No,No,Yes,Same,Positive
R100287,13,Male,Middle East,PlayStation 5,GTA V,3,YouTube,6,Dual protagonists (Jason & Lucia),8,5,Yes,54.0,20,No,Yes,Yes,Increased,Very Positive
R100288,23,Male,Europe,PC,GTA V,8,Gaming news sites,11,Map size & exploration,10,3,Yes,96.0,5,No,No,No,Increased,Very Positive
R100289,19,Male,Middle East,Xbox Series X/S,GTA San Andreas,13,Official Rockstar trailer,8,Story & narrative depth,7,4,Maybe,80.0,24,Yes,No,No,Same,Positive
R100290,32,Male,Asia-Pacific,Xbox Series X/S,GTA San Andreas,3,Official Rockstar trailer,8,Open-world Vice City map,8,3,No,68.0,9,No,Yes,Yes,Same,Very Positive
R100291,29,Male,Middle East,Xbox Series X/S,GTA V,7,TikTok,10,Better driving physics,9,5,Yes,88.0,9,No,No,Yes,Same,Very Positive
R100292,27,Female,North America,Xbox Series X/S,GTA V,3,Official Rockstar trailer,9,Dual protagonists (Jason & Lucia),9,4,Yes,75.0,7,Yes,No,Yes,Increased,Very Positive
R100293,14,Male,Middle East,PlayStation 5,GTA San Andreas,3,TikTok,9,Open-world Vice City map,9,2,No,68.0,8,Yes,Yes,Yes,Increased,Very Positive
R100294,20,Male,Asia-Pacific,PlayStation 5,GTA V,8,Official Rockstar trailer,11,Open-world Vice City map,10,4,Yes,97.0,10,No,No,Yes,Same,Very Positive
R100295,13,Prefer not to say,Europe,Undecided,GTA San Andreas,2,Gaming news sites,10,Dual protagonists (Jason & Lucia),9,4,Yes,87.0,4,No,Yes,Yes,Increased,Very Positive
R100296,25,Male,Europe,Xbox Series X/S,GTA San Andreas,4,TikTok,7,Dual protagonists (Jason & Lucia),6,3,Yes,58.0,37,Yes,Yes,Yes,Increased,Positive
R100297,35,Male,North America,PlayStation 5,Never played GTA,4,TikTok,6,Story & narrative depth,5,3,Maybe,54.0,13,No,No,Yes,Same,Positive
R100298,18,Male,North America,PlayStation 5,GTA V,7,X/Twitter,10,Deeper character customization,9,5,No,70.0,16,Yes,Yes,Yes,Increased,Very Positive
R100299,22,Male,Europe,PC,GTA V,4,YouTube,6,Map size & exploration,7,4,No,72.0,9,Yes,No,No,Same,Positive
R100300,33,Male,North America,PlayStation 5,GTA San Andreas,7,Reddit,14,Open-world Vice City map,9,4,Maybe,85.0,10,Yes,No,No,Increased,Very Positive
R100301,21,Male,Latin America,PC,GTA V,2,Reddit,12,Online/multiplayer mode,10,3,Yes,86.0,9,No,No,Yes,Same,Very Positive
R100302,25,Female,Europe,PC,GTA V,7,Official Rockstar trailer,2,Graphics & ray tracing,5,3,Yes,47.0,17,No,No,Yes,Increased,Positive
R100303,39,Male,North America,PC,GTA Vice City,9,Official Rockstar trailer,10,Deeper character customization,10,3,Maybe,78.0,27,Yes,No,Yes,Decreased,Very Positive
R100304,34,Non-binary,North America,PC,Red Dead Redemption 2,4,TikTok,8,Online/multiplayer mode,4,2,No,60.0,2,Yes,No,No,Same,Neutral/Cautious
R100305,20,Male,Europe,PlayStation 5,GTA San Andreas,5,YouTube,10,Online/multiplayer mode,7,3,No,69.0,14,Yes,Yes,Yes,Same,Positive
R100306,38,Male,Europe,PC,GTA V,2,X/Twitter,9,Open-world Vice City map,9,4,Yes,81.0,9,Yes,No,Yes,Same,Very Positive
R100307,30,Female,Europe,PC,GTA Vice City,3,Friends,11,Dual protagonists (Jason & Lucia),8,4,Yes,,13,Yes,No,Yes,Increased,Very Positive
R100308,31,Female,Asia-Pacific,PC,Never played GTA,9,TikTok,5,Open-world Vice City map,6,4,Yes,46.0,5,No,Yes,No,Increased,Positive
R100309,22,Female,North America,Xbox Series X/S,Red Dead Redemption 2,9,Official Rockstar trailer,6,Map size & exploration,7,3,No,71.0,28,Yes,No,No,Increased,Positive
R100310,20,Male,Europe,Xbox Series X/S,GTA San Andreas,13,TikTok,5,Open-world Vice City map,6,5,Maybe,67.0,11,Yes,No,No,Increased,Positive
R100311,44,Male,North America,Xbox Series X/S,GTA IV,3,Official Rockstar trailer,6,Online/multiplayer mode,7,3,No,81.0,40,Yes,No,Yes,Increased,Positive
R100312,24,Male,Europe,Xbox Series X/S,GTA IV,7,YouTube,11,Dual protagonists (Jason & Lucia),8,2,No,75.0,11,No,No,No,Increased,Very Positive
R100313,25,Male,Europe,Xbox Series X/S,Never played GTA,4,YouTube,11,Better driving physics,7,3,Maybe,67.0,8,Yes,No,Yes,Increased,Positive
R100314,34,Female,North America,PlayStation 5,GTA San Andreas,4,YouTube,10,Open-world Vice City map,8,3,Maybe,81.0,10,Yes,No,No,Same,Very Positive
R100315,13,Male,North America,Undecided,GTA IV,1,Official Rockstar trailer,11,Online/multiplayer mode,10,4,Yes,80.0,7,Yes,No,No,Same,Very Positive
R100316,14,Male,Asia-Pacific,PlayStation 5,GTA Vice City,11,Gaming news sites,11,Map size & exploration,10,5,Yes,82.0,26,Yes,No,No,Increased,Very Positive
R100317,26,Female,North America,PlayStation 5,GTA Vice City,5,YouTube,10,Map size & exploration,9,3,Yes,72.0,9,No,No,Yes,Same,Very Positive
R100318,33,Male,North America,PC,GTA III,8,YouTube,10,Dual protagonists (Jason & Lucia),10,4,Yes,90.0,9,Yes,No,Yes,Increased,Very Positive
R100319,17,Male,North America,PC,GTA Vice City,3,Reddit,12,Realistic economy & businesses,9,5,Yes,85.0,34,Yes,No,No,Same,Very Positive
R100320,41,Male,Latin America,Xbox Series X/S,GTA San Andreas,10,Official Rockstar trailer,9,Open-world Vice City map,7,2,Yes,,10,Yes,Yes,Yes,Increased,Positive
R100321,41,Male,North America,Xbox Series X/S,GTA San Andreas,6,Official Rockstar trailer,9,Map size & exploration,8,4,Yes,68.0,2,Yes,No,Yes,Same,Very Positive
R100322,34,Female,Africa,PC,Red Dead Redemption 2,5,YouTube,10,Dual protagonists (Jason & Lucia),9,3,Yes,70.0,2,Yes,Yes,No,Increased,Very Positive
R100323,21,Female,Middle East,PlayStation 5,GTA Vice City,2,TikTok,13,Story & narrative depth,10,5,Yes,82.0,3,Yes,No,Yes,Same,Very Positive
R100324,18,Male,Asia-Pacific,PlayStation 5,GTA V,5,YouTube,9,Improved police/AI systems,9,5,Yes,104.0,8,Yes,Yes,Yes,Same,Very Positive
R100325,51,Female,Latin America,Undecided,GTA Vice City,5,Reddit,4,Dual protagonists (Jason & Lucia),7,5,Yes,59.0,50,No,No,No,Increased,Positive
R100326,36,Male,North America,PC,GTA San Andreas,10,YouTube,10,Dual protagonists (Jason & Lucia),9,4,Yes,82.0,12,Yes,No,No,Increased,Very Positive
R100327,22,Male,Latin America,PlayStation 5,GTA III,8,Gaming news sites,13,Open-world Vice City map,9,4,Maybe,85.0,9,No,No,No,Same,Very Positive
R100328,23,Male,Europe,PlayStation 5,GTA San Andreas,1,Gaming news sites,6,Open-world Vice City map,7,5,Yes,67.0,7,No,Yes,Yes,Decreased,Positive
R100329,34,Non-binary,North America,PlayStation 5,Never played GTA,6,Official Rockstar trailer,6,Online/multiplayer mode,3,3,Yes,47.0,19,No,No,No,Increased,Neutral/Cautious
R100330,18,Female,Europe,PC,GTA V,7,Friends,13,Dual protagonists (Jason & Lucia),10,5,Yes,74.0,7,Yes,Yes,Yes,Increased,Very Positive
R100331,28,Male,Latin America,PC,GTA Vice City,5,TikTok,10,Realistic economy & businesses,8,2,Yes,87.0,16,Yes,No,Yes,Same,Very Positive
R100332,40,Male,North America,PlayStation 5,GTA V,5,Reddit,12,Online/multiplayer mode,8,4,Yes,62.0,6,Yes,Yes,No,Increased,Very Positive
R100333,38,Male,Asia-Pacific,Xbox Series X/S,GTA San Andreas,5,X/Twitter,9,Better driving physics,7,4,No,71.0,10,Yes,No,Yes,Decreased,Positive
R100334,31,Male,Asia-Pacific,PlayStation 5 Pro,GTA Vice City,4,Official Rockstar trailer,8,Open-world Vice City map,4,3,Maybe,50.0,5,Yes,No,Yes,Increased,Neutral/Cautious
R100335,13,Male,North America,PC,GTA San Andreas,0,X/Twitter,7,Better driving physics,9,4,Yes,77.0,3,Yes,No,Yes,Same,Very Positive
R100336,26,Male,Asia-Pacific,PC,GTA V,13,TikTok,10,Online/multiplayer mode,10,4,Yes,67.0,17,Yes,Yes,No,Increased,Very Positive
R100337,39,Male,North America,PlayStation 5,GTA Vice City,11,TikTok,10,Map size & exploration,10,5,Yes,89.0,70,No,No,Yes,Decreased,Very Positive
R100338,26,Female,Asia-Pacific,PlayStation 5,GTA V,5,Official Rockstar trailer,9,Story & narrative depth,7,3,Maybe,83.0,17,Yes,No,No,Decreased,Positive
R100339,38,Male,North America,PC,GTA V,4,Reddit,7,Open-world Vice City map,7,5,No,59.0,25,No,Yes,No,Same,Positive
R100340,26,,North America,PlayStation 5,GTA San Andreas,5,YouTube,10,Story & narrative depth,7,3,Yes,77.0,21,Yes,No,No,Increased,Positive
R100341,30,Female,Europe,PlayStation 5,GTA V,8,YouTube,10,Dual protagonists (Jason & Lucia),9,5,Yes,86.0,29,Yes,No,Yes,Same,Very Positive
R100342,28,Male,Africa,Xbox Series X/S,GTA V,1,X/Twitter,11,Map size & exploration,10,5,Yes,77.0,29,Yes,No,Yes,Increased,Very Positive
R100343,29,Female,Latin America,PlayStation 5,GTA V,0,X/Twitter,4,Better driving physics,6,4,No,35.0,18,Yes,Yes,No,Increased,Positive
R100344,25,Male,Europe,Xbox Series X/S,GTA San Andreas,2,YouTube,15,Better driving physics,9,5,Yes,67.0,19,Yes,No,No,Increased,Very Positive
R100345,24,Male,North America,PC,GTA V,4,YouTube,9,Open-world Vice City map,7,2,Yes,54.0,21,No,Yes,Yes,Decreased,Positive
R100346,17,Male,Europe,PlayStation 5,Red Dead Redemption 2,12,Reddit,9,Realistic economy & businesses,6,4,Yes,60.0,4,Yes,No,No,Increased,Positive
R100347,15,,Europe,Xbox Series X/S,GTA San Andreas,5,X/Twitter,4,Improved police/AI systems,7,3,Maybe,52.0,11,Yes,Yes,Yes,Decreased,Positive
R100348,31,Female,Asia-Pacific,PC,GTA V,5,TikTok,10,Dual protagonists (Jason & Lucia),7,3,No,57.0,4,Yes,No,Yes,Increased,Positive
R100349,15,Male,Middle East,PC,GTA San Andreas,6,Gaming news sites,9,Story & narrative depth,9,3,Yes,80.0,8,Yes,No,Yes,Increased,Very Positive
R100350,13,Non-binary,North America,Xbox Series X/S,GTA San Andreas,3,YouTube,3,Map size & exploration,6,5,Maybe,60.0,7,No,Yes,Yes,Increased,Positive
R100351,28,Female,Europe,Xbox Series X/S,GTA V,10,YouTube,12,Realistic economy & businesses,10,5,Yes,93.0,16,Yes,Yes,Yes,Same,Very Positive
R100352,38,Male,Asia-Pacific,PlayStation 5,GTA V,9,Twitch,8,Deeper character customization,10,5,No,85.0,28,Yes,No,No,Same,Very Positive
R100353,30,Male,North America,Undecided,GTA Vice City,3,Official Rockstar trailer,11,Improved police/AI systems,9,4,Yes,94.0,17,No,No,No,Increased,Very Positive
R100354,20,Male,Europe,Xbox Series X/S,GTA San Andreas,4,X/Twitter,6,Deeper character customization,4,3,Yes,65.0,3,No,Yes,Yes,Same,Neutral/Cautious
R100355,32,Non-binary,Latin America,PlayStation 5 Pro,GTA V,10,Reddit,9,Story & narrative depth,10,4,Yes,87.0,47,No,Yes,No,Increased,Very Positive
R100356,20,Male,Middle East,Xbox Series X/S,GTA San Andreas,5,Reddit,6,Open-world Vice City map,7,5,Yes,60.0,16,No,No,No,Increased,Positive
R100357,22,Male,Africa,PlayStation 5,GTA IV,8,Official Rockstar trailer,11,Online/multiplayer mode,7,4,Maybe,67.0,8,Yes,Yes,Yes,Decreased,Positive
R100358,30,Male,North America,PlayStation 5,GTA San Andreas,7,Reddit,6,Better driving physics,6,4,Maybe,57.0,13,Yes,No,No,Same,Positive
R100359,32,Male,North America,PlayStation 5,GTA Vice City,6,Official Rockstar trailer,5,Open-world Vice City map,7,3,Yes,72.0,40,No,No,Yes,Increased,Positive
R100360,28,Male,Asia-Pacific,PC,GTA V,5,Twitch,4,Deeper character customization,7,3,No,88.0,16,Yes,No,Yes,Same,Positive
R100361,27,Female,North America,PC,GTA III,6,Reddit,8,Dual protagonists (Jason & Lucia),4,4,No,54.0,13,Yes,Yes,Yes,Increased,Neutral/Cautious
R100362,30,Female,Latin America,Undecided,GTA V,7,Friends,15,Open-world Vice City map,10,2,Yes,68.0,8,Yes,Yes,Yes,Decreased,Very Positive
R100363,22,Male,Asia-Pacific,PlayStation 5,GTA IV,10,Official Rockstar trailer,9,Story & narrative depth,9,4,Yes,80.0,2,No,No,Yes,Decreased,Very Positive
R100364,16,Prefer not to say,Asia-Pacific,Undecided,GTA Vice City,0,Official Rockstar trailer,11,Online/multiplayer mode,9,2,Maybe,88.0,7,Yes,No,Yes,Same,Very Positive
R100365,38,Male,Asia-Pacific,Xbox Series X/S,GTA San Andreas,8,Reddit,9,Open-world Vice City map,8,2,Yes,68.0,21,No,Yes,Yes,Same,Very Positive
R100366,15,Non-binary,Europe,Xbox Series X/S,GTA Vice City,10,YouTube,9,Online/multiplayer mode,5,5,Maybe,38.0,16,No,No,Yes,Same,Positive
R100367,31,Male,Asia-Pacific,PlayStation 5 Pro,GTA Vice City,6,YouTube,12,Realistic economy & businesses,9,4,Yes,62.0,36,Yes,Yes,Yes,Same,Very Positive
R100368,29,Male,North America,PlayStation 5 Pro,GTA V,4,Friends,11,Map size & exploration,9,4,Yes,80.0,31,Yes,No,No,Increased,Very Positive
R100369,13,Male,North America,Xbox Series X/S,GTA V,4,YouTube,12,Map size & exploration,7,4,Yes,80.0,13,Yes,No,Yes,Same,Positive
R100370,24,Male,Asia-Pacific,PC,GTA Vice City,9,Reddit,10,Dual protagonists (Jason & Lucia),7,3,No,52.0,8,Yes,Yes,No,Increased,Positive
R100371,29,,Latin America,PC,Red Dead Redemption 2,5,Official Rockstar trailer,11,Dual protagonists (Jason & Lucia),7,4,Maybe,57.0,26,Yes,Yes,No,Increased,Positive
R100372,22,Female,Asia-Pacific,PC,GTA V,8,YouTube,3,Dual protagonists (Jason & Lucia),5,4,No,74.0,20,Yes,No,No,Increased,Positive
R100373,16,Male,Europe,Xbox Series X/S,GTA San Andreas,10,Reddit,15,Dual protagonists (Jason & Lucia),9,3,Yes,89.0,5,No,Yes,Yes,Increased,Very Positive
R100374,23,Prefer not to say,North America,PlayStation 5,GTA V,5,YouTube,13,Dual protagonists (Jason & Lucia),10,2,Yes,91.0,5,Yes,Yes,No,Decreased,Very Positive
R100375,37,Male,Asia-Pacific,Xbox Series X/S,GTA IV,7,Gaming news sites,8,Story & narrative depth,7,2,No,36.0,14,No,No,Yes,Increased,Positive
R100376,21,Male,Latin America,PC,GTA V,8,X/Twitter,6,Open-world Vice City map,7,5,No,80.0,18,Yes,No,No,Increased,Positive
R100377,25,Female,Latin America,PlayStation 5,GTA V,3,YouTube,15,Story & narrative depth,10,5,Yes,93.0,17,Yes,No,No,Increased,Very Positive
R100378,22,Male,North America,PlayStation 5,GTA V,5,X/Twitter,9,Story & narrative depth,9,5,Yes,75.0,6,No,Yes,No,Decreased,Very Positive
R100379,42,Male,Middle East,PC,GTA IV,8,YouTube,4,Improved police/AI systems,4,4,No,41.0,17,Yes,No,No,Increased,Neutral/Cautious
R100380,37,Male,Europe,Xbox Series X/S,GTA V,7,TikTok,7,Better driving physics,8,5,No,65.0,17,Yes,No,Yes,Same,Very Positive
R100381,29,Female,Africa,PC,GTA V,11,YouTube,7,Graphics & ray tracing,5,3,Yes,51.0,11,Yes,Yes,Yes,Increased,Positive
R100382,38,Female,North America,Xbox Series X/S,Red Dead Redemption 2,1,Official Rockstar trailer,13,Realistic economy & businesses,10,4,Yes,95.0,6,Yes,No,Yes,Same,Very Positive
R100383,38,Male,Africa,Xbox Series X/S,GTA Vice City,6,Friends,11,Realistic economy & businesses,10,2,Yes,75.0,38,No,No,Yes,Increased,Very Positive
R100384,31,Male,Latin America,Xbox Series X/S,GTA IV,10,YouTube,14,Improved police/AI systems,7,3,Yes,67.0,29,Yes,Yes,No,Same,Positive
R100385,23,Male,Asia-Pacific,PC,GTA V,8,YouTube,3,Open-world Vice City map,4,4,Yes,28.0,9,Yes,No,Yes,Same,Neutral/Cautious
R100386,28,Male,North America,Xbox Series X/S,GTA Vice City,7,YouTube,11,Open-world Vice City map,8,3,Yes,102.0,13,No,No,Yes,Increased,Very Positive
R100387,24,Male,Europe,PlayStation 5,GTA V,12,Reddit,11,Online/multiplayer mode,7,3,Maybe,75.0,39,Yes,No,Yes,Same,Positive
R100388,28,Male,Europe,Xbox Series X/S,GTA V,9,TikTok,3,Open-world Vice City map,4,3,No,61.0,9,No,No,No,Increased,Neutral/Cautious
R100389,18,Non-binary,Middle East,PlayStation 5,GTA Vice City,6,Friends,7,Graphics & ray tracing,8,3,Yes,51.0,14,Yes,No,No,Same,Very Positive
R100390,37,Female,Asia-Pacific,PlayStation 5,GTA V,8,Twitch,12,Improved police/AI systems,8,5,No,65.0,15,Yes,No,Yes,Same,Very Positive
R100391,17,Male,Middle East,PlayStation 5,GTA San Andreas,7,YouTube,12,Dual protagonists (Jason & Lucia),10,4,No,72.0,7,No,Yes,Yes,Decreased,Very Positive
R100392,31,Male,Middle East,PC,Red Dead Redemption 2,4,Official Rockstar trailer,6,Graphics & ray tracing,10,4,Yes,72.0,5,Yes,No,Yes,Increased,Very Positive
R100393,14,Male,Middle East,Xbox Series X/S,GTA V,6,X/Twitter,15,Story & narrative depth,10,5,Yes,74.0,44,Yes,No,Yes,Same,Very Positive
R100394,22,Male,Latin America,Xbox Series X/S,GTA San Andreas,6,YouTube,10,Online/multiplayer mode,8,3,No,56.0,8,Yes,No,Yes,Same,Very Positive
R100395,22,Male,Latin America,PlayStation 5,GTA III,10,TikTok,11,Graphics & ray tracing,10,5,Yes,85.0,4,Yes,No,No,Decreased,Very Positive
R100396,22,Female,Asia-Pacific,Xbox Series X/S,GTA V,9,Reddit,7,Story & narrative depth,8,4,Maybe,59.0,8,Yes,Yes,No,Same,Very Positive
R100397,18,Female,Middle East,PlayStation 5 Pro,GTA San Andreas,7,YouTube,3,Dual protagonists (Jason & Lucia),8,3,Yes,80.0,8,Yes,No,Yes,Same,Very Positive
R100398,32,Female,Middle East,PC,GTA V,7,X/Twitter,5,Graphics & ray tracing,6,3,Yes,78.0,3,No,No,No,Decreased,Positive
R100399,32,Non-binary,Asia-Pacific,PlayStation 5,GTA San Andreas,11,YouTube,8,Dual protagonists (Jason & Lucia),6,3,Maybe,45.0,8,No,No,No,Increased,Positive
R100400,26,Male,Asia-Pacific,PC,GTA San Andreas,0,Friends,4,Map size & exploration,5,3,Yes,35.0,5,Yes,Yes,Yes,Same,Positive
R100401,28,Male,Europe,Xbox Series X/S,GTA Vice City,4,Official Rockstar trailer,11,Dual protagonists (Jason & Lucia),8,4,Maybe,76.0,44,No,No,Yes,Increased,Very Positive
R100402,25,Male,Europe,Xbox Series X/S,GTA V,9,X/Twitter,8,Map size & exploration,9,4,Yes,87.0,3,No,Yes,No,Increased,Very Positive
R100403,36,Female,North America,Xbox Series X/S,GTA San Andreas,1,YouTube,10,Story & narrative depth,10,4,No,97.0,11,Yes,No,Yes,Increased,Very Positive
R100404,20,Male,North America,PlayStation 5,GTA San Andreas,4,YouTube,6,Realistic economy & businesses,8,3,Yes,63.0,7,Yes,No,Yes,Increased,Very Positive
R100405,29,Male,Latin America,PC,GTA Vice City,9,Official Rockstar trailer,12,Story & narrative depth,9,4,Yes,80.0,7,No,No,No,Increased,Very Positive
R100406,35,Female,Latin America,Xbox Series X/S,GTA V,6,YouTube,9,Realistic economy & businesses,8,4,Yes,85.0,13,Yes,No,Yes,Increased,Very Positive
R100407,20,Male,Latin America,Xbox Series X/S,GTA San Andreas,10,Reddit,14,Story & narrative depth,8,4,Maybe,60.0,19,Yes,No,No,Decreased,Very Positive
R100408,29,Male,Europe,PC,GTA III,4,TikTok,7,Open-world Vice City map,7,3,Yes,57.0,24,Yes,No,Yes,Same,Positive
R100409,23,Male,North America,Xbox Series X/S,GTA V,5,Gaming news sites,11,Open-world Vice City map,9,4,Yes,78.0,3,Yes,No,Yes,Same,Very Positive
R100410,22,Male,North America,PC,GTA V,5,YouTube,8,Online/multiplayer mode,9,3,Yes,63.0,4,Yes,Yes,Yes,Increased,Very Positive
R100411,31,Male,Asia-Pacific,PlayStation 5,GTA V,11,Reddit,12,Open-world Vice City map,10,4,Yes,81.0,15,Yes,No,No,Decreased,Very Positive
R100412,29,Male,Asia-Pacific,PC,GTA Vice City,9,YouTube,6,Dual protagonists (Jason & Lucia),6,3,Yes,87.0,29,Yes,No,Yes,Increased,Positive
R100413,25,Male,Latin America,PlayStation 5,GTA San Andreas,11,Gaming news sites,10,Graphics & ray tracing,8,3,Yes,51.0,5,Yes,No,Yes,Same,Very Positive
R100414,27,Male,Latin America,Xbox Series X/S,GTA San Andreas,7,Gaming news sites,7,Dual protagonists (Jason & Lucia),9,4,Yes,76.0,16,Yes,No,No,Increased,Very Positive
R100415,29,Male,Asia-Pacific,PlayStation 5 Pro,GTA Vice City,8,YouTube,10,Dual protagonists (Jason & Lucia),6,3,Yes,64.0,11,Yes,No,No,Increased,Positive
R100416,23,Male,Asia-Pacific,PC,GTA Vice City,5,Official Rockstar trailer,13,Story & narrative depth,7,4,Yes,59.0,8,Yes,Yes,Yes,Same,Positive
R100417,26,Male,North America,PC,GTA V,8,Official Rockstar trailer,8,Open-world Vice City map,8,2,Yes,73.0,12,No,Yes,Yes,Increased,Very Positive
R100418,37,Male,Africa,PC,GTA V,8,YouTube,7,Dual protagonists (Jason & Lucia),7,3,Yes,60.0,3,Yes,Yes,Yes,Same,Positive
R100419,37,Female,North America,PlayStation 5,GTA San Andreas,8,X/Twitter,5,Open-world Vice City map,7,1,Yes,41.0,17,Yes,Yes,Yes,Same,Positive
R100420,32,Male,Asia-Pacific,Xbox Series X/S,GTA Vice City,9,Official Rockstar trailer,14,Dual protagonists (Jason & Lucia),8,3,Yes,78.0,20,No,No,Yes,Increased,Very Positive
R100421,25,Male,Asia-Pacific,PlayStation 5,Red Dead Redemption 2,9,Official Rockstar trailer,14,Online/multiplayer mode,10,3,Yes,89.0,40,Yes,No,Yes,Increased,Very Positive
R100422,38,Male,North America,Xbox Series X/S,GTA V,3,Twitch,10,Dual protagonists (Jason & Lucia),10,2,Yes,93.0,22,Yes,No,Yes,Same,Very Positive
R100423,15,Male,North America,PlayStation 5,GTA V,8,Gaming news sites,13,Dual protagonists (Jason & Lucia),10,5,Yes,77.0,39,Yes,No,Yes,Increased,Very Positive
R100424,50,Male,Latin America,PC,GTA San Andreas,7,Official Rockstar trailer,7,Map size & exploration,7,5,Yes,58.0,26,Yes,Yes,Yes,Same,Positive
R100425,22,Male,North America,PlayStation 5,GTA V,3,Reddit,10,Open-world Vice City map,9,4,Yes,94.0,13,No,No,No,Increased,Very Positive
R100426,16,Male,Latin America,PlayStation 5,GTA San Andreas,4,YouTube,8,Map size & exploration,6,4,Yes,67.0,4,No,No,Yes,Same,Positive
R100427,35,Male,Asia-Pacific,PC,GTA V,0,YouTube,7,Realistic economy & businesses,8,4,Yes,71.0,3,Yes,No,No,Increased,Very Positive
R100428,30,Male,Europe,PC,GTA V,4,Friends,7,Better driving physics,6,3,Maybe,,9,No,Yes,Yes,Same,Positive
R100429,22,Male,Europe,PlayStation 5,GTA V,0,Gaming news sites,6,Realistic economy & businesses,7,3,Yes,57.0,15,No,Yes,Yes,Increased,Positive
R100430,29,Male,Europe,Xbox Series X/S,GTA V,7,Reddit,10,Improved police/AI systems,10,5,Yes,69.0,0,Yes,Yes,Yes,Increased,Very Positive
R100431,26,Male,Asia-Pacific,Xbox Series X/S,GTA V,8,Friends,11,Deeper character customization,9,4,Yes,73.0,26,No,No,Yes,Same,Very Positive
R100432,17,Male,North America,PlayStation 5,Red Dead Redemption 2,8,X/Twitter,10,Better driving physics,9,4,Yes,93.0,11,No,No,No,Same,Very Positive
R100433,26,Male,Middle East,Undecided,GTA San Andreas,2,YouTube,11,Online/multiplayer mode,6,4,Yes,57.0,5,No,Yes,Yes,Increased,Positive
R100434,29,Male,Europe,PC,GTA V,8,Official Rockstar trailer,10,Open-world Vice City map,6,3,No,60.0,15,No,No,No,Same,Positive
R100435,20,Male,Latin America,PlayStation 5,GTA V,7,Reddit,11,Realistic economy & businesses,9,4,Yes,89.0,34,No,Yes,No,Increased,Very Positive
R100436,26,Male,North America,Xbox Series X/S,Red Dead Redemption 2,7,Twitch,8,Open-world Vice City map,8,4,Maybe,63.0,23,Yes,Yes,No,Increased,Very Positive
R100437,16,Female,Asia-Pacific,PlayStation 5,GTA V,7,X/Twitter,6,Realistic economy & businesses,8,5,Yes,68.0,26,Yes,Yes,Yes,Increased,Very Positive
R100438,26,Female,Europe,PlayStation 5,GTA IV,7,Official Rockstar trailer,15,Deeper character customization,9,3,Maybe,72.0,10,Yes,No,No,Increased,Very Positive
R100439,29,Male,Asia-Pacific,PC,GTA V,5,Twitch,7,Map size & exploration,9,3,Yes,106.0,31,Yes,No,Yes,Increased,Very Positive
R100440,21,Male,North America,PC,GTA IV,4,Reddit,8,Online/multiplayer mode,10,4,Yes,100.0,48,Yes,No,Yes,Decreased,Very Positive
R100441,23,Male,Europe,PC,GTA San Andreas,8,YouTube,11,Map size & exploration,10,3,Yes,99.0,24,No,No,No,Same,Very Positive
R100442,33,Male,Europe,Xbox Series X/S,GTA V,3,Official Rockstar trailer,13,Improved police/AI systems,8,3,Yes,60.0,8,No,Yes,Yes,Increased,Very Positive
R100443,21,Female,North America,PC,Never played GTA,6,TikTok,7,Open-world Vice City map,6,3,Maybe,61.0,27,Yes,Yes,Yes,Decreased,Positive
R100444,14,Female,Latin America,PlayStation 5,GTA V,9,YouTube,13,Improved police/AI systems,10,5,Yes,63.0,47,Yes,No,Yes,Same,Very Positive
R100445,31,Male,North America,PlayStation 5,GTA V,3,YouTube,7,Online/multiplayer mode,8,3,No,50.0,26,No,Yes,No,Decreased,Very Positive
R100446,21,Non-binary,Europe,Xbox Series X/S,GTA V,10,Gaming news sites,9,Open-world Vice City map,10,4,Yes,90.0,20,No,Yes,Yes,Decreased,Very Positive
R100447,17,Female,Asia-Pacific,PC,GTA V,6,TikTok,13,Dual protagonists (Jason & Lucia),10,4,Yes,99.0,6,No,No,Yes,Same,Very Positive
R100448,25,Male,North America,PlayStation 5,GTA V,8,TikTok,9,Open-world Vice City map,9,4,Yes,68.0,11,Yes,Yes,No,Same,Very Positive
R100449,27,Female,Latin America,PC,GTA San Andreas,5,Twitch,6,Story & narrative depth,7,4,Maybe,61.0,21,Yes,Yes,No,Decreased,Positive
R100450,19,Male,Europe,Xbox Series X/S,GTA Vice City,11,YouTube,8,Map size & exploration,5,2,Maybe,56.0,7,Yes,Yes,No,Same,Positive
R100451,23,Female,North America,PlayStation 5,GTA V,8,Official Rockstar trailer,10,Open-world Vice City map,9,3,Maybe,80.0,35,No,No,Yes,Increased,Very Positive
R100452,25,Prefer not to say,Middle East,Xbox Series X/S,GTA V,7,TikTok,7,Graphics & ray tracing,7,4,Maybe,70.0,3,Yes,No,No,Increased,Positive
R100453,22,Female,Europe,PlayStation 5 Pro,Never played GTA,3,Reddit,6,Dual protagonists (Jason & Lucia),5,5,Yes,40.0,5,Yes,No,No,Increased,Positive
R100454,29,Male,North America,Xbox Series X/S,GTA V,7,TikTok,8,Map size & exploration,6,3,Maybe,80.0,40,Yes,No,No,Same,Positive
R100455,14,Male,Africa,PC,GTA V,1,Reddit,11,Graphics & ray tracing,9,4,Yes,74.0,7,No,No,Yes,Increased,Very Positive
R100456,35,Male,North America,PlayStation 5,GTA Vice City,5,Official Rockstar trailer,14,Map size & exploration,10,4,Yes,93.0,10,No,No,Yes,Same,Very Positive
R100457,18,Male,North America,PlayStation 5,GTA Vice City,2,Official Rockstar trailer,10,Realistic economy & businesses,10,4,Yes,78.0,5,No,No,Yes,Same,Very Positive
R100458,30,Male,Middle East,PlayStation 5,GTA V,7,Gaming news sites,5,Story & narrative depth,4,2,No,12.0,3,No,Yes,Yes,Decreased,Neutral/Cautious
R100459,15,,North America,PlayStation 5,GTA San Andreas,8,Official Rockstar trailer,17,Deeper character customization,10,3,No,83.0,3,Yes,No,No,Increased,Very Positive
R100460,14,Male,North America,PlayStation 5,GTA San Andreas,7,Official Rockstar trailer,10,Story & narrative depth,9,3,Yes,87.0,25,Yes,No,Yes,Same,Very Positive
R100461,20,Male,Europe,PlayStation 5,GTA Vice City,3,Official Rockstar trailer,12,Map size & exploration,10,4,Yes,85.0,47,No,Yes,Yes,Increased,Very Positive
R100462,19,Male,Asia-Pacific,PC,GTA V,7,YouTube,11,Online/multiplayer mode,10,3,Yes,95.0,29,No,No,Yes,Increased,Very Positive
R100463,19,Female,Asia-Pacific,PC,GTA V,5,Gaming news sites,11,Online/multiplayer mode,10,4,Yes,92.0,20,No,No,No,Same,Very Positive
R100464,18,Female,North America,PC,GTA Vice City,7,X/Twitter,4,Open-world Vice City map,5,3,Yes,63.0,10,No,No,No,Increased,Positive
R100465,20,Female,North America,PlayStation 5,GTA San Andreas,8,YouTube,14,Deeper character customization,10,2,Yes,81.0,14,Yes,Yes,Yes,Decreased,Very Positive
R100466,29,Male,Europe,PlayStation 5,GTA IV,9,Official Rockstar trailer,8,Online/multiplayer mode,9,5,No,66.0,2,No,Yes,No,Increased,Very Positive
R100467,31,Female,Europe,Xbox Series X/S,GTA IV,0,X/Twitter,12,Story & narrative depth,8,3,Maybe,82.0,14,Yes,No,No,Same,Very Positive
R100468,27,Male,Middle East,PlayStation 5,GTA San Andreas,9,Official Rockstar trailer,7,Improved police/AI systems,7,3,Maybe,104.0,18,No,No,No,Increased,Positive
R100469,28,Male,Europe,PlayStation 5,Never played GTA,4,X/Twitter,15,Online/multiplayer mode,7,3,No,76.0,18,No,No,No,Same,Positive
R100470,29,Male,Latin America,PlayStation 5,Red Dead Redemption 2,13,YouTube,8,Open-world Vice City map,7,4,Maybe,55.0,17,No,No,No,Same,Positive
R100471,19,Male,North America,PC,GTA V,5,YouTube,9,Story & narrative depth,5,5,Yes,25.0,22,Yes,Yes,No,Increased,Positive
R100472,19,Male,Europe,PlayStation 5,GTA V,12,X/Twitter,10,Improved police/AI systems,8,5,Yes,74.0,28,Yes,No,Yes,Same,Very Positive
R100473,30,Male,Europe,PC,GTA San Andreas,7,Reddit,12,Map size & exploration,10,4,Yes,70.0,5,Yes,No,No,Same,Very Positive
R100474,36,Male,Europe,Xbox Series X/S,GTA V,5,X/Twitter,10,Improved police/AI systems,8,4,Yes,56.0,11,Yes,Yes,No,Increased,Very Positive
R100475,14,Male,Europe,PC,GTA III,7,YouTube,6,Story & narrative depth,8,3,Yes,65.0,6,Yes,Yes,Yes,Decreased,Very Positive
R100476,15,Male,North America,PC,GTA San Andreas,0,Reddit,12,Graphics & ray tracing,10,5,Yes,88.0,22,Yes,No,Yes,Increased,Very Positive
R100477,20,Female,Latin America,Xbox Series X/S,GTA San Andreas,3,Gaming news sites,10,Graphics & ray tracing,7,5,Yes,60.0,8,No,Yes,Yes,Increased,Positive
R100478,32,Female,North America,PlayStation 5,GTA V,7,Official Rockstar trailer,6,Realistic economy & businesses,6,4,Yes,69.0,37,No,No,Yes,Same,Positive
R100479,21,Male,Europe,PlayStation 5,GTA IV,8,Official Rockstar trailer,10,Open-world Vice City map,10,5,Yes,103.0,18,Yes,No,No,Increased,Very Positive
R100480,13,Male,Latin America,Xbox Series X/S,Red Dead Redemption 2,6,Official Rockstar trailer,10,Realistic economy & businesses,10,5,Yes,97.0,13,Yes,No,No,Increased,Very Positive
R100481,24,Male,North America,Xbox Series X/S,GTA IV,0,TikTok,8,Graphics & ray tracing,8,5,No,70.0,9,No,No,Yes,Same,Very Positive
R100482,30,Female,Asia-Pacific,PlayStation 5,GTA San Andreas,9,YouTube,9,Improved police/AI systems,7,3,Yes,84.0,4,Yes,No,Yes,Increased,Positive
R100483,17,Male,Latin America,Xbox Series X/S,GTA III,9,YouTube,7,Dual protagonists (Jason & Lucia),9,3,Yes,98.0,52,No,No,Yes,Same,Very Positive
R100484,24,Male,Asia-Pacific,Xbox Series X/S,GTA V,7,YouTube,10,Story & narrative depth,9,4,Yes,87.0,36,Yes,No,Yes,Same,Very Positive
R100485,14,Male,Europe,PlayStation 5,GTA V,3,Official Rockstar trailer,7,Story & narrative depth,7,3,Yes,76.0,5,No,No,Yes,Same,Positive
R100486,25,Male,Middle East,PlayStation 5,GTA V,6,Twitch,8,Story & narrative depth,8,3,Yes,60.0,37,Yes,Yes,Yes,Increased,Very Positive
R100487,19,Female,Asia-Pacific,PC,GTA V,4,YouTube,12,Open-world Vice City map,8,4,No,65.0,19,Yes,No,Yes,Same,Very Positive
R100488,21,Male,Latin America,PC,GTA San Andreas,9,Reddit,8,Map size & exploration,7,4,Maybe,43.0,18,Yes,Yes,No,Same,Positive
R100489,16,Male,Europe,PlayStation 5,GTA V,3,Official Rockstar trailer,9,Story & narrative depth,8,4,Yes,64.0,36,Yes,Yes,No,Same,Very Positive
R100490,33,Female,Africa,Xbox Series X/S,GTA San Andreas,8,TikTok,11,Deeper character customization,10,4,Yes,83.0,10,Yes,No,Yes,Decreased,Very Positive
R100491,22,Male,North America,PC,Red Dead Redemption 2,2,Twitch,13,Improved police/AI systems,10,3,Yes,68.0,21,Yes,No,Yes,Increased,Very Positive
R100492,28,Male,Latin America,Undecided,GTA San Andreas,4,Reddit,12,Improved police/AI systems,10,4,Yes,68.0,8,Yes,Yes,No,Decreased,Very Positive
R100493,20,Male,Asia-Pacific,PlayStation 5,GTA San Andreas,8,Official Rockstar trailer,12,Open-world Vice City map,10,4,Yes,79.0,11,No,No,No,Same,Very Positive
R100494,23,Male,North America,Xbox Series X/S,GTA IV,10,Official Rockstar trailer,7,Better driving physics,7,5,Yes,58.0,39,No,Yes,No,Decreased,Positive
R100495,24,Male,North America,PlayStation 5,GTA III,0,Official Rockstar trailer,10,Open-world Vice City map,9,3,Yes,79.0,8,Yes,No,Yes,Same,Very Positive
R100496,35,Male,North America,PC,GTA San Andreas,8,YouTube,4,Open-world Vice City map,5,4,No,68.0,10,Yes,Yes,Yes,Same,Positive
R100497,29,Male,Europe,PlayStation 5,GTA San Andreas,9,Twitch,8,Open-world Vice City map,7,3,Maybe,80.0,20,Yes,No,Yes,Increased,Positive
R100498,20,Male,Europe,Xbox Series X/S,GTA Vice City,2,Twitch,7,Graphics & ray tracing,10,3,Yes,90.0,25,Yes,No,No,Increased,Very Positive
R100499,23,Male,Latin America,PlayStation 5,GTA V,5,Twitch,8,Open-world Vice City map,6,2,Yes,55.0,13,Yes,No,Yes,Same,Positive
R100500,35,Male,Asia-Pacific,PC,GTA San Andreas,5,X/Twitter,10,Realistic economy & businesses,6,4,Yes,79.0,4,Yes,No,No,Increased,Positive
R100501,17,Male,Europe,PC,GTA V,11,Official Rockstar trailer,12,Better driving physics,10,4,Yes,83.0,13,No,No,No,Increased,Very Positive
R100502,25,Male,North America,PlayStation 5 Pro,GTA San Andreas,6,Twitch,11,Realistic economy & businesses,9,5,No,57.0,19,Yes,No,Yes,Increased,Very Positive
R100503,40,Female,Asia-Pacific,Xbox Series X/S,GTA V,0,X/Twitter,5,Improved police/AI systems,6,4,Yes,55.0,18,Yes,Yes,No,Increased,Positive
R100504,21,Male,Asia-Pacific,Xbox Series X/S,GTA IV,12,TikTok,8,Open-world Vice City map,8,5,Yes,75.0,5,Yes,No,No,Same,Very Positive
R100505,29,Female,North America,Xbox Series X/S,GTA San Andreas,6,Official Rockstar trailer,6,Graphics & ray tracing,8,2,Yes,68.0,22,Yes,Yes,Yes,Same,Very Positive
R100506,25,Male,Asia-Pacific,Xbox Series X/S,GTA Vice City,6,X/Twitter,8,Dual protagonists (Jason & Lucia),9,2,No,81.0,5,No,No,No,Same,Very Positive
R100507,28,Male,North America,PlayStation 5,GTA San Andreas,2,Official Rockstar trailer,5,Online/multiplayer mode,5,2,No,50.0,24,Yes,Yes,No,Increased,Positive
R100508,21,Female,North America,Xbox Series X/S,GTA V,8,TikTok,11,Dual protagonists (Jason & Lucia),10,5,Yes,86.0,27,No,No,No,Same,Very Positive
R100509,28,Male,North America,PC,GTA V,11,Official Rockstar trailer,13,Graphics & ray tracing,9,3,Yes,70.0,23,No,No,No,Increased,Very Positive
R100510,25,Male,North America,PlayStation 5,GTA V,6,TikTok,7,Better driving physics,8,3,Yes,86.0,31,Yes,No,No,Increased,Very Positive
R100511,26,Non-binary,Latin America,PlayStation 5 Pro,GTA V,10,YouTube,10,Dual protagonists (Jason & Lucia),8,5,Yes,88.0,13,Yes,No,Yes,Same,Very Positive
R100512,19,Male,Asia-Pacific,PlayStation 5 Pro,GTA San Andreas,4,Friends,7,Dual protagonists (Jason & Lucia),9,2,Yes,99.0,39,No,No,No,Increased,Very Positive
R100513,45,Female,North America,PC,GTA Vice City,3,Official Rockstar trailer,9,Map size & exploration,6,4,Maybe,42.0,3,Yes,No,Yes,Increased,Positive
R100514,25,Female,Asia-Pacific,PlayStation 5 Pro,GTA San Andreas,3,YouTube,13,Dual protagonists (Jason & Lucia),8,4,No,72.0,10,Yes,No,Yes,Increased,Very Positive
R100515,27,Male,Africa,PC,GTA V,4,Twitch,8,Dual protagonists (Jason & Lucia),8,4,Maybe,62.0,60,Yes,Yes,No,Increased,Very Positive
R100516,34,Female,Middle East,Xbox Series X/S,GTA San Andreas,4,Twitch,9,Dual protagonists (Jason & Lucia),7,3,Yes,53.0,7,Yes,No,No,Same,Positive
R100517,17,Non-binary,Europe,PlayStation 5 Pro,GTA V,9,Twitch,7,Improved police/AI systems,8,3,Yes,73.0,41,No,Yes,Yes,Increased,Very Positive
R100518,40,Male,Europe,PlayStation 5 Pro,GTA San Andreas,4,Reddit,9,Graphics & ray tracing,10,3,Yes,79.0,2,Yes,No,Yes,Same,Very Positive
R100519,33,Male,Asia-Pacific,PlayStation 5,GTA V,7,Twitch,7,Online/multiplayer mode,9,5,Yes,63.0,6,No,Yes,Yes,Increased,Very Positive
R100520,26,Male,Latin America,Xbox Series X/S,GTA Vice City,4,Official Rockstar trailer,7,Online/multiplayer mode,9,3,Yes,82.0,9,No,No,No,Increased,Very Positive
R100521,20,Male,North America,PlayStation 5,GTA IV,8,Gaming news sites,7,Map size & exploration,9,3,Yes,82.0,26,Yes,No,No,Increased,Very Positive
R100522,32,,Africa,PlayStation 5,GTA IV,7,Official Rockstar trailer,8,Map size & exploration,6,3,Yes,92.0,17,No,No,No,Increased,Positive
R100523,32,Male,North America,PlayStation 5,Never played GTA,10,Reddit,10,Online/multiplayer mode,7,2,Yes,43.0,17,Yes,Yes,Yes,Same,Positive
R100524,26,Male,North America,PC,GTA V,11,Reddit,11,Improved police/AI systems,9,4,Yes,67.0,39,Yes,Yes,No,Same,Very Positive
R100525,19,Male,Asia-Pacific,PC,GTA V,7,Official Rockstar trailer,8,Open-world Vice City map,10,3,Yes,62.0,45,No,No,No,Increased,Very Positive
R100526,15,Male,North America,Undecided,Red Dead Redemption 2,10,TikTok,8,Dual protagonists (Jason & Lucia),9,3,Maybe,79.0,7,No,No,Yes,Decreased,Very Positive
R100527,18,Male,Asia-Pacific,PlayStation 5,GTA Vice City,7,Official Rockstar trailer,13,Map size & exploration,10,3,Yes,99.0,30,Yes,No,No,Increased,Very Positive
R100528,28,Female,North America,PlayStation 5,GTA V,5,TikTok,11,Better driving physics,5,5,Yes,65.0,14,Yes,Yes,Yes,Increased,Positive
R100529,38,Male,North America,Undecided,GTA V,5,TikTok,12,Better driving physics,8,4,Yes,70.0,10,Yes,No,No,Increased,Very Positive
R100530,30,Male,Asia-Pacific,PlayStation 5,GTA V,4,YouTube,7,Better driving physics,9,5,Yes,77.0,10,Yes,Yes,Yes,Increased,Very Positive
R100531,38,Male,Europe,PlayStation 5,GTA V,4,YouTube,13,Story & narrative depth,9,4,Yes,,12,Yes,Yes,Yes,Decreased,Very Positive
R100532,26,Male,Europe,PlayStation 5 Pro,Red Dead Redemption 2,8,Friends,7,Online/multiplayer mode,6,3,Maybe,81.0,46,Yes,No,No,Same,Positive
R100533,20,Male,Europe,PC,GTA V,5,YouTube,15,Improved police/AI systems,10,4,Yes,80.0,20,No,No,Yes,Increased,Very Positive
R100534,39,Male,Europe,Xbox Series X/S,GTA IV,12,Official Rockstar trailer,5,Open-world Vice City map,8,1,Yes,45.0,28,Yes,Yes,No,Increased,Very Positive
R100535,28,Male,Asia-Pacific,PlayStation 5 Pro,GTA San Andreas,6,X/Twitter,5,Realistic economy & businesses,6,3,Yes,86.0,10,Yes,No,No,Increased,Positive
R100536,32,Male,Europe,PlayStation 5,GTA V,3,TikTok,6,Open-world Vice City map,8,4,Maybe,64.0,8,Yes,No,No,Increased,Very Positive
R100537,28,Male,North America,PC,GTA V,7,YouTube,14,Online/multiplayer mode,10,4,Yes,74.0,31,No,No,Yes,Decreased,Very Positive
R100538,13,Male,North America,PC,GTA San Andreas,6,Official Rockstar trailer,12,Improved police/AI systems,6,3,No,58.0,13,No,No,Yes,Same,Positive
R100539,34,Male,Europe,PlayStation 5,GTA Vice City,7,Official Rockstar trailer,8,Graphics & ray tracing,7,3,Maybe,75.0,28,No,No,No,Decreased,Positive
R100540,20,Female,Europe,PlayStation 5,GTA San Andreas,8,Gaming news sites,6,Realistic economy & businesses,6,4,Yes,57.0,12,No,Yes,Yes,Increased,Positive
R100541,16,Female,Latin America,PlayStation 5,GTA Vice City,2,TikTok,9,Improved police/AI systems,10,5,Yes,,8,No,No,Yes,Increased,Very Positive
R100542,37,Male,Latin America,Xbox Series X/S,GTA III,10,X/Twitter,8,Open-world Vice City map,10,3,Yes,81.0,16,Yes,No,No,Increased,Very Positive
R100543,13,Male,North America,PlayStation 5,Red Dead Redemption 2,2,YouTube,8,Open-world Vice City map,8,2,Yes,82.0,28,Yes,Yes,Yes,Increased,Very Positive
R100544,15,Male,Asia-Pacific,PlayStation 5,Red Dead Redemption 2,4,X/Twitter,8,Open-world Vice City map,7,4,Yes,43.0,33,No,Yes,Yes,Increased,Positive
R100545,20,Female,Middle East,PlayStation 5,Red Dead Redemption 2,6,YouTube,10,Open-world Vice City map,6,4,Maybe,58.0,17,No,No,No,Increased,Positive
R100546,15,Male,Europe,Xbox Series X/S,GTA San Andreas,8,Official Rockstar trailer,10,Realistic economy & businesses,8,4,No,63.0,28,Yes,No,No,Increased,Very Positive
R100547,32,Male,Latin America,PlayStation 5,GTA San Andreas,7,Official Rockstar trailer,7,Map size & exploration,10,3,Yes,67.0,30,Yes,Yes,No,Same,Very Positive
R100548,18,Male,Asia-Pacific,PC,GTA San Andreas,13,YouTube,9,Story & narrative depth,7,5,Maybe,62.0,15,Yes,No,No,Same,Positive
R100549,19,Male,Asia-Pacific,PC,GTA IV,9,X/Twitter,12,Open-world Vice City map,9,4,No,71.0,34,Yes,Yes,No,Increased,Very Positive
R100550,30,Male,Latin America,Xbox Series X/S,GTA V,5,Twitch,3,Map size & exploration,7,2,Maybe,68.0,16,Yes,Yes,Yes,Decreased,Positive
R100551,38,Female,Europe,Xbox Series X/S,GTA San Andreas,8,YouTube,6,Dual protagonists (Jason & Lucia),5,3,Maybe,58.0,11,No,No,Yes,Same,Positive
R100552,24,Male,Asia-Pacific,Xbox Series X/S,GTA V,7,Official Rockstar trailer,14,Realistic economy & businesses,10,2,Yes,78.0,18,Yes,No,Yes,Increased,Very Positive
R100553,16,Male,North America,Xbox Series X/S,GTA V,3,Official Rockstar trailer,7,Improved police/AI systems,6,5,No,47.0,8,No,Yes,Yes,Increased,Positive
R100554,19,Male,North America,PlayStation 5,GTA Vice City,11,Gaming news sites,8,Dual protagonists (Jason & Lucia),7,2,Yes,57.0,23,No,Yes,Yes,Same,Positive
R100555,28,Male,North America,PC,GTA V,8,YouTube,5,Dual protagonists (Jason & Lucia),8,2,Yes,80.0,26,Yes,Yes,Yes,Same,Very Positive
R100556,29,Male,Latin America,PlayStation 5,GTA Vice City,4,TikTok,5,Story & narrative depth,4,4,No,,3,Yes,No,No,Increased,Neutral/Cautious
R100557,31,Male,Europe,PC,GTA IV,3,TikTok,6,Open-world Vice City map,4,2,Yes,56.0,11,No,No,No,Same,Neutral/Cautious
R100558,19,Male,Europe,PlayStation 5,GTA San Andreas,2,Reddit,13,Realistic economy & businesses,6,4,No,83.0,38,Yes,Yes,No,Increased,Positive
R100559,25,Male,Africa,Xbox Series X/S,GTA V,5,TikTok,16,Map size & exploration,9,3,Maybe,96.0,8,Yes,No,Yes,Increased,Very Positive
R100560,45,Male,Latin America,Xbox Series X/S,GTA V,7,Twitch,10,Deeper character customization,10,4,Yes,75.0,36,Yes,No,Yes,Same,Very Positive
R100561,13,Male,Europe,PlayStation 5 Pro,GTA Vice City,9,X/Twitter,15,Open-world Vice City map,10,3,Yes,102.0,43,No,No,Yes,Increased,Very Positive
R100562,35,Male,Asia-Pacific,PC,GTA III,6,Reddit,9,Deeper character customization,7,5,No,68.0,31,Yes,Yes,No,Same,Positive
R100563,35,Male,Europe,PlayStation 5,GTA San Andreas,9,Official Rockstar trailer,8,Better driving physics,8,3,Yes,90.0,34,Yes,No,Yes,Increased,Very Positive
R100564,35,Female,Latin America,Xbox Series X/S,GTA V,7,Twitch,9,Story & narrative depth,7,3,Yes,66.0,7,Yes,No,No,Increased,Positive
R100565,24,Male,Africa,Xbox Series X/S,GTA V,3,YouTube,13,Open-world Vice City map,9,5,Yes,76.0,21,No,No,Yes,Same,Very Positive
R100566,20,Male,Latin America,PlayStation 5,GTA V,5,X/Twitter,10,Better driving physics,9,4,Yes,65.0,30,Yes,Yes,Yes,Increased,Very Positive
R100567,21,Male,North America,Undecided,Red Dead Redemption 2,6,Reddit,13,Open-world Vice City map,10,2,Yes,69.0,5,Yes,Yes,Yes,Decreased,Very Positive
R100568,29,Male,Europe,PC,GTA V,5,Reddit,6,Dual protagonists (Jason & Lucia),6,4,No,76.0,34,Yes,No,No,Same,Positive
R100569,13,Male,Asia-Pacific,Xbox Series X/S,GTA Vice City,6,TikTok,8,Story & narrative depth,8,4,No,47.0,12,No,No,No,Increased,Very Positive
R100570,39,Male,North America,Xbox Series X/S,Red Dead Redemption 2,6,TikTok,7,Deeper character customization,9,4,No,99.0,9,No,No,Yes,Same,Very Positive
R100571,24,Male,Middle East,Undecided,Red Dead Redemption 2,11,Twitch,12,Graphics & ray tracing,6,3,No,64.0,6,No,Yes,No,Increased,Positive
R100572,16,Female,Europe,PC,GTA IV,13,Official Rockstar trailer,9,Realistic economy & businesses,6,4,Yes,57.0,13,Yes,Yes,No,Increased,Positive
R100573,32,Male,Europe,PC,GTA Vice City,5,Twitch,13,Online/multiplayer mode,9,3,Maybe,80.0,8,Yes,No,Yes,Increased,Very Positive
R100574,20,Male,Europe,PlayStation 5 Pro,GTA IV,6,TikTok,10,Open-world Vice City map,9,4,Yes,63.0,4,No,Yes,Yes,Same,Very Positive
R100575,13,Female,Asia-Pacific,PlayStation 5 Pro,Red Dead Redemption 2,1,Reddit,7,Open-world Vice City map,9,3,Yes,66.0,13,No,No,Yes,Same,Very Positive
R100576,28,Male,Europe,Xbox Series X/S,GTA V,8,YouTube,12,Online/multiplayer mode,9,4,Yes,83.0,47,Yes,No,No,Increased,Very Positive
R100577,22,Female,Europe,Xbox Series X/S,Red Dead Redemption 2,9,Official Rockstar trailer,8,Story & narrative depth,8,5,Yes,83.0,83,No,Yes,No,Same,Very Positive
R100578,20,Male,Latin America,PlayStation 5,GTA Vice City,9,YouTube,8,Online/multiplayer mode,10,4,Yes,,10,Yes,Yes,No,Same,Very Positive
R100579,31,Male,Latin America,PlayStation 5,Red Dead Redemption 2,4,YouTube,9,Realistic economy & businesses,10,2,Yes,103.0,9,No,Yes,No,Decreased,Very Positive
R100580,35,Male,Asia-Pacific,Xbox Series X/S,Never played GTA,3,TikTok,5,Realistic economy & businesses,5,4,No,66.0,11,No,No,Yes,Decreased,Positive
R100581,16,Male,North America,Xbox Series X/S,GTA V,5,Reddit,7,Better driving physics,10,4,Yes,75.0,15,Yes,No,Yes,Same,Very Positive
R100582,20,Female,Europe,PlayStation 5,GTA IV,6,Friends,9,Open-world Vice City map,8,5,Yes,85.0,17,Yes,No,Yes,Increased,Very Positive
R100583,24,Male,Latin America,Xbox Series X/S,GTA San Andreas,9,Reddit,17,Realistic economy & businesses,10,4,Yes,84.0,8,No,No,Yes,Decreased,Very Positive
R100584,20,Male,Africa,Xbox Series X/S,GTA V,13,Official Rockstar trailer,13,Story & narrative depth,10,3,Yes,80.0,15,Yes,Yes,No,Decreased,Very Positive
R100585,28,Male,Europe,PC,GTA V,5,X/Twitter,5,Map size & exploration,5,3,Maybe,58.0,2,Yes,No,No,Increased,Positive
R100586,36,Male,Asia-Pacific,PC,GTA V,5,X/Twitter,5,Map size & exploration,4,4,Maybe,50.0,21,No,Yes,No,Increased,Neutral/Cautious
R100587,24,Male,North America,PC,GTA V,9,Official Rockstar trailer,13,Dual protagonists (Jason & Lucia),9,5,Yes,75.0,15,Yes,Yes,No,Increased,Very Positive
R100588,36,Male,Middle East,PC,GTA San Andreas,4,Official Rockstar trailer,12,Deeper character customization,9,4,No,68.0,7,Yes,Yes,Yes,Increased,Very Positive
R100589,15,Male,Latin America,PC,GTA IV,4,Official Rockstar trailer,7,Improved police/AI systems,9,4,Yes,69.0,25,Yes,Yes,Yes,Same,Very Positive
R100590,37,Male,Middle East,PC,GTA San Andreas,8,YouTube,12,Better driving physics,9,4,Yes,66.0,17,No,Yes,No,Increased,Very Positive
R100591,36,Female,Middle East,Xbox Series X/S,GTA San Andreas,7,Gaming news sites,7,Story & narrative depth,9,4,Maybe,93.0,9,No,No,Yes,Increased,Very Positive
R100592,13,Male,North America,PC,GTA IV,5,TikTok,14,Story & narrative depth,10,4,Yes,78.0,12,No,No,No,Increased,Very Positive
R100593,28,Female,Asia-Pacific,Xbox Series X/S,GTA V,8,YouTube,10,Map size & exploration,8,4,Yes,69.0,4,Yes,Yes,No,Increased,Very Positive
R100594,16,Female,Asia-Pacific,PlayStation 5,GTA V,6,Official Rockstar trailer,10,Open-world Vice City map,9,4,Yes,76.0,19,No,Yes,Yes,Increased,Very Positive
R100595,31,Male,Europe,PC,GTA III,3,Friends,7,Realistic economy & businesses,5,3,No,55.0,11,Yes,Yes,No,Same,Positive
R100596,13,Male,North America,PlayStation 5,GTA V,9,Twitch,5,Dual protagonists (Jason & Lucia),7,3,Maybe,77.0,5,Yes,No,Yes,Same,Positive
R100597,32,Male,Europe,Xbox Series X/S,GTA San Andreas,4,YouTube,12,Dual protagonists (Jason & Lucia),9,3,Yes,79.0,5,Yes,No,No,Increased,Very Positive
R100598,23,Female,Europe,PC,GTA San Andreas,2,Official Rockstar trailer,8,Dual protagonists (Jason & Lucia),8,5,Yes,71.0,7,No,No,No,Increased,Very Positive
R100599,14,Male,Europe,PlayStation 5 Pro,GTA San Andreas,9,Official Rockstar trailer,9,Story & narrative depth,10,4,Yes,88.0,3,No,Yes,Yes,Same,Very Positive
R100600,17,Male,North America,PC,GTA San Andreas,4,X/Twitter,6,Dual protagonists (Jason & Lucia),9,4,Yes,75.0,2,No,Yes,No,Same,Very Positive
R100601,36,Male,Africa,PlayStation 5,GTA V,4,TikTok,10,Open-world Vice City map,10,4,Yes,88.0,1,No,No,Yes,Increased,Very Positive
R100602,24,Male,North America,PC,GTA V,5,X/Twitter,4,Realistic economy & businesses,3,4,Maybe,51.0,15,Yes,No,Yes,Same,Neutral/Cautious
R100603,27,Female,Europe,Xbox Series X/S,GTA San Andreas,3,X/Twitter,9,Dual protagonists (Jason & Lucia),6,4,Yes,55.0,24,Yes,No,No,Same,Positive
R100604,22,Male,North America,PlayStation 5,Red Dead Redemption 2,11,YouTube,13,Dual protagonists (Jason & Lucia),8,2,No,98.0,11,Yes,No,Yes,Increased,Very Positive
R100605,16,Male,Asia-Pacific,PlayStation 5,GTA San Andreas,0,X/Twitter,15,Open-world Vice City map,10,3,Maybe,95.0,24,Yes,No,Yes,Decreased,Very Positive
R100606,36,Female,North America,Xbox Series X/S,GTA San Andreas,4,Official Rockstar trailer,10,Story & narrative depth,6,3,Maybe,45.0,4,Yes,Yes,No,Decreased,Positive
R100607,25,Non-binary,Middle East,Xbox Series X/S,GTA IV,5,Reddit,5,Better driving physics,5,5,No,53.0,17,Yes,Yes,No,Same,Positive
R100608,38,Male,Middle East,PlayStation 5,GTA V,4,Official Rockstar trailer,13,Better driving physics,10,4,Yes,76.0,4,Yes,Yes,No,Same,Very Positive
R100609,17,Male,Asia-Pacific,PC,GTA IV,3,Reddit,5,Open-world Vice City map,6,3,Yes,68.0,7,Yes,Yes,No,Same,Positive
R100610,25,Non-binary,North America,PC,GTA San Andreas,4,Reddit,5,Map size & exploration,4,4,No,67.0,13,Yes,No,Yes,Decreased,Neutral/Cautious
R100611,56,Male,Middle East,PlayStation 5,Red Dead Redemption 2,11,X/Twitter,9,Map size & exploration,6,2,Yes,60.0,30,Yes,Yes,Yes,Same,Positive
R100612,27,Female,Europe,Xbox Series X/S,GTA V,5,Reddit,12,Better driving physics,10,4,Yes,82.0,8,Yes,No,Yes,Increased,Very Positive
R100613,28,Male,Europe,PC,Red Dead Redemption 2,6,TikTok,15,Story & narrative depth,10,3,Yes,91.0,36,Yes,Yes,Yes,Increased,Very Positive
R100614,29,Male,Europe,PlayStation 5,GTA V,10,Twitch,4,Better driving physics,6,4,Yes,79.0,15,No,No,Yes,Increased,Positive
R100615,18,Male,Europe,PC,GTA V,11,TikTok,8,Open-world Vice City map,10,4,Yes,92.0,17,No,Yes,No,Same,Very Positive
R100616,26,Male,Asia-Pacific,PlayStation 5,GTA San Andreas,2,Friends,7,Open-world Vice City map,6,3,No,79.0,28,Yes,No,No,Increased,Positive
R100617,19,Non-binary,Asia-Pacific,PC,GTA V,8,TikTok,8,Map size & exploration,9,4,Maybe,81.0,3,Yes,No,Yes,Same,Very Positive
R100618,18,Male,Asia-Pacific,PlayStation 5,GTA Vice City,4,X/Twitter,5,Improved police/AI systems,5,3,No,62.0,15,Yes,No,Yes,Increased,Positive
R100619,29,Male,Europe,PlayStation 5,GTA V,5,Gaming news sites,10,Open-world Vice City map,10,3,Yes,72.0,7,Yes,No,No,Same,Very Positive
R100620,29,Male,Europe,PC,GTA V,11,Official Rockstar trailer,16,Dual protagonists (Jason & Lucia),10,4,Yes,79.0,14,Yes,No,Yes,Increased,Very Positive
R100621,30,Female,North America,PlayStation 5,GTA V,0,X/Twitter,10,Open-world Vice City map,7,5,Maybe,72.0,12,Yes,No,Yes,Increased,Positive
R100622,35,Prefer not to say,Europe,PlayStation 5,GTA Vice City,5,Official Rockstar trailer,7,Realistic economy & businesses,9,4,Maybe,81.0,21,Yes,No,Yes,Same,Very Positive
R100623,32,Male,Asia-Pacific,PlayStation 5,Red Dead Redemption 2,9,Official Rockstar trailer,9,Realistic economy & businesses,7,3,Maybe,93.0,11,No,No,Yes,Increased,Positive
R100624,25,Male,Europe,PlayStation 5,GTA V,12,Official Rockstar trailer,15,Online/multiplayer mode,10,4,Yes,91.0,61,No,No,No,Increased,Very Positive
R100625,31,Male,Asia-Pacific,Xbox Series X/S,Red Dead Redemption 2,5,X/Twitter,10,Online/multiplayer mode,6,4,Yes,45.0,12,Yes,No,No,Same,Positive
R100626,33,Prefer not to say,North America,PC,GTA V,7,Official Rockstar trailer,9,Better driving physics,7,3,Yes,78.0,40,Yes,No,No,Same,Positive
R100627,26,Male,Europe,PlayStation 5,GTA Vice City,6,YouTube,9,Deeper character customization,8,2,Yes,58.0,30,Yes,No,Yes,Same,Very Positive
R100628,30,Male,North America,PlayStation 5,GTA V,3,Official Rockstar trailer,11,Better driving physics,6,3,No,60.0,7,Yes,No,Yes,Same,Positive
R100629,17,Female,Middle East,PC,GTA V,6,Official Rockstar trailer,8,Dual protagonists (Jason & Lucia),7,4,Yes,57.0,6,No,Yes,Yes,Increased,Positive
R100630,28,Female,Latin America,Xbox Series X/S,GTA San Andreas,5,Reddit,5,Online/multiplayer mode,5,3,Yes,67.0,3,No,Yes,Yes,Same,Positive
R100631,30,Male,North America,PlayStation 5 Pro,GTA V,11,Official Rockstar trailer,4,Story & narrative depth,7,5,No,60.0,20,Yes,No,Yes,Same,Positive
R100632,22,Male,Latin America,Undecided,GTA San Andreas,2,Official Rockstar trailer,9,Graphics & ray tracing,10,3,Yes,108.0,36,Yes,No,Yes,Increased,Very Positive
R100633,24,Female,Asia-Pacific,PlayStation 5,GTA V,8,Reddit,6,Dual protagonists (Jason & Lucia),7,4,Yes,62.0,4,Yes,Yes,No,Decreased,Positive
R100634,23,Male,Europe,Xbox Series X/S,Red Dead Redemption 2,4,Reddit,2,Map size & exploration,5,5,No,63.0,12,No,No,No,Increased,Positive
R100635,13,Male,Asia-Pacific,Xbox Series X/S,GTA IV,9,Gaming news sites,15,Open-world Vice City map,10,4,Yes,86.0,42,Yes,No,No,Same,Very Positive
R100636,23,Male,North America,Xbox Series X/S,GTA V,3,X/Twitter,5,Map size & exploration,5,4,No,59.0,5,No,Yes,Yes,Same,Positive
R100637,26,Non-binary,Europe,PlayStation 5,GTA San Andreas,6,TikTok,13,Better driving physics,10,2,Yes,75.0,57,Yes,No,Yes,Increased,Very Positive
R100638,20,Female,North America,PlayStation 5,GTA San Andreas,6,Gaming news sites,8,Improved police/AI systems,9,4,Maybe,70.0,19,Yes,Yes,No,Same,Very Positive
R100639,22,Male,North America,Xbox Series X/S,GTA V,8,TikTok,8,Story & narrative depth,8,5,No,79.0,3,Yes,No,No,Increased,Very Positive
R100640,17,Female,Asia-Pacific,PlayStation 5,Red Dead Redemption 2,0,YouTube,12,Deeper character customization,10,4,Yes,76.0,33,Yes,Yes,No,Increased,Very Positive
R100641,36,Male,Asia-Pacific,PlayStation 5,GTA V,6,TikTok,11,Open-world Vice City map,10,5,Yes,95.0,35,Yes,Yes,Yes,Increased,Very Positive
R100642,24,Male,North America,PlayStation 5,GTA V,6,YouTube,8,Realistic economy & businesses,9,4,No,81.0,10,No,No,Yes,Same,Very Positive
R100643,45,Female,Asia-Pacific,Xbox Series X/S,GTA San Andreas,7,X/Twitter,11,Dual protagonists (Jason & Lucia),9,1,Yes,85.0,9,Yes,No,No,Increased,Very Positive
R100644,22,Male,North America,PC,GTA San Andreas,4,Official Rockstar trailer,10,Open-world Vice City map,7,3,No,73.0,20,No,Yes,Yes,Same,Positive
R100645,26,Male,Latin America,Undecided,GTA IV,7,Official Rockstar trailer,10,Dual protagonists (Jason & Lucia),8,5,No,87.0,10,No,No,Yes,Increased,Very Positive
R100646,18,Female,Asia-Pacific,PlayStation 5,GTA San Andreas,3,X/Twitter,5,Realistic economy & businesses,7,3,Yes,66.0,20,Yes,No,Yes,Same,Positive
R100647,37,Male,Europe,Xbox Series X/S,GTA V,5,X/Twitter,10,Open-world Vice City map,7,4,Maybe,82.0,16,Yes,No,No,Same,Positive
R100648,28,Male,North America,Xbox Series X/S,GTA V,0,YouTube,8,Story & narrative depth,5,4,Yes,60.0,12,Yes,No,No,Same,Positive
R100649,40,Female,Europe,PC,Never played GTA,5,YouTube,6,Dual protagonists (Jason & Lucia),5,3,No,68.0,29,Yes,Yes,No,Same,Positive
R100650,35,Female,Europe,PC,GTA San Andreas,5,YouTube,8,Open-world Vice City map,7,5,Yes,84.0,10,Yes,No,Yes,Increased,Positive
R100651,27,Male,Africa,PlayStation 5,GTA V,4,Reddit,8,Graphics & ray tracing,10,5,Yes,67.0,16,Yes,Yes,No,Increased,Very Positive
R100652,15,Non-binary,Europe,PlayStation 5,GTA IV,6,YouTube,12,Story & narrative depth,7,5,Yes,71.0,12,Yes,No,No,Same,Positive
R100653,19,Male,Europe,PC,GTA San Andreas,6,YouTube,8,Dual protagonists (Jason & Lucia),9,5,Yes,76.0,19,Yes,No,No,Decreased,Very Positive
R100654,32,Female,Asia-Pacific,PlayStation 5,Never played GTA,5,TikTok,2,Open-world Vice City map,3,1,No,45.0,20,No,Yes,Yes,Increased,Neutral/Cautious
R100655,26,Female,North America,PC,GTA V,5,Twitch,5,Improved police/AI systems,7,4,Yes,60.0,18,No,Yes,Yes,Increased,Positive
R100656,41,Female,North America,Xbox Series X/S,GTA San Andreas,9,X/Twitter,9,Open-world Vice City map,8,5,Yes,86.0,18,Yes,No,No,Same,Very Positive
R100657,22,Male,Europe,PlayStation 5,GTA San Andreas,6,Official Rockstar trailer,14,Map size & exploration,6,3,Maybe,48.0,5,No,Yes,Yes,Increased,Positive
R100658,30,Male,Europe,PC,GTA V,0,Official Rockstar trailer,10,Map size & exploration,9,4,No,93.0,34,Yes,No,Yes,Decreased,Very Positive
R100659,29,Male,Europe,PC,GTA IV,9,YouTube,5,Better driving physics,5,3,Yes,63.0,2,Yes,No,No,Same,Positive
R100660,16,Prefer not to say,Europe,PlayStation 5 Pro,GTA Vice City,8,YouTube,13,Dual protagonists (Jason & Lucia),9,5,No,94.0,3,No,Yes,Yes,Same,Very Positive
R100661,24,Male,Asia-Pacific,PlayStation 5,GTA V,4,X/Twitter,12,Graphics & ray tracing,8,3,Yes,67.0,7,Yes,Yes,Yes,Decreased,Very Positive
R100662,28,Male,Europe,Undecided,GTA IV,1,YouTube,6,Online/multiplayer mode,4,3,No,23.0,27,Yes,Yes,No,Decreased,Neutral/Cautious
R100663,28,Male,North America,PlayStation 5,GTA V,8,X/Twitter,13,Online/multiplayer mode,8,5,Yes,79.0,12,Yes,No,No,Same,Very Positive
R100664,48,Male,North America,PlayStation 5,GTA V,11,Official Rockstar trailer,8,Online/multiplayer mode,5,4,No,48.0,3,Yes,No,No,Decreased,Positive
R100665,17,Male,North America,PlayStation 5,GTA V,7,Reddit,8,Open-world Vice City map,8,2,No,75.0,11,Yes,No,Yes,Increased,Very Positive
R100666,47,Female,Asia-Pacific,PlayStation 5,GTA V,6,Gaming news sites,11,Online/multiplayer mode,10,5,Yes,73.0,9,Yes,No,No,Increased,Very Positive
R100667,31,Male,Latin America,PlayStation 5,GTA Vice City,11,Official Rockstar trailer,13,Better driving physics,10,4,Yes,70.0,6,Yes,No,Yes,Same,Very Positive
R100668,32,Male,North America,PC,GTA III,5,Twitch,11,Map size & exploration,8,3,Yes,65.0,21,Yes,Yes,No,Same,Very Positive
R100669,29,Female,Europe,PlayStation 5,GTA Vice City,6,Official Rockstar trailer,9,Realistic economy & businesses,6,3,No,56.0,6,Yes,Yes,No,Increased,Positive
R100670,28,Male,Latin America,PC,GTA V,0,Official Rockstar trailer,10,Better driving physics,10,5,Yes,93.0,17,Yes,No,Yes,Increased,Very Positive
R100671,29,Male,Asia-Pacific,Xbox Series X/S,Red Dead Redemption 2,5,Official Rockstar trailer,5,Online/multiplayer mode,8,5,Maybe,78.0,33,No,No,Yes,Increased,Very Positive
R100672,35,Male,Asia-Pacific,Undecided,GTA V,5,YouTube,6,Realistic economy & businesses,7,5,Yes,67.0,20,Yes,No,No,Increased,Positive
R100673,25,Female,Middle East,PlayStation 5,GTA V,6,YouTube,1,Dual protagonists (Jason & Lucia),2,4,Maybe,31.0,13,Yes,Yes,No,Same,Neutral/Cautious
R100674,29,Non-binary,Latin America,PlayStation 5 Pro,GTA San Andreas,2,YouTube,10,Improved police/AI systems,9,4,Yes,80.0,19,Yes,No,Yes,Decreased,Very Positive
R100675,26,Male,Latin America,PC,GTA III,8,Official Rockstar trailer,6,Online/multiplayer mode,7,4,Yes,32.0,16,No,No,Yes,Increased,Positive
R100676,29,Non-binary,Middle East,PlayStation 5,GTA San Andreas,7,Twitch,6,Deeper character customization,6,3,Maybe,57.0,22,Yes,No,No,Same,Positive
R100677,17,Non-binary,Europe,PC,GTA V,12,Official Rockstar trailer,10,Open-world Vice City map,10,3,Yes,81.0,7,No,No,Yes,Increased,Very Positive
R100678,17,Female,Asia-Pacific,PC,GTA V,0,TikTok,13,Graphics & ray tracing,8,5,Yes,69.0,19,Yes,Yes,Yes,Same,Very Positive
R100679,29,Male,Europe,PlayStation 5,GTA V,8,Reddit,6,Improved police/AI systems,8,4,Yes,86.0,1,No,No,No,Increased,Very Positive
R100680,37,Male,North America,Xbox Series X/S,GTA San Andreas,11,TikTok,3,Story & narrative depth,7,4,Yes,98.0,10,Yes,No,Yes,Same,Positive
R100681,29,Male,Asia-Pacific,PlayStation 5,GTA San Andreas,5,Reddit,10,Map size & exploration,9,4,Yes,102.0,34,No,No,No,Increased,Very Positive
R100682,24,Male,North America,PlayStation 5,GTA V,9,YouTube,5,Deeper character customization,8,4,Yes,83.0,16,Yes,Yes,Yes,Decreased,Very Positive
R100683,37,Male,North America,PlayStation 5,GTA IV,8,YouTube,6,Graphics & ray tracing,9,4,Maybe,80.0,15,Yes,No,Yes,Increased,Very Positive
R100684,34,Male,Latin America,Xbox Series X/S,Red Dead Redemption 2,5,X/Twitter,13,Dual protagonists (Jason & Lucia),10,3,Yes,82.0,3,No,No,No,Increased,Very Positive
R100685,15,Non-binary,North America,Xbox Series X/S,GTA V,7,TikTok,13,Dual protagonists (Jason & Lucia),10,4,Yes,84.0,31,No,Yes,No,Increased,Very Positive
R100686,31,Male,Africa,PC,GTA V,8,Friends,5,Dual protagonists (Jason & Lucia),7,3,Yes,69.0,9,No,Yes,Yes,Increased,Positive
R100687,37,Male,Latin America,PC,GTA V,5,Friends,10,Online/multiplayer mode,9,3,Yes,90.0,26,Yes,Yes,No,Same,Very Positive
R100688,21,Male,Europe,PC,GTA V,6,Twitch,12,Improved police/AI systems,10,4,Yes,69.0,4,Yes,No,No,Same,Very Positive
R100689,34,Male,Asia-Pacific,PlayStation 5,GTA V,12,X/Twitter,8,Online/multiplayer mode,6,4,No,64.0,11,Yes,No,Yes,Increased,Positive
R100690,29,Male,Asia-Pacific,Undecided,GTA Vice City,4,Official Rockstar trailer,5,Story & narrative depth,6,3,Maybe,62.0,9,Yes,Yes,Yes,Same,Positive
R100691,22,Female,Europe,PlayStation 5,GTA San Andreas,0,Official Rockstar trailer,10,Deeper character customization,9,3,Yes,78.0,11,Yes,No,No,Increased,Very Positive
R100692,25,Male,Middle East,PC,Never played GTA,6,Reddit,2,Online/multiplayer mode,2,3,No,30.0,32,No,Yes,Yes,Increased,Neutral/Cautious
R100693,26,Male,Africa,PlayStation 5,GTA San Andreas,0,Gaming news sites,14,Open-world Vice City map,10,5,Yes,74.0,9,Yes,No,No,Increased,Very Positive
R100694,21,Female,North America,PlayStation 5,GTA San Andreas,4,TikTok,10,Graphics & ray tracing,9,3,Yes,65.0,9,Yes,Yes,No,Increased,Very Positive
R100695,26,Male,Europe,PC,GTA San Andreas,8,X/Twitter,5,Graphics & ray tracing,6,4,Yes,53.0,11,Yes,No,Yes,Increased,Positive
R100696,24,Male,Latin America,Xbox Series X/S,GTA V,5,Friends,6,Open-world Vice City map,7,5,Yes,94.0,14,Yes,No,No,Decreased,Positive
R100697,24,Male,Latin America,PlayStation 5,GTA San Andreas,11,Twitch,7,Better driving physics,5,4,Yes,65.0,5,Yes,No,No,Increased,Positive
R100698,28,Female,Asia-Pacific,PC,GTA V,11,Official Rockstar trailer,6,Improved police/AI systems,6,3,No,45.0,14,Yes,No,Yes,Increased,Positive
R100699,17,,North America,PlayStation 5,Never played GTA,5,Reddit,4,Open-world Vice City map,4,4,Yes,52.0,25,Yes,Yes,Yes,Increased,Neutral/Cautious
R100700,20,Male,Europe,PlayStation 5,GTA V,10,Official Rockstar trailer,8,Improved police/AI systems,7,3,No,66.0,13,Yes,Yes,No,Increased,Positive
R100701,34,Male,Asia-Pacific,PC,Red Dead Redemption 2,0,YouTube,10,Dual protagonists (Jason & Lucia),7,5,No,48.0,21,No,Yes,No,Decreased,Positive
R100702,35,,Europe,Xbox Series X/S,GTA V,2,YouTube,11,Better driving physics,10,3,Yes,54.0,5,Yes,Yes,Yes,Increased,Very Positive
R100703,22,Female,North America,PC,GTA V,4,Official Rockstar trailer,10,Deeper character customization,9,4,Yes,87.0,31,Yes,No,Yes,Increased,Very Positive
R100704,21,Female,Europe,Xbox Series X/S,GTA V,9,Official Rockstar trailer,12,Dual protagonists (Jason & Lucia),10,3,Yes,85.0,53,Yes,No,No,Same,Very Positive
R100705,36,Male,Europe,Xbox Series X/S,GTA San Andreas,5,X/Twitter,12,Open-world Vice City map,5,5,No,26.0,15,Yes,No,No,Increased,Positive
R100706,27,Prefer not to say,Latin America,PC,GTA San Andreas,6,YouTube,6,Map size & exploration,3,3,Maybe,43.0,19,Yes,Yes,No,Same,Neutral/Cautious
R100707,27,Male,Asia-Pacific,Xbox Series X/S,GTA V,12,Reddit,13,Realistic economy & businesses,8,4,Yes,72.0,20,Yes,No,Yes,Increased,Very Positive
R100708,29,Male,Latin America,Xbox Series X/S,GTA V,6,YouTube,7,Deeper character customization,7,4,Maybe,66.0,8,Yes,Yes,No,Increased,Positive
R100709,30,Male,Latin America,PlayStation 5 Pro,GTA IV,6,Reddit,6,Dual protagonists (Jason & Lucia),7,4,Yes,56.0,23,Yes,No,Yes,Decreased,Positive
R100710,28,Male,Asia-Pacific,PlayStation 5,GTA Vice City,7,Official Rockstar trailer,3,Online/multiplayer mode,7,4,Maybe,77.0,36,Yes,No,Yes,Same,Positive
R100711,27,Male,Asia-Pacific,Xbox Series X/S,GTA San Andreas,2,Reddit,7,Online/multiplayer mode,9,3,Yes,80.0,12,Yes,No,Yes,Increased,Very Positive
R100712,30,Female,Asia-Pacific,PlayStation 5,GTA San Andreas,8,X/Twitter,9,Online/multiplayer mode,10,4,Maybe,106.0,18,Yes,No,No,Increased,Very Positive
R100713,23,Male,North America,PC,GTA V,9,YouTube,5,Open-world Vice City map,9,3,Yes,100.0,8,No,No,No,Same,Very Positive
R100714,36,Male,Europe,PlayStation 5,GTA San Andreas,3,Twitch,7,Realistic economy & businesses,8,4,Yes,77.0,10,Yes,No,Yes,Decreased,Very Positive
R100715,20,Male,Africa,PlayStation 5,Red Dead Redemption 2,3,X/Twitter,6,Dual protagonists (Jason & Lucia),5,4,Maybe,57.0,7,Yes,Yes,Yes,Decreased,Positive
R100716,27,Male,North America,PlayStation 5,GTA V,5,TikTok,9,Dual protagonists (Jason & Lucia),7,4,Yes,86.0,22,Yes,No,No,Same,Positive
R100717,34,Male,Europe,PlayStation 5,GTA Vice City,6,Gaming news sites,8,Graphics & ray tracing,5,3,No,61.0,3,No,Yes,Yes,Increased,Positive
R100718,25,Prefer not to say,Europe,PC,GTA V,4,Twitch,10,Dual protagonists (Jason & Lucia),9,4,Yes,96.0,6,No,No,Yes,Increased,Very Positive
R100719,34,Male,Asia-Pacific,Undecided,GTA IV,5,TikTok,4,Better driving physics,4,5,No,33.0,12,Yes,No,No,Increased,Neutral/Cautious
R100720,30,Male,Europe,PC,GTA V,4,Official Rockstar trailer,10,Open-world Vice City map,9,5,Yes,80.0,29,Yes,No,No,Increased,Very Positive
R100721,16,Female,Middle East,Undecided,GTA V,3,Official Rockstar trailer,11,Map size & exploration,10,5,Yes,105.0,29,Yes,No,No,Decreased,Very Positive
R100722,30,Male,North America,PC,GTA V,6,X/Twitter,12,Online/multiplayer mode,8,5,Yes,73.0,13,Yes,No,No,Same,Very Positive
R100723,24,Male,Asia-Pacific,Xbox Series X/S,GTA V,9,X/Twitter,3,Dual protagonists (Jason & Lucia),6,3,Yes,63.0,3,Yes,Yes,Yes,Same,Positive
R100724,27,Female,North America,PC,Never played GTA,10,Official Rockstar trailer,4,Story & narrative depth,3,2,No,30.0,10,Yes,Yes,No,Increased,Neutral/Cautious
R100725,13,Female,Europe,PlayStation 5 Pro,GTA V,2,TikTok,9,Open-world Vice City map,6,5,No,48.0,6,No,Yes,No,Same,Positive
R100726,17,Male,Africa,Xbox Series X/S,GTA V,4,Official Rockstar trailer,7,Open-world Vice City map,10,2,Yes,82.0,29,Yes,No,No,Same,Very Positive
R100727,15,Male,North America,PlayStation 5 Pro,GTA San Andreas,4,YouTube,12,Deeper character customization,9,4,Yes,86.0,13,Yes,No,No,Increased,Very Positive
R100728,34,Male,Asia-Pacific,PlayStation 5,GTA San Andreas,4,Gaming news sites,10,Open-world Vice City map,7,3,No,46.0,43,Yes,No,No,Increased,Positive
R100729,19,Male,North America,PC,GTA V,7,Reddit,7,Open-world Vice City map,6,3,Yes,44.0,5,No,No,Yes,Increased,Positive
R100730,31,Male,Europe,PC,GTA Vice City,2,Twitch,3,Story & narrative depth,5,2,Yes,48.0,10,No,Yes,Yes,Increased,Positive
R100731,30,Male,Latin America,PlayStation 5,GTA V,4,YouTube,11,Realistic economy & businesses,7,5,No,55.0,22,No,Yes,Yes,Increased,Positive
R100732,25,Female,Asia-Pacific,PC,GTA V,7,TikTok,5,Dual protagonists (Jason & Lucia),7,5,Yes,62.0,10,No,No,No,Increased,Positive
R100733,28,Male,Europe,PC,GTA IV,4,Official Rockstar trailer,5,Deeper character customization,7,3,Maybe,69.0,10,Yes,No,No,Increased,Positive
R100734,50,Female,Europe,PlayStation 5,GTA V,3,TikTok,7,Deeper character customization,7,4,Yes,61.0,6,Yes,Yes,No,Increased,Positive
R100735,13,Female,Africa,PlayStation 5,GTA Vice City,7,YouTube,9,Better driving physics,7,2,No,68.0,25,No,No,Yes,Same,Positive
R100736,14,Prefer not to say,North America,PlayStation 5,GTA V,5,Official Rockstar trailer,11,Graphics & ray tracing,7,5,No,89.0,47,Yes,No,No,Increased,Positive
R100737,31,Female,Asia-Pacific,Xbox Series X/S,GTA Vice City,5,Reddit,14,Deeper character customization,10,5,Yes,63.0,12,Yes,Yes,Yes,Same,Very Positive
R100738,29,Male,Latin America,PlayStation 5,GTA San Andreas,4,Gaming news sites,12,Dual protagonists (Jason & Lucia),10,5,Yes,99.0,9,Yes,Yes,No,Same,Very Positive
R100739,23,Male,Europe,PC,GTA V,2,TikTok,7,Open-world Vice City map,9,4,Yes,74.0,33,Yes,No,Yes,Increased,Very Positive
R100740,31,Male,Latin America,Xbox Series X/S,GTA V,7,Reddit,6,Improved police/AI systems,7,3,Yes,76.0,9,No,No,Yes,Increased,Positive
R100741,37,Male,Asia-Pacific,Xbox Series X/S,Red Dead Redemption 2,4,Twitch,11,Graphics & ray tracing,8,4,Maybe,46.0,15,No,No,No,Same,Very Positive
R100742,32,Male,North America,Xbox Series X/S,Red Dead Redemption 2,9,X/Twitter,7,Online/multiplayer mode,9,4,Maybe,76.0,13,Yes,No,Yes,Same,Very Positive
R100743,24,Male,Europe,PlayStation 5,GTA V,1,Twitch,9,Story & narrative depth,10,5,Yes,93.0,18,Yes,No,No,Decreased,Very Positive
R100744,27,Female,Europe,PlayStation 5,GTA V,9,YouTube,8,Dual protagonists (Jason & Lucia),7,5,Maybe,58.0,13,Yes,Yes,No,Increased,Positive
R100745,32,Male,Asia-Pacific,PC,GTA Vice City,3,TikTok,7,Map size & exploration,6,3,Yes,75.0,13,Yes,No,Yes,Increased,Positive
R100746,13,Prefer not to say,Latin America,Xbox Series X/S,Red Dead Redemption 2,5,TikTok,11,Open-world Vice City map,10,5,Yes,79.0,5,Yes,No,No,Increased,Very Positive
R100747,23,Male,Asia-Pacific,PlayStation 5,GTA V,6,Reddit,7,Map size & exploration,9,3,Yes,90.0,13,Yes,No,No,Increased,Very Positive
R100748,29,Female,Europe,PlayStation 5,GTA V,1,Official Rockstar trailer,8,Better driving physics,10,3,Yes,95.0,10,No,No,Yes,Increased,Very Positive
R100749,29,Male,Europe,PC,Red Dead Redemption 2,2,X/Twitter,7,Dual protagonists (Jason & Lucia),6,5,No,73.0,6,No,No,Yes,Same,Positive
R100750,33,Non-binary,Europe,PC,GTA San Andreas,5,Gaming news sites,8,Online/multiplayer mode,8,3,Yes,79.0,9,Yes,No,Yes,Increased,Very Positive
R100751,26,Female,North America,PC,GTA San Andreas,5,Gaming news sites,7,Improved police/AI systems,5,5,Yes,50.0,8,Yes,Yes,Yes,Increased,Positive
R100752,17,Male,Latin America,PlayStation 5,Red Dead Redemption 2,8,X/Twitter,11,Improved police/AI systems,10,5,Yes,85.0,16,Yes,Yes,No,Same,Very Positive
R100753,26,Female,Europe,PlayStation 5,GTA V,5,Twitch,9,Dual protagonists (Jason & Lucia),8,4,Maybe,56.0,21,Yes,No,Yes,Increased,Very Positive
R100754,25,Male,Latin America,PlayStation 5,GTA San Andreas,5,Official Rockstar trailer,12,Dual protagonists (Jason & Lucia),10,5,Yes,96.0,12,No,Yes,Yes,Increased,Very Positive
R100755,31,Male,Middle East,PlayStation 5,GTA V,6,Official Rockstar trailer,7,Deeper character customization,8,5,No,83.0,20,Yes,No,Yes,Same,Very Positive
R100756,26,Male,Asia-Pacific,PlayStation 5,Red Dead Redemption 2,6,TikTok,5,Open-world Vice City map,7,4,No,74.0,25,No,No,Yes,Increased,Positive
R100757,18,Prefer not to say,North America,Xbox Series X/S,GTA San Andreas,4,Official Rockstar trailer,9,Open-world Vice City map,10,5,Yes,80.0,11,No,No,Yes,Decreased,Very Positive
R100758,17,Prefer not to say,Europe,PlayStation 5 Pro,GTA V,5,TikTok,8,Open-world Vice City map,5,5,No,43.0,2,Yes,Yes,Yes,Increased,Positive
R100759,39,Male,Europe,PC,Red Dead Redemption 2,8,Official Rockstar trailer,5,Map size & exploration,8,2,Yes,90.0,14,No,No,Yes,Increased,Very Positive
R100760,33,Male,Europe,PlayStation 5,GTA V,9,Official Rockstar trailer,8,Deeper character customization,6,3,Maybe,53.0,16,No,Yes,Yes,Increased,Positive
R100761,28,Male,Asia-Pacific,Xbox Series X/S,GTA Vice City,5,Official Rockstar trailer,5,Improved police/AI systems,7,5,Yes,68.0,14,Yes,No,No,Same,Positive
R100762,20,Male,North America,Xbox Series X/S,GTA V,7,Reddit,3,Open-world Vice City map,6,5,Yes,61.0,7,No,No,No,Increased,Positive
R100763,26,Male,Asia-Pacific,Undecided,GTA V,5,Reddit,9,Dual protagonists (Jason & Lucia),9,4,Yes,70.0,14,No,No,No,Same,Very Positive
R100764,42,Male,North America,PC,Red Dead Redemption 2,7,YouTube,7,Dual protagonists (Jason & Lucia),7,4,Maybe,73.0,9,Yes,No,Yes,Increased,Positive
R100765,18,Male,Asia-Pacific,Undecided,GTA San Andreas,7,Friends,9,Improved police/AI systems,8,2,Yes,53.0,13,No,Yes,Yes,Same,Very Positive
R100766,17,Male,Latin America,PC,GTA V,7,YouTube,9,Better driving physics,10,3,Yes,85.0,18,No,No,Yes,Same,Very Positive
R100767,13,Female,Europe,PC,GTA Vice City,3,Official Rockstar trailer,7,Better driving physics,6,4,Yes,,7,No,No,Yes,Increased,Positive
R100768,39,Female,Asia-Pacific,Xbox Series X/S,Red Dead Redemption 2,10,YouTube,5,Open-world Vice City map,6,4,Maybe,51.0,19,Yes,Yes,No,Same,Positive
R100769,13,Prefer not to say,Europe,PlayStation 5,GTA V,13,X/Twitter,11,Dual protagonists (Jason & Lucia),9,5,Yes,70.0,52,No,No,Yes,Same,Very Positive
R100770,23,Male,Latin America,PlayStation 5,GTA V,9,Official Rockstar trailer,8,Graphics & ray tracing,7,5,No,,9,No,No,Yes,Same,Positive
R100771,29,Male,North America,Xbox Series X/S,GTA V,0,Reddit,10,Online/multiplayer mode,10,4,Yes,74.0,6,Yes,Yes,No,Increased,Very Positive
R100772,33,Male,Europe,Undecided,GTA Vice City,3,Official Rockstar trailer,5,Realistic economy & businesses,7,5,Yes,64.0,4,Yes,No,Yes,Increased,Positive
R100773,27,Male,Asia-Pacific,Xbox Series X/S,Red Dead Redemption 2,6,YouTube,7,Dual protagonists (Jason & Lucia),7,2,Yes,55.0,13,Yes,Yes,Yes,Increased,Positive
R100774,35,Male,Asia-Pacific,PlayStation 5,GTA V,10,YouTube,11,Map size & exploration,8,5,Yes,95.0,6,Yes,No,No,Increased,Very Positive
R100775,24,Female,North America,PC,GTA III,9,Official Rockstar trailer,8,Graphics & ray tracing,9,3,Yes,67.0,16,No,Yes,Yes,Same,Very Positive
R100776,16,Male,Europe,PC,GTA V,9,Official Rockstar trailer,2,Story & narrative depth,5,5,Maybe,76.0,9,Yes,No,Yes,Increased,Positive
R100777,33,Male,Europe,PC,Never played GTA,6,TikTok,5,Deeper character customization,9,3,Yes,94.0,8,Yes,No,Yes,Same,Very Positive
R100778,22,Male,Latin America,Xbox Series X/S,GTA San Andreas,6,Official Rockstar trailer,6,Dual protagonists (Jason & Lucia),7,4,No,67.0,15,Yes,Yes,No,Increased,Positive
R100779,26,Female,Europe,Xbox Series X/S,GTA V,10,Twitch,7,Realistic economy & businesses,6,4,Yes,58.0,15,Yes,No,Yes,Increased,Positive
R100780,23,Prefer not to say,North America,PlayStation 5,GTA Vice City,8,YouTube,8,Online/multiplayer mode,7,4,Yes,66.0,10,Yes,Yes,No,Increased,Positive
R100781,29,Male,North America,PlayStation 5,GTA V,7,Official Rockstar trailer,18,Deeper character customization,6,4,No,72.0,11,No,Yes,Yes,Same,Positive
R100782,24,Male,Asia-Pacific,PlayStation 5,GTA IV,8,Gaming news sites,8,Realistic economy & businesses,6,4,No,58.0,2,Yes,Yes,No,Decreased,Positive
R100783,27,Non-binary,Asia-Pacific,PC,GTA San Andreas,9,YouTube,6,Better driving physics,7,4,No,63.0,30,Yes,No,No,Increased,Positive
R100784,27,Male,Africa,PC,GTA San Andreas,5,Twitch,5,Open-world Vice City map,5,5,Yes,62.0,3,No,No,Yes,Increased,Positive
R100785,29,Female,North America,PC,GTA V,9,Official Rockstar trailer,12,Dual protagonists (Jason & Lucia),10,3,Yes,99.0,43,No,No,Yes,Same,Very Positive
R100786,37,Female,North America,PC,GTA San Andreas,10,Official Rockstar trailer,8,Story & narrative depth,7,4,No,72.0,9,Yes,No,No,Increased,Positive
R100787,30,Male,Latin America,PC,GTA San Andreas,6,Gaming news sites,2,Better driving physics,7,4,No,59.0,4,No,Yes,No,Same,Positive
R100788,20,Prefer not to say,Middle East,PC,GTA V,8,Official Rockstar trailer,8,Graphics & ray tracing,8,5,Maybe,82.0,26,Yes,Yes,Yes,Same,Very Positive
R100789,39,Male,North America,PlayStation 5 Pro,GTA V,5,Official Rockstar trailer,6,Deeper character customization,5,5,Yes,72.0,9,No,No,Yes,Same,Positive
R100790,43,Male,Asia-Pacific,PlayStation 5 Pro,GTA V,8,YouTube,12,Story & narrative depth,9,3,Maybe,64.0,14,No,Yes,Yes,Same,Very Positive
R100791,20,Male,Europe,PC,GTA IV,3,YouTube,11,Map size & exploration,10,3,Yes,85.0,18,No,No,No,Same,Very Positive
R100792,26,Male,North America,PlayStation 5,GTA San Andreas,2,YouTube,11,Open-world Vice City map,7,3,Yes,66.0,22,Yes,No,No,Same,Positive
R100793,26,Female,Asia-Pacific,PlayStation 5,GTA Vice City,0,Gaming news sites,6,Open-world Vice City map,3,3,Maybe,49.0,18,No,No,No,Increased,Neutral/Cautious
R100794,29,Male,Europe,Undecided,Never played GTA,10,X/Twitter,6,Open-world Vice City map,7,4,Yes,91.0,13,Yes,No,No,Same,Positive
R100795,25,Male,Europe,Xbox Series X/S,GTA V,1,Official Rockstar trailer,8,Online/multiplayer mode,7,4,No,56.0,19,Yes,No,No,Increased,Positive
R100796,35,,Asia-Pacific,PC,GTA V,4,Official Rockstar trailer,9,Improved police/AI systems,7,5,No,65.0,27,No,No,No,Increased,Positive
R100797,26,Female,North America,PlayStation 5,GTA Vice City,6,Reddit,7,Open-world Vice City map,3,5,Maybe,33.0,25,Yes,Yes,No,Decreased,Neutral/Cautious
R100798,34,Female,North America,PC,GTA V,3,X/Twitter,7,Open-world Vice City map,9,4,Yes,67.0,10,Yes,No,No,Increased,Very Positive
R100799,32,Male,Asia-Pacific,PlayStation 5,GTA San Andreas,10,TikTok,11,Open-world Vice City map,8,3,Maybe,74.0,38,No,No,No,Increased,Very Positive
R100800,34,Female,Asia-Pacific,PlayStation 5,Red Dead Redemption 2,5,X/Twitter,6,Map size & exploration,9,4,Yes,75.0,7,No,No,Yes,Increased,Very Positive
R100801,24,Female,North America,PlayStation 5,GTA III,5,Friends,8,Graphics & ray tracing,8,2,Yes,57.0,27,Yes,Yes,No,Increased,Very Positive
R100802,22,Male,North America,PlayStation 5,GTA San Andreas,5,Official Rockstar trailer,9,Graphics & ray tracing,7,5,No,67.0,7,Yes,No,Yes,Same,Positive
R100803,19,Male,Europe,Xbox Series X/S,GTA V,4,Gaming news sites,9,Map size & exploration,10,3,Yes,83.0,17,No,No,Yes,Same,Very Positive
R100804,36,Female,North America,PC,GTA IV,5,TikTok,14,Dual protagonists (Jason & Lucia),8,3,Yes,70.0,52,No,Yes,No,Increased,Very Positive
R100805,34,Male,Asia-Pacific,PC,GTA V,8,Official Rockstar trailer,7,Map size & exploration,7,4,Yes,70.0,35,Yes,No,Yes,Decreased,Positive
R100806,26,Female,Asia-Pacific,PlayStation 5 Pro,GTA V,13,TikTok,12,Map size & exploration,9,5,Yes,88.0,10,No,No,No,Increased,Very Positive
R100807,20,Prefer not to say,Latin America,PC,GTA Vice City,9,Official Rockstar trailer,14,Dual protagonists (Jason & Lucia),8,3,No,65.0,7,No,No,Yes,Increased,Very Positive
R100808,14,Male,Latin America,Xbox Series X/S,GTA San Andreas,1,YouTube,8,Improved police/AI systems,8,4,Yes,43.0,10,Yes,No,Yes,Same,Very Positive
R100809,23,Female,North America,PlayStation 5,GTA Vice City,5,TikTok,6,Realistic economy & businesses,7,5,Maybe,71.0,16,Yes,No,No,Increased,Positive
R100810,22,Male,Asia-Pacific,PlayStation 5,GTA San Andreas,6,Official Rockstar trailer,8,Realistic economy & businesses,6,4,No,40.0,8,Yes,Yes,No,Increased,Positive
R100811,33,Female,Asia-Pacific,Xbox Series X/S,GTA V,8,Official Rockstar trailer,13,Dual protagonists (Jason & Lucia),7,3,Maybe,54.0,12,No,Yes,Yes,Same,Positive
R100812,22,Male,Middle East,Undecided,GTA V,5,YouTube,8,Story & narrative depth,6,2,Maybe,43.0,37,Yes,No,Yes,Increased,Positive
R100813,13,Female,Asia-Pacific,PC,GTA Vice City,1,Official Rockstar trailer,9,Realistic economy & businesses,10,4,Yes,102.0,4,Yes,No,No,Decreased,Very Positive
R100814,15,Male,Africa,Xbox Series X/S,Never played GTA,12,YouTube,15,Realistic economy & businesses,7,4,No,53.0,8,Yes,Yes,Yes,Increased,Positive
R100815,37,Female,North America,PC,GTA V,10,YouTube,13,Dual protagonists (Jason & Lucia),9,5,Yes,82.0,7,Yes,Yes,No,Increased,Very Positive
R100816,29,Male,North America,PlayStation 5,GTA San Andreas,11,TikTok,8,Realistic economy & businesses,8,5,Yes,75.0,38,No,No,No,Same,Very Positive
R100817,13,Male,Asia-Pacific,Xbox Series X/S,GTA Vice City,10,Reddit,17,Realistic economy & businesses,10,3,No,73.0,10,Yes,No,No,Same,Very Positive
R100818,20,Male,Asia-Pacific,PC,Red Dead Redemption 2,7,X/Twitter,5,Realistic economy & businesses,6,3,No,91.0,6,No,Yes,No,Same,Positive
R100819,31,Female,Asia-Pacific,PC,GTA Vice City,7,Official Rockstar trailer,6,Dual protagonists (Jason & Lucia),6,3,No,56.0,4,Yes,Yes,Yes,Increased,Positive
R100820,31,Male,North America,PlayStation 5,GTA V,11,Twitch,13,Online/multiplayer mode,7,4,Yes,42.0,9,Yes,Yes,Yes,Increased,Positive
R100821,27,Female,North America,PC,GTA Vice City,8,Official Rockstar trailer,7,Open-world Vice City map,6,4,Maybe,57.0,5,Yes,Yes,Yes,Same,Positive
R100822,32,Female,Asia-Pacific,PlayStation 5,GTA San Andreas,3,Official Rockstar trailer,17,Dual protagonists (Jason & Lucia),10,5,Yes,89.0,18,No,No,Yes,Increased,Very Positive
R100823,22,Male,Europe,Xbox Series X/S,GTA V,10,X/Twitter,6,Dual protagonists (Jason & Lucia),9,4,Yes,78.0,6,Yes,Yes,No,Same,Very Positive
R100824,13,,Asia-Pacific,PlayStation 5,Never played GTA,8,Friends,4,Story & narrative depth,2,4,Maybe,43.0,4,Yes,Yes,Yes,Increased,Neutral/Cautious
R100825,22,Prefer not to say,Europe,PC,GTA V,9,TikTok,12,Map size & exploration,9,5,No,70.0,19,Yes,Yes,No,Increased,Very Positive
R100826,14,Prefer not to say,Latin America,Xbox Series X/S,GTA III,5,TikTok,9,Story & narrative depth,8,3,Yes,84.0,7,Yes,No,No,Decreased,Very Positive
R100827,34,Non-binary,Asia-Pacific,PlayStation 5,GTA Vice City,6,X/Twitter,9,Map size & exploration,8,4,No,70.0,17,Yes,No,Yes,Increased,Very Positive
R100828,14,Male,Europe,PC,GTA V,6,X/Twitter,4,Map size & exploration,5,4,Maybe,69.0,5,Yes,Yes,No,Increased,Positive
R100829,24,Female,Latin America,PC,GTA V,7,Friends,7,Dual protagonists (Jason & Lucia),9,3,Maybe,60.0,23,No,No,No,Increased,Very Positive
R100830,13,Female,Latin America,PlayStation 5,GTA V,8,YouTube,12,Open-world Vice City map,10,5,Yes,105.0,16,Yes,No,No,Increased,Very Positive
R100831,40,Male,Europe,PlayStation 5,GTA Vice City,4,Twitch,7,Deeper character customization,7,4,Maybe,50.0,7,No,Yes,Yes,Decreased,Positive
R100832,44,Male,North America,PlayStation 5,GTA Vice City,10,Reddit,15,Open-world Vice City map,7,5,Yes,81.0,26,No,No,Yes,Decreased,Positive
R100833,18,Male,Asia-Pacific,PlayStation 5,GTA V,4,Reddit,8,Story & narrative depth,7,4,No,57.0,23,No,Yes,Yes,Increased,Positive
R100834,39,Female,North America,PC,GTA San Andreas,3,YouTube,8,Online/multiplayer mode,8,4,Yes,64.0,33,No,No,Yes,Increased,Very Positive
R100835,18,Female,Europe,PlayStation 5,GTA IV,7,X/Twitter,9,Story & narrative depth,9,5,Maybe,55.0,7,Yes,No,No,Increased,Very Positive
R100836,24,Male,Europe,Xbox Series X/S,GTA V,10,Twitch,5,Online/multiplayer mode,5,5,No,63.0,9,Yes,No,Yes,Increased,Positive
R100837,37,Male,Europe,PC,GTA III,3,X/Twitter,8,Story & narrative depth,7,2,Yes,60.0,25,Yes,No,Yes,Same,Positive
R100838,15,Male,North America,PlayStation 5,GTA San Andreas,7,YouTube,13,Realistic economy & businesses,10,4,Yes,99.0,27,No,No,Yes,Increased,Very Positive
R100839,28,Prefer not to say,North America,Xbox Series X/S,GTA San Andreas,9,YouTube,9,Dual protagonists (Jason & Lucia),9,4,Yes,74.0,20,Yes,Yes,No,Increased,Very Positive
R100840,17,Male,North America,Xbox Series X/S,Never played GTA,9,Official Rockstar trailer,4,Graphics & ray tracing,4,5,No,55.0,4,No,Yes,Yes,Increased,Neutral/Cautious
R100841,23,Male,North America,PlayStation 5,GTA V,0,X/Twitter,5,Realistic economy & businesses,7,4,Yes,67.0,46,Yes,Yes,No,Same,Positive
R100842,38,Male,Middle East,PC,GTA V,7,TikTok,10,Dual protagonists (Jason & Lucia),6,4,No,79.0,12,Yes,No,Yes,Increased,Positive
R100843,27,Male,Europe,PlayStation 5 Pro,GTA San Andreas,12,TikTok,9,Deeper character customization,8,4,Maybe,81.0,4,Yes,No,Yes,Increased,Very Positive
R100844,20,Male,Asia-Pacific,PlayStation 5,GTA San Andreas,3,Gaming news sites,13,Dual protagonists (Jason & Lucia),8,4,Yes,68.0,29,Yes,No,No,Increased,Very Positive
R100845,22,Male,Asia-Pacific,PlayStation 5,GTA San Andreas,12,YouTube,6,Deeper character customization,6,4,Yes,61.0,13,Yes,Yes,Yes,Increased,Positive
R100846,34,Male,Africa,PlayStation 5,GTA V,8,Friends,7,Map size & exploration,6,2,Maybe,75.0,26,No,No,No,Increased,Positive
R100847,28,Female,Europe,PlayStation 5,GTA V,9,Twitch,7,Story & narrative depth,7,4,Yes,72.0,11,Yes,No,No,Same,Positive
R100848,18,Male,North America,PlayStation 5,GTA V,7,X/Twitter,3,Deeper character customization,6,4,Maybe,64.0,25,Yes,No,No,Same,Positive
R100849,23,Male,Europe,PC,GTA V,6,YouTube,11,Dual protagonists (Jason & Lucia),10,3,No,81.0,29,No,No,No,Increased,Very Positive
R100850,29,Female,Europe,PlayStation 5,GTA San Andreas,11,Friends,9,Dual protagonists (Jason & Lucia),9,4,Yes,63.0,80,Yes,No,Yes,Increased,Very Positive
R100851,27,Male,North America,PC,GTA San Andreas,5,YouTube,8,Dual protagonists (Jason & Lucia),7,2,Yes,58.0,18,No,Yes,No,Same,Positive
R100852,30,Male,Latin America,PlayStation 5,GTA San Andreas,7,X/Twitter,12,Map size & exploration,8,2,No,65.0,23,Yes,Yes,No,Increased,Very Positive
R100853,17,Male,Europe,PlayStation 5,GTA San Andreas,10,X/Twitter,4,Open-world Vice City map,5,5,No,70.0,16,Yes,No,Yes,Increased,Positive
R100854,28,Female,Africa,PC,Red Dead Redemption 2,10,Twitch,8,Open-world Vice City map,9,4,No,98.0,14,No,No,Yes,Decreased,Very Positive
R100855,17,Female,North America,Xbox Series X/S,GTA San Andreas,6,Official Rockstar trailer,9,Realistic economy & businesses,9,3,Yes,60.0,3,No,Yes,Yes,Same,Very Positive
R100856,26,Male,North America,Xbox Series X/S,GTA V,4,Gaming news sites,11,Graphics & ray tracing,7,4,Yes,47.0,12,No,No,Yes,Increased,Positive
R100857,33,Male,Asia-Pacific,PC,GTA V,5,YouTube,4,Story & narrative depth,5,4,Maybe,41.0,3,No,No,Yes,Increased,Positive
R100858,23,Male,Africa,PC,GTA San Andreas,9,Official Rockstar trailer,12,Dual protagonists (Jason & Lucia),10,3,Yes,61.0,17,No,No,No,Same,Very Positive
R100859,25,Female,Asia-Pacific,PlayStation 5,GTA V,1,TikTok,6,Online/multiplayer mode,7,5,Yes,79.0,23,Yes,No,Yes,Increased,Positive
R100860,27,Male,Africa,PlayStation 5,GTA V,4,TikTok,7,Story & narrative depth,9,4,Yes,,5,Yes,No,No,Same,Very Positive
R100861,35,Male,Africa,PC,GTA V,6,TikTok,5,Online/multiplayer mode,5,4,No,43.0,11,No,No,No,Increased,Positive
R100862,29,Non-binary,Asia-Pacific,PC,GTA San Andreas,4,Friends,12,Story & narrative depth,9,2,No,67.0,31,Yes,Yes,No,Same,Very Positive
R100863,13,Male,North America,PlayStation 5 Pro,GTA IV,5,X/Twitter,5,Better driving physics,5,3,No,64.0,8,Yes,No,Yes,Increased,Positive
R100864,28,Male,Asia-Pacific,Xbox Series X/S,GTA V,10,TikTok,5,Realistic economy & businesses,5,4,Yes,62.0,5,Yes,Yes,No,Increased,Positive
R100865,24,Male,Africa,Xbox Series X/S,GTA San Andreas,8,TikTok,4,Online/multiplayer mode,6,3,Yes,,6,No,Yes,No,Same,Positive
R100866,23,Prefer not to say,Europe,PlayStation 5,GTA V,9,Official Rockstar trailer,10,Online/multiplayer mode,8,3,No,71.0,13,Yes,No,Yes,Decreased,Very Positive
R100867,21,Male,Asia-Pacific,PC,GTA V,3,YouTube,8,Deeper character customization,8,4,Yes,75.0,27,Yes,No,No,Increased,Very Positive
R100868,27,Male,Latin America,PlayStation 5,GTA V,5,YouTube,9,Open-world Vice City map,10,5,Yes,93.0,14,Yes,No,No,Same,Very Positive
R100869,47,Male,North America,PC,GTA V,8,X/Twitter,9,Story & narrative depth,10,4,Yes,71.0,23,Yes,No,Yes,Increased,Very Positive
R100870,20,Female,Latin America,Xbox Series X/S,GTA San Andreas,4,X/Twitter,10,Improved police/AI systems,9,2,Maybe,,5,Yes,No,Yes,Increased,Very Positive
R100871,18,Male,Latin America,PC,GTA IV,7,Reddit,10,Dual protagonists (Jason & Lucia),7,4,Yes,51.0,50,Yes,No,Yes,Same,Positive
R100872,28,Female,Latin America,Xbox Series X/S,Red Dead Redemption 2,8,TikTok,6,Graphics & ray tracing,7,4,Yes,67.0,13,Yes,Yes,No,Same,Positive
R100873,25,Male,Latin America,PlayStation 5,GTA V,10,YouTube,5,Online/multiplayer mode,7,5,No,49.0,2,No,Yes,Yes,Increased,Positive
R100874,31,Male,Asia-Pacific,PlayStation 5,GTA IV,3,X/Twitter,12,Open-world Vice City map,9,4,Yes,65.0,27,Yes,Yes,Yes,Increased,Very Positive
R100875,22,Male,Middle East,PC,GTA Vice City,4,Reddit,9,Dual protagonists (Jason & Lucia),8,4,Yes,76.0,10,No,No,No,Increased,Very Positive
R100876,24,Male,Europe,PlayStation 5,GTA V,8,YouTube,6,Open-world Vice City map,7,5,Maybe,54.0,13,No,Yes,No,Increased,Positive
R100877,32,Male,Europe,PC,GTA San Andreas,7,YouTube,10,Dual protagonists (Jason & Lucia),9,4,Yes,76.0,15,Yes,No,Yes,Increased,Very Positive
R100878,13,Male,North America,Xbox Series X/S,GTA V,8,Official Rockstar trailer,2,Story & narrative depth,4,4,Maybe,44.0,8,No,No,No,Same,Neutral/Cautious
R100879,20,Male,Asia-Pacific,PlayStation 5 Pro,GTA III,0,Gaming news sites,11,Deeper character customization,7,2,No,61.0,14,Yes,No,No,Increased,Positive
R100880,33,Female,North America,Xbox Series X/S,GTA V,7,Official Rockstar trailer,5,Story & narrative depth,7,2,Yes,64.0,8,No,No,Yes,Increased,Positive
R100881,18,Male,Europe,Xbox Series X/S,GTA V,12,X/Twitter,10,Improved police/AI systems,10,3,Yes,94.0,1,Yes,No,Yes,Same,Very Positive
R100882,29,Male,North America,PC,GTA V,4,TikTok,8,Dual protagonists (Jason & Lucia),9,3,Maybe,71.0,13,No,No,Yes,Same,Very Positive
R100883,46,Male,North America,Xbox Series X/S,GTA IV,5,Official Rockstar trailer,6,Story & narrative depth,5,4,Maybe,48.0,14,Yes,Yes,Yes,Increased,Positive
R100884,29,Male,North America,PlayStation 5,GTA V,8,TikTok,8,Map size & exploration,10,5,Yes,,23,Yes,No,No,Same,Very Positive
R100885,23,Male,Asia-Pacific,PlayStation 5,GTA Vice City,7,Friends,12,Graphics & ray tracing,7,3,Yes,58.0,7,No,No,Yes,Increased,Positive
R100886,21,Female,Asia-Pacific,PC,GTA San Andreas,8,YouTube,6,Dual protagonists (Jason & Lucia),7,4,Yes,73.0,23,Yes,No,Yes,Decreased,Positive
R100887,23,Male,North America,PC,GTA V,6,Friends,16,Online/multiplayer mode,9,4,Yes,66.0,13,Yes,Yes,No,Increased,Very Positive
R100888,24,Male,Europe,PlayStation 5 Pro,GTA IV,6,Gaming news sites,4,Online/multiplayer mode,3,2,Maybe,37.0,5,Yes,Yes,No,Same,Neutral/Cautious
R100889,31,Male,Latin America,Xbox Series X/S,GTA V,8,YouTube,8,Story & narrative depth,6,5,Maybe,69.0,12,No,No,No,Increased,Positive
R100890,27,Male,Asia-Pacific,PlayStation 5,GTA San Andreas,9,YouTube,9,Dual protagonists (Jason & Lucia),10,2,Maybe,84.0,7,Yes,No,No,Same,Very Positive
R100891,31,Male,Asia-Pacific,PlayStation 5,GTA IV,4,YouTube,6,Improved police/AI systems,8,5,Yes,78.0,66,Yes,No,Yes,Same,Very Positive
R100892,13,Female,Latin America,PC,Red Dead Redemption 2,8,Twitch,11,Dual protagonists (Jason & Lucia),8,2,Maybe,89.0,4,No,Yes,Yes,Increased,Very Positive
R100893,21,Female,Asia-Pacific,Undecided,GTA V,6,Reddit,10,Dual protagonists (Jason & Lucia),6,2,Maybe,58.0,21,Yes,Yes,No,Decreased,Positive
R100894,26,Male,North America,PlayStation 5,GTA IV,11,TikTok,10,Open-world Vice City map,10,5,Yes,101.0,11,No,No,Yes,Increased,Very Positive
R100895,34,Female,Europe,PlayStation 5,Red Dead Redemption 2,7,YouTube,8,Realistic economy & businesses,4,4,Yes,65.0,10,No,Yes,No,Same,Neutral/Cautious
R100896,27,Female,Europe,Xbox Series X/S,GTA San Andreas,4,TikTok,5,Graphics & ray tracing,7,4,Maybe,82.0,25,Yes,No,No,Same,Positive
R100897,28,Male,Africa,PlayStation 5,Red Dead Redemption 2,7,Official Rockstar trailer,7,Open-world Vice City map,7,3,Yes,51.0,14,Yes,Yes,No,Decreased,Positive
R100898,19,Female,Asia-Pacific,Xbox Series X/S,GTA San Andreas,5,YouTube,8,Open-world Vice City map,10,2,Yes,64.0,23,No,No,No,Decreased,Very Positive
R100899,24,Male,North America,Xbox Series X/S,GTA V,3,YouTube,6,Open-world Vice City map,10,5,Yes,97.0,31,No,No,No,Increased,Very Positive
R100900,34,Male,Asia-Pacific,Xbox Series X/S,GTA V,6,TikTok,13,Realistic economy & businesses,10,4,Yes,84.0,27,No,No,Yes,Same,Very Positive
R100901,20,Male,North America,PC,GTA San Andreas,6,TikTok,8,Dual protagonists (Jason & Lucia),6,4,Maybe,50.0,19,No,No,Yes,Same,Positive
R100902,27,Female,Europe,Xbox Series X/S,Red Dead Redemption 2,8,TikTok,12,Story & narrative depth,10,5,Yes,83.0,48,Yes,No,Yes,Same,Very Positive
R100903,13,Male,North America,Xbox Series X/S,GTA San Andreas,8,Official Rockstar trailer,6,Dual protagonists (Jason & Lucia),6,3,Yes,57.0,13,No,Yes,No,Same,Positive
R100904,35,Male,Asia-Pacific,PlayStation 5,GTA III,6,Gaming news sites,13,Open-world Vice City map,10,3,Yes,76.0,27,Yes,No,Yes,Same,Very Positive
R100905,17,Male,Asia-Pacific,PC,GTA V,5,YouTube,9,Story & narrative depth,10,4,Yes,85.0,12,No,Yes,No,Increased,Very Positive
R100906,28,Male,Europe,PlayStation 5,GTA V,0,YouTube,9,Map size & exploration,8,4,Yes,74.0,34,Yes,No,Yes,Same,Very Positive
R100907,17,Male,Asia-Pacific,PC,GTA V,10,TikTok,10,Better driving physics,9,5,Yes,78.0,10,Yes,Yes,Yes,Decreased,Very Positive
R100908,31,Male,Europe,PlayStation 5,GTA IV,2,YouTube,5,Story & narrative depth,6,3,Yes,44.0,6,Yes,No,No,Same,Positive
R100909,21,Female,Europe,Xbox Series X/S,GTA San Andreas,6,Official Rockstar trailer,13,Dual protagonists (Jason & Lucia),9,2,Yes,96.0,18,No,No,No,Same,Very Positive
R100910,13,Male,Europe,PC,GTA V,4,Gaming news sites,6,Story & narrative depth,9,5,Yes,90.0,4,Yes,No,Yes,Decreased,Very Positive
R100911,30,Male,North America,PlayStation 5,Red Dead Redemption 2,9,YouTube,11,Map size & exploration,8,4,Yes,85.0,17,No,No,No,Increased,Very Positive
R100912,24,Female,Middle East,PC,GTA V,3,YouTube,6,Online/multiplayer mode,10,2,Yes,77.0,43,Yes,No,Yes,Increased,Very Positive
R100913,13,Female,Latin America,PlayStation 5,Never played GTA,8,YouTube,2,Improved police/AI systems,5,4,No,50.0,7,No,Yes,No,Increased,Positive
R100914,26,Male,North America,Xbox Series X/S,GTA San Andreas,5,X/Twitter,11,Deeper character customization,8,4,Yes,68.0,18,Yes,No,Yes,Increased,Very Positive
R100915,38,Male,Europe,PlayStation 5,GTA Vice City,5,Reddit,10,Dual protagonists (Jason & Lucia),8,2,No,69.0,23,Yes,No,No,Same,Very Positive
R100916,24,,Latin America,Xbox Series X/S,GTA Vice City,1,YouTube,6,Story & narrative depth,6,5,Yes,90.0,11,No,No,Yes,Decreased,Positive
R100917,27,Prefer not to say,Europe,Xbox Series X/S,GTA V,3,TikTok,0,Map size & exploration,4,4,No,55.0,13,Yes,No,Yes,Increased,Neutral/Cautious
R100918,27,Female,Asia-Pacific,Xbox Series X/S,Red Dead Redemption 2,8,Reddit,9,Open-world Vice City map,9,5,Yes,77.0,14,Yes,No,Yes,Same,Very Positive
R100919,21,Male,Latin America,Xbox Series X/S,GTA V,0,Reddit,7,Dual protagonists (Jason & Lucia),9,5,Yes,66.0,11,Yes,Yes,Yes,Increased,Very Positive
R100920,28,Male,Asia-Pacific,PC,Red Dead Redemption 2,0,Gaming news sites,10,Open-world Vice City map,9,5,Yes,75.0,20,No,No,Yes,Same,Very Positive
R100921,28,Female,Asia-Pacific,PC,GTA Vice City,4,YouTube,11,Deeper character customization,7,4,Yes,66.0,11,No,No,No,Same,Positive
R100922,22,Female,North America,Xbox Series X/S,Red Dead Redemption 2,7,Reddit,10,Open-world Vice City map,9,4,No,98.0,5,Yes,Yes,No,Increased,Very Positive
R100923,24,Male,North America,PlayStation 5,GTA San Andreas,4,YouTube,11,Realistic economy & businesses,8,5,Yes,95.0,31,Yes,No,Yes,Same,Very Positive
R100924,29,Male,North America,Xbox Series X/S,GTA V,6,YouTube,7,Better driving physics,7,5,Maybe,64.0,8,Yes,No,Yes,Same,Positive
R100925,14,Female,Europe,PC,GTA San Andreas,6,Official Rockstar trailer,12,Map size & exploration,7,4,Yes,64.0,8,No,No,No,Increased,Positive
R100926,17,Male,Europe,PlayStation 5,GTA V,4,Official Rockstar trailer,9,Open-world Vice City map,7,4,No,69.0,44,Yes,No,No,Increased,Positive
R100927,37,Male,Latin America,PlayStation 5,GTA V,9,Gaming news sites,8,Map size & exploration,7,5,Maybe,68.0,26,No,Yes,No,Increased,Positive
R100928,19,Male,Europe,PlayStation 5,GTA V,4,Gaming news sites,10,Realistic economy & businesses,10,3,Yes,75.0,9,Yes,No,No,Same,Very Positive
R100929,20,Male,Middle East,PC,Red Dead Redemption 2,8,Reddit,7,Online/multiplayer mode,9,4,Yes,69.0,7,Yes,Yes,Yes,Same,Very Positive
R100930,24,Male,Middle East,Xbox Series X/S,GTA V,6,Official Rockstar trailer,9,Map size & exploration,8,4,Yes,68.0,8,No,Yes,No,Same,Very Positive
R100931,25,Prefer not to say,Asia-Pacific,PC,GTA IV,0,YouTube,9,Story & narrative depth,9,2,Yes,84.0,28,Yes,No,Yes,Increased,Very Positive
R100932,24,Male,Africa,PlayStation 5,GTA Vice City,2,Gaming news sites,6,Map size & exploration,7,3,No,75.0,6,No,No,No,Increased,Positive
R100933,31,Male,Europe,PlayStation 5 Pro,GTA V,5,Official Rockstar trailer,8,Dual protagonists (Jason & Lucia),7,5,Yes,67.0,9,No,Yes,Yes,Same,Positive
R100934,36,Male,North America,PlayStation 5,GTA Vice City,9,Official Rockstar trailer,4,Dual protagonists (Jason & Lucia),7,5,Yes,70.0,1,Yes,No,Yes,Increased,Positive
R100935,32,Male,North America,PC,GTA V,3,Official Rockstar trailer,4,Realistic economy & businesses,7,5,No,74.0,26,No,No,Yes,Same,Positive
R100936,24,Male,Asia-Pacific,PlayStation 5,Never played GTA,10,YouTube,9,Story & narrative depth,7,1,Yes,68.0,17,Yes,Yes,Yes,Decreased,Positive
R100937,24,Male,Asia-Pacific,PlayStation 5 Pro,GTA Vice City,6,Friends,13,Graphics & ray tracing,9,3,Yes,78.0,2,Yes,No,Yes,Decreased,Very Positive
R100938,26,Male,Europe,Xbox Series X/S,Red Dead Redemption 2,11,TikTok,7,Open-world Vice City map,7,2,Maybe,57.0,9,Yes,No,No,Decreased,Positive
R100939,21,Female,North America,Xbox Series X/S,Never played GTA,2,X/Twitter,4,Open-world Vice City map,4,3,Maybe,47.0,10,Yes,Yes,No,Increased,Neutral/Cautious
R100940,23,Male,North America,PC,Red Dead Redemption 2,5,TikTok,5,Open-world Vice City map,6,5,No,65.0,24,No,No,Yes,Increased,Positive
R100941,13,Female,Asia-Pacific,PlayStation 5,GTA V,3,Friends,8,Map size & exploration,7,3,Yes,56.0,27,No,Yes,Yes,Increased,Positive
R100942,26,Male,Asia-Pacific,PlayStation 5,GTA V,5,Official Rockstar trailer,14,Online/multiplayer mode,8,5,Yes,86.0,3,Yes,No,Yes,Same,Very Positive
R100943,24,Male,North America,PlayStation 5,GTA San Andreas,10,Official Rockstar trailer,10,Realistic economy & businesses,7,3,Maybe,45.0,14,Yes,No,No,Same,Positive
R100944,13,Male,Middle East,PC,GTA IV,10,Official Rockstar trailer,7,Map size & exploration,10,3,Yes,71.0,14,Yes,No,No,Decreased,Very Positive
R100945,29,Non-binary,Asia-Pacific,Xbox Series X/S,GTA V,0,YouTube,12,Map size & exploration,10,4,Yes,77.0,19,Yes,Yes,No,Increased,Very Positive
R100946,28,Male,Asia-Pacific,Xbox Series X/S,Red Dead Redemption 2,10,YouTube,6,Dual protagonists (Jason & Lucia),7,4,Yes,47.0,36,Yes,Yes,Yes,Same,Positive
R100947,13,Male,North America,PC,GTA IV,4,Reddit,16,Dual protagonists (Jason & Lucia),10,4,Yes,78.0,12,Yes,No,No,Increased,Very Positive
R100948,23,Female,Europe,Xbox Series X/S,GTA San Andreas,11,X/Twitter,8,Dual protagonists (Jason & Lucia),6,3,Maybe,78.0,8,Yes,No,No,Same,Positive
R100949,27,Female,Europe,PC,GTA IV,4,YouTube,9,Map size & exploration,7,2,Yes,68.0,25,Yes,No,Yes,Increased,Positive
R100950,26,Female,Asia-Pacific,Xbox Series X/S,GTA V,1,Gaming news sites,14,Open-world Vice City map,9,5,Yes,71.0,29,No,No,No,Increased,Very Positive
R100951,30,Female,Europe,PC,GTA San Andreas,6,TikTok,8,Graphics & ray tracing,8,4,No,89.0,29,No,No,Yes,Same,Very Positive
R100952,39,Male,Asia-Pacific,PlayStation 5 Pro,GTA Vice City,4,Official Rockstar trailer,9,Open-world Vice City map,6,4,Yes,55.0,12,No,Yes,No,Same,Positive
R100953,42,Male,North America,PlayStation 5,GTA V,5,YouTube,11,Map size & exploration,10,4,Yes,77.0,33,Yes,No,No,Decreased,Very Positive
R100954,27,Male,North America,PC,GTA V,2,Reddit,11,Improved police/AI systems,8,5,Yes,62.0,6,Yes,Yes,No,Increased,Very Positive
R100955,32,Male,Africa,PlayStation 5,GTA III,7,X/Twitter,4,Open-world Vice City map,6,2,Maybe,109.0,2,Yes,Yes,Yes,Increased,Positive
R100956,40,Male,North America,PlayStation 5,GTA V,4,TikTok,8,Open-world Vice City map,6,4,Maybe,67.0,15,No,Yes,No,Same,Positive
R100957,28,Prefer not to say,Asia-Pacific,Xbox Series X/S,GTA V,11,X/Twitter,7,Open-world Vice City map,10,2,Yes,104.0,13,No,No,Yes,Increased,Very Positive
R100958,23,Female,Asia-Pacific,PC,GTA V,11,YouTube,7,Improved police/AI systems,9,4,Yes,87.0,14,Yes,No,Yes,Same,Very Positive
R100959,23,Male,Latin America,PlayStation 5 Pro,GTA IV,10,Reddit,7,Better driving physics,5,3,No,55.0,2,No,Yes,No,Same,Positive
R100960,22,Male,Asia-Pacific,Xbox Series X/S,GTA San Andreas,3,Official Rockstar trailer,8,Dual protagonists (Jason & Lucia),7,3,No,62.0,14,Yes,Yes,Yes,Same,Positive
R100961,33,Female,Europe,PC,GTA San Andreas,4,Twitch,7,Open-world Vice City map,6,4,No,34.0,3,No,Yes,No,Same,Positive
R100962,26,Female,North America,Xbox Series X/S,GTA San Andreas,0,Friends,14,Dual protagonists (Jason & Lucia),10,2,Yes,87.0,42,No,No,No,Decreased,Very Positive
R100963,34,Male,Asia-Pacific,PC,GTA Vice City,2,Official Rockstar trailer,6,Open-world Vice City map,9,2,Yes,74.0,7,Yes,No,No,Same,Very Positive
R100964,28,Male,North America,PC,GTA San Andreas,5,X/Twitter,6,Improved police/AI systems,5,4,Maybe,66.0,9,No,Yes,Yes,Increased,Positive
R100965,30,Male,Latin America,PC,Never played GTA,7,YouTube,5,Better driving physics,6,3,Maybe,79.0,33,No,No,Yes,Same,Positive
R100966,38,Non-binary,North America,PlayStation 5,GTA San Andreas,7,YouTube,8,Open-world Vice City map,8,5,Yes,81.0,23,No,No,Yes,Increased,Very Positive
R100967,33,Prefer not to say,Europe,PC,GTA San Andreas,9,YouTube,13,Online/multiplayer mode,10,4,Yes,110.0,26,Yes,No,No,Same,Very Positive
R100968,31,Male,North America,PlayStation 5,GTA V,4,Gaming news sites,6,Story & narrative depth,7,3,Maybe,81.0,12,Yes,No,No,Increased,Positive
R100969,30,Male,Latin America,Xbox Series X/S,GTA V,3,Twitch,10,Realistic economy & businesses,9,4,Yes,75.0,2,No,No,Yes,Increased,Very Positive
R100970,41,Male,Middle East,Xbox Series X/S,GTA V,8,YouTube,10,Improved police/AI systems,10,5,Yes,72.0,23,Yes,No,No,Same,Very Positive
R100971,24,Non-binary,Asia-Pacific,PlayStation 5,GTA V,6,Gaming news sites,11,Better driving physics,10,5,Yes,76.0,26,No,No,Yes,Increased,Very Positive
R100972,31,Female,Asia-Pacific,PlayStation 5,GTA San Andreas,3,YouTube,9,Open-world Vice City map,8,5,Maybe,72.0,24,No,No,Yes,Increased,Very Positive
R100973,30,Female,Europe,PlayStation 5,GTA V,8,Friends,7,Story & narrative depth,7,5,Yes,74.0,4,Yes,No,Yes,Same,Positive
R100974,31,Male,Latin America,Xbox Series X/S,GTA III,6,Official Rockstar trailer,8,Graphics & ray tracing,7,3,No,58.0,15,No,No,No,Increased,Positive
R100975,31,Female,Europe,PlayStation 5,GTA V,6,Gaming news sites,12,Realistic economy & businesses,9,3,Yes,84.0,52,No,Yes,No,Increased,Very Positive
R100976,35,Male,North America,PlayStation 5 Pro,GTA V,1,TikTok,6,Better driving physics,9,4,Yes,86.0,26,No,No,Yes,Decreased,Very Positive
R100977,19,Prefer not to say,Africa,PlayStation 5,GTA IV,5,Reddit,13,Open-world Vice City map,10,5,Maybe,95.0,5,Yes,No,Yes,Increased,Very Positive
R100978,21,Male,Asia-Pacific,PlayStation 5,Red Dead Redemption 2,8,Official Rockstar trailer,6,Online/multiplayer mode,8,3,Yes,84.0,34,Yes,No,No,Increased,Very Positive
R100979,16,Female,North America,PlayStation 5,Never played GTA,8,Reddit,9,Online/multiplayer mode,5,3,Maybe,52.0,10,No,Yes,Yes,Increased,Positive
R100980,29,Male,Africa,Xbox Series X/S,GTA V,11,Official Rockstar trailer,7,Better driving physics,6,2,No,56.0,1,Yes,Yes,No,Same,Positive
R100981,31,Male,Asia-Pacific,Xbox Series X/S,Red Dead Redemption 2,12,Official Rockstar trailer,14,Better driving physics,8,4,No,81.0,39,Yes,No,No,Decreased,Very Positive
R100982,22,Male,Latin America,PlayStation 5,GTA V,9,YouTube,8,Dual protagonists (Jason & Lucia),8,5,Maybe,79.0,7,Yes,No,Yes,Increased,Very Positive
R100983,28,Male,Europe,Xbox Series X/S,GTA San Andreas,3,YouTube,12,Dual protagonists (Jason & Lucia),6,4,Maybe,77.0,7,Yes,Yes,No,Same,Positive
R100984,25,Male,Europe,Xbox Series X/S,Red Dead Redemption 2,8,YouTube,8,Open-world Vice City map,8,5,Yes,79.0,19,Yes,No,Yes,Increased,Very Positive
R100985,28,Male,Europe,PlayStation 5,GTA V,5,YouTube,12,Deeper character customization,9,4,Yes,77.0,18,Yes,No,No,Increased,Very Positive
R100986,20,Male,Latin America,PlayStation 5 Pro,GTA Vice City,5,YouTube,3,Open-world Vice City map,6,3,No,51.0,11,Yes,Yes,Yes,Increased,Positive
R100987,23,Male,Europe,Undecided,GTA V,4,TikTok,11,Online/multiplayer mode,9,4,Yes,84.0,18,Yes,No,Yes,Same,Very Positive
R100988,18,Male,Asia-Pacific,Xbox Series X/S,GTA San Andreas,9,YouTube,12,Deeper character customization,7,4,Maybe,61.0,12,Yes,No,No,Decreased,Positive
R100989,32,Male,Europe,PlayStation 5,GTA IV,4,YouTube,10,Map size & exploration,9,2,Yes,61.0,25,No,Yes,No,Decreased,Very Positive
R100990,19,Female,Europe,PlayStation 5,GTA San Andreas,7,TikTok,4,Deeper character customization,6,4,No,54.0,10,Yes,Yes,No,Increased,Positive
R100991,32,Male,Latin America,Xbox Series X/S,GTA Vice City,3,Reddit,13,Graphics & ray tracing,10,4,Yes,101.0,49,Yes,Yes,No,Increased,Very Positive
R100992,20,Male,Asia-Pacific,PC,GTA V,6,Reddit,7,Deeper character customization,9,3,Yes,82.0,19,Yes,No,No,Increased,Very Positive
R100993,30,Male,Asia-Pacific,Xbox Series X/S,GTA IV,8,Official Rockstar trailer,9,Story & narrative depth,5,3,Maybe,55.0,14,Yes,No,No,Increased,Positive
R100994,26,Male,Middle East,PlayStation 5,Red Dead Redemption 2,1,Official Rockstar trailer,8,Dual protagonists (Jason & Lucia),7,4,Maybe,84.0,16,Yes,No,Yes,Same,Positive
R100995,24,Female,Asia-Pacific,Xbox Series X/S,GTA IV,9,X/Twitter,8,Story & narrative depth,8,4,Yes,64.0,16,No,Yes,No,Increased,Very Positive
R100996,27,Female,North America,PlayStation 5,GTA V,5,Reddit,5,Graphics & ray tracing,6,4,Yes,47.0,25,No,Yes,No,Same,Positive
R100997,26,Male,Asia-Pacific,Xbox Series X/S,GTA V,8,Reddit,8,Dual protagonists (Jason & Lucia),10,4,Yes,84.0,29,Yes,No,Yes,Same,Very Positive
R100998,26,Male,North America,PlayStation 5,GTA V,6,YouTube,9,Online/multiplayer mode,7,3,Yes,79.0,14,Yes,No,No,Increased,Positive
R100999,31,Prefer not to say,Latin America,PC,GTA San Andreas,7,Official Rockstar trailer,3,Open-world Vice City map,6,4,Maybe,60.0,13,No,No,Yes,Same,Positive
R101000,28,Male,Latin America,PlayStation 5,GTA Vice City,3,Gaming news sites,10,Better driving physics,6,2,Yes,42.0,45,No,Yes,Yes,Same,Positive
R101001,29,Female,Europe,PlayStation 5,GTA San Andreas,9,Official Rockstar trailer,16,Open-world Vice City map,10,5,Yes,103.0,19,No,Yes,Yes,Same,Very Positive
R101002,27,Female,Middle East,Xbox Series X/S,GTA Vice City,3,Friends,10,Open-world Vice City map,10,4,Yes,87.0,30,Yes,No,Yes,Increased,Very Positive
R101003,23,Male,Africa,PlayStation 5,GTA San Andreas,1,Official Rockstar trailer,7,Better driving physics,7,3,Maybe,86.0,13,Yes,No,Yes,Decreased,Positive
R101004,29,Male,Latin America,Xbox Series X/S,GTA San Andreas,8,YouTube,9,Map size & exploration,9,5,Yes,60.0,7,No,Yes,Yes,Increased,Very Positive
R101005,29,Male,Europe,PC,GTA San Andreas,7,TikTok,14,Improved police/AI systems,10,2,Yes,65.0,3,No,Yes,No,Increased,Very Positive
R101006,16,Male,Europe,Xbox Series X/S,GTA III,3,X/Twitter,7,Dual protagonists (Jason & Lucia),7,5,Maybe,49.0,15,No,Yes,Yes,Decreased,Positive
R101007,28,Male,North America,PlayStation 5,Red Dead Redemption 2,10,Reddit,10,Graphics & ray tracing,8,2,Yes,72.0,16,Yes,Yes,No,Increased,Very Positive
R101008,27,Male,Latin America,Xbox Series X/S,GTA V,7,Official Rockstar trailer,12,Open-world Vice City map,10,4,Yes,101.0,42,Yes,No,No,Increased,Very Positive
R101009,17,Male,Asia-Pacific,Xbox Series X/S,Never played GTA,6,YouTube,7,Dual protagonists (Jason & Lucia),5,4,No,,4,Yes,No,Yes,Increased,Positive
R101010,21,Male,Asia-Pacific,Xbox Series X/S,GTA V,5,X/Twitter,6,Map size & exploration,9,2,Maybe,66.0,15,Yes,Yes,Yes,Same,Very Positive
R101011,16,Non-binary,Asia-Pacific,PlayStation 5,GTA V,8,Official Rockstar trailer,8,Open-world Vice City map,10,5,No,73.0,3,No,No,Yes,Increased,Very Positive
R101012,15,Non-binary,Middle East,Xbox Series X/S,GTA V,3,TikTok,8,Realistic economy & businesses,8,3,Maybe,67.0,10,Yes,Yes,Yes,Same,Very Positive
R101013,24,Male,Europe,PC,GTA San Andreas,5,Reddit,10,Online/multiplayer mode,6,4,Yes,47.0,9,No,No,No,Same,Positive
R101014,28,Male,Europe,Xbox Series X/S,GTA V,10,TikTok,8,Realistic economy & businesses,9,4,Maybe,81.0,17,No,No,No,Same,Very Positive
R101015,26,Male,Asia-Pacific,PlayStation 5,GTA V,9,Official Rockstar trailer,10,Realistic economy & businesses,8,4,Yes,77.0,59,Yes,No,No,Increased,Very Positive
R101016,25,Male,Latin America,PC,GTA V,7,Twitch,7,Online/multiplayer mode,8,2,Maybe,66.0,4,No,Yes,No,Increased,Very Positive
R101017,34,Female,North America,PlayStation 5 Pro,Red Dead Redemption 2,8,Reddit,16,Deeper character customization,9,2,Yes,55.0,10,No,Yes,No,Increased,Very Positive
R101018,20,Male,Europe,Xbox Series X/S,GTA V,2,TikTok,12,Improved police/AI systems,10,4,Yes,61.0,40,Yes,No,No,Same,Very Positive
R101019,22,Female,Africa,Xbox Series X/S,GTA V,7,Official Rockstar trailer,10,Open-world Vice City map,9,3,Yes,65.0,19,Yes,Yes,No,Increased,Very Positive
R101020,24,Male,Europe,PlayStation 5,GTA IV,6,X/Twitter,7,Story & narrative depth,9,4,No,55.0,13,Yes,Yes,Yes,Same,Very Positive
R101021,30,Female,Europe,Xbox Series X/S,Red Dead Redemption 2,7,Reddit,7,Dual protagonists (Jason & Lucia),7,2,Maybe,73.0,25,No,No,No,Increased,Positive
R101022,25,Male,Europe,PlayStation 5,GTA IV,6,Gaming news sites,9,Deeper character customization,9,4,Yes,75.0,21,Yes,No,Yes,Increased,Very Positive
R101023,32,Male,Europe,Xbox Series X/S,GTA San Andreas,2,TikTok,5,Deeper character customization,7,4,Yes,71.0,17,No,Yes,No,Increased,Positive
R101024,27,Male,Europe,Xbox Series X/S,GTA V,7,Reddit,6,Dual protagonists (Jason & Lucia),8,2,Yes,83.0,13,No,No,No,Same,Very Positive
R101025,19,Female,North America,PC,GTA San Andreas,8,Gaming news sites,11,Graphics & ray tracing,9,4,Yes,73.0,20,Yes,No,No,Increased,Very Positive
R101026,15,Female,North America,PlayStation 5,GTA Vice City,3,X/Twitter,13,Graphics & ray tracing,9,2,Yes,88.0,13,No,No,No,Decreased,Very Positive
R101027,25,Female,Asia-Pacific,Xbox Series X/S,GTA San Andreas,5,Reddit,4,Story & narrative depth,2,5,Maybe,45.0,17,Yes,No,Yes,Same,Neutral/Cautious
R101028,25,Male,Europe,PC,Red Dead Redemption 2,10,Gaming news sites,12,Improved police/AI systems,9,5,Yes,59.0,22,No,No,No,Increased,Very Positive
R101029,33,Male,Europe,PlayStation 5,GTA V,6,TikTok,4,Open-world Vice City map,4,3,No,44.0,7,Yes,Yes,Yes,Increased,Neutral/Cautious
R101030,15,Male,Europe,Xbox Series X/S,GTA V,10,Reddit,7,Story & narrative depth,8,3,Yes,90.0,6,Yes,No,No,Increased,Very Positive
R101031,28,Male,Europe,PlayStation 5,GTA San Andreas,4,Official Rockstar trailer,6,Deeper character customization,8,4,Yes,85.0,8,Yes,Yes,Yes,Increased,Very Positive
R101032,29,Male,Middle East,PlayStation 5,GTA III,8,X/Twitter,6,Online/multiplayer mode,9,3,Yes,77.0,6,Yes,No,Yes,Same,Very Positive
R101033,20,Male,Europe,PlayStation 5,Red Dead Redemption 2,10,Twitch,7,Online/multiplayer mode,6,2,No,74.0,27,No,No,Yes,Increased,Positive
R101034,19,Male,Latin America,PC,GTA IV,1,YouTube,9,Dual protagonists (Jason & Lucia),8,3,No,71.0,18,Yes,No,No,Decreased,Very Positive
R101035,28,Male,Latin America,Xbox Series X/S,GTA San Andreas,5,Twitch,13,Deeper character customization,10,2,Yes,95.0,12,Yes,No,No,Same,Very Positive
R101036,23,Prefer not to say,North America,PlayStation 5,Red Dead Redemption 2,4,X/Twitter,11,Map size & exploration,9,3,Yes,85.0,10,No,Yes,Yes,Same,Very Positive
R101037,36,Male,Latin America,Xbox Series X/S,GTA V,11,Twitch,13,Deeper character customization,10,5,Yes,95.0,5,No,No,Yes,Increased,Very Positive
R101038,29,Male,Latin America,PlayStation 5,GTA V,5,X/Twitter,7,Dual protagonists (Jason & Lucia),7,5,No,71.0,43,No,No,Yes,Increased,Positive
R101039,17,Male,North America,Xbox Series X/S,GTA V,11,Official Rockstar trailer,9,Graphics & ray tracing,7,4,No,74.0,18,Yes,No,Yes,Increased,Positive
R101040,34,Female,Europe,PlayStation 5,Red Dead Redemption 2,10,Official Rockstar trailer,7,Realistic economy & businesses,6,5,Yes,48.0,6,No,Yes,No,Increased,Positive
R101041,26,Male,Europe,PC,GTA Vice City,11,TikTok,6,Dual protagonists (Jason & Lucia),7,4,No,72.0,14,Yes,No,Yes,Increased,Positive
R101042,26,Male,Asia-Pacific,PlayStation 5,Never played GTA,10,Twitch,4,Dual protagonists (Jason & Lucia),5,4,No,58.0,8,Yes,No,No,Increased,Positive
R101043,30,Male,Asia-Pacific,PC,Never played GTA,10,Official Rockstar trailer,2,Online/multiplayer mode,4,5,No,43.0,21,Yes,No,Yes,Same,Neutral/Cautious
R101044,28,Female,Asia-Pacific,PC,GTA V,3,Official Rockstar trailer,10,Open-world Vice City map,9,3,Yes,73.0,20,No,No,Yes,Decreased,Very Positive
R101045,22,Male,Asia-Pacific,PlayStation 5 Pro,GTA San Andreas,7,Reddit,6,Realistic economy & businesses,6,4,Yes,64.0,17,Yes,No,No,Increased,Positive
R101046,46,Female,Asia-Pacific,Xbox Series X/S,GTA V,5,YouTube,8,Online/multiplayer mode,5,3,No,54.0,4,Yes,Yes,Yes,Same,Positive
R101047,21,Male,Latin America,Xbox Series X/S,GTA V,7,Reddit,12,Map size & exploration,8,5,No,96.0,12,Yes,No,Yes,Increased,Very Positive
R101048,33,Male,Asia-Pacific,Xbox Series X/S,GTA V,7,YouTube,9,Story & narrative depth,9,5,Yes,70.0,27,Yes,No,No,Same,Very Positive
R101049,23,Male,Latin America,PlayStation 5 Pro,GTA V,4,TikTok,12,Graphics & ray tracing,9,3,Yes,89.0,31,Yes,Yes,No,Increased,Very Positive
R101050,37,Male,Europe,PlayStation 5 Pro,Never played GTA,6,YouTube,1,Better driving physics,2,4,No,45.0,2,Yes,Yes,No,Increased,Neutral/Cautious
R101051,17,Male,Middle East,PlayStation 5,GTA San Andreas,8,Official Rockstar trailer,8,Graphics & ray tracing,10,4,Yes,82.0,18,No,No,No,Increased,Very Positive
R101052,22,Male,North America,PlayStation 5,GTA IV,8,Gaming news sites,9,Story & narrative depth,7,3,No,76.0,10,Yes,No,Yes,Increased,Positive
R101053,34,Female,Europe,PlayStation 5,GTA V,1,Reddit,9,Open-world Vice City map,10,4,Yes,90.0,6,Yes,No,No,Increased,Very Positive
R101054,14,Male,Europe,PlayStation 5,Red Dead Redemption 2,5,Official Rockstar trailer,7,Deeper character customization,5,3,No,59.0,2,Yes,Yes,No,Same,Positive
R101055,28,Female,North America,Xbox Series X/S,GTA IV,7,X/Twitter,6,Online/multiplayer mode,5,4,Maybe,78.0,29,No,No,No,Decreased,Positive
R101056,16,Female,Middle East,PC,GTA Vice City,2,YouTube,5,Improved police/AI systems,7,3,Yes,76.0,29,Yes,No,Yes,Same,Positive
R101057,17,Female,Europe,PC,GTA V,2,Reddit,5,Story & narrative depth,10,4,Yes,80.0,41,No,Yes,No,Increased,Very Positive
R101058,20,Prefer not to say,North America,PlayStation 5,GTA San Andreas,8,Friends,5,Realistic economy & businesses,7,3,Yes,44.0,3,No,Yes,No,Increased,Positive
R101059,29,Female,Latin America,PlayStation 5,GTA V,8,YouTube,9,Graphics & ray tracing,9,3,Yes,84.0,10,Yes,No,Yes,Increased,Very Positive
R101060,21,Male,Latin America,PC,GTA Vice City,9,Official Rockstar trailer,4,Online/multiplayer mode,6,3,Maybe,81.0,19,Yes,No,Yes,Decreased,Positive
R101061,23,Male,Europe,Xbox Series X/S,GTA Vice City,6,Twitch,8,Story & narrative depth,10,3,Yes,74.0,25,Yes,No,No,Decreased,Very Positive
R101062,21,Male,Asia-Pacific,Xbox Series X/S,GTA San Andreas,10,YouTube,11,Online/multiplayer mode,9,3,Yes,63.0,5,No,Yes,No,Same,Very Positive
R101063,29,Male,North America,PlayStation 5,GTA San Andreas,3,X/Twitter,6,Deeper character customization,9,5,Yes,101.0,4,No,Yes,Yes,Increased,Very Positive
R101064,46,Male,Europe,PC,GTA San Andreas,7,Reddit,2,Open-world Vice City map,5,4,Yes,63.0,4,Yes,Yes,Yes,Increased,Positive
R101065,20,Female,Europe,PC,GTA V,7,TikTok,16,Story & narrative depth,7,3,Yes,64.0,23,Yes,Yes,Yes,Same,Positive
R101066,23,Female,Asia-Pacific,Xbox Series X/S,Red Dead Redemption 2,4,YouTube,12,Improved police/AI systems,10,4,Yes,92.0,9,Yes,Yes,Yes,Increased,Very Positive
R101067,39,Non-binary,Europe,PlayStation 5,GTA V,8,Gaming news sites,9,Story & narrative depth,10,3,Yes,101.0,15,Yes,No,Yes,Increased,Very Positive
R101068,29,Male,Europe,PlayStation 5,GTA San Andreas,1,Reddit,7,Map size & exploration,7,3,No,64.0,15,Yes,Yes,Yes,Increased,Positive
R101069,34,Prefer not to say,North America,Xbox Series X/S,Never played GTA,2,YouTube,8,Story & narrative depth,4,5,Maybe,53.0,7,No,No,Yes,Increased,Neutral/Cautious
R101070,19,Male,Middle East,PC,GTA San Andreas,9,Twitch,14,Open-world Vice City map,10,5,Yes,89.0,17,Yes,No,Yes,Decreased,Very Positive
R101071,26,Female,Asia-Pacific,PC,GTA V,7,TikTok,9,Story & narrative depth,9,5,Maybe,73.0,23,No,No,No,Same,Very Positive
R101072,25,Male,Latin America,PlayStation 5,GTA V,0,Twitch,10,Open-world Vice City map,10,3,Yes,67.0,5,Yes,No,Yes,Same,Very Positive
R101073,24,Prefer not to say,Europe,PlayStation 5,GTA IV,10,YouTube,8,Dual protagonists (Jason & Lucia),8,5,Yes,78.0,19,No,Yes,No,Same,Very Positive
R101074,45,Male,North America,PlayStation 5 Pro,GTA San Andreas,11,YouTube,10,Dual protagonists (Jason & Lucia),10,5,No,81.0,30,Yes,Yes,Yes,Decreased,Very Positive
R101075,38,Male,Africa,Xbox Series X/S,GTA Vice City,9,Official Rockstar trailer,8,Online/multiplayer mode,7,3,Yes,68.0,16,Yes,No,Yes,Increased,Positive
R101076,31,Female,North America,Xbox Series X/S,GTA IV,10,X/Twitter,10,Better driving physics,9,3,Yes,103.0,24,Yes,No,No,Same,Very Positive
R101077,32,Male,Middle East,PC,GTA V,3,TikTok,7,Dual protagonists (Jason & Lucia),8,3,Yes,78.0,14,No,No,No,Increased,Very Positive
R101078,34,Male,North America,PlayStation 5,GTA Vice City,0,Official Rockstar trailer,12,Realistic economy & businesses,6,3,No,62.0,3,Yes,Yes,No,Increased,Positive
R101079,25,Male,Asia-Pacific,Xbox Series X/S,GTA V,5,X/Twitter,5,Better driving physics,5,5,No,61.0,7,Yes,No,Yes,Same,Positive
R101080,38,Male,Asia-Pacific,PC,GTA V,8,Gaming news sites,9,Dual protagonists (Jason & Lucia),10,4,Yes,66.0,27,Yes,Yes,Yes,Decreased,Very Positive
R101081,39,Male,Europe,Xbox Series X/S,GTA V,4,YouTube,7,Online/multiplayer mode,7,5,Yes,86.0,31,No,No,Yes,Increased,Positive
R101082,24,Male,Europe,PlayStation 5,GTA V,9,YouTube,11,Open-world Vice City map,9,3,Maybe,88.0,10,Yes,Yes,Yes,Increased,Very Positive
R101083,30,Female,North America,PlayStation 5,GTA San Andreas,7,Twitch,12,Online/multiplayer mode,10,4,Yes,88.0,14,No,No,Yes,Increased,Very Positive
R101084,13,Male,Asia-Pacific,PC,GTA V,4,Reddit,10,Deeper character customization,9,4,Yes,61.0,2,Yes,Yes,Yes,Same,Very Positive
R101085,15,Male,Europe,PlayStation 5,GTA V,3,X/Twitter,4,Dual protagonists (Jason & Lucia),8,3,Maybe,,9,Yes,No,No,Increased,Very Positive
R101086,29,Male,North America,Xbox Series X/S,Red Dead Redemption 2,4,TikTok,7,Open-world Vice City map,5,4,Yes,55.0,14,Yes,No,No,Increased,Positive
R101087,25,Male,Latin America,PC,GTA Vice City,3,YouTube,6,Dual protagonists (Jason & Lucia),9,3,Yes,72.0,10,Yes,No,Yes,Same,Very Positive
R101088,31,Male,Europe,PlayStation 5,GTA Vice City,8,Reddit,5,Story & narrative depth,6,5,No,73.0,19,Yes,No,No,Increased,Positive
R101089,32,Male,Europe,PlayStation 5,GTA V,3,Twitch,10,Dual protagonists (Jason & Lucia),6,5,Yes,79.0,2,No,No,Yes,Increased,Positive
R101090,31,Male,Europe,PC,GTA San Andreas,9,Reddit,9,Story & narrative depth,8,3,Maybe,80.0,32,No,No,Yes,Same,Very Positive
R101091,27,Female,Europe,PlayStation 5,Red Dead Redemption 2,9,TikTok,8,Graphics & ray tracing,7,3,Yes,82.0,16,Yes,No,Yes,Same,Positive
R101092,41,Female,Europe,PlayStation 5,GTA V,10,YouTube,9,Dual protagonists (Jason & Lucia),8,5,Yes,56.0,31,No,No,No,Same,Very Positive
R101093,20,Male,Africa,PlayStation 5,GTA V,2,X/Twitter,13,Improved police/AI systems,10,4,Yes,92.0,53,Yes,Yes,Yes,Increased,Very Positive
R101094,23,Male,North America,Xbox Series X/S,GTA V,3,Twitch,6,Graphics & ray tracing,9,4,Yes,85.0,3,No,No,No,Increased,Very Positive
R101095,15,Male,Africa,PlayStation 5,GTA San Andreas,8,Official Rockstar trailer,7,Dual protagonists (Jason & Lucia),9,3,Yes,69.0,25,Yes,No,Yes,Same,Very Positive
R101096,40,Male,Europe,Undecided,Red Dead Redemption 2,9,Official Rockstar trailer,8,Online/multiplayer mode,7,4,Yes,62.0,8,Yes,No,No,Increased,Positive
R101097,34,Male,North America,PlayStation 5,Red Dead Redemption 2,8,YouTube,9,Dual protagonists (Jason & Lucia),8,2,Yes,68.0,2,Yes,No,Yes,Increased,Very Positive
R101098,27,Male,Europe,PlayStation 5,GTA V,8,X/Twitter,18,Open-world Vice City map,10,3,Yes,81.0,43,Yes,No,Yes,Same,Very Positive
R101099,29,Female,Asia-Pacific,Xbox Series X/S,GTA San Andreas,8,Reddit,6,Graphics & ray tracing,10,4,Yes,77.0,26,No,No,No,Decreased,Very Positive
R101100,23,Male,North America,Xbox Series X/S,GTA San Andreas,6,YouTube,9,Map size & exploration,5,5,No,64.0,3,No,No,Yes,Increased,Positive
R101101,50,Male,Europe,PC,GTA San Andreas,8,Gaming news sites,7,Realistic economy & businesses,6,4,No,64.0,14,Yes,No,Yes,Decreased,Positive
R101102,34,Male,Latin America,PlayStation 5 Pro,GTA V,6,YouTube,6,Deeper character customization,5,3,No,56.0,9,Yes,Yes,Yes,Increased,Positive
R101103,32,Non-binary,Asia-Pacific,PC,GTA IV,2,Official Rockstar trailer,2,Better driving physics,5,5,Yes,57.0,40,Yes,No,No,Same,Positive
R101104,18,Male,Europe,PlayStation 5,Red Dead Redemption 2,0,Official Rockstar trailer,5,Map size & exploration,7,5,Yes,54.0,8,No,Yes,No,Increased,Positive
R101105,14,Male,Asia-Pacific,Xbox Series X/S,GTA V,8,X/Twitter,10,Online/multiplayer mode,10,3,Yes,80.0,25,Yes,No,Yes,Same,Very Positive
R101106,35,Male,Middle East,PlayStation 5,GTA San Andreas,3,YouTube,15,Deeper character customization,10,2,Yes,95.0,6,No,No,Yes,Decreased,Very Positive
R101107,37,Male,North America,PlayStation 5,GTA V,7,YouTube,6,Dual protagonists (Jason & Lucia),8,4,Yes,60.0,16,Yes,Yes,No,Same,Very Positive
R101108,16,Female,North America,PC,GTA V,4,TikTok,7,Story & narrative depth,8,2,Yes,59.0,4,Yes,No,Yes,Same,Very Positive
R101109,26,Male,North America,PlayStation 5,Red Dead Redemption 2,7,Reddit,10,Online/multiplayer mode,7,4,Maybe,65.0,12,Yes,No,Yes,Decreased,Positive
R101110,13,Male,Europe,PC,GTA San Andreas,10,Friends,8,Dual protagonists (Jason & Lucia),7,2,No,57.0,13,Yes,Yes,Yes,Increased,Positive
R101111,25,Female,North America,PC,Never played GTA,10,Official Rockstar trailer,7,Dual protagonists (Jason & Lucia),6,2,Maybe,69.0,7,Yes,Yes,Yes,Increased,Positive
R101112,25,Male,Europe,PlayStation 5,GTA V,7,YouTube,11,Better driving physics,10,4,Yes,78.0,26,Yes,Yes,Yes,Increased,Very Positive
R101113,17,Male,North America,PlayStation 5,GTA V,8,Reddit,9,Story & narrative depth,5,4,Maybe,49.0,13,Yes,No,Yes,Increased,Positive
R101114,23,Male,Europe,PlayStation 5,GTA IV,4,YouTube,9,Open-world Vice City map,9,3,Maybe,75.0,6,Yes,Yes,Yes,Increased,Very Positive
R101115,36,Female,Latin America,PC,GTA IV,10,Official Rockstar trailer,9,Deeper character customization,10,4,Yes,89.0,39,No,No,No,Increased,Very Positive
R101116,38,Male,Middle East,PlayStation 5,GTA Vice City,6,Official Rockstar trailer,6,Map size & exploration,6,3,Yes,66.0,16,No,No,Yes,Increased,Positive
R101117,23,Male,Europe,Xbox Series X/S,GTA V,5,YouTube,11,Deeper character customization,10,5,Yes,86.0,9,No,No,No,Decreased,Very Positive
R101118,19,Male,North America,PlayStation 5,Red Dead Redemption 2,6,YouTube,6,Improved police/AI systems,7,3,Yes,83.0,19,No,No,Yes,Increased,Positive
R101119,15,Female,Europe,Xbox Series X/S,GTA V,10,Official Rockstar trailer,11,Online/multiplayer mode,8,4,No,66.0,6,No,No,No,Same,Very Positive
R101120,23,Male,North America,PlayStation 5,GTA San Andreas,8,Official Rockstar trailer,4,Open-world Vice City map,5,5,Yes,67.0,3,Yes,No,Yes,Increased,Positive
R101121,19,Male,Middle East,Xbox Series X/S,Red Dead Redemption 2,7,TikTok,12,Map size & exploration,10,3,Yes,62.0,11,Yes,No,No,Same,Very Positive
R101122,31,Male,North America,PC,GTA Vice City,5,YouTube,12,Improved police/AI systems,6,4,Yes,45.0,35,No,Yes,Yes,Increased,Positive
R101123,26,Male,Asia-Pacific,PlayStation 5,GTA Vice City,4,Gaming news sites,6,Dual protagonists (Jason & Lucia),6,4,Yes,49.0,9,Yes,Yes,Yes,Same,Positive
R101124,22,Male,North America,PlayStation 5,GTA Vice City,0,TikTok,8,Online/multiplayer mode,6,3,Yes,39.0,8,Yes,No,No,Increased,Positive
R101125,33,Male,Asia-Pacific,PlayStation 5,GTA IV,4,TikTok,9,Online/multiplayer mode,7,4,Maybe,84.0,3,No,Yes,Yes,Same,Positive
R101126,16,Male,North America,PC,GTA IV,9,X/Twitter,9,Map size & exploration,4,3,Maybe,57.0,1,Yes,No,Yes,Same,Neutral/Cautious
R101127,32,Male,North America,Xbox Series X/S,GTA V,7,YouTube,17,Online/multiplayer mode,9,4,Yes,78.0,1,Yes,No,Yes,Increased,Very Positive
R101128,16,Female,Latin America,Xbox Series X/S,GTA V,8,Reddit,6,Story & narrative depth,5,4,Maybe,70.0,11,Yes,No,Yes,Increased,Positive
R101129,25,Male,Europe,Xbox Series X/S,GTA Vice City,12,TikTok,11,Story & narrative depth,9,2,Yes,76.0,13,No,No,No,Same,Very Positive
R101130,16,Male,North America,PC,Red Dead Redemption 2,5,Official Rockstar trailer,9,Open-world Vice City map,9,2,Yes,77.0,7,Yes,No,No,Same,Very Positive
R101131,26,Male,Europe,PC,Red Dead Redemption 2,7,Friends,12,Open-world Vice City map,5,5,Yes,51.0,14,No,No,No,Increased,Positive
R101132,35,Male,Asia-Pacific,PC,GTA V,3,X/Twitter,7,Dual protagonists (Jason & Lucia),8,5,No,73.0,14,Yes,No,Yes,Increased,Very Positive
R101133,29,Male,North America,PlayStation 5,GTA Vice City,2,Twitch,5,Graphics & ray tracing,9,3,Yes,79.0,28,No,No,No,Decreased,Very Positive
R101134,23,Male,Europe,Xbox Series X/S,GTA IV,10,Official Rockstar trailer,7,Realistic economy & businesses,6,4,No,67.0,7,Yes,No,Yes,Increased,Positive
R101135,18,Male,North America,PC,GTA V,9,Friends,3,Dual protagonists (Jason & Lucia),5,4,Maybe,53.0,18,Yes,Yes,Yes,Increased,Positive
R101136,19,Male,Europe,PC,GTA San Andreas,11,YouTube,6,Map size & exploration,5,3,No,60.0,10,Yes,Yes,Yes,Decreased,Positive
R101137,29,Female,North America,PC,GTA Vice City,1,TikTok,10,Online/multiplayer mode,6,3,Yes,66.0,27,No,No,Yes,Same,Positive
R101138,28,Male,North America,Xbox Series X/S,GTA V,10,Official Rockstar trailer,6,Story & narrative depth,9,5,Maybe,87.0,26,No,No,Yes,Same,Very Positive
R101139,23,Male,Europe,Undecided,GTA IV,4,Official Rockstar trailer,7,Map size & exploration,7,3,Maybe,69.0,9,No,No,Yes,Increased,Positive
R101140,35,Male,Latin America,PlayStation 5,GTA Vice City,4,Official Rockstar trailer,5,Open-world Vice City map,6,4,Maybe,52.0,4,No,Yes,No,Increased,Positive
R101141,36,Male,Middle East,PC,GTA IV,6,TikTok,9,Realistic economy & businesses,9,4,Maybe,78.0,17,No,No,No,Same,Very Positive
R101142,22,Male,North America,PlayStation 5,GTA Vice City,9,Reddit,10,Dual protagonists (Jason & Lucia),7,4,Yes,66.0,4,Yes,No,Yes,Increased,Positive
R101143,50,Female,Asia-Pacific,PlayStation 5 Pro,GTA V,6,Reddit,8,Dual protagonists (Jason & Lucia),7,4,Yes,49.0,19,No,Yes,No,Decreased,Positive
R101144,33,Male,Latin America,Xbox Series X/S,GTA V,0,Gaming news sites,9,Open-world Vice City map,9,3,Yes,69.0,6,No,No,No,Increased,Very Positive
R101145,21,Male,North America,PC,GTA San Andreas,2,Official Rockstar trailer,9,Open-world Vice City map,7,3,Yes,62.0,46,No,Yes,No,Increased,Positive
R101146,39,Male,Europe,PlayStation 5,GTA IV,6,YouTube,14,Graphics & ray tracing,9,3,Yes,64.0,13,Yes,No,No,Increased,Very Positive
R101147,34,,Latin America,Xbox Series X/S,GTA San Andreas,6,YouTube,9,Map size & exploration,8,3,Yes,92.0,12,No,No,Yes,Same,Very Positive
R101148,23,Male,North America,Xbox Series X/S,GTA V,6,Official Rockstar trailer,12,Realistic economy & businesses,8,2,Maybe,77.0,30,No,Yes,No,Increased,Very Positive
R101149,21,Male,Asia-Pacific,PlayStation 5,GTA V,4,YouTube,6,Map size & exploration,6,5,Maybe,72.0,37,Yes,No,No,Increased,Positive
R101150,29,Male,Latin America,Xbox Series X/S,Red Dead Redemption 2,6,TikTok,12,Realistic economy & businesses,8,3,Yes,80.0,22,No,No,Yes,Increased,Very Positive
R101151,32,Male,North America,Xbox Series X/S,GTA III,6,Reddit,5,Open-world Vice City map,7,4,Yes,63.0,13,Yes,Yes,Yes,Increased,Positive
R101152,42,Male,Middle East,PlayStation 5,GTA V,4,Official Rockstar trailer,11,Dual protagonists (Jason & Lucia),10,3,Yes,82.0,20,No,No,Yes,Increased,Very Positive
R101153,31,Male,North America,PlayStation 5,GTA V,10,Reddit,8,Story & narrative depth,7,2,Yes,81.0,15,Yes,No,Yes,Same,Positive
R101154,20,Male,Europe,Undecided,GTA Vice City,4,TikTok,12,Open-world Vice City map,10,2,Yes,74.0,37,Yes,No,Yes,Increased,Very Positive
R101155,14,Female,Latin America,PlayStation 5,GTA V,8,Official Rockstar trailer,13,Improved police/AI systems,8,3,Yes,72.0,31,Yes,No,No,Same,Very Positive
R101156,30,Male,Middle East,PlayStation 5 Pro,GTA San Andreas,0,YouTube,8,Story & narrative depth,7,3,Maybe,83.0,38,Yes,Yes,No,Same,Positive
R101157,13,Male,Latin America,PC,GTA V,9,TikTok,8,Open-world Vice City map,7,3,No,65.0,14,Yes,No,No,Same,Positive
R101158,37,Male,Europe,PlayStation 5,GTA San Andreas,2,Official Rockstar trailer,9,Online/multiplayer mode,8,3,Maybe,66.0,2,Yes,Yes,No,Increased,Very Positive
R101159,13,Prefer not to say,North America,PlayStation 5,GTA IV,8,Reddit,4,Open-world Vice City map,7,4,Yes,64.0,14,No,No,Yes,Increased,Positive
R101160,30,Male,Europe,PlayStation 5,GTA San Andreas,7,YouTube,7,Online/multiplayer mode,9,4,Maybe,83.0,7,Yes,No,Yes,Increased,Very Positive
R101161,23,Male,North America,PlayStation 5 Pro,GTA San Andreas,2,YouTube,7,Online/multiplayer mode,5,4,Yes,48.0,34,No,Yes,Yes,Decreased,Positive
R101162,24,Male,Europe,PlayStation 5,Red Dead Redemption 2,9,YouTube,6,Online/multiplayer mode,4,1,No,50.0,7,Yes,No,Yes,Increased,Neutral/Cautious
R101163,21,Male,Asia-Pacific,Xbox Series X/S,GTA V,5,Twitch,10,Improved police/AI systems,8,3,Yes,70.0,18,No,No,No,Increased,Very Positive
R101164,33,Male,Latin America,PlayStation 5,GTA San Andreas,4,YouTube,10,Open-world Vice City map,8,4,Maybe,71.0,2,Yes,No,Yes,Increased,Very Positive
R101165,13,Male,Europe,PC,GTA III,5,Reddit,5,Story & narrative depth,8,3,Maybe,67.0,9,No,No,No,Increased,Very Positive
R101166,16,Male,Latin America,Xbox Series X/S,GTA IV,8,Official Rockstar trailer,12,Story & narrative depth,10,2,Yes,86.0,11,Yes,No,Yes,Same,Very Positive
R101167,25,Male,Latin America,PlayStation 5,GTA III,3,Reddit,9,Better driving physics,9,4,Maybe,69.0,13,No,Yes,Yes,Increased,Very Positive
R101168,34,Male,Latin America,Xbox Series X/S,GTA V,2,Reddit,10,Deeper character customization,10,4,No,70.0,10,Yes,No,No,Decreased,Very Positive
R101169,30,Female,Asia-Pacific,PlayStation 5 Pro,GTA V,7,Reddit,10,Dual protagonists (Jason & Lucia),7,3,Maybe,52.0,51,Yes,Yes,No,Same,Positive
R101170,28,Male,Africa,Xbox Series X/S,GTA Vice City,4,YouTube,5,Story & narrative depth,5,4,Maybe,63.0,7,No,Yes,No,Same,Positive
R101171,16,Male,North America,PC,GTA V,9,YouTube,7,Deeper character customization,8,4,Yes,67.0,27,Yes,Yes,Yes,Increased,Very Positive
R101172,27,Female,Asia-Pacific,PlayStation 5,GTA V,7,Friends,4,Online/multiplayer mode,6,3,Maybe,69.0,4,No,Yes,Yes,Same,Positive
R101173,30,Male,Europe,PlayStation 5,GTA V,6,Friends,7,Deeper character customization,5,3,No,67.0,3,Yes,No,Yes,Same,Positive
R101174,23,Male,North America,PlayStation 5,GTA V,3,YouTube,9,Graphics & ray tracing,8,3,Yes,70.0,1,Yes,No,Yes,Same,Very Positive
R101175,20,Female,Europe,PlayStation 5,GTA V,3,Twitch,6,Improved police/AI systems,8,2,Yes,89.0,13,Yes,No,Yes,Decreased,Very Positive
R101176,36,Prefer not to say,Europe,PlayStation 5,GTA V,2,Official Rockstar trailer,12,Map size & exploration,9,4,Yes,92.0,23,Yes,No,Yes,Increased,Very Positive
R101177,44,Male,Middle East,PlayStation 5,GTA V,2,Official Rockstar trailer,11,Improved police/AI systems,8,5,Maybe,84.0,3,No,No,Yes,Same,Very Positive
R101178,20,Male,North America,PlayStation 5,GTA V,7,Reddit,9,Open-world Vice City map,10,3,Yes,83.0,8,Yes,No,Yes,Increased,Very Positive
R101179,25,Non-binary,Europe,PC,GTA San Andreas,3,Official Rockstar trailer,14,Dual protagonists (Jason & Lucia),7,3,No,60.0,7,No,No,No,Increased,Positive
R101180,46,Male,North America,PlayStation 5,GTA San Andreas,8,Official Rockstar trailer,10,Open-world Vice City map,8,3,Yes,90.0,21,No,No,Yes,Increased,Very Positive
R101181,21,Female,Asia-Pacific,PlayStation 5,GTA San Andreas,6,Official Rockstar trailer,13,Realistic economy & businesses,10,2,Yes,94.0,22,No,No,Yes,Increased,Very Positive
R101182,24,Male,Europe,PC,GTA V,2,Official Rockstar trailer,10,Graphics & ray tracing,10,5,Yes,106.0,27,No,Yes,Yes,Increased,Very Positive
R101183,34,Male,Asia-Pacific,PC,GTA Vice City,10,Official Rockstar trailer,12,Better driving physics,10,5,Yes,70.0,11,Yes,No,Yes,Decreased,Very Positive
R101184,36,Non-binary,North America,PlayStation 5,GTA III,11,X/Twitter,8,Open-world Vice City map,8,3,No,75.0,14,Yes,Yes,No,Increased,Very Positive
R101185,34,Female,Latin America,PlayStation 5,GTA V,2,Twitch,9,Story & narrative depth,6,4,Yes,45.0,16,Yes,No,Yes,Increased,Positive
R101186,41,Male,North America,Xbox Series X/S,GTA Vice City,8,TikTok,7,Story & narrative depth,8,3,Maybe,56.0,20,Yes,No,Yes,Increased,Very Positive
R101187,28,Male,North America,PlayStation 5,GTA San Andreas,4,Official Rockstar trailer,13,Improved police/AI systems,9,4,Yes,99.0,33,No,No,Yes,Same,Very Positive
R101188,30,Female,Europe,Xbox Series X/S,GTA V,2,YouTube,14,Open-world Vice City map,7,4,Yes,87.0,8,Yes,No,No,Decreased,Positive
R101189,26,Male,Europe,PlayStation 5,Red Dead Redemption 2,10,Official Rockstar trailer,12,Dual protagonists (Jason & Lucia),10,3,Yes,85.0,17,No,Yes,No,Increased,Very Positive
R101190,23,Male,Middle East,PlayStation 5 Pro,GTA IV,6,Reddit,10,Open-world Vice City map,8,4,Yes,64.0,15,No,No,No,Increased,Very Positive
R101191,33,Male,Europe,PlayStation 5,GTA III,10,Gaming news sites,10,Realistic economy & businesses,8,5,No,74.0,5,Yes,No,No,Increased,Very Positive
R101192,42,Male,Asia-Pacific,PC,GTA V,6,Twitch,11,Map size & exploration,9,3,Yes,72.0,2,Yes,No,No,Decreased,Very Positive
R101193,29,Prefer not to say,North America,Xbox Series X/S,GTA San Andreas,5,Official Rockstar trailer,8,Online/multiplayer mode,10,3,Yes,96.0,15,Yes,No,Yes,Increased,Very Positive
R101194,35,Female,Europe,PlayStation 5,GTA V,8,Official Rockstar trailer,7,Improved police/AI systems,9,4,Maybe,69.0,30,Yes,No,Yes,Increased,Very Positive
R101195,23,Female,Latin America,Undecided,GTA V,7,YouTube,8,Dual protagonists (Jason & Lucia),10,5,Yes,77.0,17,Yes,No,Yes,Decreased,Very Positive
R101196,29,Male,Africa,PC,GTA V,12,YouTube,7,Graphics & ray tracing,6,5,No,52.0,27,Yes,Yes,No,Same,Positive
R101197,32,Prefer not to say,Africa,PlayStation 5 Pro,GTA IV,9,X/Twitter,13,Improved police/AI systems,10,4,Yes,99.0,16,Yes,No,Yes,Increased,Very Positive
R101198,13,,North America,Xbox Series X/S,GTA V,4,TikTok,3,Graphics & ray tracing,6,5,Yes,69.0,6,No,No,No,Same,Positive
R101199,28,Male,North America,Xbox Series X/S,GTA V,8,Official Rockstar trailer,10,Dual protagonists (Jason & Lucia),9,3,Yes,87.0,32,Yes,No,Yes,Same,Very Positive
R101200,20,,Middle East,PlayStation 5,GTA V,10,Twitch,10,Dual protagonists (Jason & Lucia),10,4,Yes,99.0,2,No,No,No,Increased,Very Positive
R101201,29,Female,Latin America,PlayStation 5,GTA IV,5,Official Rockstar trailer,8,Open-world Vice City map,7,5,Yes,76.0,12,No,Yes,No,Decreased,Positive
R101202,26,Male,Europe,PlayStation 5,GTA San Andreas,6,Reddit,5,Open-world Vice City map,5,3,Maybe,52.0,11,Yes,No,Yes,Same,Positive
R101203,42,Male,Latin America,PlayStation 5,GTA V,5,X/Twitter,7,Deeper character customization,9,3,Yes,95.0,26,No,Yes,Yes,Increased,Very Positive
R101204,38,Male,Asia-Pacific,Xbox Series X/S,GTA San Andreas,0,Twitch,9,Dual protagonists (Jason & Lucia),5,3,Maybe,33.0,5,No,Yes,Yes,Decreased,Positive
R101205,26,Female,North America,PlayStation 5 Pro,GTA V,8,TikTok,10,Improved police/AI systems,8,4,Maybe,93.0,6,No,No,No,Increased,Very Positive
R101206,17,Male,North America,Undecided,GTA Vice City,6,Reddit,9,Open-world Vice City map,9,4,Maybe,91.0,15,No,Yes,No,Decreased,Very Positive
R101207,39,Male,Asia-Pacific,PC,GTA IV,7,Gaming news sites,7,Improved police/AI systems,5,3,Yes,68.0,7,Yes,Yes,Yes,Increased,Positive
R101208,38,Female,Europe,PC,GTA III,13,TikTok,11,Map size & exploration,7,4,Maybe,88.0,27,Yes,No,Yes,Increased,Positive
R101209,16,Male,Europe,PC,GTA V,4,Official Rockstar trailer,8,Deeper character customization,10,5,Yes,89.0,22,Yes,No,No,Same,Very Positive
R101210,23,Male,Latin America,PC,GTA IV,4,Official Rockstar trailer,6,Open-world Vice City map,7,5,Yes,86.0,21,No,No,Yes,Increased,Positive
R101211,24,Male,Europe,PlayStation 5,GTA San Andreas,6,Twitch,7,Open-world Vice City map,5,3,Yes,67.0,8,Yes,Yes,Yes,Same,Positive
R101212,23,Male,Middle East,Xbox Series X/S,GTA Vice City,6,Reddit,8,Online/multiplayer mode,7,3,Yes,55.0,7,Yes,No,Yes,Decreased,Positive
R101213,26,Male,Europe,Xbox Series X/S,Red Dead Redemption 2,7,YouTube,9,Improved police/AI systems,7,3,No,50.0,15,No,No,No,Same,Positive
R101214,32,Non-binary,North America,PlayStation 5 Pro,GTA San Andreas,6,X/Twitter,12,Deeper character customization,10,4,No,,26,No,No,No,Decreased,Very Positive
R101215,23,Non-binary,Europe,PlayStation 5,GTA Vice City,6,X/Twitter,2,Improved police/AI systems,5,4,Maybe,32.0,15,No,Yes,No,Decreased,Positive
R101216,18,Male,Asia-Pacific,Xbox Series X/S,GTA V,7,TikTok,7,Dual protagonists (Jason & Lucia),10,3,Yes,73.0,7,Yes,No,Yes,Decreased,Very Positive
R101217,35,Male,Asia-Pacific,PlayStation 5,GTA San Andreas,6,TikTok,9,Open-world Vice City map,7,5,Maybe,67.0,25,No,Yes,Yes,Same,Positive
R101218,25,Male,North America,PlayStation 5,GTA IV,5,Reddit,6,Improved police/AI systems,10,3,Yes,99.0,9,No,No,Yes,Same,Very Positive
R101219,19,Female,Europe,PlayStation 5,GTA V,6,Reddit,12,Dual protagonists (Jason & Lucia),7,3,No,76.0,4,Yes,No,No,Same,Positive
R101220,18,Male,Africa,PC,GTA San Andreas,8,Gaming news sites,9,Open-world Vice City map,7,5,No,51.0,3,No,Yes,No,Increased,Positive
R101221,40,Male,Latin America,PlayStation 5,GTA San Andreas,8,X/Twitter,11,Graphics & ray tracing,7,2,Yes,75.0,35,Yes,No,No,Increased,Positive
R101222,17,Female,Middle East,PlayStation 5,GTA San Andreas,8,YouTube,12,Dual protagonists (Jason & Lucia),10,5,Yes,64.0,5,Yes,Yes,Yes,Same,Very Positive
R101223,25,Male,Middle East,PC,GTA V,3,TikTok,7,Deeper character customization,8,4,Yes,89.0,14,No,No,No,Increased,Very Positive
R101224,35,Male,Asia-Pacific,Undecided,GTA V,6,Official Rockstar trailer,12,Online/multiplayer mode,7,2,Yes,61.0,9,No,No,Yes,Increased,Positive
R101225,23,Male,Europe,PlayStation 5,GTA San Andreas,7,TikTok,8,Open-world Vice City map,8,3,Maybe,66.0,19,Yes,Yes,No,Increased,Very Positive
R101226,15,Male,Europe,PC,GTA San Andreas,3,Official Rockstar trailer,9,Improved police/AI systems,8,3,Yes,71.0,12,Yes,No,No,Increased,Very Positive
R101227,21,Non-binary,Europe,PlayStation 5,GTA V,5,TikTok,5,Deeper character customization,6,4,Maybe,62.0,16,Yes,Yes,Yes,Increased,Positive
R101228,29,Male,North America,PlayStation 5,GTA V,10,X/Twitter,9,Map size & exploration,8,3,Maybe,70.0,14,No,No,No,Increased,Very Positive
R101229,33,Male,North America,PlayStation 5,GTA IV,7,YouTube,9,Graphics & ray tracing,9,2,Yes,86.0,19,No,Yes,No,Increased,Very Positive
R101230,20,Male,Asia-Pacific,PC,GTA III,10,YouTube,10,Better driving physics,7,5,Maybe,76.0,36,Yes,No,No,Same,Positive
R101231,32,Female,Asia-Pacific,PlayStation 5,GTA V,9,Official Rockstar trailer,8,Open-world Vice City map,10,3,Yes,91.0,11,Yes,No,Yes,Increased,Very Positive
R101232,23,Female,North America,Xbox Series X/S,GTA V,2,YouTube,13,Deeper character customization,9,4,Yes,79.0,4,Yes,No,No,Same,Very Positive
R101233,41,Female,Europe,Xbox Series X/S,GTA San Andreas,8,YouTube,7,Open-world Vice City map,5,5,Maybe,69.0,2,Yes,No,No,Same,Positive
R101234,24,Male,Latin America,PlayStation 5,GTA V,4,TikTok,6,Online/multiplayer mode,4,4,Maybe,54.0,11,No,No,Yes,Increased,Neutral/Cautious
R101235,26,Male,Europe,PlayStation 5 Pro,GTA IV,11,Friends,4,Deeper character customization,6,5,No,59.0,5,Yes,No,No,Increased,Positive
R101236,28,Female,North America,Xbox Series X/S,GTA V,3,Official Rockstar trailer,10,Story & narrative depth,10,3,Yes,95.0,50,No,Yes,Yes,Increased,Very Positive
R101237,38,Male,Middle East,PlayStation 5 Pro,GTA V,6,Reddit,8,Improved police/AI systems,7,4,Yes,44.0,17,Yes,No,Yes,Same,Positive
R101238,24,Female,Europe,Xbox Series X/S,GTA V,4,YouTube,6,Graphics & ray tracing,6,5,Maybe,53.0,12,Yes,No,Yes,Increased,Positive
R101239,30,Male,Europe,Xbox Series X/S,GTA IV,3,YouTube,6,Open-world Vice City map,6,3,No,58.0,10,Yes,Yes,Yes,Same,Positive
R101240,39,Male,Europe,PlayStation 5,GTA IV,5,Official Rockstar trailer,9,Open-world Vice City map,8,5,Yes,76.0,13,Yes,No,Yes,Same,Very Positive
R101241,21,Non-binary,Europe,PC,Red Dead Redemption 2,5,X/Twitter,3,Open-world Vice City map,5,5,Yes,48.0,2,No,Yes,No,Increased,Positive
R101242,39,Male,Asia-Pacific,PC,Red Dead Redemption 2,2,Friends,2,Online/multiplayer mode,3,4,No,36.0,32,Yes,No,No,Increased,Neutral/Cautious
R101243,18,Male,Africa,Xbox Series X/S,GTA Vice City,7,Friends,9,Open-world Vice City map,7,2,Maybe,61.0,4,Yes,Yes,Yes,Same,Positive
R101244,26,Female,North America,PlayStation 5,GTA V,12,Reddit,12,Dual protagonists (Jason & Lucia),10,4,Yes,88.0,12,No,No,Yes,Increased,Very Positive
R101245,26,Female,Europe,PlayStation 5,GTA San Andreas,5,YouTube,11,Online/multiplayer mode,9,5,Yes,77.0,10,Yes,No,Yes,Same,Very Positive
R101246,20,Male,North America,PlayStation 5,GTA V,8,Reddit,6,Deeper character customization,8,2,Maybe,68.0,32,Yes,No,Yes,Increased,Very Positive
R101247,13,Male,North America,PlayStation 5,GTA V,2,Official Rockstar trailer,10,Deeper character customization,9,4,Yes,62.0,6,Yes,Yes,Yes,Same,Very Positive
R101248,36,Prefer not to say,Middle East,PlayStation 5,GTA San Andreas,8,X/Twitter,9,Better driving physics,6,3,Yes,70.0,11,Yes,No,Yes,Increased,Positive
R101249,22,Non-binary,Latin America,PlayStation 5,GTA Vice City,5,Official Rockstar trailer,8,Story & narrative depth,8,2,No,77.0,44,Yes,No,No,Increased,Very Positive
R101250,21,Male,North America,PlayStation 5,GTA Vice City,6,Official Rockstar trailer,12,Realistic economy & businesses,10,5,Yes,92.0,32,Yes,No,Yes,Increased,Very Positive
R101251,20,Female,Latin America,PC,GTA San Andreas,7,Official Rockstar trailer,14,Dual protagonists (Jason & Lucia),10,2,Yes,92.0,38,Yes,Yes,Yes,Increased,Very Positive
R101252,23,Male,Europe,PC,GTA III,7,TikTok,11,Better driving physics,9,4,Yes,98.0,40,No,Yes,Yes,Increased,Very Positive
R101253,25,Male,North America,PC,Red Dead Redemption 2,6,YouTube,6,Open-world Vice City map,10,3,Yes,63.0,14,Yes,Yes,No,Increased,Very Positive
R101254,28,Female,Europe,PC,GTA Vice City,9,Official Rockstar trailer,9,Online/multiplayer mode,6,4,Yes,34.0,5,No,Yes,Yes,Increased,Positive
R101255,28,Male,Latin America,PC,GTA V,9,Reddit,5,Dual protagonists (Jason & Lucia),6,4,Yes,69.0,3,Yes,No,Yes,Increased,Positive
R101256,15,Female,North America,Undecided,Never played GTA,7,Friends,4,Open-world Vice City map,7,5,No,70.0,45,Yes,Yes,Yes,Same,Positive
R101257,27,Male,Middle East,Xbox Series X/S,GTA V,7,Official Rockstar trailer,9,Open-world Vice City map,10,5,Yes,,7,No,No,Yes,Increased,Very Positive
R101258,13,Male,Asia-Pacific,PlayStation 5,GTA IV,5,X/Twitter,5,Improved police/AI systems,9,3,Yes,57.0,9,Yes,Yes,Yes,Increased,Very Positive
R101259,23,Male,North America,Xbox Series X/S,GTA San Andreas,11,Official Rockstar trailer,11,Graphics & ray tracing,10,5,Maybe,77.0,48,No,No,Yes,Increased,Very Positive
R101260,34,Male,Middle East,PC,GTA IV,4,Gaming news sites,6,Graphics & ray tracing,8,4,Yes,73.0,14,Yes,No,Yes,Increased,Very Positive
R101261,27,Prefer not to say,Europe,PlayStation 5,GTA V,1,X/Twitter,8,Dual protagonists (Jason & Lucia),10,5,Yes,64.0,10,No,Yes,Yes,Same,Very Positive
R101262,24,Female,North America,PlayStation 5,GTA V,7,Official Rockstar trailer,11,Open-world Vice City map,10,3,Yes,78.0,9,Yes,No,No,Same,Very Positive
R101263,27,Male,Europe,PlayStation 5,GTA IV,9,Reddit,5,Better driving physics,5,5,Maybe,75.0,11,Yes,No,Yes,Decreased,Positive
R101264,38,Male,Europe,PlayStation 5 Pro,GTA V,7,Official Rockstar trailer,8,Realistic economy & businesses,9,3,Yes,89.0,10,No,Yes,Yes,Increased,Very Positive
R101265,14,Male,North America,PlayStation 5,GTA San Andreas,10,YouTube,6,Graphics & ray tracing,8,4,Yes,89.0,9,No,No,No,Increased,Very Positive
R101266,30,Male,Europe,PlayStation 5,GTA San Andreas,4,Official Rockstar trailer,6,Dual protagonists (Jason & Lucia),7,1,Yes,75.0,10,Yes,No,No,Increased,Positive
R101267,19,Male,North America,PlayStation 5 Pro,GTA V,10,X/Twitter,8,Realistic economy & businesses,8,4,Yes,85.0,1,Yes,No,No,Increased,Very Positive
R101268,21,Female,Latin America,Xbox Series X/S,GTA III,8,Official Rockstar trailer,12,Open-world Vice City map,10,5,Yes,71.0,5,No,No,No,Increased,Very Positive
R101269,22,Female,North America,PlayStation 5,GTA V,9,YouTube,12,Map size & exploration,9,4,Yes,77.0,15,No,Yes,Yes,Same,Very Positive
R101270,30,Male,Africa,Xbox Series X/S,GTA V,8,TikTok,5,Graphics & ray tracing,8,3,Yes,56.0,20,Yes,Yes,No,Same,Very Positive
R101271,41,Male,North America,PlayStation 5,GTA IV,6,Twitch,11,Map size & exploration,7,5,Maybe,71.0,10,No,No,Yes,Increased,Positive
R101272,27,Male,North America,Xbox Series X/S,Red Dead Redemption 2,2,Official Rockstar trailer,4,Open-world Vice City map,5,4,No,75.0,14,Yes,No,No,Increased,Positive
R101273,29,Male,Middle East,PC,Never played GTA,11,TikTok,11,Map size & exploration,7,4,Maybe,61.0,16,Yes,No,No,Increased,Positive
R101274,26,Non-binary,Middle East,Xbox Series X/S,GTA IV,6,Official Rockstar trailer,12,Map size & exploration,10,4,Yes,113.0,8,Yes,No,No,Same,Very Positive
R101275,36,Male,North America,PC,GTA San Andreas,7,YouTube,6,Online/multiplayer mode,6,4,Maybe,57.0,54,Yes,No,Yes,Increased,Positive
R101276,19,Male,North America,Xbox Series X/S,GTA V,1,Official Rockstar trailer,12,Realistic economy & businesses,10,2,Yes,87.0,13,Yes,No,No,Same,Very Positive
R101277,18,Male,Asia-Pacific,PlayStation 5,GTA San Andreas,9,TikTok,5,Map size & exploration,8,5,Yes,83.0,4,Yes,Yes,No,Increased,Very Positive
R101278,23,Male,North America,PlayStation 5,GTA V,4,Official Rockstar trailer,7,Story & narrative depth,10,3,Yes,67.0,10,No,Yes,Yes,Increased,Very Positive
R101279,33,Non-binary,Europe,Undecided,GTA III,6,YouTube,10,Better driving physics,8,3,Yes,46.0,22,Yes,Yes,Yes,Increased,Very Positive
R101280,18,,North America,Undecided,GTA V,4,Friends,7,Better driving physics,9,3,No,67.0,12,Yes,Yes,Yes,Increased,Very Positive
R101281,30,Male,Asia-Pacific,PlayStation 5 Pro,GTA San Andreas,0,YouTube,3,Graphics & ray tracing,7,2,Yes,52.0,32,Yes,Yes,Yes,Increased,Positive
R101282,45,Female,North America,Xbox Series X/S,GTA V,8,TikTok,4,Deeper character customization,7,5,Maybe,66.0,22,Yes,Yes,Yes,Increased,Positive
R101283,24,Male,North America,Xbox Series X/S,GTA IV,4,YouTube,8,Story & narrative depth,7,3,Maybe,79.0,11,No,No,No,Increased,Positive
R101284,32,Female,Europe,Xbox Series X/S,Red Dead Redemption 2,3,TikTok,5,Improved police/AI systems,7,3,Maybe,71.0,18,Yes,No,No,Same,Positive
R101285,24,Male,Europe,PlayStation 5,GTA Vice City,13,Official Rockstar trailer,9,Improved police/AI systems,7,3,No,62.0,52,Yes,Yes,No,Same,Positive
R101286,21,Female,Asia-Pacific,PC,GTA San Andreas,10,TikTok,12,Graphics & ray tracing,10,4,No,72.0,36,Yes,No,No,Increased,Very Positive
R101287,32,Female,Europe,PC,GTA V,7,YouTube,4,Improved police/AI systems,6,5,Yes,75.0,3,No,Yes,No,Increased,Positive
R101288,26,Male,Asia-Pacific,Xbox Series X/S,GTA Vice City,13,Official Rockstar trailer,6,Realistic economy & businesses,8,3,Yes,45.0,20,No,No,Yes,Same,Very Positive
R101289,38,Female,North America,PlayStation 5 Pro,GTA San Andreas,1,YouTube,12,Dual protagonists (Jason & Lucia),10,2,Yes,66.0,18,Yes,Yes,Yes,Increased,Very Positive
R101290,22,Male,Asia-Pacific,PlayStation 5,GTA Vice City,4,YouTube,11,Online/multiplayer mode,8,3,Yes,73.0,17,Yes,No,No,Increased,Very Positive
R101291,19,Female,Latin America,Xbox Series X/S,GTA V,4,TikTok,5,Map size & exploration,8,4,Yes,70.0,18,No,No,Yes,Increased,Very Positive
R101292,27,Female,Africa,PlayStation 5,GTA V,5,TikTok,13,Realistic economy & businesses,10,2,Yes,96.0,5,Yes,No,No,Increased,Very Positive
R101293,24,Prefer not to say,North America,Xbox Series X/S,GTA San Andreas,2,Reddit,8,Improved police/AI systems,5,2,Maybe,31.0,4,Yes,Yes,Yes,Increased,Positive
R101294,32,Male,Asia-Pacific,Undecided,GTA Vice City,10,TikTok,7,Story & narrative depth,10,4,Yes,90.0,11,No,Yes,Yes,Same,Very Positive
R101295,34,Male,Asia-Pacific,Xbox Series X/S,GTA V,11,TikTok,9,Story & narrative depth,7,3,Maybe,43.0,17,Yes,Yes,No,Same,Positive
R101296,27,Male,Latin America,PC,GTA V,3,Official Rockstar trailer,8,Open-world Vice City map,9,2,Yes,73.0,17,Yes,Yes,Yes,Increased,Very Positive
R101297,25,Male,Europe,PlayStation 5,Never played GTA,4,Reddit,3,Open-world Vice City map,2,1,Maybe,,5,No,Yes,No,Same,Neutral/Cautious
R101298,27,Male,Asia-Pacific,PlayStation 5,GTA San Andreas,10,Official Rockstar trailer,10,Better driving physics,8,3,No,74.0,9,Yes,No,Yes,Decreased,Very Positive
R101299,25,Female,Africa,PlayStation 5,GTA V,8,X/Twitter,13,Online/multiplayer mode,10,4,Yes,80.0,27,Yes,No,Yes,Same,Very Positive
R101300,13,Male,Asia-Pacific,Xbox Series X/S,GTA San Andreas,0,YouTube,11,Story & narrative depth,10,4,No,90.0,6,Yes,No,Yes,Increased,Very Positive
R101301,27,Male,Europe,PlayStation 5,GTA Vice City,3,YouTube,9,Dual protagonists (Jason & Lucia),8,3,Yes,69.0,20,Yes,No,No,Same,Very Positive
R101302,31,Male,North America,PlayStation 5,Never played GTA,1,Official Rockstar trailer,4,Map size & exploration,3,3,Maybe,37.0,52,Yes,Yes,No,Increased,Neutral/Cautious
R101303,28,Male,North America,PlayStation 5,GTA V,6,Official Rockstar trailer,10,Dual protagonists (Jason & Lucia),9,4,Yes,70.0,21,Yes,Yes,Yes,Same,Very Positive
R101304,30,Male,Middle East,PlayStation 5,Red Dead Redemption 2,8,Reddit,7,Realistic economy & businesses,9,2,Yes,71.0,26,Yes,No,No,Decreased,Very Positive
R101305,29,Female,Asia-Pacific,Xbox Series X/S,GTA San Andreas,6,Official Rockstar trailer,9,Improved police/AI systems,7,3,Yes,69.0,12,Yes,Yes,Yes,Same,Positive
R101306,39,Male,Asia-Pacific,PlayStation 5,GTA V,5,YouTube,10,Deeper character customization,9,4,Yes,88.0,7,Yes,No,Yes,Increased,Very Positive
R101307,32,Male,Latin America,PlayStation 5,Red Dead Redemption 2,13,TikTok,9,Online/multiplayer mode,8,3,Yes,82.0,18,Yes,No,Yes,Same,Very Positive
R101308,24,Non-binary,Europe,Xbox Series X/S,GTA V,8,Twitch,9,Deeper character customization,8,3,Yes,86.0,5,No,No,No,Increased,Very Positive
R101309,39,Female,Asia-Pacific,PlayStation 5,GTA IV,12,Official Rockstar trailer,7,Map size & exploration,8,3,No,,1,Yes,No,Yes,Decreased,Very Positive
R101310,15,Male,Asia-Pacific,Xbox Series X/S,GTA V,7,YouTube,14,Online/multiplayer mode,10,5,Yes,74.0,10,Yes,No,Yes,Increased,Very Positive
R101311,23,Male,Latin America,Undecided,GTA San Andreas,5,Gaming news sites,7,Open-world Vice City map,6,2,Yes,64.0,12,Yes,Yes,No,Same,Positive
R101312,24,Male,Africa,PlayStation 5,GTA IV,4,Gaming news sites,7,Open-world Vice City map,6,5,No,63.0,30,No,Yes,No,Increased,Positive
R101313,17,Male,Middle East,Undecided,GTA San Andreas,5,X/Twitter,6,Dual protagonists (Jason & Lucia),6,4,Maybe,89.0,5,No,No,No,Same,Positive
R101314,26,Male,Europe,Undecided,GTA IV,2,X/Twitter,10,Story & narrative depth,9,4,Maybe,85.0,10,No,No,Yes,Increased,Very Positive
R101315,28,Male,Europe,PC,GTA III,8,Official Rockstar trailer,5,Graphics & ray tracing,6,4,Maybe,63.0,12,No,No,No,Increased,Positive
R101316,26,Female,Africa,Xbox Series X/S,GTA V,6,YouTube,9,Story & narrative depth,7,4,Yes,81.0,25,No,No,No,Same,Positive
R101317,26,Female,Middle East,PlayStation 5,GTA V,13,Official Rockstar trailer,15,Dual protagonists (Jason & Lucia),9,4,Yes,73.0,13,Yes,No,No,Same,Very Positive
R101318,22,Male,Latin America,PlayStation 5,GTA V,6,Official Rockstar trailer,13,Dual protagonists (Jason & Lucia),8,3,Yes,67.0,12,No,No,Yes,Increased,Very Positive
R101319,27,Non-binary,North America,PlayStation 5,GTA San Andreas,5,Official Rockstar trailer,13,Dual protagonists (Jason & Lucia),10,2,Yes,98.0,37,No,No,No,Same,Very Positive
R101320,20,Male,North America,Undecided,GTA San Andreas,4,Reddit,6,Open-world Vice City map,7,3,Yes,49.0,16,Yes,Yes,No,Decreased,Positive
R101321,27,Male,Europe,Undecided,Never played GTA,2,Twitch,7,Dual protagonists (Jason & Lucia),7,2,Yes,78.0,13,Yes,No,Yes,Increased,Positive
R101322,29,Male,North America,PlayStation 5,GTA V,9,TikTok,8,Open-world Vice City map,10,4,Yes,111.0,7,Yes,Yes,No,Same,Very Positive
R101323,15,Female,North America,PlayStation 5 Pro,GTA San Andreas,9,X/Twitter,7,Graphics & ray tracing,8,3,Yes,64.0,41,Yes,Yes,No,Same,Very Positive
R101324,24,Male,Latin America,PlayStation 5 Pro,GTA V,4,Reddit,13,Improved police/AI systems,10,3,Yes,95.0,18,Yes,No,Yes,Decreased,Very Positive
R101325,13,Male,Latin America,PlayStation 5,GTA V,6,X/Twitter,10,Deeper character customization,10,4,Yes,82.0,7,No,Yes,No,Increased,Very Positive
R101326,21,Non-binary,North America,PlayStation 5,GTA V,2,Reddit,10,Better driving physics,8,4,No,75.0,22,No,No,Yes,Same,Very Positive
R101327,17,Female,Latin America,PC,GTA V,8,Official Rockstar trailer,12,Open-world Vice City map,10,3,Yes,82.0,21,Yes,No,No,Same,Very Positive
R101328,35,Female,Asia-Pacific,Xbox Series X/S,Red Dead Redemption 2,4,Twitch,6,Graphics & ray tracing,7,1,Yes,79.0,6,No,Yes,No,Same,Positive
R101329,31,Male,Middle East,Undecided,GTA Vice City,3,Reddit,4,Dual protagonists (Jason & Lucia),5,3,No,59.0,46,Yes,Yes,No,Increased,Positive
R101330,13,Male,Asia-Pacific,PlayStation 5,GTA V,4,Official Rockstar trailer,11,Realistic economy & businesses,10,5,Yes,93.0,6,Yes,Yes,Yes,Increased,Very Positive
R101331,21,Male,Middle East,PlayStation 5,GTA V,2,YouTube,8,Better driving physics,7,5,Yes,69.0,16,Yes,Yes,No,Increased,Positive
R101332,25,Male,Asia-Pacific,PC,GTA V,7,TikTok,11,Open-world Vice City map,9,5,Maybe,76.0,35,Yes,No,No,Decreased,Very Positive
R101333,30,Male,Latin America,Xbox Series X/S,GTA V,7,Official Rockstar trailer,7,Online/multiplayer mode,7,4,No,72.0,30,Yes,No,No,Same,Positive
R101334,20,Male,Asia-Pacific,Xbox Series X/S,GTA IV,1,YouTube,6,Better driving physics,4,3,No,64.0,9,Yes,Yes,Yes,Increased,Neutral/Cautious
R101335,26,Male,Africa,PlayStation 5,Red Dead Redemption 2,5,Twitch,7,Improved police/AI systems,8,4,No,87.0,45,Yes,No,No,Decreased,Very Positive
R101336,22,Male,North America,PC,GTA San Andreas,8,Official Rockstar trailer,9,Open-world Vice City map,10,4,Yes,77.0,15,Yes,No,No,Increased,Very Positive
R101337,22,Male,North America,PC,GTA San Andreas,6,Friends,6,Story & narrative depth,6,4,Maybe,74.0,2,Yes,No,Yes,Increased,Positive
R101338,32,Female,North America,PC,GTA V,5,YouTube,8,Dual protagonists (Jason & Lucia),7,4,Yes,83.0,14,Yes,Yes,Yes,Increased,Positive
R101339,17,Male,North America,PC,GTA V,6,Reddit,8,Deeper character customization,9,5,Yes,69.0,5,Yes,No,No,Same,Very Positive
R101340,19,Male,Europe,PlayStation 5,GTA San Andreas,3,Official Rockstar trailer,10,Story & narrative depth,8,5,Yes,75.0,16,No,No,Yes,Same,Very Positive
R101341,16,Male,Middle East,PC,GTA San Andreas,5,Twitch,11,Realistic economy & businesses,10,5,No,91.0,10,Yes,No,No,Increased,Very Positive
R101342,17,Female,Asia-Pacific,PC,GTA V,8,X/Twitter,2,Deeper character customization,6,4,Maybe,67.0,8,No,Yes,No,Increased,Positive
R101343,25,Male,Asia-Pacific,PC,GTA IV,5,Reddit,9,Realistic economy & businesses,5,4,Maybe,63.0,8,No,Yes,No,Increased,Positive
R101344,27,Male,Asia-Pacific,PC,GTA Vice City,6,TikTok,10,Story & narrative depth,7,4,Maybe,64.0,6,Yes,No,Yes,Decreased,Positive
R101345,30,Female,Europe,PC,GTA V,8,Gaming news sites,8,Map size & exploration,6,5,Yes,76.0,27,Yes,No,Yes,Same,Positive
R101346,22,Male,North America,Xbox Series X/S,GTA IV,12,Official Rockstar trailer,12,Improved police/AI systems,10,5,Yes,84.0,42,Yes,No,No,Same,Very Positive
R101347,30,Female,Middle East,Undecided,GTA V,7,Gaming news sites,8,Improved police/AI systems,10,5,Yes,89.0,14,Yes,No,No,Increased,Very Positive
R101348,43,Male,North America,PlayStation 5,GTA San Andreas,5,YouTube,9,Deeper character customization,5,2,Yes,35.0,22,No,Yes,Yes,Same,Positive
R101349,20,Male,Europe,PlayStation 5,GTA V,8,Reddit,10,Better driving physics,9,3,Maybe,79.0,12,Yes,No,Yes,Increased,Very Positive
R101350,24,Male,Asia-Pacific,Xbox Series X/S,GTA V,3,Official Rockstar trailer,7,Open-world Vice City map,8,4,Yes,92.0,18,Yes,No,No,Increased,Very Positive
R101351,19,Female,Europe,PlayStation 5,GTA San Andreas,2,Official Rockstar trailer,13,Open-world Vice City map,10,2,No,90.0,2,Yes,No,No,Increased,Very Positive
R101352,23,Female,Europe,PC,GTA San Andreas,8,YouTube,7,Deeper character customization,5,3,Yes,36.0,13,Yes,Yes,No,Same,Positive
R101353,26,Female,Europe,PC,GTA Vice City,4,X/Twitter,8,Online/multiplayer mode,7,4,Yes,82.0,7,Yes,No,Yes,Increased,Positive
R101354,20,Female,Middle East,PC,GTA San Andreas,4,Reddit,6,Realistic economy & businesses,8,3,Yes,72.0,20,Yes,No,No,Increased,Very Positive
R101355,31,Male,North America,PlayStation 5,GTA IV,5,X/Twitter,9,Dual protagonists (Jason & Lucia),7,5,Yes,75.0,20,No,No,Yes,Increased,Positive
R101356,34,Female,Europe,PlayStation 5,GTA San Andreas,7,YouTube,3,Improved police/AI systems,3,4,No,50.0,3,Yes,No,Yes,Same,Neutral/Cautious
R101357,16,Female,Europe,PlayStation 5,GTA Vice City,7,Gaming news sites,6,Dual protagonists (Jason & Lucia),9,4,Yes,82.0,46,Yes,No,Yes,Same,Very Positive
R101358,31,Male,Asia-Pacific,Xbox Series X/S,GTA V,11,X/Twitter,9,Online/multiplayer mode,5,2,Maybe,54.0,12,Yes,No,No,Increased,Positive
R101359,49,Male,Europe,PC,GTA V,2,Official Rockstar trailer,8,Dual protagonists (Jason & Lucia),9,4,Yes,69.0,17,No,Yes,Yes,Increased,Very Positive
R101360,17,Female,Asia-Pacific,PC,GTA San Andreas,5,YouTube,7,Open-world Vice City map,7,4,No,43.0,2,No,Yes,Yes,Increased,Positive
R101361,37,Male,Latin America,PlayStation 5,GTA V,2,Official Rockstar trailer,6,Story & narrative depth,8,4,Maybe,56.0,27,No,Yes,Yes,Decreased,Very Positive
R101362,39,Male,North America,PC,GTA IV,6,Official Rockstar trailer,6,Online/multiplayer mode,5,4,Maybe,63.0,15,Yes,Yes,No,Increased,Positive
R101363,28,Female,Asia-Pacific,PC,GTA IV,5,YouTube,8,Story & narrative depth,8,3,Yes,79.0,9,No,No,Yes,Decreased,Very Positive
R101364,29,Female,Latin America,PlayStation 5 Pro,GTA V,5,Official Rockstar trailer,5,Map size & exploration,7,5,No,70.0,16,Yes,No,Yes,Same,Positive
R101365,20,Male,Latin America,PC,GTA V,5,X/Twitter,10,Map size & exploration,8,4,Yes,72.0,4,Yes,No,Yes,Increased,Very Positive
R101366,41,Male,North America,PlayStation 5,Never played GTA,8,Reddit,0,Online/multiplayer mode,3,2,Yes,33.0,10,Yes,No,Yes,Same,Neutral/Cautious
R101367,17,Male,Europe,PC,GTA Vice City,8,Official Rockstar trailer,6,Online/multiplayer mode,5,3,Maybe,56.0,2,Yes,Yes,Yes,Increased,Positive
R101368,20,Male,North America,Xbox Series X/S,GTA V,8,Official Rockstar trailer,8,Story & narrative depth,6,3,No,,7,Yes,Yes,No,Same,Positive
R101369,29,Prefer not to say,Latin America,Xbox Series X/S,GTA V,7,X/Twitter,10,Open-world Vice City map,10,5,Yes,,7,No,No,No,Increased,Very Positive
R101370,14,Male,Africa,PlayStation 5,GTA San Andreas,5,X/Twitter,10,Open-world Vice City map,9,5,Yes,70.0,33,No,No,Yes,Same,Very Positive
R101371,29,Male,North America,PlayStation 5,GTA IV,6,Official Rockstar trailer,6,Dual protagonists (Jason & Lucia),6,4,Yes,61.0,14,No,Yes,Yes,Same,Positive
R101372,37,Male,Europe,PlayStation 5,GTA San Andreas,9,YouTube,9,Realistic economy & businesses,6,4,Yes,67.0,5,Yes,No,Yes,Increased,Positive
R101373,28,Male,Europe,PlayStation 5,GTA V,4,Reddit,9,Better driving physics,7,5,No,64.0,27,No,Yes,No,Increased,Positive
R101374,30,Male,North America,Xbox Series X/S,GTA San Andreas,9,TikTok,10,Realistic economy & businesses,10,5,Yes,79.0,48,Yes,No,Yes,Increased,Very Positive
R101375,21,Male,Latin America,PlayStation 5,GTA IV,9,Twitch,13,Better driving physics,9,5,Yes,83.0,17,Yes,No,No,Decreased,Very Positive
R101376,23,Male,Asia-Pacific,PC,GTA V,6,TikTok,10,Dual protagonists (Jason & Lucia),8,4,Yes,60.0,1,Yes,No,No,Same,Very Positive
R101377,24,Male,Europe,Xbox Series X/S,GTA Vice City,1,Gaming news sites,4,Graphics & ray tracing,6,4,No,57.0,18,No,Yes,No,Decreased,Positive
R101378,18,Male,North America,Xbox Series X/S,GTA V,2,YouTube,11,Improved police/AI systems,10,5,Yes,87.0,17,No,No,Yes,Increased,Very Positive
R101379,18,Male,North America,Xbox Series X/S,GTA V,8,Official Rockstar trailer,12,Deeper character customization,6,4,Yes,71.0,9,Yes,No,No,Same,Positive
R101380,23,Male,Europe,PlayStation 5 Pro,GTA Vice City,5,Official Rockstar trailer,6,Realistic economy & businesses,6,5,Yes,71.0,11,Yes,No,Yes,Increased,Positive
R101381,20,Male,North America,PlayStation 5,GTA V,4,Reddit,7,Realistic economy & businesses,10,3,Yes,79.0,23,Yes,No,No,Increased,Very Positive
R101382,29,Prefer not to say,Latin America,Xbox Series X/S,GTA Vice City,12,TikTok,15,Map size & exploration,10,4,Yes,99.0,18,No,No,Yes,Increased,Very Positive
R101383,19,Non-binary,Africa,Xbox Series X/S,GTA V,7,Official Rockstar trailer,12,Online/multiplayer mode,10,2,Yes,94.0,13,Yes,No,Yes,Decreased,Very Positive
R101384,25,Female,Europe,Xbox Series X/S,GTA V,6,X/Twitter,11,Open-world Vice City map,9,4,Yes,86.0,2,Yes,No,No,Decreased,Very Positive
R101385,31,Male,North America,Xbox Series X/S,GTA San Andreas,5,TikTok,12,Story & narrative depth,10,5,Yes,86.0,8,Yes,No,No,Same,Very Positive
R101386,22,Male,North America,Xbox Series X/S,GTA V,4,X/Twitter,10,Map size & exploration,9,4,Maybe,81.0,6,Yes,No,Yes,Increased,Very Positive
R101387,28,Male,Europe,PlayStation 5,GTA San Andreas,3,Official Rockstar trailer,14,Realistic economy & businesses,9,2,Yes,107.0,76,Yes,No,No,Increased,Very Positive
R101388,31,Male,Middle East,PC,GTA V,9,Twitch,11,Dual protagonists (Jason & Lucia),8,5,Yes,107.0,13,Yes,No,Yes,Same,Very Positive
R101389,24,Female,Asia-Pacific,Xbox Series X/S,GTA San Andreas,3,Official Rockstar trailer,7,Dual protagonists (Jason & Lucia),10,5,Yes,83.0,8,No,No,No,Increased,Very Positive
R101390,18,Male,Asia-Pacific,Xbox Series X/S,GTA San Andreas,4,YouTube,10,Story & narrative depth,9,4,No,80.0,18,No,No,Yes,Same,Very Positive
R101391,30,Female,Asia-Pacific,Xbox Series X/S,GTA San Andreas,3,Official Rockstar trailer,6,Better driving physics,6,5,No,41.0,12,Yes,Yes,Yes,Increased,Positive
R101392,24,Male,North America,PlayStation 5,GTA San Andreas,3,Official Rockstar trailer,10,Graphics & ray tracing,9,3,Yes,72.0,10,No,Yes,Yes,Decreased,Very Positive
R101393,18,Female,North America,PC,GTA IV,4,Reddit,5,Open-world Vice City map,5,4,Yes,51.0,8,Yes,Yes,Yes,Increased,Positive
R101394,23,Female,Middle East,PlayStation 5,GTA V,1,YouTube,4,Open-world Vice City map,6,4,No,74.0,26,Yes,No,No,Increased,Positive
R101395,21,Male,Europe,Xbox Series X/S,GTA V,7,YouTube,8,Deeper character customization,10,4,Yes,69.0,13,Yes,No,No,Increased,Very Positive
R101396,13,Male,North America,PlayStation 5,GTA San Andreas,5,Official Rockstar trailer,12,Improved police/AI systems,10,4,Yes,97.0,34,Yes,No,Yes,Decreased,Very Positive
R101397,21,Male,North America,PC,GTA V,5,X/Twitter,15,Better driving physics,10,3,Yes,76.0,13,No,No,No,Same,Very Positive
R101398,27,Male,Africa,PC,GTA San Andreas,5,Official Rockstar trailer,10,Dual protagonists (Jason & Lucia),10,5,Yes,106.0,15,No,Yes,Yes,Increased,Very Positive
R101399,19,Male,Latin America,PlayStation 5,GTA V,7,Reddit,4,Deeper character customization,6,4,Maybe,64.0,12,Yes,Yes,Yes,Same,Positive
R101400,24,Male,Latin America,PC,GTA Vice City,6,YouTube,6,Map size & exploration,7,2,Yes,50.0,3,Yes,Yes,Yes,Increased,Positive
R101401,26,Female,Africa,PlayStation 5,Red Dead Redemption 2,1,Gaming news sites,9,Open-world Vice City map,9,3,Yes,94.0,32,Yes,Yes,Yes,Increased,Very Positive
R101402,20,Male,Latin America,PlayStation 5,GTA Vice City,5,Official Rockstar trailer,8,Realistic economy & businesses,6,2,Yes,58.0,16,Yes,No,Yes,Increased,Positive
R101403,39,Female,North America,PlayStation 5,GTA V,4,YouTube,9,Map size & exploration,5,3,No,63.0,19,Yes,No,Yes,Increased,Positive
R101404,20,Male,Europe,Xbox Series X/S,GTA San Andreas,4,Reddit,11,Dual protagonists (Jason & Lucia),10,4,Yes,86.0,18,Yes,No,No,Increased,Very Positive
R101405,33,Male,North America,Xbox Series X/S,GTA V,4,YouTube,11,Deeper character customization,9,4,Yes,79.0,50,Yes,No,Yes,Same,Very Positive
R101406,36,Male,Europe,Xbox Series X/S,GTA V,8,Reddit,8,Deeper character customization,6,4,No,54.0,14,No,No,No,Increased,Positive
R101407,36,Male,North America,PC,Red Dead Redemption 2,7,X/Twitter,7,Deeper character customization,6,5,No,64.0,14,No,Yes,Yes,Decreased,Positive
R101408,32,Prefer not to say,Europe,PlayStation 5,GTA V,11,TikTok,10,Map size & exploration,10,4,Yes,88.0,35,No,No,No,Same,Very Positive
R101409,33,Male,Africa,PlayStation 5,GTA V,9,Reddit,7,Map size & exploration,5,3,Yes,44.0,29,No,No,Yes,Same,Positive
R101410,18,Male,Europe,PlayStation 5 Pro,GTA III,8,X/Twitter,11,Deeper character customization,10,4,Yes,,32,No,No,Yes,Increased,Very Positive
R101411,40,Male,Asia-Pacific,Xbox Series X/S,Red Dead Redemption 2,10,TikTok,8,Realistic economy & businesses,8,3,Yes,,12,Yes,No,No,Same,Very Positive
R101412,45,Male,Middle East,PC,GTA San Andreas,7,TikTok,7,Open-world Vice City map,7,4,No,75.0,9,No,No,No,Increased,Positive
R101413,39,Male,Europe,PC,GTA V,10,TikTok,11,Better driving physics,6,3,Yes,52.0,5,Yes,Yes,Yes,Decreased,Positive
R101414,22,Female,Europe,PC,GTA IV,6,Official Rockstar trailer,8,Story & narrative depth,4,5,No,34.0,6,Yes,No,No,Same,Neutral/Cautious
R101415,19,Male,Middle East,PlayStation 5,GTA III,0,YouTube,4,Online/multiplayer mode,8,4,Yes,98.0,2,Yes,Yes,Yes,Increased,Very Positive
R101416,20,Male,Latin America,PlayStation 5,GTA San Andreas,7,YouTube,6,Online/multiplayer mode,5,3,Yes,83.0,13,Yes,No,No,Increased,Positive
R101417,26,Prefer not to say,Latin America,PC,GTA V,9,YouTube,10,Dual protagonists (Jason & Lucia),10,3,Yes,94.0,16,No,Yes,No,Increased,Very Positive
R101418,30,Male,Asia-Pacific,PlayStation 5,GTA San Andreas,1,Gaming news sites,3,Map size & exploration,6,4,Maybe,53.0,18,No,Yes,No,Same,Positive
R101419,37,Male,Latin America,PC,GTA San Andreas,4,Reddit,8,Improved police/AI systems,9,2,Yes,86.0,11,No,No,Yes,Same,Very Positive
R101420,21,Male,North America,PlayStation 5 Pro,GTA V,6,Official Rockstar trailer,2,Open-world Vice City map,5,4,Yes,43.0,10,No,Yes,Yes,Increased,Positive
R101421,24,,Asia-Pacific,PlayStation 5 Pro,GTA III,7,Reddit,8,Open-world Vice City map,8,4,No,66.0,24,No,Yes,No,Increased,Very Positive
R101422,29,Female,North America,PC,GTA V,5,YouTube,10,Open-world Vice City map,10,4,Yes,67.0,9,Yes,No,Yes,Increased,Very Positive
R101423,21,Female,Asia-Pacific,PC,Red Dead Redemption 2,8,Official Rockstar trailer,12,Deeper character customization,10,4,Yes,71.0,21,Yes,No,Yes,Same,Very Positive
R101424,26,Male,North America,PlayStation 5,GTA V,12,TikTok,16,Open-world Vice City map,7,5,Yes,77.0,20,No,Yes,No,Increased,Positive
R101425,13,Male,Latin America,PC,GTA San Andreas,3,TikTok,10,Dual protagonists (Jason & Lucia),8,1,No,71.0,11,Yes,No,No,Same,Very Positive
R101426,41,Female,Asia-Pacific,PC,GTA V,7,YouTube,9,Deeper character customization,9,4,Yes,96.0,14,Yes,No,No,Same,Very Positive
R101427,13,Male,Asia-Pacific,Undecided,GTA V,6,Gaming news sites,11,Story & narrative depth,10,4,Yes,88.0,18,Yes,No,Yes,Increased,Very Positive
R101428,21,Male,Asia-Pacific,Xbox Series X/S,Red Dead Redemption 2,1,Twitch,7,Online/multiplayer mode,7,4,Yes,65.0,67,Yes,No,Yes,Increased,Positive
R101429,22,Male,Latin America,Xbox Series X/S,GTA IV,6,Official Rockstar trailer,8,Improved police/AI systems,6,3,Yes,87.0,12,Yes,Yes,Yes,Decreased,Positive
R101430,33,Male,Europe,PlayStation 5,Never played GTA,5,TikTok,6,Dual protagonists (Jason & Lucia),4,5,Maybe,32.0,26,No,No,Yes,Decreased,Neutral/Cautious
R101431,33,Male,Latin America,PlayStation 5,GTA San Andreas,5,Official Rockstar trailer,7,Graphics & ray tracing,6,2,Yes,60.0,8,Yes,No,No,Increased,Positive
R101432,23,Male,Europe,PlayStation 5 Pro,Never played GTA,7,TikTok,10,Deeper character customization,5,3,Maybe,53.0,8,No,Yes,Yes,Increased,Positive
R101433,41,Male,North America,Xbox Series X/S,GTA San Andreas,3,Gaming news sites,14,Map size & exploration,10,5,Yes,106.0,20,No,No,Yes,Same,Very Positive
R101434,34,Male,Asia-Pacific,PC,GTA IV,6,Twitch,11,Dual protagonists (Jason & Lucia),8,2,Yes,66.0,6,Yes,Yes,Yes,Increased,Very Positive
R101435,17,Male,Europe,PlayStation 5 Pro,GTA V,12,YouTube,10,Better driving physics,8,4,Yes,68.0,20,Yes,No,Yes,Increased,Very Positive
R101436,26,Male,Middle East,PlayStation 5,GTA San Andreas,8,Reddit,12,Better driving physics,9,3,No,85.0,23,No,No,No,Same,Very Positive
R101437,37,Male,Latin America,Xbox Series X/S,GTA V,8,Official Rockstar trailer,5,Online/multiplayer mode,7,3,Maybe,48.0,24,Yes,Yes,Yes,Increased,Positive
R101438,16,Male,Europe,PlayStation 5,GTA V,0,Official Rockstar trailer,9,Open-world Vice City map,10,3,Yes,86.0,4,Yes,Yes,Yes,Increased,Very Positive
R101439,21,Female,North America,PC,GTA Vice City,0,TikTok,8,Online/multiplayer mode,10,4,Yes,75.0,19,Yes,No,No,Same,Very Positive
R101440,35,Non-binary,Europe,Xbox Series X/S,GTA IV,3,X/Twitter,7,Dual protagonists (Jason & Lucia),5,2,No,64.0,25,Yes,Yes,No,Increased,Positive
R101441,20,Female,Asia-Pacific,PC,Never played GTA,7,YouTube,5,Story & narrative depth,4,5,No,59.0,16,Yes,No,No,Increased,Neutral/Cautious
R101442,24,Male,Europe,Xbox Series X/S,GTA V,7,YouTube,7,Story & narrative depth,8,4,Yes,52.0,16,Yes,Yes,Yes,Increased,Very Positive
R101443,35,Male,Europe,PlayStation 5,GTA IV,2,Official Rockstar trailer,11,Online/multiplayer mode,9,4,No,87.0,22,No,Yes,Yes,Increased,Very Positive
R101444,36,Non-binary,Europe,PlayStation 5,GTA V,7,YouTube,14,Online/multiplayer mode,10,5,Maybe,71.0,9,Yes,No,Yes,Increased,Very Positive
R101445,24,Male,Asia-Pacific,Xbox Series X/S,GTA IV,6,Twitch,5,Story & narrative depth,3,3,No,32.0,4,No,Yes,No,Increased,Neutral/Cautious
R101446,14,Male,Asia-Pacific,PlayStation 5,GTA Vice City,11,YouTube,11,Better driving physics,10,3,Yes,67.0,3,No,No,Yes,Same,Very Positive
R101447,34,Male,Africa,PC,GTA V,5,Official Rockstar trailer,6,Deeper character customization,8,4,Maybe,54.0,18,Yes,No,No,Increased,Very Positive
R101448,20,Male,North America,PC,GTA V,8,Reddit,6,Dual protagonists (Jason & Lucia),6,4,Yes,59.0,33,No,No,Yes,Same,Positive
R101449,29,Male,Latin America,PC,GTA Vice City,6,Twitch,10,Improved police/AI systems,8,2,Maybe,,21,Yes,No,Yes,Increased,Very Positive
R101450,32,Male,North America,Xbox Series X/S,GTA V,6,TikTok,8,Graphics & ray tracing,8,3,Yes,94.0,26,Yes,Yes,Yes,Same,Very Positive
R101451,36,Female,Europe,Xbox Series X/S,GTA San Andreas,4,X/Twitter,12,Deeper character customization,7,4,Yes,56.0,13,Yes,Yes,Yes,Same,Positive
R101452,38,Male,North America,PlayStation 5,GTA V,9,Twitch,6,Dual protagonists (Jason & Lucia),7,2,Yes,62.0,10,Yes,No,Yes,Increased,Positive
R101453,27,Male,Asia-Pacific,PC,GTA San Andreas,12,Twitch,12,Map size & exploration,8,4,Yes,98.0,2,No,No,No,Same,Very Positive
R101454,32,Male,Europe,Xbox Series X/S,Red Dead Redemption 2,8,Official Rockstar trailer,15,Open-world Vice City map,8,3,Maybe,72.0,24,No,Yes,Yes,Increased,Very Positive
R101455,13,Male,North America,PC,GTA San Andreas,6,Twitch,9,Story & narrative depth,6,2,Maybe,63.0,21,No,Yes,No,Increased,Positive
R101456,19,Male,Europe,Xbox Series X/S,GTA IV,7,YouTube,5,Better driving physics,6,3,Maybe,68.0,24,Yes,No,No,Increased,Positive
R101457,33,Non-binary,Middle East,Xbox Series X/S,GTA V,4,YouTube,7,Map size & exploration,9,2,Yes,98.0,48,No,No,Yes,Increased,Very Positive
R101458,31,Male,North America,PC,GTA V,7,Gaming news sites,7,Graphics & ray tracing,10,5,Yes,81.0,15,Yes,No,Yes,Decreased,Very Positive
R101459,25,Male,Middle East,PlayStation 5 Pro,GTA III,7,Official Rockstar trailer,16,Story & narrative depth,10,3,Maybe,88.0,17,Yes,Yes,Yes,Increased,Very Positive
R101460,17,Female,North America,Xbox Series X/S,GTA V,7,YouTube,10,Better driving physics,9,3,Yes,71.0,26,No,No,No,Increased,Very Positive
R101461,25,Female,Africa,PlayStation 5,GTA San Andreas,4,TikTok,8,Graphics & ray tracing,6,5,Maybe,69.0,3,No,No,Yes,Same,Positive
R101462,23,Male,Asia-Pacific,Xbox Series X/S,GTA V,2,TikTok,13,Dual protagonists (Jason & Lucia),10,5,Yes,84.0,16,Yes,No,Yes,Same,Very Positive
R101463,21,Male,North America,PlayStation 5 Pro,Red Dead Redemption 2,2,Official Rockstar trailer,8,Story & narrative depth,7,4,Yes,74.0,25,Yes,No,No,Same,Positive
R101464,16,Male,North America,Xbox Series X/S,GTA San Andreas,4,Official Rockstar trailer,8,Dual protagonists (Jason & Lucia),8,3,Yes,59.0,12,Yes,No,No,Same,Very Positive
R101465,29,Female,Latin America,Undecided,Red Dead Redemption 2,5,YouTube,7,Online/multiplayer mode,8,3,No,83.0,12,Yes,No,No,Increased,Very Positive
R101466,20,Male,Europe,PlayStation 5 Pro,GTA San Andreas,8,Reddit,6,Improved police/AI systems,5,4,Maybe,70.0,9,Yes,No,No,Decreased,Positive
R101467,33,Male,North America,PlayStation 5,GTA IV,4,YouTube,4,Improved police/AI systems,6,3,No,45.0,35,Yes,Yes,Yes,Same,Positive
R101468,28,Female,Africa,PlayStation 5 Pro,GTA III,4,YouTube,9,Realistic economy & businesses,9,5,Yes,80.0,14,Yes,No,Yes,Increased,Very Positive
R101469,35,Female,Africa,PlayStation 5,GTA III,9,Reddit,0,Better driving physics,2,4,Maybe,41.0,14,Yes,No,Yes,Increased,Neutral/Cautious
R101470,13,Male,Latin America,Xbox Series X/S,GTA Vice City,3,Official Rockstar trailer,9,Deeper character customization,10,4,Yes,85.0,20,Yes,No,No,Decreased,Very Positive
R101471,20,Male,Europe,PlayStation 5,GTA Vice City,6,TikTok,7,Better driving physics,7,3,Yes,64.0,4,Yes,Yes,Yes,Increased,Positive
R101472,33,Male,Europe,Xbox Series X/S,GTA San Andreas,7,Official Rockstar trailer,11,Map size & exploration,6,4,No,59.0,8,Yes,Yes,Yes,Increased,Positive
R101473,23,Male,North America,PlayStation 5,GTA V,7,Twitch,3,Open-world Vice City map,6,2,No,58.0,25,Yes,No,Yes,Same,Positive
R101474,32,Male,Middle East,PlayStation 5,GTA San Andreas,8,Official Rockstar trailer,5,Realistic economy & businesses,6,3,Yes,75.0,8,Yes,No,Yes,Increased,Positive
R101475,23,Male,North America,PC,GTA III,6,Reddit,6,Better driving physics,10,4,Yes,65.0,29,No,Yes,No,Same,Very Positive
R101476,29,Male,Asia-Pacific,Undecided,Red Dead Redemption 2,0,YouTube,8,Deeper character customization,4,5,Yes,60.0,20,Yes,Yes,No,Same,Neutral/Cautious
R101477,26,Male,Asia-Pacific,PlayStation 5 Pro,GTA San Andreas,11,Official Rockstar trailer,13,Story & narrative depth,7,4,Maybe,67.0,2,Yes,No,Yes,Increased,Positive
R101478,27,Male,Europe,Undecided,GTA V,9,X/Twitter,10,Open-world Vice City map,9,3,Yes,57.0,32,Yes,Yes,Yes,Increased,Very Positive
R101479,13,Non-binary,North America,Xbox Series X/S,GTA San Andreas,7,Official Rockstar trailer,7,Map size & exploration,8,5,Yes,76.0,34,Yes,No,No,Increased,Very Positive
R101480,36,Male,Asia-Pacific,PlayStation 5,GTA San Andreas,2,X/Twitter,7,Better driving physics,7,3,Yes,55.0,11,No,No,No,Increased,Positive
R101481,30,Male,North America,PlayStation 5,GTA San Andreas,9,YouTube,8,Better driving physics,8,4,No,62.0,32,No,Yes,Yes,Increased,Very Positive
R101482,33,Male,Europe,PC,GTA IV,8,Official Rockstar trailer,11,Open-world Vice City map,10,3,Maybe,87.0,6,Yes,No,No,Increased,Very Positive
R101483,14,Female,Europe,PlayStation 5,GTA V,7,Official Rockstar trailer,12,Improved police/AI systems,10,3,Yes,,11,No,No,No,Same,Very Positive
R101484,25,Female,Latin America,Xbox Series X/S,GTA Vice City,10,TikTok,8,Story & narrative depth,7,4,Maybe,69.0,22,Yes,Yes,No,Increased,Positive
R101485,40,Male,Asia-Pacific,PlayStation 5,GTA San Andreas,6,TikTok,6,Better driving physics,5,5,Maybe,60.0,9,No,Yes,Yes,Increased,Positive
R101486,16,Male,Europe,PlayStation 5,GTA San Andreas,6,TikTok,11,Realistic economy & businesses,10,2,Yes,84.0,13,No,No,Yes,Increased,Very Positive
R101487,13,Female,North America,Undecided,GTA V,12,X/Twitter,5,Story & narrative depth,4,4,Maybe,53.0,9,No,No,Yes,Increased,Neutral/Cautious
R101488,27,Male,Europe,PC,GTA San Andreas,3,X/Twitter,8,Open-world Vice City map,7,4,No,58.0,22,Yes,Yes,Yes,Increased,Positive
R101489,38,Female,North America,PlayStation 5,GTA V,9,YouTube,10,Dual protagonists (Jason & Lucia),9,5,Yes,87.0,39,No,No,Yes,Same,Very Positive
R101490,28,Female,Asia-Pacific,PlayStation 5,GTA V,6,X/Twitter,10,Open-world Vice City map,9,3,Yes,85.0,11,Yes,No,No,Increased,Very Positive
R101491,29,Male,Europe,PlayStation 5,GTA V,13,Reddit,5,Dual protagonists (Jason & Lucia),6,3,No,77.0,22,Yes,No,No,Increased,Positive
R101492,31,Male,Latin America,Xbox Series X/S,GTA IV,4,TikTok,12,Realistic economy & businesses,8,3,Yes,69.0,18,Yes,No,Yes,Increased,Very Positive
R101493,24,Male,Africa,PlayStation 5 Pro,GTA IV,5,Reddit,12,Map size & exploration,10,1,Maybe,72.0,25,Yes,Yes,No,Decreased,Very Positive
R101494,13,Male,Europe,Xbox Series X/S,GTA IV,11,Reddit,8,Story & narrative depth,10,4,Yes,90.0,9,No,Yes,Yes,Same,Very Positive
R101495,21,Male,Asia-Pacific,Xbox Series X/S,GTA Vice City,2,Twitch,4,Dual protagonists (Jason & Lucia),6,3,Yes,77.0,7,Yes,Yes,Yes,Increased,Positive
R101496,13,Male,North America,PC,GTA San Andreas,5,Official Rockstar trailer,7,Dual protagonists (Jason & Lucia),10,4,Yes,96.0,53,No,No,No,Same,Very Positive
R101497,19,Male,Asia-Pacific,PlayStation 5 Pro,GTA V,9,Official Rockstar trailer,11,Graphics & ray tracing,10,5,Yes,92.0,9,Yes,No,Yes,Same,Very Positive
R101498,37,Male,North America,PlayStation 5,Never played GTA,8,YouTube,10,Open-world Vice City map,6,5,Maybe,62.0,15,Yes,Yes,Yes,Decreased,Positive
R101499,29,Male,North America,PlayStation 5,GTA V,7,YouTube,11,Map size & exploration,5,4,Yes,63.0,9,Yes,Yes,Yes,Same,Positive
R101500,29,Non-binary,Asia-Pacific,PlayStation 5,GTA V,6,Twitch,6,Graphics & ray tracing,7,3,Yes,72.0,6,Yes,No,Yes,Same,Positive
R101501,25,Non-binary,Europe,PC,Never played GTA,6,YouTube,1,Improved police/AI systems,2,4,Maybe,37.0,12,Yes,No,Yes,Increased,Neutral/Cautious
R101502,26,Male,Latin America,PC,GTA San Andreas,4,Twitch,6,Better driving physics,9,4,Yes,79.0,26,No,No,Yes,Increased,Very Positive
R101503,36,Male,Asia-Pacific,Xbox Series X/S,GTA V,4,Official Rockstar trailer,6,Story & narrative depth,6,5,No,67.0,6,Yes,No,No,Same,Positive
R101504,28,Non-binary,North America,PlayStation 5,Red Dead Redemption 2,0,X/Twitter,10,Realistic economy & businesses,8,4,No,66.0,19,Yes,Yes,No,Decreased,Very Positive
R101505,15,Male,Europe,Xbox Series X/S,GTA IV,5,Official Rockstar trailer,7,Realistic economy & businesses,8,2,Yes,55.0,14,Yes,No,Yes,Increased,Very Positive
R101506,34,Female,Europe,PC,GTA IV,8,YouTube,6,Dual protagonists (Jason & Lucia),8,4,Yes,53.0,7,Yes,Yes,Yes,Same,Very Positive
R101507,19,Male,North America,Xbox Series X/S,Red Dead Redemption 2,4,Reddit,11,Online/multiplayer mode,10,5,Yes,91.0,20,No,No,No,Same,Very Positive
R101508,41,Female,Middle East,Undecided,GTA V,0,X/Twitter,7,Improved police/AI systems,7,4,Yes,64.0,6,Yes,Yes,Yes,Increased,Positive
R101509,13,Female,North America,Xbox Series X/S,Red Dead Redemption 2,1,Friends,9,Dual protagonists (Jason & Lucia),10,4,Yes,101.0,8,No,No,Yes,Increased,Very Positive
R101510,38,Male,Africa,PlayStation 5,GTA IV,3,Reddit,3,Improved police/AI systems,5,3,No,45.0,8,No,Yes,No,Increased,Positive
R101511,13,Male,North America,PlayStation 5 Pro,Red Dead Redemption 2,11,Official Rockstar trailer,8,Story & narrative depth,8,4,Yes,58.0,10,Yes,Yes,No,Increased,Very Positive
R101512,25,Male,Middle East,Xbox Series X/S,Red Dead Redemption 2,3,TikTok,7,Better driving physics,8,4,Yes,,13,Yes,No,Yes,Decreased,Very Positive
R101513,13,Female,Asia-Pacific,Xbox Series X/S,GTA V,7,YouTube,11,Open-world Vice City map,8,3,Maybe,82.0,14,Yes,No,No,Increased,Very Positive
R101514,26,Male,Europe,PC,GTA V,1,TikTok,10,Online/multiplayer mode,9,5,Yes,72.0,16,Yes,No,No,Increased,Very Positive
R101515,37,Female,Latin America,PC,GTA San Andreas,8,Official Rockstar trailer,3,Open-world Vice City map,4,5,Maybe,68.0,8,Yes,Yes,Yes,Same,Neutral/Cautious
R101516,25,Female,Asia-Pacific,PlayStation 5,GTA Vice City,3,TikTok,7,Dual protagonists (Jason & Lucia),7,4,Maybe,58.0,21,Yes,No,Yes,Increased,Positive
R101517,28,Male,Europe,PlayStation 5,GTA V,10,TikTok,8,Deeper character customization,8,5,Yes,87.0,2,No,No,Yes,Same,Very Positive
R101518,33,Male,Asia-Pacific,PC,GTA V,11,Official Rockstar trailer,10,Story & narrative depth,8,3,Yes,60.0,7,No,No,No,Increased,Very Positive
R101519,28,Male,Latin America,Xbox Series X/S,Never played GTA,8,YouTube,4,Improved police/AI systems,6,3,No,56.0,3,Yes,No,Yes,Increased,Positive
R101520,28,Male,Europe,PC,GTA V,4,X/Twitter,12,Better driving physics,10,5,Yes,112.0,31,Yes,No,No,Increased,Very Positive
R101521,24,Female,Latin America,Undecided,GTA V,8,YouTube,7,Story & narrative depth,8,1,Yes,30.0,19,No,Yes,Yes,Same,Very Positive
R101522,19,Male,North America,PC,GTA San Andreas,7,X/Twitter,11,Realistic economy & businesses,8,5,Yes,84.0,17,Yes,No,Yes,Same,Very Positive
R101523,16,Non-binary,Asia-Pacific,PlayStation 5 Pro,GTA IV,5,TikTok,8,Realistic economy & businesses,8,4,Yes,63.0,9,Yes,Yes,No,Decreased,Very Positive
R101524,21,Male,Europe,Xbox Series X/S,Red Dead Redemption 2,10,Reddit,11,Open-world Vice City map,7,4,Yes,60.0,7,Yes,No,Yes,Same,Positive
R101525,27,Male,North America,Xbox Series X/S,GTA Vice City,4,X/Twitter,12,Story & narrative depth,7,5,Yes,77.0,6,Yes,No,No,Decreased,Positive
R101526,33,Male,Asia-Pacific,PlayStation 5 Pro,GTA San Andreas,10,YouTube,5,Deeper character customization,7,4,Yes,69.0,12,No,Yes,Yes,Decreased,Positive
R101527,13,Male,North America,PlayStation 5,GTA Vice City,1,X/Twitter,6,Better driving physics,6,4,No,55.0,11,Yes,Yes,No,Increased,Positive
R101528,30,Male,North America,PlayStation 5,Never played GTA,8,Official Rockstar trailer,10,Open-world Vice City map,7,4,Yes,72.0,13,Yes,Yes,Yes,Same,Positive
R101529,32,Male,North America,PC,GTA IV,5,Reddit,8,Online/multiplayer mode,9,3,No,92.0,30,Yes,No,Yes,Increased,Very Positive
R101530,27,Male,Asia-Pacific,PC,GTA IV,9,Reddit,6,Realistic economy & businesses,6,5,Yes,65.0,6,Yes,Yes,No,Increased,Positive
R101531,25,Male,Middle East,PlayStation 5,GTA San Andreas,13,YouTube,11,Graphics & ray tracing,8,4,Yes,83.0,24,No,Yes,Yes,Decreased,Very Positive
R101532,21,Male,Latin America,Xbox Series X/S,GTA V,11,Official Rockstar trailer,7,Open-world Vice City map,7,4,Maybe,76.0,26,No,No,No,Increased,Positive
R101533,29,Male,Europe,PlayStation 5 Pro,GTA V,10,Gaming news sites,9,Open-world Vice City map,9,5,Yes,78.0,19,No,No,No,Same,Very Positive
R101534,21,Male,North America,Xbox Series X/S,GTA San Andreas,6,YouTube,12,Online/multiplayer mode,10,4,Yes,90.0,19,Yes,No,No,Decreased,Very Positive
R101535,29,Female,Europe,PC,GTA IV,7,TikTok,7,Dual protagonists (Jason & Lucia),6,4,No,74.0,25,No,No,No,Same,Positive
R101536,22,Male,North America,PlayStation 5,GTA V,5,Official Rockstar trailer,6,Online/multiplayer mode,6,5,No,62.0,18,No,Yes,No,Same,Positive
R101537,37,Male,North America,Xbox Series X/S,Never played GTA,9,Twitch,9,Online/multiplayer mode,6,4,Maybe,56.0,8,Yes,Yes,No,Same,Positive
R101538,35,Male,Latin America,PC,GTA IV,4,Official Rockstar trailer,9,Open-world Vice City map,6,3,Maybe,53.0,4,Yes,Yes,No,Increased,Positive
R101539,23,Female,Africa,Xbox Series X/S,Red Dead Redemption 2,5,Official Rockstar trailer,9,Dual protagonists (Jason & Lucia),8,2,Maybe,63.0,14,Yes,Yes,No,Increased,Very Positive
R101540,29,Female,Asia-Pacific,PlayStation 5,GTA V,10,Official Rockstar trailer,10,Better driving physics,10,5,Yes,90.0,16,Yes,No,Yes,Increased,Very Positive
R101541,19,Male,Latin America,PlayStation 5,GTA V,4,YouTube,15,Graphics & ray tracing,8,4,Yes,74.0,17,Yes,No,Yes,Increased,Very Positive
R101542,31,Male,Europe,Xbox Series X/S,GTA IV,7,Official Rockstar trailer,14,Graphics & ray tracing,9,3,Yes,91.0,5,Yes,No,Yes,Increased,Very Positive
R101543,29,Male,North America,PlayStation 5,GTA IV,5,TikTok,4,Open-world Vice City map,5,4,Yes,37.0,20,No,No,No,Decreased,Positive
R101544,19,Male,Europe,Xbox Series X/S,GTA V,6,YouTube,13,Online/multiplayer mode,10,4,Yes,89.0,9,Yes,No,No,Same,Very Positive
R101545,35,Male,Asia-Pacific,Xbox Series X/S,Red Dead Redemption 2,6,Official Rockstar trailer,8,Better driving physics,10,3,Yes,76.0,7,No,No,No,Decreased,Very Positive
R101546,35,Male,North America,Xbox Series X/S,GTA III,8,YouTube,12,Story & narrative depth,7,4,Yes,50.0,15,No,Yes,Yes,Increased,Positive
R101547,14,Male,North America,PlayStation 5,GTA IV,2,Official Rockstar trailer,8,Improved police/AI systems,5,3,No,55.0,17,No,No,Yes,Increased,Positive
R101548,26,Male,Europe,PlayStation 5,GTA Vice City,6,Official Rockstar trailer,7,Map size & exploration,9,2,No,86.0,13,No,No,Yes,Increased,Very Positive
R101549,13,Male,Europe,Xbox Series X/S,GTA San Andreas,5,Reddit,11,Dual protagonists (Jason & Lucia),10,3,Yes,86.0,6,Yes,No,Yes,Same,Very Positive
R101550,25,Male,Middle East,PC,GTA San Andreas,5,Official Rockstar trailer,8,Map size & exploration,10,3,Yes,98.0,14,No,No,Yes,Increased,Very Positive
R101551,26,Male,Asia-Pacific,PlayStation 5,GTA IV,0,Official Rockstar trailer,15,Deeper character customization,8,4,Maybe,83.0,10,No,No,Yes,Increased,Very Positive
R101552,13,Non-binary,Europe,Undecided,GTA San Andreas,3,Gaming news sites,7,Deeper character customization,8,4,Maybe,76.0,22,No,No,No,Same,Very Positive
R101553,29,Male,North America,Xbox Series X/S,GTA V,8,Gaming news sites,9,Open-world Vice City map,10,5,Yes,89.0,16,Yes,No,No,Same,Very Positive
R101554,32,Male,Asia-Pacific,Xbox Series X/S,GTA V,10,Official Rockstar trailer,12,Better driving physics,8,5,Yes,74.0,27,Yes,No,No,Same,Very Positive
R101555,23,Male,North America,PC,GTA San Andreas,4,TikTok,13,Story & narrative depth,7,4,No,78.0,32,Yes,Yes,Yes,Decreased,Positive
R101556,29,Male,North America,PlayStation 5,Red Dead Redemption 2,4,Official Rockstar trailer,6,Map size & exploration,5,3,Yes,54.0,21,Yes,Yes,Yes,Same,Positive
R101557,37,Female,North America,PlayStation 5 Pro,GTA IV,8,X/Twitter,7,Dual protagonists (Jason & Lucia),5,3,No,78.0,10,Yes,No,Yes,Increased,Positive
R101558,34,Female,North America,PC,GTA Vice City,2,YouTube,9,Graphics & ray tracing,5,4,Maybe,53.0,10,Yes,No,No,Same,Positive
R101559,26,Male,Asia-Pacific,PC,Red Dead Redemption 2,8,Official Rockstar trailer,3,Map size & exploration,4,4,Yes,20.0,6,Yes,Yes,Yes,Same,Neutral/Cautious
R101560,27,Non-binary,Latin America,PlayStation 5,GTA V,9,Reddit,10,Open-world Vice City map,7,3,Yes,56.0,4,Yes,Yes,Yes,Increased,Positive
R101561,25,Male,North America,PlayStation 5,GTA IV,6,Gaming news sites,3,Better driving physics,7,4,No,67.0,6,Yes,Yes,Yes,Increased,Positive
R101562,26,Male,Latin America,Xbox Series X/S,GTA V,7,Official Rockstar trailer,13,Open-world Vice City map,8,2,Yes,79.0,24,Yes,No,No,Same,Very Positive
R101563,35,Female,Asia-Pacific,Xbox Series X/S,GTA V,4,Gaming news sites,11,Story & narrative depth,10,3,Yes,58.0,5,No,No,No,Increased,Very Positive
R101564,24,Male,Latin America,PlayStation 5 Pro,GTA V,3,Official Rockstar trailer,12,Dual protagonists (Jason & Lucia),10,5,Yes,77.0,13,No,No,Yes,Increased,Very Positive
R101565,23,,Asia-Pacific,PC,GTA San Andreas,3,Twitch,11,Improved police/AI systems,8,4,Yes,68.0,8,Yes,Yes,Yes,Increased,Very Positive
R101566,13,Male,Latin America,PC,GTA V,3,X/Twitter,9,Dual protagonists (Jason & Lucia),8,5,No,83.0,49,No,No,Yes,Same,Very Positive
R101567,34,Male,Europe,Xbox Series X/S,GTA Vice City,6,YouTube,9,Deeper character customization,7,3,Yes,70.0,23,No,Yes,Yes,Increased,Positive
R101568,41,Male,Africa,PC,GTA V,4,Gaming news sites,12,Graphics & ray tracing,10,5,Yes,74.0,20,Yes,No,No,Increased,Very Positive
R101569,27,Male,Asia-Pacific,Xbox Series X/S,GTA V,4,Gaming news sites,10,Graphics & ray tracing,10,4,Yes,84.0,9,Yes,No,No,Increased,Very Positive
R101570,28,Male,Europe,PC,Red Dead Redemption 2,6,Reddit,10,Improved police/AI systems,10,3,Yes,75.0,12,No,No,No,Increased,Very Positive
R101571,34,Male,Latin America,PlayStation 5,GTA IV,2,TikTok,11,Realistic economy & businesses,9,4,Maybe,60.0,6,Yes,No,Yes,Increased,Very Positive
R101572,32,Male,Europe,PC,GTA San Andreas,7,Official Rockstar trailer,12,Story & narrative depth,10,2,Yes,89.0,12,Yes,Yes,Yes,Increased,Very Positive
R101573,22,Male,Asia-Pacific,PC,GTA San Andreas,9,Friends,9,Open-world Vice City map,8,3,No,68.0,5,No,Yes,Yes,Same,Very Positive
R101574,34,Male,North America,PlayStation 5,GTA San Andreas,9,Twitch,8,Better driving physics,5,3,Maybe,67.0,24,Yes,No,No,Decreased,Positive
R101575,28,Non-binary,Europe,PlayStation 5 Pro,GTA V,8,Gaming news sites,7,Online/multiplayer mode,8,5,Yes,79.0,20,Yes,No,Yes,Same,Very Positive
R101576,23,Male,Latin America,PC,GTA V,8,Friends,13,Open-world Vice City map,10,5,Yes,71.0,12,Yes,No,Yes,Same,Very Positive
R101577,26,Male,Europe,PlayStation 5,GTA IV,7,X/Twitter,15,Graphics & ray tracing,9,3,Yes,49.0,14,Yes,Yes,Yes,Same,Very Positive
R101578,22,Male,Asia-Pacific,PC,GTA San Andreas,5,YouTube,10,Graphics & ray tracing,8,3,Yes,33.0,25,Yes,No,Yes,Increased,Very Positive
R101579,27,Male,Europe,PC,GTA IV,0,Official Rockstar trailer,7,Story & narrative depth,10,5,Yes,91.0,35,Yes,Yes,Yes,Same,Very Positive
R101580,34,Male,North America,PlayStation 5,GTA V,7,Official Rockstar trailer,13,Dual protagonists (Jason & Lucia),10,3,Yes,74.0,25,No,No,No,Same,Very Positive
R101581,20,Female,North America,Xbox Series X/S,GTA San Andreas,7,Friends,8,Dual protagonists (Jason & Lucia),10,4,Yes,108.0,35,Yes,No,No,Same,Very Positive
R101582,20,Male,Europe,Xbox Series X/S,GTA V,9,Official Rockstar trailer,12,Story & narrative depth,8,4,Yes,65.0,35,Yes,No,Yes,Decreased,Very Positive
R101583,17,Female,Latin America,PC,GTA V,5,TikTok,11,Deeper character customization,10,4,Yes,69.0,35,No,Yes,No,Increased,Very Positive
R101584,25,Female,Latin America,PlayStation 5,Red Dead Redemption 2,5,Gaming news sites,9,Online/multiplayer mode,9,5,Maybe,63.0,3,No,No,No,Same,Very Positive
R101585,14,Male,Europe,PC,GTA IV,6,Official Rockstar trailer,12,Dual protagonists (Jason & Lucia),8,5,Yes,73.0,3,No,No,Yes,Same,Very Positive
R101586,25,Female,Asia-Pacific,PC,GTA San Andreas,10,Friends,11,Online/multiplayer mode,9,2,Yes,,6,No,No,No,Increased,Very Positive
R101587,23,Male,North America,Xbox Series X/S,GTA Vice City,5,Gaming news sites,10,Open-world Vice City map,10,5,Yes,55.0,20,Yes,Yes,Yes,Increased,Very Positive
R101588,33,Male,North America,Xbox Series X/S,GTA Vice City,4,TikTok,11,Graphics & ray tracing,7,4,Yes,60.0,52,Yes,No,Yes,Increased,Positive
R101589,29,Male,Europe,PlayStation 5,GTA V,6,X/Twitter,9,Deeper character customization,9,3,Yes,80.0,16,Yes,No,No,Same,Very Positive
R101590,23,Female,Asia-Pacific,PlayStation 5,GTA Vice City,7,Official Rockstar trailer,6,Online/multiplayer mode,8,3,Yes,77.0,10,Yes,No,Yes,Same,Very Positive
R101591,15,Male,North America,PlayStation 5,GTA IV,3,Twitch,10,Dual protagonists (Jason & Lucia),7,4,Yes,68.0,15,Yes,Yes,Yes,Same,Positive
R101592,34,Male,Europe,Xbox Series X/S,GTA Vice City,7,YouTube,7,Better driving physics,7,5,Maybe,61.0,20,No,Yes,No,Same,Positive
R101593,20,Male,Europe,PC,GTA V,5,YouTube,11,Realistic economy & businesses,10,5,Maybe,89.0,13,Yes,No,Yes,Increased,Very Positive
R101594,22,Male,Middle East,PC,GTA San Andreas,3,YouTube,9,Realistic economy & businesses,7,4,Maybe,54.0,6,Yes,No,Yes,Increased,Positive
R101595,35,Male,Latin America,Xbox Series X/S,GTA San Andreas,3,YouTube,9,Realistic economy & businesses,7,5,Yes,56.0,9,Yes,No,Yes,Decreased,Positive
R101596,34,Male,Europe,PC,Red Dead Redemption 2,8,X/Twitter,10,Deeper character customization,9,5,Yes,63.0,6,No,Yes,Yes,Same,Very Positive
R101597,34,Male,Europe,PlayStation 5,GTA V,10,Official Rockstar trailer,10,Dual protagonists (Jason & Lucia),10,5,Yes,81.0,13,Yes,Yes,No,Decreased,Very Positive
R101598,14,Male,North America,Xbox Series X/S,GTA V,2,Official Rockstar trailer,9,Better driving physics,8,4,Yes,63.0,39,Yes,No,Yes,Decreased,Very Positive
R101599,13,Male,North America,PlayStation 5,GTA V,7,YouTube,7,Deeper character customization,8,4,Yes,80.0,9,No,Yes,Yes,Same,Very Positive
R101600,22,Female,Europe,Xbox Series X/S,GTA V,8,Reddit,8,Dual protagonists (Jason & Lucia),6,4,Maybe,81.0,20,No,No,No,Increased,Positive
R101601,31,Male,Europe,Xbox Series X/S,GTA IV,4,Twitch,6,Open-world Vice City map,7,3,Yes,68.0,42,No,Yes,Yes,Decreased,Positive
R101602,20,Female,Latin America,PC,GTA IV,8,YouTube,7,Realistic economy & businesses,8,2,Maybe,66.0,12,Yes,Yes,No,Increased,Very Positive
R101603,28,Female,Middle East,Xbox Series X/S,GTA V,7,Twitch,5,Dual protagonists (Jason & Lucia),5,5,No,73.0,8,No,Yes,Yes,Increased,Positive
R101604,17,Female,North America,Undecided,GTA San Andreas,1,Official Rockstar trailer,5,Dual protagonists (Jason & Lucia),8,4,Maybe,39.0,14,Yes,Yes,Yes,Same,Very Positive
R101605,38,Non-binary,Latin America,Xbox Series X/S,Never played GTA,4,TikTok,9,Map size & exploration,6,5,Maybe,,13,Yes,Yes,Yes,Increased,Positive
R101606,20,Female,North America,Undecided,GTA V,6,Reddit,10,Deeper character customization,8,4,Yes,86.0,24,Yes,No,No,Same,Very Positive
R101607,22,Male,North America,Undecided,Red Dead Redemption 2,5,X/Twitter,9,Open-world Vice City map,10,2,Yes,75.0,17,Yes,Yes,No,Increased,Very Positive
R101608,28,Male,North America,PlayStation 5,GTA V,2,YouTube,15,Realistic economy & businesses,8,4,No,60.0,24,No,Yes,No,Same,Very Positive
R101609,21,Male,Middle East,PlayStation 5,Red Dead Redemption 2,4,Official Rockstar trailer,11,Deeper character customization,10,4,Yes,96.0,8,Yes,No,Yes,Decreased,Very Positive
R101610,29,Male,Asia-Pacific,PC,GTA V,8,YouTube,9,Open-world Vice City map,6,4,Yes,84.0,10,Yes,No,No,Increased,Positive
R101611,26,Male,Middle East,PlayStation 5,GTA V,4,Twitch,11,Better driving physics,9,4,Yes,72.0,13,Yes,No,Yes,Same,Very Positive
R101612,36,Male,Asia-Pacific,Xbox Series X/S,GTA IV,5,YouTube,13,Realistic economy & businesses,9,5,Yes,62.0,18,No,Yes,Yes,Same,Very Positive
R101613,38,Male,Europe,PlayStation 5,GTA Vice City,6,Gaming news sites,7,Better driving physics,6,4,Yes,65.0,23,Yes,Yes,Yes,Increased,Positive
R101614,40,Male,Latin America,PC,GTA San Andreas,6,Gaming news sites,12,Story & narrative depth,9,4,Yes,85.0,16,No,No,Yes,Same,Very Positive
R101615,38,Male,Asia-Pacific,Xbox Series X/S,Red Dead Redemption 2,5,YouTube,11,Story & narrative depth,6,3,No,70.0,10,Yes,No,No,Same,Positive
R101616,36,Male,Europe,PlayStation 5,GTA V,9,YouTube,13,Better driving physics,10,4,Yes,104.0,5,No,No,No,Increased,Very Positive
R101617,31,Male,Asia-Pacific,PC,Red Dead Redemption 2,7,TikTok,12,Realistic economy & businesses,9,3,Yes,86.0,33,No,No,Yes,Increased,Very Positive
R101618,16,Male,Europe,PlayStation 5,GTA V,5,Official Rockstar trailer,8,Deeper character customization,9,5,Yes,102.0,21,Yes,Yes,No,Same,Very Positive
R101619,20,Male,Middle East,PlayStation 5,GTA V,3,Reddit,5,Graphics & ray tracing,4,4,No,40.0,8,No,Yes,Yes,Decreased,Neutral/Cautious
R101620,24,Male,Europe,PlayStation 5 Pro,GTA V,4,X/Twitter,8,Story & narrative depth,8,4,Yes,74.0,22,Yes,No,Yes,Decreased,Very Positive
R101621,26,Male,North America,PC,GTA IV,5,X/Twitter,7,Open-world Vice City map,6,4,Yes,55.0,10,No,No,Yes,Same,Positive
R101622,20,Female,North America,PC,GTA San Andreas,5,Reddit,6,Dual protagonists (Jason & Lucia),7,5,Yes,86.0,28,Yes,Yes,No,Same,Positive
R101623,25,Male,North America,PlayStation 5,GTA V,4,Official Rockstar trailer,11,Open-world Vice City map,9,3,Maybe,47.0,15,No,Yes,No,Increased,Very Positive
R101624,24,Male,North America,PC,GTA V,4,YouTube,10,Online/multiplayer mode,7,4,Yes,57.0,21,Yes,Yes,Yes,Increased,Positive
R101625,19,Male,North America,Xbox Series X/S,GTA V,8,TikTok,13,Dual protagonists (Jason & Lucia),10,5,Yes,101.0,47,No,Yes,No,Decreased,Very Positive
R101626,19,,North America,Xbox Series X/S,GTA IV,3,Friends,11,Map size & exploration,7,4,Yes,58.0,20,Yes,No,No,Decreased,Positive
R101627,20,Female,Africa,Undecided,GTA Vice City,5,Official Rockstar trailer,10,Improved police/AI systems,8,4,Yes,61.0,17,Yes,Yes,No,Decreased,Very Positive
R101628,26,Male,Asia-Pacific,Xbox Series X/S,GTA V,3,Friends,9,Better driving physics,6,4,Yes,75.0,7,No,No,Yes,Same,Positive
R101629,13,Male,Asia-Pacific,Xbox Series X/S,GTA Vice City,3,Reddit,6,Story & narrative depth,4,2,Maybe,35.0,17,Yes,No,No,Increased,Neutral/Cautious
R101630,31,Female,Africa,PC,GTA V,6,Reddit,8,Story & narrative depth,7,2,Yes,61.0,14,Yes,No,Yes,Same,Positive
R101631,20,Male,Asia-Pacific,PlayStation 5,GTA V,10,Twitch,11,Online/multiplayer mode,9,3,Yes,88.0,9,Yes,No,No,Increased,Very Positive
R101632,22,Male,North America,PlayStation 5,GTA San Andreas,6,Reddit,8,Improved police/AI systems,8,4,Yes,91.0,16,Yes,No,Yes,Increased,Very Positive
R101633,17,Male,Europe,Xbox Series X/S,GTA Vice City,7,Official Rockstar trailer,8,Online/multiplayer mode,8,5,Yes,55.0,53,Yes,Yes,No,Increased,Very Positive
R101634,31,Male,Europe,Xbox Series X/S,GTA V,5,Friends,9,Open-world Vice City map,9,3,No,76.0,28,Yes,No,No,Same,Very Positive
R101635,13,Male,Latin America,PC,GTA San Andreas,6,YouTube,9,Story & narrative depth,9,5,Yes,86.0,13,Yes,No,No,Increased,Very Positive
R101636,38,Male,Europe,PlayStation 5 Pro,GTA V,8,YouTube,6,Deeper character customization,9,3,Yes,100.0,5,Yes,No,No,Same,Very Positive
R101637,25,Male,Europe,PlayStation 5 Pro,GTA San Andreas,4,YouTube,15,Realistic economy & businesses,7,3,Yes,45.0,26,No,No,Yes,Increased,Positive
R101638,30,Female,Latin America,PlayStation 5,Never played GTA,5,Twitch,4,Improved police/AI systems,5,3,Yes,,30,Yes,No,No,Increased,Positive
R101639,18,Male,Europe,PC,GTA V,4,Official Rockstar trailer,8,Online/multiplayer mode,8,3,Yes,83.0,36,No,No,Yes,Increased,Very Positive
R101640,14,Female,Europe,Xbox Series X/S,GTA V,10,Official Rockstar trailer,11,Dual protagonists (Jason & Lucia),10,4,Yes,95.0,22,No,Yes,Yes,Same,Very Positive
R101641,38,Male,North America,PC,GTA V,5,Official Rockstar trailer,5,Open-world Vice City map,6,4,No,48.0,22,No,No,No,Increased,Positive
R101642,37,Female,Latin America,PlayStation 5,Red Dead Redemption 2,9,TikTok,11,Dual protagonists (Jason & Lucia),9,3,Yes,80.0,11,No,No,No,Increased,Very Positive
R101643,14,Male,Europe,PlayStation 5,GTA V,6,YouTube,11,Dual protagonists (Jason & Lucia),9,4,Yes,88.0,12,Yes,No,No,Same,Very Positive
R101644,27,Prefer not to say,Latin America,PC,GTA San Andreas,5,Official Rockstar trailer,16,Online/multiplayer mode,10,3,Yes,64.0,13,Yes,Yes,Yes,Decreased,Very Positive
R101645,13,,Latin America,PlayStation 5,GTA V,4,X/Twitter,11,Map size & exploration,10,4,Yes,102.0,11,Yes,No,No,Same,Very Positive
R101646,25,Male,North America,PlayStation 5,GTA IV,7,Reddit,9,Better driving physics,8,4,Yes,97.0,2,Yes,No,Yes,Same,Very Positive
R101647,35,Male,North America,PlayStation 5,GTA IV,10,TikTok,6,Open-world Vice City map,5,5,Yes,41.0,5,Yes,Yes,Yes,Increased,Positive
R101648,24,Male,Latin America,Xbox Series X/S,GTA V,7,Reddit,10,Better driving physics,6,5,Yes,72.0,6,No,No,Yes,Increased,Positive
R101649,31,Prefer not to say,North America,PlayStation 5,Red Dead Redemption 2,8,YouTube,5,Online/multiplayer mode,8,4,Yes,59.0,9,No,No,Yes,Decreased,Very Positive
R101650,32,Male,North America,PC,GTA San Andreas,2,TikTok,6,Open-world Vice City map,6,3,No,76.0,27,Yes,Yes,Yes,Increased,Positive
R101651,22,Male,Europe,Xbox Series X/S,GTA V,4,YouTube,8,Online/multiplayer mode,9,3,Maybe,80.0,20,Yes,No,No,Increased,Very Positive
R101652,41,Male,Asia-Pacific,PlayStation 5,GTA V,5,Twitch,10,Realistic economy & businesses,9,4,No,102.0,13,Yes,No,No,Same,Very Positive
R101653,20,Male,North America,Xbox Series X/S,GTA IV,0,Gaming news sites,15,Map size & exploration,9,3,Yes,84.0,3,No,No,No,Decreased,Very Positive
R101654,33,Male,Asia-Pacific,PC,Red Dead Redemption 2,5,Official Rockstar trailer,6,Improved police/AI systems,5,2,Maybe,46.0,10,Yes,No,Yes,Same,Positive
R101655,23,Female,Europe,PC,GTA III,8,X/Twitter,17,Map size & exploration,10,4,Yes,115.0,7,Yes,No,No,Same,Very Positive
R101656,25,Male,Europe,PlayStation 5,GTA Vice City,6,Twitch,11,Online/multiplayer mode,9,3,Yes,78.0,14,Yes,No,No,Increased,Very Positive
R101657,31,Male,Asia-Pacific,PC,GTA V,7,Reddit,17,Online/multiplayer mode,10,3,Yes,77.0,27,No,No,No,Decreased,Very Positive
R101658,28,Male,Asia-Pacific,PC,GTA San Andreas,3,Twitch,11,Story & narrative depth,8,5,Maybe,78.0,20,No,No,Yes,Same,Very Positive
R101659,20,Male,Europe,PlayStation 5,GTA V,3,TikTok,10,Dual protagonists (Jason & Lucia),9,5,Yes,57.0,3,Yes,Yes,No,Increased,Very Positive
R101660,34,Male,Middle East,PlayStation 5,GTA IV,9,TikTok,14,Story & narrative depth,8,4,No,87.0,3,No,Yes,No,Increased,Very Positive
R101661,36,Female,Middle East,PC,GTA V,6,X/Twitter,2,Graphics & ray tracing,6,3,Maybe,54.0,9,No,Yes,Yes,Same,Positive
R101662,13,Male,Europe,Xbox Series X/S,GTA III,10,YouTube,7,Better driving physics,5,5,No,50.0,10,Yes,No,No,Increased,Positive
R101663,32,Female,Middle East,Xbox Series X/S,GTA San Andreas,6,Official Rockstar trailer,12,Story & narrative depth,10,3,Yes,97.0,20,Yes,Yes,No,Same,Very Positive
R101664,17,Male,Asia-Pacific,PlayStation 5,GTA IV,3,Official Rockstar trailer,5,Graphics & ray tracing,5,3,Yes,63.0,6,Yes,Yes,No,Increased,Positive
R101665,35,Male,Africa,PC,GTA V,5,X/Twitter,8,Dual protagonists (Jason & Lucia),8,2,Yes,64.0,32,Yes,Yes,No,Same,Very Positive
R101666,31,Male,Latin America,PlayStation 5,GTA V,0,YouTube,10,Improved police/AI systems,10,4,Yes,101.0,13,Yes,No,No,Same,Very Positive
R101667,31,Male,Africa,Undecided,GTA San Andreas,7,TikTok,14,Deeper character customization,10,2,Yes,81.0,29,No,No,Yes,Increased,Very Positive
R101668,43,Male,Asia-Pacific,PlayStation 5,GTA IV,2,Twitch,9,Graphics & ray tracing,10,4,Yes,85.0,33,No,No,Yes,Increased,Very Positive
R101669,31,Male,Middle East,PC,GTA IV,1,YouTube,7,Story & narrative depth,7,3,Yes,69.0,10,Yes,No,Yes,Same,Positive
R101670,34,Male,Europe,PC,GTA V,4,Reddit,13,Graphics & ray tracing,10,3,Yes,72.0,65,Yes,No,No,Increased,Very Positive
R101671,38,Female,Europe,PlayStation 5,GTA III,1,Official Rockstar trailer,8,Improved police/AI systems,5,5,Maybe,70.0,2,Yes,No,Yes,Increased,Positive
R101672,27,Male,Europe,PlayStation 5,GTA Vice City,3,X/Twitter,8,Improved police/AI systems,9,3,Yes,75.0,23,Yes,No,No,Increased,Very Positive
R101673,32,Female,North America,Undecided,GTA IV,3,TikTok,11,Story & narrative depth,9,3,Maybe,88.0,9,Yes,No,No,Increased,Very Positive
R101674,31,Male,Europe,PC,GTA San Andreas,3,TikTok,14,Map size & exploration,10,5,Yes,88.0,37,No,Yes,Yes,Increased,Very Positive
R101675,28,Male,Europe,PlayStation 5,Red Dead Redemption 2,7,Reddit,11,Dual protagonists (Jason & Lucia),10,3,Yes,101.0,9,No,No,No,Same,Very Positive
R101676,30,Male,Asia-Pacific,Xbox Series X/S,GTA V,5,TikTok,8,Online/multiplayer mode,9,4,Yes,61.0,24,Yes,Yes,Yes,Decreased,Very Positive
R101677,18,Male,North America,Xbox Series X/S,GTA Vice City,11,Twitch,5,Online/multiplayer mode,6,4,No,52.0,33,No,Yes,No,Same,Positive
R101678,31,,North America,Undecided,GTA IV,5,TikTok,11,Map size & exploration,6,5,Yes,53.0,8,Yes,Yes,Yes,Increased,Positive
R101679,27,Male,North America,PC,GTA IV,5,Gaming news sites,10,Better driving physics,7,4,No,67.0,15,Yes,Yes,No,Decreased,Positive
R101680,24,Male,Asia-Pacific,PC,GTA V,0,Reddit,8,Realistic economy & businesses,7,5,No,57.0,32,Yes,Yes,Yes,Increased,Positive
R101681,27,Male,Europe,Xbox Series X/S,GTA Vice City,6,YouTube,11,Open-world Vice City map,10,3,Yes,71.0,20,No,No,No,Same,Very Positive
R101682,20,Male,Latin America,PC,GTA San Andreas,7,Gaming news sites,12,Map size & exploration,9,3,Yes,86.0,23,Yes,No,Yes,Increased,Very Positive
R101683,30,Male,Latin America,PlayStation 5,GTA San Andreas,1,YouTube,9,Open-world Vice City map,7,4,No,59.0,27,Yes,No,No,Same,Positive
R101684,26,Male,Europe,PlayStation 5,GTA San Andreas,6,Gaming news sites,13,Deeper character customization,10,5,Yes,67.0,2,Yes,Yes,Yes,Increased,Very Positive
R101685,44,Male,North America,PlayStation 5,GTA IV,5,YouTube,10,Improved police/AI systems,9,3,Maybe,59.0,9,No,Yes,Yes,Increased,Very Positive
R101686,44,Female,North America,PC,GTA IV,5,Official Rockstar trailer,12,Dual protagonists (Jason & Lucia),10,4,Yes,75.0,51,No,Yes,No,Same,Very Positive
R101687,19,Female,Latin America,PC,GTA V,6,X/Twitter,8,Graphics & ray tracing,9,4,Yes,69.0,2,No,Yes,Yes,Increased,Very Positive
R101688,26,Male,Latin America,Undecided,GTA V,4,Official Rockstar trailer,10,Better driving physics,8,4,Yes,92.0,6,Yes,Yes,Yes,Same,Very Positive
R101689,14,Prefer not to say,Europe,PC,GTA San Andreas,4,Twitch,14,Deeper character customization,10,5,Yes,96.0,7,Yes,Yes,No,Same,Very Positive
R101690,15,Male,Europe,Xbox Series X/S,Never played GTA,11,Official Rockstar trailer,12,Realistic economy & businesses,8,3,Yes,73.0,14,No,No,Yes,Same,Very Positive
R101691,33,Male,Europe,Xbox Series X/S,GTA San Andreas,7,TikTok,5,Dual protagonists (Jason & Lucia),6,3,Maybe,78.0,11,Yes,No,Yes,Increased,Positive
R101692,32,Male,Asia-Pacific,PlayStation 5,GTA Vice City,6,Official Rockstar trailer,13,Better driving physics,7,2,Maybe,69.0,6,Yes,Yes,No,Increased,Positive
R101693,30,Male,Latin America,PC,Never played GTA,5,Twitch,4,Open-world Vice City map,5,3,Yes,53.0,49,Yes,Yes,No,Increased,Positive
R101694,19,Female,Asia-Pacific,Undecided,GTA V,2,YouTube,12,Open-world Vice City map,9,5,Yes,88.0,6,Yes,No,Yes,Increased,Very Positive
R101695,30,Male,North America,Xbox Series X/S,GTA V,7,Gaming news sites,9,Dual protagonists (Jason & Lucia),7,4,Yes,64.0,9,Yes,No,No,Increased,Positive
R101696,16,Male,Europe,PlayStation 5,GTA V,5,Gaming news sites,8,Open-world Vice City map,10,5,Yes,88.0,21,Yes,No,Yes,Increased,Very Positive
R101697,39,Male,Asia-Pacific,PlayStation 5,GTA IV,3,TikTok,7,Dual protagonists (Jason & Lucia),6,2,Yes,75.0,35,No,Yes,Yes,Increased,Positive
R101698,24,Female,Europe,PC,GTA V,7,Twitch,11,Deeper character customization,8,4,Yes,67.0,40,Yes,No,No,Same,Very Positive
R101699,26,Male,Europe,Xbox Series X/S,GTA IV,7,Official Rockstar trailer,13,Dual protagonists (Jason & Lucia),10,5,No,85.0,32,Yes,No,No,Increased,Very Positive
R101700,26,Female,Asia-Pacific,PC,GTA V,0,Official Rockstar trailer,3,Map size & exploration,3,4,No,49.0,12,Yes,No,Yes,Same,Neutral/Cautious
R101701,28,Male,Latin America,Xbox Series X/S,GTA San Andreas,4,Official Rockstar trailer,7,Dual protagonists (Jason & Lucia),8,4,Maybe,74.0,18,Yes,No,No,Decreased,Very Positive
R101702,23,Male,Asia-Pacific,PC,GTA IV,1,YouTube,11,Better driving physics,9,3,Yes,75.0,6,No,No,Yes,Decreased,Very Positive
R101703,19,Male,North America,Xbox Series X/S,GTA V,7,Official Rockstar trailer,12,Dual protagonists (Jason & Lucia),10,2,Yes,95.0,3,No,No,No,Decreased,Very Positive
R101704,43,Female,North America,Xbox Series X/S,GTA San Andreas,3,Reddit,9,Realistic economy & businesses,10,4,Yes,96.0,47,Yes,No,No,Increased,Very Positive
R101705,38,Male,Asia-Pacific,PC,GTA V,8,X/Twitter,6,Story & narrative depth,8,3,Maybe,58.0,28,Yes,Yes,Yes,Increased,Very Positive
R101706,26,Male,North America,PlayStation 5,Red Dead Redemption 2,6,YouTube,12,Deeper character customization,10,4,Maybe,,12,No,Yes,Yes,Increased,Very Positive
R101707,32,Non-binary,North America,PC,GTA San Andreas,0,Official Rockstar trailer,8,Realistic economy & businesses,9,3,Yes,63.0,26,No,Yes,Yes,Same,Very Positive
R101708,19,Male,Europe,PlayStation 5 Pro,GTA San Andreas,8,Twitch,10,Graphics & ray tracing,8,2,Maybe,94.0,31,Yes,No,Yes,Decreased,Very Positive
R101709,28,Female,Europe,PC,GTA San Andreas,4,TikTok,10,Map size & exploration,10,4,Yes,88.0,20,Yes,No,Yes,Same,Very Positive
R101710,33,Male,Europe,Xbox Series X/S,GTA V,9,Gaming news sites,9,Story & narrative depth,7,4,Yes,77.0,7,Yes,No,Yes,Same,Positive
R101711,26,Male,North America,PC,GTA V,5,Official Rockstar trailer,6,Dual protagonists (Jason & Lucia),8,4,Yes,66.0,14,No,No,Yes,Increased,Very Positive
R101712,23,Male,Europe,PlayStation 5,GTA IV,7,Gaming news sites,12,Open-world Vice City map,10,5,Yes,88.0,48,No,No,Yes,Increased,Very Positive
R101713,24,Female,Latin America,PlayStation 5 Pro,Red Dead Redemption 2,8,Gaming news sites,15,Open-world Vice City map,10,3,No,100.0,21,Yes,Yes,Yes,Increased,Very Positive
R101714,30,Male,Asia-Pacific,Xbox Series X/S,GTA IV,5,YouTube,5,Deeper character customization,5,4,Yes,66.0,8,Yes,Yes,No,Decreased,Positive
R101715,32,Male,Europe,PlayStation 5,GTA Vice City,5,YouTube,7,Online/multiplayer mode,6,4,Maybe,73.0,20,No,Yes,No,Increased,Positive
R101716,18,Male,Latin America,PlayStation 5,GTA V,2,TikTok,13,Graphics & ray tracing,9,5,Yes,69.0,11,No,Yes,No,Decreased,Very Positive
R101717,28,Female,North America,PlayStation 5,GTA V,9,Gaming news sites,13,Better driving physics,10,2,Yes,90.0,30,Yes,Yes,No,Same,Very Positive
R101718,17,Male,North America,PlayStation 5,GTA V,11,Reddit,8,Dual protagonists (Jason & Lucia),10,5,Yes,63.0,9,No,No,Yes,Increased,Very Positive
R101719,20,Male,North America,PlayStation 5,GTA V,3,Official Rockstar trailer,10,Dual protagonists (Jason & Lucia),6,5,No,70.0,3,Yes,No,No,Increased,Positive
R101720,30,Male,Asia-Pacific,PC,GTA III,4,Gaming news sites,8,Dual protagonists (Jason & Lucia),9,3,Yes,111.0,20,Yes,No,Yes,Decreased,Very Positive
R101721,25,Male,Latin America,PlayStation 5,GTA Vice City,8,Reddit,12,Graphics & ray tracing,7,2,Yes,68.0,18,No,No,Yes,Increased,Positive
R101722,13,Female,Europe,PC,GTA San Andreas,9,YouTube,9,Deeper character customization,10,3,Yes,91.0,9,Yes,No,Yes,Increased,Very Positive
R101723,28,Female,Europe,PlayStation 5,GTA V,4,X/Twitter,6,Open-world Vice City map,8,5,Yes,69.0,39,Yes,No,No,Same,Very Positive
R101724,30,Female,Europe,PC,GTA V,7,TikTok,11,Improved police/AI systems,10,4,No,62.0,14,Yes,No,Yes,Increased,Very Positive
R101725,23,Male,Europe,PlayStation 5,GTA IV,7,X/Twitter,11,Better driving physics,8,4,Yes,47.0,38,No,Yes,No,Increased,Very Positive
R101726,28,Non-binary,Europe,PlayStation 5,GTA V,5,YouTube,11,Online/multiplayer mode,10,3,Yes,99.0,5,Yes,Yes,Yes,Same,Very Positive
R101727,13,Male,Europe,PlayStation 5,GTA V,8,X/Twitter,6,Realistic economy & businesses,9,5,Yes,89.0,41,No,No,No,Same,Very Positive
R101728,27,Prefer not to say,North America,PlayStation 5,GTA San Andreas,5,YouTube,2,Open-world Vice City map,7,4,Yes,64.0,15,Yes,No,No,Increased,Positive
R101729,23,Male,Europe,Xbox Series X/S,GTA San Andreas,5,Official Rockstar trailer,10,Dual protagonists (Jason & Lucia),6,2,No,51.0,27,Yes,Yes,Yes,Decreased,Positive
R101730,13,Male,Asia-Pacific,PlayStation 5 Pro,GTA IV,5,YouTube,4,Story & narrative depth,5,4,Maybe,55.0,16,Yes,No,Yes,Increased,Positive
R101731,13,Male,Asia-Pacific,PlayStation 5,GTA San Andreas,6,Official Rockstar trailer,8,Open-world Vice City map,4,5,Yes,56.0,10,No,Yes,No,Increased,Neutral/Cautious
R101732,33,Non-binary,North America,PC,Red Dead Redemption 2,10,Twitch,11,Map size & exploration,8,5,Yes,70.0,6,Yes,No,Yes,Same,Very Positive
R101733,15,Female,Europe,Xbox Series X/S,GTA IV,8,X/Twitter,12,Open-world Vice City map,10,4,Yes,86.0,24,No,Yes,No,Increased,Very Positive
R101734,14,Male,Europe,PlayStation 5 Pro,GTA V,12,TikTok,15,Story & narrative depth,10,5,Yes,98.0,39,Yes,No,Yes,Increased,Very Positive
R101735,15,Male,North America,Xbox Series X/S,Red Dead Redemption 2,6,Official Rockstar trailer,8,Realistic economy & businesses,8,3,No,79.0,23,Yes,Yes,Yes,Increased,Very Positive
R101736,27,Male,North America,PlayStation 5,Red Dead Redemption 2,10,Friends,8,Realistic economy & businesses,7,2,Maybe,48.0,9,No,No,Yes,Increased,Positive
R101737,35,Male,Europe,PlayStation 5,GTA Vice City,6,Reddit,11,Better driving physics,7,3,Yes,84.0,26,No,No,No,Same,Positive
R101738,21,Female,Europe,Xbox Series X/S,GTA V,4,YouTube,12,Open-world Vice City map,6,4,No,32.0,9,No,No,Yes,Increased,Positive
R101739,35,Male,Latin America,PC,GTA San Andreas,11,YouTube,4,Dual protagonists (Jason & Lucia),6,4,No,48.0,18,Yes,Yes,Yes,Increased,Positive
R101740,19,Male,Middle East,Undecided,GTA V,1,Official Rockstar trailer,7,Open-world Vice City map,7,4,Yes,45.0,2,No,Yes,No,Increased,Positive
R101741,24,Male,Europe,PC,GTA IV,5,TikTok,6,Dual protagonists (Jason & Lucia),4,5,Maybe,51.0,12,Yes,Yes,No,Increased,Neutral/Cautious
R101742,21,Female,North America,Xbox Series X/S,GTA San Andreas,2,Official Rockstar trailer,10,Story & narrative depth,10,4,Yes,76.0,10,Yes,No,No,Same,Very Positive
R101743,29,Female,Africa,PlayStation 5,GTA IV,1,YouTube,10,Open-world Vice City map,10,4,Yes,95.0,30,Yes,Yes,Yes,Increased,Very Positive
R101744,18,Female,North America,Xbox Series X/S,GTA IV,11,YouTube,12,Dual protagonists (Jason & Lucia),6,5,No,77.0,28,Yes,No,No,Same,Positive
R101745,13,Non-binary,Asia-Pacific,PC,GTA IV,1,YouTube,1,Dual protagonists (Jason & Lucia),5,4,Yes,59.0,16,No,Yes,No,Same,Positive
R101746,28,,Europe,Xbox Series X/S,GTA V,7,YouTube,10,Story & narrative depth,9,3,Yes,83.0,5,Yes,No,Yes,Increased,Very Positive
R101747,24,Non-binary,Asia-Pacific,PlayStation 5 Pro,GTA V,4,TikTok,5,Open-world Vice City map,8,5,Yes,70.0,5,Yes,No,No,Increased,Very Positive
R101748,35,Male,Asia-Pacific,PC,GTA San Andreas,4,YouTube,7,Better driving physics,7,3,Yes,51.0,7,No,No,No,Same,Positive
R101749,19,Male,North America,PlayStation 5,GTA IV,10,Official Rockstar trailer,9,Story & narrative depth,7,3,Maybe,62.0,8,No,Yes,Yes,Increased,Positive
R101750,25,Male,Latin America,PlayStation 5,GTA San Andreas,1,Official Rockstar trailer,9,Story & narrative depth,6,4,Maybe,61.0,9,Yes,Yes,Yes,Increased,Positive
R101751,17,Male,Latin America,PC,GTA V,5,Twitch,10,Online/multiplayer mode,7,5,Maybe,61.0,15,Yes,No,No,Same,Positive
R101752,39,Male,Asia-Pacific,PlayStation 5,GTA V,7,Gaming news sites,4,Open-world Vice City map,7,5,Yes,,11,Yes,No,Yes,Increased,Positive
R101753,23,Male,North America,PC,GTA V,6,Reddit,7,Dual protagonists (Jason & Lucia),8,2,Yes,63.0,37,Yes,No,No,Same,Very Positive
R101754,17,Male,Asia-Pacific,Xbox Series X/S,Red Dead Redemption 2,2,X/Twitter,7,Story & narrative depth,8,3,Yes,70.0,15,No,No,No,Same,Very Positive
R101755,27,Male,Asia-Pacific,PC,GTA V,7,Gaming news sites,12,Graphics & ray tracing,10,3,Yes,68.0,3,No,No,Yes,Increased,Very Positive
R101756,25,Non-binary,Europe,PlayStation 5,GTA V,3,Official Rockstar trailer,9,Story & narrative depth,5,5,No,83.0,6,No,No,Yes,Decreased,Positive
R101757,16,Male,Asia-Pacific,PlayStation 5,GTA IV,5,Gaming news sites,13,Story & narrative depth,9,3,Yes,82.0,5,Yes,No,Yes,Increased,Very Positive
R101758,26,Male,Middle East,PC,GTA San Andreas,4,Reddit,7,Open-world Vice City map,9,4,Maybe,62.0,14,Yes,No,No,Same,Very Positive
R101759,34,Female,Africa,PC,GTA IV,8,Gaming news sites,4,Dual protagonists (Jason & Lucia),6,3,Yes,69.0,14,Yes,No,Yes,Increased,Positive
R101760,28,Non-binary,Asia-Pacific,PlayStation 5,Never played GTA,9,Reddit,12,Open-world Vice City map,4,5,Yes,28.0,2,Yes,No,Yes,Increased,Neutral/Cautious
R101761,22,Male,Latin America,Xbox Series X/S,GTA IV,9,Twitch,7,Open-world Vice City map,7,3,No,80.0,28,Yes,No,No,Increased,Positive
R101762,37,Female,Latin America,Xbox Series X/S,GTA San Andreas,6,Reddit,4,Story & narrative depth,5,3,No,52.0,4,Yes,Yes,Yes,Increased,Positive
R101763,19,Male,Asia-Pacific,PC,Never played GTA,5,YouTube,11,Online/multiplayer mode,6,4,Maybe,79.0,3,Yes,Yes,No,Increased,Positive
R101764,23,Male,Europe,Xbox Series X/S,GTA San Andreas,0,Official Rockstar trailer,9,Online/multiplayer mode,8,5,Yes,89.0,21,Yes,No,Yes,Increased,Very Positive
R101765,19,Male,Africa,PC,GTA V,9,X/Twitter,7,Realistic economy & businesses,6,2,No,83.0,13,Yes,No,Yes,Same,Positive
R101766,16,Male,Europe,PlayStation 5,GTA V,6,YouTube,6,Map size & exploration,10,4,Yes,82.0,9,Yes,No,No,Same,Very Positive
R101767,40,Male,North America,PC,GTA Vice City,9,Official Rockstar trailer,8,Story & narrative depth,10,4,Yes,70.0,21,Yes,No,Yes,Increased,Very Positive
R101768,37,Male,Europe,PC,GTA V,6,YouTube,5,Improved police/AI systems,8,3,No,47.0,45,Yes,No,Yes,Same,Very Positive
R101769,24,Male,North America,PC,Never played GTA,3,YouTube,4,Dual protagonists (Jason & Lucia),4,4,Maybe,38.0,12,No,Yes,Yes,Decreased,Neutral/Cautious
R101770,39,Female,Asia-Pacific,Undecided,GTA V,7,YouTube,11,Improved police/AI systems,6,5,Maybe,60.0,20,No,Yes,Yes,Increased,Positive
R101771,25,Male,Europe,PC,GTA III,10,TikTok,8,Deeper character customization,9,3,Maybe,90.0,16,No,No,Yes,Same,Very Positive
R101772,32,Female,North America,PC,GTA San Andreas,7,Official Rockstar trailer,5,Deeper character customization,4,4,No,44.0,5,No,Yes,Yes,Increased,Neutral/Cautious
R101773,30,Male,Africa,PlayStation 5,GTA V,6,Reddit,11,Map size & exploration,10,3,Yes,86.0,18,No,No,No,Same,Very Positive
R101774,18,Prefer not to say,Latin America,Xbox Series X/S,GTA San Andreas,9,Twitch,8,Dual protagonists (Jason & Lucia),7,4,Yes,70.0,17,No,No,No,Increased,Positive
R101775,16,Male,Europe,PlayStation 5,GTA IV,6,Reddit,11,Story & narrative depth,8,4,Yes,71.0,25,Yes,No,Yes,Decreased,Very Positive
R101776,34,Male,Latin America,PlayStation 5,GTA San Andreas,6,Official Rockstar trailer,8,Open-world Vice City map,10,3,Yes,72.0,3,No,No,Yes,Same,Very Positive
R101777,22,Female,North America,Xbox Series X/S,GTA IV,13,Official Rockstar trailer,8,Dual protagonists (Jason & Lucia),9,4,Yes,99.0,25,Yes,No,Yes,Increased,Very Positive
R101778,16,Male,Asia-Pacific,PlayStation 5,GTA V,7,YouTube,6,Open-world Vice City map,7,3,Yes,80.0,3,No,No,Yes,Increased,Positive
R101779,15,Male,North America,PC,GTA San Andreas,9,Official Rockstar trailer,11,Map size & exploration,9,5,Yes,72.0,25,Yes,No,Yes,Increased,Very Positive
R101780,18,Female,Asia-Pacific,Xbox Series X/S,GTA V,2,Reddit,10,Better driving physics,10,5,Yes,89.0,13,No,No,Yes,Decreased,Very Positive
R101781,25,Non-binary,North America,PlayStation 5 Pro,GTA Vice City,6,Official Rockstar trailer,11,Better driving physics,10,4,Yes,78.0,10,No,No,No,Same,Very Positive
R101782,26,Male,North America,Undecided,GTA San Andreas,6,YouTube,8,Deeper character customization,5,3,Maybe,67.0,16,Yes,No,No,Increased,Positive
R101783,26,Female,Europe,PlayStation 5,GTA Vice City,5,Reddit,10,Deeper character customization,7,5,Yes,68.0,37,Yes,Yes,Yes,Increased,Positive
R101784,25,Male,Asia-Pacific,PC,GTA San Andreas,6,YouTube,5,Story & narrative depth,5,3,Yes,55.0,7,Yes,No,Yes,Increased,Positive
R101785,26,Female,Asia-Pacific,Xbox Series X/S,Red Dead Redemption 2,7,Official Rockstar trailer,9,Deeper character customization,8,4,No,89.0,31,Yes,Yes,No,Same,Very Positive
R101786,25,Male,Europe,PlayStation 5,GTA V,5,YouTube,10,Map size & exploration,7,3,Yes,72.0,15,No,No,No,Increased,Positive
R101787,18,Female,Latin America,Undecided,GTA Vice City,2,YouTube,6,Map size & exploration,8,3,Yes,68.0,15,Yes,Yes,No,Increased,Very Positive
R101788,13,Male,Europe,PlayStation 5 Pro,Red Dead Redemption 2,6,YouTube,11,Dual protagonists (Jason & Lucia),10,1,Yes,70.0,10,Yes,Yes,Yes,Increased,Very Positive
R101789,38,Female,Asia-Pacific,Xbox Series X/S,GTA V,1,Gaming news sites,8,Story & narrative depth,8,5,Yes,91.0,13,No,No,Yes,Same,Very Positive
R101790,23,Male,Latin America,PlayStation 5,GTA V,3,TikTok,12,Online/multiplayer mode,10,3,Maybe,87.0,14,Yes,Yes,No,Same,Very Positive
R101791,27,Female,Latin America,Xbox Series X/S,GTA V,3,TikTok,5,Deeper character customization,6,5,No,44.0,11,Yes,Yes,Yes,Increased,Positive
R101792,25,Male,Europe,Undecided,GTA IV,5,Reddit,11,Improved police/AI systems,7,3,Yes,65.0,23,Yes,Yes,No,Same,Positive
R101793,13,Male,Asia-Pacific,Xbox Series X/S,GTA IV,11,Official Rockstar trailer,14,Graphics & ray tracing,10,5,Yes,76.0,26,No,No,Yes,Decreased,Very Positive
R101794,24,,North America,Xbox Series X/S,GTA IV,5,Gaming news sites,10,Graphics & ray tracing,7,4,Yes,,23,Yes,No,No,Increased,Positive
R101795,38,Male,Asia-Pacific,PlayStation 5,Red Dead Redemption 2,4,Reddit,2,Story & narrative depth,3,5,No,61.0,7,Yes,Yes,Yes,Increased,Neutral/Cautious
R101796,23,Male,Asia-Pacific,PC,GTA V,11,Official Rockstar trailer,10,Dual protagonists (Jason & Lucia),9,5,Yes,84.0,20,Yes,Yes,Yes,Increased,Very Positive
R101797,31,Male,Europe,PlayStation 5,GTA V,9,Twitch,12,Open-world Vice City map,9,3,Yes,97.0,4,Yes,No,No,Same,Very Positive
R101798,14,Female,Europe,PlayStation 5,GTA IV,5,TikTok,8,Story & narrative depth,7,3,Maybe,79.0,13,No,No,Yes,Decreased,Positive
R101799,34,Male,North America,PlayStation 5,GTA San Andreas,7,Reddit,8,Open-world Vice City map,6,4,Yes,,9,Yes,Yes,Yes,Increased,Positive
R101800,25,Male,North America,PlayStation 5,GTA V,2,Gaming news sites,13,Story & narrative depth,7,5,No,62.0,5,Yes,Yes,No,Same,Positive
R101801,19,Female,Asia-Pacific,Undecided,GTA V,5,Reddit,7,Improved police/AI systems,9,3,Yes,82.0,4,Yes,No,Yes,Same,Very Positive
R101802,38,Male,Asia-Pacific,PlayStation 5,GTA San Andreas,3,Official Rockstar trailer,6,Open-world Vice City map,8,3,Maybe,94.0,26,No,No,Yes,Same,Very Positive
R101803,13,Female,North America,PlayStation 5 Pro,GTA IV,7,YouTube,16,Deeper character customization,9,3,Yes,71.0,17,Yes,Yes,No,Increased,Very Positive
R101804,29,Male,North America,Xbox Series X/S,GTA V,7,TikTok,17,Online/multiplayer mode,10,3,Yes,71.0,3,Yes,No,Yes,Increased,Very Positive
R101805,29,Male,North America,Undecided,GTA V,7,TikTok,7,Improved police/AI systems,7,5,No,67.0,16,Yes,No,No,Decreased,Positive
R101806,24,Male,North America,Xbox Series X/S,GTA V,4,Reddit,13,Deeper character customization,10,4,Yes,114.0,7,Yes,Yes,No,Increased,Very Positive
R101807,36,Male,Europe,PlayStation 5,Never played GTA,8,YouTube,6,Story & narrative depth,6,4,Yes,49.0,27,Yes,No,Yes,Increased,Positive
R101808,18,Male,Asia-Pacific,PlayStation 5,GTA V,1,X/Twitter,9,Realistic economy & businesses,7,4,Yes,72.0,13,Yes,No,Yes,Increased,Positive
R101809,38,Male,North America,Xbox Series X/S,GTA V,10,Reddit,10,Graphics & ray tracing,6,4,Yes,79.0,26,Yes,No,No,Same,Positive
R101810,32,Male,Africa,PC,GTA IV,11,YouTube,10,Realistic economy & businesses,9,5,Yes,67.0,16,Yes,No,Yes,Decreased,Very Positive
R101811,35,Male,Asia-Pacific,PlayStation 5,GTA IV,8,Reddit,9,Map size & exploration,8,3,Yes,61.0,40,No,Yes,Yes,Increased,Very Positive
R101812,29,Male,Asia-Pacific,PC,GTA V,2,Official Rockstar trailer,8,Deeper character customization,5,3,Maybe,44.0,9,Yes,No,Yes,Increased,Positive
R101813,35,Male,Europe,PlayStation 5 Pro,GTA Vice City,11,Twitch,11,Realistic economy & businesses,8,4,Yes,75.0,31,No,No,Yes,Increased,Very Positive
R101814,23,Male,Latin America,Xbox Series X/S,GTA V,12,TikTok,13,Dual protagonists (Jason & Lucia),10,5,Yes,72.0,11,Yes,No,Yes,Same,Very Positive
R101815,30,Female,North America,PlayStation 5 Pro,GTA V,10,Reddit,10,Open-world Vice City map,8,4,Yes,69.0,6,No,No,No,Increased,Very Positive
R101816,22,Male,Europe,PlayStation 5,GTA V,13,YouTube,10,Map size & exploration,10,4,Yes,83.0,20,Yes,No,No,Increased,Very Positive
R101817,32,Male,Asia-Pacific,PlayStation 5,GTA IV,7,X/Twitter,6,Online/multiplayer mode,7,2,Maybe,48.0,16,No,No,No,Same,Positive
R101818,27,Male,North America,Xbox Series X/S,GTA San Andreas,7,TikTok,9,Dual protagonists (Jason & Lucia),8,4,Yes,76.0,22,Yes,No,No,Increased,Very Positive
R101819,33,Male,North America,Xbox Series X/S,GTA Vice City,7,YouTube,3,Online/multiplayer mode,5,4,No,64.0,15,Yes,No,Yes,Increased,Positive
R101820,29,Male,Asia-Pacific,PlayStation 5 Pro,GTA III,4,TikTok,6,Realistic economy & businesses,8,4,Yes,79.0,3,No,Yes,Yes,Same,Very Positive
R101821,19,Male,North America,PC,GTA IV,9,Official Rockstar trailer,9,Dual protagonists (Jason & Lucia),9,5,Yes,70.0,30,Yes,No,Yes,Same,Very Positive
R101822,16,Male,Africa,PC,GTA Vice City,9,Official Rockstar trailer,10,Open-world Vice City map,10,3,Yes,76.0,15,No,No,Yes,Increased,Very Positive
R101823,37,Male,North America,PlayStation 5 Pro,GTA V,10,Official Rockstar trailer,13,Online/multiplayer mode,10,4,Yes,62.0,18,Yes,Yes,Yes,Same,Very Positive
R101824,20,Male,Europe,PC,GTA V,3,Official Rockstar trailer,5,Map size & exploration,8,5,Yes,,23,Yes,No,No,Increased,Very Positive
R101825,27,Male,Latin America,PlayStation 5 Pro,GTA San Andreas,5,Official Rockstar trailer,5,Realistic economy & businesses,7,4,Yes,58.0,20,No,No,Yes,Same,Positive
R101826,24,Female,North America,PlayStation 5 Pro,GTA San Andreas,4,Official Rockstar trailer,8,Realistic economy & businesses,10,3,Yes,85.0,17,Yes,No,No,Decreased,Very Positive
R101827,19,Male,Asia-Pacific,PC,GTA V,2,YouTube,11,Dual protagonists (Jason & Lucia),9,3,Yes,73.0,32,Yes,No,No,Increased,Very Positive
R101828,28,Non-binary,Asia-Pacific,Xbox Series X/S,Red Dead Redemption 2,4,TikTok,11,Story & narrative depth,6,4,No,,9,No,No,No,Decreased,Positive
R101829,23,Male,Asia-Pacific,PC,GTA V,6,Official Rockstar trailer,11,Improved police/AI systems,9,4,Maybe,89.0,9,No,No,No,Same,Very Positive
R101830,24,Male,North America,PC,GTA V,0,YouTube,8,Graphics & ray tracing,10,3,Yes,81.0,19,Yes,No,No,Same,Very Positive
R101831,46,Female,Africa,Xbox Series X/S,GTA V,4,YouTube,9,Realistic economy & businesses,7,3,Maybe,73.0,16,Yes,Yes,No,Same,Positive
R101832,28,Male,Latin America,PlayStation 5,GTA III,2,Twitch,8,Dual protagonists (Jason & Lucia),6,4,Yes,65.0,12,No,Yes,Yes,Decreased,Positive
R101833,26,Male,North America,PlayStation 5,GTA San Andreas,4,Official Rockstar trailer,3,Realistic economy & businesses,7,3,Yes,71.0,7,No,Yes,Yes,Same,Positive
R101834,30,Male,Asia-Pacific,PlayStation 5,GTA San Andreas,2,Reddit,4,Open-world Vice City map,6,3,Yes,47.0,25,No,Yes,No,Same,Positive
R101835,32,Male,North America,PlayStation 5,GTA IV,5,Official Rockstar trailer,13,Online/multiplayer mode,10,3,Maybe,73.0,16,No,No,Yes,Decreased,Very Positive
R101836,39,Male,Latin America,PC,GTA San Andreas,7,Reddit,13,Improved police/AI systems,10,5,Maybe,100.0,14,Yes,Yes,Yes,Increased,Very Positive
R101837,29,Male,Asia-Pacific,PlayStation 5,GTA V,0,Official Rockstar trailer,7,Better driving physics,8,3,No,84.0,10,Yes,Yes,Yes,Increased,Very Positive
R101838,26,Male,North America,Undecided,GTA V,9,Reddit,11,Story & narrative depth,9,3,Yes,74.0,41,Yes,No,Yes,Increased,Very Positive
R101839,29,Female,North America,PlayStation 5,Never played GTA,5,X/Twitter,8,Map size & exploration,7,3,Maybe,46.0,9,Yes,No,No,Increased,Positive
R101840,20,Male,Middle East,PlayStation 5,GTA Vice City,12,YouTube,11,Better driving physics,8,1,Yes,71.0,12,Yes,No,No,Same,Very Positive
R101841,36,Male,Asia-Pacific,PlayStation 5 Pro,GTA San Andreas,10,YouTube,12,Dual protagonists (Jason & Lucia),8,3,Yes,73.0,20,Yes,No,No,Increased,Very Positive
R101842,33,Male,Latin America,Xbox Series X/S,GTA IV,9,Reddit,8,Dual protagonists (Jason & Lucia),8,4,No,67.0,18,No,No,No,Same,Very Positive
R101843,26,Female,North America,PlayStation 5,GTA San Andreas,5,YouTube,9,Graphics & ray tracing,9,5,Maybe,90.0,10,Yes,No,Yes,Same,Very Positive
R101844,21,Male,Asia-Pacific,PC,GTA V,6,YouTube,9,Online/multiplayer mode,9,5,Yes,64.0,6,Yes,No,No,Increased,Very Positive
R101845,30,Male,Middle East,PlayStation 5,GTA V,6,Friends,8,Map size & exploration,8,5,Yes,68.0,22,Yes,No,Yes,Increased,Very Positive
R101846,29,Male,Latin America,Xbox Series X/S,GTA V,9,YouTube,10,Story & narrative depth,6,5,Yes,74.0,14,No,No,No,Increased,Positive
R101847,36,Male,Latin America,PlayStation 5,GTA V,6,YouTube,6,Open-world Vice City map,7,2,Maybe,67.0,7,No,Yes,Yes,Same,Positive
R101848,32,Male,North America,PC,GTA V,8,Reddit,9,Deeper character customization,10,3,Yes,113.0,16,Yes,No,No,Increased,Very Positive
R101849,17,Female,Asia-Pacific,PC,GTA V,2,Twitch,11,Story & narrative depth,9,5,No,67.0,16,No,Yes,No,Decreased,Very Positive
R101850,24,Non-binary,Africa,PlayStation 5,GTA IV,8,Reddit,6,Dual protagonists (Jason & Lucia),7,3,Yes,65.0,17,No,No,Yes,Decreased,Positive
R101851,20,Female,North America,PlayStation 5,GTA V,7,Official Rockstar trailer,8,Online/multiplayer mode,5,4,Maybe,53.0,14,No,Yes,Yes,Decreased,Positive
R101852,27,Male,Europe,PC,GTA San Andreas,10,Gaming news sites,7,Open-world Vice City map,10,3,Yes,69.0,36,No,No,Yes,Same,Very Positive
R101853,17,Male,North America,PlayStation 5,Red Dead Redemption 2,3,Official Rockstar trailer,7,Online/multiplayer mode,6,5,Yes,53.0,17,Yes,Yes,Yes,Increased,Positive
R101854,29,Male,Africa,Xbox Series X/S,Red Dead Redemption 2,6,YouTube,9,Dual protagonists (Jason & Lucia),10,2,Yes,,27,Yes,No,Yes,Increased,Very Positive
R101855,31,Male,Asia-Pacific,Xbox Series X/S,GTA V,6,Official Rockstar trailer,11,Better driving physics,8,5,Maybe,67.0,14,Yes,No,Yes,Same,Very Positive
R101856,39,Male,Asia-Pacific,PlayStation 5,GTA IV,11,TikTok,13,Improved police/AI systems,9,3,Yes,77.0,18,Yes,No,Yes,Decreased,Very Positive
R101857,34,Male,Europe,PC,GTA III,5,X/Twitter,9,Better driving physics,9,4,No,96.0,12,Yes,No,No,Decreased,Very Positive
R101858,40,Male,Europe,Xbox Series X/S,Red Dead Redemption 2,7,Official Rockstar trailer,11,Open-world Vice City map,8,4,Maybe,69.0,24,Yes,No,Yes,Same,Very Positive
R101859,13,Male,Europe,PC,GTA V,5,Friends,9,Realistic economy & businesses,10,2,Yes,84.0,11,Yes,No,Yes,Same,Very Positive
R101860,26,Female,Middle East,PC,GTA San Andreas,13,Official Rockstar trailer,12,Online/multiplayer mode,7,3,Maybe,67.0,17,No,Yes,No,Increased,Positive
R101861,28,Non-binary,Latin America,Xbox Series X/S,GTA V,8,Gaming news sites,15,Online/multiplayer mode,8,3,Yes,75.0,16,No,No,No,Same,Very Positive
R101862,20,Female,Europe,PlayStation 5,GTA Vice City,4,YouTube,6,Open-world Vice City map,3,4,Yes,35.0,7,No,Yes,No,Same,Neutral/Cautious
R101863,27,Female,Latin America,PC,GTA III,7,TikTok,11,Improved police/AI systems,7,5,No,88.0,8,No,No,No,Increased,Positive
R101864,47,Male,Africa,PlayStation 5,GTA III,7,Official Rockstar trailer,10,Map size & exploration,9,3,Yes,69.0,10,No,Yes,No,Increased,Very Positive
R101865,31,Male,North America,PlayStation 5,GTA V,5,Reddit,10,Online/multiplayer mode,10,5,Maybe,102.0,18,No,No,Yes,Increased,Very Positive
R101866,29,Female,Europe,PC,GTA V,4,YouTube,9,Open-world Vice City map,10,5,Yes,102.0,25,Yes,No,No,Same,Very Positive
R101867,26,Male,North America,PlayStation 5 Pro,GTA V,5,YouTube,5,Dual protagonists (Jason & Lucia),9,5,Yes,68.0,7,Yes,No,Yes,Same,Very Positive
R101868,21,Male,Africa,PC,Red Dead Redemption 2,8,Gaming news sites,13,Map size & exploration,10,4,No,86.0,15,No,No,Yes,Increased,Very Positive
R101869,15,Prefer not to say,Europe,Xbox Series X/S,GTA V,10,Official Rockstar trailer,10,Improved police/AI systems,9,4,Yes,44.0,31,No,Yes,Yes,Decreased,Very Positive
R101870,19,Female,Asia-Pacific,PlayStation 5,GTA V,6,Official Rockstar trailer,10,Better driving physics,8,4,Yes,72.0,18,No,No,No,Increased,Very Positive
R101871,13,Female,Europe,PC,GTA San Andreas,10,Official Rockstar trailer,10,Improved police/AI systems,10,4,Yes,60.0,7,No,Yes,Yes,Decreased,Very Positive
R101872,34,Female,North America,PC,GTA Vice City,9,Official Rockstar trailer,7,Dual protagonists (Jason & Lucia),8,4,Yes,82.0,5,Yes,No,Yes,Same,Very Positive
R101873,17,Male,Asia-Pacific,PC,GTA Vice City,5,Gaming news sites,6,Open-world Vice City map,10,4,Yes,75.0,11,Yes,No,Yes,Increased,Very Positive
R101874,20,Male,Latin America,PlayStation 5,GTA V,7,YouTube,8,Improved police/AI systems,8,4,Yes,96.0,1,Yes,Yes,Yes,Same,Very Positive
R101875,25,Female,North America,PC,GTA IV,3,YouTube,7,Improved police/AI systems,6,5,No,70.0,3,Yes,No,No,Increased,Positive
R101876,27,Male,Asia-Pacific,PC,GTA V,8,YouTube,7,Map size & exploration,10,5,No,88.0,16,No,No,Yes,Increased,Very Positive
R101877,21,Male,North America,Xbox Series X/S,GTA Vice City,8,YouTube,15,Realistic economy & businesses,10,5,No,79.0,7,Yes,No,Yes,Increased,Very Positive
R101878,35,Female,North America,PlayStation 5,Red Dead Redemption 2,12,YouTube,10,Better driving physics,9,4,Yes,85.0,21,Yes,Yes,Yes,Increased,Very Positive
R101879,26,Male,Europe,PC,GTA San Andreas,10,Gaming news sites,9,Open-world Vice City map,9,3,Yes,87.0,12,Yes,No,No,Increased,Very Positive
R101880,18,Male,Asia-Pacific,PC,GTA V,10,Official Rockstar trailer,12,Online/multiplayer mode,10,4,Yes,85.0,34,Yes,No,No,Same,Very Positive
R101881,37,Male,Middle East,PlayStation 5,GTA San Andreas,6,TikTok,6,Story & narrative depth,4,5,No,75.0,3,Yes,No,Yes,Same,Neutral/Cautious
R101882,24,Male,North America,Xbox Series X/S,GTA V,5,Twitch,6,Story & narrative depth,8,5,Yes,62.0,20,No,No,No,Increased,Very Positive
R101883,28,Male,North America,PlayStation 5,GTA V,10,YouTube,2,Dual protagonists (Jason & Lucia),4,5,Yes,27.0,6,Yes,No,No,Increased,Neutral/Cautious
R101884,32,Male,Asia-Pacific,PlayStation 5,GTA San Andreas,7,X/Twitter,9,Better driving physics,6,5,Yes,51.0,16,Yes,No,Yes,Increased,Positive
R101885,18,Male,Africa,PC,GTA V,3,Official Rockstar trailer,10,Map size & exploration,10,4,No,84.0,2,Yes,No,No,Same,Very Positive
R101886,35,Female,Europe,Xbox Series X/S,Red Dead Redemption 2,5,Reddit,5,Dual protagonists (Jason & Lucia),7,3,No,59.0,7,Yes,No,Yes,Same,Positive
R101887,21,Male,Asia-Pacific,PC,GTA V,2,TikTok,9,Improved police/AI systems,7,5,Yes,74.0,20,No,No,Yes,Increased,Positive
R101888,21,Male,Asia-Pacific,PC,GTA V,10,Official Rockstar trailer,13,Map size & exploration,8,5,Yes,71.0,8,No,No,Yes,Same,Very Positive
R101889,24,Male,Asia-Pacific,PC,GTA V,7,Reddit,4,Story & narrative depth,7,4,No,65.0,8,No,No,Yes,Same,Positive
R101890,35,Female,Africa,PlayStation 5,GTA V,4,Official Rockstar trailer,9,Dual protagonists (Jason & Lucia),9,3,Yes,64.0,5,Yes,No,No,Same,Very Positive
R101891,25,Male,Latin America,Xbox Series X/S,GTA V,7,Official Rockstar trailer,9,Story & narrative depth,9,2,Maybe,66.0,12,No,No,Yes,Same,Very Positive
R101892,15,Female,North America,PlayStation 5,Never played GTA,8,Twitch,8,Graphics & ray tracing,9,2,Yes,72.0,23,Yes,Yes,Yes,Same,Very Positive
R101893,22,Male,Europe,PC,GTA IV,10,Official Rockstar trailer,14,Improved police/AI systems,8,2,Yes,38.0,27,Yes,No,No,Increased,Very Positive
R101894,22,Female,Europe,Xbox Series X/S,GTA IV,11,YouTube,9,Realistic economy & businesses,8,3,No,73.0,10,Yes,Yes,No,Increased,Very Positive
R101895,24,Non-binary,North America,PlayStation 5,GTA V,7,YouTube,5,Open-world Vice City map,4,5,No,49.0,2,Yes,No,No,Increased,Neutral/Cautious
R101896,20,Male,Europe,Xbox Series X/S,GTA V,5,Official Rockstar trailer,6,Dual protagonists (Jason & Lucia),6,3,Yes,46.0,6,No,No,Yes,Increased,Positive
R101897,43,Male,North America,PlayStation 5,GTA V,4,Official Rockstar trailer,10,Improved police/AI systems,9,4,Yes,87.0,1,No,No,No,Decreased,Very Positive
R101898,13,Non-binary,Europe,Xbox Series X/S,GTA V,7,TikTok,5,Better driving physics,6,4,No,64.0,8,Yes,Yes,Yes,Increased,Positive
R101899,19,Male,North America,PlayStation 5,GTA San Andreas,9,TikTok,6,Online/multiplayer mode,6,5,No,62.0,9,Yes,No,No,Increased,Positive
R101900,34,Male,Latin America,PC,GTA V,7,YouTube,5,Story & narrative depth,4,5,No,67.0,9,No,Yes,Yes,Increased,Neutral/Cautious
R101901,31,Female,Asia-Pacific,PlayStation 5,GTA V,7,Official Rockstar trailer,7,Graphics & ray tracing,7,4,No,78.0,5,Yes,Yes,Yes,Same,Positive
R101902,26,Non-binary,Europe,Xbox Series X/S,GTA San Andreas,3,TikTok,12,Graphics & ray tracing,10,4,Yes,68.0,12,Yes,No,Yes,Same,Very Positive
R101903,26,Prefer not to say,Latin America,Xbox Series X/S,Red Dead Redemption 2,9,X/Twitter,7,Open-world Vice City map,7,3,No,63.0,9,Yes,Yes,Yes,Increased,Positive
R101904,49,Female,Latin America,PC,GTA San Andreas,2,Official Rockstar trailer,9,Map size & exploration,6,3,No,58.0,0,Yes,Yes,Yes,Same,Positive
R101905,35,Male,Middle East,PlayStation 5,GTA San Andreas,9,YouTube,9,Better driving physics,10,3,Yes,100.0,32,Yes,No,Yes,Increased,Very Positive
R101906,13,Male,Africa,Xbox Series X/S,GTA San Andreas,3,Twitch,11,Deeper character customization,10,5,Yes,81.0,10,Yes,No,Yes,Same,Very Positive
R101907,17,Male,North America,Xbox Series X/S,GTA V,9,Official Rockstar trailer,16,Deeper character customization,10,4,Yes,82.0,14,No,No,No,Increased,Very Positive
R101908,20,Male,Europe,PC,GTA V,7,YouTube,8,Open-world Vice City map,7,4,Yes,65.0,20,Yes,No,Yes,Increased,Positive
R101909,27,Male,Europe,Xbox Series X/S,GTA San Andreas,6,Reddit,5,Online/multiplayer mode,5,5,No,40.0,3,Yes,Yes,Yes,Increased,Positive
R101910,23,Male,North America,PC,GTA Vice City,6,YouTube,9,Dual protagonists (Jason & Lucia),10,4,Yes,75.0,16,No,No,Yes,Same,Very Positive
R101911,18,Male,Latin America,PlayStation 5,GTA San Andreas,5,YouTube,12,Improved police/AI systems,8,5,Yes,71.0,52,Yes,No,No,Increased,Very Positive
R101912,37,Female,Asia-Pacific,PlayStation 5 Pro,GTA V,11,YouTube,5,Realistic economy & businesses,4,5,No,74.0,8,Yes,No,No,Increased,Neutral/Cautious
R101913,46,Male,Asia-Pacific,Xbox Series X/S,GTA V,7,YouTube,12,Dual protagonists (Jason & Lucia),9,5,Maybe,55.0,21,Yes,Yes,Yes,Increased,Very Positive
R101914,31,Male,Asia-Pacific,PlayStation 5,Red Dead Redemption 2,5,Official Rockstar trailer,10,Deeper character customization,5,5,Maybe,54.0,1,No,No,Yes,Decreased,Positive
R101915,27,Female,Asia-Pacific,Xbox Series X/S,GTA V,3,YouTube,12,Online/multiplayer mode,10,4,Yes,50.0,17,Yes,No,Yes,Same,Very Positive
R101916,27,Female,North America,Xbox Series X/S,GTA V,8,YouTube,7,Graphics & ray tracing,8,5,Yes,69.0,14,Yes,Yes,No,Same,Very Positive
R101917,30,Male,North America,PC,GTA IV,3,Reddit,8,Realistic economy & businesses,8,3,Yes,90.0,15,Yes,No,Yes,Decreased,Very Positive
R101918,27,Male,North America,PlayStation 5 Pro,GTA San Andreas,7,Official Rockstar trailer,7,Online/multiplayer mode,7,4,No,92.0,33,No,No,No,Increased,Positive
R101919,17,Female,North America,PlayStation 5,GTA San Andreas,8,Friends,13,Open-world Vice City map,10,3,Yes,77.0,20,No,No,Yes,Same,Very Positive
R101920,28,Male,Europe,PC,GTA III,4,Official Rockstar trailer,5,Dual protagonists (Jason & Lucia),5,3,No,52.0,1,No,Yes,Yes,Decreased,Positive
R101921,16,Female,Latin America,PC,GTA V,13,TikTok,9,Story & narrative depth,8,5,Yes,56.0,38,No,No,Yes,Increased,Very Positive
R101922,22,Male,Europe,PlayStation 5 Pro,GTA Vice City,8,X/Twitter,14,Online/multiplayer mode,10,4,Yes,92.0,27,Yes,No,No,Decreased,Very Positive
R101923,24,Male,Asia-Pacific,PlayStation 5,Never played GTA,8,TikTok,5,Graphics & ray tracing,6,4,No,54.0,9,Yes,Yes,Yes,Same,Positive
R101924,22,Male,Asia-Pacific,PC,Red Dead Redemption 2,5,TikTok,3,Dual protagonists (Jason & Lucia),6,4,No,65.0,13,Yes,No,Yes,Increased,Positive
R101925,31,Male,Latin America,Xbox Series X/S,Red Dead Redemption 2,2,Gaming news sites,9,Realistic economy & businesses,10,4,Yes,85.0,7,Yes,No,No,Increased,Very Positive
R101926,25,Male,Latin America,PC,GTA San Andreas,5,YouTube,8,Dual protagonists (Jason & Lucia),5,3,No,37.0,6,Yes,Yes,Yes,Increased,Positive
R101927,22,Male,Latin America,PC,GTA San Andreas,3,Reddit,9,Open-world Vice City map,10,3,Yes,90.0,27,Yes,No,Yes,Increased,Very Positive
R101928,27,,Europe,PC,GTA V,7,Twitch,6,Open-world Vice City map,8,4,Yes,74.0,42,Yes,No,No,Increased,Very Positive
R101929,30,Female,Latin America,PlayStation 5,GTA San Andreas,4,Reddit,8,Better driving physics,8,5,Yes,68.0,27,No,No,Yes,Increased,Very Positive
R101930,29,Female,Europe,Xbox Series X/S,GTA IV,11,YouTube,8,Online/multiplayer mode,6,4,No,57.0,5,Yes,Yes,Yes,Decreased,Positive
R101931,30,Prefer not to say,Latin America,PC,GTA V,5,Official Rockstar trailer,15,Realistic economy & businesses,10,3,Maybe,86.0,18,Yes,No,Yes,Increased,Very Positive
R101932,44,Male,Europe,PlayStation 5,GTA IV,0,Reddit,7,Dual protagonists (Jason & Lucia),8,3,Maybe,69.0,8,No,No,Yes,Same,Very Positive
R101933,26,Male,Europe,PlayStation 5,Never played GTA,4,YouTube,9,Better driving physics,6,4,Maybe,78.0,18,Yes,No,Yes,Same,Positive
R101934,39,Male,Europe,PlayStation 5,GTA San Andreas,7,Twitch,8,Map size & exploration,8,2,Yes,62.0,12,No,Yes,Yes,Decreased,Very Positive
R101935,23,Female,North America,PlayStation 5,GTA Vice City,3,TikTok,8,Open-world Vice City map,6,5,Yes,53.0,9,Yes,No,Yes,Increased,Positive
R101936,22,Male,Latin America,PlayStation 5,GTA San Andreas,7,Official Rockstar trailer,6,Deeper character customization,7,4,Maybe,82.0,5,Yes,No,Yes,Increased,Positive
R101937,17,Male,Asia-Pacific,PlayStation 5,GTA V,2,X/Twitter,13,Online/multiplayer mode,9,3,Yes,94.0,42,Yes,No,No,Decreased,Very Positive
R101938,30,Female,Asia-Pacific,PC,GTA Vice City,13,Gaming news sites,9,Dual protagonists (Jason & Lucia),10,3,Yes,84.0,22,Yes,No,Yes,Increased,Very Positive
R101939,22,Female,North America,PlayStation 5 Pro,GTA Vice City,11,Twitch,10,Better driving physics,9,4,No,60.0,11,Yes,No,No,Decreased,Very Positive
R101940,26,Male,Asia-Pacific,PlayStation 5 Pro,GTA San Andreas,2,Friends,4,Realistic economy & businesses,6,5,Maybe,69.0,29,Yes,No,No,Increased,Positive
R101941,20,Male,Europe,PC,GTA V,9,Official Rockstar trailer,6,Dual protagonists (Jason & Lucia),6,4,Maybe,59.0,9,Yes,No,No,Same,Positive
R101942,31,Male,Asia-Pacific,PlayStation 5,GTA Vice City,10,YouTube,10,Better driving physics,9,5,Yes,82.0,7,Yes,Yes,Yes,Same,Very Positive
R101943,29,Male,Europe,PlayStation 5,Red Dead Redemption 2,5,Reddit,8,Dual protagonists (Jason & Lucia),7,3,Yes,86.0,9,Yes,Yes,No,Increased,Positive
R101944,17,Male,North America,PlayStation 5,GTA V,4,Gaming news sites,7,Open-world Vice City map,10,3,Yes,71.0,44,No,No,Yes,Increased,Very Positive
R101945,26,Male,Europe,PC,Red Dead Redemption 2,9,Gaming news sites,7,Dual protagonists (Jason & Lucia),8,5,Yes,91.0,27,Yes,No,Yes,Increased,Very Positive
R101946,32,Male,Middle East,Xbox Series X/S,GTA San Andreas,6,Reddit,5,Realistic economy & businesses,5,4,Yes,54.0,1,Yes,Yes,Yes,Increased,Positive
R101947,25,Female,Middle East,PlayStation 5,GTA V,6,Official Rockstar trailer,11,Dual protagonists (Jason & Lucia),9,5,Yes,65.0,21,Yes,No,Yes,Same,Very Positive
R101948,28,Female,Europe,Xbox Series X/S,GTA V,12,Official Rockstar trailer,6,Graphics & ray tracing,6,2,Yes,45.0,25,Yes,No,Yes,Increased,Positive
R101949,25,Female,Europe,PlayStation 5,GTA V,9,X/Twitter,8,Open-world Vice City map,8,4,Yes,61.0,39,Yes,No,Yes,Same,Very Positive
R101950,32,Female,Europe,PlayStation 5 Pro,GTA Vice City,7,YouTube,6,Dual protagonists (Jason & Lucia),8,5,Maybe,68.0,20,No,No,No,Increased,Very Positive
R101951,28,Female,Asia-Pacific,PlayStation 5,Red Dead Redemption 2,6,Friends,10,Improved police/AI systems,7,3,No,66.0,28,No,No,No,Increased,Positive
R101952,34,Male,Latin America,Xbox Series X/S,GTA V,10,X/Twitter,11,Open-world Vice City map,10,5,Yes,87.0,33,Yes,No,No,Increased,Very Positive
R101953,13,Female,Latin America,PlayStation 5 Pro,GTA San Andreas,8,TikTok,11,Improved police/AI systems,10,2,Yes,101.0,7,No,No,Yes,Increased,Very Positive
R101954,27,Male,Asia-Pacific,PlayStation 5,GTA San Andreas,9,Official Rockstar trailer,13,Realistic economy & businesses,8,4,Yes,73.0,16,Yes,No,No,Increased,Very Positive
R101955,31,Female,Europe,PC,GTA IV,9,YouTube,11,Map size & exploration,8,2,Yes,65.0,32,No,Yes,No,Decreased,Very Positive
R101956,26,Male,Africa,PlayStation 5,GTA V,6,X/Twitter,8,Dual protagonists (Jason & Lucia),9,3,No,79.0,8,No,No,Yes,Increased,Very Positive
R101957,26,,Middle East,PlayStation 5,GTA V,6,TikTok,10,Deeper character customization,10,4,Yes,80.0,48,Yes,No,Yes,Same,Very Positive
R101958,16,Female,Asia-Pacific,Undecided,GTA IV,0,X/Twitter,9,Realistic economy & businesses,7,3,No,62.0,12,No,No,Yes,Same,Positive
R101959,13,Male,Asia-Pacific,Xbox Series X/S,GTA V,9,YouTube,4,Graphics & ray tracing,7,5,Yes,,6,Yes,Yes,No,Same,Positive
R101960,21,Male,Europe,PC,GTA V,8,YouTube,14,Deeper character customization,8,4,No,71.0,39,Yes,No,Yes,Increased,Very Positive
R101961,28,Female,North America,PlayStation 5,GTA V,4,Gaming news sites,11,Deeper character customization,10,4,Yes,78.0,41,Yes,No,No,Decreased,Very Positive
R101962,36,Male,Europe,PC,Red Dead Redemption 2,6,YouTube,3,Map size & exploration,3,3,No,44.0,3,No,No,Yes,Same,Neutral/Cautious
R101963,29,Female,Latin America,Xbox Series X/S,GTA Vice City,6,Official Rockstar trailer,4,Deeper character customization,8,1,No,69.0,18,Yes,No,Yes,Decreased,Very Positive
R101964,27,Female,Europe,PC,GTA San Andreas,7,Gaming news sites,9,Online/multiplayer mode,9,2,Yes,81.0,13,No,Yes,Yes,Same,Very Positive
R101965,18,Male,Europe,PlayStation 5,GTA Vice City,6,Friends,11,Open-world Vice City map,8,4,Yes,83.0,9,No,No,Yes,Same,Very Positive
R101966,13,Male,Asia-Pacific,PC,GTA IV,5,Official Rockstar trailer,8,Open-world Vice City map,7,4,Yes,79.0,2,No,No,Yes,Same,Positive
R101967,35,Male,Europe,PC,GTA V,9,Official Rockstar trailer,7,Graphics & ray tracing,6,3,Maybe,53.0,10,No,No,Yes,Increased,Positive
R101968,35,Male,Europe,Xbox Series X/S,GTA IV,6,Official Rockstar trailer,9,Map size & exploration,7,3,Yes,56.0,26,Yes,Yes,No,Same,Positive
R101969,13,Female,Africa,Xbox Series X/S,Red Dead Redemption 2,5,Gaming news sites,9,Dual protagonists (Jason & Lucia),6,2,No,65.0,13,No,No,Yes,Increased,Positive
R101970,26,Male,Europe,Undecided,GTA V,6,Official Rockstar trailer,4,Online/multiplayer mode,5,4,Yes,47.0,19,Yes,Yes,Yes,Increased,Positive
R101971,36,Male,Asia-Pacific,PlayStation 5,GTA San Andreas,2,YouTube,10,Improved police/AI systems,9,2,Yes,78.0,20,No,No,No,Decreased,Very Positive
R101972,27,Male,Latin America,Xbox Series X/S,Red Dead Redemption 2,6,YouTube,14,Online/multiplayer mode,9,5,Yes,102.0,21,No,No,Yes,Increased,Very Positive
R101973,24,Male,Europe,PlayStation 5,GTA Vice City,10,TikTok,12,Realistic economy & businesses,10,5,Yes,100.0,9,No,No,Yes,Increased,Very Positive
R101974,22,Male,North America,PlayStation 5,GTA San Andreas,10,YouTube,11,Realistic economy & businesses,7,3,Maybe,71.0,10,Yes,No,Yes,Increased,Positive
R101975,26,Male,Europe,Xbox Series X/S,GTA IV,8,X/Twitter,7,Online/multiplayer mode,5,2,Maybe,65.0,18,No,Yes,No,Increased,Positive
R101976,29,Male,North America,Xbox Series X/S,GTA IV,0,Official Rockstar trailer,7,Open-world Vice City map,6,3,Maybe,62.0,9,Yes,No,No,Increased,Positive
R101977,41,Male,Asia-Pacific,PC,GTA IV,6,Official Rockstar trailer,13,Graphics & ray tracing,8,4,Maybe,69.0,20,Yes,No,No,Increased,Very Positive
R101978,32,Female,Asia-Pacific,PC,GTA IV,3,Official Rockstar trailer,13,Map size & exploration,7,3,Yes,70.0,44,No,No,Yes,Increased,Positive
R101979,31,Male,Europe,PC,GTA V,4,YouTube,9,Improved police/AI systems,7,5,Yes,82.0,16,Yes,No,Yes,Increased,Positive
R101980,24,Male,Asia-Pacific,Xbox Series X/S,GTA IV,11,Reddit,8,Better driving physics,8,3,No,,36,Yes,No,No,Same,Very Positive
R101981,47,Male,Middle East,PlayStation 5,GTA V,5,YouTube,10,Graphics & ray tracing,7,4,Maybe,65.0,25,Yes,No,Yes,Same,Positive
R101982,23,Male,Asia-Pacific,Xbox Series X/S,GTA Vice City,0,Official Rockstar trailer,5,Online/multiplayer mode,5,3,Yes,54.0,20,Yes,Yes,Yes,Same,Positive
R101983,34,Male,Asia-Pacific,PC,GTA San Andreas,2,YouTube,10,Graphics & ray tracing,6,4,Yes,63.0,9,Yes,No,No,Same,Positive
R101984,41,Male,Asia-Pacific,PC,GTA San Andreas,3,Official Rockstar trailer,7,Story & narrative depth,6,5,No,64.0,15,No,No,No,Increased,Positive
R101985,23,Male,North America,PC,GTA San Andreas,3,Official Rockstar trailer,3,Story & narrative depth,6,4,Maybe,73.0,7,Yes,No,Yes,Same,Positive
R101986,29,Male,Asia-Pacific,PC,GTA Vice City,7,Twitch,11,Open-world Vice City map,10,5,Yes,68.0,13,Yes,No,Yes,Increased,Very Positive
R101987,30,Female,Asia-Pacific,PlayStation 5 Pro,GTA V,7,Official Rockstar trailer,9,Realistic economy & businesses,9,5,Yes,89.0,16,No,No,No,Increased,Very Positive
R101988,19,Male,Asia-Pacific,PC,GTA V,9,TikTok,7,Improved police/AI systems,8,4,Yes,60.0,18,No,Yes,No,Increased,Very Positive
R101989,26,Male,Europe,PC,GTA V,5,Reddit,9,Open-world Vice City map,9,5,Yes,76.0,11,Yes,No,No,Increased,Very Positive
R101990,14,Non-binary,Latin America,Undecided,GTA V,11,Reddit,8,Dual protagonists (Jason & Lucia),9,2,No,76.0,18,Yes,No,No,Increased,Very Positive
R101991,36,Male,Asia-Pacific,PlayStation 5,GTA V,8,Official Rockstar trailer,9,Realistic economy & businesses,8,3,Yes,75.0,29,No,No,Yes,Same,Very Positive
R101992,32,Non-binary,North America,PlayStation 5,Red Dead Redemption 2,7,YouTube,12,Realistic economy & businesses,10,2,Yes,100.0,41,Yes,No,No,Same,Very Positive
R101993,34,Male,Europe,PC,GTA IV,5,X/Twitter,9,Dual protagonists (Jason & Lucia),8,4,Yes,85.0,4,No,No,Yes,Increased,Very Positive
R101994,40,Female,Asia-Pacific,PC,GTA V,11,YouTube,12,Online/multiplayer mode,8,3,Yes,77.0,26,Yes,Yes,No,Increased,Very Positive
R101995,35,Male,Africa,Xbox Series X/S,GTA V,11,Official Rockstar trailer,9,Story & narrative depth,4,5,Yes,36.0,10,No,No,Yes,Same,Neutral/Cautious
R101996,21,Non-binary,Middle East,PC,GTA V,8,X/Twitter,12,Dual protagonists (Jason & Lucia),10,5,Yes,106.0,6,Yes,No,Yes,Increased,Very Positive
R101997,34,Male,North America,PC,GTA San Andreas,7,Official Rockstar trailer,7,Deeper character customization,5,3,Maybe,60.0,3,No,Yes,Yes,Increased,Positive
R101998,37,Male,North America,Xbox Series X/S,GTA San Andreas,5,Official Rockstar trailer,10,Open-world Vice City map,8,2,Maybe,55.0,8,No,Yes,Yes,Same,Very Positive
R101999,14,Male,Africa,PlayStation 5 Pro,GTA III,6,Official Rockstar trailer,13,Dual protagonists (Jason & Lucia),9,5,Yes,83.0,21,Yes,No,Yes,Same,Very Positive
R102000,14,Male,Asia-Pacific,PlayStation 5,GTA V,10,YouTube,11,Open-world Vice City map,10,3,Yes,69.0,14,Yes,Yes,No,Increased,Very Positive
R102001,29,Female,Asia-Pacific,Xbox Series X/S,GTA V,3,X/Twitter,15,Open-world Vice City map,10,5,Yes,82.0,13,Yes,No,Yes,Increased,Very Positive
R102002,31,Female,Asia-Pacific,PlayStation 5,GTA V,10,YouTube,8,Story & narrative depth,10,3,No,74.0,42,No,No,Yes,Increased,Very Positive
R102003,29,Male,Europe,PlayStation 5,GTA San Andreas,7,Twitch,7,Improved police/AI systems,7,2,Yes,89.0,15,Yes,No,No,Increased,Positive
R102004,31,Male,Europe,Xbox Series X/S,GTA V,4,X/Twitter,8,Story & narrative depth,9,3,Yes,73.0,19,Yes,No,Yes,Increased,Very Positive
R102005,36,Male,North America,PC,GTA Vice City,1,YouTube,9,Deeper character customization,10,5,Yes,95.0,8,Yes,No,No,Same,Very Positive
R102006,20,Male,North America,PlayStation 5,GTA San Andreas,4,YouTube,9,Map size & exploration,10,4,Yes,94.0,48,No,No,No,Increased,Very Positive
R102007,26,Male,Middle East,PlayStation 5,GTA V,8,TikTok,7,Realistic economy & businesses,7,5,Yes,83.0,9,Yes,Yes,No,Increased,Positive
R102008,33,Female,Europe,PC,GTA V,5,Official Rockstar trailer,9,Dual protagonists (Jason & Lucia),9,5,Yes,72.0,25,No,No,No,Decreased,Very Positive
R102009,19,Male,Africa,Xbox Series X/S,GTA III,1,Official Rockstar trailer,12,Improved police/AI systems,10,4,Yes,92.0,14,No,No,Yes,Increased,Very Positive
R102010,37,Male,Europe,PlayStation 5,Red Dead Redemption 2,7,Official Rockstar trailer,14,Open-world Vice City map,9,4,Yes,68.0,3,No,Yes,No,Increased,Very Positive
R102011,28,Male,Middle East,PC,GTA San Andreas,5,Official Rockstar trailer,9,Story & narrative depth,10,4,Yes,85.0,11,No,No,No,Same,Very Positive
R102012,23,Male,Europe,Xbox Series X/S,GTA V,9,YouTube,10,Dual protagonists (Jason & Lucia),10,3,Yes,79.0,4,No,No,No,Decreased,Very Positive
R102013,29,Male,North America,Xbox Series X/S,Red Dead Redemption 2,9,Reddit,7,Story & narrative depth,9,4,No,65.0,5,No,Yes,No,Decreased,Very Positive
R102014,31,Male,North America,PC,GTA San Andreas,5,YouTube,4,Dual protagonists (Jason & Lucia),6,3,Yes,46.0,11,Yes,Yes,No,Increased,Positive
R102015,32,Male,Latin America,PlayStation 5,GTA IV,8,Official Rockstar trailer,4,Better driving physics,7,4,No,45.0,9,Yes,No,Yes,Increased,Positive
R102016,25,Male,Middle East,PlayStation 5,GTA III,1,X/Twitter,7,Deeper character customization,9,3,Yes,73.0,22,No,No,Yes,Increased,Very Positive
R102017,34,Female,Europe,PlayStation 5,GTA Vice City,4,Reddit,7,Map size & exploration,8,2,Yes,51.0,10,Yes,Yes,No,Same,Very Positive
R102018,34,Female,Asia-Pacific,PC,GTA V,3,Official Rockstar trailer,9,Story & narrative depth,8,4,Yes,83.0,25,No,No,Yes,Same,Very Positive
R102019,14,Male,North America,Xbox Series X/S,GTA V,3,Official Rockstar trailer,15,Map size & exploration,10,4,Yes,91.0,22,Yes,No,Yes,Same,Very Positive
R102020,17,Male,North America,PlayStation 5,Never played GTA,3,YouTube,8,Open-world Vice City map,6,3,Yes,73.0,2,Yes,No,No,Decreased,Positive
R102021,23,Male,Europe,PlayStation 5,GTA IV,4,YouTube,8,Dual protagonists (Jason & Lucia),8,5,Yes,90.0,22,No,No,Yes,Same,Very Positive
R102022,40,Male,Asia-Pacific,PC,GTA San Andreas,6,Reddit,6,Deeper character customization,6,1,Yes,84.0,4,Yes,No,Yes,Increased,Positive
R102023,24,Male,North America,PlayStation 5,GTA V,4,YouTube,8,Map size & exploration,9,4,No,92.0,3,No,No,Yes,Same,Very Positive
R102024,26,,Asia-Pacific,PC,GTA Vice City,4,Gaming news sites,10,Deeper character customization,7,4,Yes,79.0,18,No,No,Yes,Increased,Positive
R102025,26,Prefer not to say,North America,Xbox Series X/S,Red Dead Redemption 2,5,Reddit,6,Dual protagonists (Jason & Lucia),9,3,Yes,77.0,30,No,No,No,Increased,Very Positive
R102026,14,Male,Asia-Pacific,PlayStation 5 Pro,GTA V,6,TikTok,9,Open-world Vice City map,10,3,Yes,78.0,6,No,No,Yes,Increased,Very Positive
R102027,19,Male,Middle East,PC,GTA V,0,Gaming news sites,12,Open-world Vice City map,9,4,Yes,86.0,30,Yes,No,No,Increased,Very Positive
R102028,28,Male,Europe,PlayStation 5,GTA San Andreas,6,Reddit,10,Open-world Vice City map,9,5,Yes,71.0,12,No,No,Yes,Same,Very Positive
R102029,15,Male,Asia-Pacific,PlayStation 5,GTA V,1,YouTube,10,Deeper character customization,10,4,Yes,67.0,18,No,Yes,No,Same,Very Positive
R102030,26,Female,Middle East,PC,GTA V,4,X/Twitter,10,Dual protagonists (Jason & Lucia),9,3,Yes,76.0,17,Yes,No,Yes,Same,Very Positive
R102031,20,Male,Latin America,Undecided,GTA IV,5,YouTube,8,Open-world Vice City map,8,5,Maybe,66.0,18,Yes,No,No,Decreased,Very Positive
R102032,29,Male,North America,PC,GTA San Andreas,7,YouTube,13,Open-world Vice City map,10,5,Yes,91.0,10,Yes,Yes,Yes,Same,Very Positive
R102033,25,Non-binary,North America,PlayStation 5,GTA V,2,X/Twitter,9,Online/multiplayer mode,9,4,Yes,47.0,8,No,Yes,Yes,Same,Very Positive
R102034,34,Female,Latin America,PlayStation 5 Pro,GTA V,6,YouTube,7,Online/multiplayer mode,6,5,Yes,58.0,8,Yes,Yes,No,Increased,Positive
R102035,32,Male,North America,PlayStation 5,GTA IV,6,YouTube,9,Deeper character customization,6,3,No,53.0,10,Yes,No,Yes,Same,Positive
R102036,28,Male,North America,PC,Red Dead Redemption 2,5,Reddit,9,Map size & exploration,8,4,Yes,77.0,13,Yes,No,Yes,Same,Very Positive
R102037,28,Male,North America,PlayStation 5,GTA V,1,Reddit,10,Story & narrative depth,7,5,No,71.0,24,No,No,Yes,Same,Positive
R102038,31,Male,Europe,Xbox Series X/S,GTA V,9,Official Rockstar trailer,13,Story & narrative depth,10,3,Yes,83.0,13,Yes,No,No,Same,Very Positive
R102039,25,Male,Asia-Pacific,PC,GTA V,7,X/Twitter,12,Open-world Vice City map,10,3,Yes,66.0,3,No,Yes,No,Increased,Very Positive
R102040,29,Female,North America,PC,GTA V,6,YouTube,9,Story & narrative depth,7,5,Yes,64.0,7,Yes,Yes,No,Increased,Positive
R102041,22,Male,North America,Undecided,Red Dead Redemption 2,6,Official Rockstar trailer,3,Realistic economy & businesses,6,5,Maybe,76.0,1,Yes,Yes,No,Same,Positive
R102042,23,Male,Middle East,PlayStation 5,GTA V,10,Twitch,11,Realistic economy & businesses,9,3,Yes,67.0,4,Yes,Yes,No,Same,Very Positive
R102043,21,Male,North America,Xbox Series X/S,Red Dead Redemption 2,4,X/Twitter,11,Open-world Vice City map,8,4,No,50.0,17,Yes,Yes,No,Increased,Very Positive
R102044,23,Female,Europe,PC,GTA V,9,Official Rockstar trailer,9,Open-world Vice City map,7,3,Yes,47.0,20,Yes,No,Yes,Decreased,Positive
R102045,37,Male,Middle East,PC,Never played GTA,9,YouTube,5,Open-world Vice City map,3,3,No,31.0,23,Yes,No,Yes,Increased,Neutral/Cautious
R102046,22,Female,Europe,PlayStation 5,GTA V,4,TikTok,10,Realistic economy & businesses,8,4,Maybe,67.0,34,Yes,Yes,No,Same,Very Positive
R102047,24,Male,North America,PlayStation 5,GTA IV,3,Official Rockstar trailer,7,Graphics & ray tracing,6,4,Yes,78.0,6,Yes,No,Yes,Increased,Positive
R102048,18,Male,Europe,PlayStation 5 Pro,GTA V,4,Official Rockstar trailer,12,Open-world Vice City map,10,4,Yes,83.0,10,Yes,Yes,Yes,Decreased,Very Positive
R102049,27,Male,Latin America,Xbox Series X/S,GTA IV,3,YouTube,10,Story & narrative depth,8,5,Yes,87.0,7,No,No,Yes,Increased,Very Positive
R102050,35,Male,North America,PlayStation 5 Pro,Never played GTA,3,TikTok,9,Dual protagonists (Jason & Lucia),6,4,Yes,69.0,14,Yes,No,Yes,Decreased,Positive
R102051,24,Male,Europe,PlayStation 5,GTA San Andreas,6,Gaming news sites,11,Online/multiplayer mode,10,4,Yes,99.0,19,Yes,No,Yes,Same,Very Positive
R102052,26,Male,Europe,PC,GTA III,4,TikTok,16,Graphics & ray tracing,9,1,Yes,63.0,40,No,Yes,No,Same,Very Positive
R102053,13,Male,North America,PC,GTA Vice City,9,YouTube,8,Story & narrative depth,9,2,Yes,56.0,24,Yes,No,No,Same,Very Positive
R102054,20,Female,Latin America,PlayStation 5,GTA Vice City,7,Twitch,6,Dual protagonists (Jason & Lucia),8,3,No,85.0,30,Yes,No,Yes,Decreased,Very Positive
R102055,42,Female,North America,PC,GTA V,8,Reddit,14,Online/multiplayer mode,10,4,Yes,90.0,11,No,No,No,Same,Very Positive
R102056,26,Male,Europe,PlayStation 5,GTA Vice City,8,X/Twitter,7,Story & narrative depth,6,3,No,63.0,17,Yes,Yes,Yes,Same,Positive
R102057,30,Male,Asia-Pacific,Undecided,GTA V,13,YouTube,13,Dual protagonists (Jason & Lucia),7,4,Maybe,76.0,18,Yes,No,Yes,Same,Positive
R102058,14,Male,Europe,Xbox Series X/S,GTA IV,4,TikTok,5,Story & narrative depth,4,3,No,50.0,7,No,Yes,Yes,Increased,Neutral/Cautious
R102059,39,Male,Europe,PlayStation 5,GTA San Andreas,6,TikTok,14,Story & narrative depth,9,3,Yes,79.0,3,Yes,No,Yes,Increased,Very Positive
R102060,37,Male,North America,PlayStation 5,GTA V,7,YouTube,8,Deeper character customization,8,5,Maybe,82.0,16,Yes,No,Yes,Same,Very Positive
R102061,37,Male,North America,PlayStation 5,GTA San Andreas,5,X/Twitter,6,Deeper character customization,8,3,No,85.0,22,No,Yes,Yes,Increased,Very Positive
R102062,26,Male,Africa,PlayStation 5 Pro,GTA V,5,Twitch,12,Graphics & ray tracing,8,5,Yes,83.0,7,No,No,Yes,Increased,Very Positive
R102063,25,Male,North America,PlayStation 5,GTA San Andreas,7,Reddit,7,Dual protagonists (Jason & Lucia),7,5,No,62.0,13,Yes,Yes,No,Increased,Positive
R102064,25,Male,North America,Undecided,GTA V,4,TikTok,4,Online/multiplayer mode,4,4,No,44.0,8,Yes,Yes,Yes,Increased,Neutral/Cautious
R102065,29,Male,Asia-Pacific,PlayStation 5,GTA Vice City,1,YouTube,16,Online/multiplayer mode,6,2,No,82.0,20,Yes,No,No,Same,Positive
R102066,28,Male,North America,Xbox Series X/S,GTA V,3,X/Twitter,10,Story & narrative depth,8,5,Yes,71.0,5,Yes,No,No,Same,Very Positive
R102067,16,Male,North America,PlayStation 5,Red Dead Redemption 2,6,Twitch,9,Online/multiplayer mode,5,3,Maybe,47.0,4,Yes,No,No,Increased,Positive
R102068,26,Female,Africa,PlayStation 5,GTA V,9,YouTube,9,Map size & exploration,8,5,Yes,67.0,27,No,Yes,Yes,Increased,Very Positive
R102069,14,Male,Africa,PC,GTA V,8,YouTube,6,Realistic economy & businesses,5,4,Yes,64.0,30,Yes,Yes,No,Increased,Positive
R102070,33,Male,Africa,PlayStation 5,GTA V,9,TikTok,7,Story & narrative depth,8,4,No,83.0,23,No,No,Yes,Increased,Very Positive
R102071,25,Male,North America,PlayStation 5,GTA Vice City,10,Reddit,12,Deeper character customization,10,3,Yes,101.0,12,No,No,No,Increased,Very Positive
R102072,23,Female,Europe,Xbox Series X/S,Red Dead Redemption 2,5,YouTube,8,Story & narrative depth,7,3,Yes,57.0,7,No,Yes,No,Decreased,Positive
R102073,26,Male,Asia-Pacific,PlayStation 5 Pro,GTA San Andreas,2,Reddit,12,Map size & exploration,9,3,Yes,85.0,22,Yes,No,Yes,Increased,Very Positive
R102074,20,Male,North America,PlayStation 5,GTA V,5,Twitch,8,Map size & exploration,7,4,Maybe,65.0,7,No,No,Yes,Same,Positive
R102075,20,Male,Middle East,Xbox Series X/S,GTA V,7,X/Twitter,5,Map size & exploration,8,4,Yes,73.0,25,No,Yes,No,Increased,Very Positive
R102076,30,Female,North America,PC,GTA V,6,Twitch,8,Dual protagonists (Jason & Lucia),5,3,Yes,49.0,22,No,Yes,Yes,Increased,Positive
R102077,25,Female,Europe,PC,GTA III,9,TikTok,8,Realistic economy & businesses,8,3,No,76.0,5,Yes,No,No,Increased,Very Positive
R102078,40,Non-binary,North America,PC,GTA IV,2,Official Rockstar trailer,8,Dual protagonists (Jason & Lucia),7,2,Maybe,64.0,25,No,Yes,Yes,Increased,Positive
R102079,23,Male,North America,PlayStation 5,GTA V,10,YouTube,7,Open-world Vice City map,5,4,Yes,51.0,13,Yes,Yes,Yes,Increased,Positive
R102080,13,Male,Europe,PlayStation 5,Red Dead Redemption 2,10,Official Rockstar trailer,7,Map size & exploration,9,4,Yes,78.0,6,Yes,Yes,No,Increased,Very Positive
R102081,36,Male,Europe,PlayStation 5,GTA Vice City,10,Twitch,9,Dual protagonists (Jason & Lucia),8,5,Yes,86.0,9,No,No,No,Increased,Very Positive
R102082,13,Male,Asia-Pacific,PlayStation 5,GTA San Andreas,1,YouTube,7,Open-world Vice City map,8,3,Yes,70.0,4,Yes,Yes,Yes,Same,Very Positive
R102083,24,Male,North America,PlayStation 5,GTA IV,10,Official Rockstar trailer,6,Open-world Vice City map,5,5,Maybe,48.0,9,No,Yes,Yes,Increased,Positive
R102084,28,Non-binary,North America,Xbox Series X/S,GTA V,0,Official Rockstar trailer,14,Map size & exploration,10,4,Yes,69.0,6,Yes,No,Yes,Increased,Very Positive
R102085,43,Male,Latin America,PC,GTA V,5,Official Rockstar trailer,9,Realistic economy & businesses,8,5,Maybe,65.0,30,No,No,No,Increased,Very Positive
R102086,20,Female,Asia-Pacific,PlayStation 5,GTA V,5,YouTube,7,Realistic economy & businesses,8,2,Yes,93.0,44,Yes,No,No,Increased,Very Positive
R102087,34,Male,Europe,PC,GTA San Andreas,0,Official Rockstar trailer,9,Better driving physics,7,5,Yes,51.0,7,Yes,Yes,No,Increased,Positive
R102088,19,Male,Europe,PlayStation 5,GTA V,11,Gaming news sites,6,Dual protagonists (Jason & Lucia),7,5,Yes,58.0,28,Yes,Yes,No,Decreased,Positive
R102089,31,Male,Europe,PC,GTA San Andreas,8,YouTube,15,Dual protagonists (Jason & Lucia),8,5,Yes,85.0,9,No,No,Yes,Increased,Very Positive
R102090,23,Male,Latin America,PC,GTA V,4,YouTube,13,Map size & exploration,10,4,Yes,,43,No,No,No,Decreased,Very Positive
R102091,27,Female,Europe,PC,GTA V,7,Friends,11,Deeper character customization,9,5,Yes,87.0,7,No,No,No,Increased,Very Positive
R102092,25,Female,Europe,PlayStation 5,GTA V,9,TikTok,11,Map size & exploration,10,3,Yes,101.0,14,Yes,No,Yes,Increased,Very Positive
R102093,32,Male,North America,PC,Red Dead Redemption 2,4,X/Twitter,4,Story & narrative depth,7,2,Yes,77.0,9,Yes,No,Yes,Same,Positive
R102094,33,Male,North America,PlayStation 5,GTA Vice City,3,Gaming news sites,9,Better driving physics,4,2,No,52.0,20,No,No,No,Same,Neutral/Cautious
R102095,24,Male,North America,PC,Red Dead Redemption 2,6,Reddit,8,Story & narrative depth,6,5,Yes,42.0,13,No,No,Yes,Increased,Positive
R102096,30,Male,Asia-Pacific,PlayStation 5,GTA San Andreas,9,Twitch,5,Realistic economy & businesses,4,3,No,,16,No,Yes,Yes,Same,Neutral/Cautious
R102097,34,Male,North America,PlayStation 5 Pro,GTA V,10,YouTube,15,Map size & exploration,10,2,Yes,82.0,4,No,No,Yes,Same,Very Positive
R102098,14,Male,Asia-Pacific,Xbox Series X/S,GTA V,8,Official Rockstar trailer,4,Open-world Vice City map,6,3,No,64.0,22,Yes,No,No,Increased,Positive
R102099,18,Male,North America,PC,GTA V,7,TikTok,13,Improved police/AI systems,8,3,Yes,55.0,5,Yes,Yes,Yes,Increased,Very Positive
R102100,25,Male,Latin America,Undecided,Red Dead Redemption 2,13,YouTube,11,Realistic economy & businesses,9,5,Yes,81.0,25,Yes,No,No,Same,Very Positive
R102101,28,Male,Africa,PC,GTA V,5,TikTok,9,Better driving physics,6,5,Yes,62.0,4,No,No,Yes,Same,Positive
R102102,26,Female,Latin America,Undecided,GTA V,8,Official Rockstar trailer,10,Graphics & ray tracing,6,4,No,54.0,16,Yes,No,Yes,Increased,Positive
R102103,37,Female,Middle East,PlayStation 5,GTA V,5,Official Rockstar trailer,10,Map size & exploration,10,5,Yes,78.0,20,No,No,No,Increased,Very Positive
R102104,35,Male,North America,PlayStation 5,GTA IV,7,Gaming news sites,12,Improved police/AI systems,9,3,Yes,72.0,13,No,No,Yes,Same,Very Positive
R102105,38,Male,Middle East,Xbox Series X/S,Red Dead Redemption 2,5,Official Rockstar trailer,7,Improved police/AI systems,9,3,Yes,41.0,7,No,Yes,No,Decreased,Very Positive
R102106,33,Male,Asia-Pacific,Xbox Series X/S,GTA Vice City,12,Official Rockstar trailer,6,Story & narrative depth,9,3,Yes,82.0,33,Yes,No,Yes,Same,Very Positive
R102107,22,Male,Asia-Pacific,PlayStation 5,GTA V,4,YouTube,10,Dual protagonists (Jason & Lucia),8,4,No,68.0,7,No,No,No,Increased,Very Positive
R102108,25,Male,Asia-Pacific,PlayStation 5,GTA V,5,Official Rockstar trailer,9,Dual protagonists (Jason & Lucia),7,5,No,81.0,7,No,No,Yes,Increased,Positive
R102109,28,Male,Latin America,PC,GTA San Andreas,5,Reddit,5,Online/multiplayer mode,6,4,Yes,70.0,11,Yes,No,Yes,Same,Positive
R102110,27,Male,Asia-Pacific,Undecided,Red Dead Redemption 2,6,Friends,16,Graphics & ray tracing,8,2,Yes,60.0,9,Yes,Yes,No,Same,Very Positive
R102111,16,Male,Europe,Xbox Series X/S,GTA V,6,Twitch,10,Story & narrative depth,8,4,Yes,86.0,6,No,No,Yes,Same,Very Positive
R102112,27,Male,Latin America,PC,GTA San Andreas,6,X/Twitter,9,Online/multiplayer mode,8,5,Yes,47.0,12,Yes,No,Yes,Increased,Very Positive
R102113,29,Male,Latin America,PC,GTA Vice City,5,YouTube,6,Deeper character customization,5,5,Maybe,55.0,12,Yes,Yes,No,Increased,Positive
R102114,25,Male,Latin America,Xbox Series X/S,GTA V,3,Friends,11,Story & narrative depth,10,3,Yes,88.0,4,No,Yes,Yes,Increased,Very Positive
R102115,21,Male,Asia-Pacific,PC,GTA V,12,X/Twitter,9,Dual protagonists (Jason & Lucia),10,4,Yes,87.0,14,Yes,Yes,Yes,Increased,Very Positive
R102116,25,Prefer not to say,North America,PlayStation 5,GTA San Andreas,6,YouTube,8,Story & narrative depth,8,4,Yes,74.0,44,No,No,No,Increased,Very Positive
R102117,26,Female,North America,Undecided,GTA San Andreas,0,Official Rockstar trailer,6,Open-world Vice City map,5,3,No,58.0,12,Yes,Yes,No,Increased,Positive
R102118,24,Male,North America,PlayStation 5,GTA San Andreas,5,TikTok,14,Online/multiplayer mode,7,2,Maybe,73.0,22,Yes,No,Yes,Increased,Positive
R102119,13,Male,Latin America,PC,GTA V,5,X/Twitter,10,Realistic economy & businesses,7,4,Yes,62.0,4,Yes,Yes,Yes,Increased,Positive
R102120,21,Male,North America,PC,GTA V,4,Reddit,10,Online/multiplayer mode,9,4,Yes,83.0,31,Yes,No,Yes,Decreased,Very Positive
R102121,38,Male,North America,PlayStation 5,GTA V,9,TikTok,7,Realistic economy & businesses,9,4,Yes,81.0,10,Yes,No,Yes,Same,Very Positive
R102122,24,Non-binary,Europe,PlayStation 5,GTA V,0,Official Rockstar trailer,7,Graphics & ray tracing,8,4,Yes,58.0,16,Yes,No,Yes,Same,Very Positive
R102123,18,Male,Africa,PlayStation 5 Pro,GTA V,11,Gaming news sites,10,Deeper character customization,8,3,Maybe,75.0,9,No,Yes,Yes,Increased,Very Positive
R102124,50,Male,Middle East,PC,Never played GTA,10,Official Rockstar trailer,7,Open-world Vice City map,2,3,No,27.0,8,Yes,Yes,Yes,Same,Neutral/Cautious
R102125,34,Male,Middle East,PC,GTA Vice City,10,Official Rockstar trailer,6,Graphics & ray tracing,7,2,Yes,78.0,11,No,No,Yes,Increased,Positive
R102126,26,Female,Latin America,PlayStation 5,GTA V,11,Official Rockstar trailer,9,Online/multiplayer mode,7,5,Yes,76.0,13,No,No,No,Increased,Positive
R102127,48,Male,Europe,PlayStation 5,GTA San Andreas,8,Official Rockstar trailer,8,Open-world Vice City map,6,4,No,65.0,3,No,Yes,Yes,Increased,Positive
R102128,26,Male,Middle East,PlayStation 5,GTA V,5,X/Twitter,12,Dual protagonists (Jason & Lucia),10,4,Yes,79.0,11,Yes,No,No,Decreased,Very Positive
R102129,27,Female,North America,Undecided,GTA IV,0,Official Rockstar trailer,7,Story & narrative depth,6,3,No,67.0,10,Yes,Yes,Yes,Same,Positive
R102130,13,Male,North America,PlayStation 5,GTA V,2,Official Rockstar trailer,10,Better driving physics,6,4,Maybe,50.0,16,Yes,No,Yes,Increased,Positive
R102131,13,Male,Middle East,PlayStation 5 Pro,GTA Vice City,7,Reddit,6,Open-world Vice City map,7,3,Yes,52.0,3,No,No,Yes,Increased,Positive
R102132,32,Female,Europe,PC,GTA IV,10,Reddit,12,Dual protagonists (Jason & Lucia),10,5,Yes,86.0,14,No,No,Yes,Same,Very Positive
R102133,24,Male,Latin America,PlayStation 5,GTA Vice City,9,Reddit,7,Map size & exploration,7,3,Yes,95.0,9,Yes,No,No,Increased,Positive
R102134,18,Male,Latin America,PC,GTA San Andreas,4,X/Twitter,8,Deeper character customization,10,4,Yes,84.0,6,Yes,No,Yes,Same,Very Positive
R102135,34,Male,Latin America,PlayStation 5,Red Dead Redemption 2,8,Gaming news sites,12,Story & narrative depth,8,3,Yes,66.0,63,Yes,Yes,Yes,Decreased,Very Positive
R102136,18,Male,Europe,Undecided,GTA IV,7,X/Twitter,11,Deeper character customization,7,5,Maybe,59.0,6,Yes,Yes,Yes,Increased,Positive
R102137,25,Male,Asia-Pacific,PlayStation 5,GTA San Andreas,7,Reddit,12,Online/multiplayer mode,7,5,Yes,80.0,23,Yes,Yes,Yes,Same,Positive
R102138,21,Male,Asia-Pacific,PlayStation 5,GTA V,3,Gaming news sites,9,Dual protagonists (Jason & Lucia),9,2,Yes,83.0,29,Yes,No,No,Increased,Very Positive
R102139,42,Male,Europe,PlayStation 5,GTA Vice City,6,Official Rockstar trailer,8,Deeper character customization,8,4,Yes,72.0,24,Yes,No,Yes,Increased,Very Positive
R102140,19,Male,Europe,PlayStation 5,GTA Vice City,7,Official Rockstar trailer,12,Graphics & ray tracing,7,3,Maybe,63.0,72,No,No,Yes,Increased,Positive
R102141,17,Male,Europe,PC,GTA Vice City,9,Official Rockstar trailer,7,Map size & exploration,8,4,Yes,92.0,27,Yes,No,No,Increased,Very Positive
R102142,33,Male,North America,Xbox Series X/S,GTA IV,6,YouTube,5,Online/multiplayer mode,5,2,Maybe,49.0,9,No,No,Yes,Increased,Positive
R102143,29,Male,North America,PC,GTA V,2,TikTok,8,Improved police/AI systems,5,4,Yes,55.0,6,No,No,No,Decreased,Positive
R102144,29,Male,Europe,PlayStation 5,GTA V,6,X/Twitter,6,Deeper character customization,4,5,Maybe,50.0,3,Yes,No,Yes,Same,Neutral/Cautious
R102145,20,Male,Europe,PC,GTA V,7,Official Rockstar trailer,9,Deeper character customization,9,4,Yes,69.0,15,Yes,Yes,Yes,Same,Very Positive
R102146,24,Female,North America,PC,Red Dead Redemption 2,4,Reddit,1,Improved police/AI systems,5,4,No,58.0,14,No,Yes,Yes,Decreased,Positive
R102147,36,Male,Europe,Xbox Series X/S,GTA Vice City,5,Friends,7,Open-world Vice City map,7,4,Maybe,69.0,8,No,Yes,Yes,Same,Positive
R102148,22,Female,Middle East,PlayStation 5,GTA V,5,Gaming news sites,16,Open-world Vice City map,10,4,No,103.0,8,No,No,Yes,Increased,Very Positive
R102149,30,Male,Europe,PlayStation 5 Pro,Never played GTA,6,TikTok,12,Graphics & ray tracing,7,5,Yes,64.0,12,No,Yes,No,Increased,Positive
R102150,13,Male,North America,PC,GTA V,6,Reddit,13,Improved police/AI systems,9,4,Yes,70.0,6,No,No,Yes,Increased,Very Positive
R102151,25,Male,Europe,PlayStation 5,GTA IV,7,YouTube,8,Map size & exploration,8,2,Yes,78.0,13,Yes,No,No,Decreased,Very Positive
R102152,23,Male,Latin America,PC,GTA San Andreas,4,TikTok,10,Online/multiplayer mode,10,4,Yes,102.0,33,No,Yes,Yes,Decreased,Very Positive
R102153,18,Male,North America,PlayStation 5,GTA San Andreas,6,Official Rockstar trailer,9,Better driving physics,7,3,No,65.0,5,No,Yes,Yes,Same,Positive
R102154,20,Male,Latin America,PlayStation 5,GTA V,7,Gaming news sites,11,Improved police/AI systems,7,5,Yes,53.0,6,No,Yes,Yes,Same,Positive
R102155,23,Non-binary,Middle East,PlayStation 5,GTA Vice City,3,TikTok,8,Open-world Vice City map,8,2,Yes,78.0,5,Yes,No,Yes,Increased,Very Positive
R102156,24,Male,Europe,PlayStation 5,Red Dead Redemption 2,6,Official Rockstar trailer,8,Dual protagonists (Jason & Lucia),9,5,Yes,77.0,26,No,No,No,Decreased,Very Positive
R102157,13,Male,Europe,PC,GTA San Andreas,8,Official Rockstar trailer,7,Dual protagonists (Jason & Lucia),7,3,Yes,62.0,8,Yes,Yes,Yes,Decreased,Positive
R102158,33,Male,Latin America,PlayStation 5,GTA V,3,YouTube,6,Dual protagonists (Jason & Lucia),6,4,Yes,45.0,22,Yes,No,Yes,Increased,Positive
R102159,33,Male,Asia-Pacific,PC,GTA IV,4,YouTube,5,Open-world Vice City map,4,4,Maybe,66.0,9,Yes,No,Yes,Increased,Neutral/Cautious
R102160,26,Male,Latin America,Xbox Series X/S,Red Dead Redemption 2,1,YouTube,2,Open-world Vice City map,6,4,Yes,73.0,32,No,No,No,Same,Positive
R102161,40,Female,Europe,PC,GTA Vice City,8,Reddit,13,Online/multiplayer mode,8,4,Yes,79.0,16,Yes,No,Yes,Increased,Very Positive
R102162,32,Female,North America,PlayStation 5,GTA V,9,TikTok,16,Story & narrative depth,10,5,Yes,61.0,15,No,Yes,Yes,Increased,Very Positive
R102163,13,Male,Latin America,PlayStation 5,GTA V,4,YouTube,8,Online/multiplayer mode,9,4,No,71.0,23,No,Yes,Yes,Decreased,Very Positive
R102164,22,Male,Middle East,PlayStation 5,GTA V,6,TikTok,11,Open-world Vice City map,9,4,Maybe,76.0,15,Yes,No,No,Increased,Very Positive
R102165,31,Male,Europe,PlayStation 5,GTA San Andreas,12,Gaming news sites,7,Online/multiplayer mode,6,4,Maybe,65.0,2,No,No,No,Increased,Positive
R102166,36,Male,Europe,PlayStation 5,GTA San Andreas,6,Twitch,4,Graphics & ray tracing,6,3,Yes,51.0,21,Yes,Yes,Yes,Decreased,Positive
R102167,32,Male,Africa,PlayStation 5,GTA III,0,TikTok,3,Open-world Vice City map,3,3,No,32.0,9,Yes,Yes,Yes,Increased,Neutral/Cautious
R102168,25,Male,Asia-Pacific,PlayStation 5,Red Dead Redemption 2,6,TikTok,6,Dual protagonists (Jason & Lucia),7,5,No,71.0,7,No,No,Yes,Increased,Positive
R102169,22,Male,Europe,PlayStation 5,GTA III,4,Official Rockstar trailer,13,Improved police/AI systems,10,3,Yes,73.0,13,No,No,No,Decreased,Very Positive
R102170,37,Male,North America,PC,GTA IV,3,Gaming news sites,5,Dual protagonists (Jason & Lucia),4,3,No,71.0,19,Yes,Yes,Yes,Increased,Neutral/Cautious
R102171,14,Female,Asia-Pacific,PC,GTA Vice City,5,X/Twitter,16,Open-world Vice City map,9,3,Yes,78.0,4,Yes,Yes,Yes,Same,Very Positive
R102172,22,Male,Latin America,Xbox Series X/S,GTA San Andreas,9,YouTube,9,Better driving physics,6,3,Maybe,48.0,9,Yes,Yes,No,Same,Positive
R102173,38,Male,Latin America,Xbox Series X/S,GTA V,9,Friends,13,Story & narrative depth,9,4,Yes,66.0,7,No,No,Yes,Increased,Very Positive
R102174,28,Male,North America,PC,GTA San Andreas,8,YouTube,6,Map size & exploration,5,3,Yes,39.0,8,No,Yes,Yes,Decreased,Positive
R102175,36,Non-binary,Europe,Xbox Series X/S,GTA V,3,X/Twitter,4,Open-world Vice City map,5,5,Yes,53.0,5,Yes,Yes,No,Same,Positive
R102176,20,Male,Latin America,Xbox Series X/S,GTA V,4,Friends,11,Open-world Vice City map,10,5,No,76.0,38,Yes,No,No,Increased,Very Positive
R102177,19,Male,Asia-Pacific,PlayStation 5,GTA V,9,Gaming news sites,11,Story & narrative depth,10,4,Yes,89.0,24,Yes,No,Yes,Same,Very Positive
R102178,25,Male,North America,PlayStation 5,GTA V,4,Reddit,8,Open-world Vice City map,7,4,No,61.0,33,No,No,Yes,Decreased,Positive
R102179,22,Male,North America,PC,GTA San Andreas,7,YouTube,14,Open-world Vice City map,10,4,Yes,114.0,8,Yes,No,No,Increased,Very Positive
R102180,27,Male,North America,PC,GTA San Andreas,7,Reddit,5,Improved police/AI systems,4,3,No,44.0,1,Yes,Yes,Yes,Increased,Neutral/Cautious
R102181,26,Male,North America,PlayStation 5,GTA III,5,X/Twitter,6,Story & narrative depth,8,3,Yes,88.0,41,Yes,No,Yes,Increased,Very Positive
R102182,31,Male,Asia-Pacific,PlayStation 5,GTA IV,10,Official Rockstar trailer,9,Graphics & ray tracing,7,3,Yes,92.0,9,No,No,Yes,Increased,Positive
R102183,23,Female,Europe,PlayStation 5,GTA Vice City,10,Reddit,6,Better driving physics,9,5,Yes,80.0,2,Yes,No,No,Increased,Very Positive
R102184,24,Male,North America,Xbox Series X/S,Red Dead Redemption 2,4,Official Rockstar trailer,7,Map size & exploration,9,5,Yes,59.0,10,No,Yes,Yes,Increased,Very Positive
R102185,20,Female,Africa,PlayStation 5,GTA III,5,YouTube,9,Open-world Vice City map,10,2,Yes,76.0,12,Yes,No,No,Same,Very Positive
R102186,17,Male,Europe,PlayStation 5,GTA III,6,YouTube,11,Better driving physics,10,3,Yes,79.0,1,Yes,Yes,No,Increased,Very Positive
R102187,25,Male,Europe,PC,GTA San Andreas,6,YouTube,7,Realistic economy & businesses,7,5,Yes,82.0,16,No,No,No,Same,Positive
R102188,37,,North America,Xbox Series X/S,GTA V,7,Friends,10,Open-world Vice City map,6,5,Yes,68.0,20,Yes,Yes,Yes,Same,Positive
R102189,22,Prefer not to say,Asia-Pacific,PlayStation 5,GTA V,8,YouTube,13,Dual protagonists (Jason & Lucia),10,3,Yes,90.0,25,No,No,Yes,Decreased,Very Positive
R102190,32,Female,Europe,PlayStation 5,GTA V,11,TikTok,7,Open-world Vice City map,9,5,Yes,60.0,14,Yes,No,Yes,Same,Very Positive
R102191,30,Male,North America,PlayStation 5,Red Dead Redemption 2,4,Gaming news sites,9,Map size & exploration,9,5,Yes,91.0,28,Yes,No,Yes,Increased,Very Positive
R102192,25,Male,North America,PlayStation 5 Pro,GTA V,5,Official Rockstar trailer,4,Dual protagonists (Jason & Lucia),6,4,No,80.0,6,No,No,Yes,Decreased,Positive
R102193,21,Female,North America,Xbox Series X/S,GTA Vice City,3,Gaming news sites,6,Deeper character customization,8,3,Yes,64.0,31,Yes,Yes,Yes,Same,Very Positive
R102194,36,Non-binary,North America,PC,Red Dead Redemption 2,5,YouTube,8,Dual protagonists (Jason & Lucia),10,4,Yes,77.0,7,Yes,No,Yes,Decreased,Very Positive
R102195,27,Male,Middle East,Xbox Series X/S,GTA V,7,Friends,7,Graphics & ray tracing,9,3,Yes,89.0,13,No,No,Yes,Increased,Very Positive
R102196,29,Female,North America,PC,Never played GTA,9,YouTube,11,Dual protagonists (Jason & Lucia),6,3,Yes,41.0,12,Yes,Yes,Yes,Increased,Positive
R102197,13,Male,Middle East,PC,GTA San Andreas,2,Official Rockstar trailer,10,Dual protagonists (Jason & Lucia),6,4,Yes,59.0,9,Yes,No,Yes,Increased,Positive
R102198,36,Male,Africa,PlayStation 5,GTA III,13,Official Rockstar trailer,10,Story & narrative depth,5,3,No,61.0,6,Yes,No,Yes,Increased,Positive
R102199,22,Male,North America,PlayStation 5 Pro,GTA Vice City,6,Official Rockstar trailer,7,Story & narrative depth,5,4,No,45.0,19,Yes,Yes,Yes,Same,Positive
R102200,23,Male,Latin America,PC,GTA V,11,YouTube,10,Graphics & ray tracing,8,5,No,,25,Yes,Yes,No,Increased,Very Positive
R102201,20,Male,Africa,PlayStation 5,GTA III,6,YouTube,11,Better driving physics,10,3,Yes,84.0,8,No,No,Yes,Decreased,Very Positive
R102202,13,Female,Asia-Pacific,PC,GTA V,3,Official Rockstar trailer,9,Better driving physics,5,3,Maybe,63.0,28,No,No,Yes,Increased,Positive
R102203,13,Male,North America,PlayStation 5,GTA V,8,YouTube,5,Online/multiplayer mode,6,4,Maybe,80.0,8,Yes,Yes,No,Increased,Positive
R102204,40,Male,Middle East,Xbox Series X/S,GTA V,11,Official Rockstar trailer,9,Realistic economy & businesses,7,3,Yes,68.0,11,Yes,Yes,No,Increased,Positive
R102205,32,Male,Asia-Pacific,Xbox Series X/S,GTA San Andreas,3,YouTube,12,Story & narrative depth,7,2,Yes,81.0,34,Yes,No,No,Increased,Positive
R102206,24,Female,Asia-Pacific,PlayStation 5,GTA V,4,Reddit,9,Improved police/AI systems,9,3,Yes,77.0,13,No,No,Yes,Increased,Very Positive
R102207,13,Male,Europe,PlayStation 5,GTA V,5,X/Twitter,17,Map size & exploration,10,4,Yes,78.0,15,Yes,Yes,Yes,Increased,Very Positive
R102208,39,Male,Asia-Pacific,Xbox Series X/S,Red Dead Redemption 2,6,X/Twitter,13,Story & narrative depth,10,4,Yes,88.0,22,No,No,Yes,Increased,Very Positive
R102209,27,Male,Asia-Pacific,Xbox Series X/S,GTA San Andreas,3,YouTube,9,Dual protagonists (Jason & Lucia),9,2,Yes,91.0,14,No,No,Yes,Increased,Very Positive
R102210,30,Male,Middle East,PlayStation 5,GTA Vice City,10,X/Twitter,10,Open-world Vice City map,8,4,Yes,75.0,4,Yes,No,Yes,Increased,Very Positive
R102211,42,Male,North America,Xbox Series X/S,Red Dead Redemption 2,10,Official Rockstar trailer,13,Improved police/AI systems,8,3,Yes,71.0,23,No,No,Yes,Increased,Very Positive
R102212,34,Male,Latin America,PC,GTA San Andreas,5,YouTube,11,Story & narrative depth,7,3,Maybe,62.0,5,Yes,Yes,No,Increased,Positive
R102213,33,Male,Asia-Pacific,PC,GTA San Andreas,5,TikTok,13,Open-world Vice City map,8,4,No,78.0,9,Yes,No,No,Decreased,Very Positive
R102214,13,Male,Asia-Pacific,PlayStation 5,GTA Vice City,8,TikTok,7,Open-world Vice City map,6,3,Yes,32.0,34,No,Yes,Yes,Decreased,Positive
R102215,24,Male,Asia-Pacific,Undecided,GTA San Andreas,9,X/Twitter,13,Graphics & ray tracing,9,3,Yes,96.0,12,No,Yes,No,Same,Very Positive
R102216,37,Female,Asia-Pacific,Xbox Series X/S,GTA III,8,Friends,11,Open-world Vice City map,8,5,Yes,85.0,7,Yes,Yes,Yes,Same,Very Positive
R102217,30,Male,Asia-Pacific,PlayStation 5,GTA V,6,Reddit,13,Online/multiplayer mode,10,4,Yes,77.0,13,Yes,Yes,Yes,Decreased,Very Positive
R102218,15,Male,Asia-Pacific,PlayStation 5,GTA Vice City,5,YouTube,15,Dual protagonists (Jason & Lucia),9,3,Yes,91.0,7,Yes,No,Yes,Same,Very Positive
R102219,15,Male,North America,Xbox Series X/S,GTA V,2,TikTok,9,Open-world Vice City map,7,4,Yes,69.0,17,No,No,Yes,Increased,Positive
R102220,27,Male,Africa,Xbox Series X/S,Red Dead Redemption 2,6,Friends,3,Story & narrative depth,7,5,Yes,73.0,13,Yes,No,No,Increased,Positive
R102221,23,Male,Africa,Xbox Series X/S,GTA V,12,YouTube,9,Graphics & ray tracing,8,5,Yes,62.0,19,No,No,Yes,Same,Very Positive
R102222,14,Male,Middle East,PlayStation 5,GTA V,1,YouTube,8,Deeper character customization,10,5,Yes,100.0,21,Yes,No,Yes,Same,Very Positive
R102223,14,Male,Europe,PlayStation 5,GTA V,0,Twitch,7,Deeper character customization,10,4,Yes,83.0,10,No,No,No,Increased,Very Positive
R102224,18,Female,North America,PC,GTA V,3,TikTok,5,Open-world Vice City map,7,2,Maybe,40.0,6,Yes,Yes,No,Decreased,Positive
R102225,36,Female,North America,Xbox Series X/S,GTA IV,5,Official Rockstar trailer,11,Dual protagonists (Jason & Lucia),9,4,Yes,81.0,21,No,No,Yes,Same,Very Positive
R102226,13,Male,Europe,PlayStation 5 Pro,GTA San Andreas,11,YouTube,7,Realistic economy & businesses,8,3,No,58.0,32,No,No,Yes,Increased,Very Positive
R102227,21,Male,Latin America,PlayStation 5,GTA San Andreas,4,Gaming news sites,17,Deeper character customization,10,4,Yes,84.0,19,Yes,No,No,Same,Very Positive
R102228,14,Female,Middle East,PlayStation 5,GTA V,5,YouTube,9,Map size & exploration,10,3,Maybe,67.0,5,Yes,Yes,No,Same,Very Positive
R102229,22,Female,North America,PC,Red Dead Redemption 2,6,TikTok,12,Realistic economy & businesses,10,5,Yes,80.0,24,No,No,Yes,Decreased,Very Positive
R102230,17,Female,Middle East,PlayStation 5,GTA V,10,YouTube,6,Map size & exploration,8,4,Yes,80.0,17,Yes,Yes,Yes,Increased,Very Positive
R102231,13,Male,North America,PC,GTA San Andreas,13,Official Rockstar trailer,8,Graphics & ray tracing,6,5,Yes,58.0,22,No,Yes,Yes,Increased,Positive
R102232,38,Male,Africa,PlayStation 5,GTA IV,4,TikTok,8,Better driving physics,8,5,Yes,65.0,32,Yes,No,No,Same,Very Positive
R102233,31,Male,Europe,PlayStation 5 Pro,GTA IV,11,X/Twitter,10,Dual protagonists (Jason & Lucia),8,3,Yes,65.0,7,No,Yes,No,Same,Very Positive
R102234,23,Male,North America,PC,GTA V,8,X/Twitter,6,Deeper character customization,7,5,Maybe,29.0,10,No,Yes,Yes,Increased,Positive
R102235,26,Female,Europe,PlayStation 5 Pro,GTA IV,8,Twitch,8,Story & narrative depth,9,4,Yes,82.0,18,No,No,Yes,Increased,Very Positive
R102236,25,Male,Europe,PC,GTA San Andreas,8,YouTube,11,Map size & exploration,10,4,Yes,106.0,10,No,No,Yes,Decreased,Very Positive
R102237,27,Male,Europe,PlayStation 5,GTA San Andreas,5,Twitch,12,Online/multiplayer mode,10,3,Yes,104.0,19,Yes,No,No,Same,Very Positive
R102238,13,Female,Asia-Pacific,PlayStation 5,GTA San Andreas,5,TikTok,9,Dual protagonists (Jason & Lucia),9,3,Yes,48.0,16,Yes,No,Yes,Same,Very Positive
R102239,25,Female,North America,Xbox Series X/S,Red Dead Redemption 2,6,Reddit,12,Realistic economy & businesses,8,4,No,65.0,13,Yes,No,No,Increased,Very Positive
R102240,23,Male,Asia-Pacific,PlayStation 5,GTA V,7,Gaming news sites,3,Open-world Vice City map,5,4,No,59.0,41,Yes,Yes,No,Increased,Positive
R102241,30,Female,Africa,PlayStation 5,GTA V,4,TikTok,8,Open-world Vice City map,8,5,Maybe,79.0,27,No,No,No,Increased,Very Positive
R102242,21,Male,North America,PlayStation 5,GTA San Andreas,3,TikTok,11,Improved police/AI systems,7,5,Yes,74.0,2,Yes,No,Yes,Increased,Positive
R102243,19,Female,North America,PlayStation 5,GTA V,4,Official Rockstar trailer,13,Story & narrative depth,10,5,Yes,80.0,29,Yes,Yes,No,Increased,Very Positive
R102244,38,Male,Europe,PlayStation 5 Pro,GTA V,9,YouTube,9,Open-world Vice City map,9,5,Yes,70.0,11,No,No,Yes,Increased,Very Positive
R102245,35,Male,Asia-Pacific,Xbox Series X/S,GTA V,3,YouTube,7,Story & narrative depth,9,5,No,67.0,8,No,No,Yes,Decreased,Very Positive
R102246,25,Male,North America,PlayStation 5,GTA IV,3,Official Rockstar trailer,7,Online/multiplayer mode,5,4,No,76.0,19,Yes,No,Yes,Increased,Positive
R102247,27,Male,Europe,PlayStation 5,GTA V,3,YouTube,9,Realistic economy & businesses,9,4,Maybe,87.0,2,Yes,No,Yes,Increased,Very Positive
R102248,14,Male,Asia-Pacific,Xbox Series X/S,GTA V,4,YouTube,14,Open-world Vice City map,10,4,Yes,73.0,8,Yes,Yes,No,Increased,Very Positive
R102249,21,Male,Europe,Xbox Series X/S,GTA V,7,X/Twitter,10,Graphics & ray tracing,7,5,No,52.0,3,Yes,No,Yes,Same,Positive
R102250,13,Male,Europe,PlayStation 5,Never played GTA,6,X/Twitter,7,Story & narrative depth,6,4,Maybe,64.0,3,Yes,Yes,No,Same,Positive
R102251,41,Male,North America,PC,GTA San Andreas,8,TikTok,10,Story & narrative depth,8,5,Yes,79.0,10,No,No,No,Decreased,Very Positive
R102252,25,Female,Europe,PlayStation 5,GTA V,8,X/Twitter,14,Dual protagonists (Jason & Lucia),9,5,Yes,78.0,27,Yes,No,No,Decreased,Very Positive
R102253,36,Male,Latin America,PlayStation 5 Pro,GTA V,6,Reddit,2,Story & narrative depth,6,3,Yes,66.0,17,Yes,Yes,Yes,Increased,Positive
R102254,19,Male,Africa,Xbox Series X/S,GTA V,5,X/Twitter,8,Open-world Vice City map,8,4,No,68.0,16,Yes,Yes,Yes,Same,Very Positive
R102255,28,Female,Asia-Pacific,Xbox Series X/S,Red Dead Redemption 2,0,Official Rockstar trailer,13,Dual protagonists (Jason & Lucia),8,5,Maybe,66.0,11,Yes,Yes,Yes,Same,Very Positive
R102256,29,Male,Latin America,PC,GTA Vice City,3,YouTube,4,Story & narrative depth,4,4,Maybe,34.0,25,Yes,No,Yes,Increased,Neutral/Cautious
R102257,28,Male,Europe,PlayStation 5,GTA Vice City,7,Reddit,7,Open-world Vice City map,7,5,Yes,75.0,18,No,No,Yes,Same,Positive
R102258,13,Male,North America,PlayStation 5,GTA Vice City,5,Reddit,9,Deeper character customization,9,5,Yes,59.0,9,Yes,Yes,No,Decreased,Very Positive
R102259,30,Prefer not to say,Latin America,PC,GTA San Andreas,4,TikTok,10,Graphics & ray tracing,9,3,Maybe,72.0,16,Yes,No,No,Increased,Very Positive
R102260,36,Male,Asia-Pacific,PlayStation 5 Pro,Red Dead Redemption 2,10,TikTok,7,Story & narrative depth,10,3,Yes,90.0,11,Yes,No,No,Same,Very Positive
R102261,32,Prefer not to say,Asia-Pacific,PC,GTA V,4,YouTube,9,Deeper character customization,10,4,Yes,93.0,21,Yes,No,No,Same,Very Positive
R102262,33,Male,Asia-Pacific,Xbox Series X/S,GTA Vice City,4,Official Rockstar trailer,10,Realistic economy & businesses,9,4,Yes,97.0,25,Yes,Yes,Yes,Increased,Very Positive
R102263,17,Female,Europe,PlayStation 5,Red Dead Redemption 2,0,YouTube,9,Deeper character customization,10,2,Yes,91.0,9,No,No,Yes,Increased,Very Positive
R102264,27,Male,Europe,PlayStation 5,GTA V,8,Reddit,10,Map size & exploration,9,3,Yes,47.0,12,No,Yes,Yes,Decreased,Very Positive
R102265,33,Female,Europe,Undecided,GTA V,3,Official Rockstar trailer,13,Improved police/AI systems,9,3,Yes,86.0,2,Yes,Yes,Yes,Same,Very Positive
R102266,34,Male,Europe,Xbox Series X/S,GTA V,5,Official Rockstar trailer,14,Better driving physics,8,3,Yes,57.0,15,No,Yes,No,Increased,Very Positive
R102267,13,Male,Middle East,PlayStation 5,GTA V,4,Gaming news sites,8,Deeper character customization,9,3,Yes,110.0,33,Yes,No,Yes,Increased,Very Positive
R102268,26,Male,Asia-Pacific,Xbox Series X/S,GTA Vice City,10,Gaming news sites,8,Online/multiplayer mode,8,4,No,69.0,7,Yes,Yes,No,Same,Very Positive
R102269,22,Male,Middle East,PlayStation 5,GTA III,1,Official Rockstar trailer,10,Open-world Vice City map,10,4,Yes,,15,Yes,No,Yes,Increased,Very Positive
R102270,25,Male,Asia-Pacific,PlayStation 5,GTA V,12,X/Twitter,9,Online/multiplayer mode,10,3,Yes,86.0,22,Yes,No,No,Decreased,Very Positive
R102271,21,Male,North America,Undecided,GTA V,4,Official Rockstar trailer,10,Improved police/AI systems,8,5,Maybe,62.0,3,Yes,Yes,No,Same,Very Positive
R102272,41,Female,Europe,PC,GTA San Andreas,4,YouTube,5,Online/multiplayer mode,7,5,Yes,95.0,21,Yes,No,Yes,Decreased,Positive
R102273,16,Male,Europe,PC,Red Dead Redemption 2,9,Twitch,15,Dual protagonists (Jason & Lucia),8,5,No,67.0,15,Yes,No,Yes,Increased,Very Positive
R102274,36,Male,Europe,PlayStation 5 Pro,GTA III,5,TikTok,14,Map size & exploration,8,2,Yes,87.0,19,Yes,No,No,Decreased,Very Positive
R102275,33,Non-binary,Europe,PlayStation 5,GTA V,7,X/Twitter,8,Dual protagonists (Jason & Lucia),8,4,Yes,89.0,14,No,No,Yes,Increased,Very Positive
R102276,26,Female,Europe,Xbox Series X/S,Red Dead Redemption 2,2,X/Twitter,8,Online/multiplayer mode,7,3,Yes,62.0,20,Yes,No,Yes,Increased,Positive
R102277,20,Male,North America,PlayStation 5,GTA San Andreas,6,Reddit,10,Dual protagonists (Jason & Lucia),9,4,Yes,57.0,13,Yes,No,No,Increased,Very Positive
R102278,25,Female,Europe,PlayStation 5,GTA V,3,X/Twitter,5,Online/multiplayer mode,6,2,No,60.0,14,Yes,Yes,Yes,Same,Positive
R102279,21,Male,Asia-Pacific,PC,GTA V,3,X/Twitter,10,Graphics & ray tracing,8,4,Maybe,67.0,51,No,Yes,No,Same,Very Positive
R102280,26,Non-binary,Middle East,PlayStation 5,GTA IV,8,X/Twitter,10,Realistic economy & businesses,6,4,Yes,81.0,4,No,No,No,Same,Positive
R102281,25,Male,Asia-Pacific,Xbox Series X/S,GTA San Andreas,5,Reddit,7,Story & narrative depth,7,4,Maybe,64.0,10,No,Yes,Yes,Increased,Positive
R102282,44,Prefer not to say,Middle East,PlayStation 5,GTA Vice City,7,Friends,8,Story & narrative depth,8,4,Yes,79.0,8,No,Yes,Yes,Increased,Very Positive
R102283,22,Male,Europe,PlayStation 5,GTA Vice City,4,Reddit,8,Graphics & ray tracing,8,3,Yes,92.0,10,Yes,No,Yes,Increased,Very Positive
R102284,34,Male,North America,PlayStation 5,GTA V,5,Twitch,8,Graphics & ray tracing,9,5,Yes,89.0,18,No,No,No,Increased,Very Positive
R102285,19,Female,Asia-Pacific,PC,GTA V,6,Official Rockstar trailer,10,Online/multiplayer mode,10,5,Yes,98.0,16,Yes,No,No,Same,Very Positive
R102286,27,Male,North America,PlayStation 5,GTA IV,5,Twitch,8,Better driving physics,10,3,Yes,82.0,9,No,No,Yes,Same,Very Positive
R102287,13,Male,North America,PlayStation 5,GTA San Andreas,7,Gaming news sites,8,Deeper character customization,7,1,Maybe,68.0,11,No,No,No,Same,Positive
R102288,31,Male,Europe,Xbox Series X/S,Red Dead Redemption 2,8,YouTube,7,Dual protagonists (Jason & Lucia),9,3,Yes,74.0,9,No,Yes,Yes,Increased,Very Positive
R102289,17,Male,Asia-Pacific,Xbox Series X/S,GTA San Andreas,10,Official Rockstar trailer,8,Online/multiplayer mode,9,3,Yes,50.0,8,Yes,Yes,No,Increased,Very Positive
R102290,25,Male,Latin America,PlayStation 5,GTA V,10,Twitch,9,Online/multiplayer mode,9,4,Maybe,65.0,24,Yes,Yes,Yes,Increased,Very Positive
R102291,37,Male,Europe,PC,GTA San Andreas,9,Official Rockstar trailer,9,Dual protagonists (Jason & Lucia),9,4,Yes,63.0,2,Yes,Yes,Yes,Decreased,Very Positive
R102292,26,Male,North America,PlayStation 5,GTA V,7,TikTok,12,Dual protagonists (Jason & Lucia),8,5,Yes,54.0,27,Yes,Yes,Yes,Increased,Very Positive
R102293,26,Male,Europe,Xbox Series X/S,GTA Vice City,2,Official Rockstar trailer,9,Dual protagonists (Jason & Lucia),10,3,Yes,80.0,50,Yes,No,No,Increased,Very Positive
R102294,27,Male,Asia-Pacific,Undecided,GTA V,7,YouTube,5,Map size & exploration,5,3,No,66.0,9,No,No,Yes,Same,Positive
R102295,29,Male,Asia-Pacific,PlayStation 5,GTA Vice City,2,Official Rockstar trailer,5,Story & narrative depth,9,3,Yes,75.0,10,No,No,Yes,Increased,Very Positive
R102296,30,Female,North America,PlayStation 5,GTA V,0,Gaming news sites,9,Deeper character customization,8,5,Yes,96.0,4,Yes,No,Yes,Same,Very Positive
R102297,20,Male,Europe,PlayStation 5,GTA San Andreas,6,TikTok,12,Graphics & ray tracing,10,3,Yes,76.0,5,No,No,No,Same,Very Positive
R102298,31,Male,North America,PlayStation 5,GTA V,10,Twitch,12,Improved police/AI systems,7,4,Yes,68.0,17,Yes,No,Yes,Increased,Positive
R102299,20,Male,Europe,PC,GTA V,1,Official Rockstar trailer,11,Open-world Vice City map,10,3,Yes,92.0,37,No,No,No,Decreased,Very Positive
R102300,15,Male,Asia-Pacific,PlayStation 5,GTA San Andreas,4,YouTube,9,Deeper character customization,8,5,No,67.0,10,Yes,No,Yes,Increased,Very Positive
R102301,30,Female,Europe,Xbox Series X/S,Red Dead Redemption 2,4,X/Twitter,7,Realistic economy & businesses,6,4,Maybe,64.0,44,Yes,Yes,Yes,Increased,Positive
R102302,16,Male,North America,PlayStation 5,GTA V,8,YouTube,6,Dual protagonists (Jason & Lucia),7,4,Yes,82.0,21,Yes,Yes,No,Increased,Positive
R102303,35,Male,Europe,Xbox Series X/S,Never played GTA,5,Official Rockstar trailer,14,Graphics & ray tracing,8,3,No,68.0,12,Yes,No,Yes,Decreased,Very Positive
R102304,15,Male,Latin America,Xbox Series X/S,GTA V,8,Official Rockstar trailer,12,Open-world Vice City map,9,3,No,71.0,5,Yes,No,Yes,Same,Very Positive
R102305,33,Male,North America,PlayStation 5,GTA V,12,Official Rockstar trailer,7,Online/multiplayer mode,7,3,Yes,58.0,2,Yes,No,Yes,Increased,Positive
R102306,33,Male,Latin America,Xbox Series X/S,GTA IV,4,TikTok,2,Online/multiplayer mode,6,2,Yes,45.0,7,Yes,No,Yes,Increased,Positive
R102307,23,Female,Asia-Pacific,Xbox Series X/S,GTA IV,5,Reddit,5,Open-world Vice City map,7,3,Yes,77.0,22,Yes,No,No,Decreased,Positive
R102308,35,Male,North America,Xbox Series X/S,Red Dead Redemption 2,7,X/Twitter,10,Improved police/AI systems,8,3,No,64.0,11,No,No,Yes,Increased,Very Positive
R102309,24,Male,North America,Xbox Series X/S,GTA V,6,Official Rockstar trailer,9,Open-world Vice City map,10,2,Maybe,60.0,9,Yes,Yes,No,Increased,Very Positive
R102310,22,Male,Asia-Pacific,Xbox Series X/S,GTA V,7,YouTube,10,Deeper character customization,8,3,Yes,77.0,33,No,No,Yes,Increased,Very Positive
R102311,27,Male,Europe,PlayStation 5,GTA V,7,Official Rockstar trailer,7,Online/multiplayer mode,4,4,Maybe,47.0,16,No,Yes,No,Same,Neutral/Cautious
R102312,26,Male,North America,Xbox Series X/S,GTA V,6,Official Rockstar trailer,6,Dual protagonists (Jason & Lucia),6,5,No,39.0,12,Yes,No,No,Same,Positive
R102313,18,Male,Asia-Pacific,Xbox Series X/S,GTA V,7,X/Twitter,13,Graphics & ray tracing,7,5,No,82.0,12,Yes,No,Yes,Decreased,Positive
R102314,39,Female,North America,Xbox Series X/S,GTA San Andreas,10,Official Rockstar trailer,6,Map size & exploration,10,3,Yes,93.0,5,No,Yes,Yes,Decreased,Very Positive
R102315,26,Female,North America,PlayStation 5,GTA III,9,TikTok,12,Dual protagonists (Jason & Lucia),10,3,Yes,78.0,4,Yes,No,Yes,Increased,Very Positive
R102316,23,Non-binary,Europe,Undecided,GTA San Andreas,0,Official Rockstar trailer,11,Realistic economy & businesses,8,3,Yes,46.0,42,Yes,Yes,Yes,Same,Very Positive
R102317,40,Male,Latin America,PlayStation 5 Pro,GTA San Andreas,2,Official Rockstar trailer,9,Online/multiplayer mode,9,4,Yes,94.0,11,Yes,No,Yes,Increased,Very Positive
R102318,25,Male,Europe,PlayStation 5,GTA V,9,YouTube,7,Dual protagonists (Jason & Lucia),8,4,Yes,73.0,10,Yes,Yes,Yes,Decreased,Very Positive
R102319,24,Male,Europe,PlayStation 5,GTA Vice City,3,TikTok,13,Dual protagonists (Jason & Lucia),9,3,Yes,79.0,23,No,Yes,No,Increased,Very Positive
R102320,24,Male,North America,Xbox Series X/S,GTA IV,6,Reddit,8,Dual protagonists (Jason & Lucia),9,4,Yes,71.0,16,Yes,Yes,No,Same,Very Positive
R102321,36,Male,North America,PlayStation 5,GTA San Andreas,6,Reddit,5,Graphics & ray tracing,9,4,Maybe,100.0,21,No,No,Yes,Same,Very Positive
R102322,18,Male,North America,Xbox Series X/S,GTA V,7,X/Twitter,9,Dual protagonists (Jason & Lucia),8,4,No,87.0,12,No,No,Yes,Increased,Very Positive
R102323,32,Male,Europe,PC,GTA III,8,Gaming news sites,8,Open-world Vice City map,10,3,Yes,90.0,57,No,No,No,Increased,Very Positive
R102324,34,Female,Europe,PC,Red Dead Redemption 2,7,Official Rockstar trailer,6,Map size & exploration,6,3,Yes,68.0,9,Yes,Yes,Yes,Decreased,Positive
R102325,28,Male,Europe,PC,GTA V,8,X/Twitter,12,Map size & exploration,7,5,No,64.0,6,Yes,No,No,Same,Positive
R102326,13,Male,North America,PC,GTA IV,0,Reddit,12,Story & narrative depth,10,3,Yes,89.0,27,Yes,No,Yes,Same,Very Positive
R102327,30,Female,North America,PlayStation 5,GTA San Andreas,4,Gaming news sites,6,Graphics & ray tracing,6,4,No,44.0,14,No,Yes,Yes,Same,Positive
R102328,29,Female,Europe,PlayStation 5,GTA San Andreas,8,YouTube,11,Dual protagonists (Jason & Lucia),8,2,Maybe,69.0,26,Yes,No,Yes,Same,Very Positive
R102329,25,Female,Europe,PlayStation 5,GTA V,2,Official Rockstar trailer,11,Deeper character customization,10,4,Yes,99.0,12,No,No,Yes,Same,Very Positive
R102330,34,Male,North America,Xbox Series X/S,GTA Vice City,5,Reddit,12,Better driving physics,10,5,Yes,87.0,8,Yes,No,Yes,Same,Very Positive
R102331,29,Female,Asia-Pacific,PlayStation 5,GTA V,5,YouTube,13,Deeper character customization,10,2,Yes,92.0,33,No,No,Yes,Increased,Very Positive
R102332,22,Male,Europe,Xbox Series X/S,GTA San Andreas,8,YouTube,7,Deeper character customization,9,3,Maybe,108.0,6,Yes,No,Yes,Same,Very Positive
R102333,20,Female,Europe,PC,GTA V,9,Gaming news sites,11,Graphics & ray tracing,10,3,Maybe,70.0,23,Yes,No,Yes,Increased,Very Positive
R102334,36,Male,Asia-Pacific,Xbox Series X/S,GTA V,7,X/Twitter,5,Map size & exploration,6,3,Yes,66.0,16,Yes,Yes,Yes,Increased,Positive
R102335,20,Male,Europe,Xbox Series X/S,Red Dead Redemption 2,5,Reddit,12,Online/multiplayer mode,10,5,Maybe,108.0,30,Yes,No,Yes,Decreased,Very Positive
R102336,23,Male,North America,PlayStation 5,GTA Vice City,2,Official Rockstar trailer,6,Story & narrative depth,8,3,Yes,65.0,8,Yes,No,No,Increased,Very Positive
R102337,39,Male,Europe,Undecided,GTA V,8,Gaming news sites,10,Story & narrative depth,8,5,Yes,66.0,18,Yes,No,Yes,Same,Very Positive
R102338,41,Male,North America,PC,GTA V,7,YouTube,10,Dual protagonists (Jason & Lucia),9,4,Yes,73.0,29,No,No,Yes,Same,Very Positive
R102339,40,Prefer not to say,Latin America,PlayStation 5 Pro,GTA V,5,TikTok,7,Graphics & ray tracing,10,4,Maybe,84.0,11,No,No,No,Increased,Very Positive
R102340,32,Female,North America,Xbox Series X/S,GTA Vice City,3,Official Rockstar trailer,11,Story & narrative depth,10,2,Yes,105.0,43,No,No,No,Increased,Very Positive
R102341,27,Male,Europe,Xbox Series X/S,Red Dead Redemption 2,4,TikTok,10,Map size & exploration,9,4,No,92.0,7,Yes,No,No,Increased,Very Positive
R102342,15,Male,Asia-Pacific,PlayStation 5 Pro,GTA V,2,Official Rockstar trailer,14,Deeper character customization,8,4,No,86.0,15,No,No,No,Same,Very Positive
R102343,15,Male,Asia-Pacific,PlayStation 5,GTA IV,2,TikTok,8,Story & narrative depth,8,5,Maybe,62.0,34,No,No,No,Increased,Very Positive
R102344,32,Female,Latin America,PlayStation 5,Red Dead Redemption 2,2,YouTube,11,Better driving physics,9,3,Yes,61.0,17,Yes,No,No,Increased,Very Positive
R102345,26,Male,North America,PC,GTA Vice City,5,Reddit,11,Dual protagonists (Jason & Lucia),10,5,Yes,57.0,31,Yes,Yes,Yes,Increased,Very Positive
R102346,42,Female,Latin America,PC,GTA V,7,TikTok,14,Story & narrative depth,9,3,Yes,101.0,10,Yes,No,No,Decreased,Very Positive
R102347,32,Male,Middle East,PC,GTA IV,5,TikTok,6,Open-world Vice City map,7,4,Yes,84.0,12,Yes,Yes,Yes,Same,Positive
R102348,34,Male,Europe,PlayStation 5 Pro,GTA V,7,Reddit,11,Improved police/AI systems,9,5,Yes,109.0,32,Yes,Yes,Yes,Same,Very Positive
R102349,21,Non-binary,Latin America,PC,Never played GTA,7,Twitch,10,Deeper character customization,7,3,Maybe,67.0,9,Yes,No,Yes,Same,Positive
R102350,36,Male,Europe,Xbox Series X/S,GTA San Andreas,7,TikTok,8,Story & narrative depth,10,5,Yes,76.0,18,Yes,No,No,Increased,Very Positive
R102351,34,Male,Asia-Pacific,Xbox Series X/S,Red Dead Redemption 2,12,Gaming news sites,8,Graphics & ray tracing,9,4,Yes,71.0,12,Yes,No,Yes,Increased,Very Positive
R102352,41,Male,Middle East,PlayStation 5,GTA V,7,Reddit,5,Better driving physics,6,5,Maybe,69.0,13,No,No,Yes,Decreased,Positive
R102353,28,Male,Asia-Pacific,PlayStation 5,GTA San Andreas,7,YouTube,9,Open-world Vice City map,10,5,No,49.0,20,Yes,Yes,Yes,Increased,Very Positive
R102354,34,Female,Middle East,PlayStation 5,GTA III,8,Twitch,14,Story & narrative depth,9,3,Yes,74.0,48,No,Yes,Yes,Same,Very Positive
R102355,29,Male,Europe,PlayStation 5,Red Dead Redemption 2,6,Twitch,2,Open-world Vice City map,3,2,No,47.0,14,Yes,No,Yes,Same,Neutral/Cautious
R102356,21,Male,North America,PlayStation 5 Pro,GTA IV,1,Official Rockstar trailer,7,Open-world Vice City map,5,3,No,34.0,29,Yes,No,Yes,Same,Positive
R102357,37,Male,Asia-Pacific,Xbox Series X/S,GTA V,9,Reddit,10,Online/multiplayer mode,9,4,Yes,80.0,10,Yes,No,No,Increased,Very Positive
R102358,26,Male,North America,PlayStation 5,GTA V,8,YouTube,9,Realistic economy & businesses,10,4,No,83.0,7,No,No,Yes,Increased,Very Positive
R102359,25,Male,North America,PlayStation 5,GTA IV,9,Reddit,14,Map size & exploration,9,4,Yes,77.0,18,Yes,No,Yes,Same,Very Positive
R102360,43,Female,Europe,Xbox Series X/S,GTA V,8,YouTube,6,Story & narrative depth,7,5,Yes,68.0,30,No,Yes,Yes,Increased,Positive
R102361,37,Male,North America,PlayStation 5 Pro,GTA V,7,TikTok,13,Deeper character customization,8,5,Yes,64.0,32,Yes,Yes,No,Increased,Very Positive
R102362,21,Male,Latin America,PlayStation 5,Red Dead Redemption 2,4,YouTube,13,Online/multiplayer mode,8,4,No,63.0,32,Yes,Yes,No,Increased,Very Positive
R102363,32,Male,Europe,PlayStation 5,GTA V,0,Gaming news sites,18,Better driving physics,10,4,Yes,86.0,17,No,No,Yes,Decreased,Very Positive
R102364,15,Male,Middle East,PlayStation 5,GTA IV,8,Official Rockstar trailer,7,Story & narrative depth,4,1,Maybe,72.0,9,No,No,Yes,Increased,Neutral/Cautious
R102365,25,Male,Asia-Pacific,PlayStation 5 Pro,GTA San Andreas,6,TikTok,6,Dual protagonists (Jason & Lucia),7,2,No,67.0,7,No,No,No,Same,Positive
R102366,14,Male,Asia-Pacific,PlayStation 5,GTA III,6,Reddit,11,Better driving physics,9,4,Yes,82.0,5,Yes,No,Yes,Increased,Very Positive
R102367,17,Non-binary,Asia-Pacific,PC,GTA V,9,Friends,12,Dual protagonists (Jason & Lucia),10,5,Yes,78.0,39,Yes,No,Yes,Increased,Very Positive
R102368,27,Male,North America,Xbox Series X/S,GTA IV,7,Reddit,9,Graphics & ray tracing,9,4,Yes,93.0,15,No,No,Yes,Increased,Very Positive
R102369,34,Female,Middle East,Xbox Series X/S,GTA IV,2,TikTok,12,Dual protagonists (Jason & Lucia),6,3,No,74.0,10,Yes,Yes,No,Decreased,Positive
R102370,19,Male,Europe,Xbox Series X/S,GTA V,3,Reddit,16,Online/multiplayer mode,10,5,Yes,95.0,16,Yes,No,Yes,Same,Very Positive
R102371,23,Female,Latin America,PlayStation 5,GTA San Andreas,3,Reddit,9,Open-world Vice City map,9,2,Yes,79.0,1,Yes,Yes,No,Decreased,Very Positive
R102372,13,Prefer not to say,Europe,PlayStation 5,GTA San Andreas,2,Gaming news sites,6,Dual protagonists (Jason & Lucia),8,5,Yes,70.0,24,Yes,Yes,No,Decreased,Very Positive
R102373,32,Male,Middle East,Xbox Series X/S,GTA V,3,YouTube,8,Dual protagonists (Jason & Lucia),8,5,No,77.0,26,Yes,No,No,Same,Very Positive
R102374,20,Male,Middle East,PC,GTA Vice City,6,TikTok,12,Open-world Vice City map,10,4,Yes,83.0,9,Yes,No,No,Increased,Very Positive
R102375,21,Male,North America,Xbox Series X/S,GTA V,6,YouTube,9,Better driving physics,7,5,Yes,58.0,6,Yes,Yes,No,Decreased,Positive
R102376,25,Male,Europe,PlayStation 5,Red Dead Redemption 2,5,Official Rockstar trailer,7,Dual protagonists (Jason & Lucia),9,4,Yes,70.0,31,Yes,No,No,Increased,Very Positive
R102377,18,Male,North America,PlayStation 5,GTA V,7,Twitch,14,Story & narrative depth,8,5,Yes,71.0,10,Yes,Yes,Yes,Same,Very Positive
R102378,16,Female,North America,Xbox Series X/S,GTA V,9,Official Rockstar trailer,9,Map size & exploration,10,4,Yes,81.0,30,No,No,Yes,Same,Very Positive
R102379,33,Male,North America,PC,GTA V,8,Reddit,7,Dual protagonists (Jason & Lucia),8,5,Yes,91.0,6,Yes,Yes,Yes,Increased,Very Positive
R102380,25,Male,Middle East,PlayStation 5,GTA Vice City,13,Twitch,8,Open-world Vice City map,8,5,Yes,76.0,10,No,No,Yes,Same,Very Positive
R102381,27,Male,Europe,PlayStation 5,GTA San Andreas,5,YouTube,5,Dual protagonists (Jason & Lucia),4,5,Yes,52.0,6,Yes,Yes,Yes,Increased,Neutral/Cautious
R102382,33,Female,North America,Xbox Series X/S,GTA III,9,Friends,8,Online/multiplayer mode,7,2,Yes,65.0,7,No,No,No,Increased,Positive
R102383,25,Female,North America,PlayStation 5,GTA V,8,Reddit,6,Online/multiplayer mode,5,5,Yes,57.0,21,Yes,Yes,No,Increased,Positive
R102384,13,Female,North America,Xbox Series X/S,GTA IV,4,YouTube,14,Story & narrative depth,8,3,No,74.0,4,No,No,Yes,Same,Very Positive
R102385,15,Male,North America,PlayStation 5,GTA San Andreas,12,Official Rockstar trailer,7,Better driving physics,6,5,No,52.0,4,Yes,Yes,No,Same,Positive
R102386,30,Male,Asia-Pacific,PC,GTA San Andreas,5,Reddit,16,Deeper character customization,8,4,Yes,69.0,11,No,No,No,Same,Very Positive
R102387,34,Female,Europe,PlayStation 5 Pro,GTA V,2,Reddit,12,Open-world Vice City map,6,3,Maybe,60.0,6,No,Yes,Yes,Increased,Positive
R102388,28,Male,Europe,PlayStation 5,GTA V,6,Twitch,10,Realistic economy & businesses,8,5,Yes,71.0,17,No,Yes,No,Increased,Very Positive
R102389,19,Male,North America,PlayStation 5,GTA San Andreas,0,X/Twitter,9,Online/multiplayer mode,6,3,Maybe,50.0,15,Yes,Yes,Yes,Increased,Positive
R102390,44,Male,Latin America,PlayStation 5,GTA V,8,Reddit,7,Online/multiplayer mode,9,5,No,81.0,10,Yes,No,Yes,Increased,Very Positive
R102391,25,Female,Latin America,PC,GTA IV,3,YouTube,8,Story & narrative depth,8,4,Maybe,83.0,5,Yes,No,No,Increased,Very Positive
R102392,34,Male,Europe,PlayStation 5 Pro,Red Dead Redemption 2,7,Twitch,11,Online/multiplayer mode,10,4,Yes,80.0,22,Yes,No,No,Increased,Very Positive
R102393,24,Male,Europe,Undecided,GTA San Andreas,1,Official Rockstar trailer,12,Realistic economy & businesses,9,5,Yes,77.0,14,No,No,Yes,Increased,Very Positive
R102394,25,Female,Asia-Pacific,PlayStation 5,GTA San Andreas,9,Official Rockstar trailer,6,Map size & exploration,8,4,Yes,63.0,10,Yes,Yes,No,Increased,Very Positive
R102395,21,Female,Asia-Pacific,PlayStation 5 Pro,GTA Vice City,1,TikTok,15,Dual protagonists (Jason & Lucia),10,5,Yes,71.0,20,Yes,Yes,Yes,Same,Very Positive
R102396,44,Female,Middle East,PC,GTA V,6,Official Rockstar trailer,6,Realistic economy & businesses,5,3,Yes,54.0,18,No,No,No,Increased,Positive
R102397,23,Female,Europe,PC,GTA San Andreas,6,YouTube,9,Map size & exploration,10,2,Yes,85.0,4,Yes,Yes,No,Decreased,Very Positive
R102398,22,Female,Latin America,PC,GTA V,10,Official Rockstar trailer,16,Online/multiplayer mode,6,5,No,44.0,43,No,No,No,Same,Positive
R102399,24,Male,Latin America,Xbox Series X/S,Never played GTA,4,Official Rockstar trailer,4,Better driving physics,2,3,Maybe,34.0,8,No,Yes,No,Same,Neutral/Cautious
R102400,37,Male,Europe,PC,GTA San Andreas,5,Official Rockstar trailer,13,Improved police/AI systems,9,5,Yes,89.0,2,Yes,No,Yes,Increased,Very Positive
R102401,25,Male,Europe,Undecided,GTA San Andreas,9,Official Rockstar trailer,7,Improved police/AI systems,9,5,Maybe,99.0,25,Yes,No,No,Increased,Very Positive
R102402,33,Male,Asia-Pacific,PlayStation 5 Pro,GTA IV,6,Twitch,10,Deeper character customization,7,5,Yes,84.0,63,No,No,No,Increased,Positive
R102403,22,Male,Middle East,PlayStation 5 Pro,GTA V,9,YouTube,11,Online/multiplayer mode,10,3,Yes,75.0,11,Yes,No,No,Increased,Very Positive
R102404,31,Male,Asia-Pacific,PC,GTA San Andreas,1,Twitch,9,Online/multiplayer mode,8,3,Yes,85.0,10,No,No,Yes,Increased,Very Positive
R102405,27,Male,Latin America,PC,GTA V,2,YouTube,9,Open-world Vice City map,9,3,Yes,96.0,22,Yes,No,Yes,Increased,Very Positive
R102406,40,Female,Europe,PC,GTA V,4,TikTok,7,Open-world Vice City map,8,5,Yes,87.0,38,No,No,No,Increased,Very Positive
R102407,26,Male,Europe,PlayStation 5,GTA IV,9,Reddit,6,Online/multiplayer mode,6,4,No,70.0,6,Yes,No,Yes,Same,Positive
R102408,43,Male,Europe,PC,GTA San Andreas,4,TikTok,8,Dual protagonists (Jason & Lucia),7,3,Yes,60.0,5,Yes,No,No,Same,Positive
R102409,22,Male,Asia-Pacific,PC,GTA III,7,YouTube,16,Realistic economy & businesses,10,3,Yes,99.0,8,Yes,No,Yes,Increased,Very Positive
R102410,29,Male,Middle East,PlayStation 5,GTA San Andreas,1,Official Rockstar trailer,8,Map size & exploration,8,3,Yes,85.0,8,Yes,No,No,Increased,Very Positive
R102411,34,Female,North America,PC,GTA V,12,YouTube,10,Open-world Vice City map,9,4,Maybe,72.0,3,Yes,No,Yes,Increased,Very Positive
R102412,19,,Africa,PC,GTA San Andreas,7,YouTube,11,Improved police/AI systems,10,2,Yes,63.0,7,Yes,No,Yes,Decreased,Very Positive
R102413,19,Male,Europe,PlayStation 5,Never played GTA,3,Reddit,6,Realistic economy & businesses,4,4,Maybe,43.0,30,No,No,No,Increased,Neutral/Cautious
R102414,33,Female,Asia-Pacific,PlayStation 5,GTA V,5,X/Twitter,11,Open-world Vice City map,9,3,Yes,84.0,24,No,No,Yes,Same,Very Positive
R102415,17,Male,Asia-Pacific,Undecided,GTA V,9,Gaming news sites,6,Graphics & ray tracing,7,5,Yes,42.0,32,Yes,Yes,No,Same,Positive
R102416,26,Non-binary,North America,PC,GTA V,6,Friends,8,Graphics & ray tracing,6,5,No,58.0,11,No,Yes,Yes,Decreased,Positive
R102417,30,Male,Europe,PC,Red Dead Redemption 2,9,Official Rockstar trailer,8,Realistic economy & businesses,8,5,Yes,65.0,33,No,Yes,Yes,Increased,Very Positive
R102418,40,Male,North America,PC,GTA V,9,Official Rockstar trailer,14,Story & narrative depth,9,5,No,79.0,16,Yes,No,No,Increased,Very Positive
R102419,29,Male,Asia-Pacific,PlayStation 5,GTA V,7,Reddit,10,Deeper character customization,9,3,No,79.0,25,Yes,No,Yes,Increased,Very Positive
R102420,28,Female,Latin America,PlayStation 5,GTA IV,5,YouTube,11,Map size & exploration,10,3,No,77.0,9,Yes,No,Yes,Same,Very Positive
R102421,26,Female,Asia-Pacific,PlayStation 5,GTA V,2,TikTok,5,Graphics & ray tracing,7,5,Maybe,71.0,3,Yes,No,Yes,Decreased,Positive
R102422,39,Male,Latin America,PC,GTA IV,7,Reddit,8,Improved police/AI systems,8,4,Maybe,76.0,8,No,No,Yes,Decreased,Very Positive
R102423,22,Non-binary,Europe,PC,GTA V,9,Gaming news sites,7,Realistic economy & businesses,7,4,Maybe,60.0,30,Yes,No,Yes,Same,Positive
R102424,21,Male,North America,Xbox Series X/S,GTA V,7,TikTok,9,Improved police/AI systems,9,1,No,89.0,13,No,No,No,Same,Very Positive
R102425,19,Male,Europe,Xbox Series X/S,GTA V,5,YouTube,7,Dual protagonists (Jason & Lucia),7,3,Yes,60.0,18,No,No,Yes,Same,Positive
R102426,19,Male,Europe,Undecided,GTA San Andreas,9,YouTube,20,Graphics & ray tracing,10,5,Yes,89.0,24,No,No,No,Same,Very Positive
R102427,26,Female,North America,PlayStation 5,Red Dead Redemption 2,6,Official Rockstar trailer,10,Graphics & ray tracing,10,5,Yes,81.0,30,No,No,Yes,Increased,Very Positive
R102428,27,Male,Latin America,PlayStation 5,GTA Vice City,5,Gaming news sites,8,Open-world Vice City map,7,4,Yes,57.0,17,No,No,No,Same,Positive
R102429,27,Female,North America,Xbox Series X/S,GTA IV,10,Reddit,7,Map size & exploration,8,5,No,58.0,5,Yes,No,Yes,Same,Very Positive
R102430,29,Female,Latin America,Xbox Series X/S,GTA IV,3,Official Rockstar trailer,11,Map size & exploration,7,3,Maybe,75.0,40,Yes,Yes,Yes,Same,Positive
R102431,17,Male,Asia-Pacific,Xbox Series X/S,GTA San Andreas,5,Reddit,10,Realistic economy & businesses,8,5,Yes,51.0,37,No,Yes,Yes,Increased,Very Positive
R102432,22,Male,Europe,Xbox Series X/S,GTA San Andreas,5,TikTok,10,Dual protagonists (Jason & Lucia),9,4,Maybe,83.0,2,No,No,Yes,Increased,Very Positive
R102433,27,Male,Latin America,PC,GTA Vice City,7,Official Rockstar trailer,8,Dual protagonists (Jason & Lucia),8,3,No,68.0,6,No,Yes,Yes,Increased,Very Positive
R102434,23,Male,Middle East,PlayStation 5,GTA Vice City,7,YouTube,10,Dual protagonists (Jason & Lucia),8,4,Maybe,95.0,14,No,Yes,Yes,Increased,Very Positive
R102435,29,Prefer not to say,North America,PlayStation 5,GTA San Andreas,5,Official Rockstar trailer,12,Story & narrative depth,9,3,Yes,83.0,3,Yes,No,No,Same,Very Positive
R102436,36,Male,Europe,PC,GTA V,3,Twitch,7,Dual protagonists (Jason & Lucia),6,4,Maybe,70.0,10,Yes,No,Yes,Same,Positive
R102437,23,Male,Europe,PlayStation 5,GTA Vice City,4,TikTok,13,Improved police/AI systems,10,2,Yes,87.0,9,No,No,No,Increased,Very Positive
R102438,26,Male,Asia-Pacific,PlayStation 5,GTA Vice City,4,Reddit,9,Improved police/AI systems,10,4,Yes,89.0,31,Yes,No,No,Same,Very Positive
R102439,28,Male,Latin America,PlayStation 5,GTA V,9,Official Rockstar trailer,11,Realistic economy & businesses,10,3,Yes,76.0,22,No,No,Yes,Increased,Very Positive
R102440,25,Male,Latin America,Xbox Series X/S,GTA San Andreas,3,Reddit,10,Dual protagonists (Jason & Lucia),8,5,Yes,67.0,11,No,Yes,No,Same,Very Positive
R102441,30,Male,North America,PlayStation 5,Red Dead Redemption 2,2,Twitch,9,Realistic economy & businesses,8,4,Yes,64.0,7,Yes,Yes,No,Increased,Very Positive
R102442,29,Male,Europe,PlayStation 5,Red Dead Redemption 2,10,Reddit,3,Improved police/AI systems,4,4,Maybe,34.0,29,Yes,No,No,Same,Neutral/Cautious
R102443,32,Male,Europe,PlayStation 5,GTA III,4,YouTube,9,Map size & exploration,7,2,Maybe,69.0,9,Yes,Yes,Yes,Same,Positive
R102444,22,Male,Africa,PlayStation 5,GTA IV,2,Gaming news sites,7,Map size & exploration,7,4,No,57.0,7,Yes,No,No,Same,Positive
R102445,16,Male,North America,Undecided,GTA IV,0,YouTube,7,Improved police/AI systems,8,4,Yes,70.0,14,Yes,No,Yes,Decreased,Very Positive
R102446,33,Male,North America,Xbox Series X/S,Red Dead Redemption 2,5,Reddit,9,Deeper character customization,9,2,Yes,72.0,8,No,No,No,Same,Very Positive
R102447,39,Female,Asia-Pacific,PlayStation 5,Red Dead Redemption 2,9,Reddit,9,Open-world Vice City map,10,2,Yes,118.0,30,Yes,Yes,Yes,Increased,Very Positive
R102448,34,Male,Asia-Pacific,PlayStation 5,Red Dead Redemption 2,9,YouTube,12,Graphics & ray tracing,8,5,Maybe,86.0,34,No,No,Yes,Same,Very Positive
R102449,29,Female,Asia-Pacific,PlayStation 5 Pro,GTA San Andreas,3,YouTube,10,Improved police/AI systems,10,2,Yes,98.0,37,Yes,No,Yes,Decreased,Very Positive
R102450,48,Male,Latin America,Undecided,GTA IV,8,X/Twitter,11,Online/multiplayer mode,8,4,Maybe,80.0,9,Yes,No,No,Decreased,Very Positive
R102451,24,Male,Europe,PC,GTA V,4,YouTube,8,Story & narrative depth,8,4,Maybe,60.0,5,Yes,Yes,No,Increased,Very Positive
R102452,21,Male,North America,PlayStation 5,Never played GTA,7,TikTok,0,Better driving physics,3,3,No,50.0,5,Yes,Yes,No,Same,Neutral/Cautious
R102453,32,Female,North America,PC,GTA V,10,Gaming news sites,8,Realistic economy & businesses,6,4,No,61.0,29,No,No,Yes,Increased,Positive
R102454,32,Male,North America,PlayStation 5,GTA III,7,Official Rockstar trailer,10,Dual protagonists (Jason & Lucia),7,4,Yes,45.0,17,Yes,No,Yes,Increased,Positive
R102455,31,Female,Europe,PlayStation 5,Red Dead Redemption 2,4,YouTube,9,Online/multiplayer mode,10,3,Yes,79.0,19,Yes,Yes,Yes,Same,Very Positive
R102456,30,Female,Asia-Pacific,Xbox Series X/S,GTA V,0,Official Rockstar trailer,7,Open-world Vice City map,8,3,Yes,80.0,42,Yes,No,Yes,Increased,Very Positive
R102457,13,Male,Middle East,PlayStation 5,GTA V,11,X/Twitter,14,Dual protagonists (Jason & Lucia),10,4,Yes,85.0,10,No,No,Yes,Increased,Very Positive
R102458,23,Male,Latin America,PC,GTA V,7,Twitch,11,Realistic economy & businesses,9,5,Yes,92.0,38,Yes,No,No,Increased,Very Positive
R102459,25,Non-binary,Europe,PC,Red Dead Redemption 2,5,Official Rockstar trailer,2,Deeper character customization,4,4,No,64.0,31,Yes,No,No,Same,Neutral/Cautious
R102460,31,Male,Asia-Pacific,PlayStation 5,Red Dead Redemption 2,3,YouTube,8,Story & narrative depth,8,4,Maybe,66.0,31,Yes,Yes,No,Increased,Very Positive
R102461,22,Male,Latin America,Xbox Series X/S,GTA San Andreas,8,Official Rockstar trailer,11,Improved police/AI systems,8,3,Yes,84.0,8,Yes,No,No,Same,Very Positive
R102462,27,Non-binary,Asia-Pacific,Xbox Series X/S,GTA San Andreas,5,Reddit,5,Story & narrative depth,8,4,Yes,57.0,19,Yes,Yes,No,Increased,Very Positive
R102463,33,Male,Asia-Pacific,PlayStation 5,GTA IV,0,Friends,5,Map size & exploration,7,4,Yes,79.0,5,Yes,Yes,Yes,Increased,Positive
R102464,31,Female,Latin America,PlayStation 5,GTA San Andreas,0,TikTok,6,Open-world Vice City map,7,3,Maybe,68.0,25,Yes,No,Yes,Increased,Positive
R102465,33,Male,Europe,Xbox Series X/S,GTA IV,7,Reddit,14,Story & narrative depth,7,4,No,88.0,18,No,No,No,Same,Positive
R102466,31,Male,North America,PlayStation 5,GTA San Andreas,3,X/Twitter,10,Realistic economy & businesses,5,4,No,59.0,4,Yes,Yes,Yes,Decreased,Positive
R102467,24,Male,Europe,PlayStation 5,Never played GTA,8,Official Rockstar trailer,4,Dual protagonists (Jason & Lucia),7,3,Yes,49.0,1,Yes,Yes,No,Same,Positive
R102468,34,Male,Europe,Xbox Series X/S,GTA Vice City,7,YouTube,10,Graphics & ray tracing,8,3,Yes,96.0,18,Yes,No,Yes,Same,Very Positive
R102469,20,Male,Europe,PC,GTA IV,6,Reddit,7,Dual protagonists (Jason & Lucia),9,3,Yes,87.0,7,Yes,No,Yes,Same,Very Positive
R102470,13,Male,North America,PlayStation 5,GTA V,6,X/Twitter,9,Better driving physics,8,3,No,77.0,21,No,No,No,Increased,Very Positive
R102471,28,Female,Latin America,PC,GTA V,6,YouTube,8,Story & narrative depth,8,5,Yes,77.0,15,No,No,Yes,Decreased,Very Positive
R102472,29,Male,North America,Undecided,GTA San Andreas,7,YouTube,9,Realistic economy & businesses,10,3,Yes,88.0,12,Yes,No,Yes,Increased,Very Positive
R102473,19,Male,Europe,PlayStation 5,GTA San Andreas,7,X/Twitter,12,Graphics & ray tracing,7,5,No,78.0,10,No,Yes,Yes,Same,Positive
R102474,26,Female,North America,Xbox Series X/S,GTA San Andreas,6,Official Rockstar trailer,8,Realistic economy & businesses,4,4,Yes,53.0,26,Yes,Yes,No,Increased,Neutral/Cautious
R102475,20,Male,Europe,Xbox Series X/S,GTA V,3,Reddit,9,Improved police/AI systems,10,3,Yes,87.0,6,No,No,Yes,Decreased,Very Positive
R102476,24,Non-binary,Asia-Pacific,PC,GTA V,6,X/Twitter,9,Open-world Vice City map,10,5,Yes,82.0,15,Yes,No,Yes,Same,Very Positive
R102477,25,Male,Asia-Pacific,Xbox Series X/S,GTA V,12,Twitch,8,Online/multiplayer mode,8,3,Yes,73.0,6,Yes,No,Yes,Increased,Very Positive
R102478,27,Male,Asia-Pacific,PC,GTA V,5,Official Rockstar trailer,9,Realistic economy & businesses,8,4,Maybe,58.0,30,No,No,Yes,Same,Very Positive
R102479,23,Male,Latin America,PlayStation 5 Pro,GTA San Andreas,1,Official Rockstar trailer,10,Dual protagonists (Jason & Lucia),8,3,Yes,56.0,22,Yes,Yes,Yes,Increased,Very Positive
R102480,20,Male,Latin America,PlayStation 5,GTA IV,9,Reddit,13,Realistic economy & businesses,7,4,Yes,,20,No,Yes,No,Same,Positive
R102481,26,Male,Latin America,Xbox Series X/S,GTA V,6,YouTube,10,Story & narrative depth,8,4,Yes,79.0,29,Yes,Yes,Yes,Same,Very Positive
R102482,28,Male,Europe,PC,GTA V,9,TikTok,7,Realistic economy & businesses,8,5,Maybe,60.0,9,Yes,No,Yes,Increased,Very Positive
R102483,15,Male,Europe,PlayStation 5,GTA IV,13,Reddit,11,Deeper character customization,9,4,No,96.0,53,Yes,No,Yes,Same,Very Positive
R102484,24,Female,Europe,PC,GTA San Andreas,6,Gaming news sites,7,Better driving physics,7,4,Maybe,67.0,26,No,Yes,Yes,Same,Positive
R102485,22,Male,Africa,PlayStation 5,GTA San Andreas,2,Official Rockstar trailer,5,Graphics & ray tracing,6,4,Yes,43.0,17,No,Yes,No,Increased,Positive
R102486,40,Male,Asia-Pacific,PlayStation 5,GTA V,4,YouTube,7,Story & narrative depth,9,4,Yes,86.0,4,Yes,No,Yes,Same,Very Positive
R102487,36,Female,North America,Xbox Series X/S,GTA San Andreas,8,TikTok,7,Open-world Vice City map,9,2,Yes,69.0,3,No,Yes,Yes,Increased,Very Positive
R102488,28,Male,North America,PC,Never played GTA,4,Official Rockstar trailer,6,Online/multiplayer mode,6,2,Yes,63.0,4,Yes,Yes,Yes,Increased,Positive
R102489,16,Male,North America,PC,GTA Vice City,9,TikTok,11,Story & narrative depth,8,4,Maybe,74.0,20,Yes,No,No,Decreased,Very Positive
R102490,41,Female,Europe,PC,GTA V,4,YouTube,15,Story & narrative depth,10,3,Yes,78.0,9,Yes,No,No,Decreased,Very Positive
R102491,20,Male,Latin America,PC,GTA V,3,Official Rockstar trailer,11,Deeper character customization,9,4,Yes,71.0,5,No,No,Yes,Increased,Very Positive
R102492,20,Female,North America,PC,GTA V,0,Official Rockstar trailer,7,Online/multiplayer mode,10,4,Yes,96.0,5,No,Yes,No,Same,Very Positive
R102493,40,Male,Asia-Pacific,PlayStation 5,GTA IV,10,Reddit,4,Graphics & ray tracing,6,2,Yes,42.0,12,Yes,Yes,Yes,Increased,Positive
R102494,41,Male,Asia-Pacific,Xbox Series X/S,GTA Vice City,6,Reddit,11,Dual protagonists (Jason & Lucia),10,5,Yes,112.0,21,Yes,No,No,Same,Very Positive
R102495,35,Male,Latin America,PC,GTA V,11,YouTube,9,Open-world Vice City map,7,4,Yes,60.0,1,No,Yes,Yes,Increased,Positive
R102496,17,Male,Europe,PC,GTA V,1,X/Twitter,11,Dual protagonists (Jason & Lucia),10,5,Yes,85.0,33,No,No,No,Increased,Very Positive
R102497,16,Male,Latin America,Xbox Series X/S,GTA V,10,Reddit,8,Open-world Vice City map,7,5,Yes,61.0,34,No,Yes,Yes,Increased,Positive
R102498,23,Male,Asia-Pacific,PlayStation 5,GTA V,10,YouTube,8,Dual protagonists (Jason & Lucia),10,5,Yes,94.0,20,Yes,No,Yes,Increased,Very Positive
R102499,35,Male,North America,PlayStation 5,GTA San Andreas,9,TikTok,10,Dual protagonists (Jason & Lucia),6,3,Yes,63.0,32,Yes,Yes,Yes,Increased,Positive
R102500,25,Male,Latin America,PC,GTA III,1,Gaming news sites,8,Map size & exploration,10,5,No,102.0,4,Yes,Yes,No,Increased,Very Positive
R102501,35,Male,North America,PlayStation 5 Pro,GTA Vice City,2,X/Twitter,12,Realistic economy & businesses,7,5,Maybe,88.0,8,Yes,No,No,Increased,Positive
R102502,20,Male,Europe,PlayStation 5,GTA Vice City,5,Twitch,11,Deeper character customization,9,4,Maybe,94.0,49,Yes,No,Yes,Increased,Very Positive
R102503,43,Male,Asia-Pacific,PC,GTA III,11,Reddit,5,Realistic economy & businesses,7,3,No,84.0,4,No,No,No,Increased,Positive
R102504,28,Male,Asia-Pacific,Xbox Series X/S,GTA V,0,YouTube,11,Dual protagonists (Jason & Lucia),9,3,Yes,79.0,31,Yes,No,Yes,Same,Very Positive
R102505,27,Male,North America,PlayStation 5,GTA V,10,YouTube,8,Graphics & ray tracing,6,5,Yes,63.0,8,No,No,No,Increased,Positive
R102506,21,Male,Asia-Pacific,PC,GTA V,3,X/Twitter,8,Realistic economy & businesses,8,5,No,81.0,3,No,No,Yes,Same,Very Positive
R102507,27,Male,Latin America,PlayStation 5,GTA Vice City,6,Official Rockstar trailer,10,Realistic economy & businesses,10,5,Yes,88.0,15,Yes,No,No,Increased,Very Positive
R102508,17,Female,North America,PC,GTA V,7,YouTube,8,Online/multiplayer mode,8,4,Yes,87.0,8,Yes,No,Yes,Increased,Very Positive
R102509,32,Male,Europe,PlayStation 5,Red Dead Redemption 2,5,TikTok,8,Realistic economy & businesses,6,4,Maybe,58.0,16,No,Yes,No,Same,Positive
R102510,43,Female,Europe,PlayStation 5,GTA V,11,Official Rockstar trailer,11,Dual protagonists (Jason & Lucia),10,4,Yes,83.0,17,Yes,No,No,Increased,Very Positive
R102511,13,Male,North America,PlayStation 5,GTA IV,3,YouTube,9,Dual protagonists (Jason & Lucia),10,3,Yes,78.0,24,Yes,No,Yes,Increased,Very Positive
R102512,35,Female,Europe,PC,Never played GTA,3,Official Rockstar trailer,5,Map size & exploration,5,5,Yes,43.0,12,Yes,Yes,Yes,Increased,Positive
R102513,29,Male,North America,PlayStation 5,GTA IV,2,Reddit,11,Open-world Vice City map,8,2,No,51.0,6,No,Yes,Yes,Same,Very Positive
R102514,28,Female,Europe,Xbox Series X/S,GTA V,2,YouTube,9,Dual protagonists (Jason & Lucia),9,3,Yes,82.0,7,Yes,No,No,Increased,Very Positive
R102515,24,Male,Middle East,PlayStation 5,Red Dead Redemption 2,8,Official Rockstar trailer,2,Open-world Vice City map,3,3,No,38.0,15,Yes,No,Yes,Increased,Neutral/Cautious
R102516,33,Male,Asia-Pacific,PC,GTA San Andreas,6,TikTok,5,Story & narrative depth,5,5,Maybe,71.0,42,Yes,No,No,Decreased,Positive
R102517,28,Male,Asia-Pacific,PC,GTA V,0,X/Twitter,6,Improved police/AI systems,8,4,No,84.0,4,Yes,No,Yes,Decreased,Very Positive
R102518,23,Male,Latin America,PlayStation 5,GTA Vice City,9,YouTube,6,Open-world Vice City map,8,3,Yes,71.0,24,No,No,No,Increased,Very Positive
R102519,27,Female,Latin America,Undecided,GTA San Andreas,6,YouTube,8,Map size & exploration,7,5,Yes,89.0,9,Yes,No,Yes,Same,Positive
R102520,26,Male,Middle East,Xbox Series X/S,GTA San Andreas,3,Reddit,9,Realistic economy & businesses,6,3,Yes,58.0,11,No,No,No,Same,Positive
R102521,33,Female,Latin America,Xbox Series X/S,GTA San Andreas,6,TikTok,10,Dual protagonists (Jason & Lucia),10,3,Yes,91.0,28,Yes,No,Yes,Increased,Very Positive
R102522,13,Female,North America,PC,GTA V,4,Twitch,15,Online/multiplayer mode,9,3,Yes,90.0,8,No,No,Yes,Increased,Very Positive
R102523,24,Male,North America,PC,GTA IV,4,X/Twitter,11,Graphics & ray tracing,10,5,Yes,78.0,2,Yes,No,Yes,Increased,Very Positive
R102524,28,Male,Europe,PlayStation 5,GTA V,7,YouTube,4,Deeper character customization,6,5,Yes,67.0,24,No,No,No,Increased,Positive
R102525,35,Female,North America,PlayStation 5,GTA IV,7,X/Twitter,6,Graphics & ray tracing,6,4,Maybe,45.0,3,Yes,Yes,No,Decreased,Positive
R102526,28,Male,Europe,Xbox Series X/S,Never played GTA,2,Gaming news sites,11,Online/multiplayer mode,5,4,Yes,57.0,13,No,Yes,No,Increased,Positive
R102527,22,Male,Europe,PC,GTA V,3,YouTube,7,Story & narrative depth,10,5,Yes,103.0,10,No,No,Yes,Increased,Very Positive
R102528,46,Male,Asia-Pacific,PlayStation 5,Red Dead Redemption 2,11,TikTok,0,Online/multiplayer mode,2,3,Maybe,35.0,3,Yes,Yes,No,Same,Neutral/Cautious
R102529,36,Male,North America,PlayStation 5,GTA San Andreas,8,YouTube,5,Improved police/AI systems,6,3,Yes,49.0,22,No,No,Yes,Increased,Positive
R102530,39,Male,Latin America,Xbox Series X/S,GTA IV,7,Official Rockstar trailer,10,Online/multiplayer mode,6,3,Yes,64.0,8,Yes,Yes,No,Increased,Positive
R102531,22,Female,Asia-Pacific,PlayStation 5,GTA V,5,Reddit,7,Open-world Vice City map,9,3,Yes,79.0,10,No,No,Yes,Increased,Very Positive
R102532,19,Male,Africa,PlayStation 5,GTA IV,6,Reddit,6,Deeper character customization,7,5,Maybe,64.0,13,Yes,Yes,No,Increased,Positive
R102533,24,Male,North America,PlayStation 5,GTA V,9,Official Rockstar trailer,11,Better driving physics,7,4,Yes,60.0,14,Yes,No,Yes,Increased,Positive
R102534,28,Male,North America,Xbox Series X/S,GTA IV,2,Twitch,10,Deeper character customization,10,5,Yes,89.0,7,No,No,No,Increased,Very Positive
R102535,26,Female,Asia-Pacific,PlayStation 5,GTA V,8,Official Rockstar trailer,17,Map size & exploration,10,4,Yes,87.0,7,Yes,No,Yes,Increased,Very Positive
R102536,39,Female,North America,PlayStation 5 Pro,Red Dead Redemption 2,8,Official Rockstar trailer,9,Graphics & ray tracing,10,4,Yes,72.0,21,Yes,No,No,Increased,Very Positive
R102537,28,Male,Latin America,PlayStation 5 Pro,GTA V,10,YouTube,15,Deeper character customization,9,2,Yes,74.0,22,Yes,No,Yes,Decreased,Very Positive
R102538,15,Male,Asia-Pacific,PC,GTA V,0,Official Rockstar trailer,10,Improved police/AI systems,10,5,Yes,73.0,22,No,No,No,Increased,Very Positive
R102539,13,Male,Europe,PlayStation 5,GTA V,4,Official Rockstar trailer,9,Graphics & ray tracing,6,4,Yes,61.0,16,Yes,No,Yes,Decreased,Positive
R102540,18,Male,Europe,PC,GTA V,7,Twitch,10,Story & narrative depth,10,5,Yes,106.0,12,No,No,No,Decreased,Very Positive
R102541,22,Female,Europe,Xbox Series X/S,GTA V,4,X/Twitter,10,Story & narrative depth,8,5,Yes,74.0,21,Yes,No,No,Increased,Very Positive
R102542,13,Male,North America,PC,GTA Vice City,5,Friends,8,Improved police/AI systems,7,3,No,57.0,10,Yes,No,Yes,Increased,Positive
R102543,16,Male,North America,Xbox Series X/S,GTA V,7,Reddit,7,Open-world Vice City map,6,5,No,56.0,8,Yes,No,Yes,Increased,Positive
R102544,41,Female,Europe,PlayStation 5,GTA V,3,Official Rockstar trailer,12,Online/multiplayer mode,10,3,Yes,79.0,13,No,No,No,Increased,Very Positive
R102545,32,Male,Asia-Pacific,PC,GTA Vice City,8,TikTok,6,Story & narrative depth,5,4,Maybe,58.0,7,Yes,Yes,No,Increased,Positive
R102546,25,Male,North America,Xbox Series X/S,GTA V,8,Twitch,6,Improved police/AI systems,9,4,Yes,74.0,11,Yes,No,Yes,Same,Very Positive
R102547,28,Male,Middle East,Xbox Series X/S,GTA V,4,Reddit,9,Better driving physics,8,3,Yes,84.0,20,Yes,No,Yes,Increased,Very Positive
R102548,19,Male,Middle East,Xbox Series X/S,GTA V,5,TikTok,5,Graphics & ray tracing,8,4,Yes,87.0,18,No,No,Yes,Same,Very Positive
R102549,32,Female,Asia-Pacific,PlayStation 5,GTA V,7,Official Rockstar trailer,12,Better driving physics,8,5,Yes,75.0,16,No,No,Yes,Increased,Very Positive
R102550,13,Male,Middle East,PC,GTA San Andreas,0,Friends,5,Graphics & ray tracing,6,5,Yes,70.0,9,No,No,No,Increased,Positive
R102551,35,Female,Latin America,PC,GTA IV,8,Twitch,9,Improved police/AI systems,10,3,No,74.0,5,Yes,No,Yes,Increased,Very Positive
R102552,37,Male,Asia-Pacific,PC,GTA V,6,Official Rockstar trailer,11,Deeper character customization,9,5,Yes,73.0,14,No,No,Yes,Increased,Very Positive
R102553,35,Male,North America,Xbox Series X/S,GTA Vice City,9,YouTube,10,Open-world Vice City map,9,3,Yes,82.0,49,Yes,No,Yes,Same,Very Positive
R102554,30,Non-binary,Latin America,PlayStation 5,Red Dead Redemption 2,7,YouTube,11,Open-world Vice City map,10,5,Yes,80.0,17,No,No,No,Increased,Very Positive
R102555,33,Female,Middle East,PlayStation 5,GTA V,10,YouTube,11,Dual protagonists (Jason & Lucia),8,5,Yes,74.0,3,No,No,No,Increased,Very Positive
R102556,32,Male,North America,PlayStation 5 Pro,GTA Vice City,4,TikTok,9,Graphics & ray tracing,10,4,Yes,66.0,14,No,No,Yes,Increased,Very Positive
R102557,27,Male,Africa,PC,GTA III,0,X/Twitter,4,Deeper character customization,8,5,Yes,72.0,8,Yes,No,Yes,Decreased,Very Positive
R102558,15,Male,Latin America,PC,GTA San Andreas,9,Gaming news sites,10,Dual protagonists (Jason & Lucia),10,4,Yes,98.0,7,No,No,No,Same,Very Positive
R102559,21,Male,North America,PlayStation 5,GTA IV,4,Official Rockstar trailer,10,Realistic economy & businesses,5,3,Yes,57.0,8,Yes,Yes,No,Same,Positive
R102560,32,Female,Asia-Pacific,PlayStation 5,GTA V,0,Official Rockstar trailer,2,Dual protagonists (Jason & Lucia),4,2,No,60.0,24,Yes,No,No,Same,Neutral/Cautious
R102561,28,Female,North America,Xbox Series X/S,GTA V,4,TikTok,6,Open-world Vice City map,8,4,Yes,86.0,18,Yes,No,Yes,Decreased,Very Positive
R102562,24,Male,Europe,PlayStation 5 Pro,GTA San Andreas,8,Official Rockstar trailer,13,Dual protagonists (Jason & Lucia),8,5,Yes,63.0,17,No,Yes,Yes,Increased,Very Positive
R102563,13,Male,North America,Xbox Series X/S,GTA San Andreas,8,Official Rockstar trailer,9,Open-world Vice City map,10,2,Maybe,92.0,30,Yes,No,Yes,Same,Very Positive
R102564,19,Male,Europe,PlayStation 5,GTA V,1,Friends,9,Dual protagonists (Jason & Lucia),10,5,Yes,91.0,33,No,No,No,Increased,Very Positive
R102565,21,Female,Latin America,PC,GTA V,6,Reddit,9,Map size & exploration,10,5,Yes,100.0,12,Yes,No,No,Increased,Very Positive
R102566,20,Male,Asia-Pacific,PC,GTA San Andreas,7,Twitch,9,Online/multiplayer mode,5,3,No,43.0,26,No,Yes,Yes,Increased,Positive
R102567,19,Male,North America,Xbox Series X/S,GTA San Andreas,11,Official Rockstar trailer,10,Dual protagonists (Jason & Lucia),7,3,No,67.0,11,No,No,No,Increased,Positive
R102568,24,Male,North America,PC,GTA San Andreas,7,X/Twitter,12,Dual protagonists (Jason & Lucia),9,5,Yes,58.0,13,Yes,Yes,No,Increased,Very Positive
R102569,20,Male,Africa,PC,GTA San Andreas,8,TikTok,7,Dual protagonists (Jason & Lucia),7,4,Maybe,,4,No,No,Yes,Increased,Positive
R102570,24,Male,Europe,PlayStation 5,GTA V,9,Reddit,10,Open-world Vice City map,7,4,No,43.0,38,No,Yes,Yes,Increased,Positive
R102571,28,Male,Asia-Pacific,PlayStation 5,Red Dead Redemption 2,5,Official Rockstar trailer,7,Story & narrative depth,7,4,Yes,66.0,47,No,No,Yes,Decreased,Positive
R102572,29,Male,Europe,PC,GTA San Andreas,6,Twitch,4,Realistic economy & businesses,5,4,No,85.0,15,Yes,No,Yes,Increased,Positive
R102573,14,Female,Europe,Xbox Series X/S,GTA IV,4,YouTube,8,Dual protagonists (Jason & Lucia),9,4,Yes,85.0,25,No,No,Yes,Increased,Very Positive
R102574,24,Female,Africa,PlayStation 5,GTA V,3,Official Rockstar trailer,9,Open-world Vice City map,8,4,Maybe,86.0,11,Yes,No,Yes,Same,Very Positive
R102575,15,Male,Latin America,PlayStation 5,GTA San Andreas,8,YouTube,5,Open-world Vice City map,3,3,Yes,57.0,5,Yes,Yes,Yes,Same,Neutral/Cautious
R102576,42,Male,Africa,PC,GTA III,2,TikTok,11,Graphics & ray tracing,10,3,Yes,90.0,16,No,No,Yes,Increased,Very Positive
R102577,18,Female,North America,PC,GTA V,9,YouTube,9,Open-world Vice City map,8,5,Yes,75.0,22,No,No,No,Increased,Very Positive
R102578,28,Female,Asia-Pacific,PlayStation 5,GTA Vice City,9,Friends,13,Story & narrative depth,10,4,Maybe,92.0,44,Yes,No,No,Same,Very Positive
R102579,36,Male,North America,PlayStation 5,GTA V,5,YouTube,10,Open-world Vice City map,10,5,Yes,101.0,25,No,No,No,Increased,Very Positive
R102580,21,Male,Latin America,PC,Red Dead Redemption 2,9,Official Rockstar trailer,10,Open-world Vice City map,10,5,Maybe,112.0,12,No,No,No,Same,Very Positive
R102581,27,Male,Europe,PlayStation 5,GTA V,8,Official Rockstar trailer,15,Dual protagonists (Jason & Lucia),8,4,Maybe,76.0,17,No,Yes,Yes,Increased,Very Positive
R102582,30,Female,North America,PlayStation 5,GTA V,7,Official Rockstar trailer,6,Deeper character customization,6,5,No,54.0,5,Yes,Yes,No,Increased,Positive
R102583,20,Prefer not to say,Europe,Xbox Series X/S,GTA V,7,Reddit,8,Dual protagonists (Jason & Lucia),9,4,Yes,85.0,8,Yes,No,Yes,Same,Very Positive
R102584,34,Male,Europe,PC,GTA V,5,Official Rockstar trailer,13,Dual protagonists (Jason & Lucia),10,4,Yes,96.0,15,Yes,No,Yes,Same,Very Positive
R102585,31,Male,Middle East,PlayStation 5,GTA V,9,Reddit,5,Graphics & ray tracing,5,5,Yes,62.0,16,Yes,No,No,Same,Positive
R102586,27,Male,Europe,Xbox Series X/S,GTA V,4,TikTok,7,Graphics & ray tracing,7,3,Yes,78.0,1,Yes,No,Yes,Same,Positive
R102587,28,Male,Europe,PC,Red Dead Redemption 2,10,Official Rockstar trailer,11,Open-world Vice City map,10,2,Yes,86.0,6,Yes,No,Yes,Increased,Very Positive
R102588,25,Female,Europe,Xbox Series X/S,GTA San Andreas,9,Gaming news sites,13,Story & narrative depth,10,3,Yes,87.0,21,No,No,Yes,Increased,Very Positive
R102589,13,Female,Asia-Pacific,PC,GTA San Andreas,3,Reddit,10,Online/multiplayer mode,9,5,Yes,76.0,13,Yes,No,Yes,Increased,Very Positive
R102590,28,Female,Europe,PlayStation 5,GTA San Andreas,9,Official Rockstar trailer,6,Story & narrative depth,6,4,Yes,77.0,20,No,No,Yes,Increased,Positive
R102591,28,Male,North America,Xbox Series X/S,GTA San Andreas,5,YouTube,6,Graphics & ray tracing,9,4,Maybe,72.0,8,Yes,No,Yes,Same,Very Positive
R102592,29,Male,North America,PlayStation 5,GTA III,8,Official Rockstar trailer,7,Story & narrative depth,9,5,No,67.0,19,Yes,No,Yes,Increased,Very Positive
R102593,37,Male,Europe,PlayStation 5,GTA IV,4,Reddit,3,Improved police/AI systems,5,4,Yes,65.0,5,Yes,No,No,Same,Positive
R102594,18,Male,North America,PlayStation 5,GTA V,8,Gaming news sites,4,Open-world Vice City map,6,4,No,53.0,14,No,No,No,Same,Positive
R102595,17,Male,Africa,PC,GTA V,1,TikTok,13,Story & narrative depth,10,4,Yes,77.0,26,Yes,No,No,Same,Very Positive
R102596,14,Male,Europe,Xbox Series X/S,GTA San Andreas,0,Official Rockstar trailer,13,Open-world Vice City map,9,5,Yes,82.0,15,No,Yes,Yes,Increased,Very Positive
R102597,20,Male,North America,PC,GTA San Andreas,7,Official Rockstar trailer,12,Online/multiplayer mode,10,3,Yes,88.0,23,No,No,Yes,Increased,Very Positive
R102598,32,Male,North America,PC,GTA San Andreas,2,X/Twitter,9,Online/multiplayer mode,6,4,Yes,,24,Yes,No,No,Increased,Positive
R102599,21,Non-binary,North America,PC,GTA Vice City,8,YouTube,12,Story & narrative depth,10,3,Yes,95.0,10,Yes,No,Yes,Increased,Very Positive
R102600,13,Non-binary,North America,PlayStation 5,GTA IV,1,Reddit,6,Dual protagonists (Jason & Lucia),6,3,Maybe,64.0,14,Yes,Yes,Yes,Same,Positive
R102601,34,Non-binary,North America,PC,GTA IV,4,Twitch,11,Map size & exploration,9,5,Yes,,8,No,No,No,Decreased,Very Positive
R102602,32,Male,Asia-Pacific,PlayStation 5,GTA V,3,Reddit,9,Realistic economy & businesses,10,3,Yes,108.0,14,Yes,Yes,No,Same,Very Positive
R102603,19,Male,Middle East,PC,GTA San Andreas,3,TikTok,8,Realistic economy & businesses,8,3,Yes,91.0,5,No,No,No,Decreased,Very Positive
R102604,24,Male,Europe,PlayStation 5,GTA IV,8,Reddit,10,Map size & exploration,6,3,No,66.0,12,No,No,No,Decreased,Positive
R102605,24,Male,North America,Undecided,GTA IV,5,Official Rockstar trailer,9,Dual protagonists (Jason & Lucia),10,5,No,80.0,10,Yes,No,Yes,Increased,Very Positive
R102606,17,Female,Europe,PlayStation 5,GTA V,6,YouTube,6,Story & narrative depth,6,5,Yes,52.0,15,No,Yes,Yes,Increased,Positive
R102607,30,Male,Latin America,PlayStation 5,GTA San Andreas,7,YouTube,11,Better driving physics,9,2,Maybe,91.0,5,Yes,No,No,Increased,Very Positive
R102608,27,Male,Europe,PlayStation 5 Pro,GTA V,3,Official Rockstar trailer,6,Open-world Vice City map,8,2,Yes,75.0,31,Yes,No,No,Same,Very Positive
R102609,16,Female,North America,Xbox Series X/S,GTA V,9,Official Rockstar trailer,7,Open-world Vice City map,8,3,Yes,68.0,16,No,No,No,Increased,Very Positive
R102610,21,Male,Europe,PlayStation 5 Pro,GTA IV,6,YouTube,9,Dual protagonists (Jason & Lucia),6,4,Yes,59.0,2,No,Yes,No,Decreased,Positive
R102611,22,Male,Latin America,Xbox Series X/S,Red Dead Redemption 2,10,X/Twitter,5,Graphics & ray tracing,5,4,No,59.0,5,No,Yes,Yes,Increased,Positive
R102612,25,Female,Asia-Pacific,PC,GTA V,4,Friends,11,Better driving physics,9,4,Yes,82.0,11,No,Yes,No,Same,Very Positive
R102613,15,Female,North America,PC,Red Dead Redemption 2,9,X/Twitter,10,Map size & exploration,8,5,No,80.0,14,No,No,Yes,Increased,Very Positive
R102614,19,Male,Europe,PlayStation 5,Red Dead Redemption 2,8,Gaming news sites,13,Map size & exploration,10,4,Yes,81.0,2,Yes,No,Yes,Increased,Very Positive
R102615,17,Prefer not to say,North America,PlayStation 5 Pro,GTA IV,7,YouTube,4,Dual protagonists (Jason & Lucia),5,5,Yes,49.0,18,Yes,No,No,Same,Positive
R102616,23,Male,Europe,PlayStation 5,GTA III,8,YouTube,8,Open-world Vice City map,8,2,No,83.0,9,Yes,No,Yes,Increased,Very Positive
R102617,17,Male,Europe,Undecided,GTA San Andreas,0,TikTok,10,Deeper character customization,8,3,Yes,87.0,14,Yes,No,No,Increased,Very Positive
R102618,38,Male,Asia-Pacific,PC,GTA V,11,YouTube,8,Map size & exploration,3,4,Maybe,64.0,8,No,Yes,No,Increased,Neutral/Cautious
R102619,42,Prefer not to say,Europe,PC,GTA V,7,Official Rockstar trailer,5,Map size & exploration,9,4,No,84.0,36,No,No,Yes,Increased,Very Positive
R102620,30,Male,North America,Xbox Series X/S,Never played GTA,5,Official Rockstar trailer,2,Dual protagonists (Jason & Lucia),4,4,No,72.0,14,No,Yes,Yes,Increased,Neutral/Cautious
R102621,15,Male,Europe,PC,GTA III,11,YouTube,10,Graphics & ray tracing,7,5,Yes,59.0,12,No,No,No,Same,Positive
R102622,30,Male,North America,PlayStation 5,Red Dead Redemption 2,5,TikTok,14,Open-world Vice City map,10,2,Yes,100.0,24,Yes,No,No,Increased,Very Positive
R102623,31,Male,Europe,PC,GTA V,6,Friends,8,Map size & exploration,9,4,Yes,93.0,12,Yes,Yes,No,Increased,Very Positive
R102624,31,Male,Europe,PC,GTA IV,3,Official Rockstar trailer,10,Dual protagonists (Jason & Lucia),6,3,Maybe,22.0,13,No,Yes,Yes,Increased,Positive
R102625,23,Male,North America,PC,GTA V,7,YouTube,8,Better driving physics,8,4,No,79.0,20,Yes,No,Yes,Increased,Very Positive
R102626,20,Female,Europe,PC,GTA IV,5,Official Rockstar trailer,7,Deeper character customization,6,1,Maybe,46.0,48,Yes,No,Yes,Increased,Positive
R102627,25,Male,Europe,PlayStation 5,GTA IV,6,TikTok,14,Deeper character customization,9,3,Yes,62.0,24,No,Yes,Yes,Increased,Very Positive
R102628,31,Female,North America,Xbox Series X/S,GTA San Andreas,7,Friends,9,Improved police/AI systems,4,3,Maybe,49.0,13,Yes,Yes,No,Same,Neutral/Cautious
R102629,26,Female,Europe,PlayStation 5,Red Dead Redemption 2,2,Official Rockstar trailer,10,Dual protagonists (Jason & Lucia),10,3,Yes,82.0,13,No,Yes,Yes,Increased,Very Positive
R102630,30,Non-binary,Europe,PC,GTA V,7,Twitch,6,Map size & exploration,7,4,Maybe,45.0,12,Yes,Yes,No,Increased,Positive
R102631,24,Male,Latin America,PC,Never played GTA,5,Gaming news sites,5,Open-world Vice City map,5,4,Maybe,58.0,10,No,Yes,No,Decreased,Positive
R102632,37,Male,North America,PlayStation 5,GTA V,8,YouTube,7,Open-world Vice City map,8,4,Yes,65.0,28,Yes,No,Yes,Increased,Very Positive
R102633,29,Female,Latin America,PlayStation 5,GTA IV,10,Reddit,8,Improved police/AI systems,6,3,Yes,67.0,8,No,Yes,Yes,Same,Positive
R102634,37,Male,Latin America,PC,GTA San Andreas,5,Official Rockstar trailer,9,Map size & exploration,9,4,Maybe,84.0,9,No,No,Yes,Same,Very Positive
R102635,34,Male,Latin America,PlayStation 5,GTA IV,6,X/Twitter,1,Dual protagonists (Jason & Lucia),5,4,No,40.0,28,Yes,No,No,Increased,Positive
R102636,17,Male,Latin America,Xbox Series X/S,GTA V,11,Official Rockstar trailer,11,Story & narrative depth,7,5,Maybe,63.0,9,Yes,No,Yes,Increased,Positive
R102637,25,Male,Europe,Xbox Series X/S,GTA Vice City,7,Official Rockstar trailer,7,Dual protagonists (Jason & Lucia),10,3,Yes,63.0,12,Yes,Yes,Yes,Increased,Very Positive
R102638,30,Male,Latin America,Xbox Series X/S,GTA V,12,YouTube,11,Graphics & ray tracing,9,4,Maybe,97.0,8,Yes,No,No,Same,Very Positive
R102639,23,Male,Europe,PC,GTA V,7,Official Rockstar trailer,8,Dual protagonists (Jason & Lucia),9,4,Yes,91.0,5,No,No,Yes,Increased,Very Positive
R102640,23,Male,Europe,Xbox Series X/S,GTA V,8,X/Twitter,13,Improved police/AI systems,8,5,Yes,73.0,20,Yes,No,No,Same,Very Positive
R102641,43,Male,Asia-Pacific,PlayStation 5,GTA V,3,X/Twitter,7,Realistic economy & businesses,6,4,Maybe,66.0,17,Yes,No,Yes,Increased,Positive
R102642,27,Male,Europe,PlayStation 5,GTA V,5,Gaming news sites,6,Online/multiplayer mode,6,5,No,71.0,16,No,Yes,Yes,Increased,Positive
R102643,25,Female,Middle East,PlayStation 5 Pro,Red Dead Redemption 2,4,Twitch,7,Improved police/AI systems,8,3,Yes,70.0,12,No,Yes,No,Increased,Very Positive
R102644,19,Male,North America,PC,GTA IV,5,Official Rockstar trailer,7,Dual protagonists (Jason & Lucia),7,4,Yes,,15,Yes,Yes,No,Same,Positive
R102645,27,Prefer not to say,North America,PC,GTA IV,4,YouTube,6,Online/multiplayer mode,7,5,No,73.0,31,Yes,No,No,Increased,Positive
R102646,13,Male,North America,Xbox Series X/S,Red Dead Redemption 2,9,X/Twitter,6,Improved police/AI systems,8,3,No,69.0,11,No,Yes,Yes,Same,Very Positive
R102647,24,Female,Europe,PlayStation 5 Pro,GTA III,0,Reddit,7,Deeper character customization,7,4,Yes,47.0,5,Yes,No,Yes,Same,Positive
R102648,23,Male,Latin America,PlayStation 5,GTA V,10,X/Twitter,9,Dual protagonists (Jason & Lucia),9,5,Yes,85.0,7,No,No,Yes,Increased,Very Positive
R102649,26,Male,Africa,PC,Red Dead Redemption 2,3,Reddit,14,Dual protagonists (Jason & Lucia),10,5,Yes,81.0,7,No,No,No,Increased,Very Positive
R102650,25,Male,North America,PlayStation 5,GTA Vice City,6,Twitch,6,Better driving physics,7,3,Maybe,64.0,12,Yes,No,Yes,Decreased,Positive
R102651,13,Female,Asia-Pacific,PlayStation 5 Pro,GTA San Andreas,6,YouTube,10,Improved police/AI systems,9,3,Yes,78.0,5,Yes,No,Yes,Increased,Very Positive
R102652,31,Female,Latin America,PlayStation 5,Red Dead Redemption 2,7,Official Rockstar trailer,5,Online/multiplayer mode,6,3,Yes,65.0,23,Yes,No,No,Increased,Positive
R102653,26,Male,Asia-Pacific,Undecided,GTA San Andreas,11,Gaming news sites,9,Deeper character customization,7,4,Yes,67.0,10,No,Yes,Yes,Same,Positive
R102654,25,Male,Middle East,Xbox Series X/S,GTA IV,6,X/Twitter,13,Deeper character customization,10,3,Yes,90.0,33,Yes,No,No,Same,Very Positive
R102655,16,Male,North America,PlayStation 5,GTA V,3,Twitch,9,Graphics & ray tracing,10,3,Yes,83.0,7,No,No,Yes,Decreased,Very Positive
R102656,31,Female,North America,PlayStation 5,GTA San Andreas,2,X/Twitter,5,Open-world Vice City map,6,4,Yes,59.0,14,Yes,No,Yes,Increased,Positive
R102657,36,Male,Europe,PlayStation 5,GTA Vice City,2,Reddit,7,Improved police/AI systems,9,5,Yes,74.0,25,Yes,No,Yes,Increased,Very Positive
R102658,30,Male,Europe,Xbox Series X/S,GTA Vice City,5,Official Rockstar trailer,11,Story & narrative depth,10,4,Yes,106.0,9,Yes,No,No,Decreased,Very Positive
R102659,46,Male,Asia-Pacific,Undecided,GTA San Andreas,2,X/Twitter,10,Online/multiplayer mode,7,5,Yes,65.0,16,Yes,No,No,Same,Positive
R102660,25,Female,North America,Xbox Series X/S,GTA IV,6,Reddit,7,Graphics & ray tracing,9,3,Yes,58.0,4,No,No,Yes,Increased,Very Positive
R102661,33,Male,Asia-Pacific,Undecided,GTA IV,0,Reddit,10,Online/multiplayer mode,9,3,Yes,65.0,47,No,No,No,Increased,Very Positive
R102662,28,Non-binary,Asia-Pacific,Xbox Series X/S,GTA IV,4,X/Twitter,7,Online/multiplayer mode,7,4,Maybe,77.0,29,No,No,Yes,Increased,Positive
R102663,40,Male,Europe,PlayStation 5 Pro,GTA San Andreas,2,X/Twitter,9,Story & narrative depth,8,3,Yes,48.0,3,Yes,No,No,Decreased,Very Positive
R102664,40,Male,Asia-Pacific,Xbox Series X/S,GTA San Andreas,6,YouTube,3,Open-world Vice City map,5,2,Yes,46.0,11,No,No,Yes,Same,Positive
R102665,15,Male,North America,PC,GTA V,6,TikTok,12,Dual protagonists (Jason & Lucia),8,3,Yes,81.0,7,Yes,No,Yes,Same,Very Positive
R102666,19,Male,Africa,PC,GTA V,2,Reddit,5,Dual protagonists (Jason & Lucia),7,2,Yes,72.0,16,No,Yes,No,Increased,Positive
R102667,33,Female,Asia-Pacific,PC,GTA V,7,TikTok,12,Graphics & ray tracing,8,3,Yes,108.0,25,No,No,No,Same,Very Positive
R102668,26,Male,North America,PlayStation 5,GTA IV,7,YouTube,5,Story & narrative depth,8,4,No,72.0,15,Yes,Yes,No,Same,Very Positive
R102669,24,Male,Latin America,PlayStation 5,GTA V,6,Reddit,8,Open-world Vice City map,7,4,No,58.0,29,Yes,Yes,Yes,Increased,Positive
R102670,22,Male,Asia-Pacific,PlayStation 5 Pro,GTA San Andreas,8,Reddit,7,Dual protagonists (Jason & Lucia),8,5,Yes,62.0,16,Yes,No,No,Decreased,Very Positive
R102671,24,Male,Latin America,PlayStation 5 Pro,GTA V,2,Official Rockstar trailer,8,Improved police/AI systems,7,4,No,77.0,7,Yes,No,No,Increased,Positive
R102672,27,Male,Middle East,PC,GTA V,13,Official Rockstar trailer,7,Better driving physics,8,3,No,58.0,20,Yes,No,Yes,Increased,Very Positive
R102673,26,Male,Europe,PlayStation 5 Pro,GTA V,6,YouTube,9,Dual protagonists (Jason & Lucia),10,3,Yes,98.0,51,No,No,Yes,Increased,Very Positive
R102674,22,Male,Latin America,PlayStation 5,GTA Vice City,0,Official Rockstar trailer,9,Deeper character customization,8,3,Maybe,75.0,19,Yes,Yes,No,Same,Very Positive
R102675,40,Female,Europe,PC,GTA San Andreas,8,Official Rockstar trailer,12,Online/multiplayer mode,10,5,Yes,90.0,20,No,No,Yes,Increased,Very Positive
R102676,26,Female,Latin America,Xbox Series X/S,GTA V,10,Official Rockstar trailer,7,Deeper character customization,8,4,Yes,64.0,16,No,Yes,Yes,Same,Very Positive
R102677,23,Male,Europe,PlayStation 5,GTA V,3,Official Rockstar trailer,13,Story & narrative depth,10,4,Yes,97.0,39,Yes,No,No,Increased,Very Positive
R102678,29,Male,North America,Xbox Series X/S,GTA San Andreas,5,Official Rockstar trailer,4,Open-world Vice City map,5,3,Yes,60.0,7,Yes,No,Yes,Increased,Positive
R102679,22,Male,North America,PC,GTA Vice City,4,TikTok,9,Story & narrative depth,8,4,Yes,92.0,8,No,No,Yes,Increased,Very Positive
R102680,18,Male,Asia-Pacific,PC,GTA Vice City,4,Gaming news sites,10,Story & narrative depth,6,4,Maybe,53.0,8,No,Yes,Yes,Decreased,Positive
R102681,21,Prefer not to say,Asia-Pacific,Xbox Series X/S,GTA V,6,Friends,5,Graphics & ray tracing,6,4,Yes,39.0,13,Yes,No,No,Increased,Positive
R102682,15,Male,Middle East,PlayStation 5 Pro,GTA Vice City,10,Friends,10,Story & narrative depth,8,3,Maybe,58.0,2,Yes,Yes,No,Increased,Very Positive
R102683,31,Male,Asia-Pacific,PC,GTA Vice City,12,X/Twitter,2,Realistic economy & businesses,5,3,Yes,70.0,7,No,No,Yes,Same,Positive
R102684,34,Female,Europe,PlayStation 5,GTA V,7,Reddit,5,Dual protagonists (Jason & Lucia),6,2,No,55.0,16,Yes,No,No,Decreased,Positive
R102685,17,Male,Middle East,PC,GTA IV,7,YouTube,6,Improved police/AI systems,5,4,Yes,63.0,5,Yes,No,Yes,Same,Positive
R102686,22,Male,Europe,PlayStation 5,GTA V,1,TikTok,9,Dual protagonists (Jason & Lucia),10,5,No,88.0,6,Yes,No,Yes,Increased,Very Positive
R102687,28,Female,Europe,PC,GTA IV,5,TikTok,8,Realistic economy & businesses,10,4,Yes,62.0,57,No,No,No,Same,Very Positive
R102688,27,Male,Europe,PC,GTA V,7,Twitch,15,Graphics & ray tracing,9,5,Yes,73.0,4,Yes,Yes,No,Same,Very Positive
R102689,13,Male,North America,PC,GTA V,1,Twitch,9,Dual protagonists (Jason & Lucia),9,4,Yes,84.0,24,Yes,No,No,Increased,Very Positive
R102690,13,Male,Europe,PlayStation 5 Pro,GTA V,7,YouTube,13,Deeper character customization,10,4,Yes,76.0,10,Yes,No,Yes,Increased,Very Positive
R102691,26,Male,Europe,PlayStation 5 Pro,GTA V,9,YouTube,11,Map size & exploration,10,3,Yes,84.0,13,Yes,No,No,Same,Very Positive
R102692,27,Non-binary,Europe,Xbox Series X/S,Never played GTA,6,YouTube,7,Improved police/AI systems,6,2,Maybe,60.0,4,Yes,No,Yes,Decreased,Positive
R102693,16,Male,North America,PlayStation 5 Pro,GTA IV,6,YouTube,4,Map size & exploration,6,2,No,64.0,19,Yes,Yes,Yes,Same,Positive
R102694,21,Female,Europe,Xbox Series X/S,GTA V,5,X/Twitter,8,Open-world Vice City map,8,4,Yes,64.0,16,No,Yes,Yes,Increased,Very Positive
R102695,20,Male,North America,PC,GTA V,1,Official Rockstar trailer,8,Story & narrative depth,7,2,Maybe,44.0,21,Yes,No,Yes,Increased,Positive
R102696,23,Male,Europe,PlayStation 5,GTA V,5,TikTok,6,Online/multiplayer mode,7,4,Maybe,84.0,9,No,No,No,Increased,Positive
R102697,28,Male,Europe,PlayStation 5,GTA Vice City,8,Official Rockstar trailer,6,Dual protagonists (Jason & Lucia),6,5,Maybe,88.0,15,No,No,No,Same,Positive
R102698,31,Male,North America,Undecided,GTA V,5,YouTube,7,Graphics & ray tracing,7,5,Yes,53.0,11,Yes,Yes,Yes,Increased,Positive
R102699,27,Male,Asia-Pacific,PC,GTA San Andreas,10,Official Rockstar trailer,11,Graphics & ray tracing,10,2,Yes,75.0,2,Yes,No,Yes,Increased,Very Positive
R102700,20,Male,Latin America,PlayStation 5,GTA San Andreas,9,Twitch,5,Graphics & ray tracing,4,2,Maybe,53.0,12,Yes,No,Yes,Decreased,Neutral/Cautious
R102701,23,Female,North America,Xbox Series X/S,Red Dead Redemption 2,10,YouTube,8,Story & narrative depth,9,4,Yes,83.0,18,Yes,No,Yes,Increased,Very Positive
R102702,20,Male,North America,PlayStation 5,GTA Vice City,6,YouTube,13,Deeper character customization,10,3,Yes,92.0,1,Yes,No,Yes,Increased,Very Positive
R102703,13,Male,Asia-Pacific,Xbox Series X/S,GTA San Andreas,11,X/Twitter,14,Dual protagonists (Jason & Lucia),10,4,No,63.0,5,Yes,No,Yes,Same,Very Positive
R102704,26,Female,Europe,PC,GTA San Andreas,1,Official Rockstar trailer,9,Dual protagonists (Jason & Lucia),9,5,Yes,80.0,30,Yes,No,No,Decreased,Very Positive
R102705,36,Male,Europe,PlayStation 5,GTA Vice City,7,X/Twitter,9,Story & narrative depth,8,3,Yes,84.0,14,Yes,No,Yes,Same,Very Positive
R102706,16,Male,North America,PlayStation 5,Never played GTA,3,Official Rockstar trailer,4,Graphics & ray tracing,7,4,Yes,49.0,10,Yes,No,No,Increased,Positive
R102707,20,Male,North America,Xbox Series X/S,GTA IV,9,Reddit,9,Deeper character customization,6,3,Maybe,55.0,7,No,Yes,Yes,Increased,Positive
R102708,29,,Asia-Pacific,PlayStation 5,GTA V,13,YouTube,4,Dual protagonists (Jason & Lucia),8,4,Yes,91.0,27,No,No,Yes,Increased,Very Positive
R102709,28,Male,Asia-Pacific,Undecided,GTA San Andreas,6,TikTok,11,Open-world Vice City map,7,5,Yes,82.0,5,Yes,No,Yes,Same,Positive
R102710,16,Male,Latin America,Xbox Series X/S,Red Dead Redemption 2,13,X/Twitter,7,Deeper character customization,7,4,Yes,80.0,4,Yes,No,Yes,Same,Positive
R102711,19,Male,Asia-Pacific,Xbox Series X/S,GTA III,9,Official Rockstar trailer,10,Better driving physics,5,5,Yes,61.0,11,Yes,Yes,No,Same,Positive
R102712,24,Female,Europe,Xbox Series X/S,GTA San Andreas,6,Reddit,7,Realistic economy & businesses,8,4,No,70.0,10,No,Yes,Yes,Same,Very Positive
R102713,39,Male,Asia-Pacific,PC,GTA Vice City,8,Official Rockstar trailer,8,Story & narrative depth,6,3,Yes,38.0,7,No,Yes,No,Increased,Positive
R102714,25,Male,Asia-Pacific,PlayStation 5,GTA V,2,X/Twitter,5,Story & narrative depth,6,4,No,38.0,7,Yes,Yes,No,Increased,Positive
R102715,28,Female,Europe,Xbox Series X/S,GTA V,6,Official Rockstar trailer,7,Improved police/AI systems,7,3,Yes,75.0,5,No,No,No,Increased,Positive
R102716,23,Male,Middle East,PlayStation 5,GTA Vice City,6,Official Rockstar trailer,6,Open-world Vice City map,7,4,Yes,74.0,48,Yes,Yes,Yes,Same,Positive
R102717,28,Male,Asia-Pacific,Xbox Series X/S,GTA V,3,TikTok,5,Map size & exploration,7,3,Yes,56.0,36,Yes,Yes,Yes,Increased,Positive
R102718,44,Male,Europe,PC,GTA III,0,Reddit,6,Story & narrative depth,7,3,Yes,61.0,31,Yes,Yes,No,Same,Positive
R102719,19,Male,Asia-Pacific,Xbox Series X/S,Red Dead Redemption 2,1,X/Twitter,4,Online/multiplayer mode,8,4,Maybe,,8,Yes,Yes,Yes,Increased,Very Positive
R102720,40,Male,Africa,PC,GTA Vice City,7,Gaming news sites,9,Dual protagonists (Jason & Lucia),10,4,Yes,88.0,3,Yes,Yes,Yes,Decreased,Very Positive
R102721,26,Female,Europe,PC,GTA V,9,YouTube,10,Better driving physics,8,5,Yes,57.0,7,Yes,Yes,Yes,Increased,Very Positive
R102722,28,Prefer not to say,Latin America,PlayStation 5 Pro,GTA IV,4,Reddit,9,Open-world Vice City map,7,3,Yes,71.0,8,Yes,Yes,Yes,Increased,Positive
R102723,17,Male,Middle East,Xbox Series X/S,GTA Vice City,8,Official Rockstar trailer,13,Improved police/AI systems,10,3,Yes,89.0,4,No,No,Yes,Decreased,Very Positive
R102724,21,Female,Asia-Pacific,Xbox Series X/S,GTA San Andreas,7,Official Rockstar trailer,8,Realistic economy & businesses,7,3,Yes,73.0,9,Yes,No,Yes,Increased,Positive
R102725,19,Female,Latin America,PlayStation 5,GTA V,1,Official Rockstar trailer,7,Deeper character customization,6,5,Yes,77.0,4,Yes,No,Yes,Increased,Positive
R102726,32,Female,Europe,PlayStation 5,GTA V,6,Reddit,5,Map size & exploration,7,3,No,74.0,15,Yes,No,No,Decreased,Positive
R102727,29,Prefer not to say,Europe,PC,GTA V,8,Reddit,12,Map size & exploration,10,4,Yes,80.0,11,Yes,Yes,No,Same,Very Positive
R102728,25,Male,North America,Undecided,GTA San Andreas,7,X/Twitter,9,Map size & exploration,6,4,Yes,71.0,10,Yes,No,Yes,Increased,Positive
R102729,30,Male,North America,Xbox Series X/S,GTA San Andreas,6,TikTok,7,Improved police/AI systems,10,3,Yes,60.0,18,Yes,Yes,No,Same,Very Positive
R102730,22,Female,Asia-Pacific,PC,GTA IV,7,Friends,5,Dual protagonists (Jason & Lucia),6,4,No,70.0,11,Yes,No,No,Same,Positive
R102731,35,Female,Asia-Pacific,PC,GTA V,6,YouTube,8,Improved police/AI systems,6,5,No,56.0,10,Yes,Yes,No,Increased,Positive
R102732,40,Male,North America,Xbox Series X/S,GTA V,7,X/Twitter,9,Dual protagonists (Jason & Lucia),9,3,Yes,63.0,6,No,Yes,No,Same,Very Positive
R102733,32,Male,North America,Xbox Series X/S,GTA V,6,TikTok,10,Map size & exploration,8,2,Yes,72.0,37,Yes,No,Yes,Increased,Very Positive
R102734,25,Male,North America,PlayStation 5 Pro,GTA San Andreas,9,Gaming news sites,5,Open-world Vice City map,5,3,Maybe,39.0,4,Yes,No,No,Decreased,Positive
R102735,20,Male,Europe,PlayStation 5 Pro,GTA V,6,YouTube,5,Open-world Vice City map,6,4,Yes,52.0,16,No,Yes,No,Increased,Positive
R102736,25,Male,Asia-Pacific,PlayStation 5,GTA V,5,X/Twitter,14,Graphics & ray tracing,9,3,Yes,87.0,41,Yes,No,Yes,Decreased,Very Positive
R102737,24,Male,Asia-Pacific,Xbox Series X/S,GTA Vice City,6,Official Rockstar trailer,14,Dual protagonists (Jason & Lucia),8,4,Yes,66.0,28,Yes,Yes,Yes,Same,Very Positive
R102738,21,Female,Asia-Pacific,Xbox Series X/S,GTA San Andreas,2,Gaming news sites,14,Improved police/AI systems,10,4,Yes,106.0,8,Yes,Yes,Yes,Increased,Very Positive
R102739,20,Male,Middle East,Xbox Series X/S,GTA V,8,YouTube,7,Realistic economy & businesses,8,5,Yes,53.0,3,Yes,Yes,Yes,Increased,Very Positive
R102740,15,Female,North America,PC,GTA Vice City,8,TikTok,12,Open-world Vice City map,9,4,No,82.0,5,Yes,No,No,Increased,Very Positive
R102741,19,Female,Africa,PC,GTA IV,6,Gaming news sites,5,Improved police/AI systems,7,3,Maybe,68.0,8,No,Yes,No,Increased,Positive
R102742,31,Male,North America,PlayStation 5,GTA San Andreas,7,Official Rockstar trailer,3,Online/multiplayer mode,5,4,Maybe,60.0,23,No,No,No,Increased,Positive
R102743,17,Male,Asia-Pacific,PlayStation 5,GTA V,8,X/Twitter,9,Open-world Vice City map,10,5,Yes,73.0,9,No,No,Yes,Increased,Very Positive
R102744,22,Female,North America,PC,GTA IV,7,Reddit,9,Open-world Vice City map,10,4,Yes,83.0,27,Yes,No,Yes,Increased,Very Positive
R102745,29,,North America,PC,GTA V,8,Official Rockstar trailer,6,Dual protagonists (Jason & Lucia),4,4,No,53.0,11,No,Yes,No,Same,Neutral/Cautious
R102746,27,Male,North America,Xbox Series X/S,GTA IV,7,Reddit,6,Improved police/AI systems,6,4,No,83.0,18,Yes,No,Yes,Same,Positive
R102747,28,Male,Europe,Xbox Series X/S,GTA V,10,Reddit,11,Online/multiplayer mode,9,5,Yes,95.0,10,Yes,Yes,No,Increased,Very Positive
R102748,24,Male,North America,PC,GTA San Andreas,5,Gaming news sites,7,Open-world Vice City map,7,4,Yes,77.0,67,No,No,No,Increased,Positive
R102749,28,Female,North America,PC,GTA V,13,YouTube,9,Open-world Vice City map,9,2,Yes,74.0,40,No,No,Yes,Same,Very Positive
R102750,45,Male,North America,PlayStation 5,GTA Vice City,6,YouTube,11,Open-world Vice City map,10,4,Yes,,7,Yes,No,Yes,Increased,Very Positive
R102751,41,Male,North America,Xbox Series X/S,Red Dead Redemption 2,2,Gaming news sites,12,Dual protagonists (Jason & Lucia),9,4,No,92.0,1,Yes,No,Yes,Increased,Very Positive
R102752,28,Male,Latin America,PlayStation 5 Pro,GTA IV,8,YouTube,5,Map size & exploration,4,4,No,69.0,19,Yes,Yes,Yes,Increased,Neutral/Cautious
R102753,25,Prefer not to say,Asia-Pacific,PC,GTA San Andreas,9,Reddit,7,Dual protagonists (Jason & Lucia),8,3,Yes,53.0,15,Yes,Yes,No,Increased,Very Positive
R102754,20,Male,Asia-Pacific,Xbox Series X/S,GTA IV,7,TikTok,13,Open-world Vice City map,7,4,Yes,76.0,9,No,No,Yes,Increased,Positive
R102755,35,Male,North America,PC,GTA San Andreas,5,X/Twitter,9,Improved police/AI systems,7,3,No,61.0,18,Yes,Yes,Yes,Decreased,Positive
R102756,32,Male,Latin America,PlayStation 5,GTA V,10,YouTube,6,Open-world Vice City map,8,4,Yes,60.0,3,Yes,Yes,Yes,Increased,Very Positive
R102757,17,Female,Europe,PlayStation 5,GTA V,12,TikTok,8,Open-world Vice City map,7,4,Yes,55.0,20,Yes,Yes,No,Increased,Positive
R102758,31,Female,North America,PC,GTA San Andreas,5,Reddit,7,Map size & exploration,9,4,Yes,74.0,17,Yes,No,Yes,Increased,Very Positive
R102759,23,Non-binary,Latin America,PlayStation 5,Red Dead Redemption 2,3,Official Rockstar trailer,8,Realistic economy & businesses,8,3,No,69.0,7,Yes,Yes,No,Same,Very Positive
R102760,13,Male,Europe,PlayStation 5,GTA V,11,YouTube,10,Realistic economy & businesses,7,5,Maybe,54.0,3,Yes,Yes,Yes,Increased,Positive
R102761,16,Non-binary,Middle East,PC,GTA V,13,Friends,9,Map size & exploration,8,3,Yes,81.0,11,Yes,Yes,No,Same,Very Positive
R102762,38,Female,Europe,PlayStation 5,Red Dead Redemption 2,6,YouTube,6,Open-world Vice City map,6,4,Maybe,61.0,4,No,No,Yes,Increased,Positive
R102763,31,Male,Africa,PlayStation 5,GTA Vice City,4,Reddit,9,Online/multiplayer mode,10,4,Yes,66.0,18,Yes,No,Yes,Same,Very Positive
R102764,35,Male,Asia-Pacific,PlayStation 5,GTA V,5,Reddit,8,Improved police/AI systems,8,3,Yes,95.0,10,No,No,Yes,Increased,Very Positive
R102765,13,Female,Asia-Pacific,PlayStation 5 Pro,GTA San Andreas,11,Gaming news sites,9,Realistic economy & businesses,10,3,Yes,83.0,14,Yes,No,Yes,Same,Very Positive
R102766,34,Non-binary,Europe,PlayStation 5 Pro,Red Dead Redemption 2,5,Reddit,13,Realistic economy & businesses,6,3,Yes,50.0,12,No,Yes,Yes,Same,Positive
R102767,24,Male,Latin America,Undecided,GTA San Andreas,4,TikTok,3,Realistic economy & businesses,4,4,No,45.0,6,No,Yes,No,Increased,Neutral/Cautious
R102768,21,Male,North America,PC,Never played GTA,1,YouTube,5,Dual protagonists (Jason & Lucia),4,4,No,54.0,19,No,No,No,Decreased,Neutral/Cautious
R102769,24,Female,North America,Xbox Series X/S,GTA V,8,YouTube,5,Dual protagonists (Jason & Lucia),5,3,Maybe,46.0,13,No,Yes,Yes,Same,Positive
R102770,41,Female,Europe,PlayStation 5,GTA V,1,Official Rockstar trailer,6,Story & narrative depth,8,3,Yes,81.0,11,No,No,No,Same,Very Positive
R102771,28,Male,Asia-Pacific,Undecided,GTA IV,10,TikTok,11,Improved police/AI systems,7,3,Maybe,82.0,37,Yes,No,No,Same,Positive
R102772,17,Male,Asia-Pacific,PlayStation 5,GTA San Andreas,3,YouTube,3,Realistic economy & businesses,5,5,Yes,86.0,11,Yes,Yes,No,Same,Positive
R102773,25,Male,North America,PlayStation 5,GTA V,4,Reddit,12,Realistic economy & businesses,9,3,Yes,89.0,20,Yes,No,No,Increased,Very Positive
R102774,18,Prefer not to say,Latin America,Xbox Series X/S,GTA V,8,YouTube,13,Realistic economy & businesses,6,5,No,64.0,16,No,No,No,Increased,Positive
R102775,35,Male,Europe,PlayStation 5,GTA V,7,Gaming news sites,6,Open-world Vice City map,7,4,Yes,68.0,21,Yes,Yes,Yes,Increased,Positive
R102776,17,Male,Latin America,PlayStation 5,Red Dead Redemption 2,3,Twitch,6,Story & narrative depth,7,5,Yes,81.0,1,Yes,No,No,Increased,Positive
R102777,15,Female,Asia-Pacific,PC,GTA Vice City,7,TikTok,4,Online/multiplayer mode,6,3,No,63.0,8,No,Yes,Yes,Same,Positive
R102778,36,Male,Latin America,Undecided,GTA V,1,YouTube,8,Map size & exploration,6,3,Maybe,57.0,7,No,Yes,No,Increased,Positive
R102779,31,Male,Middle East,Xbox Series X/S,GTA San Andreas,3,TikTok,7,Online/multiplayer mode,9,2,Maybe,59.0,7,Yes,No,No,Increased,Very Positive
R102780,27,Female,Middle East,PC,GTA IV,5,Gaming news sites,8,Graphics & ray tracing,8,4,Yes,83.0,7,Yes,Yes,Yes,Same,Very Positive
R102781,31,Female,North America,Xbox Series X/S,GTA San Andreas,7,YouTube,13,Story & narrative depth,10,4,Yes,91.0,16,No,No,No,Increased,Very Positive
R102782,26,Female,Africa,PlayStation 5 Pro,GTA V,6,Twitch,10,Online/multiplayer mode,10,4,No,82.0,7,No,No,Yes,Increased,Very Positive
R102783,29,Male,North America,PlayStation 5,Red Dead Redemption 2,5,Reddit,8,Online/multiplayer mode,8,2,Yes,68.0,21,No,Yes,Yes,Same,Very Positive
R102784,17,Male,Europe,Undecided,GTA V,13,Official Rockstar trailer,9,Online/multiplayer mode,7,4,Yes,54.0,7,No,Yes,Yes,Increased,Positive
R102785,24,Male,Europe,PC,GTA V,7,YouTube,11,Dual protagonists (Jason & Lucia),10,4,Yes,88.0,36,Yes,No,Yes,Same,Very Positive
R102786,16,Male,Europe,PC,GTA IV,2,Gaming news sites,11,Deeper character customization,8,5,No,78.0,13,Yes,No,Yes,Increased,Very Positive
R102787,15,Male,North America,PlayStation 5 Pro,GTA Vice City,8,YouTube,9,Deeper character customization,6,5,Maybe,60.0,13,Yes,Yes,Yes,Same,Positive
R102788,24,Male,Europe,PlayStation 5,GTA San Andreas,5,Friends,5,Realistic economy & businesses,7,2,Maybe,57.0,13,Yes,No,Yes,Increased,Positive
R102789,26,Female,North America,PlayStation 5,GTA V,3,Official Rockstar trailer,4,Deeper character customization,4,4,No,55.0,29,No,Yes,No,Increased,Neutral/Cautious
R102790,19,Male,Middle East,PC,GTA V,0,Twitch,10,Realistic economy & businesses,8,5,Maybe,63.0,6,No,No,Yes,Increased,Very Positive
R102791,17,Male,Latin America,PC,GTA V,6,TikTok,8,Open-world Vice City map,8,5,No,70.0,18,Yes,No,No,Decreased,Very Positive
R102792,26,Male,Middle East,Xbox Series X/S,Red Dead Redemption 2,0,TikTok,12,Online/multiplayer mode,7,4,Yes,71.0,37,Yes,No,No,Same,Positive
R102793,39,Female,Africa,PC,GTA V,10,YouTube,6,Realistic economy & businesses,6,4,Yes,69.0,13,Yes,Yes,Yes,Decreased,Positive
R102794,33,Non-binary,Latin America,PlayStation 5,GTA V,5,Reddit,13,Dual protagonists (Jason & Lucia),9,5,Yes,99.0,25,No,Yes,Yes,Increased,Very Positive
R102795,15,Non-binary,Europe,PlayStation 5,GTA IV,7,Official Rockstar trailer,13,Story & narrative depth,10,4,Yes,59.0,9,Yes,Yes,No,Increased,Very Positive
R102796,30,Female,Asia-Pacific,PlayStation 5,GTA V,6,Official Rockstar trailer,3,Better driving physics,4,5,Yes,41.0,6,Yes,No,Yes,Increased,Neutral/Cautious
R102797,36,Male,Latin America,PC,GTA San Andreas,10,X/Twitter,11,Online/multiplayer mode,6,4,Yes,73.0,26,No,No,Yes,Increased,Positive
R102798,24,Female,Europe,PlayStation 5,GTA V,7,Gaming news sites,6,Realistic economy & businesses,8,4,Yes,57.0,4,Yes,Yes,Yes,Increased,Very Positive
R102799,14,Female,Africa,PlayStation 5,Red Dead Redemption 2,3,YouTube,11,Deeper character customization,10,2,Yes,110.0,28,Yes,No,Yes,Increased,Very Positive
R102800,25,Male,Europe,PlayStation 5,GTA San Andreas,10,X/Twitter,11,Better driving physics,8,2,Yes,89.0,28,Yes,No,Yes,Increased,Very Positive
R102801,18,Male,Asia-Pacific,PlayStation 5,GTA Vice City,7,YouTube,8,Story & narrative depth,8,3,No,72.0,4,Yes,No,Yes,Increased,Very Positive
R102802,35,Male,North America,PlayStation 5,Red Dead Redemption 2,6,TikTok,6,Improved police/AI systems,6,4,Yes,71.0,25,Yes,No,Yes,Decreased,Positive
R102803,33,Non-binary,Europe,PlayStation 5,Red Dead Redemption 2,1,X/Twitter,8,Online/multiplayer mode,9,5,Yes,88.0,3,No,No,No,Same,Very Positive
R102804,30,Female,Latin America,Xbox Series X/S,GTA V,6,Twitch,11,Realistic economy & businesses,8,5,Yes,96.0,8,No,No,No,Same,Very Positive
R102805,21,Male,North America,Xbox Series X/S,GTA V,8,YouTube,8,Online/multiplayer mode,10,4,No,89.0,11,Yes,No,No,Increased,Very Positive
R102806,30,Female,Europe,PC,GTA V,9,X/Twitter,8,Map size & exploration,5,2,Yes,,15,No,Yes,No,Decreased,Positive
R102807,28,Male,Asia-Pacific,PC,GTA Vice City,1,Reddit,12,Improved police/AI systems,10,4,Yes,82.0,5,No,No,No,Increased,Very Positive
R102808,26,Female,North America,PlayStation 5 Pro,GTA V,9,TikTok,14,Story & narrative depth,10,5,Yes,100.0,23,Yes,No,No,Same,Very Positive
R102809,21,Male,Asia-Pacific,Undecided,Never played GTA,5,Gaming news sites,7,Story & narrative depth,6,4,Yes,45.0,16,Yes,Yes,No,Same,Positive
R102810,13,Male,Europe,PlayStation 5,GTA IV,6,Twitch,6,Open-world Vice City map,5,3,Maybe,72.0,16,Yes,Yes,Yes,Decreased,Positive
R102811,17,Male,North America,PlayStation 5 Pro,GTA V,8,TikTok,8,Online/multiplayer mode,10,5,Yes,57.0,10,Yes,No,Yes,Same,Very Positive
R102812,23,Female,Asia-Pacific,PlayStation 5,GTA San Andreas,7,Official Rockstar trailer,4,Graphics & ray tracing,5,3,Yes,61.0,2,Yes,Yes,Yes,Decreased,Positive
R102813,28,Male,North America,Xbox Series X/S,GTA Vice City,4,Official Rockstar trailer,7,Online/multiplayer mode,7,2,No,68.0,11,Yes,No,Yes,Decreased,Positive
R102814,29,Male,Latin America,PC,GTA V,0,YouTube,10,Story & narrative depth,8,4,Maybe,62.0,26,Yes,Yes,No,Increased,Very Positive
R102815,32,Male,North America,PlayStation 5,GTA V,0,TikTok,6,Better driving physics,5,4,Yes,76.0,2,Yes,Yes,No,Decreased,Positive
R102816,23,Male,North America,PlayStation 5,GTA San Andreas,10,TikTok,11,Improved police/AI systems,10,5,Yes,89.0,9,Yes,Yes,Yes,Increased,Very Positive
R102817,16,Female,Europe,Xbox Series X/S,GTA San Andreas,7,YouTube,10,Graphics & ray tracing,10,5,Yes,68.0,19,Yes,No,Yes,Increased,Very Positive
R102818,28,Female,Asia-Pacific,PlayStation 5,Red Dead Redemption 2,9,Twitch,10,Dual protagonists (Jason & Lucia),8,3,Yes,81.0,13,Yes,No,Yes,Same,Very Positive
R102819,39,Male,North America,Xbox Series X/S,GTA San Andreas,5,TikTok,11,Deeper character customization,9,5,No,76.0,15,No,Yes,No,Same,Very Positive
R102820,33,Male,Latin America,Xbox Series X/S,GTA III,8,YouTube,5,Story & narrative depth,5,4,Maybe,47.0,17,No,Yes,Yes,Increased,Positive
R102821,20,Female,Europe,PC,GTA V,3,Twitch,12,Improved police/AI systems,9,4,No,85.0,26,Yes,No,No,Same,Very Positive
R102822,16,Male,Asia-Pacific,Xbox Series X/S,GTA San Andreas,5,TikTok,11,Improved police/AI systems,10,5,Yes,90.0,41,No,No,Yes,Increased,Very Positive
R102823,36,Female,Asia-Pacific,Undecided,GTA V,5,Reddit,10,Story & narrative depth,6,5,Maybe,76.0,19,Yes,No,Yes,Same,Positive
R102824,21,Male,Asia-Pacific,PC,GTA V,4,YouTube,7,Map size & exploration,9,4,Maybe,64.0,5,Yes,Yes,Yes,Increased,Very Positive
R102825,36,Female,North America,PC,GTA V,5,YouTube,12,Map size & exploration,9,4,Yes,88.0,10,No,No,No,Same,Very Positive
R102826,23,Female,Asia-Pacific,Xbox Series X/S,Red Dead Redemption 2,8,TikTok,11,Story & narrative depth,9,3,Yes,65.0,16,No,Yes,No,Same,Very Positive
R102827,35,Male,North America,PlayStation 5,GTA V,6,TikTok,9,Open-world Vice City map,7,4,Maybe,77.0,14,Yes,Yes,No,Increased,Positive
R102828,34,Male,Africa,PC,GTA San Andreas,12,YouTube,12,Dual protagonists (Jason & Lucia),9,5,Yes,95.0,25,Yes,No,Yes,Increased,Very Positive
R102829,14,Male,Europe,PlayStation 5,GTA V,9,Official Rockstar trailer,13,Map size & exploration,10,5,No,84.0,26,Yes,Yes,No,Same,Very Positive
R102830,22,Female,Africa,PC,GTA IV,6,Reddit,9,Realistic economy & businesses,8,2,Yes,68.0,37,No,Yes,Yes,Increased,Very Positive
R102831,36,Male,Latin America,Xbox Series X/S,Red Dead Redemption 2,8,TikTok,8,Open-world Vice City map,9,3,Yes,72.0,26,No,No,Yes,Increased,Very Positive
R102832,34,Male,Asia-Pacific,PC,GTA San Andreas,10,Reddit,6,Better driving physics,6,4,Maybe,49.0,4,Yes,No,Yes,Increased,Positive
R102833,28,Male,Asia-Pacific,PlayStation 5,GTA Vice City,0,Official Rockstar trailer,9,Better driving physics,9,2,Yes,67.0,17,No,Yes,No,Increased,Very Positive
R102834,27,Male,Latin America,PC,GTA San Andreas,7,YouTube,13,Dual protagonists (Jason & Lucia),9,4,Maybe,83.0,30,Yes,No,Yes,Increased,Very Positive
R102835,23,Male,North America,Xbox Series X/S,Red Dead Redemption 2,8,Reddit,2,Open-world Vice City map,6,3,No,56.0,18,Yes,No,Yes,Decreased,Positive
R102836,13,Male,Europe,Xbox Series X/S,GTA San Andreas,1,TikTok,10,Story & narrative depth,7,3,Maybe,61.0,8,Yes,Yes,No,Decreased,Positive
R102837,18,Male,Europe,PlayStation 5 Pro,GTA Vice City,2,YouTube,5,Story & narrative depth,8,4,Maybe,70.0,19,No,No,No,Increased,Very Positive
R102838,27,Female,Asia-Pacific,PC,GTA Vice City,9,YouTube,8,Open-world Vice City map,8,3,Maybe,76.0,6,No,Yes,Yes,Same,Very Positive
R102839,37,Male,Europe,PlayStation 5 Pro,Red Dead Redemption 2,6,Official Rockstar trailer,11,Open-world Vice City map,9,4,Yes,82.0,45,Yes,No,No,Increased,Very Positive
R102840,35,Male,North America,PlayStation 5,GTA III,7,Gaming news sites,13,Better driving physics,9,4,Maybe,68.0,20,Yes,Yes,No,Increased,Very Positive
R102841,20,Female,Europe,Xbox Series X/S,GTA San Andreas,8,YouTube,7,Deeper character customization,7,3,No,62.0,8,No,No,Yes,Increased,Positive
R102842,27,Male,North America,Xbox Series X/S,GTA San Andreas,8,Twitch,8,Dual protagonists (Jason & Lucia),7,5,Maybe,62.0,6,Yes,No,Yes,Increased,Positive
R102843,16,Female,North America,PlayStation 5,GTA V,5,Gaming news sites,10,Better driving physics,10,2,Yes,101.0,33,Yes,No,Yes,Increased,Very Positive
R102844,13,Female,Europe,Xbox Series X/S,GTA Vice City,7,X/Twitter,11,Story & narrative depth,10,3,Yes,,46,Yes,No,Yes,Same,Very Positive
R102845,18,Male,North America,PlayStation 5,GTA San Andreas,2,Official Rockstar trailer,12,Better driving physics,10,4,Yes,87.0,25,Yes,No,No,Same,Very Positive
R102846,22,Male,Asia-Pacific,PC,Red Dead Redemption 2,7,YouTube,12,Better driving physics,7,3,Yes,64.0,6,No,Yes,Yes,Increased,Positive
R102847,23,Female,North America,PC,GTA San Andreas,9,Reddit,7,Story & narrative depth,7,5,Maybe,64.0,21,Yes,Yes,No,Increased,Positive
R102848,20,Male,North America,PlayStation 5,GTA V,10,Reddit,11,Online/multiplayer mode,8,2,No,55.0,22,No,Yes,No,Increased,Very Positive
R102849,29,Male,Asia-Pacific,PlayStation 5,GTA V,10,YouTube,11,Better driving physics,10,4,Yes,109.0,8,Yes,No,No,Same,Very Positive
R102850,35,Male,Africa,Xbox Series X/S,GTA V,1,Twitch,10,Improved police/AI systems,8,4,Maybe,75.0,2,No,No,Yes,Decreased,Very Positive
R102851,18,Male,North America,Xbox Series X/S,GTA San Andreas,7,Reddit,5,Dual protagonists (Jason & Lucia),7,3,Yes,76.0,33,No,No,Yes,Increased,Positive
R102852,27,Male,Europe,PlayStation 5 Pro,GTA V,2,TikTok,7,Improved police/AI systems,9,3,Yes,81.0,17,Yes,No,Yes,Same,Very Positive
R102853,30,Male,North America,PlayStation 5,GTA V,5,Twitch,7,Story & narrative depth,10,3,Yes,93.0,3,Yes,Yes,Yes,Increased,Very Positive
R102854,28,Male,Asia-Pacific,PlayStation 5,GTA V,3,Reddit,7,Story & narrative depth,8,2,Yes,71.0,4,Yes,No,No,Increased,Very Positive
R102855,22,Female,Latin America,Undecided,GTA San Andreas,4,YouTube,13,Improved police/AI systems,9,4,Yes,70.0,9,Yes,No,Yes,Increased,Very Positive
R102856,30,Male,Latin America,Undecided,GTA V,5,Reddit,9,Better driving physics,10,4,Yes,71.0,19,No,Yes,Yes,Increased,Very Positive
R102857,13,Female,Latin America,Xbox Series X/S,GTA Vice City,7,TikTok,8,Improved police/AI systems,9,5,Yes,71.0,12,Yes,No,No,Increased,Very Positive
R102858,22,Male,Asia-Pacific,PlayStation 5,GTA Vice City,8,Gaming news sites,7,Map size & exploration,8,4,Yes,85.0,18,No,No,Yes,Increased,Very Positive
R102859,22,Male,North America,Xbox Series X/S,Red Dead Redemption 2,7,Official Rockstar trailer,3,Graphics & ray tracing,6,4,No,,31,Yes,No,No,Same,Positive
R102860,27,Female,Asia-Pacific,PlayStation 5,GTA V,5,Friends,8,Story & narrative depth,8,5,Maybe,80.0,18,No,Yes,Yes,Same,Very Positive
R102861,19,Male,Europe,PlayStation 5,GTA V,0,X/Twitter,15,Map size & exploration,10,3,Yes,80.0,11,Yes,No,Yes,Same,Very Positive
R102862,27,Female,Latin America,PlayStation 5,Red Dead Redemption 2,10,YouTube,11,Deeper character customization,5,2,Maybe,49.0,9,Yes,No,Yes,Same,Positive
R102863,33,Male,Africa,PC,GTA IV,4,YouTube,4,Dual protagonists (Jason & Lucia),5,5,No,45.0,16,Yes,No,Yes,Increased,Positive
R102864,32,Male,North America,PlayStation 5,GTA V,6,TikTok,11,Open-world Vice City map,5,5,Yes,44.0,8,Yes,Yes,No,Increased,Positive
R102865,19,Male,North America,PlayStation 5,GTA V,9,YouTube,18,Open-world Vice City map,9,5,Yes,69.0,34,Yes,No,Yes,Increased,Very Positive
R102866,22,Male,North America,PlayStation 5,GTA V,6,X/Twitter,8,Online/multiplayer mode,5,2,No,45.0,8,Yes,No,Yes,Decreased,Positive
R102867,39,Female,North America,PC,GTA III,5,Official Rockstar trailer,9,Map size & exploration,7,3,Yes,80.0,4,Yes,Yes,No,Decreased,Positive
R102868,33,Male,North America,Xbox Series X/S,GTA Vice City,6,X/Twitter,2,Open-world Vice City map,4,4,Yes,38.0,6,Yes,Yes,No,Same,Neutral/Cautious
R102869,31,Male,Asia-Pacific,PlayStation 5,GTA IV,6,YouTube,5,Improved police/AI systems,7,3,Yes,59.0,22,No,Yes,Yes,Decreased,Positive
R102870,24,Male,Latin America,PC,GTA San Andreas,6,TikTok,13,Realistic economy & businesses,9,4,Yes,75.0,28,Yes,No,Yes,Increased,Very Positive
R102871,25,Female,North America,PlayStation 5 Pro,GTA V,9,Gaming news sites,7,Online/multiplayer mode,10,3,Yes,98.0,9,No,No,No,Same,Very Positive
R102872,24,Male,Latin America,Xbox Series X/S,GTA V,8,Reddit,7,Improved police/AI systems,6,4,Yes,44.0,2,Yes,No,No,Increased,Positive
R102873,13,Male,North America,PlayStation 5,GTA V,2,YouTube,11,Realistic economy & businesses,7,5,Yes,92.0,7,No,No,Yes,Same,Positive
R102874,31,Male,Europe,PlayStation 5,GTA San Andreas,6,YouTube,14,Deeper character customization,10,4,Yes,79.0,12,Yes,No,No,Decreased,Very Positive
R102875,26,Male,North America,PlayStation 5,GTA San Andreas,5,X/Twitter,6,Better driving physics,5,4,Maybe,66.0,3,No,No,Yes,Increased,Positive
R102876,28,Male,Europe,PC,GTA V,6,Official Rockstar trailer,10,Online/multiplayer mode,9,3,Yes,72.0,6,Yes,Yes,No,Increased,Very Positive
R102877,32,Female,Europe,PC,GTA V,7,Official Rockstar trailer,10,Deeper character customization,9,4,Maybe,109.0,28,Yes,Yes,Yes,Same,Very Positive
R102878,13,Male,Asia-Pacific,PlayStation 5,GTA San Andreas,2,YouTube,10,Dual protagonists (Jason & Lucia),6,4,No,32.0,19,Yes,No,Yes,Increased,Positive
R102879,39,Male,North America,PlayStation 5,GTA V,2,YouTube,11,Map size & exploration,10,2,Yes,81.0,9,Yes,No,Yes,Increased,Very Positive
R102880,14,Male,North America,PlayStation 5,GTA V,3,TikTok,8,Better driving physics,10,4,No,99.0,7,Yes,No,Yes,Increased,Very Positive
R102881,13,Male,Europe,Xbox Series X/S,Never played GTA,10,Official Rockstar trailer,7,Realistic economy & businesses,4,5,Yes,47.0,4,No,Yes,Yes,Increased,Neutral/Cautious
R102882,18,Male,Europe,PlayStation 5 Pro,GTA Vice City,1,Official Rockstar trailer,8,Realistic economy & businesses,3,1,Maybe,52.0,12,Yes,No,No,Increased,Neutral/Cautious
R102883,21,Male,Latin America,PlayStation 5,GTA V,7,YouTube,12,Map size & exploration,7,4,Maybe,76.0,40,Yes,Yes,Yes,Same,Positive
R102884,27,Non-binary,Europe,PlayStation 5 Pro,GTA San Andreas,3,Official Rockstar trailer,5,Dual protagonists (Jason & Lucia),4,3,Maybe,44.0,3,No,No,Yes,Increased,Neutral/Cautious
R102885,15,Non-binary,North America,Xbox Series X/S,GTA V,9,X/Twitter,10,Improved police/AI systems,10,2,Yes,101.0,11,No,Yes,Yes,Same,Very Positive
R102886,20,Male,North America,Xbox Series X/S,GTA V,8,YouTube,7,Story & narrative depth,8,3,No,77.0,17,Yes,No,No,Same,Very Positive
R102887,30,Male,North America,PlayStation 5,GTA V,4,Official Rockstar trailer,11,Graphics & ray tracing,9,4,No,115.0,12,Yes,No,No,Increased,Very Positive
R102888,27,Male,North America,PC,GTA San Andreas,7,TikTok,7,Story & narrative depth,8,4,No,70.0,11,No,No,Yes,Increased,Very Positive
R102889,35,Male,Europe,PlayStation 5,GTA IV,6,X/Twitter,14,Open-world Vice City map,8,3,Maybe,61.0,13,No,No,Yes,Same,Very Positive
R102890,32,Female,North America,PC,GTA San Andreas,3,YouTube,12,Dual protagonists (Jason & Lucia),8,4,No,56.0,9,No,No,Yes,Same,Very Positive
R102891,33,,Europe,Xbox Series X/S,GTA San Andreas,10,Reddit,5,Open-world Vice City map,6,4,No,65.0,5,Yes,Yes,Yes,Same,Positive
R102892,22,Male,Europe,PC,GTA V,4,TikTok,9,Improved police/AI systems,3,5,Maybe,29.0,34,No,Yes,No,Same,Neutral/Cautious
R102893,48,Male,Europe,Xbox Series X/S,GTA V,5,YouTube,9,Open-world Vice City map,8,4,Yes,98.0,22,Yes,Yes,Yes,Increased,Very Positive
R102894,19,Male,North America,PlayStation 5,GTA V,8,YouTube,10,Deeper character customization,6,3,Yes,62.0,8,Yes,Yes,Yes,Decreased,Positive
R102895,23,Male,Asia-Pacific,Xbox Series X/S,GTA San Andreas,7,TikTok,9,Realistic economy & businesses,8,3,Yes,81.0,16,Yes,No,No,Same,Very Positive
R102896,26,Male,Asia-Pacific,PlayStation 5,GTA IV,10,Reddit,17,Deeper character customization,9,4,Yes,74.0,10,No,Yes,No,Decreased,Very Positive
R102897,20,Non-binary,Asia-Pacific,PC,GTA IV,6,X/Twitter,10,Deeper character customization,10,3,Yes,85.0,11,No,No,Yes,Same,Very Positive
R102898,33,Female,North America,PC,GTA San Andreas,10,YouTube,11,Map size & exploration,10,3,Yes,108.0,19,No,No,Yes,Same,Very Positive
R102899,44,Female,Asia-Pacific,PC,GTA V,12,X/Twitter,7,Deeper character customization,7,4,Yes,74.0,8,No,No,Yes,Increased,Positive
R102900,31,Male,North America,PlayStation 5,GTA V,6,YouTube,10,Realistic economy & businesses,9,4,Yes,82.0,8,Yes,No,Yes,Increased,Very Positive
R102901,28,Female,Asia-Pacific,PC,GTA Vice City,8,X/Twitter,9,Improved police/AI systems,10,3,Yes,67.0,24,Yes,No,Yes,Increased,Very Positive
R102902,16,Female,Asia-Pacific,PlayStation 5 Pro,GTA San Andreas,6,X/Twitter,8,Story & narrative depth,9,3,Yes,83.0,37,Yes,Yes,No,Same,Very Positive
R102903,24,Male,North America,PC,GTA San Andreas,8,TikTok,12,Improved police/AI systems,9,4,No,72.0,6,Yes,No,Yes,Increased,Very Positive
R102904,23,Male,Latin America,PlayStation 5,GTA V,6,Official Rockstar trailer,8,Better driving physics,6,5,Yes,57.0,12,No,No,No,Same,Positive
R102905,28,Male,North America,Undecided,GTA San Andreas,11,YouTube,13,Graphics & ray tracing,8,4,No,77.0,10,Yes,Yes,No,Same,Very Positive
R102906,32,Female,Europe,PlayStation 5,GTA San Andreas,11,YouTube,8,Online/multiplayer mode,7,3,No,88.0,20,No,No,Yes,Same,Positive
R102907,23,Female,Latin America,Undecided,Red Dead Redemption 2,6,X/Twitter,14,Dual protagonists (Jason & Lucia),10,4,Yes,89.0,12,No,No,Yes,Increased,Very Positive
R102908,26,Female,Asia-Pacific,PlayStation 5,GTA IV,7,Official Rockstar trailer,11,Online/multiplayer mode,9,2,Maybe,99.0,3,Yes,No,No,Same,Very Positive
R102909,24,Male,Asia-Pacific,Xbox Series X/S,GTA San Andreas,8,YouTube,16,Map size & exploration,8,3,Maybe,76.0,27,Yes,No,Yes,Same,Very Positive
R102910,22,Female,Asia-Pacific,Xbox Series X/S,Red Dead Redemption 2,9,Gaming news sites,8,Story & narrative depth,10,4,Yes,83.0,34,Yes,No,Yes,Same,Very Positive
R102911,27,Female,Europe,PlayStation 5,GTA IV,4,Reddit,11,Story & narrative depth,8,4,Maybe,54.0,15,No,No,Yes,Same,Very Positive
R102912,25,Non-binary,Latin America,PC,GTA V,5,Official Rockstar trailer,10,Dual protagonists (Jason & Lucia),10,4,Yes,67.0,9,Yes,No,No,Same,Very Positive
R102913,31,Non-binary,Latin America,Xbox Series X/S,GTA V,12,YouTube,4,Dual protagonists (Jason & Lucia),6,4,Maybe,54.0,20,Yes,Yes,Yes,Increased,Positive
R102914,27,Female,Europe,Xbox Series X/S,GTA San Andreas,4,YouTube,9,Graphics & ray tracing,8,3,Yes,,18,No,Yes,No,Increased,Very Positive
R102915,19,Male,North America,Xbox Series X/S,GTA III,8,Twitch,8,Story & narrative depth,8,4,Yes,64.0,21,No,Yes,Yes,Same,Very Positive
R102916,30,Male,Asia-Pacific,PlayStation 5 Pro,Red Dead Redemption 2,7,Reddit,10,Open-world Vice City map,9,3,Yes,68.0,18,Yes,No,No,Decreased,Very Positive
R102917,28,Female,Asia-Pacific,PC,GTA V,9,YouTube,10,Dual protagonists (Jason & Lucia),8,4,Yes,76.0,33,No,Yes,Yes,Decreased,Very Positive
R102918,26,Male,Europe,PlayStation 5,GTA V,5,YouTube,7,Online/multiplayer mode,5,5,No,59.0,9,No,Yes,Yes,Decreased,Positive
R102919,38,Female,Middle East,Xbox Series X/S,GTA V,11,X/Twitter,8,Story & narrative depth,7,3,No,58.0,31,Yes,No,Yes,Same,Positive
R102920,29,Male,Asia-Pacific,Xbox Series X/S,GTA V,6,X/Twitter,10,Story & narrative depth,8,3,No,41.0,10,No,No,Yes,Increased,Very Positive
R102921,18,Male,Africa,PlayStation 5 Pro,GTA San Andreas,3,TikTok,9,Better driving physics,9,4,No,80.0,2,No,No,Yes,Increased,Very Positive
R102922,17,Male,North America,PlayStation 5,GTA III,7,X/Twitter,10,Map size & exploration,9,4,Yes,95.0,20,No,No,Yes,Same,Very Positive
R102923,22,Male,Europe,PlayStation 5,GTA San Andreas,4,Official Rockstar trailer,8,Online/multiplayer mode,6,3,Yes,63.0,16,Yes,Yes,Yes,Same,Positive
R102924,31,Non-binary,Asia-Pacific,PlayStation 5 Pro,GTA San Andreas,0,Official Rockstar trailer,10,Deeper character customization,8,2,Maybe,68.0,9,Yes,Yes,No,Increased,Very Positive
R102925,25,Male,Asia-Pacific,Xbox Series X/S,GTA III,4,YouTube,7,Open-world Vice City map,8,3,Maybe,88.0,24,No,No,Yes,Increased,Very Positive
R102926,13,Female,Europe,Xbox Series X/S,GTA V,6,Twitch,11,Online/multiplayer mode,10,5,No,77.0,4,No,No,Yes,Decreased,Very Positive
R102927,30,Male,Africa,Xbox Series X/S,GTA San Andreas,6,Official Rockstar trailer,12,Story & narrative depth,6,3,Yes,95.0,16,Yes,No,Yes,Increased,Positive
R102928,30,Male,North America,PlayStation 5,GTA V,5,Official Rockstar trailer,7,Story & narrative depth,10,2,Yes,90.0,18,Yes,No,No,Decreased,Very Positive
R102929,36,Male,North America,PC,GTA San Andreas,4,Official Rockstar trailer,14,Graphics & ray tracing,7,4,Yes,62.0,21,Yes,Yes,Yes,Increased,Positive
R102930,40,Female,North America,Undecided,GTA V,4,Friends,7,Open-world Vice City map,8,5,No,67.0,3,No,No,Yes,Increased,Very Positive
R102931,29,Male,North America,PlayStation 5,GTA San Andreas,7,Gaming news sites,10,Map size & exploration,8,4,Yes,71.0,23,Yes,No,Yes,Increased,Very Positive
R102932,23,Male,Latin America,Xbox Series X/S,GTA V,6,TikTok,8,Improved police/AI systems,4,3,Yes,37.0,8,Yes,No,Yes,Increased,Neutral/Cautious
R102933,28,Male,Latin America,PC,GTA IV,7,X/Twitter,8,Dual protagonists (Jason & Lucia),5,4,Maybe,48.0,6,No,Yes,Yes,Decreased,Positive
R102934,30,Male,North America,PlayStation 5 Pro,GTA V,6,YouTube,9,Realistic economy & businesses,10,5,Yes,81.0,10,No,No,No,Increased,Very Positive
R102935,36,Female,North America,Undecided,GTA Vice City,7,YouTube,12,Improved police/AI systems,7,3,Yes,45.0,18,Yes,Yes,Yes,Decreased,Positive
R102936,35,Male,Asia-Pacific,Xbox Series X/S,GTA San Andreas,2,YouTube,10,Dual protagonists (Jason & Lucia),9,4,Yes,83.0,13,No,No,No,Same,Very Positive
R102937,26,Male,Asia-Pacific,PC,GTA V,6,Reddit,10,Open-world Vice City map,9,3,Yes,76.0,12,No,No,Yes,Increased,Very Positive
R102938,30,Female,North America,Undecided,GTA V,5,Twitch,7,Realistic economy & businesses,7,5,No,83.0,7,Yes,No,Yes,Increased,Positive
R102939,14,Male,North America,PlayStation 5,GTA V,5,Gaming news sites,5,Open-world Vice City map,9,4,Maybe,80.0,31,Yes,No,Yes,Same,Very Positive
R102940,33,Male,Asia-Pacific,PC,GTA San Andreas,7,YouTube,11,Online/multiplayer mode,9,2,Yes,68.0,11,No,Yes,Yes,Same,Very Positive
R102941,29,Male,Asia-Pacific,Xbox Series X/S,GTA V,1,TikTok,6,Story & narrative depth,7,4,Maybe,83.0,22,Yes,No,No,Increased,Positive
R102942,20,Male,Europe,PC,Red Dead Redemption 2,7,Official Rockstar trailer,15,Improved police/AI systems,10,4,Maybe,90.0,2,Yes,No,Yes,Same,Very Positive
R102943,32,Male,Latin America,Xbox Series X/S,GTA V,9,Twitch,7,Open-world Vice City map,9,4,Maybe,70.0,19,No,No,No,Increased,Very Positive
R102944,24,Male,Africa,PC,GTA Vice City,10,Official Rockstar trailer,5,Story & narrative depth,3,1,Maybe,47.0,21,No,Yes,Yes,Same,Neutral/Cautious
R102945,31,Male,North America,PC,GTA V,7,Reddit,10,Open-world Vice City map,8,4,Yes,53.0,21,Yes,Yes,No,Increased,Very Positive
R102946,13,Male,Middle East,PlayStation 5,GTA San Andreas,4,Friends,15,Deeper character customization,9,3,Yes,67.0,10,No,No,Yes,Increased,Very Positive
R102947,21,Female,Latin America,Xbox Series X/S,Red Dead Redemption 2,13,Twitch,10,Map size & exploration,6,5,Yes,46.0,23,Yes,No,Yes,Same,Positive
R102948,23,Male,Europe,PlayStation 5,GTA IV,3,Reddit,14,Realistic economy & businesses,9,3,Yes,81.0,13,No,Yes,Yes,Same,Very Positive
R102949,19,Male,Latin America,Xbox Series X/S,Never played GTA,1,Twitch,1,Map size & exploration,2,3,Maybe,54.0,3,No,Yes,Yes,Same,Neutral/Cautious
R102950,29,Male,Middle East,PlayStation 5,GTA San Andreas,8,YouTube,8,Map size & exploration,6,2,Yes,67.0,3,No,Yes,No,Increased,Positive
R102951,13,Male,North America,PlayStation 5,GTA V,9,YouTube,14,Map size & exploration,9,3,Maybe,88.0,11,No,No,No,Decreased,Very Positive
R102952,32,Male,Asia-Pacific,Xbox Series X/S,GTA IV,3,TikTok,10,Story & narrative depth,5,3,Maybe,51.0,6,Yes,Yes,Yes,Same,Positive
R102953,34,Male,Latin America,Undecided,GTA V,8,YouTube,9,Open-world Vice City map,7,3,No,82.0,15,Yes,Yes,No,Increased,Positive
R102954,25,Male,Latin America,PlayStation 5,GTA Vice City,4,TikTok,3,Deeper character customization,5,2,Maybe,45.0,16,Yes,Yes,Yes,Increased,Positive
R102955,20,Female,Europe,Xbox Series X/S,GTA V,5,Official Rockstar trailer,7,Story & narrative depth,8,5,Yes,74.0,11,No,No,Yes,Increased,Very Positive
R102956,16,Male,Europe,PC,Red Dead Redemption 2,5,X/Twitter,10,Open-world Vice City map,6,5,Maybe,66.0,16,No,Yes,No,Decreased,Positive
R102957,25,Male,North America,PlayStation 5 Pro,GTA V,5,YouTube,8,Deeper character customization,5,5,No,64.0,8,Yes,No,Yes,Increased,Positive
R102958,13,Male,Asia-Pacific,PlayStation 5,GTA V,7,YouTube,6,Online/multiplayer mode,8,2,Maybe,64.0,21,No,Yes,No,Increased,Very Positive
R102959,32,Non-binary,Asia-Pacific,PlayStation 5,GTA Vice City,7,Reddit,8,Dual protagonists (Jason & Lucia),8,4,Yes,63.0,2,No,Yes,No,Increased,Very Positive
R102960,24,Male,Middle East,Xbox Series X/S,GTA San Andreas,3,Friends,16,Story & narrative depth,10,4,Yes,78.0,11,No,No,No,Increased,Very Positive
R102961,24,Female,North America,PC,Red Dead Redemption 2,2,Official Rockstar trailer,8,Online/multiplayer mode,6,5,Maybe,47.0,38,Yes,No,Yes,Same,Positive
R102962,15,Male,Europe,PlayStation 5,GTA IV,5,Reddit,8,Online/multiplayer mode,7,3,Maybe,78.0,21,No,No,No,Same,Positive
R102963,33,Female,Europe,PC,GTA V,5,Reddit,9,Dual protagonists (Jason & Lucia),8,5,Yes,106.0,2,Yes,No,No,Decreased,Very Positive
R102964,17,Male,Europe,PC,Red Dead Redemption 2,5,YouTube,7,Realistic economy & businesses,9,3,Yes,72.0,4,No,Yes,Yes,Increased,Very Positive
R102965,42,Female,North America,PC,GTA San Andreas,11,Gaming news sites,7,Open-world Vice City map,7,4,Maybe,64.0,7,No,Yes,No,Increased,Positive
R102966,22,Male,North America,PC,GTA IV,7,Reddit,14,Dual protagonists (Jason & Lucia),8,3,Maybe,71.0,11,Yes,No,No,Same,Very Positive
R102967,22,Male,North America,PlayStation 5,Red Dead Redemption 2,11,Official Rockstar trailer,4,Open-world Vice City map,6,3,No,59.0,11,Yes,Yes,Yes,Increased,Positive
R102968,29,Male,Europe,Xbox Series X/S,GTA Vice City,2,Official Rockstar trailer,8,Online/multiplayer mode,8,5,Yes,83.0,2,No,Yes,No,Increased,Very Positive
R102969,14,Female,Latin America,PC,GTA V,0,Reddit,9,Map size & exploration,7,4,Maybe,63.0,27,Yes,No,Yes,Decreased,Positive
R102970,21,Male,Europe,PlayStation 5,GTA V,8,Official Rockstar trailer,13,Realistic economy & businesses,10,5,Yes,67.0,12,Yes,Yes,No,Same,Very Positive
R102971,21,Male,Asia-Pacific,PlayStation 5,GTA V,9,Official Rockstar trailer,6,Better driving physics,5,4,Maybe,33.0,7,Yes,Yes,Yes,Increased,Positive
R102972,19,Male,Latin America,PlayStation 5,Red Dead Redemption 2,8,Official Rockstar trailer,8,Story & narrative depth,10,3,Yes,85.0,10,Yes,No,No,Decreased,Very Positive
R102973,21,Male,North America,PlayStation 5 Pro,Red Dead Redemption 2,2,Reddit,16,Deeper character customization,10,3,Yes,109.0,26,Yes,No,Yes,Increased,Very Positive
R102974,37,Female,Africa,PlayStation 5,GTA III,8,Official Rockstar trailer,7,Map size & exploration,9,4,Yes,84.0,6,Yes,Yes,Yes,Increased,Very Positive
R102975,23,Male,North America,PC,GTA IV,8,TikTok,7,Open-world Vice City map,7,3,Yes,65.0,14,Yes,Yes,Yes,Increased,Positive
R102976,21,Male,Europe,PC,GTA San Andreas,6,TikTok,10,Story & narrative depth,7,1,Yes,78.0,34,No,No,No,Increased,Positive
R102977,15,Male,Europe,Xbox Series X/S,GTA III,4,TikTok,4,Graphics & ray tracing,4,3,Yes,61.0,8,No,No,No,Same,Neutral/Cautious
R102978,35,Male,Europe,PlayStation 5,GTA Vice City,3,Official Rockstar trailer,10,Story & narrative depth,10,3,Yes,100.0,12,No,Yes,Yes,Decreased,Very Positive
R102979,23,Male,Middle East,PlayStation 5,GTA V,7,Reddit,9,Deeper character customization,10,2,Maybe,75.0,30,Yes,No,No,Increased,Very Positive
R102980,27,Male,Europe,PlayStation 5,GTA San Andreas,5,YouTube,12,Realistic economy & businesses,9,5,Yes,84.0,29,No,Yes,Yes,Increased,Very Positive
R102981,26,Male,Asia-Pacific,PlayStation 5,GTA San Andreas,6,Official Rockstar trailer,10,Graphics & ray tracing,6,4,Maybe,59.0,7,Yes,Yes,Yes,Increased,Positive
R102982,18,Male,North America,Xbox Series X/S,GTA V,5,Gaming news sites,15,Realistic economy & businesses,9,5,Yes,74.0,17,No,No,Yes,Increased,Very Positive
R102983,38,Male,Africa,PlayStation 5,GTA Vice City,3,Official Rockstar trailer,8,Improved police/AI systems,6,3,Yes,61.0,10,Yes,No,Yes,Increased,Positive
R102984,13,Male,Asia-Pacific,PlayStation 5,Never played GTA,3,X/Twitter,9,Realistic economy & businesses,5,2,No,52.0,6,Yes,No,Yes,Increased,Positive
R102985,38,Male,Latin America,PC,GTA V,9,Gaming news sites,8,Story & narrative depth,6,5,Maybe,74.0,23,Yes,No,No,Increased,Positive
R102986,26,Non-binary,Latin America,PlayStation 5,GTA V,7,Official Rockstar trailer,17,Open-world Vice City map,10,5,Yes,85.0,43,Yes,Yes,No,Same,Very Positive
R102987,33,Male,Europe,Undecided,GTA V,4,Official Rockstar trailer,8,Deeper character customization,8,5,Yes,62.0,9,No,Yes,No,Increased,Very Positive
R102988,28,Female,Europe,Undecided,GTA V,6,Official Rockstar trailer,9,Dual protagonists (Jason & Lucia),10,4,Yes,70.0,14,Yes,Yes,Yes,Same,Very Positive
R102989,17,Male,North America,PC,GTA IV,7,Official Rockstar trailer,7,Dual protagonists (Jason & Lucia),8,4,Yes,71.0,20,No,No,No,Increased,Very Positive
R102990,13,Female,Europe,PlayStation 5,GTA V,4,X/Twitter,7,Better driving physics,8,5,Yes,78.0,9,Yes,No,Yes,Same,Very Positive
R102991,41,Male,North America,Undecided,GTA San Andreas,8,Reddit,7,Realistic economy & businesses,8,4,Maybe,56.0,23,No,Yes,Yes,Decreased,Very Positive
R102992,20,Male,North America,Xbox Series X/S,GTA V,5,YouTube,13,Improved police/AI systems,10,4,Yes,89.0,30,Yes,No,Yes,Same,Very Positive
R102993,25,Male,Europe,PC,GTA San Andreas,6,YouTube,11,Dual protagonists (Jason & Lucia),8,4,Yes,84.0,14,Yes,Yes,No,Increased,Very Positive
R102994,34,Male,Asia-Pacific,PC,GTA San Andreas,8,YouTube,7,Open-world Vice City map,7,2,No,68.0,6,No,Yes,Yes,Increased,Positive
R102995,46,Male,North America,Xbox Series X/S,GTA IV,3,Official Rockstar trailer,8,Open-world Vice City map,9,5,Yes,71.0,51,Yes,No,No,Increased,Very Positive
R102996,25,Male,Europe,PC,GTA V,6,Official Rockstar trailer,8,Open-world Vice City map,8,4,No,78.0,19,Yes,No,No,Increased,Very Positive
R102997,21,Male,Latin America,PC,GTA Vice City,1,Official Rockstar trailer,7,Story & narrative depth,8,4,Yes,71.0,10,No,No,No,Decreased,Very Positive
R102998,26,Male,North America,PC,GTA V,3,TikTok,11,Open-world Vice City map,9,4,Yes,75.0,25,Yes,No,No,Increased,Very Positive
R102999,29,Male,Europe,PlayStation 5,GTA V,4,TikTok,8,Dual protagonists (Jason & Lucia),6,2,Maybe,54.0,10,Yes,Yes,Yes,Increased,Positive
R103000,28,Male,Europe,PlayStation 5,GTA San Andreas,7,Official Rockstar trailer,6,Dual protagonists (Jason & Lucia),7,4,Yes,54.0,21,Yes,No,Yes,Increased,Positive
R103001,36,Prefer not to say,Latin America,PlayStation 5,GTA V,3,TikTok,9,Open-world Vice City map,7,5,Maybe,74.0,7,No,No,Yes,Decreased,Positive
R103002,24,Male,Europe,Xbox Series X/S,GTA San Andreas,5,Friends,10,Story & narrative depth,5,3,Yes,,27,No,No,Yes,Increased,Positive
R103003,13,Male,Europe,PlayStation 5,GTA V,7,Official Rockstar trailer,10,Graphics & ray tracing,8,5,Yes,60.0,22,Yes,Yes,Yes,Same,Very Positive
R103004,32,Male,Latin America,PC,GTA V,3,TikTok,8,Dual protagonists (Jason & Lucia),5,3,No,70.0,50,Yes,No,No,Increased,Positive
R103005,20,Male,Africa,PlayStation 5 Pro,GTA V,3,Gaming news sites,10,Story & narrative depth,10,5,Yes,83.0,18,No,No,Yes,Increased,Very Positive
R103006,26,Male,North America,Xbox Series X/S,GTA V,6,YouTube,14,Story & narrative depth,10,5,Yes,60.0,18,Yes,Yes,Yes,Same,Very Positive
R103007,22,Male,Europe,Xbox Series X/S,Red Dead Redemption 2,0,Official Rockstar trailer,8,Story & narrative depth,9,3,Yes,81.0,25,Yes,No,Yes,Increased,Very Positive
R103008,34,Male,Europe,Xbox Series X/S,GTA IV,7,YouTube,7,Dual protagonists (Jason & Lucia),6,3,No,65.0,43,Yes,Yes,No,Same,Positive
R103009,40,Male,North America,PlayStation 5,Red Dead Redemption 2,6,Reddit,8,Deeper character customization,8,4,Yes,55.0,28,Yes,Yes,No,Increased,Very Positive
R103010,17,Female,Europe,Xbox Series X/S,GTA V,4,Official Rockstar trailer,14,Map size & exploration,8,3,Yes,83.0,6,No,No,Yes,Increased,Very Positive
R103011,26,Male,Europe,PC,GTA San Andreas,7,YouTube,10,Map size & exploration,10,4,Yes,100.0,63,No,No,Yes,Increased,Very Positive
R103012,25,Female,North America,PlayStation 5,GTA V,6,Twitch,6,Map size & exploration,5,5,No,44.0,4,Yes,Yes,Yes,Increased,Positive
R103013,13,Male,North America,PC,GTA V,3,Reddit,6,Dual protagonists (Jason & Lucia),6,4,Maybe,68.0,24,Yes,Yes,Yes,Increased,Positive
R103014,32,Male,Asia-Pacific,PlayStation 5 Pro,GTA San Andreas,9,Reddit,6,Story & narrative depth,6,5,Yes,,11,No,No,Yes,Increased,Positive
R103015,21,Male,North America,PlayStation 5 Pro,GTA V,8,Official Rockstar trailer,9,Map size & exploration,10,5,Yes,75.0,99,Yes,Yes,No,Decreased,Very Positive
R103016,30,Male,Latin America,PC,GTA IV,4,TikTok,15,Better driving physics,8,5,Yes,78.0,14,Yes,No,Yes,Same,Very Positive
R103017,30,Female,Asia-Pacific,PlayStation 5,GTA IV,10,YouTube,7,Dual protagonists (Jason & Lucia),8,4,Yes,66.0,12,Yes,Yes,Yes,Decreased,Very Positive
R103018,22,Non-binary,North America,PlayStation 5,GTA V,1,TikTok,6,Open-world Vice City map,6,4,No,73.0,26,No,Yes,Yes,Same,Positive
R103019,31,Male,Asia-Pacific,PlayStation 5,GTA V,6,YouTube,6,Better driving physics,6,1,Maybe,61.0,22,No,Yes,No,Same,Positive
R103020,25,Male,Latin America,PlayStation 5 Pro,GTA San Andreas,3,YouTube,2,Map size & exploration,7,5,Yes,54.0,26,Yes,Yes,No,Increased,Positive
R103021,22,Prefer not to say,North America,Xbox Series X/S,GTA III,3,Twitch,7,Map size & exploration,8,3,Maybe,78.0,25,No,No,No,Same,Very Positive
R103022,28,Male,North America,PC,GTA IV,4,Reddit,15,Improved police/AI systems,10,2,Yes,109.0,31,No,No,No,Same,Very Positive
R103023,23,Male,Middle East,PlayStation 5,GTA V,8,Official Rockstar trailer,13,Better driving physics,10,4,Yes,59.0,35,Yes,No,No,Same,Very Positive
R103024,25,Male,Asia-Pacific,PC,Red Dead Redemption 2,7,Gaming news sites,3,Story & narrative depth,4,5,No,49.0,24,Yes,Yes,Yes,Increased,Neutral/Cautious
R103025,29,Male,Middle East,PC,GTA V,5,Gaming news sites,12,Deeper character customization,7,5,Yes,54.0,11,Yes,No,No,Increased,Positive
R103026,24,Male,Europe,PlayStation 5,GTA V,10,Twitch,10,Open-world Vice City map,9,4,Yes,70.0,9,Yes,No,Yes,Increased,Very Positive
R103027,33,Male,Europe,Xbox Series X/S,GTA IV,13,YouTube,12,Online/multiplayer mode,7,3,Yes,58.0,16,Yes,Yes,Yes,Increased,Positive
R103028,17,Male,Asia-Pacific,PlayStation 5,GTA San Andreas,1,Official Rockstar trailer,7,Graphics & ray tracing,8,3,Yes,80.0,6,No,Yes,No,Decreased,Very Positive
R103029,16,Male,Asia-Pacific,PC,GTA V,10,Reddit,15,Open-world Vice City map,10,5,Yes,,5,Yes,No,Yes,Same,Very Positive
R103030,24,Female,Latin America,PC,GTA V,5,Official Rockstar trailer,8,Dual protagonists (Jason & Lucia),8,5,Yes,75.0,13,Yes,No,No,Same,Very Positive
R103031,41,Male,Europe,PC,GTA San Andreas,4,YouTube,4,Story & narrative depth,7,4,Yes,67.0,29,No,No,Yes,Increased,Positive
R103032,35,Male,Africa,PlayStation 5,GTA San Andreas,9,Official Rockstar trailer,5,Deeper character customization,5,5,No,39.0,28,No,No,Yes,Same,Positive
R103033,28,Male,Latin America,PlayStation 5,GTA IV,0,Official Rockstar trailer,17,Improved police/AI systems,9,2,Yes,79.0,14,Yes,No,Yes,Decreased,Very Positive
R103034,22,Male,Europe,PlayStation 5,GTA Vice City,7,Official Rockstar trailer,8,Realistic economy & businesses,7,3,Yes,74.0,17,No,No,No,Increased,Positive
R103035,30,Male,Asia-Pacific,PC,GTA San Andreas,4,Official Rockstar trailer,6,Open-world Vice City map,5,2,Maybe,47.0,17,Yes,Yes,Yes,Increased,Positive
R103036,35,Male,Latin America,PC,GTA V,6,Reddit,8,Realistic economy & businesses,8,3,Yes,55.0,11,No,Yes,Yes,Same,Very Positive
R103037,18,Non-binary,Latin America,PlayStation 5,GTA San Andreas,11,X/Twitter,9,Dual protagonists (Jason & Lucia),9,5,Yes,63.0,25,Yes,Yes,Yes,Same,Very Positive
R103038,32,Male,Africa,Xbox Series X/S,GTA San Andreas,5,Official Rockstar trailer,6,Open-world Vice City map,8,5,Yes,82.0,23,No,No,Yes,Increased,Very Positive
R103039,32,Male,Asia-Pacific,PlayStation 5,GTA V,7,YouTube,13,Open-world Vice City map,9,2,Yes,63.0,36,Yes,Yes,Yes,Increased,Very Positive
R103040,22,Male,North America,Xbox Series X/S,Red Dead Redemption 2,6,TikTok,5,Online/multiplayer mode,5,3,Maybe,45.0,13,No,Yes,No,Increased,Positive
R103041,21,Male,Middle East,Undecided,GTA V,2,Official Rockstar trailer,7,Map size & exploration,9,2,Yes,94.0,19,Yes,Yes,Yes,Increased,Very Positive
R103042,19,,Latin America,Xbox Series X/S,GTA San Andreas,10,YouTube,10,Improved police/AI systems,8,4,Maybe,41.0,8,Yes,Yes,No,Increased,Very Positive
R103043,24,,Europe,Xbox Series X/S,GTA San Andreas,4,Twitch,6,Realistic economy & businesses,9,3,Yes,75.0,15,Yes,No,No,Increased,Very Positive
R103044,35,Male,Asia-Pacific,Xbox Series X/S,GTA Vice City,3,X/Twitter,9,Online/multiplayer mode,9,4,Yes,76.0,7,Yes,Yes,Yes,Same,Very Positive
R103045,25,Male,North America,Xbox Series X/S,GTA IV,5,Twitch,7,Realistic economy & businesses,8,4,Maybe,70.0,41,Yes,No,No,Decreased,Very Positive
R103046,17,Male,Europe,Xbox Series X/S,GTA IV,13,Official Rockstar trailer,8,Open-world Vice City map,8,4,No,66.0,9,Yes,Yes,Yes,Same,Very Positive
R103047,33,Male,North America,PlayStation 5,GTA V,11,Official Rockstar trailer,11,Map size & exploration,9,4,Yes,76.0,24,No,No,Yes,Same,Very Positive
R103048,19,Male,Europe,Xbox Series X/S,GTA V,5,Official Rockstar trailer,12,Deeper character customization,10,2,Yes,81.0,22,Yes,No,Yes,Increased,Very Positive
R103049,19,Female,Asia-Pacific,PC,GTA San Andreas,10,Reddit,6,Story & narrative depth,7,3,Maybe,72.0,18,Yes,No,No,Decreased,Positive
R103050,36,Female,Europe,Xbox Series X/S,GTA V,3,Official Rockstar trailer,9,Realistic economy & businesses,10,3,Yes,79.0,8,No,Yes,No,Increased,Very Positive
R103051,21,Female,North America,Xbox Series X/S,GTA V,0,Gaming news sites,9,Realistic economy & businesses,9,3,Yes,70.0,12,Yes,No,No,Decreased,Very Positive
R103052,23,Non-binary,Asia-Pacific,PlayStation 5,GTA Vice City,2,Official Rockstar trailer,12,Improved police/AI systems,8,4,Yes,78.0,5,Yes,No,Yes,Increased,Very Positive
R103053,25,Male,Asia-Pacific,PlayStation 5,GTA V,8,YouTube,10,Open-world Vice City map,9,2,Yes,100.0,14,Yes,Yes,Yes,Increased,Very Positive
R103054,25,Female,Europe,PlayStation 5,GTA V,8,Reddit,8,Map size & exploration,10,4,Yes,90.0,38,No,No,No,Increased,Very Positive
R103055,25,Male,Asia-Pacific,PlayStation 5,GTA San Andreas,5,TikTok,10,Open-world Vice City map,9,4,Yes,84.0,28,No,No,No,Increased,Very Positive
R103056,37,Male,Europe,PC,GTA V,7,Official Rockstar trailer,8,Map size & exploration,10,4,Yes,71.0,5,Yes,No,Yes,Increased,Very Positive
R103057,43,Male,Europe,PlayStation 5 Pro,GTA V,4,TikTok,10,Dual protagonists (Jason & Lucia),7,5,Yes,79.0,4,Yes,No,Yes,Same,Positive
R103058,27,Male,Africa,PlayStation 5,GTA IV,7,Reddit,10,Open-world Vice City map,9,5,Yes,69.0,29,Yes,Yes,No,Increased,Very Positive
R103059,28,Male,Latin America,PlayStation 5,GTA Vice City,8,X/Twitter,13,Dual protagonists (Jason & Lucia),7,4,Maybe,56.0,14,Yes,Yes,No,Same,Positive
R103060,34,Male,Europe,Xbox Series X/S,GTA Vice City,7,TikTok,4,Open-world Vice City map,7,1,Maybe,47.0,11,Yes,No,Yes,Decreased,Positive
R103061,34,Non-binary,Europe,PC,GTA V,8,Twitch,12,Map size & exploration,10,5,Yes,77.0,17,Yes,Yes,Yes,Increased,Very Positive
R103062,33,Male,Asia-Pacific,PC,GTA San Andreas,9,Official Rockstar trailer,9,Dual protagonists (Jason & Lucia),8,3,Maybe,73.0,12,Yes,No,No,Increased,Very Positive
R103063,36,Male,Europe,PlayStation 5,GTA V,5,Official Rockstar trailer,9,Story & narrative depth,9,3,Yes,71.0,5,Yes,No,Yes,Increased,Very Positive
R103064,16,Male,Europe,Undecided,Red Dead Redemption 2,6,TikTok,10,Realistic economy & businesses,10,4,Yes,89.0,45,Yes,No,No,Increased,Very Positive
R103065,36,Male,North America,PlayStation 5,GTA V,7,TikTok,13,Online/multiplayer mode,10,4,Yes,75.0,19,No,No,Yes,Increased,Very Positive
R103066,25,Male,Latin America,PC,GTA V,11,TikTok,7,Graphics & ray tracing,6,5,Maybe,53.0,25,No,No,Yes,Same,Positive
R103067,29,Female,Latin America,PlayStation 5 Pro,GTA V,12,Reddit,13,Online/multiplayer mode,10,3,Yes,63.0,64,No,Yes,Yes,Increased,Very Positive
R103068,17,Male,Latin America,PlayStation 5,GTA V,3,TikTok,10,Graphics & ray tracing,10,3,Yes,86.0,6,Yes,No,No,Decreased,Very Positive
R103069,24,Male,Europe,PC,GTA V,8,X/Twitter,10,Online/multiplayer mode,10,4,No,74.0,9,No,No,Yes,Increased,Very Positive
R103070,22,Prefer not to say,Europe,Xbox Series X/S,GTA IV,2,Gaming news sites,4,Open-world Vice City map,7,4,Yes,86.0,14,No,No,No,Increased,Positive
R103071,20,Male,Asia-Pacific,Xbox Series X/S,GTA V,6,Official Rockstar trailer,8,Dual protagonists (Jason & Lucia),6,5,Yes,62.0,14,Yes,No,No,Increased,Positive
R103072,35,Male,North America,Undecided,GTA V,4,Reddit,4,Dual protagonists (Jason & Lucia),5,4,Maybe,37.0,19,No,Yes,Yes,Increased,Positive
R103073,26,Male,Asia-Pacific,PlayStation 5,GTA Vice City,2,Official Rockstar trailer,9,Graphics & ray tracing,6,3,Maybe,47.0,9,No,No,No,Decreased,Positive
R103074,19,Male,Middle East,PlayStation 5,GTA San Andreas,3,Gaming news sites,10,Map size & exploration,6,4,Yes,53.0,5,Yes,Yes,Yes,Increased,Positive
R103075,37,Male,Latin America,PlayStation 5,GTA San Andreas,2,X/Twitter,7,Deeper character customization,7,4,No,60.0,15,Yes,No,No,Same,Positive
R103076,20,Male,Europe,PlayStation 5,GTA San Andreas,7,Official Rockstar trailer,9,Open-world Vice City map,5,4,No,33.0,7,No,No,Yes,Increased,Positive
R103077,25,Male,Latin America,Xbox Series X/S,Red Dead Redemption 2,11,Reddit,3,Open-world Vice City map,4,4,Maybe,60.0,15,Yes,No,Yes,Increased,Neutral/Cautious
R103078,26,Female,Asia-Pacific,PlayStation 5,GTA Vice City,11,TikTok,14,Online/multiplayer mode,8,5,Yes,106.0,13,Yes,No,No,Increased,Very Positive
R103079,29,Female,North America,PlayStation 5,GTA V,0,Twitch,6,Better driving physics,10,4,Yes,86.0,24,Yes,Yes,Yes,Increased,Very Positive
R103080,19,Male,Africa,Xbox Series X/S,GTA San Andreas,10,TikTok,15,Dual protagonists (Jason & Lucia),10,3,Yes,119.0,11,Yes,No,Yes,Same,Very Positive
R103081,35,Male,Europe,PC,GTA V,8,Reddit,11,Open-world Vice City map,10,3,Yes,99.0,5,No,No,No,Increased,Very Positive
R103082,32,Male,Asia-Pacific,PlayStation 5,GTA III,6,Reddit,7,Open-world Vice City map,8,4,Yes,56.0,15,Yes,No,Yes,Same,Very Positive
R103083,27,Male,North America,PlayStation 5,GTA V,7,Reddit,3,Dual protagonists (Jason & Lucia),5,5,No,53.0,20,Yes,Yes,Yes,Increased,Positive
R103084,18,Male,North America,PC,GTA San Andreas,0,Official Rockstar trailer,9,Story & narrative depth,10,5,Yes,83.0,19,No,No,Yes,Same,Very Positive
R103085,18,Female,North America,PlayStation 5 Pro,GTA San Andreas,6,YouTube,6,Deeper character customization,6,3,Maybe,35.0,7,No,Yes,Yes,Increased,Positive
R103086,24,Non-binary,Europe,PlayStation 5,GTA III,2,Friends,9,Story & narrative depth,8,3,Maybe,62.0,5,Yes,No,Yes,Same,Very Positive
R103087,20,Female,Middle East,Xbox Series X/S,GTA V,9,YouTube,7,Online/multiplayer mode,6,3,Yes,64.0,20,Yes,No,Yes,Increased,Positive
R103088,32,Male,Asia-Pacific,Xbox Series X/S,Never played GTA,8,Reddit,4,Online/multiplayer mode,5,3,No,57.0,7,Yes,No,Yes,Same,Positive
R103089,27,Male,Africa,Xbox Series X/S,GTA V,10,YouTube,9,Map size & exploration,5,5,Maybe,76.0,3,Yes,No,Yes,Increased,Positive
R103090,39,Female,Europe,Xbox Series X/S,GTA San Andreas,5,Official Rockstar trailer,6,Better driving physics,7,3,Maybe,80.0,22,Yes,No,Yes,Increased,Positive
R103091,34,Male,Latin America,PlayStation 5,GTA III,8,Reddit,5,Story & narrative depth,8,3,Yes,91.0,28,Yes,Yes,No,Increased,Very Positive
R103092,26,Male,Europe,Xbox Series X/S,GTA V,3,Reddit,7,Open-world Vice City map,10,5,Yes,86.0,7,No,No,No,Same,Very Positive
R103093,23,Male,Asia-Pacific,Xbox Series X/S,GTA V,7,Reddit,8,Improved police/AI systems,8,5,Yes,70.0,11,Yes,No,Yes,Same,Very Positive
R103094,28,Male,Europe,PC,GTA V,0,Twitch,3,Online/multiplayer mode,5,4,Yes,61.0,5,Yes,No,Yes,Increased,Positive
R103095,24,Male,North America,PC,GTA Vice City,6,X/Twitter,11,Deeper character customization,10,3,Yes,108.0,56,No,No,Yes,Same,Very Positive
R103096,33,Male,North America,PlayStation 5,GTA IV,5,Reddit,7,Open-world Vice City map,5,4,Yes,63.0,2,No,No,No,Increased,Positive
R103097,23,Male,Asia-Pacific,PlayStation 5,Red Dead Redemption 2,3,TikTok,11,Open-world Vice City map,8,2,Yes,60.0,12,Yes,No,No,Increased,Very Positive
R103098,38,Female,North America,PlayStation 5,GTA V,9,X/Twitter,17,Open-world Vice City map,10,5,Yes,92.0,2,No,No,Yes,Increased,Very Positive
R103099,36,Male,Asia-Pacific,PlayStation 5,GTA IV,4,YouTube,6,Story & narrative depth,8,4,Yes,69.0,7,Yes,No,Yes,Same,Very Positive
R103100,34,Female,North America,PlayStation 5 Pro,GTA V,5,TikTok,9,Graphics & ray tracing,9,5,Yes,80.0,17,Yes,Yes,No,Increased,Very Positive
R103101,13,Non-binary,Latin America,Xbox Series X/S,GTA V,10,X/Twitter,8,Graphics & ray tracing,8,5,Yes,73.0,19,Yes,No,Yes,Same,Very Positive
R103102,28,Male,Europe,PlayStation 5,GTA V,4,Official Rockstar trailer,8,Story & narrative depth,7,5,Yes,53.0,4,No,No,Yes,Increased,Positive
R103103,17,Female,Middle East,PC,GTA San Andreas,6,Official Rockstar trailer,11,Online/multiplayer mode,10,5,Yes,108.0,17,Yes,No,Yes,Increased,Very Positive
R103104,20,Male,Europe,PlayStation 5,GTA V,3,Gaming news sites,9,Improved police/AI systems,8,3,Maybe,82.0,18,Yes,No,Yes,Same,Very Positive
R103105,29,Female,North America,PC,GTA IV,5,YouTube,15,Map size & exploration,8,4,Yes,71.0,5,No,No,No,Decreased,Very Positive
R103106,29,Female,Asia-Pacific,PC,GTA Vice City,1,Reddit,5,Better driving physics,10,3,Yes,83.0,11,Yes,No,No,Same,Very Positive
R103107,24,Male,North America,Xbox Series X/S,GTA V,10,X/Twitter,10,Online/multiplayer mode,8,5,Yes,85.0,18,Yes,No,No,Same,Very Positive
R103108,33,Male,Europe,PC,GTA IV,6,Official Rockstar trailer,10,Dual protagonists (Jason & Lucia),8,3,No,84.0,1,No,No,Yes,Increased,Very Positive
R103109,14,Female,Europe,PC,GTA V,7,YouTube,9,Dual protagonists (Jason & Lucia),9,5,Yes,92.0,16,Yes,No,No,Increased,Very Positive
R103110,35,Female,Asia-Pacific,PC,GTA Vice City,9,X/Twitter,11,Map size & exploration,10,2,Yes,98.0,28,Yes,No,No,Increased,Very Positive
R103111,26,Male,Europe,PlayStation 5 Pro,GTA V,3,YouTube,10,Deeper character customization,7,4,Yes,59.0,27,No,No,No,Increased,Positive
R103112,32,Male,Asia-Pacific,PlayStation 5,GTA V,5,YouTube,10,Open-world Vice City map,8,3,Yes,88.0,33,Yes,No,Yes,Same,Very Positive
R103113,33,Male,Asia-Pacific,PlayStation 5,GTA San Andreas,10,Reddit,7,Story & narrative depth,7,3,Yes,75.0,12,Yes,No,Yes,Same,Positive
R103114,23,Male,Africa,Xbox Series X/S,GTA V,4,Official Rockstar trailer,7,Open-world Vice City map,4,3,No,60.0,52,No,Yes,Yes,Same,Neutral/Cautious
R103115,27,Male,North America,PC,GTA Vice City,3,YouTube,9,Map size & exploration,9,4,Yes,75.0,5,No,No,Yes,Same,Very Positive
R103116,20,Female,Asia-Pacific,Xbox Series X/S,Red Dead Redemption 2,7,Official Rockstar trailer,9,Dual protagonists (Jason & Lucia),10,4,Yes,75.0,21,Yes,No,No,Same,Very Positive
R103117,25,Male,Europe,PlayStation 5,GTA IV,7,Twitch,8,Better driving physics,7,2,Yes,62.0,11,Yes,Yes,No,Same,Positive
R103118,27,Male,Europe,PlayStation 5,GTA San Andreas,7,YouTube,13,Realistic economy & businesses,10,4,Yes,70.0,35,Yes,No,No,Increased,Very Positive
R103119,23,Male,North America,PC,Red Dead Redemption 2,5,TikTok,4,Open-world Vice City map,4,3,Maybe,54.0,9,Yes,No,Yes,Increased,Neutral/Cautious
R103120,35,Male,Asia-Pacific,PC,GTA V,7,X/Twitter,11,Better driving physics,9,5,Yes,75.0,16,No,No,Yes,Increased,Very Positive
R103121,34,Male,Europe,PlayStation 5,GTA V,0,YouTube,8,Realistic economy & businesses,7,4,No,81.0,7,Yes,Yes,Yes,Increased,Positive
R103122,26,Male,Middle East,PlayStation 5,GTA V,8,YouTube,11,Improved police/AI systems,10,5,Yes,76.0,8,Yes,No,No,Increased,Very Positive
R103123,20,Male,Europe,PlayStation 5 Pro,GTA V,6,X/Twitter,8,Dual protagonists (Jason & Lucia),8,3,No,73.0,6,Yes,No,Yes,Increased,Very Positive
R103124,21,Male,Latin America,Xbox Series X/S,GTA V,6,X/Twitter,11,Story & narrative depth,9,2,Yes,65.0,18,Yes,Yes,No,Increased,Very Positive
R103125,22,Male,Latin America,Xbox Series X/S,GTA V,4,Friends,10,Online/multiplayer mode,10,5,Yes,92.0,15,Yes,Yes,No,Same,Very Positive
R103126,21,Female,Latin America,PC,GTA IV,5,Official Rockstar trailer,13,Open-world Vice City map,10,2,Yes,101.0,23,Yes,No,Yes,Increased,Very Positive
R103127,18,Female,Europe,Xbox Series X/S,GTA V,8,YouTube,17,Realistic economy & businesses,10,4,Yes,89.0,53,Yes,No,Yes,Same,Very Positive
R103128,27,Non-binary,Asia-Pacific,PlayStation 5,GTA V,3,YouTube,8,Open-world Vice City map,7,3,Yes,62.0,12,Yes,No,Yes,Increased,Positive
R103129,23,Prefer not to say,North America,PlayStation 5,GTA San Andreas,7,YouTube,8,Online/multiplayer mode,7,4,Yes,74.0,31,Yes,No,Yes,Increased,Positive
R103130,23,Male,North America,PC,GTA V,6,Official Rockstar trailer,7,Graphics & ray tracing,6,3,Maybe,83.0,3,Yes,No,Yes,Same,Positive
R103131,15,Male,Asia-Pacific,Xbox Series X/S,GTA Vice City,3,Twitch,7,Better driving physics,7,4,Yes,73.0,15,No,No,Yes,Increased,Positive
R103132,32,Male,North America,PC,GTA V,4,TikTok,7,Dual protagonists (Jason & Lucia),5,3,No,,32,Yes,No,Yes,Increased,Positive
R103133,33,Male,Asia-Pacific,PlayStation 5,GTA IV,11,YouTube,11,Open-world Vice City map,8,5,Maybe,77.0,36,Yes,Yes,No,Increased,Very Positive
R103134,13,Male,North America,Xbox Series X/S,GTA Vice City,6,YouTube,7,Better driving physics,9,4,Yes,76.0,17,No,No,No,Increased,Very Positive
R103135,19,Male,North America,PlayStation 5,GTA V,7,TikTok,10,Graphics & ray tracing,10,4,Yes,84.0,27,No,No,No,Increased,Very Positive
R103136,41,Male,Latin America,PlayStation 5,GTA Vice City,8,Reddit,3,Map size & exploration,5,4,Yes,67.0,17,Yes,Yes,Yes,Increased,Positive
R103137,36,Female,Europe,Xbox Series X/S,GTA V,2,Gaming news sites,8,Story & narrative depth,6,5,No,53.0,22,No,Yes,Yes,Increased,Positive
R103138,17,Male,Asia-Pacific,PC,GTA Vice City,3,Reddit,8,Map size & exploration,10,3,Yes,94.0,4,Yes,No,Yes,Increased,Very Positive
R103139,24,Female,Asia-Pacific,Xbox Series X/S,GTA San Andreas,4,YouTube,10,Realistic economy & businesses,10,5,Yes,91.0,7,No,No,Yes,Increased,Very Positive
R103140,26,Male,North America,PlayStation 5 Pro,GTA V,3,X/Twitter,6,Dual protagonists (Jason & Lucia),8,5,Maybe,60.0,30,No,Yes,No,Same,Very Positive
R103141,25,Male,North America,PlayStation 5,GTA Vice City,10,YouTube,4,Improved police/AI systems,5,5,Maybe,45.0,1,Yes,No,Yes,Increased,Positive
R103142,35,Male,Asia-Pacific,Xbox Series X/S,Red Dead Redemption 2,4,Reddit,11,Story & narrative depth,6,4,Yes,55.0,3,No,Yes,Yes,Increased,Positive
R103143,22,Male,North America,PlayStation 5,GTA V,5,YouTube,13,Realistic economy & businesses,10,5,Yes,75.0,14,No,Yes,Yes,Same,Very Positive
R103144,24,Male,Europe,PlayStation 5,GTA V,8,Twitch,13,Improved police/AI systems,9,5,Yes,79.0,4,Yes,Yes,No,Increased,Very Positive
R103145,30,Female,Europe,PlayStation 5 Pro,GTA V,4,YouTube,9,Online/multiplayer mode,9,4,Yes,60.0,22,Yes,Yes,Yes,Decreased,Very Positive
R103146,26,Male,Asia-Pacific,PlayStation 5,GTA V,5,TikTok,10,Online/multiplayer mode,10,4,Yes,82.0,26,Yes,No,Yes,Increased,Very Positive
R103147,17,Male,Asia-Pacific,PC,GTA V,5,TikTok,11,Improved police/AI systems,9,5,Yes,71.0,6,No,No,Yes,Increased,Very Positive
R103148,30,Male,Europe,PlayStation 5,GTA San Andreas,6,Reddit,11,Graphics & ray tracing,8,3,Yes,85.0,7,Yes,No,Yes,Same,Very Positive
R103149,23,Male,Africa,PlayStation 5,GTA V,7,TikTok,12,Map size & exploration,6,5,Yes,62.0,4,Yes,No,No,Increased,Positive
R103150,26,Female,Europe,PlayStation 5,Never played GTA,5,Official Rockstar trailer,4,Graphics & ray tracing,4,3,Maybe,66.0,7,No,Yes,Yes,Increased,Neutral/Cautious
R103151,14,Female,Europe,PlayStation 5,GTA V,8,X/Twitter,10,Story & narrative depth,7,1,Yes,76.0,36,Yes,No,No,Increased,Positive
R103152,36,Female,Asia-Pacific,PlayStation 5 Pro,Never played GTA,10,TikTok,10,Improved police/AI systems,8,3,Yes,93.0,9,Yes,No,Yes,Increased,Very Positive
R103153,19,Non-binary,North America,PC,GTA IV,7,Official Rockstar trailer,16,Deeper character customization,10,2,Yes,73.0,27,Yes,No,Yes,Same,Very Positive
R103154,13,Male,Asia-Pacific,PlayStation 5 Pro,GTA V,9,X/Twitter,13,Online/multiplayer mode,9,4,Yes,75.0,11,No,No,Yes,Same,Very Positive
R103155,29,,Asia-Pacific,Xbox Series X/S,GTA V,5,Reddit,3,Online/multiplayer mode,3,3,Maybe,28.0,14,No,Yes,Yes,Increased,Neutral/Cautious
R103156,25,Male,Asia-Pacific,PC,GTA V,9,YouTube,6,Dual protagonists (Jason & Lucia),7,4,Yes,75.0,13,Yes,No,No,Increased,Positive
R103157,28,Male,Asia-Pacific,Xbox Series X/S,Red Dead Redemption 2,4,YouTube,8,Graphics & ray tracing,7,4,Yes,53.0,33,Yes,Yes,No,Increased,Positive
R103158,14,Male,Europe,Xbox Series X/S,GTA V,4,Official Rockstar trailer,7,Open-world Vice City map,6,4,Maybe,74.0,37,Yes,No,No,Same,Positive
R103159,23,Male,Asia-Pacific,PlayStation 5,GTA San Andreas,5,YouTube,9,Better driving physics,9,3,Yes,99.0,5,Yes,No,Yes,Increased,Very Positive
R103160,23,Male,North America,Xbox Series X/S,GTA Vice City,4,Twitch,7,Story & narrative depth,7,5,Maybe,75.0,16,No,No,Yes,Increased,Positive
R103161,32,Female,Europe,PlayStation 5 Pro,GTA V,8,YouTube,9,Realistic economy & businesses,9,4,Yes,93.0,7,No,No,No,Same,Very Positive
R103162,25,Male,Europe,PC,GTA V,5,Friends,8,Dual protagonists (Jason & Lucia),5,3,Maybe,49.0,23,Yes,Yes,Yes,Same,Positive
R103163,26,Male,Europe,Xbox Series X/S,GTA V,5,YouTube,11,Dual protagonists (Jason & Lucia),10,5,Yes,102.0,15,Yes,No,No,Increased,Very Positive
R103164,35,Male,Asia-Pacific,PlayStation 5,GTA San Andreas,3,Official Rockstar trailer,5,Realistic economy & businesses,10,3,Yes,98.0,14,Yes,No,No,Increased,Very Positive
R103165,13,Male,Europe,PC,GTA IV,4,Reddit,13,Map size & exploration,8,3,No,91.0,18,No,No,Yes,Same,Very Positive
R103166,22,Male,Africa,PlayStation 5,GTA V,6,Official Rockstar trailer,9,Improved police/AI systems,10,3,Yes,92.0,15,Yes,No,No,Decreased,Very Positive
R103167,23,Male,North America,PC,GTA San Andreas,9,X/Twitter,9,Online/multiplayer mode,8,3,Yes,74.0,13,Yes,No,Yes,Decreased,Very Positive
R103168,20,Female,Europe,PlayStation 5,Red Dead Redemption 2,5,Official Rockstar trailer,11,Realistic economy & businesses,7,1,Yes,82.0,16,Yes,No,No,Increased,Positive
R103169,29,Prefer not to say,Europe,PC,GTA V,10,Official Rockstar trailer,14,Dual protagonists (Jason & Lucia),9,4,Yes,94.0,53,No,Yes,Yes,Increased,Very Positive
R103170,25,Male,Latin America,PlayStation 5,GTA Vice City,6,Official Rockstar trailer,3,Dual protagonists (Jason & Lucia),6,4,No,59.0,23,Yes,No,Yes,Same,Positive
R103171,25,Male,Asia-Pacific,Xbox Series X/S,GTA Vice City,8,Official Rockstar trailer,5,Open-world Vice City map,8,2,Yes,79.0,10,Yes,No,Yes,Decreased,Very Positive
R103172,23,Male,Asia-Pacific,PC,GTA V,8,YouTube,11,Dual protagonists (Jason & Lucia),9,2,Maybe,80.0,19,Yes,No,No,Same,Very Positive
R103173,23,Non-binary,Middle East,Undecided,GTA V,7,Friends,7,Open-world Vice City map,8,4,Yes,86.0,11,No,No,Yes,Decreased,Very Positive
R103174,29,Male,Europe,PC,GTA Vice City,2,Official Rockstar trailer,7,Map size & exploration,8,4,Yes,82.0,22,No,No,Yes,Same,Very Positive
R103175,25,Male,Latin America,PlayStation 5 Pro,Red Dead Redemption 2,6,YouTube,9,Online/multiplayer mode,10,5,Yes,100.0,9,Yes,No,Yes,Increased,Very Positive
R103176,29,Male,North America,Xbox Series X/S,GTA V,7,Friends,10,Open-world Vice City map,10,3,Yes,102.0,36,No,Yes,No,Same,Very Positive
R103177,27,Female,North America,PlayStation 5,GTA San Andreas,9,YouTube,12,Graphics & ray tracing,7,4,Yes,39.0,8,Yes,Yes,Yes,Decreased,Positive
R103178,26,Female,North America,PlayStation 5 Pro,GTA V,10,Official Rockstar trailer,8,Story & narrative depth,5,4,Maybe,72.0,11,No,No,No,Increased,Positive
R103179,38,Male,North America,PlayStation 5,GTA San Andreas,9,Reddit,12,Story & narrative depth,9,3,Yes,74.0,13,No,No,Yes,Increased,Very Positive
R103180,33,Female,Europe,PlayStation 5,Red Dead Redemption 2,10,YouTube,6,Story & narrative depth,10,5,Yes,82.0,59,Yes,No,Yes,Increased,Very Positive
R103181,14,Male,Latin America,PlayStation 5,GTA V,7,YouTube,9,Story & narrative depth,9,5,Yes,94.0,11,Yes,No,No,Same,Very Positive
R103182,36,Male,Europe,PlayStation 5,GTA San Andreas,5,Reddit,10,Better driving physics,9,2,Yes,69.0,19,Yes,Yes,Yes,Increased,Very Positive
R103183,28,Female,Europe,PlayStation 5,GTA V,7,Official Rockstar trailer,12,Better driving physics,10,4,Yes,96.0,17,Yes,Yes,No,Increased,Very Positive
R103184,19,Female,Africa,PC,GTA V,6,YouTube,14,Realistic economy & businesses,10,5,Yes,99.0,15,No,No,No,Increased,Very Positive
R103185,22,Non-binary,Middle East,PC,GTA V,5,Reddit,5,Improved police/AI systems,7,5,Maybe,55.0,35,Yes,No,Yes,Increased,Positive
R103186,25,Male,Asia-Pacific,PC,GTA V,1,X/Twitter,11,Graphics & ray tracing,10,3,Yes,89.0,36,Yes,No,Yes,Increased,Very Positive
R103187,34,Prefer not to say,North America,PlayStation 5 Pro,GTA V,9,TikTok,10,Story & narrative depth,9,4,Yes,63.0,4,Yes,Yes,Yes,Increased,Very Positive
R103188,17,Male,North America,PC,GTA San Andreas,6,YouTube,6,Online/multiplayer mode,8,3,Maybe,64.0,24,Yes,Yes,No,Increased,Very Positive
R103189,39,Male,Asia-Pacific,PlayStation 5,GTA V,8,YouTube,11,Improved police/AI systems,10,3,Yes,93.0,3,No,No,Yes,Increased,Very Positive
R103190,19,Male,Europe,Xbox Series X/S,GTA III,6,X/Twitter,11,Deeper character customization,10,4,No,92.0,23,No,No,Yes,Increased,Very Positive
R103191,28,Female,Middle East,PlayStation 5,GTA V,6,X/Twitter,9,Better driving physics,8,2,Maybe,60.0,30,Yes,Yes,Yes,Increased,Very Positive
R103192,13,Male,North America,PC,GTA San Andreas,6,X/Twitter,6,Dual protagonists (Jason & Lucia),5,3,Maybe,67.0,14,Yes,Yes,Yes,Increased,Positive
R103193,32,Male,Europe,Xbox Series X/S,GTA San Andreas,11,YouTube,7,Realistic economy & businesses,6,4,No,68.0,8,No,No,No,Decreased,Positive
R103194,20,Male,Asia-Pacific,PlayStation 5,GTA V,5,YouTube,9,Map size & exploration,7,2,Maybe,49.0,13,No,Yes,No,Increased,Positive
R103195,26,Male,Africa,PC,Red Dead Redemption 2,5,TikTok,7,Deeper character customization,9,4,Yes,78.0,22,Yes,No,Yes,Decreased,Very Positive
R103196,23,Non-binary,North America,PlayStation 5,GTA V,8,Gaming news sites,7,Map size & exploration,10,5,Yes,63.0,12,No,No,No,Increased,Very Positive
R103197,24,Male,Europe,PC,GTA Vice City,5,Official Rockstar trailer,7,Better driving physics,7,4,No,55.0,4,Yes,Yes,No,Increased,Positive
R103198,23,Male,Europe,Xbox Series X/S,GTA San Andreas,6,Reddit,12,Online/multiplayer mode,8,4,Yes,65.0,43,Yes,Yes,Yes,Decreased,Very Positive
R103199,18,Male,Asia-Pacific,PlayStation 5,GTA Vice City,6,Reddit,11,Open-world Vice City map,7,2,No,49.0,7,No,No,Yes,Increased,Positive
R103200,38,Male,Latin America,PlayStation 5,GTA San Andreas,9,Gaming news sites,6,Online/multiplayer mode,7,5,Maybe,61.0,9,Yes,No,Yes,Increased,Positive
R103201,34,Female,Europe,PlayStation 5,GTA San Andreas,11,YouTube,15,Improved police/AI systems,9,4,Yes,42.0,5,Yes,No,Yes,Same,Very Positive
R103202,24,Male,North America,PlayStation 5,GTA IV,8,TikTok,8,Deeper character customization,6,5,No,53.0,31,Yes,Yes,No,Same,Positive
R103203,14,Male,North America,Xbox Series X/S,GTA V,8,Twitch,7,Map size & exploration,6,5,Yes,72.0,67,Yes,No,Yes,Increased,Positive
R103204,40,Female,Latin America,PlayStation 5,GTA San Andreas,0,Official Rockstar trailer,10,Graphics & ray tracing,9,4,No,63.0,12,Yes,Yes,No,Decreased,Very Positive
R103205,21,Female,North America,PC,GTA V,11,Official Rockstar trailer,8,Open-world Vice City map,8,5,Yes,90.0,32,Yes,Yes,Yes,Same,Very Positive
R103206,30,Male,Europe,Xbox Series X/S,GTA Vice City,9,X/Twitter,6,Online/multiplayer mode,6,4,Yes,80.0,5,No,No,No,Same,Positive
R103207,17,Male,Asia-Pacific,PlayStation 5,Never played GTA,7,TikTok,7,Dual protagonists (Jason & Lucia),6,3,Maybe,71.0,8,Yes,Yes,Yes,Decreased,Positive
R103208,15,Male,North America,PlayStation 5,GTA San Andreas,9,TikTok,3,Map size & exploration,4,3,Maybe,61.0,11,No,No,Yes,Decreased,Neutral/Cautious
R103209,26,Male,Europe,Xbox Series X/S,Red Dead Redemption 2,6,YouTube,4,Story & narrative depth,4,4,Maybe,72.0,17,Yes,No,No,Same,Neutral/Cautious
R103210,24,Male,Latin America,PlayStation 5,GTA Vice City,8,Reddit,11,Graphics & ray tracing,9,3,Yes,82.0,3,Yes,No,No,Increased,Very Positive
R103211,33,Male,North America,PlayStation 5,GTA V,6,Reddit,7,Map size & exploration,9,4,Maybe,98.0,10,Yes,Yes,No,Same,Very Positive
R103212,33,Male,Asia-Pacific,PC,Never played GTA,4,X/Twitter,13,Story & narrative depth,6,4,Maybe,68.0,1,Yes,Yes,Yes,Increased,Positive
R103213,29,Male,North America,Xbox Series X/S,GTA San Andreas,6,Reddit,10,Dual protagonists (Jason & Lucia),8,2,Yes,63.0,30,Yes,No,Yes,Increased,Very Positive
R103214,29,Male,Africa,Xbox Series X/S,GTA V,3,TikTok,8,Graphics & ray tracing,6,5,Yes,66.0,12,Yes,Yes,Yes,Increased,Positive
R103215,31,Male,North America,PlayStation 5,GTA V,7,TikTok,7,Story & narrative depth,6,4,No,74.0,25,Yes,No,No,Increased,Positive
R103216,28,Male,North America,PlayStation 5,GTA III,11,Twitch,10,Map size & exploration,8,4,No,70.0,15,No,Yes,Yes,Increased,Very Positive
R103217,30,Male,Latin America,PlayStation 5,GTA IV,9,TikTok,5,Realistic economy & businesses,5,4,Maybe,,2,Yes,Yes,Yes,Increased,Positive
R103218,24,Female,Asia-Pacific,PlayStation 5,GTA San Andreas,6,Reddit,6,Improved police/AI systems,7,3,Maybe,87.0,20,Yes,No,No,Same,Positive
R103219,13,Male,Asia-Pacific,PC,GTA San Andreas,5,YouTube,11,Improved police/AI systems,9,3,Yes,80.0,22,Yes,No,Yes,Increased,Very Positive
R103220,26,Male,Europe,PC,GTA San Andreas,7,TikTok,4,Better driving physics,6,3,Yes,75.0,29,No,No,No,Decreased,Positive
R103221,22,Male,Europe,PlayStation 5,GTA IV,7,X/Twitter,8,Story & narrative depth,9,4,Yes,58.0,20,Yes,Yes,Yes,Decreased,Very Positive
R103222,32,Male,Middle East,Xbox Series X/S,GTA V,3,Reddit,7,Open-world Vice City map,6,2,Yes,59.0,10,No,No,No,Decreased,Positive
R103223,41,Male,Europe,PC,GTA IV,7,Reddit,8,Open-world Vice City map,8,3,No,84.0,3,No,No,No,Increased,Very Positive
R103224,21,Male,Europe,PC,GTA San Andreas,7,Twitch,8,Map size & exploration,10,3,Yes,90.0,35,Yes,No,No,Increased,Very Positive
R103225,17,Prefer not to say,Asia-Pacific,PlayStation 5,GTA San Andreas,2,Friends,11,Better driving physics,9,3,Yes,93.0,23,Yes,No,No,Increased,Very Positive
R103226,22,Male,Asia-Pacific,PlayStation 5,GTA Vice City,4,TikTok,12,Online/multiplayer mode,10,3,Yes,95.0,16,Yes,No,Yes,Same,Very Positive
R103227,25,Female,Europe,Xbox Series X/S,GTA V,2,Official Rockstar trailer,10,Dual protagonists (Jason & Lucia),6,4,Maybe,76.0,17,Yes,Yes,Yes,Decreased,Positive
R103228,29,Male,Asia-Pacific,PlayStation 5,GTA V,11,X/Twitter,9,Map size & exploration,10,2,Yes,85.0,24,Yes,No,No,Increased,Very Positive
R103229,26,Male,North America,Xbox Series X/S,GTA V,8,Reddit,7,Map size & exploration,8,3,Maybe,71.0,44,Yes,Yes,Yes,Same,Very Positive
R103230,21,Male,Middle East,PlayStation 5,Never played GTA,11,Official Rockstar trailer,2,Better driving physics,4,4,No,51.0,10,No,Yes,Yes,Increased,Neutral/Cautious
R103231,21,Female,Europe,PC,GTA V,8,Official Rockstar trailer,11,Graphics & ray tracing,10,5,Yes,86.0,37,No,No,Yes,Increased,Very Positive
R103232,23,Male,Asia-Pacific,PlayStation 5,GTA V,9,Twitch,12,Story & narrative depth,10,3,Yes,73.0,12,Yes,No,Yes,Increased,Very Positive
R103233,32,Female,Latin America,PlayStation 5,GTA IV,8,Reddit,15,Open-world Vice City map,10,3,Yes,83.0,6,Yes,No,No,Increased,Very Positive
R103234,13,Male,Latin America,Xbox Series X/S,GTA IV,4,YouTube,8,Graphics & ray tracing,7,2,Yes,68.0,10,Yes,Yes,Yes,Increased,Positive
R103235,17,Female,Latin America,Xbox Series X/S,GTA V,9,Twitch,15,Graphics & ray tracing,8,5,Yes,91.0,18,Yes,No,No,Increased,Very Positive
R103236,26,Male,Asia-Pacific,PC,GTA IV,12,Official Rockstar trailer,12,Open-world Vice City map,8,4,Yes,50.0,32,No,Yes,No,Increased,Very Positive
R103237,37,Male,Europe,Xbox Series X/S,GTA V,7,TikTok,6,Improved police/AI systems,8,5,Yes,69.0,22,Yes,No,Yes,Same,Very Positive
R103238,30,Male,North America,PlayStation 5 Pro,GTA IV,5,Reddit,7,Open-world Vice City map,4,3,No,52.0,10,No,Yes,No,Same,Neutral/Cautious
R103239,26,Male,Latin America,PlayStation 5,GTA San Andreas,6,Friends,11,Realistic economy & businesses,9,4,No,76.0,2,No,No,Yes,Increased,Very Positive
R103240,31,Female,Asia-Pacific,Xbox Series X/S,GTA San Andreas,10,TikTok,7,Improved police/AI systems,9,3,Yes,69.0,14,No,Yes,No,Decreased,Very Positive
R103241,30,Male,Europe,PlayStation 5,GTA Vice City,3,YouTube,6,Improved police/AI systems,4,5,No,18.0,3,Yes,Yes,No,Increased,Neutral/Cautious
R103242,33,Male,Africa,PC,Red Dead Redemption 2,7,Twitch,5,Open-world Vice City map,8,4,Yes,85.0,3,Yes,No,Yes,Increased,Very Positive
R103243,27,Male,Latin America,Undecided,GTA V,7,Official Rockstar trailer,10,Dual protagonists (Jason & Lucia),8,4,Maybe,82.0,6,Yes,No,No,Decreased,Very Positive
R103244,13,Male,Europe,PlayStation 5,GTA San Andreas,10,TikTok,3,Deeper character customization,5,3,No,42.0,21,No,Yes,Yes,Increased,Positive
R103245,26,Male,Europe,Undecided,Red Dead Redemption 2,6,Official Rockstar trailer,6,Realistic economy & businesses,7,2,No,,37,Yes,No,Yes,Increased,Positive
R103246,35,Male,North America,PlayStation 5,GTA Vice City,7,Reddit,8,Online/multiplayer mode,9,3,Yes,69.0,30,No,Yes,Yes,Increased,Very Positive
R103247,26,Male,Africa,Xbox Series X/S,GTA V,5,X/Twitter,10,Dual protagonists (Jason & Lucia),10,5,Maybe,86.0,6,Yes,No,Yes,Increased,Very Positive
R103248,24,Male,Africa,PC,GTA San Andreas,6,Reddit,10,Online/multiplayer mode,9,4,Yes,,3,Yes,No,Yes,Increased,Very Positive
R103249,26,Male,Latin America,PC,Red Dead Redemption 2,4,YouTube,8,Open-world Vice City map,9,3,Yes,49.0,6,Yes,Yes,Yes,Same,Very Positive
R103250,30,Male,Asia-Pacific,PlayStation 5 Pro,GTA V,10,YouTube,8,Online/multiplayer mode,6,5,Maybe,49.0,12,No,Yes,No,Increased,Positive
R103251,27,Male,North America,PlayStation 5,GTA IV,9,X/Twitter,6,Map size & exploration,7,5,No,87.0,6,Yes,No,No,Increased,Positive
R103252,27,Male,North America,Xbox Series X/S,GTA V,11,X/Twitter,14,Open-world Vice City map,8,4,No,,14,No,No,No,Decreased,Very Positive
R103253,30,Female,Europe,Xbox Series X/S,GTA San Andreas,4,YouTube,11,Deeper character customization,8,5,No,74.0,10,No,No,Yes,Increased,Very Positive
R103254,18,Male,Asia-Pacific,PC,GTA V,9,YouTube,16,Graphics & ray tracing,10,4,Yes,75.0,16,Yes,No,Yes,Same,Very Positive
R103255,21,Male,Europe,PlayStation 5,GTA San Andreas,2,Gaming news sites,10,Open-world Vice City map,6,3,No,46.0,5,Yes,No,No,Increased,Positive
R103256,32,Male,Africa,Xbox Series X/S,GTA V,3,X/Twitter,11,Realistic economy & businesses,9,4,No,90.0,13,Yes,No,No,Same,Very Positive
R103257,14,Male,Latin America,PlayStation 5,GTA IV,6,Reddit,6,Online/multiplayer mode,8,3,No,79.0,12,No,No,Yes,Same,Very Positive
R103258,27,Male,Asia-Pacific,Xbox Series X/S,GTA IV,5,Official Rockstar trailer,8,Story & narrative depth,8,3,Yes,51.0,12,Yes,Yes,No,Same,Very Positive
R103259,28,Male,Europe,PlayStation 5,Never played GTA,1,TikTok,2,Deeper character customization,4,3,No,57.0,18,No,No,Yes,Increased,Neutral/Cautious
R103260,23,Male,Europe,PlayStation 5,GTA V,8,Reddit,11,Story & narrative depth,9,4,Maybe,73.0,8,No,No,Yes,Increased,Very Positive
R103261,18,Female,Asia-Pacific,Xbox Series X/S,Red Dead Redemption 2,6,TikTok,9,Map size & exploration,7,5,No,60.0,28,Yes,No,Yes,Same,Positive
R103262,23,Male,Asia-Pacific,PC,GTA V,6,Gaming news sites,7,Deeper character customization,7,2,No,61.0,35,Yes,Yes,Yes,Increased,Positive
R103263,32,Male,Asia-Pacific,PC,GTA V,8,Official Rockstar trailer,10,Map size & exploration,8,3,No,83.0,6,No,No,No,Decreased,Very Positive
R103264,15,Male,Asia-Pacific,PlayStation 5,GTA Vice City,6,Twitch,7,Map size & exploration,4,4,Yes,54.0,10,Yes,Yes,No,Increased,Neutral/Cautious
R103265,41,Male,Latin America,PC,GTA Vice City,7,Official Rockstar trailer,8,Improved police/AI systems,7,3,Yes,68.0,7,Yes,Yes,Yes,Increased,Positive
R103266,27,Male,Latin America,PC,GTA San Andreas,6,TikTok,9,Graphics & ray tracing,10,3,Yes,93.0,21,No,No,Yes,Same,Very Positive
R103267,35,Non-binary,Africa,Xbox Series X/S,GTA V,8,Friends,6,Map size & exploration,8,4,Yes,51.0,31,Yes,No,Yes,Increased,Very Positive
R103268,24,Male,North America,PC,GTA V,8,TikTok,6,Deeper character customization,7,5,Yes,64.0,11,No,No,Yes,Same,Positive
R103269,37,Male,North America,Xbox Series X/S,GTA San Andreas,6,X/Twitter,5,Dual protagonists (Jason & Lucia),5,2,Yes,48.0,3,No,Yes,Yes,Increased,Positive
R103270,28,Non-binary,North America,Xbox Series X/S,GTA V,2,Official Rockstar trailer,11,Deeper character customization,9,5,Yes,75.0,40,No,No,No,Decreased,Very Positive
R103271,37,Female,North America,PlayStation 5,GTA V,6,Official Rockstar trailer,5,Graphics & ray tracing,5,4,No,49.0,6,Yes,No,Yes,Decreased,Positive
R103272,18,Male,Europe,Xbox Series X/S,GTA V,4,TikTok,3,Better driving physics,6,5,Yes,47.0,13,Yes,Yes,Yes,Increased,Positive
R103273,36,Male,North America,PlayStation 5,GTA IV,5,X/Twitter,12,Online/multiplayer mode,6,2,Yes,63.0,36,Yes,Yes,No,Increased,Positive
R103274,27,Male,Europe,PlayStation 5,GTA IV,8,YouTube,13,Realistic economy & businesses,8,5,Yes,74.0,3,Yes,No,Yes,Same,Very Positive
R103275,20,Male,Europe,PC,GTA V,7,YouTube,7,Graphics & ray tracing,10,5,Yes,94.0,27,Yes,No,Yes,Increased,Very Positive
R103276,31,Non-binary,Europe,PlayStation 5,GTA V,9,YouTube,4,Improved police/AI systems,9,4,No,68.0,6,Yes,Yes,No,Same,Very Positive
R103277,17,Female,Europe,PC,GTA San Andreas,7,YouTube,12,Dual protagonists (Jason & Lucia),9,2,Yes,68.0,6,No,Yes,No,Same,Very Positive
R103278,31,Male,North America,Xbox Series X/S,GTA IV,0,Friends,9,Dual protagonists (Jason & Lucia),8,3,Yes,76.0,15,Yes,No,No,Same,Very Positive
R103279,17,Male,Latin America,PC,GTA V,0,Official Rockstar trailer,13,Map size & exploration,8,4,Maybe,76.0,41,No,No,Yes,Increased,Very Positive
R103280,23,Prefer not to say,Europe,PlayStation 5,GTA San Andreas,1,X/Twitter,11,Graphics & ray tracing,9,4,Yes,97.0,3,Yes,No,Yes,Same,Very Positive
R103281,13,Male,Middle East,PlayStation 5,Red Dead Redemption 2,4,YouTube,10,Dual protagonists (Jason & Lucia),10,4,Yes,80.0,6,No,No,Yes,Increased,Very Positive
R103282,16,Male,Europe,Xbox Series X/S,GTA IV,10,Friends,10,Better driving physics,7,3,Yes,79.0,6,Yes,No,Yes,Increased,Positive
R103283,13,Male,Asia-Pacific,PlayStation 5,GTA V,0,Official Rockstar trailer,5,Online/multiplayer mode,7,4,Yes,69.0,9,Yes,Yes,No,Increased,Positive
R103284,14,Male,Europe,PlayStation 5,GTA San Andreas,8,YouTube,11,Realistic economy & businesses,9,4,No,62.0,15,No,No,Yes,Increased,Very Positive
R103285,28,Male,Europe,PlayStation 5 Pro,GTA IV,3,Reddit,5,Realistic economy & businesses,7,3,Yes,64.0,12,Yes,No,No,Same,Positive
R103286,23,Male,North America,PC,GTA V,3,YouTube,13,Map size & exploration,10,3,No,57.0,23,Yes,No,No,Same,Very Positive
R103287,32,Male,Latin America,PlayStation 5,GTA San Andreas,11,Friends,9,Realistic economy & businesses,7,4,Yes,77.0,7,No,Yes,Yes,Increased,Positive
R103288,25,Male,North America,PlayStation 5,GTA San Andreas,2,Reddit,8,Deeper character customization,8,4,Maybe,82.0,27,Yes,No,Yes,Increased,Very Positive
R103289,19,Female,North America,Xbox Series X/S,GTA San Andreas,3,Gaming news sites,12,Dual protagonists (Jason & Lucia),10,3,Yes,63.0,12,Yes,No,Yes,Increased,Very Positive
R103290,25,Female,North America,PlayStation 5 Pro,GTA V,5,Reddit,9,Realistic economy & businesses,8,4,Yes,62.0,17,No,Yes,No,Same,Very Positive
R103291,23,Female,Asia-Pacific,PC,GTA San Andreas,4,Official Rockstar trailer,6,Online/multiplayer mode,6,5,Yes,80.0,30,No,No,Yes,Same,Positive
R103292,17,Male,Asia-Pacific,Xbox Series X/S,Red Dead Redemption 2,7,Gaming news sites,13,Deeper character customization,10,4,Yes,108.0,38,Yes,No,Yes,Increased,Very Positive
R103293,18,Female,North America,Undecided,Red Dead Redemption 2,7,X/Twitter,10,Improved police/AI systems,10,4,Yes,105.0,6,Yes,Yes,Yes,Same,Very Positive
R103294,31,Female,Asia-Pacific,PC,GTA San Andreas,5,Official Rockstar trailer,9,Open-world Vice City map,10,4,Yes,56.0,21,No,No,Yes,Same,Very Positive
R103295,13,Male,North America,PC,GTA V,4,YouTube,10,Graphics & ray tracing,7,5,Maybe,41.0,20,Yes,Yes,Yes,Same,Positive
R103296,43,Male,Latin America,PlayStation 5 Pro,Red Dead Redemption 2,9,Official Rockstar trailer,12,Improved police/AI systems,8,4,Yes,70.0,36,Yes,No,No,Increased,Very Positive
R103297,13,Female,North America,PlayStation 5 Pro,GTA V,5,Official Rockstar trailer,5,Improved police/AI systems,5,4,No,57.0,15,Yes,Yes,No,Same,Positive
R103298,35,Male,Europe,Xbox Series X/S,GTA III,8,Twitch,10,Realistic economy & businesses,9,5,Yes,80.0,5,Yes,No,No,Increased,Very Positive
R103299,38,Male,North America,PlayStation 5,GTA V,6,X/Twitter,9,Open-world Vice City map,8,4,Yes,53.0,29,No,No,Yes,Same,Very Positive
R103300,20,Male,Asia-Pacific,PlayStation 5,GTA V,9,YouTube,10,Open-world Vice City map,9,5,Yes,69.0,44,No,No,Yes,Increased,Very Positive
R103301,25,Male,Middle East,PlayStation 5,GTA San Andreas,11,Reddit,3,Dual protagonists (Jason & Lucia),8,3,Yes,82.0,3,No,No,Yes,Same,Very Positive
R103302,35,Female,Latin America,Xbox Series X/S,GTA V,8,Official Rockstar trailer,6,Online/multiplayer mode,6,4,Maybe,50.0,19,Yes,Yes,Yes,Increased,Positive
R103303,14,Female,North America,Xbox Series X/S,GTA San Andreas,2,TikTok,6,Story & narrative depth,4,3,No,59.0,14,Yes,No,Yes,Same,Neutral/Cautious
R103304,22,Female,North America,Xbox Series X/S,Red Dead Redemption 2,7,X/Twitter,10,Better driving physics,7,3,Yes,79.0,8,No,No,No,Increased,Positive
R103305,27,Female,Europe,Undecided,GTA San Andreas,6,TikTok,7,Realistic economy & businesses,7,3,No,56.0,4,Yes,No,No,Increased,Positive
R103306,25,Male,Latin America,Xbox Series X/S,GTA IV,5,Friends,7,Map size & exploration,5,1,Yes,43.0,12,Yes,Yes,Yes,Increased,Positive
R103307,28,Male,Middle East,PlayStation 5,GTA San Andreas,6,Reddit,12,Dual protagonists (Jason & Lucia),10,3,Maybe,61.0,30,No,Yes,Yes,Increased,Very Positive
R103308,23,Female,Europe,Xbox Series X/S,GTA Vice City,8,YouTube,6,Online/multiplayer mode,9,4,No,90.0,17,No,No,Yes,Increased,Very Positive
R103309,31,,North America,PC,Red Dead Redemption 2,9,YouTube,3,Better driving physics,6,4,Maybe,51.0,23,Yes,Yes,Yes,Same,Positive
R103310,24,Male,Latin America,Xbox Series X/S,GTA V,5,Gaming news sites,7,Online/multiplayer mode,3,4,Maybe,35.0,19,No,No,Yes,Decreased,Neutral/Cautious
R103311,13,Male,North America,Xbox Series X/S,GTA San Andreas,9,YouTube,2,Improved police/AI systems,5,3,Yes,58.0,19,Yes,Yes,Yes,Same,Positive
R103312,29,Male,Africa,PC,Red Dead Redemption 2,7,Reddit,8,Online/multiplayer mode,9,4,Yes,,4,No,No,Yes,Increased,Very Positive
R103313,25,Female,North America,PlayStation 5,GTA IV,7,Reddit,7,Open-world Vice City map,8,3,Yes,73.0,6,Yes,No,No,Increased,Very Positive
R103314,29,Female,Asia-Pacific,Xbox Series X/S,GTA V,3,YouTube,9,Improved police/AI systems,7,5,Maybe,98.0,5,Yes,No,Yes,Same,Positive
R103315,34,Male,North America,PC,GTA IV,10,TikTok,9,Dual protagonists (Jason & Lucia),8,4,Maybe,78.0,32,Yes,No,Yes,Increased,Very Positive
R103316,27,Male,Latin America,Xbox Series X/S,GTA III,7,Friends,11,Better driving physics,10,5,Yes,82.0,8,No,No,No,Same,Very Positive
R103317,13,Female,Europe,PC,GTA V,13,Official Rockstar trailer,12,Deeper character customization,10,4,Yes,75.0,2,Yes,No,No,Increased,Very Positive
R103318,30,Male,Europe,PlayStation 5,GTA Vice City,3,TikTok,5,Open-world Vice City map,9,5,Yes,67.0,28,No,Yes,Yes,Increased,Very Positive
R103319,17,Female,Asia-Pacific,Xbox Series X/S,GTA San Andreas,8,YouTube,7,Better driving physics,7,5,Yes,80.0,31,No,No,Yes,Same,Positive
R103320,30,Male,Asia-Pacific,PlayStation 5,GTA III,7,YouTube,6,Open-world Vice City map,8,4,Yes,82.0,15,No,No,Yes,Decreased,Very Positive
R103321,28,Male,Latin America,PlayStation 5,GTA V,9,Official Rockstar trailer,2,Map size & exploration,5,1,No,62.0,11,No,Yes,Yes,Same,Positive
R103322,17,Prefer not to say,North America,PlayStation 5,GTA Vice City,5,TikTok,11,Open-world Vice City map,8,4,No,80.0,4,No,No,Yes,Same,Very Positive
R103323,27,Male,Latin America,PlayStation 5,GTA V,3,YouTube,11,Story & narrative depth,5,5,Maybe,56.0,15,Yes,Yes,Yes,Decreased,Positive
R103324,24,Prefer not to say,Asia-Pacific,PlayStation 5,Red Dead Redemption 2,5,TikTok,9,Map size & exploration,6,3,Maybe,54.0,13,Yes,Yes,No,Increased,Positive
R103325,25,Male,Europe,Xbox Series X/S,GTA V,5,YouTube,11,Deeper character customization,10,3,Yes,91.0,14,No,No,Yes,Same,Very Positive
R103326,13,Female,Europe,Xbox Series X/S,GTA V,7,YouTube,8,Dual protagonists (Jason & Lucia),8,3,Yes,79.0,3,Yes,Yes,No,Increased,Very Positive
R103327,39,Male,North America,Undecided,GTA San Andreas,5,Gaming news sites,7,Open-world Vice City map,7,5,Yes,46.0,9,Yes,No,Yes,Increased,Positive
R103328,22,Male,Latin America,PC,GTA V,2,Reddit,9,Story & narrative depth,6,4,No,57.0,6,Yes,No,Yes,Increased,Positive
R103329,35,Female,Middle East,PlayStation 5,GTA V,4,Reddit,6,Realistic economy & businesses,7,3,Maybe,51.0,7,No,No,Yes,Same,Positive
R103330,28,Male,Africa,PC,GTA San Andreas,7,Official Rockstar trailer,9,Story & narrative depth,9,3,Yes,77.0,21,No,No,Yes,Increased,Very Positive
R103331,13,Male,Latin America,PC,GTA IV,8,TikTok,12,Story & narrative depth,6,4,No,67.0,13,No,Yes,Yes,Increased,Positive
R103332,35,Male,North America,PC,GTA V,4,Official Rockstar trailer,9,Improved police/AI systems,7,3,Yes,59.0,10,Yes,No,No,Increased,Positive
R103333,20,Male,Africa,PlayStation 5,GTA V,7,Official Rockstar trailer,3,Realistic economy & businesses,4,5,No,53.0,14,No,Yes,Yes,Same,Neutral/Cautious
R103334,33,Male,Latin America,Xbox Series X/S,GTA Vice City,9,TikTok,9,Better driving physics,10,4,Yes,58.0,25,Yes,Yes,Yes,Same,Very Positive
R103335,39,Male,Europe,Xbox Series X/S,GTA III,11,YouTube,11,Realistic economy & businesses,10,2,Yes,80.0,2,Yes,No,No,Same,Very Positive
R103336,27,Male,Latin America,PC,GTA Vice City,1,Friends,13,Realistic economy & businesses,9,3,Yes,57.0,27,Yes,Yes,No,Same,Very Positive
R103337,34,Male,Latin America,Xbox Series X/S,GTA V,8,Official Rockstar trailer,6,Better driving physics,7,3,Yes,54.0,4,Yes,Yes,Yes,Same,Positive
R103338,17,Male,North America,Xbox Series X/S,GTA San Andreas,12,YouTube,12,Better driving physics,10,4,Yes,74.0,9,Yes,Yes,Yes,Increased,Very Positive
R103339,31,Male,Asia-Pacific,PlayStation 5,Red Dead Redemption 2,0,Twitch,9,Realistic economy & businesses,6,5,Maybe,39.0,17,Yes,No,No,Increased,Positive
R103340,38,Male,North America,PC,GTA V,7,Official Rockstar trailer,7,Better driving physics,4,5,Yes,63.0,11,Yes,No,No,Decreased,Neutral/Cautious
R103341,20,Male,North America,PlayStation 5,GTA Vice City,4,YouTube,12,Map size & exploration,10,2,Yes,75.0,19,Yes,No,Yes,Same,Very Positive
R103342,22,Male,Africa,PC,GTA San Andreas,8,Reddit,9,Realistic economy & businesses,7,4,No,58.0,8,No,No,No,Increased,Positive
R103343,23,Male,Europe,PlayStation 5,GTA San Andreas,9,Twitch,7,Dual protagonists (Jason & Lucia),4,4,No,43.0,3,Yes,Yes,Yes,Increased,Neutral/Cautious
R103344,32,Male,North America,PC,GTA San Andreas,3,X/Twitter,5,Map size & exploration,7,5,Yes,55.0,12,Yes,Yes,Yes,Same,Positive
R103345,32,Non-binary,Europe,PlayStation 5 Pro,GTA V,6,X/Twitter,7,Better driving physics,7,4,Yes,60.0,7,Yes,No,Yes,Increased,Positive
R103346,26,Male,North America,PC,GTA IV,10,X/Twitter,8,Open-world Vice City map,6,5,Maybe,44.0,11,No,Yes,Yes,Decreased,Positive
R103347,30,Male,North America,Xbox Series X/S,GTA III,4,TikTok,5,Open-world Vice City map,6,4,No,45.0,4,No,No,No,Increased,Positive
R103348,24,Female,North America,PC,GTA V,4,Reddit,9,Improved police/AI systems,6,5,No,57.0,8,Yes,Yes,No,Increased,Positive
R103349,28,Male,Europe,PlayStation 5,GTA Vice City,6,X/Twitter,10,Open-world Vice City map,10,4,Yes,77.0,10,No,Yes,No,Increased,Very Positive
R103350,27,Male,Asia-Pacific,Xbox Series X/S,GTA V,5,Gaming news sites,8,Open-world Vice City map,6,3,No,68.0,7,Yes,Yes,Yes,Increased,Positive
R103351,27,Female,Europe,PC,GTA V,4,TikTok,1,Online/multiplayer mode,4,4,Yes,36.0,13,Yes,Yes,Yes,Increased,Neutral/Cautious
R103352,36,Male,North America,Xbox Series X/S,GTA IV,8,Official Rockstar trailer,9,Dual protagonists (Jason & Lucia),8,3,Yes,61.0,7,Yes,Yes,Yes,Same,Very Positive
R103353,30,Female,Latin America,PlayStation 5 Pro,GTA V,6,Official Rockstar trailer,14,Story & narrative depth,10,4,Yes,102.0,23,No,No,Yes,Same,Very Positive
R103354,34,Male,Europe,Xbox Series X/S,GTA V,4,Official Rockstar trailer,10,Deeper character customization,8,3,Yes,56.0,28,No,Yes,Yes,Increased,Very Positive
R103355,15,Prefer not to say,Europe,Undecided,Red Dead Redemption 2,7,X/Twitter,11,Open-world Vice City map,7,4,No,74.0,5,No,Yes,Yes,Same,Positive
R103356,19,Male,Europe,PlayStation 5,GTA San Andreas,5,Twitch,3,Map size & exploration,6,3,Maybe,54.0,41,Yes,No,No,Increased,Positive
R103357,30,Non-binary,Europe,PlayStation 5 Pro,GTA San Andreas,9,Official Rockstar trailer,6,Story & narrative depth,9,3,Yes,66.0,5,Yes,Yes,Yes,Same,Very Positive
R103358,18,Male,North America,Xbox Series X/S,GTA Vice City,10,Official Rockstar trailer,9,Graphics & ray tracing,7,5,Maybe,61.0,7,Yes,No,Yes,Increased,Positive
R103359,37,,North America,PlayStation 5,GTA IV,5,Official Rockstar trailer,11,Open-world Vice City map,10,2,Yes,80.0,4,Yes,No,No,Increased,Very Positive
R103360,27,Female,Europe,PC,GTA V,9,YouTube,5,Graphics & ray tracing,6,5,No,60.0,24,Yes,Yes,Yes,Increased,Positive
R103361,24,Non-binary,Europe,PlayStation 5 Pro,GTA V,3,Friends,12,Graphics & ray tracing,10,3,Yes,90.0,18,Yes,No,No,Same,Very Positive
R103362,22,Male,Asia-Pacific,PlayStation 5 Pro,Red Dead Redemption 2,13,YouTube,6,Dual protagonists (Jason & Lucia),8,2,Yes,76.0,12,No,No,Yes,Same,Very Positive
R103363,22,Female,North America,Xbox Series X/S,GTA IV,5,X/Twitter,14,Online/multiplayer mode,8,4,Yes,62.0,21,Yes,Yes,Yes,Increased,Very Positive
R103364,32,Female,Africa,PC,GTA V,5,TikTok,3,Better driving physics,4,3,Maybe,68.0,19,Yes,No,Yes,Increased,Neutral/Cautious
R103365,36,Male,Middle East,PlayStation 5,GTA V,11,TikTok,8,Open-world Vice City map,10,4,Yes,100.0,39,No,No,Yes,Decreased,Very Positive
R103366,20,Male,Middle East,PC,GTA V,6,TikTok,10,Open-world Vice City map,8,3,Maybe,76.0,12,Yes,No,Yes,Increased,Very Positive
R103367,19,Male,Middle East,PlayStation 5,GTA Vice City,5,YouTube,9,Online/multiplayer mode,6,2,Yes,64.0,19,Yes,Yes,No,Decreased,Positive
R103368,16,Male,Europe,PlayStation 5,GTA San Andreas,5,Official Rockstar trailer,9,Better driving physics,10,4,Yes,84.0,22,Yes,No,No,Increased,Very Positive
R103369,21,Male,Europe,PlayStation 5,GTA V,5,TikTok,7,Open-world Vice City map,6,3,Yes,57.0,21,No,No,Yes,Same,Positive
R103370,22,Female,North America,Undecided,GTA Vice City,7,YouTube,10,Improved police/AI systems,10,3,Yes,81.0,0,Yes,No,Yes,Increased,Very Positive
R103371,17,Male,North America,PlayStation 5,GTA San Andreas,7,Official Rockstar trailer,7,Open-world Vice City map,9,2,Maybe,87.0,8,Yes,No,No,Increased,Very Positive
R103372,23,Female,Europe,Xbox Series X/S,GTA V,8,YouTube,10,Open-world Vice City map,9,3,Maybe,76.0,18,No,No,No,Increased,Very Positive
R103373,29,Prefer not to say,North America,PlayStation 5,GTA Vice City,5,Reddit,12,Realistic economy & businesses,8,2,Yes,61.0,28,No,No,Yes,Decreased,Very Positive
R103374,17,Female,North America,Undecided,GTA IV,5,Friends,6,Realistic economy & businesses,7,5,Yes,68.0,13,Yes,Yes,No,Same,Positive
R103375,39,Male,Europe,PC,GTA IV,5,YouTube,7,Open-world Vice City map,6,4,Maybe,65.0,10,No,No,No,Same,Positive
R103376,21,Female,Europe,Xbox Series X/S,GTA Vice City,7,YouTube,4,Better driving physics,6,2,No,78.0,32,Yes,No,Yes,Increased,Positive
R103377,38,Male,Europe,PlayStation 5 Pro,GTA IV,5,Friends,7,Dual protagonists (Jason & Lucia),6,4,Yes,73.0,3,No,Yes,Yes,Same,Positive
R103378,20,Male,North America,PlayStation 5,GTA Vice City,6,YouTube,4,Improved police/AI systems,7,4,Yes,53.0,17,Yes,No,Yes,Increased,Positive
R103379,14,Male,Middle East,Xbox Series X/S,GTA III,9,Gaming news sites,8,Online/multiplayer mode,8,4,Yes,79.0,16,Yes,No,Yes,Increased,Very Positive
R103380,38,Male,Europe,PlayStation 5,GTA V,6,Official Rockstar trailer,13,Story & narrative depth,10,3,Yes,89.0,29,Yes,Yes,Yes,Increased,Very Positive
R103381,22,Male,Africa,PlayStation 5,GTA V,8,Gaming news sites,8,Dual protagonists (Jason & Lucia),8,4,Maybe,88.0,7,Yes,No,Yes,Increased,Very Positive
R103382,44,Male,Europe,PlayStation 5,GTA San Andreas,10,Reddit,9,Dual protagonists (Jason & Lucia),10,3,Yes,86.0,3,No,No,Yes,Increased,Very Positive
R103383,22,Female,Asia-Pacific,PC,GTA IV,3,X/Twitter,3,Deeper character customization,5,3,No,50.0,32,No,No,No,Same,Positive
R103384,30,Male,Europe,Xbox Series X/S,GTA San Andreas,5,Gaming news sites,4,Open-world Vice City map,6,2,No,70.0,6,Yes,Yes,Yes,Increased,Positive
R103385,17,Female,Asia-Pacific,PlayStation 5 Pro,GTA V,12,Gaming news sites,13,Graphics & ray tracing,6,3,Maybe,55.0,10,Yes,Yes,Yes,Increased,Positive
R103386,29,Female,Africa,PC,GTA V,4,Official Rockstar trailer,12,Dual protagonists (Jason & Lucia),10,3,Yes,100.0,39,Yes,Yes,No,Increased,Very Positive
R103387,16,Male,Europe,PC,GTA San Andreas,9,YouTube,13,Open-world Vice City map,10,4,Yes,73.0,14,Yes,No,Yes,Increased,Very Positive
R103388,36,Male,Asia-Pacific,PlayStation 5,GTA IV,9,Twitch,10,Improved police/AI systems,9,3,Yes,99.0,54,Yes,Yes,Yes,Increased,Very Positive
R103389,21,Female,Middle East,PlayStation 5,GTA San Andreas,5,Twitch,13,Online/multiplayer mode,10,4,Yes,99.0,29,Yes,No,Yes,Increased,Very Positive
R103390,14,Male,Europe,PlayStation 5,GTA IV,3,X/Twitter,9,Deeper character customization,10,3,Yes,79.0,81,No,No,Yes,Increased,Very Positive
R103391,29,Female,Europe,PlayStation 5,GTA V,0,Reddit,8,Graphics & ray tracing,5,2,Maybe,41.0,4,Yes,Yes,Yes,Same,Positive
R103392,28,Male,Asia-Pacific,PC,GTA V,6,Twitch,4,Open-world Vice City map,7,4,Yes,72.0,22,No,No,Yes,Increased,Positive
R103393,33,Male,North America,Xbox Series X/S,GTA V,8,YouTube,16,Graphics & ray tracing,6,3,Maybe,46.0,10,Yes,No,No,Increased,Positive
R103394,20,Male,Europe,Xbox Series X/S,GTA Vice City,2,X/Twitter,5,Online/multiplayer mode,4,4,No,43.0,7,Yes,No,No,Same,Neutral/Cautious
R103395,33,Male,North America,Xbox Series X/S,GTA V,5,YouTube,12,Deeper character customization,9,3,No,77.0,11,Yes,No,Yes,Same,Very Positive
R103396,31,Male,Europe,PlayStation 5,GTA V,7,Official Rockstar trailer,8,Improved police/AI systems,9,3,No,69.0,13,Yes,Yes,Yes,Decreased,Very Positive
R103397,27,Male,Europe,PC,GTA V,5,YouTube,3,Dual protagonists (Jason & Lucia),7,3,Yes,47.0,17,No,No,No,Decreased,Positive
R103398,28,Male,Middle East,Xbox Series X/S,GTA San Andreas,9,X/Twitter,6,Online/multiplayer mode,8,5,Maybe,69.0,10,Yes,Yes,Yes,Increased,Very Positive
R103399,34,Male,North America,PlayStation 5 Pro,GTA San Andreas,4,Twitch,9,Dual protagonists (Jason & Lucia),8,4,No,71.0,5,Yes,No,No,Increased,Very Positive
R103400,21,Male,Europe,Xbox Series X/S,GTA V,10,Gaming news sites,8,Dual protagonists (Jason & Lucia),8,3,Yes,76.0,12,Yes,No,Yes,Increased,Very Positive
R103401,36,Male,Asia-Pacific,Xbox Series X/S,GTA IV,9,Official Rockstar trailer,8,Open-world Vice City map,8,1,Yes,84.0,8,Yes,No,No,Increased,Very Positive
R103402,26,Male,Asia-Pacific,PlayStation 5,GTA IV,3,YouTube,9,Story & narrative depth,9,3,Yes,71.0,25,Yes,No,Yes,Decreased,Very Positive
R103403,19,Prefer not to say,Europe,PlayStation 5,GTA V,5,Official Rockstar trailer,3,Better driving physics,4,3,Maybe,48.0,26,Yes,No,Yes,Increased,Neutral/Cautious
R103404,20,Female,North America,PC,GTA San Andreas,11,TikTok,9,Open-world Vice City map,9,5,Yes,97.0,4,Yes,No,Yes,Same,Very Positive
R103405,31,Male,Asia-Pacific,PC,GTA V,5,Official Rockstar trailer,11,Deeper character customization,9,3,Maybe,77.0,11,Yes,No,Yes,Increased,Very Positive
R103406,29,Female,North America,PlayStation 5,GTA San Andreas,0,Reddit,11,Online/multiplayer mode,10,1,Yes,66.0,13,No,No,Yes,Same,Very Positive
R103407,25,Male,North America,PlayStation 5,Red Dead Redemption 2,6,Official Rockstar trailer,12,Story & narrative depth,8,4,Yes,90.0,38,No,No,No,Increased,Very Positive
R103408,29,Male,Asia-Pacific,PC,GTA V,3,X/Twitter,11,Story & narrative depth,10,4,Yes,80.0,12,Yes,Yes,No,Same,Very Positive
R103409,49,Female,North America,PC,GTA IV,10,YouTube,8,Open-world Vice City map,5,2,Yes,59.0,22,Yes,No,No,Increased,Positive
R103410,43,Male,Europe,PlayStation 5,GTA Vice City,3,YouTube,11,Story & narrative depth,7,2,Yes,66.0,30,Yes,No,Yes,Decreased,Positive
R103411,15,Male,Africa,PC,GTA V,5,Official Rockstar trailer,11,Realistic economy & businesses,9,2,Yes,94.0,6,No,No,No,Same,Very Positive
R103412,18,Male,North America,PlayStation 5,GTA V,5,TikTok,10,Open-world Vice City map,10,4,Yes,80.0,4,No,No,No,Same,Very Positive
R103413,18,Male,Middle East,Xbox Series X/S,GTA V,9,Reddit,13,Deeper character customization,10,4,Yes,90.0,5,Yes,No,Yes,Same,Very Positive
R103414,17,Female,Middle East,PlayStation 5,GTA IV,6,Official Rockstar trailer,7,Realistic economy & businesses,6,4,Maybe,72.0,11,Yes,No,Yes,Increased,Positive
R103415,40,Female,Asia-Pacific,PlayStation 5,GTA V,7,Official Rockstar trailer,10,Realistic economy & businesses,8,5,Yes,79.0,24,Yes,No,No,Same,Very Positive
R103416,26,Female,Europe,PC,Red Dead Redemption 2,7,TikTok,11,Story & narrative depth,7,4,No,70.0,15,Yes,Yes,No,Same,Positive
R103417,26,Male,North America,PC,GTA Vice City,4,Official Rockstar trailer,4,Improved police/AI systems,6,4,Yes,61.0,11,Yes,Yes,No,Increased,Positive
R103418,24,Female,Asia-Pacific,PlayStation 5,GTA V,8,YouTube,8,Graphics & ray tracing,9,3,No,89.0,18,Yes,No,No,Increased,Very Positive
R103419,18,Male,Asia-Pacific,Xbox Series X/S,GTA V,9,X/Twitter,12,Dual protagonists (Jason & Lucia),10,3,Yes,87.0,8,Yes,No,No,Increased,Very Positive
R103420,16,Male,Europe,PlayStation 5 Pro,GTA V,5,TikTok,10,Online/multiplayer mode,9,4,Yes,87.0,18,Yes,No,Yes,Increased,Very Positive
R103421,23,Male,North America,PC,GTA V,9,Official Rockstar trailer,9,Map size & exploration,6,4,Yes,28.0,10,Yes,No,No,Increased,Positive
R103422,20,Female,North America,PlayStation 5,GTA Vice City,1,YouTube,8,Story & narrative depth,9,5,Yes,63.0,19,No,Yes,Yes,Increased,Very Positive
R103423,17,Prefer not to say,Africa,PC,GTA San Andreas,7,X/Twitter,6,Open-world Vice City map,5,4,Maybe,30.0,8,Yes,Yes,Yes,Same,Positive
R103424,25,Female,North America,PlayStation 5 Pro,GTA III,11,Friends,11,Better driving physics,10,5,Yes,79.0,17,Yes,No,Yes,Same,Very Positive
R103425,23,Male,Europe,PC,GTA Vice City,11,YouTube,8,Open-world Vice City map,7,3,Yes,81.0,12,No,No,Yes,Increased,Positive
R103426,22,Male,North America,PlayStation 5,GTA Vice City,8,Gaming news sites,11,Story & narrative depth,10,5,Yes,110.0,30,No,No,Yes,Same,Very Positive
R103427,19,Male,North America,Xbox Series X/S,GTA V,7,Reddit,6,Story & narrative depth,9,5,Yes,78.0,12,Yes,No,Yes,Increased,Very Positive
R103428,20,Female,Middle East,Xbox Series X/S,GTA V,5,Reddit,5,Graphics & ray tracing,5,3,Yes,41.0,4,Yes,No,No,Same,Positive
R103429,21,Male,Asia-Pacific,PlayStation 5,GTA San Andreas,6,Gaming news sites,12,Dual protagonists (Jason & Lucia),10,3,Yes,98.0,16,Yes,No,No,Increased,Very Positive
R103430,13,Non-binary,Asia-Pacific,Xbox Series X/S,GTA V,8,Reddit,8,Dual protagonists (Jason & Lucia),10,4,Yes,78.0,19,Yes,No,Yes,Increased,Very Positive
R103431,15,Male,Asia-Pacific,PlayStation 5 Pro,GTA V,2,Official Rockstar trailer,10,Realistic economy & businesses,10,5,Yes,107.0,11,No,Yes,Yes,Decreased,Very Positive
R103432,28,Male,Middle East,PlayStation 5,GTA V,4,Twitch,11,Story & narrative depth,8,4,Yes,68.0,12,Yes,Yes,Yes,Increased,Very Positive
R103433,30,Male,North America,PlayStation 5,GTA V,0,X/Twitter,11,Realistic economy & businesses,7,4,Yes,73.0,8,No,No,Yes,Increased,Positive
R103434,34,Male,Europe,Xbox Series X/S,GTA V,8,Reddit,5,Open-world Vice City map,6,5,No,63.0,19,Yes,Yes,No,Increased,Positive
R103435,13,Male,Europe,Undecided,GTA V,6,TikTok,13,Dual protagonists (Jason & Lucia),8,4,Yes,79.0,15,No,No,Yes,Increased,Very Positive
R103436,27,Male,North America,PlayStation 5,GTA V,6,Reddit,9,Better driving physics,5,3,Maybe,60.0,33,Yes,Yes,Yes,Same,Positive
R103437,23,Male,Europe,PlayStation 5,Red Dead Redemption 2,5,Official Rockstar trailer,6,Realistic economy & businesses,10,4,No,103.0,7,No,No,No,Increased,Very Positive
R103438,30,Male,Latin America,PC,GTA San Andreas,7,TikTok,3,Deeper character customization,4,3,Maybe,53.0,6,Yes,Yes,Yes,Same,Neutral/Cautious
R103439,25,Male,Europe,PC,GTA IV,1,YouTube,13,Dual protagonists (Jason & Lucia),10,1,Yes,91.0,7,Yes,No,Yes,Increased,Very Positive
R103440,26,Male,Europe,PC,GTA III,0,Reddit,5,Realistic economy & businesses,4,3,Yes,53.0,9,No,Yes,Yes,Increased,Neutral/Cautious
R103441,22,Male,Europe,PC,GTA V,3,Reddit,10,Open-world Vice City map,8,3,Yes,84.0,20,No,No,Yes,Increased,Very Positive
R103442,28,Prefer not to say,North America,Xbox Series X/S,Never played GTA,0,Gaming news sites,8,Dual protagonists (Jason & Lucia),5,4,Yes,69.0,19,Yes,Yes,Yes,Increased,Positive
R103443,13,Male,Middle East,PC,GTA IV,7,Friends,7,Deeper character customization,7,4,Yes,55.0,22,No,Yes,No,Increased,Positive
R103444,36,Male,Latin America,PlayStation 5,GTA V,8,TikTok,15,Dual protagonists (Jason & Lucia),10,4,Yes,82.0,16,Yes,No,No,Increased,Very Positive
R103445,31,Male,Europe,Xbox Series X/S,GTA San Andreas,6,Gaming news sites,11,Online/multiplayer mode,10,4,Yes,99.0,27,Yes,No,No,Same,Very Positive
R103446,23,Male,North America,Xbox Series X/S,GTA V,5,Official Rockstar trailer,7,Story & narrative depth,8,4,Yes,59.0,6,No,Yes,Yes,Increased,Very Positive
R103447,35,Male,North America,PC,GTA San Andreas,8,Official Rockstar trailer,9,Realistic economy & businesses,5,3,No,50.0,3,No,Yes,Yes,Increased,Positive
R103448,31,Male,North America,PlayStation 5,GTA San Andreas,7,Official Rockstar trailer,7,Map size & exploration,7,3,Yes,80.0,11,Yes,Yes,No,Same,Positive
R103449,28,Male,Asia-Pacific,Xbox Series X/S,GTA Vice City,11,Official Rockstar trailer,6,Improved police/AI systems,6,4,Maybe,61.0,11,Yes,No,Yes,Decreased,Positive
R103450,17,Male,Middle East,PlayStation 5 Pro,GTA IV,9,Official Rockstar trailer,15,Better driving physics,10,2,Yes,81.0,36,Yes,No,Yes,Increased,Very Positive
R103451,24,Male,North America,Xbox Series X/S,GTA Vice City,5,Official Rockstar trailer,9,Map size & exploration,10,4,Yes,82.0,17,Yes,No,No,Decreased,Very Positive
R103452,24,Male,Europe,PlayStation 5,Red Dead Redemption 2,5,X/Twitter,13,Dual protagonists (Jason & Lucia),9,4,Yes,88.0,4,No,No,No,Increased,Very Positive
R103453,21,Male,Asia-Pacific,PC,GTA V,4,Reddit,13,Story & narrative depth,10,2,Yes,101.0,22,Yes,No,Yes,Increased,Very Positive
R103454,14,Female,Middle East,Xbox Series X/S,Red Dead Redemption 2,8,YouTube,6,Improved police/AI systems,7,4,No,,10,No,No,Yes,Same,Positive
R103455,21,Male,Asia-Pacific,Xbox Series X/S,GTA V,5,TikTok,8,Story & narrative depth,6,5,Yes,31.0,7,Yes,Yes,No,Increased,Positive
R103456,32,Male,North America,Xbox Series X/S,GTA V,1,Twitch,5,Realistic economy & businesses,6,3,No,76.0,28,No,No,No,Increased,Positive
R103457,41,Male,Latin America,PlayStation 5,GTA IV,3,Official Rockstar trailer,11,Improved police/AI systems,9,5,Yes,90.0,14,Yes,No,Yes,Increased,Very Positive
R103458,33,Female,Europe,Xbox Series X/S,GTA San Andreas,7,Official Rockstar trailer,10,Open-world Vice City map,8,3,Yes,86.0,14,Yes,Yes,No,Increased,Very Positive
R103459,34,Male,Asia-Pacific,Xbox Series X/S,GTA V,5,Reddit,3,Better driving physics,5,5,Maybe,59.0,5,Yes,Yes,No,Increased,Positive
R103460,23,Male,Latin America,PC,GTA San Andreas,8,Official Rockstar trailer,5,Realistic economy & businesses,6,5,Maybe,58.0,6,Yes,Yes,Yes,Same,Positive
R103461,18,Male,North America,Xbox Series X/S,GTA V,7,Official Rockstar trailer,13,Deeper character customization,9,5,Yes,83.0,42,Yes,No,No,Increased,Very Positive
R103462,52,Female,Latin America,PC,GTA V,1,YouTube,10,Story & narrative depth,10,5,Yes,89.0,10,No,No,No,Increased,Very Positive
R103463,19,Female,North America,PlayStation 5,GTA San Andreas,7,X/Twitter,10,Dual protagonists (Jason & Lucia),9,3,Yes,101.0,12,Yes,Yes,No,Increased,Very Positive
R103464,24,Male,North America,PC,GTA Vice City,5,Official Rockstar trailer,12,Improved police/AI systems,8,3,No,71.0,24,Yes,No,Yes,Increased,Very Positive
R103465,25,Female,North America,PC,GTA V,11,Friends,7,Deeper character customization,6,5,Maybe,54.0,9,No,Yes,No,Increased,Positive
R103466,25,Male,North America,Xbox Series X/S,GTA V,5,Friends,8,Open-world Vice City map,6,2,No,48.0,21,No,No,No,Decreased,Positive
R103467,30,Female,North America,PC,Never played GTA,5,TikTok,3,Story & narrative depth,3,3,No,39.0,4,Yes,Yes,No,Increased,Neutral/Cautious
R103468,35,Male,Europe,PlayStation 5,GTA IV,4,YouTube,14,Online/multiplayer mode,10,2,Maybe,72.0,39,No,Yes,No,Increased,Very Positive
R103469,18,Male,Africa,Undecided,GTA V,6,TikTok,8,Story & narrative depth,8,5,Yes,84.0,6,Yes,No,Yes,Same,Very Positive
R103470,26,Male,North America,PlayStation 5,GTA V,4,YouTube,9,Dual protagonists (Jason & Lucia),10,3,Yes,85.0,18,Yes,No,Yes,Increased,Very Positive
R103471,28,Female,North America,PlayStation 5,GTA V,8,Reddit,13,Open-world Vice City map,7,5,Yes,63.0,29,Yes,No,No,Increased,Positive
R103472,15,Non-binary,Asia-Pacific,PC,GTA San Andreas,13,Official Rockstar trailer,7,Online/multiplayer mode,6,4,Yes,65.0,8,Yes,No,Yes,Increased,Positive
R103473,19,Non-binary,Europe,Xbox Series X/S,GTA V,6,Reddit,11,Map size & exploration,9,3,Yes,89.0,8,Yes,No,Yes,Increased,Very Positive
R103474,39,Male,North America,PlayStation 5,Red Dead Redemption 2,7,Reddit,13,Story & narrative depth,8,4,Yes,67.0,24,Yes,No,No,Increased,Very Positive
R103475,21,Male,Latin America,PlayStation 5,GTA San Andreas,10,YouTube,11,Realistic economy & businesses,10,5,Yes,94.0,8,Yes,No,No,Decreased,Very Positive
R103476,18,Male,North America,Xbox Series X/S,GTA V,6,Reddit,7,Dual protagonists (Jason & Lucia),8,4,Yes,68.0,59,No,Yes,No,Increased,Very Positive
R103477,23,Male,Asia-Pacific,Xbox Series X/S,GTA San Andreas,7,YouTube,11,Map size & exploration,8,4,Yes,93.0,13,Yes,No,No,Increased,Very Positive
R103478,22,Male,North America,Xbox Series X/S,GTA V,7,YouTube,5,Open-world Vice City map,7,3,Yes,58.0,7,Yes,Yes,Yes,Decreased,Positive
R103479,18,Male,North America,PC,GTA IV,6,YouTube,10,Improved police/AI systems,10,3,Yes,90.0,34,No,No,No,Same,Very Positive
R103480,17,Male,Asia-Pacific,Xbox Series X/S,GTA San Andreas,7,Official Rockstar trailer,8,Map size & exploration,3,2,Maybe,42.0,18,Yes,No,Yes,Increased,Neutral/Cautious
R103481,21,Male,North America,PlayStation 5,GTA V,10,Official Rockstar trailer,8,Story & narrative depth,9,3,Yes,66.0,22,Yes,Yes,No,Increased,Very Positive
R103482,24,Male,Africa,Xbox Series X/S,GTA San Andreas,3,YouTube,12,Better driving physics,7,3,Maybe,56.0,33,No,No,Yes,Same,Positive
R103483,29,Female,Asia-Pacific,PlayStation 5,GTA V,5,Reddit,6,Dual protagonists (Jason & Lucia),7,4,Maybe,87.0,9,No,Yes,Yes,Increased,Positive
R103484,28,Female,Europe,PC,GTA III,4,X/Twitter,12,Realistic economy & businesses,8,2,Yes,82.0,9,No,No,No,Same,Very Positive
R103485,19,Female,North America,PC,GTA IV,6,Reddit,14,Open-world Vice City map,9,5,Yes,70.0,68,Yes,No,Yes,Same,Very Positive
R103486,26,Male,Europe,PlayStation 5,GTA V,7,Official Rockstar trailer,12,Open-world Vice City map,10,3,Yes,97.0,12,No,No,Yes,Increased,Very Positive
R103487,46,Male,Europe,Xbox Series X/S,GTA V,7,YouTube,10,Open-world Vice City map,8,3,No,89.0,5,Yes,No,No,Increased,Very Positive
R103488,35,Male,Europe,PC,GTA San Andreas,12,Official Rockstar trailer,10,Story & narrative depth,8,4,No,92.0,25,Yes,No,No,Increased,Very Positive
R103489,30,Male,Middle East,PC,GTA San Andreas,3,X/Twitter,3,Realistic economy & businesses,7,5,Yes,78.0,19,No,No,Yes,Same,Positive
R103490,18,Male,Africa,Xbox Series X/S,GTA IV,9,TikTok,13,Online/multiplayer mode,10,4,Yes,69.0,19,Yes,No,Yes,Same,Very Positive
R103491,23,Male,North America,Xbox Series X/S,GTA San Andreas,4,Twitch,12,Improved police/AI systems,8,4,Yes,88.0,2,Yes,No,No,Same,Very Positive
R103492,22,Female,Europe,PC,GTA V,7,Official Rockstar trailer,5,Realistic economy & businesses,6,5,Maybe,69.0,24,No,No,Yes,Increased,Positive
R103493,13,Female,Latin America,PlayStation 5 Pro,GTA IV,2,YouTube,6,Story & narrative depth,8,1,Yes,61.0,8,Yes,No,Yes,Same,Very Positive
R103494,35,Male,North America,PC,GTA Vice City,4,TikTok,8,Story & narrative depth,6,5,Maybe,,8,No,No,Yes,Increased,Positive
R103495,29,Male,Asia-Pacific,PC,GTA IV,6,Official Rockstar trailer,6,Dual protagonists (Jason & Lucia),5,4,No,30.0,8,Yes,No,No,Same,Positive
R103496,38,Female,North America,PlayStation 5,GTA Vice City,6,YouTube,7,Open-world Vice City map,9,3,Yes,72.0,23,No,Yes,Yes,Increased,Very Positive
R103497,25,Prefer not to say,Europe,PC,GTA San Andreas,6,X/Twitter,5,Open-world Vice City map,7,4,No,51.0,11,Yes,Yes,No,Decreased,Positive
R103498,26,Male,Asia-Pacific,PC,GTA Vice City,3,YouTube,8,Deeper character customization,9,5,Yes,102.0,15,Yes,No,No,Same,Very Positive
R103499,18,Male,North America,PC,Red Dead Redemption 2,3,Official Rockstar trailer,3,Graphics & ray tracing,4,4,No,,4,No,Yes,No,Decreased,Neutral/Cautious
R103500,34,Male,Latin America,Xbox Series X/S,Red Dead Redemption 2,1,TikTok,6,Open-world Vice City map,8,3,Yes,78.0,7,Yes,No,Yes,Increased,Very Positive
R103501,21,Male,Asia-Pacific,PlayStation 5,GTA Vice City,6,Official Rockstar trailer,11,Dual protagonists (Jason & Lucia),10,2,Yes,90.0,18,Yes,No,Yes,Increased,Very Positive
R103502,13,Male,Africa,PC,GTA IV,5,Official Rockstar trailer,8,Realistic economy & businesses,9,4,Yes,80.0,4,Yes,No,Yes,Increased,Very Positive
R103503,43,Male,North America,PlayStation 5 Pro,GTA IV,6,Twitch,9,Open-world Vice City map,8,2,Yes,70.0,12,Yes,No,No,Same,Very Positive
R103504,35,Male,Europe,PlayStation 5,GTA San Andreas,2,Official Rockstar trailer,6,Improved police/AI systems,7,5,No,67.0,3,Yes,Yes,No,Same,Positive
R103505,18,Non-binary,Europe,PlayStation 5,GTA San Andreas,3,TikTok,5,Open-world Vice City map,9,4,No,78.0,12,No,No,No,Increased,Very Positive
R103506,28,Female,Europe,PlayStation 5,GTA Vice City,3,Reddit,4,Open-world Vice City map,5,4,No,74.0,11,Yes,No,Yes,Increased,Positive
R103507,31,Male,Asia-Pacific,PC,Never played GTA,7,X/Twitter,8,Better driving physics,8,2,Yes,58.0,17,No,No,Yes,Same,Very Positive
R103508,26,Male,Africa,PC,GTA IV,11,X/Twitter,5,Open-world Vice City map,7,4,Maybe,73.0,24,No,No,Yes,Decreased,Positive
R103509,26,Male,Europe,PlayStation 5,GTA San Andreas,10,Official Rockstar trailer,7,Improved police/AI systems,7,4,Yes,105.0,17,Yes,Yes,Yes,Increased,Positive
R103510,18,Female,North America,PlayStation 5,GTA San Andreas,6,Twitch,10,Deeper character customization,6,2,Maybe,72.0,24,No,No,Yes,Increased,Positive
R103511,24,Male,Europe,PlayStation 5 Pro,GTA San Andreas,6,TikTok,5,Graphics & ray tracing,6,3,No,38.0,20,Yes,No,Yes,Same,Positive
R103512,28,Prefer not to say,Asia-Pacific,PC,GTA San Andreas,10,Official Rockstar trailer,9,Better driving physics,8,4,Yes,71.0,6,Yes,No,Yes,Decreased,Very Positive
R103513,30,Male,Africa,Xbox Series X/S,Red Dead Redemption 2,6,Reddit,9,Dual protagonists (Jason & Lucia),4,4,No,45.0,11,No,Yes,No,Same,Neutral/Cautious
R103514,13,Female,Asia-Pacific,Xbox Series X/S,GTA V,6,Reddit,10,Online/multiplayer mode,7,4,Yes,64.0,15,Yes,No,No,Same,Positive
R103515,36,Female,Latin America,PlayStation 5,GTA V,8,YouTube,10,Deeper character customization,10,4,Yes,77.0,58,Yes,No,Yes,Same,Very Positive
R103516,16,Non-binary,North America,Xbox Series X/S,Never played GTA,4,Official Rockstar trailer,10,Online/multiplayer mode,5,4,Yes,42.0,25,No,Yes,No,Decreased,Positive
R103517,35,Male,Latin America,Undecided,GTA Vice City,13,Official Rockstar trailer,12,Open-world Vice City map,7,2,Yes,52.0,6,Yes,No,Yes,Decreased,Positive
R103518,13,Male,Asia-Pacific,PlayStation 5,GTA V,5,Twitch,6,Story & narrative depth,8,3,Yes,71.0,7,No,No,Yes,Increased,Very Positive
R103519,18,Male,Middle East,Xbox Series X/S,GTA V,7,Official Rockstar trailer,9,Map size & exploration,8,5,Yes,95.0,21,Yes,No,Yes,Increased,Very Positive
R103520,17,Male,North America,PlayStation 5,GTA V,6,X/Twitter,11,Map size & exploration,10,5,Yes,84.0,12,Yes,No,No,Increased,Very Positive
R103521,28,Female,Asia-Pacific,Xbox Series X/S,GTA V,4,Official Rockstar trailer,7,Realistic economy & businesses,6,4,Yes,47.0,12,No,No,Yes,Increased,Positive
R103522,22,Male,Europe,Xbox Series X/S,GTA IV,7,Reddit,10,Realistic economy & businesses,6,4,Maybe,72.0,19,Yes,No,Yes,Increased,Positive
R103523,29,Male,Latin America,PC,GTA San Andreas,8,Official Rockstar trailer,14,Story & narrative depth,10,4,Yes,77.0,28,Yes,Yes,Yes,Increased,Very Positive
R103524,26,Male,Latin America,PC,GTA Vice City,3,YouTube,12,Deeper character customization,10,4,Yes,71.0,34,Yes,Yes,Yes,Increased,Very Positive
R103525,26,Male,Latin America,Undecided,Red Dead Redemption 2,7,YouTube,6,Open-world Vice City map,5,3,Maybe,70.0,15,No,No,No,Increased,Positive
R103526,14,Male,Europe,PC,GTA Vice City,7,Reddit,10,Deeper character customization,9,3,No,71.0,40,No,No,Yes,Decreased,Very Positive
R103527,27,Male,Europe,PC,GTA V,2,Twitch,8,Realistic economy & businesses,7,4,Yes,70.0,5,Yes,No,No,Same,Positive
R103528,34,Male,Asia-Pacific,PC,GTA V,4,YouTube,13,Open-world Vice City map,10,5,Yes,89.0,26,Yes,No,Yes,Increased,Very Positive
R103529,28,Male,Latin America,PlayStation 5,GTA V,7,Reddit,11,Dual protagonists (Jason & Lucia),9,5,No,77.0,10,Yes,No,Yes,Same,Very Positive
R103530,27,Male,Asia-Pacific,Xbox Series X/S,GTA V,13,Official Rockstar trailer,11,Online/multiplayer mode,10,4,Yes,89.0,5,Yes,Yes,No,Same,Very Positive
R103531,25,Male,Europe,PC,GTA Vice City,10,Official Rockstar trailer,3,Dual protagonists (Jason & Lucia),4,3,No,55.0,19,Yes,Yes,No,Increased,Neutral/Cautious
R103532,37,Male,Latin America,PlayStation 5,GTA V,8,Official Rockstar trailer,10,Deeper character customization,9,4,Yes,87.0,8,No,No,No,Same,Very Positive
R103533,24,Male,Europe,PC,GTA V,3,Official Rockstar trailer,9,Open-world Vice City map,10,5,Yes,91.0,41,Yes,No,No,Increased,Very Positive
R103534,13,Male,Asia-Pacific,PC,GTA V,7,Twitch,12,Better driving physics,10,2,No,83.0,21,Yes,No,Yes,Same,Very Positive
R103535,36,Male,Europe,PlayStation 5,GTA San Andreas,5,YouTube,10,Deeper character customization,8,5,Yes,95.0,12,Yes,Yes,No,Increased,Very Positive
R103536,36,Male,Asia-Pacific,PlayStation 5,GTA V,4,Reddit,9,Realistic economy & businesses,5,4,Maybe,59.0,5,No,Yes,No,Increased,Positive
R103537,20,Non-binary,Asia-Pacific,PlayStation 5,GTA IV,3,YouTube,5,Dual protagonists (Jason & Lucia),7,4,Yes,70.0,8,Yes,No,No,Increased,Positive
R103538,29,Male,Latin America,PlayStation 5,GTA V,7,YouTube,6,Deeper character customization,10,5,Yes,95.0,21,Yes,No,Yes,Increased,Very Positive
R103539,14,Male,Latin America,PlayStation 5,GTA IV,4,Reddit,7,Deeper character customization,10,3,Yes,90.0,16,Yes,No,Yes,Same,Very Positive
R103540,35,Male,Africa,PC,Never played GTA,13,Reddit,9,Story & narrative depth,8,4,Yes,91.0,7,No,No,No,Increased,Very Positive
R103541,16,Female,North America,PlayStation 5,GTA San Andreas,7,Official Rockstar trailer,7,Map size & exploration,6,3,No,49.0,37,No,Yes,Yes,Decreased,Positive
R103542,29,Male,Middle East,PC,GTA V,8,YouTube,8,Graphics & ray tracing,8,4,Yes,70.0,17,Yes,No,Yes,Decreased,Very Positive
R103543,41,Female,Asia-Pacific,PlayStation 5,GTA V,7,Official Rockstar trailer,8,Story & narrative depth,8,4,Yes,89.0,25,Yes,No,Yes,Same,Very Positive
R103544,31,Female,North America,PlayStation 5 Pro,GTA V,3,Reddit,11,Realistic economy & businesses,9,4,Yes,109.0,1,No,No,Yes,Same,Very Positive
R103545,39,Male,Latin America,PlayStation 5,GTA V,8,Official Rockstar trailer,11,Open-world Vice City map,7,5,Yes,72.0,35,Yes,No,Yes,Increased,Positive
R103546,26,Female,Europe,PC,GTA Vice City,9,Reddit,8,Graphics & ray tracing,8,3,No,59.0,23,No,Yes,No,Increased,Very Positive
R103547,19,Male,Asia-Pacific,Undecided,GTA San Andreas,9,Reddit,6,Open-world Vice City map,6,4,Maybe,64.0,19,Yes,Yes,Yes,Increased,Positive
R103548,25,Male,Europe,PC,GTA San Andreas,6,YouTube,10,Realistic economy & businesses,8,4,Yes,92.0,6,Yes,No,No,Decreased,Very Positive
R103549,42,Male,Latin America,PC,GTA V,3,YouTube,8,Online/multiplayer mode,7,3,Maybe,80.0,11,Yes,No,Yes,Decreased,Positive
R103550,39,Male,Europe,PlayStation 5,GTA V,5,YouTube,8,Open-world Vice City map,7,4,Yes,64.0,2,No,Yes,Yes,Increased,Positive
R103551,18,Male,Asia-Pacific,PC,GTA IV,10,YouTube,11,Dual protagonists (Jason & Lucia),10,3,Yes,93.0,10,Yes,No,Yes,Increased,Very Positive
R103552,13,Male,North America,PC,GTA V,7,TikTok,10,Dual protagonists (Jason & Lucia),9,3,Yes,83.0,47,Yes,No,Yes,Increased,Very Positive
R103553,23,Male,Europe,PC,GTA V,1,YouTube,9,Open-world Vice City map,7,4,Yes,61.0,11,Yes,Yes,No,Decreased,Positive
R103554,18,Male,Asia-Pacific,Xbox Series X/S,GTA San Andreas,11,TikTok,11,Dual protagonists (Jason & Lucia),10,4,Yes,89.0,38,No,Yes,Yes,Increased,Very Positive
R103555,33,Male,Europe,PlayStation 5,GTA San Andreas,11,Friends,8,Story & narrative depth,5,5,No,55.0,7,Yes,Yes,Yes,Same,Positive
R103556,37,Male,North America,PlayStation 5,GTA V,2,YouTube,6,Deeper character customization,8,4,No,60.0,7,No,No,No,Increased,Very Positive
R103557,39,Female,Europe,Xbox Series X/S,GTA IV,8,X/Twitter,13,Map size & exploration,10,3,No,102.0,36,No,No,Yes,Same,Very Positive
R103558,18,Female,Asia-Pacific,Xbox Series X/S,GTA V,3,YouTube,14,Dual protagonists (Jason & Lucia),9,4,Yes,82.0,47,Yes,No,Yes,Same,Very Positive
R103559,29,Male,Asia-Pacific,PC,GTA V,11,Friends,11,Better driving physics,9,4,Yes,76.0,7,Yes,No,No,Same,Very Positive
R103560,31,Female,Europe,Xbox Series X/S,GTA San Andreas,6,Reddit,9,Open-world Vice City map,10,4,Yes,101.0,27,No,No,Yes,Increased,Very Positive
R103561,17,Female,Europe,PC,GTA III,6,Official Rockstar trailer,11,Realistic economy & businesses,8,5,Yes,73.0,18,Yes,No,Yes,Increased,Very Positive
R103562,26,Female,Middle East,PC,GTA V,7,Official Rockstar trailer,8,Map size & exploration,4,5,No,40.0,17,Yes,No,No,Increased,Neutral/Cautious
R103563,35,Male,North America,PC,GTA San Andreas,6,Reddit,6,Online/multiplayer mode,10,4,Yes,87.0,22,Yes,Yes,No,Increased,Very Positive
R103564,13,Male,Latin America,Xbox Series X/S,GTA IV,11,X/Twitter,6,Dual protagonists (Jason & Lucia),8,2,Yes,67.0,21,Yes,No,No,Decreased,Very Positive
R103565,17,Male,Asia-Pacific,PC,GTA IV,3,TikTok,8,Story & narrative depth,9,5,Yes,71.0,9,Yes,Yes,No,Increased,Very Positive
R103566,35,Male,Latin America,Xbox Series X/S,GTA Vice City,2,TikTok,9,Story & narrative depth,8,4,Yes,86.0,24,Yes,No,Yes,Same,Very Positive
R103567,22,Male,Asia-Pacific,Xbox Series X/S,GTA Vice City,5,Reddit,12,Online/multiplayer mode,9,2,Maybe,74.0,9,Yes,No,Yes,Same,Very Positive
R103568,21,Male,North America,PlayStation 5,GTA V,6,X/Twitter,15,Realistic economy & businesses,10,3,Yes,79.0,6,No,No,Yes,Same,Very Positive
R103569,23,Male,North America,PlayStation 5,Red Dead Redemption 2,9,Twitch,11,Dual protagonists (Jason & Lucia),6,4,No,74.0,9,Yes,No,Yes,Increased,Positive
R103570,13,Male,Africa,PC,GTA V,7,Reddit,13,Open-world Vice City map,10,5,Yes,85.0,30,Yes,No,Yes,Decreased,Very Positive
R103571,17,Male,North America,Xbox Series X/S,GTA San Andreas,7,YouTube,13,Deeper character customization,8,4,No,76.0,18,Yes,No,No,Decreased,Very Positive
R103572,32,Prefer not to say,Latin America,Xbox Series X/S,GTA V,6,Gaming news sites,5,Better driving physics,7,2,Yes,70.0,8,No,No,Yes,Increased,Positive
R103573,22,Female,Europe,PlayStation 5,GTA V,4,Reddit,11,Realistic economy & businesses,8,4,Yes,77.0,15,Yes,No,Yes,Increased,Very Positive
R103574,19,Female,North America,Xbox Series X/S,GTA V,5,Reddit,13,Dual protagonists (Jason & Lucia),7,4,Yes,66.0,18,Yes,No,No,Decreased,Positive
R103575,43,Female,Latin America,PlayStation 5,GTA San Andreas,8,YouTube,9,Open-world Vice City map,10,4,Yes,77.0,23,No,No,Yes,Same,Very Positive
R103576,29,Male,Asia-Pacific,Xbox Series X/S,GTA V,3,Friends,5,Better driving physics,7,4,Maybe,59.0,2,Yes,Yes,Yes,Same,Positive
R103577,34,Female,Asia-Pacific,PlayStation 5,Red Dead Redemption 2,0,Official Rockstar trailer,10,Graphics & ray tracing,6,3,Yes,67.0,23,Yes,No,No,Increased,Positive
R103578,34,Male,Asia-Pacific,Xbox Series X/S,Red Dead Redemption 2,4,TikTok,4,Online/multiplayer mode,5,4,Yes,53.0,23,Yes,Yes,Yes,Same,Positive
R103579,18,Female,North America,Xbox Series X/S,GTA Vice City,6,Gaming news sites,11,Online/multiplayer mode,8,5,Yes,85.0,21,No,Yes,Yes,Increased,Very Positive
R103580,25,Male,Europe,Xbox Series X/S,GTA V,7,Twitch,10,Graphics & ray tracing,10,4,Yes,89.0,32,Yes,No,Yes,Increased,Very Positive
R103581,33,Female,Latin America,PlayStation 5 Pro,GTA V,9,Friends,6,Improved police/AI systems,8,5,Yes,98.0,13,No,No,Yes,Same,Very Positive
R103582,13,Female,North America,PC,Red Dead Redemption 2,4,Official Rockstar trailer,9,Deeper character customization,5,4,Yes,36.0,15,Yes,Yes,Yes,Increased,Positive
R103583,20,Female,Latin America,PC,Red Dead Redemption 2,4,Official Rockstar trailer,13,Dual protagonists (Jason & Lucia),10,4,Yes,60.0,10,No,No,No,Increased,Very Positive
R103584,42,Male,Latin America,PlayStation 5,GTA IV,8,YouTube,8,Story & narrative depth,9,3,Maybe,86.0,49,Yes,No,No,Increased,Very Positive
R103585,18,Male,Latin America,PC,GTA IV,3,Reddit,8,Map size & exploration,6,3,No,62.0,16,Yes,No,Yes,Increased,Positive
R103586,13,Female,North America,PlayStation 5,GTA V,5,YouTube,11,Dual protagonists (Jason & Lucia),7,4,Yes,51.0,12,Yes,No,Yes,Increased,Positive
R103587,13,Female,Latin America,PlayStation 5,Red Dead Redemption 2,5,Reddit,4,Story & narrative depth,5,4,Yes,74.0,9,No,No,No,Increased,Positive
R103588,28,Male,Europe,PC,GTA V,6,YouTube,13,Dual protagonists (Jason & Lucia),9,4,Yes,69.0,20,No,No,Yes,Increased,Very Positive
R103589,13,Male,Africa,PlayStation 5 Pro,GTA V,1,Reddit,5,Open-world Vice City map,7,4,Maybe,64.0,7,Yes,Yes,Yes,Decreased,Positive
R103590,22,Male,Asia-Pacific,Xbox Series X/S,GTA V,8,YouTube,12,Story & narrative depth,10,4,Yes,82.0,27,Yes,Yes,Yes,Increased,Very Positive
R103591,34,Male,Middle East,PC,GTA V,5,Reddit,8,Dual protagonists (Jason & Lucia),7,3,Maybe,74.0,4,Yes,No,No,Decreased,Positive
R103592,39,Male,Europe,Xbox Series X/S,GTA V,7,Official Rockstar trailer,15,Open-world Vice City map,10,4,Yes,98.0,23,No,No,No,Increased,Very Positive
R103593,23,Male,Europe,PC,GTA V,6,YouTube,12,Deeper character customization,9,4,Yes,73.0,21,Yes,No,Yes,Increased,Very Positive
R103594,27,Male,Asia-Pacific,PC,GTA V,6,YouTube,11,Map size & exploration,10,4,Maybe,87.0,10,Yes,No,No,Increased,Very Positive
R103595,29,Male,Asia-Pacific,Xbox Series X/S,GTA V,7,Official Rockstar trailer,11,Open-world Vice City map,10,4,Yes,84.0,70,Yes,No,No,Same,Very Positive
R103596,24,Male,North America,Xbox Series X/S,GTA Vice City,13,YouTube,9,Map size & exploration,10,3,Yes,80.0,10,No,Yes,Yes,Decreased,Very Positive
R103597,13,Male,North America,PC,GTA V,8,YouTube,10,Online/multiplayer mode,8,3,Maybe,68.0,12,Yes,Yes,Yes,Increased,Very Positive
R103598,32,Non-binary,Europe,PlayStation 5,GTA V,3,Reddit,10,Realistic economy & businesses,9,3,Yes,90.0,7,No,No,Yes,Same,Very Positive
R103599,29,Male,Middle East,PC,GTA San Andreas,3,Official Rockstar trailer,5,Realistic economy & businesses,8,4,Maybe,,5,No,No,No,Same,Very Positive
R103600,43,Non-binary,North America,PlayStation 5,GTA San Andreas,7,TikTok,8,Realistic economy & businesses,8,4,Yes,77.0,17,Yes,No,No,Same,Very Positive
R103601,32,Male,Middle East,PC,GTA San Andreas,7,Official Rockstar trailer,4,Open-world Vice City map,8,4,Yes,86.0,8,Yes,No,Yes,Same,Very Positive
R103602,29,Prefer not to say,North America,PC,GTA V,0,Official Rockstar trailer,8,Realistic economy & businesses,10,5,Yes,108.0,4,No,Yes,Yes,Increased,Very Positive
R103603,22,Male,North America,PC,GTA Vice City,5,Official Rockstar trailer,4,Story & narrative depth,7,4,No,61.0,24,Yes,Yes,Yes,Increased,Positive
R103604,15,Non-binary,Europe,PC,GTA V,1,Friends,10,Story & narrative depth,8,5,Yes,61.0,17,No,No,No,Same,Very Positive
R103605,32,Male,Asia-Pacific,PlayStation 5,GTA San Andreas,10,Gaming news sites,15,Graphics & ray tracing,8,4,No,63.0,7,No,No,Yes,Decreased,Very Positive
R103606,27,Prefer not to say,North America,PlayStation 5,GTA Vice City,4,Twitch,2,Online/multiplayer mode,5,3,Yes,69.0,11,Yes,Yes,No,Same,Positive
R103607,22,Female,Latin America,Xbox Series X/S,GTA Vice City,12,YouTube,14,Better driving physics,9,3,No,60.0,32,Yes,Yes,No,Same,Very Positive
R103608,37,Male,Europe,PC,GTA IV,5,YouTube,11,Deeper character customization,7,3,Maybe,87.0,11,Yes,No,No,Increased,Positive
R103609,26,Male,Asia-Pacific,PC,GTA IV,6,Reddit,8,Open-world Vice City map,8,4,No,80.0,2,Yes,No,Yes,Increased,Very Positive
R103610,28,Female,North America,PlayStation 5,GTA San Andreas,5,Friends,2,Better driving physics,4,1,No,55.0,40,No,No,Yes,Increased,Neutral/Cautious
R103611,27,Female,North America,PlayStation 5,GTA V,3,Gaming news sites,8,Realistic economy & businesses,10,5,Yes,103.0,11,Yes,No,Yes,Increased,Very Positive
R103612,24,Non-binary,North America,PC,GTA IV,10,Twitch,5,Map size & exploration,3,5,Yes,73.0,12,No,No,No,Increased,Neutral/Cautious
R103613,42,Male,Africa,PlayStation 5,Red Dead Redemption 2,3,TikTok,9,Map size & exploration,7,5,Yes,57.0,15,Yes,No,No,Increased,Positive
R103614,13,Male,North America,PlayStation 5 Pro,GTA San Andreas,3,Friends,11,Open-world Vice City map,5,4,Maybe,36.0,21,Yes,No,No,Increased,Positive
R103615,24,Non-binary,Europe,Xbox Series X/S,GTA V,5,YouTube,8,Story & narrative depth,7,4,No,80.0,15,Yes,No,Yes,Increased,Positive
R103616,22,Male,North America,Xbox Series X/S,GTA V,6,TikTok,10,Map size & exploration,10,5,Yes,74.0,16,No,No,No,Increased,Very Positive
R103617,28,Female,Europe,PC,GTA Vice City,7,YouTube,7,Improved police/AI systems,8,4,Yes,69.0,6,No,Yes,Yes,Increased,Very Positive
R103618,22,Male,Asia-Pacific,PlayStation 5,GTA IV,2,TikTok,9,Deeper character customization,7,2,Yes,57.0,33,No,Yes,No,Increased,Positive
R103619,32,Male,Europe,PC,GTA V,2,X/Twitter,18,Deeper character customization,8,4,Yes,82.0,12,Yes,No,No,Same,Very Positive
R103620,15,Male,North America,PlayStation 5 Pro,GTA San Andreas,3,Reddit,7,Online/multiplayer mode,7,3,Yes,57.0,13,Yes,Yes,Yes,Same,Positive
R103621,17,Male,North America,PlayStation 5,GTA San Andreas,10,Reddit,10,Improved police/AI systems,10,3,Yes,114.0,42,No,No,No,Decreased,Very Positive
R103622,25,Male,North America,PC,GTA Vice City,6,Reddit,7,Dual protagonists (Jason & Lucia),5,2,No,69.0,12,Yes,No,Yes,Increased,Positive
R103623,19,Female,Latin America,Xbox Series X/S,GTA San Andreas,11,YouTube,10,Map size & exploration,8,4,No,63.0,11,Yes,Yes,Yes,Increased,Very Positive
R103624,42,Male,Europe,Xbox Series X/S,Never played GTA,2,YouTube,14,Open-world Vice City map,10,3,Yes,99.0,17,Yes,No,No,Increased,Very Positive
R103625,35,Male,Middle East,PlayStation 5,GTA V,13,Official Rockstar trailer,11,Better driving physics,7,2,Maybe,71.0,9,Yes,No,No,Same,Positive
R103626,26,Male,Asia-Pacific,Xbox Series X/S,GTA San Andreas,4,Official Rockstar trailer,10,Graphics & ray tracing,6,3,Yes,63.0,9,Yes,Yes,Yes,Increased,Positive
R103627,39,Male,Asia-Pacific,PlayStation 5,GTA V,2,YouTube,5,Graphics & ray tracing,9,4,Yes,83.0,14,Yes,No,Yes,Increased,Very Positive
R103628,24,Male,North America,PC,GTA V,6,Gaming news sites,12,Story & narrative depth,10,5,Yes,107.0,9,No,No,No,Increased,Very Positive
R103629,13,Male,North America,PlayStation 5,GTA San Andreas,5,Reddit,4,Online/multiplayer mode,6,4,Yes,71.0,8,Yes,No,Yes,Decreased,Positive
R103630,31,Male,Asia-Pacific,PlayStation 5,Red Dead Redemption 2,3,TikTok,8,Open-world Vice City map,9,4,Yes,80.0,17,Yes,No,Yes,Increased,Very Positive
R103631,14,Male,North America,PC,GTA V,5,X/Twitter,9,Story & narrative depth,9,5,Yes,67.0,21,Yes,Yes,Yes,Increased,Very Positive
R103632,25,Male,Asia-Pacific,PC,GTA Vice City,5,YouTube,3,Improved police/AI systems,7,4,Yes,83.0,17,Yes,No,Yes,Increased,Positive
R103633,30,Prefer not to say,North America,PC,GTA San Andreas,10,Official Rockstar trailer,9,Dual protagonists (Jason & Lucia),9,3,No,83.0,28,Yes,No,Yes,Increased,Very Positive
R103634,39,Prefer not to say,North America,PC,GTA V,10,Reddit,12,Story & narrative depth,9,3,Yes,90.0,25,Yes,No,Yes,Increased,Very Positive
R103635,29,Male,North America,Undecided,GTA V,7,Gaming news sites,8,Deeper character customization,9,4,Yes,92.0,11,Yes,No,Yes,Increased,Very Positive
R103636,21,Male,Europe,Xbox Series X/S,GTA San Andreas,8,Gaming news sites,7,Open-world Vice City map,7,2,Yes,70.0,3,Yes,No,No,Increased,Positive
R103637,20,Male,North America,PC,GTA San Andreas,2,Gaming news sites,5,Story & narrative depth,7,3,Maybe,66.0,14,No,No,Yes,Increased,Positive
R103638,21,Female,Latin America,PlayStation 5,GTA V,4,YouTube,7,Story & narrative depth,9,5,Maybe,45.0,11,Yes,No,Yes,Increased,Very Positive
R103639,26,Male,North America,PC,GTA V,3,X/Twitter,11,Dual protagonists (Jason & Lucia),8,3,Yes,59.0,34,No,Yes,Yes,Same,Very Positive
R103640,20,Male,Asia-Pacific,Xbox Series X/S,GTA V,3,Friends,12,Online/multiplayer mode,10,5,Yes,91.0,39,Yes,No,Yes,Same,Very Positive
R103641,13,Male,Europe,PlayStation 5,GTA IV,3,Reddit,11,Improved police/AI systems,7,3,Yes,70.0,6,No,No,No,Increased,Positive
R103642,33,Male,North America,Xbox Series X/S,GTA V,8,YouTube,10,Realistic economy & businesses,10,4,Yes,112.0,6,No,No,No,Decreased,Very Positive
R103643,13,Male,Asia-Pacific,Xbox Series X/S,GTA V,10,Twitch,12,Dual protagonists (Jason & Lucia),10,4,Yes,72.0,14,Yes,No,Yes,Same,Very Positive
R103644,22,Male,Asia-Pacific,PC,GTA V,7,Official Rockstar trailer,6,Graphics & ray tracing,9,3,Yes,84.0,11,Yes,No,Yes,Same,Very Positive
R103645,27,Female,Latin America,PlayStation 5,GTA V,3,YouTube,13,Dual protagonists (Jason & Lucia),10,5,Maybe,90.0,10,Yes,No,Yes,Decreased,Very Positive
R103646,13,Prefer not to say,Middle East,PlayStation 5,Red Dead Redemption 2,5,Friends,7,Realistic economy & businesses,6,1,No,71.0,2,Yes,No,No,Decreased,Positive
R103647,19,Male,Europe,Xbox Series X/S,GTA IV,8,Official Rockstar trailer,10,Map size & exploration,10,5,Yes,72.0,26,Yes,No,No,Same,Very Positive
R103648,39,Male,Africa,PC,GTA San Andreas,7,X/Twitter,11,Map size & exploration,10,5,No,79.0,11,Yes,Yes,Yes,Increased,Very Positive
R103649,30,Male,North America,PlayStation 5,GTA San Andreas,8,Twitch,8,Graphics & ray tracing,7,3,Yes,69.0,10,Yes,No,Yes,Same,Positive
R103650,25,Non-binary,North America,PlayStation 5,GTA V,5,Gaming news sites,11,Graphics & ray tracing,9,4,Yes,76.0,14,Yes,No,Yes,Increased,Very Positive
R103651,21,Male,Europe,PlayStation 5,GTA V,10,Twitch,9,Graphics & ray tracing,9,4,Yes,71.0,6,No,Yes,Yes,Increased,Very Positive
R103652,26,Male,Europe,Xbox Series X/S,GTA San Andreas,6,X/Twitter,12,Story & narrative depth,10,4,Yes,75.0,2,Yes,No,No,Decreased,Very Positive
R103653,13,Female,Asia-Pacific,Xbox Series X/S,GTA San Andreas,8,TikTok,13,Improved police/AI systems,8,2,Yes,95.0,6,Yes,No,Yes,Same,Very Positive
R103654,20,Male,North America,PlayStation 5,GTA IV,11,Official Rockstar trailer,11,Improved police/AI systems,9,4,Yes,100.0,31,Yes,Yes,No,Increased,Very Positive
R103655,22,Male,Middle East,PC,Red Dead Redemption 2,0,Official Rockstar trailer,11,Dual protagonists (Jason & Lucia),7,3,Yes,,21,Yes,Yes,No,Same,Positive
R103656,13,Male,North America,Xbox Series X/S,GTA V,5,Twitch,6,Improved police/AI systems,6,4,No,62.0,6,Yes,Yes,No,Increased,Positive
R103657,33,Non-binary,Latin America,PlayStation 5 Pro,Red Dead Redemption 2,11,X/Twitter,9,Improved police/AI systems,7,3,Maybe,78.0,25,Yes,Yes,No,Increased,Positive
R103658,24,Male,Europe,PC,GTA V,7,X/Twitter,15,Story & narrative depth,9,5,Yes,67.0,16,Yes,No,Yes,Same,Very Positive
R103659,26,Male,Europe,PlayStation 5,GTA V,5,TikTok,2,Dual protagonists (Jason & Lucia),3,4,No,49.0,19,No,Yes,No,Same,Neutral/Cautious
R103660,24,Prefer not to say,North America,PlayStation 5,GTA San Andreas,4,YouTube,10,Open-world Vice City map,8,3,No,79.0,14,Yes,Yes,Yes,Increased,Very Positive
R103661,33,Male,Europe,PlayStation 5,GTA V,11,YouTube,6,Improved police/AI systems,5,3,No,51.0,34,Yes,No,Yes,Same,Positive
R103662,30,Male,North America,PlayStation 5,GTA V,5,X/Twitter,6,Online/multiplayer mode,7,1,Maybe,69.0,3,No,Yes,No,Increased,Positive
R103663,23,Male,Asia-Pacific,PlayStation 5,GTA V,0,Friends,7,Open-world Vice City map,7,5,Yes,41.0,23,Yes,No,No,Same,Positive
R103664,14,Male,Europe,PlayStation 5,GTA V,5,TikTok,9,Online/multiplayer mode,10,2,No,87.0,11,No,No,Yes,Increased,Very Positive
R103665,13,Male,Asia-Pacific,PC,GTA V,6,Official Rockstar trailer,8,Deeper character customization,8,3,Yes,63.0,8,No,Yes,Yes,Increased,Very Positive
R103666,18,Male,North America,PlayStation 5,Red Dead Redemption 2,8,TikTok,8,Map size & exploration,6,4,No,44.0,35,Yes,Yes,No,Increased,Positive
R103667,26,Female,Asia-Pacific,PC,GTA V,7,YouTube,11,Online/multiplayer mode,9,5,Yes,70.0,13,No,No,Yes,Same,Very Positive
R103668,21,Male,Latin America,PlayStation 5,GTA III,7,YouTube,6,Online/multiplayer mode,10,5,Yes,87.0,11,Yes,No,Yes,Increased,Very Positive
R103669,19,Female,Asia-Pacific,PlayStation 5,GTA V,6,Twitch,7,Graphics & ray tracing,7,4,Yes,54.0,11,Yes,Yes,No,Increased,Positive
R103670,34,Female,Europe,Xbox Series X/S,GTA V,0,Official Rockstar trailer,12,Open-world Vice City map,8,2,Yes,68.0,50,Yes,Yes,Yes,Increased,Very Positive
R103671,33,Male,North America,Xbox Series X/S,GTA San Andreas,3,YouTube,12,Online/multiplayer mode,7,4,Yes,51.0,20,Yes,No,Yes,Decreased,Positive
R103672,15,Male,Latin America,Xbox Series X/S,GTA V,5,YouTube,13,Better driving physics,10,3,Yes,80.0,34,No,No,Yes,Same,Very Positive
R103673,32,Male,Asia-Pacific,PlayStation 5,GTA V,6,Gaming news sites,10,Dual protagonists (Jason & Lucia),7,4,Maybe,62.0,18,Yes,No,No,Increased,Positive
R103674,26,Male,Europe,PC,GTA San Andreas,8,YouTube,7,Story & narrative depth,7,5,No,66.0,6,Yes,Yes,Yes,Increased,Positive
R103675,35,Female,North America,PlayStation 5,GTA V,12,Reddit,12,Realistic economy & businesses,10,4,Yes,106.0,10,Yes,Yes,Yes,Same,Very Positive
R103676,24,Prefer not to say,Latin America,PC,GTA V,12,X/Twitter,8,Online/multiplayer mode,10,5,Yes,100.0,22,Yes,No,No,Decreased,Very Positive
R103677,17,Female,North America,PlayStation 5,GTA V,2,Friends,10,Better driving physics,7,5,Yes,53.0,13,Yes,No,No,Increased,Positive
R103678,24,Male,Asia-Pacific,PC,GTA IV,8,Twitch,15,Better driving physics,10,4,Yes,80.0,12,Yes,Yes,No,Increased,Very Positive
R103679,23,Male,Middle East,PlayStation 5,Never played GTA,8,Reddit,5,Realistic economy & businesses,4,3,Yes,44.0,23,No,No,No,Increased,Neutral/Cautious
R103680,16,Male,Europe,PlayStation 5,GTA V,6,X/Twitter,6,Dual protagonists (Jason & Lucia),7,4,Yes,63.0,3,No,No,Yes,Increased,Positive
R103681,13,Male,Latin America,Xbox Series X/S,GTA Vice City,10,YouTube,6,Open-world Vice City map,9,3,No,73.0,6,No,No,No,Increased,Very Positive
R103682,22,Male,Europe,Xbox Series X/S,Red Dead Redemption 2,3,Official Rockstar trailer,6,Story & narrative depth,7,4,Yes,60.0,8,Yes,No,Yes,Increased,Positive
R103683,22,Female,North America,PC,GTA IV,3,X/Twitter,8,Dual protagonists (Jason & Lucia),9,5,Maybe,67.0,6,No,No,Yes,Increased,Very Positive
R103684,30,Male,Asia-Pacific,PlayStation 5,GTA IV,3,YouTube,10,Deeper character customization,5,4,Yes,54.0,18,Yes,No,Yes,Same,Positive
R103685,19,Male,Latin America,PC,GTA San Andreas,8,Official Rockstar trailer,11,Open-world Vice City map,10,4,Yes,80.0,5,No,No,No,Increased,Very Positive
R103686,25,Female,North America,PlayStation 5,GTA Vice City,5,X/Twitter,8,Realistic economy & businesses,9,2,Yes,105.0,32,No,No,Yes,Increased,Very Positive
R103687,18,Female,Asia-Pacific,PlayStation 5,GTA Vice City,2,YouTube,11,Open-world Vice City map,8,4,Yes,48.0,16,No,Yes,No,Same,Very Positive
R103688,13,Male,North America,PC,GTA San Andreas,7,Gaming news sites,9,Improved police/AI systems,8,2,Maybe,82.0,10,Yes,No,Yes,Same,Very Positive
R103689,29,Male,Europe,PC,GTA V,9,Official Rockstar trailer,10,Dual protagonists (Jason & Lucia),8,3,Maybe,85.0,20,No,No,Yes,Same,Very Positive
R103690,13,Male,Europe,PlayStation 5,GTA San Andreas,9,Reddit,8,Improved police/AI systems,6,3,Maybe,59.0,5,Yes,Yes,No,Increased,Positive
R103691,23,Male,North America,Xbox Series X/S,GTA San Andreas,8,Official Rockstar trailer,7,Dual protagonists (Jason & Lucia),8,5,Yes,75.0,31,Yes,No,Yes,Increased,Very Positive
R103692,33,Male,Europe,PlayStation 5,GTA San Andreas,6,TikTok,10,Open-world Vice City map,7,4,Yes,,10,No,Yes,Yes,Same,Positive
R103693,36,Male,Asia-Pacific,Xbox Series X/S,GTA V,5,Twitch,9,Graphics & ray tracing,9,4,Yes,82.0,13,Yes,No,Yes,Increased,Very Positive
R103694,39,Female,Europe,PC,GTA San Andreas,11,YouTube,8,Open-world Vice City map,6,5,Yes,80.0,16,No,No,Yes,Increased,Positive
R103695,26,Male,Asia-Pacific,PlayStation 5,GTA III,2,YouTube,5,Open-world Vice City map,4,4,Maybe,60.0,0,Yes,No,Yes,Increased,Neutral/Cautious
R103696,13,Male,North America,Xbox Series X/S,GTA San Andreas,8,YouTube,9,Realistic economy & businesses,10,4,Yes,64.0,21,No,Yes,Yes,Increased,Very Positive
R103697,30,Male,North America,PlayStation 5,GTA Vice City,9,X/Twitter,3,Graphics & ray tracing,7,5,No,75.0,24,No,Yes,No,Decreased,Positive
R103698,30,Male,North America,Xbox Series X/S,GTA V,2,Reddit,10,Map size & exploration,9,5,Yes,73.0,14,No,No,No,Same,Very Positive
R103699,37,Male,Asia-Pacific,Xbox Series X/S,GTA IV,4,TikTok,2,Story & narrative depth,3,4,Maybe,44.0,12,Yes,No,Yes,Same,Neutral/Cautious
R103700,21,Female,North America,Xbox Series X/S,GTA San Andreas,4,YouTube,7,Online/multiplayer mode,7,4,Yes,58.0,17,Yes,Yes,No,Same,Positive
R103701,31,Male,Latin America,PlayStation 5,GTA San Andreas,3,Reddit,9,Improved police/AI systems,6,4,No,66.0,14,Yes,Yes,Yes,Same,Positive
R103702,32,Male,North America,PC,GTA V,10,YouTube,8,Graphics & ray tracing,8,3,No,58.0,5,Yes,No,No,Increased,Very Positive
R103703,23,Male,Asia-Pacific,PlayStation 5,GTA IV,5,TikTok,9,Dual protagonists (Jason & Lucia),7,4,No,71.0,32,Yes,No,Yes,Increased,Positive
R103704,13,Male,Europe,Undecided,GTA Vice City,8,X/Twitter,7,Improved police/AI systems,9,5,Maybe,81.0,6,Yes,No,Yes,Same,Very Positive
R103705,29,Male,Latin America,PC,GTA V,9,Gaming news sites,2,Realistic economy & businesses,6,5,Maybe,72.0,13,Yes,No,No,Increased,Positive
R103706,23,Female,Europe,PlayStation 5,GTA V,9,TikTok,11,Improved police/AI systems,9,5,Yes,,28,Yes,No,No,Same,Very Positive
R103707,35,Male,Africa,PlayStation 5,GTA IV,6,X/Twitter,8,Map size & exploration,4,4,Maybe,41.0,25,No,No,Yes,Increased,Neutral/Cautious
R103708,29,Male,North America,Xbox Series X/S,GTA Vice City,9,TikTok,8,Online/multiplayer mode,7,4,No,66.0,7,No,No,No,Same,Positive
R103709,23,Prefer not to say,Europe,Xbox Series X/S,GTA San Andreas,10,X/Twitter,10,Story & narrative depth,6,4,Yes,46.0,42,Yes,Yes,Yes,Decreased,Positive
R103710,27,Male,Europe,PlayStation 5,GTA San Andreas,8,X/Twitter,7,Deeper character customization,5,5,No,41.0,8,Yes,No,No,Same,Positive
R103711,29,Male,Latin America,PlayStation 5,GTA San Andreas,5,Reddit,7,Realistic economy & businesses,7,4,Maybe,53.0,16,Yes,No,Yes,Increased,Positive
R103712,18,Non-binary,North America,PlayStation 5,GTA San Andreas,11,Official Rockstar trailer,8,Realistic economy & businesses,8,4,Yes,79.0,14,Yes,No,No,Increased,Very Positive
R103713,31,Male,Asia-Pacific,Xbox Series X/S,GTA Vice City,3,YouTube,11,Improved police/AI systems,10,4,Yes,86.0,8,Yes,No,Yes,Increased,Very Positive
R103714,19,Male,Asia-Pacific,Xbox Series X/S,GTA San Andreas,9,Official Rockstar trailer,10,Dual protagonists (Jason & Lucia),10,5,Yes,74.0,5,No,No,Yes,Same,Very Positive
R103715,33,Female,Asia-Pacific,PlayStation 5,GTA San Andreas,6,Reddit,11,Online/multiplayer mode,10,4,Yes,89.0,31,No,No,Yes,Increased,Very Positive
R103716,41,Male,Europe,PlayStation 5,GTA IV,5,TikTok,12,Online/multiplayer mode,9,3,Yes,66.0,5,Yes,Yes,No,Increased,Very Positive
R103717,37,Female,Latin America,PlayStation 5,GTA V,10,Reddit,11,Graphics & ray tracing,7,4,No,82.0,22,Yes,No,Yes,Increased,Positive
R103718,28,Female,Asia-Pacific,PC,GTA V,8,Reddit,10,Improved police/AI systems,10,5,Yes,87.0,11,No,Yes,No,Increased,Very Positive
R103719,19,,Asia-Pacific,Xbox Series X/S,GTA IV,4,TikTok,5,Map size & exploration,4,3,No,42.0,6,Yes,No,No,Increased,Neutral/Cautious
R103720,27,Male,Middle East,PlayStation 5,GTA V,9,Twitch,11,Online/multiplayer mode,9,5,Yes,90.0,22,Yes,No,No,Same,Very Positive
R103721,27,,Europe,PlayStation 5 Pro,GTA III,10,X/Twitter,8,Story & narrative depth,10,5,Yes,94.0,25,No,No,No,Same,Very Positive
R103722,21,Male,North America,Xbox Series X/S,GTA Vice City,10,YouTube,6,Deeper character customization,8,4,Yes,78.0,7,Yes,Yes,Yes,Increased,Very Positive
R103723,26,Non-binary,Europe,PC,GTA San Andreas,6,Twitch,12,Dual protagonists (Jason & Lucia),10,4,Yes,80.0,17,Yes,No,Yes,Decreased,Very Positive
R103724,28,Female,North America,Xbox Series X/S,GTA IV,6,TikTok,11,Dual protagonists (Jason & Lucia),8,3,Maybe,83.0,10,Yes,No,No,Same,Very Positive
R103725,42,Male,Asia-Pacific,PlayStation 5,GTA San Andreas,11,YouTube,5,Realistic economy & businesses,7,4,Yes,66.0,12,Yes,No,No,Same,Positive
R103726,41,Male,Europe,Xbox Series X/S,GTA IV,8,TikTok,12,Improved police/AI systems,7,3,No,70.0,31,Yes,No,Yes,Increased,Positive
R103727,39,Male,Latin America,Xbox Series X/S,GTA IV,8,YouTube,10,Deeper character customization,8,4,Yes,82.0,17,Yes,Yes,No,Increased,Very Positive
R103728,41,Male,North America,Xbox Series X/S,GTA V,9,Gaming news sites,14,Improved police/AI systems,9,5,Maybe,87.0,26,Yes,No,Yes,Decreased,Very Positive
R103729,24,Male,North America,PlayStation 5,GTA San Andreas,6,Official Rockstar trailer,6,Story & narrative depth,7,4,Yes,93.0,3,Yes,No,Yes,Increased,Positive
R103730,27,Female,Asia-Pacific,Xbox Series X/S,GTA IV,4,Gaming news sites,7,Better driving physics,7,5,Yes,66.0,10,Yes,Yes,No,Increased,Positive
R103731,18,Male,Latin America,PlayStation 5,Red Dead Redemption 2,4,Gaming news sites,7,Deeper character customization,8,3,Yes,57.0,16,No,Yes,Yes,Increased,Very Positive
R103732,43,Non-binary,Asia-Pacific,PlayStation 5,GTA V,1,Official Rockstar trailer,14,Dual protagonists (Jason & Lucia),10,5,No,72.0,9,Yes,No,Yes,Increased,Very Positive
R103733,17,Male,North America,PlayStation 5,GTA San Andreas,8,TikTok,9,Dual protagonists (Jason & Lucia),7,4,Maybe,86.0,9,Yes,No,Yes,Decreased,Positive
R103734,20,Male,Europe,PC,GTA V,0,YouTube,10,Improved police/AI systems,6,5,Yes,70.0,22,Yes,No,Yes,Decreased,Positive
R103735,17,Male,North America,PC,GTA V,7,Official Rockstar trailer,12,Online/multiplayer mode,7,5,Maybe,55.0,10,No,No,Yes,Increased,Positive
R103736,18,Male,Africa,PlayStation 5,GTA V,4,Twitch,10,Open-world Vice City map,6,4,No,98.0,23,Yes,No,No,Same,Positive
R103737,24,Male,Latin America,Xbox Series X/S,GTA IV,9,Gaming news sites,7,Online/multiplayer mode,7,3,No,61.0,7,No,Yes,No,Increased,Positive
R103738,13,Female,Europe,PlayStation 5 Pro,GTA San Andreas,8,Twitch,11,Story & narrative depth,8,3,Yes,83.0,10,Yes,No,Yes,Increased,Very Positive
R103739,19,Female,Europe,PC,GTA San Andreas,6,X/Twitter,8,Story & narrative depth,8,2,Yes,85.0,15,Yes,No,No,Increased,Very Positive
R103740,25,Male,Europe,PlayStation 5 Pro,GTA San Andreas,7,Official Rockstar trailer,6,Online/multiplayer mode,6,5,Maybe,57.0,31,Yes,No,No,Decreased,Positive
R103741,31,Male,Asia-Pacific,PlayStation 5,Red Dead Redemption 2,7,TikTok,13,Deeper character customization,10,5,Yes,83.0,40,No,No,No,Decreased,Very Positive
R103742,14,Male,Asia-Pacific,PlayStation 5,GTA V,4,TikTok,8,Dual protagonists (Jason & Lucia),7,5,Yes,86.0,9,Yes,Yes,Yes,Increased,Positive
R103743,14,Male,North America,PC,GTA V,6,YouTube,9,Online/multiplayer mode,10,4,Yes,94.0,21,Yes,Yes,Yes,Increased,Very Positive
R103744,18,Male,Europe,PC,GTA V,2,YouTube,7,Improved police/AI systems,6,4,No,58.0,16,Yes,No,Yes,Same,Positive
R103745,34,Male,North America,PC,GTA V,10,Reddit,9,Open-world Vice City map,10,4,Yes,97.0,58,Yes,No,No,Same,Very Positive
R103746,21,Male,North America,PlayStation 5,GTA V,3,Friends,12,Improved police/AI systems,8,4,Yes,68.0,19,No,No,Yes,Same,Very Positive
R103747,21,Female,Middle East,PlayStation 5 Pro,GTA Vice City,10,Reddit,7,Dual protagonists (Jason & Lucia),6,2,Maybe,58.0,34,Yes,Yes,Yes,Increased,Positive
R103748,13,Male,North America,PlayStation 5,GTA V,7,Official Rockstar trailer,12,Dual protagonists (Jason & Lucia),7,4,No,76.0,34,No,No,No,Same,Positive
R103749,33,Male,Asia-Pacific,Xbox Series X/S,GTA V,6,YouTube,7,Dual protagonists (Jason & Lucia),7,3,Yes,61.0,8,Yes,Yes,Yes,Same,Positive
R103750,35,,Europe,PlayStation 5,GTA San Andreas,13,Official Rockstar trailer,18,Realistic economy & businesses,10,3,Yes,82.0,6,No,No,Yes,Increased,Very Positive
R103751,24,Male,Asia-Pacific,Xbox Series X/S,GTA IV,7,YouTube,9,Realistic economy & businesses,7,5,Yes,54.0,23,No,No,Yes,Same,Positive
R103752,25,Male,Middle East,PlayStation 5 Pro,GTA IV,4,Official Rockstar trailer,7,Online/multiplayer mode,7,4,Maybe,63.0,20,No,No,Yes,Increased,Positive
R103753,32,Male,Asia-Pacific,PC,GTA V,9,X/Twitter,7,Story & narrative depth,9,2,Yes,63.0,32,Yes,No,No,Increased,Very Positive
R103754,17,,Europe,Undecided,GTA V,8,Official Rockstar trailer,11,Map size & exploration,10,4,Yes,109.0,24,No,No,No,Increased,Very Positive
R103755,35,Male,North America,PlayStation 5,GTA San Andreas,8,Friends,3,Open-world Vice City map,5,3,No,39.0,5,Yes,No,No,Increased,Positive
R103756,18,Male,North America,PC,GTA V,4,Twitch,9,Online/multiplayer mode,9,4,Yes,47.0,17,No,Yes,Yes,Decreased,Very Positive
R103757,22,Male,Europe,PlayStation 5,GTA V,3,YouTube,11,Open-world Vice City map,9,3,Yes,71.0,0,No,Yes,Yes,Increased,Very Positive
R103758,36,Female,Europe,PlayStation 5 Pro,Red Dead Redemption 2,9,Official Rockstar trailer,5,Realistic economy & businesses,6,3,Yes,64.0,32,Yes,No,Yes,Increased,Positive
R103759,33,Male,Europe,PlayStation 5,GTA San Andreas,5,YouTube,9,Story & narrative depth,7,3,Maybe,56.0,17,Yes,No,Yes,Increased,Positive
R103760,31,Male,Asia-Pacific,PC,GTA San Andreas,6,Twitch,8,Realistic economy & businesses,7,5,No,80.0,19,Yes,No,Yes,Increased,Positive
R103761,16,Male,North America,PlayStation 5,Red Dead Redemption 2,8,YouTube,10,Graphics & ray tracing,6,3,Maybe,88.0,9,Yes,No,No,Decreased,Positive
R103762,29,Female,Asia-Pacific,Xbox Series X/S,GTA San Andreas,3,Official Rockstar trailer,4,Improved police/AI systems,7,2,Maybe,75.0,16,Yes,No,Yes,Increased,Positive
R103763,26,Male,Latin America,PC,GTA San Andreas,7,X/Twitter,2,Dual protagonists (Jason & Lucia),3,3,Maybe,25.0,8,Yes,No,No,Increased,Neutral/Cautious
R103764,13,Male,Latin America,PC,GTA San Andreas,2,X/Twitter,11,Open-world Vice City map,9,2,Yes,78.0,3,No,No,Yes,Increased,Very Positive
R103765,16,Female,North America,Xbox Series X/S,GTA V,13,TikTok,8,Online/multiplayer mode,7,2,No,75.0,17,No,Yes,Yes,Decreased,Positive
R103766,17,Male,North America,Xbox Series X/S,GTA Vice City,7,Official Rockstar trailer,11,Story & narrative depth,9,3,Yes,85.0,14,Yes,No,Yes,Same,Very Positive
R103767,17,Female,Asia-Pacific,PlayStation 5 Pro,GTA San Andreas,10,Official Rockstar trailer,10,Online/multiplayer mode,8,3,Yes,68.0,9,No,No,Yes,Same,Very Positive
R103768,15,Male,Asia-Pacific,PC,GTA V,7,Gaming news sites,13,Open-world Vice City map,8,5,Yes,80.0,21,Yes,No,Yes,Decreased,Very Positive
R103769,23,Male,Europe,Xbox Series X/S,GTA V,6,Reddit,7,Map size & exploration,6,3,No,66.0,10,Yes,Yes,No,Decreased,Positive
R103770,37,Male,Europe,Undecided,GTA V,6,Twitch,10,Graphics & ray tracing,9,4,Yes,78.0,9,No,No,Yes,Same,Very Positive
R103771,25,Male,Asia-Pacific,Xbox Series X/S,Red Dead Redemption 2,4,Official Rockstar trailer,9,Graphics & ray tracing,10,4,Yes,103.0,25,Yes,No,No,Increased,Very Positive
R103772,33,Female,Africa,PlayStation 5,GTA V,6,Reddit,14,Open-world Vice City map,8,5,Yes,74.0,12,No,Yes,Yes,Increased,Very Positive
R103773,17,Male,Europe,PlayStation 5,GTA San Andreas,10,Official Rockstar trailer,8,Deeper character customization,6,4,Yes,72.0,25,Yes,Yes,Yes,Same,Positive
R103774,26,Prefer not to say,Europe,Xbox Series X/S,GTA IV,8,YouTube,11,Open-world Vice City map,9,4,Yes,71.0,9,Yes,No,Yes,Increased,Very Positive
R103775,24,Male,Europe,Xbox Series X/S,Red Dead Redemption 2,2,YouTube,6,Online/multiplayer mode,7,1,Yes,71.0,9,Yes,No,No,Increased,Positive
R103776,34,Male,Latin America,PlayStation 5,GTA III,5,Official Rockstar trailer,11,Realistic economy & businesses,8,5,No,44.0,22,No,Yes,Yes,Increased,Very Positive
R103777,27,Male,Europe,PlayStation 5,GTA Vice City,11,TikTok,15,Online/multiplayer mode,9,2,Yes,73.0,11,Yes,No,No,Increased,Very Positive
R103778,27,Male,Europe,PlayStation 5,GTA San Andreas,7,Official Rockstar trailer,9,Online/multiplayer mode,8,3,Maybe,66.0,28,No,Yes,Yes,Increased,Very Positive
R103779,21,Male,Europe,Xbox Series X/S,GTA V,2,YouTube,9,Dual protagonists (Jason & Lucia),10,4,Yes,83.0,18,Yes,No,No,Increased,Very Positive
R103780,34,Female,Europe,PlayStation 5 Pro,GTA San Andreas,0,YouTube,10,Open-world Vice City map,9,3,Yes,91.0,10,Yes,No,Yes,Decreased,Very Positive
R103781,24,Male,Latin America,PC,GTA IV,7,Official Rockstar trailer,13,Story & narrative depth,9,4,Yes,90.0,6,Yes,No,No,Increased,Very Positive
R103782,15,Prefer not to say,Europe,PC,GTA Vice City,5,YouTube,8,Graphics & ray tracing,9,4,Yes,96.0,13,No,No,No,Increased,Very Positive
R103783,16,Male,Middle East,Xbox Series X/S,GTA San Andreas,0,Gaming news sites,5,Open-world Vice City map,6,5,Maybe,60.0,3,No,Yes,No,Increased,Positive
R103784,21,Male,Asia-Pacific,Xbox Series X/S,Red Dead Redemption 2,3,Twitch,6,Map size & exploration,7,4,Maybe,60.0,15,Yes,Yes,Yes,Increased,Positive
R103785,44,Male,North America,Xbox Series X/S,GTA V,9,YouTube,8,Open-world Vice City map,6,5,No,86.0,8,Yes,No,Yes,Decreased,Positive
R103786,19,Male,North America,PC,GTA V,1,Twitch,7,Improved police/AI systems,8,3,Yes,60.0,16,No,No,Yes,Increased,Very Positive
R103787,20,Non-binary,Europe,PlayStation 5,GTA V,5,Official Rockstar trailer,10,Story & narrative depth,9,4,Yes,85.0,18,No,No,Yes,Decreased,Very Positive
R103788,22,Prefer not to say,Europe,PC,GTA IV,5,YouTube,6,Realistic economy & businesses,5,4,Yes,63.0,7,Yes,No,Yes,Decreased,Positive
R103789,20,Male,North America,PlayStation 5,GTA IV,1,Reddit,7,Open-world Vice City map,7,3,Yes,73.0,41,No,No,No,Increased,Positive
R103790,23,Male,Middle East,Xbox Series X/S,GTA V,5,Official Rockstar trailer,7,Dual protagonists (Jason & Lucia),7,2,Maybe,53.0,22,Yes,Yes,Yes,Decreased,Positive
R103791,21,Male,North America,PlayStation 5 Pro,GTA V,3,Official Rockstar trailer,13,Open-world Vice City map,9,5,Yes,59.0,12,No,Yes,No,Increased,Very Positive
R103792,13,Male,Asia-Pacific,PC,Red Dead Redemption 2,3,YouTube,11,Online/multiplayer mode,9,3,Yes,99.0,1,Yes,No,Yes,Same,Very Positive
R103793,17,Female,Europe,Xbox Series X/S,GTA V,8,TikTok,11,Deeper character customization,6,3,Yes,47.0,12,Yes,Yes,Yes,Increased,Positive
R103794,13,Male,Asia-Pacific,PC,GTA V,7,Twitch,7,Improved police/AI systems,8,3,Yes,78.0,13,No,No,Yes,Decreased,Very Positive
R103795,24,Male,Europe,PlayStation 5,GTA San Andreas,9,Official Rockstar trailer,6,Map size & exploration,7,4,Yes,59.0,2,No,Yes,Yes,Increased,Positive
R103796,36,Non-binary,Asia-Pacific,PlayStation 5 Pro,Red Dead Redemption 2,7,Reddit,8,Dual protagonists (Jason & Lucia),9,2,Yes,69.0,14,Yes,No,No,Increased,Very Positive
R103797,17,Male,North America,Xbox Series X/S,GTA San Andreas,3,Official Rockstar trailer,11,Map size & exploration,9,3,Yes,72.0,14,Yes,No,Yes,Increased,Very Positive
R103798,13,Female,Africa,Xbox Series X/S,Red Dead Redemption 2,3,YouTube,7,Graphics & ray tracing,4,3,No,65.0,7,No,No,Yes,Increased,Neutral/Cautious
R103799,25,Non-binary,Europe,PlayStation 5,GTA IV,8,YouTube,12,Improved police/AI systems,10,3,Yes,103.0,13,Yes,No,Yes,Increased,Very Positive
R103800,38,Male,Africa,PlayStation 5,GTA V,1,Reddit,8,Open-world Vice City map,8,4,Yes,99.0,33,Yes,No,Yes,Increased,Very Positive
R103801,29,Male,Latin America,Xbox Series X/S,GTA Vice City,6,Reddit,9,Improved police/AI systems,7,4,No,64.0,15,No,Yes,No,Same,Positive
R103802,34,Male,Asia-Pacific,PlayStation 5,GTA San Andreas,5,Official Rockstar trailer,7,Dual protagonists (Jason & Lucia),6,3,Maybe,72.0,11,Yes,No,Yes,Increased,Positive
R103803,21,Female,Asia-Pacific,PC,Never played GTA,8,Reddit,9,Story & narrative depth,9,5,No,58.0,14,No,No,Yes,Same,Very Positive
R103804,25,Male,Europe,PlayStation 5,GTA IV,6,Official Rockstar trailer,7,Online/multiplayer mode,5,5,Yes,48.0,5,Yes,Yes,Yes,Same,Positive
R103805,20,Female,North America,PlayStation 5,GTA IV,6,Reddit,4,Dual protagonists (Jason & Lucia),7,2,Yes,63.0,6,Yes,Yes,Yes,Increased,Positive
R103806,33,Male,North America,Undecided,GTA San Andreas,11,Twitch,9,Online/multiplayer mode,7,4,Yes,66.0,43,Yes,No,Yes,Decreased,Positive
R103807,39,Male,North America,Xbox Series X/S,GTA San Andreas,7,TikTok,8,Realistic economy & businesses,7,5,Maybe,86.0,13,Yes,No,Yes,Increased,Positive
R103808,23,Female,Asia-Pacific,PlayStation 5,GTA Vice City,5,Friends,10,Realistic economy & businesses,7,2,Maybe,44.0,21,No,Yes,No,Same,Positive
R103809,13,Male,Europe,Xbox Series X/S,GTA V,5,Gaming news sites,6,Online/multiplayer mode,8,3,Yes,53.0,3,No,Yes,Yes,Increased,Very Positive
R103810,19,Male,Latin America,Xbox Series X/S,Red Dead Redemption 2,5,Official Rockstar trailer,1,Online/multiplayer mode,5,4,No,41.0,13,Yes,Yes,Yes,Increased,Positive
R103811,24,Male,Asia-Pacific,PlayStation 5,GTA IV,5,Reddit,10,Realistic economy & businesses,7,3,Yes,92.0,13,Yes,No,Yes,Same,Positive
R103812,25,Non-binary,Asia-Pacific,PlayStation 5,GTA V,9,Official Rockstar trailer,12,Dual protagonists (Jason & Lucia),10,4,Yes,82.0,15,Yes,No,Yes,Increased,Very Positive
R103813,19,Female,Europe,PC,GTA Vice City,7,Reddit,14,Story & narrative depth,10,4,Yes,102.0,14,Yes,No,No,Decreased,Very Positive
R103814,34,Female,North America,PC,GTA San Andreas,10,X/Twitter,8,Story & narrative depth,7,4,No,62.0,34,Yes,No,Yes,Increased,Positive
R103815,34,Male,Europe,Undecided,GTA San Andreas,9,Twitch,4,Online/multiplayer mode,5,5,No,60.0,8,No,Yes,No,Increased,Positive
R103816,33,Male,Asia-Pacific,PC,GTA V,5,YouTube,17,Dual protagonists (Jason & Lucia),10,4,Yes,110.0,14,Yes,No,Yes,Decreased,Very Positive
R103817,33,Male,Africa,Xbox Series X/S,GTA V,7,YouTube,8,Realistic economy & businesses,7,5,No,68.0,5,No,No,Yes,Increased,Positive
R103818,20,Male,Middle East,PlayStation 5,GTA V,2,Friends,9,Improved police/AI systems,10,3,Yes,74.0,11,Yes,Yes,Yes,Increased,Very Positive
R103819,33,Male,Europe,PlayStation 5,Red Dead Redemption 2,2,X/Twitter,12,Better driving physics,9,5,Maybe,100.0,10,No,No,No,Increased,Very Positive
R103820,17,Male,Europe,PlayStation 5 Pro,GTA V,8,YouTube,8,Improved police/AI systems,7,3,Yes,72.0,9,Yes,Yes,Yes,Increased,Positive
R103821,31,Male,Latin America,PlayStation 5,GTA San Andreas,1,YouTube,16,Realistic economy & businesses,7,3,Yes,69.0,22,Yes,No,Yes,Increased,Positive
R103822,44,Male,Asia-Pacific,Undecided,GTA V,9,YouTube,15,Realistic economy & businesses,9,5,Maybe,97.0,9,Yes,No,No,Increased,Very Positive
R103823,27,Male,North America,PlayStation 5,GTA San Andreas,4,Gaming news sites,10,Deeper character customization,10,4,Yes,91.0,28,Yes,No,No,Increased,Very Positive
R103824,13,Male,Latin America,PlayStation 5,GTA San Andreas,5,YouTube,8,Better driving physics,8,4,Yes,58.0,28,Yes,Yes,Yes,Increased,Very Positive
R103825,13,Female,Asia-Pacific,PlayStation 5 Pro,GTA V,3,YouTube,10,Story & narrative depth,10,4,Yes,73.0,20,No,No,No,Increased,Very Positive
R103826,29,Male,Europe,PC,GTA V,7,Twitch,12,Better driving physics,10,5,No,96.0,14,Yes,Yes,No,Increased,Very Positive
R103827,38,Male,Latin America,Xbox Series X/S,GTA San Andreas,2,Friends,8,Deeper character customization,6,3,Maybe,67.0,11,No,Yes,No,Decreased,Positive
R103828,45,Prefer not to say,Asia-Pacific,Xbox Series X/S,Red Dead Redemption 2,11,Gaming news sites,10,Realistic economy & businesses,8,3,Yes,77.0,23,Yes,No,No,Same,Very Positive
R103829,26,Male,Asia-Pacific,PC,GTA San Andreas,0,Reddit,4,Better driving physics,6,5,Yes,68.0,1,No,No,No,Same,Positive
R103830,42,Male,Asia-Pacific,PC,GTA V,6,Reddit,9,Open-world Vice City map,8,4,Yes,76.0,6,Yes,Yes,No,Increased,Very Positive
R103831,35,Male,Africa,PC,GTA IV,7,TikTok,15,Improved police/AI systems,8,3,Yes,52.0,18,Yes,No,Yes,Same,Very Positive
R103832,24,Male,Latin America,Xbox Series X/S,Never played GTA,3,X/Twitter,6,Better driving physics,7,4,Yes,60.0,20,Yes,Yes,Yes,Same,Positive
R103833,35,Female,Europe,Undecided,GTA IV,3,Gaming news sites,12,Story & narrative depth,9,4,Yes,98.0,10,Yes,No,Yes,Increased,Very Positive
R103834,19,Female,North America,PlayStation 5,GTA San Andreas,11,TikTok,11,Open-world Vice City map,9,3,No,80.0,15,Yes,No,Yes,Same,Very Positive
R103835,22,Female,North America,Xbox Series X/S,GTA IV,4,Gaming news sites,11,Improved police/AI systems,8,3,Yes,89.0,22,Yes,Yes,Yes,Increased,Very Positive
R103836,22,Female,Middle East,PC,Red Dead Redemption 2,11,YouTube,5,Dual protagonists (Jason & Lucia),5,4,Maybe,67.0,9,Yes,No,Yes,Same,Positive
R103837,23,Male,Latin America,Xbox Series X/S,Red Dead Redemption 2,1,Gaming news sites,5,Improved police/AI systems,7,4,No,78.0,18,No,No,Yes,Same,Positive
R103838,18,Male,Asia-Pacific,PlayStation 5,GTA V,8,TikTok,8,Realistic economy & businesses,8,5,Yes,64.0,29,Yes,No,No,Increased,Very Positive
R103839,13,Male,North America,PlayStation 5,GTA V,9,YouTube,7,Open-world Vice City map,8,4,No,53.0,4,Yes,Yes,Yes,Same,Very Positive
R103840,19,Male,Asia-Pacific,PlayStation 5,GTA IV,3,YouTube,10,Dual protagonists (Jason & Lucia),10,2,Yes,78.0,27,Yes,No,Yes,Same,Very Positive
R103841,35,Male,Europe,PlayStation 5,GTA IV,9,Official Rockstar trailer,8,Improved police/AI systems,5,4,Maybe,37.0,19,No,No,Yes,Same,Positive
R103842,21,Female,North America,Xbox Series X/S,GTA San Andreas,6,YouTube,8,Map size & exploration,6,5,Yes,58.0,7,No,No,Yes,Same,Positive
R103843,24,Female,Europe,PlayStation 5,GTA V,7,Official Rockstar trailer,7,Online/multiplayer mode,6,5,No,71.0,12,No,No,Yes,Decreased,Positive
R103844,18,Male,Asia-Pacific,Xbox Series X/S,GTA IV,8,Reddit,4,Open-world Vice City map,6,4,Yes,78.0,29,No,Yes,No,Same,Positive
R103845,13,Male,Latin America,PlayStation 5,GTA Vice City,12,Gaming news sites,13,Realistic economy & businesses,9,3,Yes,77.0,12,No,No,Yes,Same,Very Positive
R103846,37,Male,North America,Xbox Series X/S,GTA IV,4,YouTube,8,Story & narrative depth,8,3,Maybe,75.0,25,Yes,Yes,Yes,Increased,Very Positive
R103847,39,Male,Latin America,Xbox Series X/S,GTA San Andreas,2,Friends,1,Open-world Vice City map,5,5,Maybe,58.0,3,Yes,No,No,Decreased,Positive
R103848,23,Female,Europe,PlayStation 5,GTA V,2,YouTube,10,Better driving physics,6,2,No,66.0,12,No,Yes,No,Same,Positive
R103849,35,Male,Middle East,Xbox Series X/S,GTA San Andreas,2,YouTube,8,Open-world Vice City map,8,4,Yes,76.0,22,Yes,Yes,No,Increased,Very Positive
R103850,31,Male,Asia-Pacific,PC,GTA V,7,YouTube,7,Realistic economy & businesses,8,4,No,59.0,9,No,Yes,No,Increased,Very Positive
R103851,23,Male,Europe,Xbox Series X/S,GTA V,9,Gaming news sites,9,Dual protagonists (Jason & Lucia),6,4,No,67.0,20,Yes,No,Yes,Decreased,Positive
R103852,34,Male,Asia-Pacific,Xbox Series X/S,GTA V,8,Official Rockstar trailer,8,Improved police/AI systems,8,4,No,66.0,22,Yes,Yes,No,Increased,Very Positive
R103853,28,Male,Asia-Pacific,PC,GTA III,9,Gaming news sites,8,Improved police/AI systems,8,4,Yes,82.0,25,No,No,Yes,Increased,Very Positive
R103854,13,Male,Europe,Xbox Series X/S,GTA V,7,YouTube,8,Realistic economy & businesses,7,3,No,73.0,5,Yes,Yes,Yes,Same,Positive
R103855,30,Female,North America,PC,GTA Vice City,9,Official Rockstar trailer,4,Realistic economy & businesses,6,3,Maybe,37.0,46,Yes,No,Yes,Increased,Positive
R103856,38,Male,Asia-Pacific,PlayStation 5,GTA V,6,Official Rockstar trailer,9,Story & narrative depth,5,3,No,71.0,12,No,No,Yes,Decreased,Positive
R103857,23,Male,Europe,PC,GTA IV,8,TikTok,10,Open-world Vice City map,7,3,Yes,57.0,12,Yes,Yes,No,Same,Positive
R103858,24,Male,Latin America,PlayStation 5,GTA IV,9,Official Rockstar trailer,7,Open-world Vice City map,9,2,Yes,78.0,11,Yes,No,Yes,Same,Very Positive
R103859,26,Male,North America,Xbox Series X/S,GTA Vice City,7,Official Rockstar trailer,8,Deeper character customization,6,3,No,77.0,56,Yes,No,Yes,Same,Positive
R103860,21,Male,North America,Xbox Series X/S,Red Dead Redemption 2,6,YouTube,11,Improved police/AI systems,8,4,Yes,77.0,38,Yes,No,No,Same,Very Positive
R103861,22,Male,North America,PC,GTA San Andreas,6,Gaming news sites,10,Open-world Vice City map,8,2,Yes,71.0,8,No,No,No,Same,Very Positive
R103862,29,Male,North America,PlayStation 5,GTA V,10,YouTube,7,Graphics & ray tracing,9,3,Yes,70.0,32,No,No,Yes,Increased,Very Positive
R103863,35,Male,Asia-Pacific,PlayStation 5,GTA Vice City,2,Official Rockstar trailer,11,Story & narrative depth,8,3,Yes,60.0,7,Yes,No,No,Increased,Very Positive
R103864,27,Male,Europe,PlayStation 5 Pro,GTA V,7,YouTube,7,Realistic economy & businesses,9,5,Yes,73.0,3,No,No,No,Decreased,Very Positive
R103865,28,Male,Europe,PlayStation 5,GTA V,3,Official Rockstar trailer,13,Realistic economy & businesses,10,4,Yes,80.0,41,Yes,Yes,Yes,Increased,Very Positive
R103866,27,Female,North America,PlayStation 5,GTA San Andreas,1,TikTok,15,Improved police/AI systems,10,4,Yes,73.0,15,Yes,No,No,Same,Very Positive
R103867,46,Male,North America,PlayStation 5 Pro,GTA Vice City,4,X/Twitter,4,Online/multiplayer mode,3,3,Maybe,46.0,11,No,Yes,Yes,Increased,Neutral/Cautious
R103868,20,Male,Europe,Xbox Series X/S,GTA IV,12,TikTok,7,Dual protagonists (Jason & Lucia),8,2,Yes,61.0,13,Yes,No,Yes,Increased,Very Positive
R103869,29,Male,Middle East,Xbox Series X/S,GTA V,8,Reddit,9,Story & narrative depth,6,4,No,62.0,3,Yes,Yes,Yes,Same,Positive
R103870,15,Male,Europe,PC,GTA Vice City,11,Twitch,9,Realistic economy & businesses,10,4,Yes,90.0,11,Yes,No,Yes,Increased,Very Positive
R103871,25,Female,Asia-Pacific,PlayStation 5,GTA V,8,Friends,4,Realistic economy & businesses,5,2,No,44.0,11,Yes,No,Yes,Increased,Positive
R103872,34,Male,North America,PlayStation 5 Pro,GTA V,9,YouTube,13,Dual protagonists (Jason & Lucia),4,4,Maybe,59.0,7,Yes,Yes,No,Same,Neutral/Cautious
R103873,40,Male,North America,PlayStation 5,Red Dead Redemption 2,6,Reddit,14,Story & narrative depth,10,3,Yes,90.0,21,No,No,No,Same,Very Positive
R103874,34,Male,Asia-Pacific,PlayStation 5,Red Dead Redemption 2,4,Official Rockstar trailer,12,Open-world Vice City map,7,4,No,55.0,14,No,No,Yes,Same,Positive
R103875,33,Male,Europe,PC,Red Dead Redemption 2,5,X/Twitter,6,Graphics & ray tracing,7,4,No,77.0,11,Yes,Yes,No,Decreased,Positive
R103876,14,Male,North America,PC,GTA San Andreas,13,X/Twitter,5,Online/multiplayer mode,7,5,Yes,62.0,8,Yes,No,No,Increased,Positive
R103877,16,Male,Asia-Pacific,Xbox Series X/S,GTA V,6,Friends,3,Open-world Vice City map,6,3,Maybe,38.0,11,Yes,Yes,Yes,Same,Positive
R103878,29,Male,Latin America,Xbox Series X/S,GTA San Andreas,0,TikTok,9,Open-world Vice City map,10,2,Yes,89.0,16,No,No,Yes,Same,Very Positive
R103879,20,Male,North America,PlayStation 5,GTA V,5,TikTok,9,Realistic economy & businesses,7,5,No,78.0,12,Yes,No,Yes,Increased,Positive
R103880,31,Male,Asia-Pacific,PlayStation 5,GTA San Andreas,5,Reddit,7,Better driving physics,9,4,No,75.0,8,Yes,No,Yes,Increased,Very Positive
R103881,14,Male,Asia-Pacific,PlayStation 5,Red Dead Redemption 2,10,Official Rockstar trailer,8,Dual protagonists (Jason & Lucia),7,4,Yes,65.0,13,Yes,Yes,Yes,Increased,Positive
R103882,27,Female,Europe,PlayStation 5,GTA V,10,Official Rockstar trailer,6,Realistic economy & businesses,5,5,Maybe,56.0,12,No,No,No,Increased,Positive
R103883,33,Male,North America,PlayStation 5,GTA IV,5,YouTube,14,Dual protagonists (Jason & Lucia),9,4,Yes,59.0,24,Yes,Yes,No,Same,Very Positive
R103884,19,,Latin America,Xbox Series X/S,GTA Vice City,0,YouTube,7,Dual protagonists (Jason & Lucia),6,3,Yes,64.0,7,Yes,Yes,Yes,Same,Positive
R103885,17,Prefer not to say,Middle East,PlayStation 5,GTA San Andreas,1,TikTok,8,Open-world Vice City map,5,4,No,56.0,18,Yes,Yes,No,Increased,Positive
R103886,30,Male,Middle East,PC,GTA V,9,YouTube,9,Open-world Vice City map,10,4,Yes,99.0,8,No,Yes,Yes,Same,Very Positive
R103887,28,Male,Europe,PC,GTA V,5,YouTube,10,Online/multiplayer mode,10,5,Yes,84.0,11,Yes,No,Yes,Same,Very Positive
R103888,22,Non-binary,North America,Xbox Series X/S,GTA V,9,Reddit,6,Dual protagonists (Jason & Lucia),8,3,No,68.0,13,No,Yes,Yes,Increased,Very Positive
R103889,25,Female,Latin America,PlayStation 5,GTA V,12,Reddit,5,Dual protagonists (Jason & Lucia),10,3,Yes,79.0,2,Yes,No,No,Increased,Very Positive
R103890,28,Male,Europe,Xbox Series X/S,GTA V,8,YouTube,10,Realistic economy & businesses,10,5,Yes,78.0,18,No,No,Yes,Same,Very Positive
R103891,24,Male,Asia-Pacific,Undecided,GTA Vice City,7,Reddit,4,Graphics & ray tracing,5,4,Yes,73.0,13,Yes,No,No,Same,Positive
R103892,27,Prefer not to say,Latin America,PlayStation 5,GTA San Andreas,13,X/Twitter,12,Dual protagonists (Jason & Lucia),10,4,Yes,120.0,18,No,Yes,Yes,Increased,Very Positive
R103893,28,Male,North America,PlayStation 5,GTA V,7,X/Twitter,11,Realistic economy & businesses,10,4,Yes,103.0,16,Yes,No,Yes,Same,Very Positive
R103894,32,Male,Europe,PC,GTA Vice City,8,Official Rockstar trailer,9,Map size & exploration,4,3,Yes,43.0,10,Yes,No,Yes,Same,Neutral/Cautious
R103895,13,Male,Asia-Pacific,PC,Red Dead Redemption 2,8,X/Twitter,8,Dual protagonists (Jason & Lucia),6,2,Yes,71.0,6,Yes,No,No,Increased,Positive
R103896,30,Male,Europe,PC,Red Dead Redemption 2,10,Twitch,7,Map size & exploration,9,2,Yes,79.0,6,No,No,Yes,Same,Very Positive
R103897,24,Male,Europe,PC,GTA IV,7,YouTube,12,Dual protagonists (Jason & Lucia),9,4,Maybe,81.0,5,Yes,Yes,Yes,Same,Very Positive
R103898,25,Male,Europe,PlayStation 5,Red Dead Redemption 2,0,Official Rockstar trailer,9,Online/multiplayer mode,7,4,Yes,57.0,24,Yes,Yes,No,Decreased,Positive
R103899,19,Male,North America,PlayStation 5,GTA San Andreas,10,Friends,6,Improved police/AI systems,8,2,No,71.0,5,Yes,Yes,No,Same,Very Positive
R103900,36,Male,Asia-Pacific,PC,GTA IV,5,YouTube,13,Story & narrative depth,10,5,Yes,80.0,20,No,No,Yes,Same,Very Positive
R103901,29,Female,North America,PC,Red Dead Redemption 2,6,YouTube,15,Graphics & ray tracing,10,4,Yes,76.0,32,Yes,Yes,Yes,Same,Very Positive
R103902,22,Non-binary,Asia-Pacific,Xbox Series X/S,GTA IV,0,X/Twitter,10,Deeper character customization,9,4,Yes,83.0,14,Yes,No,Yes,Increased,Very Positive
R103903,25,Male,Africa,PlayStation 5,GTA IV,10,TikTok,8,Dual protagonists (Jason & Lucia),8,4,Maybe,83.0,12,Yes,No,No,Increased,Very Positive
R103904,30,Male,Europe,Xbox Series X/S,GTA V,1,Official Rockstar trailer,6,Deeper character customization,4,2,Yes,49.0,8,Yes,Yes,Yes,Decreased,Neutral/Cautious
R103905,36,Non-binary,North America,PC,GTA V,4,Official Rockstar trailer,14,Dual protagonists (Jason & Lucia),10,5,Yes,96.0,101,Yes,Yes,Yes,Same,Very Positive
R103906,29,Male,Europe,PlayStation 5 Pro,GTA V,12,X/Twitter,8,Open-world Vice City map,10,4,Yes,88.0,14,Yes,No,No,Same,Very Positive
R103907,41,Male,North America,PC,GTA V,7,YouTube,8,Dual protagonists (Jason & Lucia),8,2,Maybe,84.0,9,No,No,No,Increased,Very Positive
R103908,24,Male,Latin America,Xbox Series X/S,GTA San Andreas,3,Official Rockstar trailer,7,Map size & exploration,7,4,Maybe,89.0,25,Yes,No,Yes,Same,Positive
R103909,27,Female,North America,PlayStation 5,GTA V,1,Official Rockstar trailer,9,Dual protagonists (Jason & Lucia),8,4,Maybe,52.0,20,No,Yes,Yes,Same,Very Positive
R103910,15,Male,North America,Undecided,GTA San Andreas,13,Reddit,12,Dual protagonists (Jason & Lucia),9,4,Yes,74.0,2,Yes,No,Yes,Increased,Very Positive
R103911,17,Male,North America,PC,GTA V,7,Friends,12,Story & narrative depth,10,3,Yes,94.0,17,Yes,No,No,Increased,Very Positive
R103912,24,Male,Asia-Pacific,PlayStation 5,GTA Vice City,8,YouTube,11,Realistic economy & businesses,7,5,Yes,49.0,8,Yes,No,Yes,Increased,Positive
R103913,16,Male,Europe,Xbox Series X/S,GTA V,7,Official Rockstar trailer,11,Online/multiplayer mode,9,5,Maybe,77.0,30,Yes,No,Yes,Increased,Very Positive
R103914,42,Male,Asia-Pacific,PlayStation 5,GTA Vice City,7,Reddit,7,Improved police/AI systems,7,3,Maybe,81.0,6,No,No,Yes,Same,Positive
R103915,20,Male,North America,PlayStation 5 Pro,GTA V,11,YouTube,9,Graphics & ray tracing,8,3,Yes,66.0,30,No,No,Yes,Increased,Very Positive
R103916,33,Male,Latin America,Xbox Series X/S,GTA Vice City,6,Official Rockstar trailer,3,Map size & exploration,7,4,Yes,60.0,18,Yes,Yes,No,Decreased,Positive
R103917,26,Male,Europe,PlayStation 5,GTA San Andreas,9,Official Rockstar trailer,10,Graphics & ray tracing,5,3,Maybe,69.0,5,Yes,Yes,Yes,Increased,Positive
R103918,17,Female,Asia-Pacific,PlayStation 5,GTA San Andreas,4,YouTube,13,Improved police/AI systems,10,4,Yes,79.0,24,Yes,No,No,Increased,Very Positive
R103919,15,Male,North America,PC,GTA V,6,Official Rockstar trailer,1,Open-world Vice City map,5,4,Maybe,58.0,17,Yes,Yes,No,Same,Positive
R103920,31,Male,North America,Xbox Series X/S,Never played GTA,12,Official Rockstar trailer,3,Graphics & ray tracing,5,4,No,78.0,9,Yes,Yes,Yes,Increased,Positive
R103921,34,Male,Europe,PlayStation 5 Pro,GTA San Andreas,6,YouTube,8,Online/multiplayer mode,9,4,No,,17,No,No,Yes,Increased,Very Positive
R103922,21,Male,Asia-Pacific,PC,GTA V,6,YouTube,9,Online/multiplayer mode,9,5,No,71.0,16,Yes,No,Yes,Same,Very Positive
R103923,22,Male,Europe,PlayStation 5,GTA San Andreas,6,Official Rockstar trailer,11,Realistic economy & businesses,10,5,Yes,67.0,13,No,Yes,Yes,Same,Very Positive
R103924,22,Male,Middle East,PlayStation 5,GTA San Andreas,5,YouTube,9,Dual protagonists (Jason & Lucia),9,3,Yes,96.0,27,Yes,No,Yes,Increased,Very Positive
R103925,23,Male,Europe,PlayStation 5 Pro,GTA V,7,YouTube,8,Dual protagonists (Jason & Lucia),8,3,Yes,59.0,54,Yes,Yes,Yes,Same,Very Positive
R103926,34,Male,Asia-Pacific,PlayStation 5,GTA San Andreas,7,TikTok,13,Graphics & ray tracing,10,5,Yes,81.0,1,No,No,Yes,Increased,Very Positive
R103927,15,Prefer not to say,Europe,Xbox Series X/S,GTA V,0,Official Rockstar trailer,6,Open-world Vice City map,7,4,Maybe,55.0,13,Yes,Yes,No,Same,Positive
R103928,13,Female,North America,Xbox Series X/S,GTA III,0,Official Rockstar trailer,13,Open-world Vice City map,10,2,Yes,87.0,4,Yes,No,No,Increased,Very Positive
R103929,18,Male,Latin America,PC,Red Dead Redemption 2,9,Official Rockstar trailer,10,Open-world Vice City map,8,3,Yes,72.0,28,Yes,Yes,No,Increased,Very Positive
R103930,33,Female,Latin America,Undecided,GTA V,5,Twitch,6,Deeper character customization,6,5,No,48.0,10,No,No,Yes,Increased,Positive
R103931,38,Male,North America,PlayStation 5,GTA San Andreas,11,Twitch,9,Graphics & ray tracing,6,3,Maybe,64.0,9,Yes,Yes,No,Increased,Positive
R103932,32,Female,North America,PlayStation 5 Pro,GTA San Andreas,7,Reddit,7,Open-world Vice City map,5,3,Yes,51.0,3,Yes,Yes,Yes,Increased,Positive
R103933,21,Male,North America,Xbox Series X/S,Red Dead Redemption 2,8,Reddit,10,Graphics & ray tracing,9,3,Maybe,75.0,15,No,No,Yes,Increased,Very Positive
R103934,14,Male,Latin America,Undecided,GTA V,4,TikTok,9,Realistic economy & businesses,10,5,Yes,67.0,26,Yes,Yes,Yes,Increased,Very Positive
R103935,30,Male,North America,PC,GTA San Andreas,12,YouTube,8,Dual protagonists (Jason & Lucia),7,4,Maybe,52.0,19,No,No,No,Increased,Positive
R103936,32,Male,North America,PlayStation 5,GTA V,8,YouTube,9,Online/multiplayer mode,7,4,Yes,56.0,11,Yes,No,Yes,Increased,Positive
R103937,28,Male,Africa,PlayStation 5 Pro,Never played GTA,8,YouTube,4,Improved police/AI systems,6,4,Yes,51.0,27,No,Yes,Yes,Same,Positive
R103938,25,Male,North America,PC,GTA IV,8,YouTube,10,Online/multiplayer mode,7,3,Yes,80.0,13,Yes,No,Yes,Same,Positive
R103939,24,Male,Europe,PC,GTA San Andreas,6,TikTok,7,Graphics & ray tracing,10,4,Yes,65.0,15,No,Yes,Yes,Increased,Very Positive
R103940,30,Male,North America,PlayStation 5,GTA San Andreas,6,Official Rockstar trailer,15,Dual protagonists (Jason & Lucia),10,4,Yes,89.0,29,Yes,No,Yes,Decreased,Very Positive
R103941,19,Male,Middle East,PlayStation 5,GTA IV,3,Official Rockstar trailer,8,Map size & exploration,10,2,Yes,102.0,11,Yes,No,Yes,Same,Very Positive
R103942,38,Female,Europe,PC,Red Dead Redemption 2,6,YouTube,9,Open-world Vice City map,6,3,Maybe,55.0,16,No,Yes,Yes,Same,Positive
R103943,18,Male,Latin America,Xbox Series X/S,Red Dead Redemption 2,12,TikTok,13,Dual protagonists (Jason & Lucia),8,5,Maybe,56.0,14,Yes,No,Yes,Same,Very Positive
R103944,30,Male,Middle East,PlayStation 5,GTA Vice City,8,YouTube,8,Open-world Vice City map,7,2,No,75.0,14,No,Yes,No,Increased,Positive
R103945,27,Male,Asia-Pacific,PlayStation 5,GTA San Andreas,7,Reddit,12,Dual protagonists (Jason & Lucia),8,3,Yes,96.0,12,No,Yes,No,Same,Very Positive
R103946,30,Male,Europe,Xbox Series X/S,GTA V,7,TikTok,6,Story & narrative depth,7,4,Yes,74.0,12,No,Yes,No,Increased,Positive
R103947,21,Non-binary,North America,PC,Never played GTA,11,Gaming news sites,2,Improved police/AI systems,4,4,Maybe,54.0,6,Yes,Yes,Yes,Decreased,Neutral/Cautious
R103948,24,Male,North America,Xbox Series X/S,Never played GTA,9,Official Rockstar trailer,12,Realistic economy & businesses,6,2,Yes,59.0,2,Yes,Yes,Yes,Increased,Positive
R103949,22,Male,Latin America,PlayStation 5,GTA V,7,YouTube,7,Realistic economy & businesses,9,5,No,95.0,64,Yes,No,No,Increased,Very Positive
R103950,23,Female,Asia-Pacific,Xbox Series X/S,GTA V,10,YouTube,12,Story & narrative depth,8,5,Yes,64.0,11,No,No,Yes,Increased,Very Positive
R103951,22,Male,Europe,PlayStation 5 Pro,GTA San Andreas,4,Friends,5,Dual protagonists (Jason & Lucia),5,4,Yes,48.0,12,Yes,Yes,Yes,Increased,Positive
R103952,15,Male,Europe,PlayStation 5,GTA III,5,Reddit,7,Better driving physics,10,3,No,86.0,5,No,Yes,Yes,Increased,Very Positive
R103953,34,Female,Latin America,PlayStation 5,GTA Vice City,4,Friends,3,Story & narrative depth,5,3,Yes,44.0,16,Yes,No,Yes,Increased,Positive
R103954,32,Male,North America,PC,GTA V,7,Reddit,8,Realistic economy & businesses,10,3,Yes,73.0,21,Yes,Yes,Yes,Increased,Very Positive
R103955,14,Male,Middle East,PlayStation 5,Red Dead Redemption 2,3,Reddit,6,Better driving physics,9,4,Yes,56.0,16,Yes,Yes,No,Increased,Very Positive
R103956,19,Male,Asia-Pacific,PlayStation 5,GTA Vice City,11,Official Rockstar trailer,10,Map size & exploration,10,1,Yes,65.0,8,Yes,No,Yes,Increased,Very Positive
R103957,19,Male,Europe,PlayStation 5,GTA San Andreas,4,TikTok,15,Realistic economy & businesses,9,3,Yes,70.0,17,Yes,No,No,Same,Very Positive
R103958,27,Male,Europe,PC,GTA V,10,YouTube,4,Graphics & ray tracing,7,4,Yes,55.0,16,Yes,No,Yes,Increased,Positive
R103959,40,Male,Asia-Pacific,Xbox Series X/S,GTA Vice City,2,Reddit,10,Dual protagonists (Jason & Lucia),6,4,Yes,65.0,5,No,No,No,Same,Positive
R103960,25,Female,North America,Xbox Series X/S,GTA IV,5,Gaming news sites,7,Open-world Vice City map,6,2,Maybe,67.0,40,No,No,No,Same,Positive
R103961,26,Male,North America,PlayStation 5,GTA III,6,YouTube,5,Dual protagonists (Jason & Lucia),4,4,Yes,54.0,5,No,Yes,Yes,Increased,Neutral/Cautious
R103962,28,Male,Latin America,Xbox Series X/S,GTA V,4,Official Rockstar trailer,12,Map size & exploration,9,5,Maybe,64.0,20,Yes,Yes,Yes,Same,Very Positive
R103963,45,Male,Latin America,Xbox Series X/S,GTA V,5,Gaming news sites,15,Online/multiplayer mode,10,4,Yes,80.0,21,No,Yes,Yes,Same,Very Positive
R103964,21,Male,Middle East,Xbox Series X/S,GTA III,9,YouTube,9,Open-world Vice City map,10,4,Yes,88.0,44,Yes,No,Yes,Same,Very Positive
R103965,30,Male,Asia-Pacific,PlayStation 5,GTA San Andreas,13,YouTube,7,Realistic economy & businesses,6,3,Maybe,51.0,25,No,No,Yes,Increased,Positive
R103966,25,Female,Europe,PlayStation 5,GTA San Andreas,8,YouTube,10,Map size & exploration,8,2,Yes,65.0,37,Yes,Yes,Yes,Increased,Very Positive
R103967,13,Male,North America,PC,GTA Vice City,9,Reddit,7,Realistic economy & businesses,6,4,Maybe,54.0,32,No,Yes,No,Increased,Positive
R103968,32,Male,Latin America,Xbox Series X/S,GTA Vice City,13,X/Twitter,13,Open-world Vice City map,8,4,Yes,71.0,15,No,No,Yes,Same,Very Positive
R103969,25,Female,Asia-Pacific,PC,GTA Vice City,7,YouTube,5,Online/multiplayer mode,7,5,No,71.0,19,Yes,No,No,Same,Positive
R103970,25,Male,Middle East,PlayStation 5 Pro,GTA Vice City,6,YouTube,8,Realistic economy & businesses,7,4,Maybe,75.0,23,No,No,No,Decreased,Positive
R103971,33,Female,Europe,Xbox Series X/S,GTA V,7,Gaming news sites,5,Story & narrative depth,6,4,No,99.0,5,Yes,No,Yes,Same,Positive
R103972,13,Male,North America,PlayStation 5,GTA V,9,TikTok,9,Dual protagonists (Jason & Lucia),9,3,Yes,70.0,39,Yes,Yes,Yes,Same,Very Positive
R103973,19,Male,Asia-Pacific,PlayStation 5 Pro,GTA III,1,Twitch,4,Online/multiplayer mode,5,4,Yes,65.0,23,Yes,Yes,No,Decreased,Positive
R103974,31,Male,North America,PC,GTA V,8,Reddit,8,Map size & exploration,9,5,Yes,77.0,12,Yes,No,No,Increased,Very Positive
R103975,34,Male,Latin America,PC,GTA San Andreas,6,Twitch,12,Dual protagonists (Jason & Lucia),8,4,No,89.0,23,Yes,No,No,Increased,Very Positive
R103976,30,Male,Asia-Pacific,PC,GTA V,4,YouTube,8,Graphics & ray tracing,6,3,Maybe,76.0,13,No,No,No,Increased,Positive
R103977,31,Male,Europe,PC,GTA San Andreas,5,Reddit,12,Open-world Vice City map,10,4,Yes,71.0,26,Yes,No,No,Increased,Very Positive
R103978,17,Male,Europe,PlayStation 5,GTA V,6,Reddit,11,Open-world Vice City map,7,3,Yes,76.0,15,Yes,No,Yes,Same,Positive
R103979,29,Male,Europe,PlayStation 5,GTA V,6,YouTube,16,Map size & exploration,10,3,Yes,88.0,10,Yes,No,Yes,Increased,Very Positive
R103980,25,Male,Latin America,Xbox Series X/S,GTA IV,5,YouTube,9,Graphics & ray tracing,8,4,Maybe,82.0,18,Yes,No,No,Same,Very Positive
R103981,19,Male,Europe,PlayStation 5 Pro,GTA V,10,TikTok,11,Map size & exploration,9,3,Yes,105.0,36,No,No,No,Increased,Very Positive
R103982,28,Female,Europe,PC,Red Dead Redemption 2,3,YouTube,5,Graphics & ray tracing,4,3,No,48.0,7,No,No,Yes,Increased,Neutral/Cautious
R103983,18,Prefer not to say,Asia-Pacific,Xbox Series X/S,Red Dead Redemption 2,1,Official Rockstar trailer,17,Online/multiplayer mode,9,3,Maybe,85.0,23,No,No,No,Increased,Very Positive
R103984,26,Female,Europe,PlayStation 5,Red Dead Redemption 2,6,Twitch,4,Dual protagonists (Jason & Lucia),4,3,No,36.0,17,No,No,No,Increased,Neutral/Cautious
R103985,34,Male,Latin America,PlayStation 5,Red Dead Redemption 2,8,Reddit,11,Improved police/AI systems,8,5,Yes,74.0,3,Yes,No,Yes,Increased,Very Positive
R103986,16,Male,Latin America,PlayStation 5,GTA V,6,Reddit,10,Open-world Vice City map,10,4,Yes,,8,Yes,No,Yes,Decreased,Very Positive
R103987,27,,Europe,PlayStation 5 Pro,GTA San Andreas,2,Official Rockstar trailer,7,Better driving physics,7,4,No,56.0,24,Yes,No,Yes,Increased,Positive
R103988,26,Male,North America,PlayStation 5 Pro,GTA V,3,Friends,10,Online/multiplayer mode,7,3,No,71.0,25,No,No,Yes,Increased,Positive
R103989,32,Female,North America,PlayStation 5,GTA Vice City,1,YouTube,10,Better driving physics,8,5,Yes,65.0,14,Yes,No,Yes,Same,Very Positive
R103990,23,Male,Europe,PC,Red Dead Redemption 2,2,Reddit,0,Story & narrative depth,4,4,Maybe,,3,No,Yes,Yes,Same,Neutral/Cautious
R103991,18,Male,North America,PlayStation 5,GTA III,4,Gaming news sites,8,Realistic economy & businesses,5,2,Maybe,49.0,15,Yes,No,Yes,Increased,Positive
R103992,24,Female,Asia-Pacific,PlayStation 5,GTA IV,13,Reddit,5,Improved police/AI systems,4,1,No,41.0,21,Yes,No,Yes,Increased,Neutral/Cautious
R103993,15,Male,Latin America,PC,GTA San Andreas,2,X/Twitter,9,Open-world Vice City map,8,4,Yes,68.0,9,Yes,No,Yes,Increased,Very Positive
R103994,23,Male,North America,PC,GTA V,8,YouTube,13,Realistic economy & businesses,10,5,Yes,79.0,8,No,Yes,No,Increased,Very Positive
R103995,24,Male,Latin America,PlayStation 5,GTA San Andreas,3,Official Rockstar trailer,8,Better driving physics,8,3,Yes,94.0,22,Yes,No,No,Same,Very Positive
R103996,22,Male,Europe,PlayStation 5,GTA San Andreas,3,TikTok,8,Deeper character customization,7,4,No,,13,Yes,No,No,Decreased,Positive
R103997,30,Male,Latin America,PC,GTA IV,0,Official Rockstar trailer,11,Map size & exploration,7,2,Yes,82.0,12,No,Yes,Yes,Same,Positive
R103998,13,Male,Asia-Pacific,PlayStation 5,Red Dead Redemption 2,3,Official Rockstar trailer,9,Open-world Vice City map,8,4,Yes,65.0,48,Yes,Yes,No,Decreased,Very Positive
R103999,18,Female,Asia-Pacific,PlayStation 5,GTA V,0,Official Rockstar trailer,8,Open-world Vice City map,10,5,Yes,112.0,21,Yes,No,No,Increased,Very Positive
R104000,14,Male,North America,Xbox Series X/S,Never played GTA,1,Twitch,9,Online/multiplayer mode,8,1,No,73.0,16,Yes,Yes,Yes,Increased,Very Positive
R104001,33,Male,North America,PlayStation 5,GTA V,4,Gaming news sites,7,Map size & exploration,5,3,No,60.0,8,Yes,Yes,No,Same,Positive
R104002,33,Female,Asia-Pacific,Undecided,GTA V,2,Gaming news sites,14,Story & narrative depth,10,3,Yes,70.0,14,Yes,No,No,Decreased,Very Positive
R104003,39,Female,Europe,Xbox Series X/S,GTA V,8,Official Rockstar trailer,6,Realistic economy & businesses,5,4,No,53.0,42,No,Yes,Yes,Increased,Positive
R104004,14,Male,Middle East,Xbox Series X/S,Red Dead Redemption 2,5,Official Rockstar trailer,15,Realistic economy & businesses,10,1,Yes,89.0,47,Yes,Yes,No,Decreased,Very Positive
R104005,28,Female,Asia-Pacific,Xbox Series X/S,GTA San Andreas,6,Reddit,8,Story & narrative depth,9,3,Yes,71.0,15,Yes,No,Yes,Same,Very Positive
R104006,30,Male,Europe,Xbox Series X/S,GTA V,1,Gaming news sites,11,Improved police/AI systems,8,4,Yes,74.0,39,Yes,No,No,Increased,Very Positive
R104007,24,Male,North America,PC,GTA V,7,Official Rockstar trailer,3,Open-world Vice City map,4,4,Maybe,50.0,7,Yes,No,No,Increased,Neutral/Cautious
R104008,13,Male,Middle East,PlayStation 5,GTA V,9,YouTube,7,Improved police/AI systems,10,2,Yes,99.0,16,No,No,Yes,Increased,Very Positive
R104009,31,Male,Asia-Pacific,PC,GTA V,9,Twitch,11,Online/multiplayer mode,10,4,Yes,83.0,11,Yes,No,No,Same,Very Positive
R104010,25,Male,Asia-Pacific,Xbox Series X/S,GTA IV,4,YouTube,5,Dual protagonists (Jason & Lucia),5,2,No,30.0,12,No,No,Yes,Same,Positive
R104011,13,Male,Europe,PlayStation 5,GTA V,3,Friends,4,Open-world Vice City map,5,5,No,54.0,3,Yes,Yes,Yes,Increased,Positive
R104012,41,Male,Middle East,Xbox Series X/S,Never played GTA,0,X/Twitter,9,Map size & exploration,7,5,Yes,72.0,6,Yes,Yes,Yes,Same,Positive
R104013,26,Male,Asia-Pacific,Undecided,GTA V,9,TikTok,9,Story & narrative depth,8,3,Yes,79.0,14,Yes,No,Yes,Increased,Very Positive
R104014,30,Male,Europe,Xbox Series X/S,GTA San Andreas,9,Official Rockstar trailer,8,Story & narrative depth,7,5,Yes,54.0,13,Yes,Yes,No,Increased,Positive
R104015,24,Male,Europe,Xbox Series X/S,GTA V,6,Official Rockstar trailer,9,Dual protagonists (Jason & Lucia),9,3,Yes,86.0,11,Yes,No,Yes,Increased,Very Positive
R104016,20,Male,Asia-Pacific,PC,GTA San Andreas,10,Official Rockstar trailer,7,Realistic economy & businesses,7,4,No,50.0,38,No,Yes,Yes,Increased,Positive
R104017,33,Male,North America,Xbox Series X/S,GTA V,5,Reddit,18,Realistic economy & businesses,10,4,Yes,83.0,22,Yes,No,Yes,Same,Very Positive
R104018,35,Male,Latin America,PlayStation 5,GTA V,7,Official Rockstar trailer,5,Better driving physics,5,4,No,70.0,7,Yes,No,Yes,Decreased,Positive
R104019,25,Male,Latin America,PlayStation 5,GTA V,7,Gaming news sites,6,Better driving physics,5,5,Maybe,36.0,30,Yes,Yes,Yes,Increased,Positive
R104020,22,Male,North America,PC,GTA V,6,Gaming news sites,15,Better driving physics,10,3,Maybe,83.0,30,No,No,Yes,Increased,Very Positive
R104021,13,Male,Asia-Pacific,PlayStation 5,GTA San Andreas,9,Reddit,4,Deeper character customization,6,3,Maybe,41.0,11,Yes,Yes,Yes,Decreased,Positive
R104022,22,Male,North America,PC,GTA V,5,YouTube,7,Dual protagonists (Jason & Lucia),6,2,No,71.0,14,No,No,No,Same,Positive
R104023,21,Male,Europe,Xbox Series X/S,GTA III,8,Gaming news sites,12,Better driving physics,9,3,Yes,99.0,40,No,No,Yes,Increased,Very Positive
R104024,28,Male,Asia-Pacific,PlayStation 5,GTA San Andreas,2,TikTok,9,Story & narrative depth,10,3,Yes,92.0,6,Yes,No,Yes,Increased,Very Positive
R104025,28,Male,Latin America,PC,GTA V,7,YouTube,10,Open-world Vice City map,10,4,Yes,63.0,10,Yes,Yes,Yes,Increased,Very Positive
R104026,21,Male,Asia-Pacific,PC,Never played GTA,6,Friends,15,Open-world Vice City map,6,3,No,67.0,2,Yes,No,Yes,Increased,Positive
R104027,40,Male,Latin America,PlayStation 5,GTA V,3,YouTube,9,Open-world Vice City map,7,4,No,43.0,18,No,No,No,Increased,Positive
R104028,23,Non-binary,Europe,PlayStation 5,Red Dead Redemption 2,7,Official Rockstar trailer,11,Online/multiplayer mode,9,4,Yes,64.0,20,Yes,Yes,No,Increased,Very Positive
R104029,32,Female,Africa,PC,GTA San Andreas,4,Official Rockstar trailer,5,Dual protagonists (Jason & Lucia),9,5,Yes,60.0,55,Yes,No,Yes,Increased,Very Positive
R104030,18,Female,North America,Xbox Series X/S,GTA IV,7,TikTok,12,Dual protagonists (Jason & Lucia),7,5,Yes,59.0,23,No,Yes,No,Same,Positive
R104031,28,Male,Europe,PlayStation 5,GTA V,9,TikTok,5,Realistic economy & businesses,6,3,Maybe,77.0,18,No,Yes,Yes,Increased,Positive
R104032,24,Male,Asia-Pacific,PlayStation 5 Pro,GTA V,9,YouTube,6,Map size & exploration,6,3,Maybe,57.0,6,Yes,Yes,Yes,Increased,Positive
R104033,25,Male,Europe,Xbox Series X/S,GTA V,5,Gaming news sites,12,Improved police/AI systems,10,4,Yes,87.0,18,Yes,Yes,Yes,Increased,Very Positive
R104034,13,Non-binary,Middle East,PC,GTA V,3,X/Twitter,11,Dual protagonists (Jason & Lucia),10,5,Yes,101.0,13,No,No,No,Increased,Very Positive
R104035,20,Male,Europe,PC,GTA San Andreas,5,YouTube,8,Dual protagonists (Jason & Lucia),6,4,Yes,61.0,4,No,Yes,No,Increased,Positive
R104036,35,Female,Asia-Pacific,PlayStation 5,Red Dead Redemption 2,11,Friends,9,Map size & exploration,9,3,No,85.0,7,Yes,No,No,Same,Very Positive
R104037,23,Female,Asia-Pacific,Undecided,GTA San Andreas,7,Official Rockstar trailer,15,Open-world Vice City map,7,3,No,50.0,7,Yes,Yes,Yes,Same,Positive
R104038,36,Male,North America,PC,GTA V,6,Official Rockstar trailer,9,Story & narrative depth,8,4,No,77.0,16,No,No,Yes,Increased,Very Positive
R104039,39,Male,Asia-Pacific,PC,GTA Vice City,6,Official Rockstar trailer,9,Realistic economy & businesses,5,5,No,53.0,17,Yes,No,No,Same,Positive
R104040,33,Male,North America,PlayStation 5,GTA San Andreas,6,Gaming news sites,14,Realistic economy & businesses,8,4,No,56.0,53,Yes,No,No,Increased,Very Positive
R104041,33,Male,Asia-Pacific,PlayStation 5,GTA V,5,X/Twitter,8,Deeper character customization,8,5,Yes,77.0,32,No,No,No,Same,Very Positive
R104042,29,Female,Latin America,PlayStation 5 Pro,GTA V,5,TikTok,9,Story & narrative depth,5,5,Yes,64.0,23,Yes,No,Yes,Increased,Positive
R104043,31,Male,Latin America,PC,GTA V,5,YouTube,8,Story & narrative depth,10,2,Yes,75.0,15,Yes,No,Yes,Increased,Very Positive
R104044,22,Male,Asia-Pacific,PlayStation 5,GTA IV,6,Official Rockstar trailer,11,Improved police/AI systems,10,3,Yes,95.0,4,No,Yes,No,Decreased,Very Positive
R104045,45,Male,Europe,PlayStation 5,GTA V,13,Official Rockstar trailer,7,Improved police/AI systems,7,3,Yes,65.0,15,Yes,Yes,Yes,Increased,Positive
R104046,13,Male,Europe,PlayStation 5,GTA V,12,Official Rockstar trailer,8,Story & narrative depth,9,5,Yes,84.0,10,Yes,No,No,Same,Very Positive
R104047,24,Male,North America,PlayStation 5,GTA Vice City,6,YouTube,3,Improved police/AI systems,7,3,Yes,72.0,8,Yes,No,Yes,Increased,Positive
R104048,36,Male,Europe,PlayStation 5 Pro,GTA Vice City,10,YouTube,2,Realistic economy & businesses,5,3,No,60.0,27,Yes,No,Yes,Increased,Positive
R104049,35,Male,Asia-Pacific,PlayStation 5,GTA San Andreas,6,Twitch,6,Deeper character customization,7,3,Maybe,76.0,11,Yes,Yes,Yes,Increased,Positive
R104050,19,Male,Asia-Pacific,Xbox Series X/S,GTA San Andreas,12,Twitch,10,Improved police/AI systems,8,4,Yes,74.0,7,Yes,No,No,Increased,Very Positive
R104051,25,Male,Asia-Pacific,PC,GTA V,4,Friends,3,Story & narrative depth,3,5,No,35.0,29,Yes,No,No,Increased,Neutral/Cautious
R104052,22,Prefer not to say,Europe,PC,GTA V,7,Official Rockstar trailer,8,Open-world Vice City map,5,2,Maybe,70.0,19,No,No,Yes,Same,Positive
R104053,37,Male,Europe,Xbox Series X/S,GTA Vice City,1,YouTube,7,Online/multiplayer mode,7,5,Yes,83.0,31,Yes,No,Yes,Same,Positive
R104054,14,Non-binary,North America,PlayStation 5,GTA V,4,Reddit,10,Dual protagonists (Jason & Lucia),10,4,Yes,64.0,8,Yes,Yes,No,Same,Very Positive
R104055,29,Male,North America,Xbox Series X/S,Red Dead Redemption 2,10,X/Twitter,13,Better driving physics,10,3,Yes,87.0,9,No,No,Yes,Decreased,Very Positive
R104056,16,Male,Latin America,PC,GTA V,6,Reddit,9,Realistic economy & businesses,8,3,Yes,65.0,7,Yes,Yes,No,Same,Very Positive
R104057,43,Male,Europe,PlayStation 5 Pro,GTA IV,7,Official Rockstar trailer,2,Open-world Vice City map,4,2,No,59.0,48,No,Yes,No,Same,Neutral/Cautious
R104058,13,Male,Europe,PlayStation 5,GTA San Andreas,8,Twitch,7,Realistic economy & businesses,7,2,Yes,66.0,14,Yes,Yes,No,Increased,Positive
R104059,26,Female,North America,Xbox Series X/S,Never played GTA,8,YouTube,9,Realistic economy & businesses,6,2,Maybe,76.0,13,No,No,No,Increased,Positive
R104060,20,Male,North America,PlayStation 5,GTA V,7,YouTube,13,Story & narrative depth,10,5,Yes,72.0,12,No,No,Yes,Same,Very Positive
R104061,18,Male,Middle East,PlayStation 5 Pro,Red Dead Redemption 2,9,X/Twitter,6,Deeper character customization,6,4,Yes,75.0,7,No,No,No,Increased,Positive
R104062,32,Male,Europe,PlayStation 5,GTA V,6,YouTube,3,Realistic economy & businesses,4,3,Maybe,47.0,19,Yes,Yes,Yes,Increased,Neutral/Cautious
R104063,21,Female,North America,PC,GTA V,3,YouTube,12,Open-world Vice City map,10,4,Yes,66.0,46,Yes,No,No,Increased,Very Positive
R104064,26,Male,Asia-Pacific,Xbox Series X/S,GTA Vice City,11,Friends,10,Realistic economy & businesses,9,5,Yes,103.0,22,No,No,Yes,Increased,Very Positive
R104065,17,Female,North America,PC,GTA San Andreas,1,YouTube,13,Graphics & ray tracing,8,3,Yes,74.0,12,No,No,Yes,Increased,Very Positive
R104066,28,Male,Middle East,Xbox Series X/S,GTA III,5,Gaming news sites,4,Realistic economy & businesses,6,4,Maybe,,11,Yes,No,No,Increased,Positive
R104067,17,Female,Asia-Pacific,PlayStation 5,Red Dead Redemption 2,7,YouTube,8,Dual protagonists (Jason & Lucia),7,3,No,88.0,9,Yes,No,Yes,Same,Positive
R104068,48,Male,North America,PlayStation 5,GTA San Andreas,13,Official Rockstar trailer,3,Story & narrative depth,4,3,Maybe,44.0,12,Yes,No,Yes,Decreased,Neutral/Cautious
R104069,34,Male,Asia-Pacific,PC,GTA Vice City,8,Official Rockstar trailer,10,Map size & exploration,9,4,Yes,71.0,14,Yes,Yes,No,Increased,Very Positive
R104070,29,Male,Europe,PC,GTA San Andreas,10,Gaming news sites,15,Online/multiplayer mode,10,3,Yes,93.0,17,Yes,Yes,Yes,Increased,Very Positive
R104071,31,Male,North America,Xbox Series X/S,Never played GTA,12,Official Rockstar trailer,4,Online/multiplayer mode,5,5,No,47.0,4,Yes,No,Yes,Increased,Positive
R104072,39,Female,Asia-Pacific,PC,GTA San Andreas,10,Reddit,7,Realistic economy & businesses,10,3,Yes,,31,No,No,Yes,Increased,Very Positive
R104073,20,Male,Asia-Pacific,Xbox Series X/S,GTA V,10,Official Rockstar trailer,8,Open-world Vice City map,9,5,Yes,91.0,11,No,No,Yes,Decreased,Very Positive
R104074,26,Female,Latin America,PlayStation 5,GTA San Andreas,6,YouTube,6,Story & narrative depth,9,5,Yes,72.0,7,No,No,Yes,Increased,Very Positive
R104075,40,Female,North America,Xbox Series X/S,GTA Vice City,8,Reddit,10,Improved police/AI systems,10,5,Yes,82.0,3,Yes,No,Yes,Increased,Very Positive
R104076,30,Male,Europe,PlayStation 5,GTA V,5,Reddit,10,Open-world Vice City map,10,5,Yes,103.0,12,No,Yes,Yes,Increased,Very Positive
R104077,38,,Europe,PC,GTA San Andreas,9,Gaming news sites,15,Open-world Vice City map,10,4,Yes,87.0,14,Yes,No,Yes,Increased,Very Positive
R104078,13,Female,Africa,PlayStation 5,GTA San Andreas,7,Official Rockstar trailer,9,Better driving physics,10,4,Yes,111.0,24,No,No,Yes,Increased,Very Positive
R104079,24,Male,Middle East,Xbox Series X/S,GTA V,6,Official Rockstar trailer,12,Online/multiplayer mode,6,3,Maybe,47.0,5,Yes,No,Yes,Same,Positive
R104080,35,Male,Middle East,Xbox Series X/S,GTA III,1,Gaming news sites,5,Open-world Vice City map,5,5,Maybe,53.0,4,Yes,No,No,Same,Positive
R104081,29,Male,Latin America,PlayStation 5,GTA Vice City,12,YouTube,7,Open-world Vice City map,6,3,Yes,63.0,7,No,Yes,Yes,Same,Positive
R104082,29,Female,Asia-Pacific,Xbox Series X/S,GTA Vice City,8,Official Rockstar trailer,6,Online/multiplayer mode,10,2,Yes,100.0,21,Yes,No,Yes,Increased,Very Positive
R104083,18,Male,North America,Xbox Series X/S,GTA San Andreas,12,YouTube,9,Better driving physics,9,4,Yes,81.0,15,Yes,No,No,Increased,Very Positive
R104084,38,Female,North America,Xbox Series X/S,GTA V,4,Official Rockstar trailer,11,Open-world Vice City map,8,4,Yes,71.0,7,Yes,No,No,Same,Very Positive
R104085,18,Male,North America,PlayStation 5,GTA Vice City,3,X/Twitter,9,Dual protagonists (Jason & Lucia),9,3,Maybe,82.0,23,Yes,No,No,Same,Very Positive
R104086,23,Female,Asia-Pacific,PlayStation 5 Pro,GTA V,9,YouTube,11,Map size & exploration,8,5,Maybe,67.0,13,No,No,Yes,Increased,Very Positive
R104087,30,Female,North America,PC,GTA V,5,YouTube,11,Open-world Vice City map,10,5,Yes,67.0,2,Yes,No,Yes,Same,Very Positive
R104088,17,Male,Asia-Pacific,PlayStation 5,GTA IV,7,Reddit,13,Map size & exploration,7,5,Yes,62.0,28,Yes,Yes,No,Same,Positive
R104089,21,Male,Latin America,PlayStation 5,GTA V,3,X/Twitter,8,Deeper character customization,8,5,Maybe,85.0,24,Yes,Yes,No,Increased,Very Positive
R104090,23,Prefer not to say,Latin America,PlayStation 5,GTA San Andreas,10,Reddit,4,Improved police/AI systems,5,5,Yes,47.0,5,Yes,Yes,No,Increased,Positive
R104091,43,Male,Asia-Pacific,PC,GTA V,10,Official Rockstar trailer,10,Story & narrative depth,9,5,Yes,86.0,16,No,No,No,Same,Very Positive
R104092,35,Male,Asia-Pacific,PlayStation 5,GTA IV,10,Official Rockstar trailer,11,Deeper character customization,10,2,Yes,99.0,19,No,No,Yes,Increased,Very Positive
R104093,25,Male,North America,PC,GTA San Andreas,6,YouTube,6,Online/multiplayer mode,9,3,No,74.0,21,Yes,No,No,Same,Very Positive
R104094,15,Male,Latin America,PlayStation 5,GTA V,5,Official Rockstar trailer,7,Map size & exploration,10,4,Yes,68.0,17,Yes,Yes,Yes,Increased,Very Positive
R104095,38,Male,Asia-Pacific,PlayStation 5,GTA IV,6,Official Rockstar trailer,7,Dual protagonists (Jason & Lucia),9,3,Yes,78.0,10,Yes,No,No,Increased,Very Positive
R104096,23,Male,Asia-Pacific,PlayStation 5,GTA San Andreas,5,Friends,13,Map size & exploration,10,3,Yes,86.0,9,Yes,No,No,Same,Very Positive
R104097,25,Male,Europe,Xbox Series X/S,GTA V,7,Gaming news sites,9,Realistic economy & businesses,10,5,Yes,97.0,8,Yes,Yes,Yes,Same,Very Positive
R104098,20,Male,Asia-Pacific,PlayStation 5,GTA IV,7,YouTube,5,Realistic economy & businesses,8,5,Yes,79.0,11,No,No,Yes,Same,Very Positive
R104099,14,Male,Latin America,Xbox Series X/S,Never played GTA,1,Reddit,6,Deeper character customization,4,5,No,48.0,18,Yes,No,No,Same,Neutral/Cautious
R104100,25,Female,North America,PlayStation 5,GTA III,7,Twitch,6,Open-world Vice City map,8,4,Yes,51.0,5,Yes,No,No,Increased,Very Positive
R104101,28,Male,Asia-Pacific,PlayStation 5,GTA V,4,Friends,4,Online/multiplayer mode,8,5,Yes,95.0,29,No,Yes,Yes,Increased,Very Positive
R104102,15,Male,Asia-Pacific,PC,Never played GTA,3,TikTok,4,Deeper character customization,6,3,Maybe,48.0,8,Yes,No,Yes,Increased,Positive
R104103,43,Non-binary,North America,Xbox Series X/S,GTA V,7,YouTube,9,Better driving physics,9,5,Yes,77.0,58,Yes,No,Yes,Same,Very Positive
R104104,46,Male,Latin America,PlayStation 5,GTA San Andreas,13,Reddit,13,Story & narrative depth,10,4,Yes,70.0,14,Yes,No,No,Decreased,Very Positive
R104105,36,Male,Africa,PlayStation 5,GTA V,11,Friends,9,Story & narrative depth,10,4,Yes,,21,No,No,No,Increased,Very Positive
R104106,39,Male,North America,PC,GTA San Andreas,8,Official Rockstar trailer,7,Open-world Vice City map,7,3,Yes,77.0,21,Yes,No,No,Same,Positive
R104107,31,Male,Latin America,PlayStation 5 Pro,GTA San Andreas,8,Twitch,13,Realistic economy & businesses,9,3,Yes,86.0,14,Yes,No,No,Same,Very Positive
R104108,25,Prefer not to say,Latin America,Xbox Series X/S,GTA San Andreas,6,Twitch,8,Better driving physics,6,3,No,67.0,7,No,No,No,Same,Positive
R104109,20,Male,Europe,PlayStation 5,GTA V,4,Official Rockstar trailer,10,Dual protagonists (Jason & Lucia),7,3,Maybe,64.0,35,Yes,No,Yes,Decreased,Positive
R104110,41,Male,Asia-Pacific,Xbox Series X/S,GTA V,3,Twitch,7,Map size & exploration,8,3,Yes,79.0,28,Yes,No,No,Increased,Very Positive
R104111,24,Male,Asia-Pacific,PlayStation 5 Pro,GTA San Andreas,7,Official Rockstar trailer,7,Online/multiplayer mode,7,5,Yes,48.0,30,No,No,No,Increased,Positive
R104112,21,Male,Asia-Pacific,Xbox Series X/S,Red Dead Redemption 2,6,YouTube,5,Story & narrative depth,6,3,No,64.0,9,Yes,No,Yes,Increased,Positive
R104113,17,Male,North America,PlayStation 5,GTA III,8,Reddit,3,Map size & exploration,5,4,Yes,46.0,4,Yes,No,Yes,Increased,Positive
R104114,31,Male,Latin America,PlayStation 5 Pro,GTA San Andreas,3,YouTube,8,Online/multiplayer mode,6,4,Yes,61.0,8,Yes,Yes,No,Increased,Positive
R104115,19,Prefer not to say,Asia-Pacific,PlayStation 5,GTA V,6,Twitch,14,Dual protagonists (Jason & Lucia),10,4,Yes,81.0,18,Yes,No,No,Increased,Very Positive
R104116,18,Male,Europe,PlayStation 5,GTA V,8,X/Twitter,11,Realistic economy & businesses,10,2,Yes,92.0,13,No,Yes,No,Same,Very Positive
R104117,32,Male,Middle East,PlayStation 5 Pro,GTA V,4,YouTube,11,Realistic economy & businesses,10,3,Yes,68.0,4,Yes,No,No,Increased,Very Positive
R104118,25,Female,North America,PC,Never played GTA,5,TikTok,10,Story & narrative depth,3,3,No,28.0,24,No,No,No,Decreased,Neutral/Cautious
R104119,26,Male,Asia-Pacific,PlayStation 5,GTA V,10,TikTok,3,Open-world Vice City map,6,5,Maybe,63.0,16,Yes,Yes,No,Same,Positive
R104120,25,Female,Europe,PlayStation 5,GTA V,5,Official Rockstar trailer,10,Story & narrative depth,8,4,Yes,66.0,15,Yes,Yes,No,Same,Very Positive
R104121,24,Male,Africa,Xbox Series X/S,Red Dead Redemption 2,6,X/Twitter,6,Deeper character customization,7,2,Maybe,51.0,18,Yes,Yes,No,Same,Positive
R104122,17,Male,Europe,PC,GTA San Andreas,6,Friends,10,Dual protagonists (Jason & Lucia),10,3,Yes,75.0,44,No,Yes,No,Increased,Very Positive
R104123,21,Male,North America,PC,GTA V,6,X/Twitter,8,Open-world Vice City map,9,5,Yes,94.0,7,Yes,Yes,No,Increased,Very Positive
R104124,16,Male,Europe,PlayStation 5,GTA III,8,Reddit,9,Realistic economy & businesses,8,4,Yes,58.0,21,Yes,Yes,No,Same,Very Positive
R104125,32,Male,North America,PlayStation 5,GTA IV,8,Official Rockstar trailer,4,Better driving physics,6,5,Maybe,37.0,6,Yes,Yes,Yes,Increased,Positive
R104126,28,Female,North America,Undecided,GTA IV,8,TikTok,6,Online/multiplayer mode,8,3,Maybe,57.0,37,No,Yes,Yes,Increased,Very Positive
R104127,38,Prefer not to say,Europe,Undecided,GTA V,6,X/Twitter,6,Story & narrative depth,6,5,No,64.0,8,Yes,Yes,No,Same,Positive
R104128,29,Male,North America,Xbox Series X/S,Never played GTA,5,Friends,9,Deeper character customization,6,3,Yes,51.0,12,No,Yes,Yes,Increased,Positive
R104129,19,Male,North America,PC,GTA San Andreas,4,Official Rockstar trailer,4,Story & narrative depth,4,3,No,53.0,9,No,No,Yes,Increased,Neutral/Cautious
R104130,36,Male,Middle East,PC,GTA IV,9,YouTube,14,Open-world Vice City map,10,5,Yes,97.0,47,No,No,Yes,Increased,Very Positive
R104131,24,Male,North America,PlayStation 5,GTA Vice City,3,Reddit,11,Map size & exploration,8,1,Maybe,68.0,12,Yes,Yes,Yes,Same,Very Positive
R104132,21,Male,Europe,PlayStation 5 Pro,GTA IV,3,Twitch,7,Realistic economy & businesses,8,3,Yes,82.0,5,No,Yes,Yes,Increased,Very Positive
R104133,19,Male,Europe,PlayStation 5,GTA San Andreas,8,Official Rockstar trailer,9,Improved police/AI systems,8,2,Yes,64.0,22,No,Yes,Yes,Same,Very Positive
R104134,39,Male,Asia-Pacific,PC,GTA IV,5,Official Rockstar trailer,7,Graphics & ray tracing,6,3,Maybe,67.0,23,Yes,No,No,Increased,Positive
R104135,26,Prefer not to say,Latin America,PlayStation 5,GTA San Andreas,7,TikTok,11,Story & narrative depth,9,4,Yes,70.0,15,Yes,No,Yes,Same,Very Positive
R104136,32,Male,North America,PlayStation 5 Pro,Red Dead Redemption 2,5,Reddit,11,Story & narrative depth,8,5,Yes,62.0,4,Yes,No,Yes,Increased,Very Positive
R104137,20,Male,Africa,PC,GTA Vice City,10,Official Rockstar trailer,10,Graphics & ray tracing,9,3,Yes,91.0,16,Yes,No,Yes,Decreased,Very Positive
R104138,24,Male,North America,PC,GTA V,6,YouTube,8,Deeper character customization,7,3,Maybe,72.0,6,No,No,No,Increased,Positive
R104139,37,Male,Asia-Pacific,PlayStation 5,GTA IV,11,YouTube,14,Graphics & ray tracing,10,3,Yes,100.0,44,No,Yes,Yes,Increased,Very Positive
R104140,30,Male,North America,PlayStation 5,GTA V,11,Official Rockstar trailer,4,Story & narrative depth,6,4,Yes,61.0,11,Yes,No,No,Same,Positive
R104141,27,,Europe,Xbox Series X/S,GTA V,7,YouTube,11,Dual protagonists (Jason & Lucia),10,3,No,78.0,25,No,No,Yes,Same,Very Positive
R104142,18,Male,Latin America,Xbox Series X/S,GTA IV,7,Reddit,12,Improved police/AI systems,10,3,Yes,84.0,44,Yes,No,No,Increased,Very Positive
R104143,28,Female,North America,Xbox Series X/S,GTA Vice City,10,Official Rockstar trailer,14,Improved police/AI systems,8,4,Yes,86.0,35,Yes,No,No,Same,Very Positive
R104144,25,Male,Middle East,PlayStation 5,GTA IV,5,Gaming news sites,13,Dual protagonists (Jason & Lucia),10,3,Yes,83.0,2,Yes,No,Yes,Decreased,Very Positive
R104145,26,Male,Europe,PC,GTA Vice City,5,X/Twitter,11,Better driving physics,10,2,Yes,89.0,47,No,No,Yes,Same,Very Positive
R104146,14,Prefer not to say,Latin America,PC,GTA Vice City,5,YouTube,11,Better driving physics,10,4,Yes,83.0,5,Yes,No,No,Increased,Very Positive
R104147,13,Male,Africa,Xbox Series X/S,GTA IV,0,YouTube,10,Story & narrative depth,10,2,Yes,96.0,5,Yes,No,Yes,Decreased,Very Positive
R104148,26,Male,Asia-Pacific,PC,GTA IV,7,Twitch,7,Map size & exploration,7,3,Maybe,69.0,11,Yes,No,No,Same,Positive
R104149,38,Female,Latin America,Xbox Series X/S,GTA IV,9,YouTube,11,Online/multiplayer mode,10,4,Maybe,99.0,26,No,No,No,Same,Very Positive
R104150,26,Male,North America,PlayStation 5,GTA V,8,YouTube,11,Deeper character customization,10,5,Yes,67.0,57,Yes,Yes,No,Increased,Very Positive
R104151,36,Male,Asia-Pacific,PlayStation 5,GTA V,8,YouTube,9,Online/multiplayer mode,10,4,Yes,63.0,32,No,Yes,Yes,Increased,Very Positive
R104152,22,Male,Europe,PlayStation 5 Pro,GTA San Andreas,5,X/Twitter,6,Dual protagonists (Jason & Lucia),4,5,No,41.0,12,No,Yes,No,Increased,Neutral/Cautious
R104153,36,Male,Asia-Pacific,PlayStation 5,GTA V,9,Reddit,9,Graphics & ray tracing,8,5,Yes,87.0,19,Yes,Yes,No,Increased,Very Positive
R104154,28,Female,Africa,Xbox Series X/S,GTA V,5,Reddit,12,Dual protagonists (Jason & Lucia),9,5,No,86.0,9,No,No,No,Increased,Very Positive
R104155,20,Male,North America,PlayStation 5 Pro,GTA San Andreas,8,TikTok,8,Dual protagonists (Jason & Lucia),9,3,Yes,91.0,28,Yes,No,No,Increased,Very Positive
R104156,37,Male,North America,PlayStation 5,GTA V,3,Official Rockstar trailer,18,Dual protagonists (Jason & Lucia),10,3,Yes,80.0,21,Yes,No,Yes,Same,Very Positive
R104157,20,Female,Latin America,PlayStation 5,GTA San Andreas,3,YouTube,6,Deeper character customization,6,4,No,54.0,28,No,Yes,Yes,Same,Positive
R104158,27,Female,North America,PC,GTA V,7,TikTok,10,Online/multiplayer mode,8,2,Yes,78.0,6,No,No,Yes,Increased,Very Positive
R104159,20,Female,Latin America,Xbox Series X/S,GTA IV,7,Official Rockstar trailer,6,Graphics & ray tracing,6,5,No,55.0,24,Yes,No,Yes,Decreased,Positive
R104160,26,Male,Europe,Xbox Series X/S,GTA San Andreas,10,X/Twitter,7,Open-world Vice City map,4,4,No,34.0,29,Yes,No,No,Increased,Neutral/Cautious
R104161,27,Male,Middle East,PC,Red Dead Redemption 2,3,Official Rockstar trailer,7,Map size & exploration,6,4,Maybe,59.0,14,No,Yes,Yes,Increased,Positive
R104162,21,Non-binary,Latin America,Xbox Series X/S,GTA V,11,Official Rockstar trailer,10,Story & narrative depth,10,3,Yes,80.0,16,No,No,No,Same,Very Positive
R104163,20,Male,Europe,PlayStation 5,GTA III,7,YouTube,10,Story & narrative depth,8,4,Yes,70.0,6,Yes,Yes,Yes,Increased,Very Positive
R104164,25,Female,Asia-Pacific,PlayStation 5,GTA IV,9,YouTube,7,Open-world Vice City map,8,4,Yes,75.0,32,Yes,No,Yes,Same,Very Positive
R104165,36,Female,Asia-Pacific,Xbox Series X/S,GTA San Andreas,6,YouTube,9,Dual protagonists (Jason & Lucia),6,4,Yes,63.0,15,Yes,Yes,Yes,Same,Positive
R104166,24,Female,Latin America,PlayStation 5,GTA V,7,X/Twitter,8,Dual protagonists (Jason & Lucia),6,4,No,53.0,12,Yes,Yes,Yes,Increased,Positive
R104167,29,Male,Latin America,PlayStation 5,GTA IV,1,YouTube,4,Better driving physics,7,3,Yes,71.0,9,No,No,No,Increased,Positive
R104168,16,Male,Asia-Pacific,Xbox Series X/S,GTA San Andreas,5,TikTok,7,Deeper character customization,3,4,No,32.0,6,No,Yes,Yes,Same,Neutral/Cautious
R104169,32,Male,Europe,PlayStation 5 Pro,GTA San Andreas,3,Official Rockstar trailer,2,Improved police/AI systems,4,1,No,41.0,9,No,Yes,Yes,Increased,Neutral/Cautious
R104170,33,Male,North America,PC,GTA San Andreas,9,Official Rockstar trailer,9,Open-world Vice City map,7,5,Maybe,70.0,2,No,No,Yes,Increased,Positive
R104171,22,Male,North America,PC,GTA V,8,Official Rockstar trailer,12,Story & narrative depth,10,4,Maybe,83.0,5,Yes,No,Yes,Same,Very Positive
R104172,26,Female,Latin America,Xbox Series X/S,GTA V,3,TikTok,10,Better driving physics,9,4,Yes,72.0,20,Yes,No,No,Same,Very Positive
R104173,27,Female,Asia-Pacific,Xbox Series X/S,GTA IV,5,X/Twitter,10,Improved police/AI systems,8,4,Maybe,73.0,3,Yes,No,Yes,Decreased,Very Positive
R104174,28,Male,Latin America,PlayStation 5,Red Dead Redemption 2,5,Reddit,8,Dual protagonists (Jason & Lucia),8,4,Yes,69.0,15,Yes,Yes,Yes,Increased,Very Positive
R104175,41,Male,Europe,PC,GTA III,11,Twitch,8,Story & narrative depth,7,3,Maybe,60.0,8,Yes,Yes,Yes,Increased,Positive
R104176,29,Female,Europe,PlayStation 5,GTA San Andreas,10,Reddit,8,Story & narrative depth,8,1,Yes,72.0,2,No,No,Yes,Same,Very Positive
R104177,40,Male,Africa,PlayStation 5,GTA V,5,TikTok,8,Open-world Vice City map,6,3,Maybe,73.0,9,No,No,Yes,Increased,Positive
R104178,17,Male,Asia-Pacific,Xbox Series X/S,Red Dead Redemption 2,3,Reddit,8,Deeper character customization,8,3,Yes,65.0,1,No,No,Yes,Decreased,Very Positive
R104179,22,Female,Europe,Xbox Series X/S,GTA V,11,Gaming news sites,9,Dual protagonists (Jason & Lucia),8,3,Maybe,60.0,26,Yes,No,Yes,Decreased,Very Positive
R104180,26,Male,Europe,PlayStation 5,Red Dead Redemption 2,3,X/Twitter,5,Online/multiplayer mode,7,4,Yes,64.0,13,Yes,Yes,Yes,Decreased,Positive
R104181,33,Male,Asia-Pacific,Undecided,GTA V,9,X/Twitter,8,Dual protagonists (Jason & Lucia),8,4,Yes,75.0,14,No,No,Yes,Decreased,Very Positive
R104182,29,Male,North America,PlayStation 5,GTA V,7,Reddit,5,Improved police/AI systems,5,3,No,47.0,12,Yes,Yes,Yes,Decreased,Positive
R104183,25,Female,Latin America,PlayStation 5,GTA IV,6,YouTube,8,Realistic economy & businesses,6,4,Yes,43.0,0,Yes,Yes,No,Decreased,Positive
R104184,24,Male,Latin America,PC,GTA V,8,YouTube,7,Online/multiplayer mode,10,4,Yes,100.0,22,No,No,Yes,Decreased,Very Positive
R104185,38,Male,Europe,Xbox Series X/S,GTA V,2,Reddit,9,Dual protagonists (Jason & Lucia),10,4,No,72.0,9,No,No,No,Increased,Very Positive
R104186,35,Female,Latin America,PC,GTA V,5,X/Twitter,8,Map size & exploration,10,3,Yes,87.0,11,Yes,No,Yes,Same,Very Positive
R104187,43,Male,Latin America,PlayStation 5,GTA IV,4,TikTok,6,Online/multiplayer mode,5,4,Maybe,81.0,4,Yes,No,Yes,Increased,Positive
R104188,16,Male,Europe,PC,GTA V,9,Reddit,13,Open-world Vice City map,10,4,Yes,93.0,9,No,No,Yes,Same,Very Positive
R104189,23,Male,Africa,Xbox Series X/S,GTA Vice City,8,Twitch,15,Map size & exploration,9,3,Yes,84.0,9,Yes,No,Yes,Same,Very Positive
R104190,23,Male,Europe,PlayStation 5,Never played GTA,9,X/Twitter,7,Dual protagonists (Jason & Lucia),5,3,No,47.0,7,Yes,No,Yes,Decreased,Positive
R104191,27,Male,Asia-Pacific,PlayStation 5,GTA V,6,Friends,8,Graphics & ray tracing,7,5,Yes,82.0,16,Yes,No,Yes,Increased,Positive
R104192,24,Non-binary,North America,Xbox Series X/S,GTA V,6,Reddit,16,Map size & exploration,10,2,Yes,86.0,4,No,No,Yes,Increased,Very Positive
R104193,13,Male,Middle East,Xbox Series X/S,GTA V,5,Twitch,9,Better driving physics,8,5,Yes,69.0,5,Yes,No,Yes,Increased,Very Positive
R104194,13,Male,Latin America,PlayStation 5,GTA V,9,X/Twitter,7,Online/multiplayer mode,5,5,Yes,55.0,16,Yes,No,No,Increased,Positive
R104195,24,Male,Europe,PC,GTA V,8,X/Twitter,4,Open-world Vice City map,5,4,Yes,54.0,3,Yes,Yes,No,Increased,Positive
R104196,25,Male,Asia-Pacific,Xbox Series X/S,GTA V,9,Reddit,9,Story & narrative depth,9,3,Yes,84.0,57,Yes,No,No,Increased,Very Positive
R104197,35,Female,Latin America,PlayStation 5,GTA V,9,Friends,9,Open-world Vice City map,6,3,Maybe,55.0,20,No,Yes,Yes,Increased,Positive
R104198,28,Male,North America,Xbox Series X/S,GTA Vice City,7,YouTube,10,Open-world Vice City map,9,4,Yes,89.0,21,Yes,No,No,Decreased,Very Positive
R104199,21,Female,Europe,PC,GTA V,3,Official Rockstar trailer,9,Open-world Vice City map,8,5,Yes,72.0,18,No,No,No,Decreased,Very Positive
R104200,20,Female,North America,Xbox Series X/S,GTA V,3,TikTok,6,Graphics & ray tracing,7,4,Yes,67.0,14,No,Yes,No,Increased,Positive
R104201,40,Non-binary,North America,PC,Never played GTA,9,YouTube,6,Better driving physics,4,5,No,45.0,5,Yes,No,Yes,Same,Neutral/Cautious
R104202,25,Male,Europe,Xbox Series X/S,GTA V,0,Gaming news sites,9,Map size & exploration,9,4,Yes,92.0,14,Yes,No,Yes,Increased,Very Positive
R104203,36,Male,Africa,PlayStation 5,Never played GTA,10,TikTok,4,Improved police/AI systems,3,3,Maybe,36.0,6,Yes,No,No,Same,Neutral/Cautious
R104204,26,Male,North America,PlayStation 5,GTA V,6,YouTube,5,Open-world Vice City map,7,3,Yes,,9,No,No,Yes,Decreased,Positive
R104205,27,Male,Middle East,Undecided,GTA V,8,Reddit,10,Deeper character customization,9,3,Yes,90.0,12,Yes,No,Yes,Increased,Very Positive
R104206,18,Male,Europe,PC,GTA V,3,Gaming news sites,7,Dual protagonists (Jason & Lucia),7,4,No,,24,No,No,No,Increased,Positive
R104207,29,Non-binary,Europe,PC,GTA Vice City,6,Official Rockstar trailer,10,Dual protagonists (Jason & Lucia),6,5,No,70.0,10,No,No,Yes,Same,Positive
R104208,23,Male,Latin America,PlayStation 5,GTA IV,6,YouTube,8,Dual protagonists (Jason & Lucia),9,5,No,,25,Yes,No,Yes,Increased,Very Positive
R104209,19,Male,Europe,PlayStation 5,GTA San Andreas,7,Official Rockstar trailer,12,Better driving physics,10,4,Yes,83.0,21,No,No,Yes,Same,Very Positive
R104210,24,Female,Europe,PC,Red Dead Redemption 2,2,Friends,7,Story & narrative depth,8,4,Yes,61.0,16,No,No,Yes,Increased,Very Positive
R104211,28,Male,North America,Xbox Series X/S,GTA V,6,YouTube,9,Map size & exploration,7,4,No,75.0,9,Yes,No,Yes,Same,Positive
R104212,18,Non-binary,North America,PC,GTA V,0,X/Twitter,11,Story & narrative depth,8,4,No,88.0,10,Yes,No,No,Increased,Very Positive
R104213,18,Male,Europe,PlayStation 5 Pro,GTA IV,8,TikTok,10,Better driving physics,9,4,Yes,97.0,13,Yes,No,No,Increased,Very Positive
R104214,32,Non-binary,Latin America,Xbox Series X/S,GTA IV,8,YouTube,16,Dual protagonists (Jason & Lucia),8,4,Yes,71.0,4,Yes,No,Yes,Decreased,Very Positive
R104215,29,Male,Asia-Pacific,PC,GTA IV,6,Gaming news sites,6,Dual protagonists (Jason & Lucia),9,4,Yes,77.0,18,Yes,No,Yes,Increased,Very Positive
R104216,27,Male,Asia-Pacific,PlayStation 5 Pro,Never played GTA,13,X/Twitter,4,Map size & exploration,7,4,Yes,54.0,5,Yes,Yes,Yes,Increased,Positive
R104217,32,Female,North America,PlayStation 5,GTA San Andreas,4,X/Twitter,11,Deeper character customization,10,3,Yes,86.0,14,Yes,No,No,Increased,Very Positive
R104218,17,Male,North America,PC,GTA San Andreas,7,TikTok,10,Map size & exploration,8,5,Yes,70.0,6,Yes,Yes,No,Increased,Very Positive
R104219,24,Female,North America,Xbox Series X/S,Red Dead Redemption 2,5,Reddit,14,Dual protagonists (Jason & Lucia),9,2,Yes,89.0,14,Yes,No,No,Decreased,Very Positive
R104220,34,Male,North America,PlayStation 5,GTA San Andreas,10,Reddit,5,Online/multiplayer mode,6,2,Maybe,54.0,5,Yes,Yes,No,Same,Positive
R104221,26,Female,Africa,PC,GTA V,6,YouTube,2,Map size & exploration,4,5,No,27.0,4,Yes,Yes,No,Increased,Neutral/Cautious
R104222,32,Male,North America,Xbox Series X/S,GTA V,9,Friends,7,Deeper character customization,8,4,No,51.0,10,No,No,No,Decreased,Very Positive
R104223,30,Male,Europe,PlayStation 5,GTA V,1,X/Twitter,9,Dual protagonists (Jason & Lucia),9,4,Yes,84.0,24,No,No,Yes,Same,Very Positive
R104224,23,Male,Latin America,PlayStation 5 Pro,GTA V,5,Gaming news sites,8,Story & narrative depth,10,5,Yes,49.0,38,Yes,Yes,No,Increased,Very Positive
R104225,13,Male,Asia-Pacific,PlayStation 5,GTA IV,3,Gaming news sites,4,Deeper character customization,4,3,Maybe,44.0,4,Yes,Yes,Yes,Increased,Neutral/Cautious
R104226,18,Non-binary,Europe,Xbox Series X/S,GTA V,2,Official Rockstar trailer,13,Open-world Vice City map,10,4,Yes,,31,No,Yes,No,Same,Very Positive
R104227,17,Male,Asia-Pacific,PC,GTA San Andreas,5,YouTube,15,Open-world Vice City map,10,2,Yes,88.0,8,No,No,Yes,Same,Very Positive
R104228,33,Male,Asia-Pacific,Xbox Series X/S,GTA III,7,Reddit,12,Realistic economy & businesses,8,4,Yes,72.0,3,Yes,No,No,Increased,Very Positive
R104229,33,Prefer not to say,North America,PlayStation 5 Pro,GTA IV,3,X/Twitter,9,Dual protagonists (Jason & Lucia),10,3,Maybe,88.0,6,Yes,No,Yes,Decreased,Very Positive
R104230,32,Male,Asia-Pacific,PlayStation 5,GTA San Andreas,7,YouTube,8,Open-world Vice City map,9,4,Yes,69.0,2,Yes,No,Yes,Increased,Very Positive
R104231,29,Male,Europe,Undecided,GTA San Andreas,11,Reddit,8,Dual protagonists (Jason & Lucia),8,3,Yes,70.0,7,No,Yes,Yes,Increased,Very Positive
R104232,41,Male,Latin America,PlayStation 5,Never played GTA,6,X/Twitter,6,Deeper character customization,4,3,Maybe,67.0,8,Yes,No,No,Increased,Neutral/Cautious
R104233,23,Prefer not to say,North America,Xbox Series X/S,GTA V,7,Friends,12,Open-world Vice City map,8,4,Yes,56.0,17,Yes,Yes,Yes,Same,Very Positive
R104234,38,Male,Europe,Xbox Series X/S,GTA IV,4,X/Twitter,5,Dual protagonists (Jason & Lucia),5,2,No,73.0,7,No,No,No,Decreased,Positive
R104235,26,Male,Asia-Pacific,PC,GTA V,9,YouTube,9,Online/multiplayer mode,9,4,No,95.0,33,Yes,No,Yes,Increased,Very Positive
R104236,39,Male,North America,PlayStation 5,Never played GTA,8,YouTube,8,Online/multiplayer mode,8,5,Yes,59.0,23,Yes,Yes,No,Increased,Very Positive
R104237,21,Male,Europe,PlayStation 5,GTA Vice City,9,Official Rockstar trailer,7,Online/multiplayer mode,9,3,Maybe,79.0,7,Yes,No,Yes,Decreased,Very Positive
R104238,34,Male,North America,PlayStation 5,GTA San Andreas,0,Official Rockstar trailer,10,Story & narrative depth,10,3,Yes,70.0,9,No,No,No,Same,Very Positive
R104239,37,Male,Latin America,PlayStation 5,GTA San Andreas,7,YouTube,10,Story & narrative depth,9,4,Maybe,71.0,2,Yes,No,No,Increased,Very Positive
R104240,25,Female,Europe,PlayStation 5,GTA V,6,Official Rockstar trailer,8,Map size & exploration,8,3,Yes,80.0,6,Yes,No,Yes,Increased,Very Positive
R104241,25,Non-binary,North America,PlayStation 5,GTA V,3,YouTube,11,Dual protagonists (Jason & Lucia),10,5,No,97.0,15,Yes,No,No,Increased,Very Positive
R104242,25,Male,North America,Xbox Series X/S,GTA Vice City,4,Reddit,8,Dual protagonists (Jason & Lucia),8,3,Yes,54.0,23,No,No,Yes,Increased,Very Positive
R104243,18,Male,Europe,PC,GTA Vice City,6,TikTok,12,Map size & exploration,10,2,No,82.0,6,Yes,No,Yes,Increased,Very Positive
R104244,15,Male,North America,PC,GTA III,3,Reddit,4,Open-world Vice City map,5,4,Yes,54.0,18,No,Yes,Yes,Increased,Positive
R104245,26,Male,North America,PlayStation 5,GTA V,7,YouTube,11,Open-world Vice City map,10,4,Yes,91.0,9,No,No,Yes,Increased,Very Positive
R104246,30,Male,Europe,PC,GTA Vice City,6,Reddit,8,Dual protagonists (Jason & Lucia),7,3,Yes,58.0,6,Yes,No,Yes,Decreased,Positive
R104247,30,Male,Latin America,PC,Red Dead Redemption 2,7,Reddit,13,Graphics & ray tracing,10,3,Yes,84.0,11,No,No,No,Increased,Very Positive
R104248,18,Male,North America,Xbox Series X/S,GTA V,6,Reddit,13,Open-world Vice City map,10,4,Yes,108.0,42,Yes,No,Yes,Decreased,Very Positive
R104249,30,Male,Latin America,PC,GTA IV,5,YouTube,8,Realistic economy & businesses,8,5,Yes,57.0,5,Yes,No,No,Increased,Very Positive
R104250,32,Female,Latin America,PC,GTA IV,4,X/Twitter,12,Improved police/AI systems,9,4,Maybe,80.0,26,Yes,No,Yes,Same,Very Positive
R104251,28,Male,Europe,PlayStation 5,GTA V,9,Friends,4,Deeper character customization,8,4,Maybe,86.0,22,Yes,Yes,Yes,Increased,Very Positive
R104252,40,Male,Asia-Pacific,Xbox Series X/S,GTA San Andreas,9,Reddit,9,Story & narrative depth,8,4,No,83.0,15,Yes,Yes,Yes,Increased,Very Positive
R104253,20,Female,North America,Xbox Series X/S,GTA San Andreas,8,Official Rockstar trailer,10,Open-world Vice City map,6,3,Maybe,76.0,5,Yes,No,Yes,Increased,Positive
R104254,25,Prefer not to say,Europe,Xbox Series X/S,GTA V,7,YouTube,3,Open-world Vice City map,5,4,Maybe,66.0,2,Yes,No,Yes,Increased,Positive
R104255,23,Male,Asia-Pacific,PlayStation 5,GTA V,3,Reddit,12,Dual protagonists (Jason & Lucia),8,4,Yes,78.0,13,Yes,No,Yes,Increased,Very Positive
R104256,25,Male,North America,PlayStation 5,GTA V,3,YouTube,5,Graphics & ray tracing,5,4,Yes,84.0,18,Yes,Yes,No,Increased,Positive
R104257,24,Male,Asia-Pacific,Undecided,GTA San Andreas,6,Official Rockstar trailer,6,Dual protagonists (Jason & Lucia),5,4,No,26.0,18,No,Yes,Yes,Same,Positive
R104258,30,Male,North America,PC,GTA V,13,YouTube,9,Graphics & ray tracing,8,3,Yes,80.0,21,Yes,No,No,Increased,Very Positive
R104259,29,Male,Europe,PC,GTA San Andreas,6,Official Rockstar trailer,7,Open-world Vice City map,7,2,No,84.0,24,Yes,No,No,Increased,Positive
R104260,40,Female,Europe,Xbox Series X/S,GTA V,6,Twitch,11,Map size & exploration,7,4,Yes,63.0,17,No,No,Yes,Same,Positive
R104261,16,Female,Asia-Pacific,PlayStation 5,GTA V,4,YouTube,11,Story & narrative depth,10,4,No,87.0,23,No,No,Yes,Same,Very Positive
R104262,24,Female,Europe,PC,GTA III,3,Reddit,7,Dual protagonists (Jason & Lucia),8,3,Yes,71.0,21,No,No,No,Increased,Very Positive
R104263,22,Male,Europe,PC,GTA San Andreas,5,TikTok,12,Map size & exploration,7,5,Yes,67.0,31,Yes,Yes,Yes,Decreased,Positive
R104264,24,Male,Europe,Xbox Series X/S,Never played GTA,8,TikTok,6,Map size & exploration,7,5,Yes,55.0,12,Yes,Yes,Yes,Increased,Positive
R104265,35,Male,Asia-Pacific,PC,GTA San Andreas,8,YouTube,7,Graphics & ray tracing,10,4,Yes,79.0,38,No,No,Yes,Increased,Very Positive
R104266,30,Male,Asia-Pacific,PC,GTA San Andreas,7,Official Rockstar trailer,5,Open-world Vice City map,6,5,No,66.0,20,Yes,No,Yes,Increased,Positive
R104267,27,Male,Asia-Pacific,Xbox Series X/S,GTA V,2,YouTube,5,Realistic economy & businesses,6,4,Yes,51.0,14,Yes,No,Yes,Same,Positive
R104268,18,Male,North America,PC,GTA V,2,TikTok,10,Deeper character customization,9,5,Maybe,63.0,29,Yes,No,No,Same,Very Positive
R104269,27,Prefer not to say,Asia-Pacific,PlayStation 5,GTA San Andreas,3,Official Rockstar trailer,6,Open-world Vice City map,6,4,No,62.0,6,Yes,Yes,Yes,Increased,Positive
R104270,21,Male,Europe,PC,GTA IV,7,Official Rockstar trailer,11,Dual protagonists (Jason & Lucia),8,5,Yes,69.0,15,Yes,Yes,Yes,Increased,Very Positive
R104271,22,Male,North America,Xbox Series X/S,GTA V,8,Official Rockstar trailer,7,Open-world Vice City map,7,4,Maybe,68.0,16,No,No,Yes,Increased,Positive
R104272,14,Male,Latin America,Xbox Series X/S,GTA IV,8,Official Rockstar trailer,11,Story & narrative depth,10,2,Maybe,,2,No,No,No,Increased,Very Positive
R104273,37,Male,North America,PlayStation 5 Pro,GTA San Andreas,10,Official Rockstar trailer,14,Online/multiplayer mode,9,3,Maybe,61.0,22,No,Yes,No,Same,Very Positive
R104274,27,Male,Middle East,PlayStation 5,GTA San Andreas,7,Reddit,15,Map size & exploration,10,4,Yes,87.0,13,Yes,No,Yes,Same,Very Positive
R104275,27,Male,North America,PC,GTA San Andreas,5,YouTube,4,Map size & exploration,7,3,Yes,58.0,7,Yes,Yes,Yes,Decreased,Positive
R104276,41,Female,Middle East,Xbox Series X/S,GTA Vice City,2,Twitch,8,Improved police/AI systems,7,4,Yes,84.0,6,Yes,No,Yes,Increased,Positive
R104277,31,Male,Latin America,Xbox Series X/S,GTA V,7,Friends,8,Improved police/AI systems,8,3,Yes,74.0,11,Yes,No,Yes,Increased,Very Positive
R104278,22,Female,North America,PlayStation 5,Red Dead Redemption 2,9,Friends,12,Graphics & ray tracing,10,5,Yes,83.0,25,Yes,No,Yes,Decreased,Very Positive
R104279,38,Male,Middle East,PlayStation 5,GTA V,0,X/Twitter,8,Map size & exploration,6,5,No,69.0,8,No,Yes,Yes,Increased,Positive
R104280,13,Non-binary,Europe,Xbox Series X/S,GTA V,3,YouTube,7,Map size & exploration,10,4,Yes,96.0,20,No,No,Yes,Increased,Very Positive
R104281,35,Male,North America,PlayStation 5 Pro,GTA V,6,YouTube,10,Online/multiplayer mode,6,5,Maybe,68.0,10,Yes,Yes,No,Decreased,Positive
R104282,19,Male,North America,Xbox Series X/S,GTA San Andreas,3,Official Rockstar trailer,9,Dual protagonists (Jason & Lucia),7,3,Yes,54.0,11,Yes,No,Yes,Same,Positive
R104283,13,Male,Latin America,PC,Red Dead Redemption 2,5,X/Twitter,1,Open-world Vice City map,5,3,No,48.0,2,Yes,Yes,Yes,Increased,Positive
R104284,28,Female,Asia-Pacific,PlayStation 5,GTA San Andreas,5,Official Rockstar trailer,5,Deeper character customization,7,4,Yes,75.0,4,Yes,No,No,Decreased,Positive
R104285,29,Male,North America,PlayStation 5 Pro,Red Dead Redemption 2,10,TikTok,13,Story & narrative depth,10,5,Yes,73.0,27,Yes,No,Yes,Same,Very Positive
R104286,18,Male,Asia-Pacific,PlayStation 5,GTA San Andreas,7,Official Rockstar trailer,10,Open-world Vice City map,9,5,Maybe,66.0,8,No,Yes,Yes,Same,Very Positive
R104287,26,Female,Europe,PC,GTA V,5,YouTube,14,Dual protagonists (Jason & Lucia),9,5,Yes,66.0,24,No,No,Yes,Same,Very Positive
R104288,22,Male,Latin America,PC,GTA V,5,Official Rockstar trailer,7,Story & narrative depth,10,2,Yes,91.0,8,No,No,Yes,Same,Very Positive
R104289,27,Female,North America,PC,GTA V,10,X/Twitter,5,Online/multiplayer mode,7,5,Yes,59.0,38,Yes,Yes,Yes,Increased,Positive
R104290,28,Male,Asia-Pacific,PlayStation 5,GTA V,5,Official Rockstar trailer,13,Story & narrative depth,10,4,Yes,94.0,17,Yes,Yes,No,Increased,Very Positive
R104291,27,Male,Africa,PlayStation 5 Pro,GTA Vice City,8,Official Rockstar trailer,5,Online/multiplayer mode,7,4,Yes,68.0,37,Yes,No,No,Same,Positive
R104292,14,Male,Europe,PlayStation 5,GTA V,1,Reddit,9,Dual protagonists (Jason & Lucia),10,3,Yes,68.0,15,Yes,No,No,Increased,Very Positive
R104293,19,Male,North America,PC,GTA V,0,TikTok,7,Dual protagonists (Jason & Lucia),7,5,Yes,69.0,4,Yes,Yes,No,Same,Positive
R104294,24,Female,Europe,PC,GTA Vice City,3,YouTube,11,Open-world Vice City map,8,3,Yes,62.0,27,No,No,Yes,Increased,Very Positive
R104295,30,,Latin America,PlayStation 5 Pro,GTA V,2,YouTube,12,Story & narrative depth,10,3,Yes,93.0,15,Yes,No,Yes,Increased,Very Positive
R104296,17,Male,Middle East,PlayStation 5,GTA IV,4,Twitch,9,Improved police/AI systems,6,4,Yes,56.0,4,No,Yes,No,Increased,Positive
R104297,25,Male,Latin America,Xbox Series X/S,GTA San Andreas,4,X/Twitter,5,Map size & exploration,5,4,Maybe,48.0,5,Yes,Yes,No,Same,Positive
R104298,30,Male,Middle East,PC,GTA IV,5,Friends,7,Story & narrative depth,7,4,Yes,60.0,8,Yes,Yes,No,Decreased,Positive
R104299,33,Male,Latin America,PlayStation 5,GTA V,3,TikTok,6,Open-world Vice City map,7,4,No,40.0,10,No,Yes,Yes,Increased,Positive
R104300,16,Male,Asia-Pacific,PlayStation 5,GTA IV,7,Friends,10,Online/multiplayer mode,10,3,Yes,63.0,28,Yes,No,No,Same,Very Positive
R104301,23,Male,Latin America,PlayStation 5 Pro,GTA III,11,Gaming news sites,8,Dual protagonists (Jason & Lucia),8,2,Yes,85.0,15,Yes,No,Yes,Increased,Very Positive
R104302,34,Male,Europe,PlayStation 5,GTA Vice City,11,Official Rockstar trailer,3,Improved police/AI systems,4,2,Yes,49.0,23,Yes,Yes,No,Same,Neutral/Cautious
R104303,32,Male,Latin America,PC,GTA IV,8,Gaming news sites,11,Better driving physics,9,3,Yes,81.0,17,Yes,No,Yes,Decreased,Very Positive
R104304,13,Male,Asia-Pacific,Xbox Series X/S,GTA V,6,TikTok,11,Online/multiplayer mode,10,4,Yes,82.0,22,Yes,No,Yes,Decreased,Very Positive
R104305,38,Prefer not to say,Latin America,PlayStation 5,GTA V,10,YouTube,11,Deeper character customization,10,3,No,89.0,21,Yes,No,No,Increased,Very Positive
R104306,20,Male,North America,PlayStation 5,GTA V,0,Gaming news sites,9,Deeper character customization,5,4,Maybe,72.0,6,No,No,Yes,Increased,Positive
R104307,13,Male,North America,PlayStation 5,GTA V,5,Gaming news sites,9,Dual protagonists (Jason & Lucia),10,4,Yes,76.0,27,Yes,No,Yes,Increased,Very Positive
R104308,13,Male,Europe,PC,GTA San Andreas,8,Official Rockstar trailer,11,Dual protagonists (Jason & Lucia),9,3,Maybe,76.0,14,Yes,No,Yes,Decreased,Very Positive
R104309,13,Male,Africa,Xbox Series X/S,GTA Vice City,9,TikTok,9,Map size & exploration,8,4,Yes,81.0,3,Yes,Yes,Yes,Increased,Very Positive
R104310,36,Male,Middle East,Xbox Series X/S,Red Dead Redemption 2,6,Gaming news sites,6,Online/multiplayer mode,9,3,Yes,77.0,35,Yes,No,No,Same,Very Positive
R104311,24,Female,North America,Xbox Series X/S,GTA V,5,Friends,7,Dual protagonists (Jason & Lucia),9,3,Yes,89.0,9,No,No,Yes,Same,Very Positive
R104312,19,Male,Europe,PlayStation 5,GTA IV,6,Official Rockstar trailer,7,Dual protagonists (Jason & Lucia),8,3,Maybe,73.0,10,Yes,Yes,Yes,Same,Very Positive
R104313,23,Male,North America,Xbox Series X/S,Red Dead Redemption 2,6,Twitch,10,Improved police/AI systems,10,4,No,93.0,20,Yes,No,No,Decreased,Very Positive
R104314,28,Male,Asia-Pacific,Undecided,Red Dead Redemption 2,8,TikTok,6,Online/multiplayer mode,8,2,No,74.0,37,Yes,No,Yes,Same,Very Positive
R104315,25,Female,Middle East,PlayStation 5,GTA San Andreas,4,Reddit,11,Story & narrative depth,9,3,Yes,80.0,5,Yes,Yes,Yes,Increased,Very Positive
R104316,25,Male,Middle East,PlayStation 5,GTA III,8,YouTube,7,Dual protagonists (Jason & Lucia),6,2,Yes,51.0,26,Yes,No,Yes,Same,Positive
R104317,23,Prefer not to say,Europe,PlayStation 5 Pro,Red Dead Redemption 2,7,Official Rockstar trailer,8,Improved police/AI systems,8,4,Yes,98.0,8,Yes,No,No,Increased,Very Positive
R104318,31,Male,Europe,PlayStation 5,GTA San Andreas,6,YouTube,12,Open-world Vice City map,9,3,Yes,59.0,4,Yes,Yes,Yes,Same,Very Positive
R104319,16,Male,Asia-Pacific,PC,GTA IV,8,Reddit,11,Better driving physics,10,4,No,91.0,10,No,Yes,Yes,Decreased,Very Positive
R104320,13,Male,Europe,PC,GTA San Andreas,7,Official Rockstar trailer,9,Deeper character customization,10,5,Yes,87.0,20,Yes,Yes,Yes,Same,Very Positive
R104321,21,Male,North America,PC,GTA San Andreas,7,Twitch,10,Online/multiplayer mode,7,5,Maybe,62.0,15,No,No,Yes,Increased,Positive
R104322,36,Female,Africa,Xbox Series X/S,GTA IV,10,TikTok,12,Better driving physics,8,3,Yes,63.0,34,Yes,No,No,Same,Very Positive
R104323,33,Male,North America,PlayStation 5 Pro,Red Dead Redemption 2,5,TikTok,15,Map size & exploration,10,5,Maybe,62.0,5,No,Yes,Yes,Decreased,Very Positive
R104324,13,Male,Asia-Pacific,Xbox Series X/S,GTA IV,9,YouTube,10,Deeper character customization,9,3,Yes,75.0,5,Yes,No,No,Decreased,Very Positive
R104325,32,Female,Europe,PlayStation 5,GTA V,9,YouTube,15,Online/multiplayer mode,7,2,Yes,63.0,18,Yes,No,Yes,Increased,Positive
R104326,32,Male,Asia-Pacific,PC,GTA San Andreas,10,Friends,7,Story & narrative depth,9,3,Yes,72.0,32,Yes,Yes,Yes,Increased,Very Positive
R104327,35,Non-binary,Europe,PlayStation 5 Pro,GTA V,9,Reddit,11,Story & narrative depth,10,3,Yes,84.0,14,Yes,No,Yes,Increased,Very Positive
R104328,30,Non-binary,Asia-Pacific,PlayStation 5,GTA IV,6,Reddit,9,Map size & exploration,6,5,Maybe,55.0,7,Yes,Yes,No,Same,Positive
R104329,28,Male,Asia-Pacific,PlayStation 5,GTA IV,7,YouTube,15,Dual protagonists (Jason & Lucia),6,3,Yes,55.0,16,Yes,Yes,Yes,Increased,Positive
R104330,17,Female,North America,Xbox Series X/S,GTA San Andreas,2,Official Rockstar trailer,12,Open-world Vice City map,10,4,Yes,97.0,15,No,Yes,No,Increased,Very Positive
R104331,26,Male,North America,PlayStation 5,GTA San Andreas,9,Twitch,7,Dual protagonists (Jason & Lucia),6,3,Maybe,88.0,16,Yes,No,No,Decreased,Positive
R104332,14,Female,Asia-Pacific,Xbox Series X/S,Red Dead Redemption 2,5,Official Rockstar trailer,10,Graphics & ray tracing,9,3,Yes,78.0,4,Yes,No,No,Decreased,Very Positive
R104333,29,Female,North America,PC,GTA V,7,Official Rockstar trailer,5,Online/multiplayer mode,8,3,Yes,83.0,46,No,No,No,Increased,Very Positive
R104334,14,Male,Africa,Xbox Series X/S,GTA V,4,TikTok,8,Realistic economy & businesses,5,4,Maybe,43.0,11,No,Yes,No,Increased,Positive
R104335,13,Male,Middle East,PlayStation 5,GTA Vice City,7,Official Rockstar trailer,3,Story & narrative depth,5,3,Yes,51.0,5,No,Yes,No,Increased,Positive
R104336,13,Male,North America,Xbox Series X/S,GTA III,7,Official Rockstar trailer,4,Online/multiplayer mode,8,3,Yes,75.0,26,Yes,Yes,No,Same,Very Positive
R104337,17,Male,Asia-Pacific,Xbox Series X/S,GTA San Andreas,7,Gaming news sites,8,Map size & exploration,9,5,Maybe,74.0,30,No,No,Yes,Decreased,Very Positive
R104338,26,Male,Africa,PlayStation 5 Pro,GTA V,11,YouTube,10,Deeper character customization,7,5,Yes,70.0,13,Yes,No,Yes,Increased,Positive
R104339,21,Male,Asia-Pacific,Undecided,GTA Vice City,6,Official Rockstar trailer,11,Improved police/AI systems,8,3,No,87.0,19,Yes,Yes,Yes,Same,Very Positive
R104340,32,Male,Asia-Pacific,PlayStation 5,GTA V,7,TikTok,7,Better driving physics,9,4,Yes,78.0,26,No,No,Yes,Increased,Very Positive
R104341,42,Male,Europe,PC,GTA San Andreas,6,Reddit,12,Better driving physics,8,4,Yes,52.0,16,Yes,Yes,No,Same,Very Positive
R104342,31,Male,Europe,PlayStation 5,GTA III,9,Reddit,17,Story & narrative depth,9,2,No,74.0,13,Yes,Yes,Yes,Increased,Very Positive
R104343,23,Male,North America,PlayStation 5,GTA V,7,TikTok,2,Deeper character customization,7,3,Yes,66.0,25,Yes,No,No,Increased,Positive
R104344,25,Male,North America,PlayStation 5 Pro,Red Dead Redemption 2,7,X/Twitter,6,Graphics & ray tracing,7,4,Yes,65.0,6,Yes,No,No,Increased,Positive
R104345,26,Male,North America,PlayStation 5 Pro,GTA V,6,Twitch,10,Improved police/AI systems,9,5,Yes,76.0,12,Yes,No,Yes,Increased,Very Positive
R104346,20,Male,Europe,PlayStation 5 Pro,Never played GTA,2,Reddit,5,Open-world Vice City map,3,2,No,28.0,14,No,No,Yes,Increased,Neutral/Cautious
R104347,29,Female,North America,Xbox Series X/S,GTA IV,5,YouTube,3,Online/multiplayer mode,6,2,Yes,55.0,26,No,Yes,Yes,Increased,Positive
R104348,30,Male,Latin America,PlayStation 5,Red Dead Redemption 2,9,YouTube,8,Dual protagonists (Jason & Lucia),5,3,Maybe,44.0,21,Yes,Yes,No,Increased,Positive
R104349,25,Non-binary,Latin America,PC,GTA IV,9,YouTube,8,Open-world Vice City map,7,4,No,67.0,9,No,No,No,Increased,Positive
R104350,17,Male,North America,PlayStation 5,GTA V,0,YouTube,9,Better driving physics,10,5,Yes,95.0,12,Yes,Yes,No,Increased,Very Positive
R104351,28,Female,Asia-Pacific,PlayStation 5,GTA V,9,Twitch,6,Graphics & ray tracing,6,4,No,62.0,15,Yes,No,No,Same,Positive
R104352,24,Female,Europe,PlayStation 5,GTA Vice City,4,Reddit,11,Dual protagonists (Jason & Lucia),9,4,Yes,78.0,9,No,Yes,Yes,Increased,Very Positive
R104353,21,Non-binary,Asia-Pacific,Xbox Series X/S,GTA San Andreas,3,YouTube,5,Online/multiplayer mode,6,2,No,58.0,12,No,No,No,Same,Positive
R104354,25,Male,Asia-Pacific,PlayStation 5,GTA V,6,TikTok,8,Story & narrative depth,7,5,Maybe,72.0,48,Yes,No,Yes,Same,Positive
R104355,29,Male,North America,Xbox Series X/S,GTA V,1,Official Rockstar trailer,11,Map size & exploration,7,3,Yes,52.0,3,Yes,No,Yes,Decreased,Positive
R104356,35,Female,Asia-Pacific,Xbox Series X/S,GTA Vice City,7,Gaming news sites,7,Online/multiplayer mode,8,4,Maybe,94.0,18,Yes,No,Yes,Increased,Very Positive
R104357,22,Female,Asia-Pacific,PlayStation 5,GTA V,5,Gaming news sites,8,Deeper character customization,7,4,Maybe,71.0,5,Yes,No,Yes,Decreased,Positive
R104358,36,Male,Europe,PC,GTA V,7,YouTube,0,Better driving physics,4,4,Yes,55.0,7,No,No,Yes,Same,Neutral/Cautious
R104359,21,Female,Europe,Undecided,GTA V,4,TikTok,8,Realistic economy & businesses,10,5,Yes,70.0,13,Yes,Yes,No,Increased,Very Positive
R104360,20,Male,Latin America,PlayStation 5,GTA V,9,X/Twitter,11,Open-world Vice City map,10,3,Yes,77.0,2,No,Yes,Yes,Same,Very Positive
R104361,29,Female,Africa,PlayStation 5,GTA Vice City,10,Gaming news sites,3,Story & narrative depth,6,4,Maybe,51.0,19,Yes,Yes,No,Decreased,Positive
R104362,24,Male,North America,PlayStation 5,GTA V,5,Official Rockstar trailer,6,Improved police/AI systems,6,4,Maybe,61.0,5,Yes,No,Yes,Increased,Positive
R104363,26,Non-binary,North America,PlayStation 5,GTA V,0,X/Twitter,11,Story & narrative depth,9,2,No,92.0,34,Yes,No,Yes,Same,Very Positive
R104364,36,Male,Europe,Xbox Series X/S,GTA V,4,Friends,9,Better driving physics,6,5,Yes,62.0,8,Yes,No,Yes,Increased,Positive
R104365,13,Male,Europe,PlayStation 5 Pro,GTA V,10,Gaming news sites,11,Map size & exploration,9,4,Yes,92.0,28,Yes,No,Yes,Increased,Very Positive
R104366,23,Male,Europe,Xbox Series X/S,GTA San Andreas,5,TikTok,12,Map size & exploration,9,4,Yes,87.0,3,Yes,No,Yes,Increased,Very Positive
R104367,28,Male,Latin America,PC,GTA IV,6,TikTok,8,Open-world Vice City map,8,5,Yes,69.0,2,Yes,No,Yes,Same,Very Positive
R104368,23,Male,Latin America,PC,GTA V,4,TikTok,8,Open-world Vice City map,10,2,Yes,94.0,12,No,No,No,Increased,Very Positive
R104369,26,Male,Europe,Xbox Series X/S,GTA IV,9,Reddit,6,Improved police/AI systems,7,2,Yes,,9,Yes,No,Yes,Increased,Positive
R104370,28,Male,North America,PlayStation 5 Pro,GTA San Andreas,10,YouTube,9,Improved police/AI systems,9,5,Yes,86.0,39,Yes,No,Yes,Same,Very Positive
R104371,31,Male,North America,PlayStation 5 Pro,GTA San Andreas,7,TikTok,11,Map size & exploration,7,5,Maybe,44.0,19,Yes,No,Yes,Decreased,Positive
R104372,13,Male,Middle East,Xbox Series X/S,GTA IV,5,X/Twitter,4,Open-world Vice City map,6,4,No,48.0,22,Yes,Yes,No,Increased,Positive
R104373,30,Male,Latin America,Xbox Series X/S,GTA V,2,Official Rockstar trailer,4,Better driving physics,6,3,Maybe,56.0,4,Yes,No,Yes,Decreased,Positive
R104374,23,Male,Asia-Pacific,PlayStation 5,GTA V,5,X/Twitter,14,Open-world Vice City map,8,4,No,76.0,4,Yes,Yes,Yes,Increased,Very Positive
R104375,13,Male,North America,PlayStation 5,GTA IV,10,YouTube,12,Map size & exploration,8,5,Maybe,82.0,8,No,Yes,Yes,Increased,Very Positive
R104376,47,Male,Europe,Xbox Series X/S,GTA Vice City,9,YouTube,8,Realistic economy & businesses,6,4,No,68.0,40,Yes,Yes,Yes,Same,Positive
R104377,22,,North America,PC,GTA V,4,Reddit,12,Deeper character customization,8,5,Yes,66.0,38,Yes,Yes,Yes,Increased,Very Positive
R104378,26,Male,Asia-Pacific,PC,Red Dead Redemption 2,6,YouTube,9,Realistic economy & businesses,8,3,Yes,98.0,12,Yes,No,No,Increased,Very Positive
R104379,26,Female,Asia-Pacific,PlayStation 5,GTA V,10,YouTube,8,Graphics & ray tracing,10,4,Yes,87.0,10,Yes,Yes,Yes,Increased,Very Positive
R104380,27,Male,Asia-Pacific,PC,GTA V,11,YouTube,10,Open-world Vice City map,7,4,No,76.0,30,No,No,No,Increased,Positive
R104381,26,Male,Middle East,Xbox Series X/S,GTA V,4,YouTube,6,Map size & exploration,7,2,Maybe,63.0,5,No,Yes,No,Same,Positive
R104382,29,Male,Asia-Pacific,PC,GTA San Andreas,7,Twitch,11,Improved police/AI systems,10,4,Yes,89.0,11,No,Yes,Yes,Increased,Very Positive
R104383,20,Male,Europe,Xbox Series X/S,GTA V,4,YouTube,9,Realistic economy & businesses,8,4,Yes,71.0,22,No,No,Yes,Increased,Very Positive
R104384,22,Female,North America,PlayStation 5,GTA V,7,YouTube,7,Deeper character customization,6,5,Yes,42.0,8,Yes,No,No,Increased,Positive
R104385,13,Non-binary,Africa,Xbox Series X/S,GTA V,12,YouTube,8,Graphics & ray tracing,6,4,No,61.0,22,Yes,Yes,No,Increased,Positive
R104386,39,Female,North America,PC,GTA San Andreas,2,Official Rockstar trailer,9,Improved police/AI systems,7,3,Yes,72.0,4,Yes,No,Yes,Same,Positive
R104387,38,Male,North America,PlayStation 5,Red Dead Redemption 2,13,Reddit,6,Open-world Vice City map,5,4,Maybe,51.0,28,No,No,Yes,Increased,Positive
R104388,34,Male,Asia-Pacific,Undecided,GTA III,6,Official Rockstar trailer,14,Improved police/AI systems,10,5,Yes,102.0,28,Yes,No,No,Decreased,Very Positive
R104389,26,Male,Latin America,PlayStation 5,GTA Vice City,2,YouTube,11,Better driving physics,10,3,Yes,90.0,57,No,Yes,Yes,Increased,Very Positive
R104390,18,Male,North America,PC,Red Dead Redemption 2,2,Official Rockstar trailer,11,Improved police/AI systems,8,3,Yes,64.0,9,No,No,No,Increased,Very Positive
R104391,31,Male,North America,PlayStation 5 Pro,GTA V,5,Official Rockstar trailer,7,Graphics & ray tracing,8,4,Yes,83.0,1,Yes,No,No,Same,Very Positive
R104392,35,Male,Asia-Pacific,PlayStation 5,GTA V,2,Official Rockstar trailer,7,Open-world Vice City map,7,4,Maybe,56.0,28,Yes,Yes,Yes,Increased,Positive
R104393,33,Male,North America,PC,GTA San Andreas,9,X/Twitter,7,Dual protagonists (Jason & Lucia),10,3,Yes,109.0,5,No,Yes,No,Decreased,Very Positive
R104394,21,Female,Latin America,Xbox Series X/S,GTA Vice City,6,Official Rockstar trailer,9,Story & narrative depth,9,3,Yes,71.0,20,Yes,No,Yes,Increased,Very Positive
R104395,29,Male,Asia-Pacific,PlayStation 5,GTA San Andreas,5,X/Twitter,11,Online/multiplayer mode,7,3,No,53.0,14,Yes,No,No,Increased,Positive
R104396,18,Prefer not to say,North America,PC,GTA San Andreas,4,TikTok,14,Realistic economy & businesses,10,4,Yes,75.0,8,Yes,No,No,Increased,Very Positive
R104397,30,Male,Asia-Pacific,PlayStation 5,GTA Vice City,4,TikTok,6,Story & narrative depth,7,1,Yes,95.0,17,Yes,No,Yes,Increased,Positive
R104398,13,Female,Africa,PC,GTA San Andreas,0,Reddit,8,Open-world Vice City map,8,3,No,84.0,14,Yes,No,No,Increased,Very Positive
R104399,28,Male,Europe,PlayStation 5,GTA V,7,X/Twitter,5,Online/multiplayer mode,8,4,Yes,85.0,22,No,Yes,No,Increased,Very Positive
R104400,30,Male,Latin America,PlayStation 5,GTA San Andreas,12,YouTube,5,Dual protagonists (Jason & Lucia),7,4,Yes,54.0,36,Yes,Yes,Yes,Increased,Positive
R104401,23,Male,Europe,PlayStation 5,GTA San Andreas,7,YouTube,11,Online/multiplayer mode,5,4,Maybe,70.0,19,Yes,No,Yes,Decreased,Positive
R104402,29,Prefer not to say,Africa,Xbox Series X/S,GTA San Andreas,9,YouTube,11,Better driving physics,10,4,Yes,75.0,9,Yes,No,Yes,Decreased,Very Positive
R104403,14,Male,Asia-Pacific,Xbox Series X/S,GTA IV,7,TikTok,9,Realistic economy & businesses,9,3,No,92.0,18,Yes,Yes,No,Same,Very Positive
R104404,26,Male,North America,PlayStation 5,GTA San Andreas,6,Official Rockstar trailer,7,Graphics & ray tracing,6,4,Yes,37.0,15,Yes,No,Yes,Increased,Positive
R104405,20,Male,North America,PlayStation 5,GTA San Andreas,0,YouTube,10,Online/multiplayer mode,10,2,Yes,98.0,15,Yes,No,Yes,Increased,Very Positive
R104406,13,Female,North America,Xbox Series X/S,GTA San Andreas,1,TikTok,13,Dual protagonists (Jason & Lucia),10,2,Yes,97.0,15,No,No,Yes,Increased,Very Positive
R104407,13,Female,Latin America,PlayStation 5,Red Dead Redemption 2,7,Friends,8,Open-world Vice City map,7,2,Maybe,48.0,11,Yes,No,Yes,Increased,Positive
R104408,24,Male,North America,PlayStation 5,Red Dead Redemption 2,1,YouTube,10,Deeper character customization,8,2,Yes,71.0,46,Yes,No,No,Decreased,Very Positive
R104409,29,Male,North America,Xbox Series X/S,Red Dead Redemption 2,1,Official Rockstar trailer,9,Better driving physics,9,3,Yes,87.0,20,Yes,Yes,No,Same,Very Positive
R104410,20,Male,Asia-Pacific,Xbox Series X/S,Never played GTA,9,YouTube,3,Deeper character customization,6,4,Yes,56.0,28,No,No,No,Same,Positive
R104411,17,Male,Africa,PlayStation 5,GTA San Andreas,9,Gaming news sites,7,Realistic economy & businesses,8,4,Yes,59.0,23,Yes,No,No,Increased,Very Positive
R104412,28,Male,Africa,Xbox Series X/S,GTA V,1,Official Rockstar trailer,13,Improved police/AI systems,8,4,Maybe,85.0,28,Yes,No,No,Increased,Very Positive
R104413,24,Male,North America,PlayStation 5,GTA V,7,YouTube,5,Story & narrative depth,6,4,No,74.0,8,Yes,Yes,Yes,Increased,Positive
R104414,20,Male,North America,Undecided,GTA V,7,X/Twitter,4,Story & narrative depth,5,5,Maybe,60.0,6,No,No,No,Same,Positive
R104415,29,Male,Latin America,PlayStation 5 Pro,GTA III,12,TikTok,4,Map size & exploration,6,5,Maybe,69.0,17,No,Yes,Yes,Increased,Positive
R104416,34,Female,North America,Xbox Series X/S,GTA San Andreas,9,Reddit,5,Better driving physics,5,2,Yes,66.0,10,No,No,Yes,Decreased,Positive
R104417,28,Prefer not to say,Europe,PlayStation 5,GTA V,10,X/Twitter,9,Dual protagonists (Jason & Lucia),9,4,Maybe,60.0,29,No,Yes,No,Increased,Very Positive
R104418,25,Female,Asia-Pacific,PlayStation 5,GTA San Andreas,3,X/Twitter,11,Deeper character customization,10,5,Yes,81.0,12,Yes,Yes,No,Same,Very Positive
R104419,23,Male,Asia-Pacific,PlayStation 5,GTA San Andreas,5,Gaming news sites,10,Realistic economy & businesses,9,5,No,63.0,29,No,No,No,Increased,Very Positive
R104420,26,Male,Europe,PC,Never played GTA,9,Official Rockstar trailer,5,Open-world Vice City map,7,4,Yes,85.0,30,Yes,No,No,Increased,Positive
R104421,14,Male,Europe,Xbox Series X/S,GTA San Andreas,1,TikTok,7,Map size & exploration,4,2,Yes,35.0,10,No,No,Yes,Decreased,Neutral/Cautious
R104422,21,Male,North America,PC,GTA San Andreas,11,Official Rockstar trailer,13,Dual protagonists (Jason & Lucia),9,3,Yes,79.0,17,Yes,No,Yes,Increased,Very Positive
R104423,16,Female,Latin America,PC,GTA V,8,YouTube,8,Realistic economy & businesses,9,2,Yes,81.0,31,Yes,No,No,Increased,Very Positive
R104424,33,Female,Asia-Pacific,PC,GTA Vice City,2,TikTok,12,Open-world Vice City map,9,4,Yes,71.0,6,Yes,No,Yes,Same,Very Positive
R104425,13,Male,Africa,Xbox Series X/S,GTA V,10,YouTube,13,Map size & exploration,9,3,Yes,90.0,27,Yes,No,Yes,Same,Very Positive
R104426,30,Male,North America,PlayStation 5,GTA V,5,Official Rockstar trailer,11,Map size & exploration,6,3,No,42.0,1,Yes,Yes,Yes,Same,Positive
R104427,23,Female,Latin America,Xbox Series X/S,Red Dead Redemption 2,8,Official Rockstar trailer,16,Open-world Vice City map,8,5,Yes,71.0,11,Yes,No,Yes,Increased,Very Positive
R104428,22,Male,Asia-Pacific,Xbox Series X/S,GTA San Andreas,6,TikTok,20,Dual protagonists (Jason & Lucia),9,4,Yes,71.0,12,Yes,Yes,Yes,Same,Very Positive
R104429,30,Prefer not to say,Asia-Pacific,PlayStation 5,GTA Vice City,8,Official Rockstar trailer,6,Online/multiplayer mode,6,3,Yes,,14,Yes,Yes,Yes,Increased,Positive
R104430,34,Male,Asia-Pacific,Undecided,GTA San Andreas,0,Official Rockstar trailer,6,Online/multiplayer mode,7,3,No,64.0,27,Yes,Yes,No,Decreased,Positive
R104431,19,Male,Latin America,Xbox Series X/S,GTA V,2,YouTube,9,Story & narrative depth,9,4,Yes,79.0,25,Yes,No,Yes,Same,Very Positive
R104432,35,Male,North America,PC,GTA San Andreas,9,Official Rockstar trailer,11,Online/multiplayer mode,7,3,Yes,66.0,11,No,Yes,Yes,Same,Positive
R104433,28,Female,North America,PC,GTA V,8,Official Rockstar trailer,5,Story & narrative depth,5,5,Maybe,41.0,9,Yes,Yes,No,Same,Positive
R104434,35,Male,Asia-Pacific,Xbox Series X/S,GTA V,6,Official Rockstar trailer,9,Realistic economy & businesses,9,3,Yes,69.0,2,Yes,Yes,No,Decreased,Very Positive
R104435,25,Male,Latin America,PlayStation 5,GTA V,5,TikTok,7,Open-world Vice City map,8,3,Maybe,70.0,29,No,No,Yes,Increased,Very Positive
R104436,22,Female,North America,Xbox Series X/S,Red Dead Redemption 2,3,Reddit,10,Improved police/AI systems,7,4,Yes,67.0,13,Yes,Yes,No,Same,Positive
R104437,39,Male,Middle East,PlayStation 5 Pro,GTA V,3,YouTube,9,Open-world Vice City map,6,3,No,55.0,3,Yes,Yes,Yes,Increased,Positive
R104438,20,Male,Asia-Pacific,Xbox Series X/S,GTA San Andreas,4,X/Twitter,12,Realistic economy & businesses,10,5,Yes,96.0,8,Yes,Yes,No,Same,Very Positive
R104439,22,Male,Europe,Xbox Series X/S,GTA V,6,Reddit,8,Online/multiplayer mode,7,4,No,87.0,19,No,No,No,Same,Positive
R104440,29,Female,Europe,Xbox Series X/S,GTA V,8,Official Rockstar trailer,9,Open-world Vice City map,10,4,Yes,81.0,12,Yes,No,Yes,Increased,Very Positive
R104441,16,Female,Europe,PC,GTA San Andreas,2,Official Rockstar trailer,3,Map size & exploration,7,5,Maybe,77.0,3,Yes,No,No,Increased,Positive
R104442,19,Male,Middle East,PlayStation 5,GTA V,7,YouTube,14,Story & narrative depth,9,2,Yes,72.0,7,Yes,No,Yes,Increased,Very Positive
R104443,22,Male,Asia-Pacific,Xbox Series X/S,GTA San Andreas,5,Reddit,7,Deeper character customization,8,4,Yes,77.0,18,No,No,No,Increased,Very Positive
R104444,18,Male,Latin America,PlayStation 5,GTA V,5,Gaming news sites,7,Story & narrative depth,9,3,Maybe,96.0,9,Yes,No,No,Increased,Very Positive
R104445,26,Male,Asia-Pacific,PC,GTA V,6,Official Rockstar trailer,10,Dual protagonists (Jason & Lucia),10,3,Yes,68.0,28,Yes,No,Yes,Decreased,Very Positive
R104446,13,Male,Asia-Pacific,PC,GTA V,2,TikTok,14,Online/multiplayer mode,10,3,Yes,88.0,11,Yes,No,Yes,Same,Very Positive
R104447,25,Male,Europe,PlayStation 5,Never played GTA,5,Official Rockstar trailer,7,Realistic economy & businesses,5,4,No,72.0,11,Yes,Yes,No,Same,Positive
R104448,16,Female,Europe,PC,Never played GTA,4,Official Rockstar trailer,4,Open-world Vice City map,5,5,Maybe,45.0,9,Yes,Yes,No,Decreased,Positive
R104449,32,Male,Europe,Xbox Series X/S,GTA V,6,Gaming news sites,5,Map size & exploration,4,4,No,50.0,10,No,No,Yes,Increased,Neutral/Cautious
R104450,41,Female,North America,Xbox Series X/S,Never played GTA,8,Reddit,6,Dual protagonists (Jason & Lucia),6,2,Maybe,62.0,7,No,No,No,Increased,Positive
R104451,33,Male,North America,PlayStation 5,GTA San Andreas,7,Official Rockstar trailer,9,Graphics & ray tracing,9,4,Yes,86.0,11,No,No,No,Decreased,Very Positive
R104452,13,Male,Asia-Pacific,Xbox Series X/S,GTA V,4,YouTube,7,Dual protagonists (Jason & Lucia),8,5,Yes,78.0,33,Yes,No,Yes,Increased,Very Positive
R104453,27,Male,Europe,Undecided,GTA V,6,TikTok,8,Graphics & ray tracing,10,3,Yes,75.0,11,Yes,No,No,Increased,Very Positive
R104454,27,Male,Europe,PC,GTA V,4,YouTube,5,Open-world Vice City map,6,4,No,73.0,18,Yes,No,Yes,Increased,Positive
R104455,25,Male,Europe,PlayStation 5,Red Dead Redemption 2,2,Twitch,9,Dual protagonists (Jason & Lucia),9,4,Yes,99.0,24,No,No,No,Increased,Very Positive
R104456,32,Male,North America,Xbox Series X/S,GTA V,11,Reddit,4,Online/multiplayer mode,6,4,No,55.0,13,No,No,Yes,Same,Positive
R104457,27,Male,Asia-Pacific,PC,GTA San Andreas,7,Reddit,7,Story & narrative depth,5,4,No,52.0,9,Yes,Yes,Yes,Decreased,Positive
R104458,20,Male,Europe,PC,GTA III,6,Reddit,9,Online/multiplayer mode,6,3,Maybe,54.0,10,No,Yes,Yes,Increased,Positive
R104459,37,Male,Middle East,Xbox Series X/S,GTA V,6,Official Rockstar trailer,10,Open-world Vice City map,9,5,Yes,75.0,31,No,No,Yes,Increased,Very Positive
R104460,13,Male,Asia-Pacific,PlayStation 5,GTA IV,12,Official Rockstar trailer,5,Better driving physics,7,3,Yes,69.0,4,No,No,No,Increased,Positive
R104461,23,Male,Asia-Pacific,PC,Red Dead Redemption 2,1,YouTube,11,Online/multiplayer mode,10,4,Yes,101.0,35,Yes,No,Yes,Increased,Very Positive
R104462,39,Female,Latin America,PC,GTA V,0,Official Rockstar trailer,8,Dual protagonists (Jason & Lucia),10,5,Maybe,92.0,3,Yes,No,Yes,Same,Very Positive
R104463,39,Male,Asia-Pacific,PC,GTA V,6,Official Rockstar trailer,8,Improved police/AI systems,8,5,Yes,95.0,14,Yes,No,No,Increased,Very Positive
R104464,31,Non-binary,Europe,PlayStation 5,Red Dead Redemption 2,4,YouTube,3,Online/multiplayer mode,4,3,Maybe,38.0,2,Yes,Yes,No,Increased,Neutral/Cautious
R104465,26,Male,Middle East,Xbox Series X/S,GTA V,10,Official Rockstar trailer,10,Better driving physics,9,5,Yes,65.0,10,Yes,Yes,No,Increased,Very Positive
R104466,19,Male,Asia-Pacific,PC,GTA San Andreas,7,Official Rockstar trailer,7,Story & narrative depth,9,4,Maybe,70.0,6,No,No,Yes,Decreased,Very Positive
R104467,26,Male,North America,PlayStation 5,GTA San Andreas,9,Official Rockstar trailer,8,Graphics & ray tracing,8,2,Yes,70.0,3,No,No,No,Increased,Very Positive
R104468,23,Male,Europe,Xbox Series X/S,GTA San Andreas,4,Official Rockstar trailer,8,Better driving physics,8,3,Yes,79.0,41,Yes,No,Yes,Increased,Very Positive
R104469,16,Male,Europe,PlayStation 5,GTA San Andreas,1,YouTube,5,Deeper character customization,3,3,Maybe,41.0,17,Yes,Yes,No,Increased,Neutral/Cautious
R104470,13,Male,Europe,PlayStation 5,GTA Vice City,3,Gaming news sites,7,Better driving physics,4,4,Yes,69.0,6,Yes,No,Yes,Decreased,Neutral/Cautious
R104471,19,Male,Asia-Pacific,PC,GTA Vice City,6,Official Rockstar trailer,8,Realistic economy & businesses,9,4,Yes,92.0,33,Yes,Yes,Yes,Increased,Very Positive
R104472,23,Male,Europe,PlayStation 5 Pro,GTA V,0,Official Rockstar trailer,12,Realistic economy & businesses,10,4,Yes,95.0,27,Yes,Yes,No,Increased,Very Positive
R104473,28,Male,North America,Xbox Series X/S,GTA V,2,YouTube,11,Dual protagonists (Jason & Lucia),9,4,Yes,94.0,11,Yes,No,No,Same,Very Positive
R104474,13,Male,North America,PC,GTA V,2,Official Rockstar trailer,7,Improved police/AI systems,5,3,Yes,61.0,15,Yes,Yes,No,Decreased,Positive
R104475,29,Female,Latin America,PlayStation 5,GTA San Andreas,9,Official Rockstar trailer,10,Online/multiplayer mode,5,1,Maybe,48.0,14,Yes,No,Yes,Same,Positive
R104476,27,Female,North America,PC,GTA IV,9,Official Rockstar trailer,8,Realistic economy & businesses,8,3,Yes,76.0,16,No,No,Yes,Decreased,Very Positive
R104477,33,Male,North America,PlayStation 5,GTA San Andreas,2,Official Rockstar trailer,6,Story & narrative depth,6,2,Maybe,44.0,6,No,Yes,No,Increased,Positive
R104478,31,Female,Europe,PlayStation 5,GTA V,6,TikTok,10,Dual protagonists (Jason & Lucia),9,3,Yes,88.0,22,No,No,Yes,Increased,Very Positive
R104479,21,Female,Middle East,PC,GTA San Andreas,3,YouTube,11,Graphics & ray tracing,10,5,Yes,89.0,19,Yes,No,Yes,Increased,Very Positive
R104480,31,Male,Asia-Pacific,PlayStation 5,GTA V,10,Official Rockstar trailer,7,Map size & exploration,6,5,Yes,49.0,57,Yes,Yes,Yes,Same,Positive
R104481,13,Female,Europe,Xbox Series X/S,GTA V,0,YouTube,3,Open-world Vice City map,6,3,No,47.0,18,No,Yes,Yes,Increased,Positive
R104482,41,Male,Latin America,Xbox Series X/S,GTA Vice City,4,Official Rockstar trailer,9,Dual protagonists (Jason & Lucia),10,3,Yes,81.0,20,No,No,Yes,Increased,Very Positive
R104483,29,Male,Latin America,Xbox Series X/S,GTA V,7,TikTok,6,Graphics & ray tracing,6,5,Maybe,63.0,31,No,No,No,Increased,Positive
R104484,23,Male,Asia-Pacific,PlayStation 5,GTA V,6,X/Twitter,7,Online/multiplayer mode,6,4,Yes,53.0,8,No,Yes,No,Increased,Positive
R104485,40,Female,North America,Xbox Series X/S,GTA V,6,Official Rockstar trailer,13,Open-world Vice City map,9,5,Yes,96.0,13,No,No,No,Increased,Very Positive
R104486,18,Male,Latin America,PC,GTA V,7,YouTube,9,Improved police/AI systems,9,4,Yes,61.0,10,No,Yes,Yes,Increased,Very Positive
R104487,22,Female,Middle East,PlayStation 5,GTA V,8,TikTok,11,Dual protagonists (Jason & Lucia),8,3,No,82.0,0,No,Yes,No,Increased,Very Positive
R104488,43,Male,North America,PC,Never played GTA,3,Reddit,7,Map size & exploration,7,4,Maybe,60.0,15,Yes,Yes,No,Increased,Positive
R104489,22,Female,North America,PlayStation 5,GTA V,9,YouTube,8,Online/multiplayer mode,9,4,Yes,82.0,17,No,No,No,Same,Very Positive
R104490,35,Male,Latin America,PC,GTA San Andreas,7,Reddit,8,Online/multiplayer mode,6,3,Maybe,77.0,16,No,No,Yes,Increased,Positive
R104491,31,Female,Africa,PlayStation 5,GTA Vice City,4,X/Twitter,11,Map size & exploration,8,4,Yes,68.0,18,No,No,No,Increased,Very Positive
R104492,25,Female,Middle East,PC,Never played GTA,4,Friends,7,Realistic economy & businesses,6,5,Maybe,55.0,9,Yes,No,No,Increased,Positive
R104493,13,Male,Asia-Pacific,PC,GTA San Andreas,6,Official Rockstar trailer,12,Dual protagonists (Jason & Lucia),10,3,Yes,69.0,26,Yes,Yes,No,Same,Very Positive
R104494,19,Female,Europe,Xbox Series X/S,GTA V,11,Friends,10,Story & narrative depth,10,5,Yes,59.0,14,Yes,No,No,Same,Very Positive
R104495,16,Male,Europe,Xbox Series X/S,GTA San Andreas,8,YouTube,1,Dual protagonists (Jason & Lucia),5,5,Yes,41.0,7,Yes,Yes,No,Increased,Positive
R104496,28,Male,Africa,PC,GTA III,4,YouTube,11,Open-world Vice City map,8,3,Yes,71.0,21,Yes,Yes,Yes,Same,Very Positive
R104497,39,Male,Europe,PlayStation 5,GTA III,2,Reddit,9,Map size & exploration,10,3,Yes,81.0,21,Yes,Yes,No,Same,Very Positive
R104498,26,Male,North America,PlayStation 5,GTA V,9,YouTube,7,Better driving physics,7,5,Yes,80.0,34,Yes,No,No,Decreased,Positive
R104499,25,Male,Latin America,Xbox Series X/S,GTA V,8,YouTube,7,Map size & exploration,8,3,Yes,81.0,28,Yes,No,Yes,Decreased,Very Positive
R104500,29,Male,North America,PC,GTA IV,7,TikTok,9,Open-world Vice City map,5,3,Yes,58.0,15,Yes,Yes,Yes,Increased,Positive
R104501,35,Male,Europe,PC,GTA San Andreas,13,Official Rockstar trailer,8,Story & narrative depth,7,3,Maybe,65.0,10,No,No,Yes,Same,Positive
R104502,29,Male,North America,PC,GTA V,7,X/Twitter,9,Map size & exploration,8,4,No,59.0,16,Yes,No,No,Increased,Very Positive
R104503,26,Male,Middle East,PlayStation 5,Red Dead Redemption 2,10,TikTok,8,Online/multiplayer mode,6,3,Yes,47.0,4,No,Yes,Yes,Increased,Positive
R104504,31,Male,Asia-Pacific,PC,GTA V,6,Official Rockstar trailer,9,Improved police/AI systems,8,5,Yes,97.0,24,Yes,Yes,Yes,Decreased,Very Positive
R104505,25,Female,North America,PlayStation 5,GTA San Andreas,5,Gaming news sites,7,Map size & exploration,6,5,Yes,78.0,21,Yes,No,Yes,Increased,Positive
R104506,34,Male,Europe,PlayStation 5 Pro,GTA V,6,YouTube,6,Map size & exploration,5,3,Yes,62.0,11,Yes,Yes,Yes,Decreased,Positive
R104507,41,Male,North America,PlayStation 5 Pro,GTA V,4,Reddit,7,Story & narrative depth,8,5,No,88.0,38,Yes,No,No,Increased,Very Positive
R104508,31,Non-binary,North America,PlayStation 5,GTA V,7,Friends,12,Open-world Vice City map,10,5,Yes,108.0,17,No,No,No,Increased,Very Positive
R104509,24,Non-binary,North America,PlayStation 5,GTA IV,4,TikTok,12,Dual protagonists (Jason & Lucia),7,4,Maybe,62.0,46,Yes,No,Yes,Decreased,Positive
R104510,38,Female,Europe,PC,Red Dead Redemption 2,6,YouTube,3,Dual protagonists (Jason & Lucia),4,4,No,49.0,18,No,No,Yes,Increased,Neutral/Cautious
R104511,31,Male,North America,Xbox Series X/S,GTA V,8,Reddit,12,Open-world Vice City map,9,3,Yes,75.0,10,Yes,Yes,Yes,Increased,Very Positive
R104512,35,Female,Asia-Pacific,Undecided,GTA IV,10,TikTok,10,Online/multiplayer mode,9,3,Yes,88.0,24,Yes,No,No,Increased,Very Positive
R104513,31,Male,Latin America,PlayStation 5,GTA San Andreas,6,Official Rockstar trailer,7,Better driving physics,6,5,Maybe,60.0,6,No,Yes,Yes,Decreased,Positive
R104514,27,Female,Middle East,PlayStation 5,GTA V,11,YouTube,15,Deeper character customization,9,4,Yes,86.0,11,Yes,Yes,Yes,Increased,Very Positive
R104515,39,Male,North America,PC,GTA San Andreas,2,X/Twitter,8,Open-world Vice City map,6,3,No,40.0,6,No,Yes,No,Decreased,Positive
R104516,28,Male,North America,PlayStation 5,GTA San Andreas,2,YouTube,6,Deeper character customization,7,3,Yes,54.0,16,Yes,No,Yes,Same,Positive
R104517,18,Female,North America,PlayStation 5,GTA IV,5,Reddit,11,Open-world Vice City map,10,4,Yes,106.0,11,Yes,No,Yes,Increased,Very Positive
R104518,27,Male,North America,PlayStation 5 Pro,GTA V,9,Official Rockstar trailer,11,Graphics & ray tracing,9,4,Yes,91.0,21,Yes,No,Yes,Same,Very Positive
R104519,26,Female,Asia-Pacific,PlayStation 5,Red Dead Redemption 2,8,Twitch,4,Dual protagonists (Jason & Lucia),8,5,No,85.0,29,No,No,No,Same,Very Positive
R104520,40,Female,Middle East,PC,GTA V,8,Official Rockstar trailer,10,Online/multiplayer mode,10,3,Yes,58.0,30,Yes,Yes,No,Increased,Very Positive
R104521,29,Male,North America,PlayStation 5,GTA V,0,X/Twitter,13,Open-world Vice City map,8,3,Yes,76.0,15,Yes,No,Yes,Increased,Very Positive
R104522,20,Non-binary,Europe,Xbox Series X/S,GTA San Andreas,5,Friends,7,Dual protagonists (Jason & Lucia),8,3,Yes,46.0,12,No,Yes,Yes,Increased,Very Positive
R104523,22,Male,Europe,PC,GTA Vice City,3,Official Rockstar trailer,9,Open-world Vice City map,9,4,Yes,77.0,20,Yes,Yes,Yes,Increased,Very Positive
R104524,27,Male,Latin America,PlayStation 5,GTA IV,6,Reddit,8,Deeper character customization,8,1,Yes,74.0,17,Yes,No,Yes,Same,Very Positive
R104525,27,Male,Europe,PC,GTA V,6,X/Twitter,9,Dual protagonists (Jason & Lucia),7,4,No,55.0,9,Yes,Yes,Yes,Increased,Positive
R104526,16,Male,Europe,PlayStation 5,GTA San Andreas,4,Official Rockstar trailer,9,Story & narrative depth,10,4,No,65.0,24,Yes,Yes,No,Same,Very Positive
R104527,26,Female,Europe,PC,GTA San Andreas,9,TikTok,11,Deeper character customization,9,5,Yes,89.0,9,No,No,No,Increased,Very Positive
R104528,27,Male,Latin America,Undecided,Red Dead Redemption 2,7,Twitch,4,Story & narrative depth,6,3,No,82.0,16,Yes,Yes,No,Same,Positive
R104529,28,Male,Middle East,Xbox Series X/S,GTA Vice City,7,YouTube,9,Open-world Vice City map,10,5,No,75.0,35,No,No,No,Decreased,Very Positive
R104530,24,Male,Middle East,Xbox Series X/S,GTA San Andreas,8,YouTube,9,Dual protagonists (Jason & Lucia),10,3,Yes,84.0,30,Yes,No,Yes,Same,Very Positive
R104531,34,Male,Europe,PlayStation 5 Pro,GTA V,6,X/Twitter,9,Better driving physics,8,5,No,83.0,16,No,No,No,Same,Very Positive
R104532,31,Male,Latin America,Xbox Series X/S,GTA IV,5,Gaming news sites,6,Open-world Vice City map,6,3,No,38.0,17,Yes,No,Yes,Increased,Positive
R104533,25,Male,Europe,Xbox Series X/S,GTA San Andreas,5,X/Twitter,11,Improved police/AI systems,8,2,Yes,64.0,18,No,Yes,No,Increased,Very Positive
R104534,21,Male,Asia-Pacific,PC,Red Dead Redemption 2,0,Reddit,8,Online/multiplayer mode,9,4,Yes,91.0,9,Yes,Yes,Yes,Increased,Very Positive
R104535,29,Female,Europe,Xbox Series X/S,GTA IV,6,Reddit,6,Online/multiplayer mode,5,2,Yes,47.0,5,Yes,Yes,Yes,Same,Positive
R104536,16,Female,North America,PlayStation 5,GTA V,4,Friends,8,Open-world Vice City map,8,4,No,72.0,5,Yes,No,No,Same,Very Positive
R104537,22,Male,Asia-Pacific,PlayStation 5,GTA IV,8,YouTube,8,Deeper character customization,7,3,Maybe,74.0,16,No,No,Yes,Increased,Positive
R104538,35,Female,Europe,PlayStation 5,GTA IV,8,YouTube,7,Dual protagonists (Jason & Lucia),6,2,No,54.0,9,Yes,Yes,No,Increased,Positive
R104539,25,Male,Latin America,PlayStation 5 Pro,Red Dead Redemption 2,6,Official Rockstar trailer,9,Open-world Vice City map,9,3,Yes,,9,No,No,No,Decreased,Very Positive
R104540,38,Female,Europe,PlayStation 5,GTA San Andreas,4,YouTube,9,Dual protagonists (Jason & Lucia),7,3,Yes,65.0,5,No,No,Yes,Increased,Positive
R104541,30,Male,Asia-Pacific,PlayStation 5 Pro,Red Dead Redemption 2,3,Official Rockstar trailer,8,Improved police/AI systems,7,2,No,74.0,54,Yes,No,Yes,Increased,Positive
R104542,32,Male,Latin America,Undecided,Red Dead Redemption 2,0,Twitch,12,Dual protagonists (Jason & Lucia),7,3,Yes,73.0,9,Yes,No,Yes,Increased,Positive
R104543,35,Male,Asia-Pacific,Xbox Series X/S,GTA Vice City,9,YouTube,11,Deeper character customization,10,2,Yes,68.0,22,No,No,No,Increased,Very Positive
R104544,33,Male,Latin America,PC,GTA V,7,YouTube,9,Story & narrative depth,9,4,Yes,82.0,3,Yes,Yes,Yes,Increased,Very Positive
R104545,27,Female,Europe,Xbox Series X/S,GTA V,6,YouTube,10,Realistic economy & businesses,8,5,Yes,74.0,12,Yes,No,Yes,Same,Very Positive
R104546,17,Male,Europe,Xbox Series X/S,GTA V,7,YouTube,10,Open-world Vice City map,9,2,Yes,,8,No,No,No,Increased,Very Positive
R104547,39,Male,Africa,PlayStation 5,GTA V,10,Official Rockstar trailer,6,Improved police/AI systems,9,4,Yes,84.0,17,No,Yes,Yes,Increased,Very Positive
R104548,34,Female,North America,PC,GTA V,5,YouTube,11,Graphics & ray tracing,9,4,Yes,82.0,12,Yes,No,Yes,Same,Very Positive
R104549,23,Male,Europe,Xbox Series X/S,GTA San Andreas,4,YouTube,13,Realistic economy & businesses,9,3,Yes,70.0,7,Yes,No,Yes,Same,Very Positive
R104550,13,Prefer not to say,North America,PlayStation 5,GTA IV,6,Official Rockstar trailer,10,Dual protagonists (Jason & Lucia),10,4,Yes,104.0,50,No,No,Yes,Increased,Very Positive
R104551,35,Male,North America,PC,GTA San Andreas,6,Friends,7,Online/multiplayer mode,4,3,No,72.0,15,No,No,Yes,Same,Neutral/Cautious
R104552,13,Female,Latin America,Xbox Series X/S,GTA III,3,Official Rockstar trailer,11,Dual protagonists (Jason & Lucia),9,4,Yes,91.0,20,Yes,Yes,No,Decreased,Very Positive
R104553,23,Female,Europe,PlayStation 5,GTA V,7,X/Twitter,9,Deeper character customization,6,5,Yes,37.0,13,Yes,Yes,Yes,Same,Positive
R104554,22,Male,North America,PC,GTA V,4,YouTube,8,Map size & exploration,10,4,Yes,94.0,26,No,No,Yes,Increased,Very Positive
R104555,27,Male,Latin America,PC,GTA V,3,X/Twitter,8,Open-world Vice City map,8,3,Yes,75.0,5,Yes,No,No,Increased,Very Positive
R104556,13,Male,Asia-Pacific,PlayStation 5,GTA V,5,YouTube,13,Better driving physics,10,3,Yes,85.0,53,No,Yes,Yes,Decreased,Very Positive
R104557,31,Non-binary,North America,PlayStation 5,GTA III,5,X/Twitter,7,Realistic economy & businesses,10,4,Yes,91.0,55,No,Yes,No,Increased,Very Positive
R104558,38,Male,Middle East,PlayStation 5,GTA V,5,X/Twitter,17,Open-world Vice City map,9,1,Yes,82.0,27,Yes,No,Yes,Increased,Very Positive
R104559,18,Female,Europe,PlayStation 5,GTA San Andreas,0,YouTube,8,Better driving physics,9,3,Yes,84.0,14,No,Yes,No,Increased,Very Positive
R104560,33,Female,Latin America,Xbox Series X/S,GTA V,8,Gaming news sites,11,Open-world Vice City map,7,4,Yes,70.0,23,Yes,No,No,Same,Positive
R104561,40,Female,North America,PlayStation 5,GTA V,7,Gaming news sites,9,Deeper character customization,8,4,No,80.0,9,No,No,No,Increased,Very Positive
R104562,18,Male,Europe,PlayStation 5,GTA V,7,YouTube,8,Online/multiplayer mode,8,4,Maybe,58.0,20,Yes,Yes,No,Increased,Very Positive
R104563,30,Male,North America,PlayStation 5,GTA V,11,Reddit,11,Story & narrative depth,10,5,Yes,65.0,5,No,Yes,Yes,Increased,Very Positive
R104564,24,Non-binary,North America,PC,GTA Vice City,5,TikTok,13,Realistic economy & businesses,9,4,Maybe,71.0,26,Yes,Yes,No,Same,Very Positive
R104565,39,Female,Europe,PlayStation 5,GTA V,7,Gaming news sites,10,Dual protagonists (Jason & Lucia),10,3,Yes,68.0,25,Yes,No,Yes,Increased,Very Positive
R104566,22,Male,Latin America,PC,GTA Vice City,5,YouTube,11,Map size & exploration,8,1,Maybe,111.0,12,No,No,Yes,Same,Very Positive
R104567,38,Male,Africa,PC,GTA V,4,YouTube,9,Online/multiplayer mode,7,5,Yes,43.0,16,Yes,No,No,Increased,Positive
R104568,28,Male,Latin America,PC,GTA V,7,YouTube,11,Realistic economy & businesses,9,4,Yes,76.0,20,Yes,No,No,Decreased,Very Positive
R104569,26,Male,Europe,PlayStation 5,GTA Vice City,3,Official Rockstar trailer,10,Deeper character customization,7,3,No,50.0,12,Yes,Yes,Yes,Increased,Positive
R104570,24,Male,North America,PC,GTA San Andreas,8,Reddit,6,Story & narrative depth,7,3,Yes,64.0,7,Yes,Yes,Yes,Same,Positive
R104571,26,Male,Middle East,PlayStation 5,GTA San Andreas,2,X/Twitter,8,Dual protagonists (Jason & Lucia),6,3,No,60.0,22,No,No,No,Same,Positive
R104572,13,Female,Europe,PlayStation 5,GTA IV,7,Twitch,7,Deeper character customization,8,5,Yes,86.0,11,Yes,No,No,Increased,Very Positive
R104573,22,Male,Europe,PlayStation 5,GTA Vice City,8,TikTok,9,Story & narrative depth,7,5,Maybe,59.0,13,No,Yes,No,Increased,Positive
R104574,29,Prefer not to say,North America,PC,Red Dead Redemption 2,8,YouTube,8,Map size & exploration,8,5,Yes,75.0,21,No,No,Yes,Increased,Very Positive
R104575,39,Male,North America,PlayStation 5 Pro,GTA San Andreas,4,YouTube,10,Open-world Vice City map,10,4,Yes,79.0,28,Yes,No,Yes,Same,Very Positive
R104576,25,Male,Europe,PlayStation 5,GTA V,8,Official Rockstar trailer,7,Dual protagonists (Jason & Lucia),9,3,Yes,102.0,20,Yes,No,Yes,Same,Very Positive
R104577,24,Female,Europe,PC,GTA V,8,YouTube,11,Online/multiplayer mode,8,3,Yes,79.0,26,No,No,Yes,Increased,Very Positive
R104578,34,Male,Middle East,Undecided,GTA V,7,YouTube,9,Online/multiplayer mode,8,3,No,68.0,8,Yes,No,Yes,Increased,Very Positive
R104579,26,Female,North America,PC,Red Dead Redemption 2,7,TikTok,3,Graphics & ray tracing,7,5,Yes,66.0,25,Yes,No,Yes,Same,Positive
R104580,35,Male,Asia-Pacific,Xbox Series X/S,GTA V,11,Official Rockstar trailer,11,Online/multiplayer mode,10,5,Yes,84.0,7,Yes,No,Yes,Increased,Very Positive
R104581,19,Male,Latin America,PlayStation 5,GTA V,5,Reddit,11,Realistic economy & businesses,9,3,Yes,78.0,22,Yes,No,No,Increased,Very Positive
R104582,28,Male,North America,Xbox Series X/S,GTA V,6,Gaming news sites,2,Map size & exploration,6,4,Yes,47.0,48,Yes,Yes,Yes,Same,Positive
R104583,36,Female,Latin America,PlayStation 5,GTA San Andreas,3,Official Rockstar trailer,7,Improved police/AI systems,8,4,No,72.0,18,Yes,No,Yes,Increased,Very Positive
R104584,27,Male,Asia-Pacific,PC,GTA V,8,Gaming news sites,9,Open-world Vice City map,6,4,Maybe,59.0,9,Yes,No,No,Increased,Positive
R104585,33,Female,North America,Undecided,GTA San Andreas,6,Official Rockstar trailer,6,Deeper character customization,7,4,Yes,68.0,12,Yes,No,Yes,Same,Positive
R104586,18,Male,Europe,Xbox Series X/S,GTA V,4,Official Rockstar trailer,11,Improved police/AI systems,8,5,Yes,66.0,20,Yes,No,No,Increased,Very Positive
R104587,39,Male,North America,Xbox Series X/S,GTA IV,7,Reddit,14,Better driving physics,9,3,No,66.0,19,Yes,No,Yes,Increased,Very Positive
R104588,36,Male,North America,PlayStation 5,GTA Vice City,9,Twitch,8,Graphics & ray tracing,7,4,Maybe,76.0,9,No,No,No,Same,Positive
R104589,16,Male,North America,Xbox Series X/S,GTA San Andreas,2,YouTube,17,Improved police/AI systems,8,4,Yes,54.0,14,Yes,No,Yes,Increased,Very Positive
R104590,29,Male,Europe,Xbox Series X/S,GTA San Andreas,7,Official Rockstar trailer,6,Graphics & ray tracing,8,5,Yes,89.0,44,Yes,No,Yes,Same,Very Positive
R104591,34,Male,Europe,PC,GTA V,8,TikTok,17,Realistic economy & businesses,9,3,Yes,83.0,20,No,No,Yes,Increased,Very Positive
R104592,21,Male,Asia-Pacific,Xbox Series X/S,GTA San Andreas,3,YouTube,7,Open-world Vice City map,4,4,No,61.0,9,Yes,Yes,No,Same,Neutral/Cautious
R104593,33,Female,Europe,PC,Never played GTA,11,Gaming news sites,9,Story & narrative depth,6,4,Maybe,65.0,32,Yes,Yes,No,Increased,Positive
R104594,33,Male,North America,PlayStation 5,GTA III,5,Official Rockstar trailer,7,Dual protagonists (Jason & Lucia),7,4,Yes,70.0,18,No,No,Yes,Increased,Positive
R104595,36,Male,North America,PlayStation 5,GTA San Andreas,5,Official Rockstar trailer,10,Dual protagonists (Jason & Lucia),9,3,Yes,68.0,9,Yes,Yes,No,Increased,Very Positive
R104596,33,Male,Europe,PlayStation 5 Pro,GTA IV,9,YouTube,15,Dual protagonists (Jason & Lucia),10,3,Yes,89.0,6,Yes,Yes,No,Increased,Very Positive
R104597,34,Female,Latin America,PlayStation 5,GTA San Andreas,2,X/Twitter,10,Open-world Vice City map,8,3,Yes,71.0,12,Yes,Yes,Yes,Increased,Very Positive
R104598,17,Female,Europe,PlayStation 5,GTA Vice City,3,YouTube,8,Open-world Vice City map,10,3,Yes,84.0,13,Yes,Yes,No,Decreased,Very Positive
R104599,26,Male,Middle East,PC,GTA IV,13,YouTube,10,Map size & exploration,9,4,Yes,84.0,6,Yes,Yes,No,Increased,Very Positive
R104600,31,Male,Europe,PC,GTA IV,4,Official Rockstar trailer,9,Open-world Vice City map,7,2,No,71.0,37,Yes,No,No,Decreased,Positive
R104601,31,Male,North America,PC,GTA V,5,YouTube,10,Map size & exploration,10,4,Yes,98.0,25,No,No,Yes,Same,Very Positive
R104602,33,Male,North America,PlayStation 5,GTA V,7,Official Rockstar trailer,7,Dual protagonists (Jason & Lucia),7,3,Maybe,83.0,8,No,Yes,No,Increased,Positive
R104603,34,Female,North America,PlayStation 5,GTA San Andreas,6,Official Rockstar trailer,14,Open-world Vice City map,10,2,No,79.0,18,No,No,No,Same,Very Positive
R104604,13,Male,North America,Xbox Series X/S,GTA San Andreas,6,Official Rockstar trailer,7,Story & narrative depth,8,5,Maybe,65.0,5,Yes,Yes,No,Increased,Very Positive
R104605,32,Male,Middle East,PlayStation 5,GTA Vice City,6,YouTube,8,Improved police/AI systems,8,4,No,92.0,4,Yes,No,No,Same,Very Positive
R104606,24,Male,Europe,PlayStation 5,GTA III,6,YouTube,6,Graphics & ray tracing,6,5,Yes,58.0,14,No,No,No,Same,Positive
R104607,21,Male,Europe,Xbox Series X/S,GTA IV,5,Official Rockstar trailer,8,Story & narrative depth,8,5,Yes,58.0,13,Yes,No,Yes,Decreased,Very Positive
R104608,28,Male,Africa,PlayStation 5,GTA V,6,Official Rockstar trailer,12,Better driving physics,9,4,Yes,87.0,8,Yes,No,Yes,Increased,Very Positive
R104609,15,Male,Asia-Pacific,Xbox Series X/S,GTA San Andreas,6,X/Twitter,15,Dual protagonists (Jason & Lucia),10,3,No,98.0,8,Yes,Yes,Yes,Increased,Very Positive
R104610,28,Male,Europe,Undecided,GTA V,6,Friends,7,Open-world Vice City map,8,5,Yes,104.0,19,No,No,Yes,Increased,Very Positive
R104611,22,Female,Europe,Xbox Series X/S,GTA San Andreas,8,Reddit,5,Dual protagonists (Jason & Lucia),6,3,Maybe,68.0,21,No,Yes,Yes,Same,Positive
R104612,36,Male,Latin America,PlayStation 5 Pro,GTA V,7,Official Rockstar trailer,6,Map size & exploration,3,5,Maybe,48.0,13,No,No,Yes,Increased,Neutral/Cautious
R104613,25,Male,Asia-Pacific,PlayStation 5,GTA V,4,Official Rockstar trailer,9,Deeper character customization,8,3,Yes,92.0,8,Yes,No,No,Increased,Very Positive
R104614,25,Male,Europe,Xbox Series X/S,GTA V,8,TikTok,3,Graphics & ray tracing,4,3,No,40.0,11,Yes,No,Yes,Same,Neutral/Cautious
R104615,15,,Africa,Undecided,GTA IV,11,Friends,9,Map size & exploration,6,2,No,55.0,4,No,Yes,No,Same,Positive
R104616,26,Male,Asia-Pacific,PlayStation 5,Red Dead Redemption 2,6,Official Rockstar trailer,7,Story & narrative depth,8,4,Maybe,80.0,13,No,No,No,Increased,Very Positive
R104617,40,Male,Europe,PC,GTA San Andreas,1,YouTube,5,Dual protagonists (Jason & Lucia),8,5,Yes,52.0,3,No,Yes,Yes,Same,Very Positive
R104618,36,Male,Europe,Xbox Series X/S,GTA V,7,TikTok,12,Dual protagonists (Jason & Lucia),9,4,No,62.0,17,Yes,Yes,Yes,Decreased,Very Positive
R104619,17,Male,Latin America,PlayStation 5 Pro,Red Dead Redemption 2,5,TikTok,12,Dual protagonists (Jason & Lucia),10,3,Yes,79.0,24,Yes,Yes,Yes,Increased,Very Positive
R104620,25,Male,Europe,Xbox Series X/S,GTA San Andreas,11,YouTube,10,Map size & exploration,10,2,Yes,66.0,30,No,Yes,No,Decreased,Very Positive
R104621,32,Male,Asia-Pacific,Xbox Series X/S,GTA V,7,Twitch,9,Graphics & ray tracing,10,5,Yes,86.0,16,Yes,No,Yes,Decreased,Very Positive
R104622,24,Non-binary,Europe,Xbox Series X/S,GTA San Andreas,13,YouTube,10,Story & narrative depth,8,3,Yes,42.0,13,No,Yes,No,Same,Very Positive
R104623,26,Male,Latin America,Undecided,GTA IV,2,Official Rockstar trailer,2,Graphics & ray tracing,5,4,No,51.0,11,Yes,Yes,Yes,Increased,Positive
R104624,20,Male,Middle East,PlayStation 5,GTA San Andreas,10,Official Rockstar trailer,9,Story & narrative depth,7,5,No,74.0,17,No,Yes,No,Increased,Positive
R104625,29,Male,Africa,PlayStation 5,GTA V,6,X/Twitter,11,Improved police/AI systems,10,5,Yes,82.0,14,Yes,No,Yes,Increased,Very Positive
R104626,33,Male,North America,PC,GTA V,4,Official Rockstar trailer,5,Dual protagonists (Jason & Lucia),6,4,Yes,78.0,8,Yes,No,Yes,Same,Positive
R104627,25,Female,Europe,PlayStation 5,GTA V,3,Twitch,7,Deeper character customization,8,3,Yes,84.0,6,No,Yes,No,Increased,Very Positive
R104628,32,Male,North America,Xbox Series X/S,GTA IV,4,Official Rockstar trailer,8,Deeper character customization,7,2,No,91.0,39,Yes,No,Yes,Same,Positive
R104629,35,Male,North America,PC,GTA IV,6,Gaming news sites,5,Realistic economy & businesses,8,3,Yes,75.0,9,Yes,No,Yes,Decreased,Very Positive
R104630,16,Female,Latin America,PlayStation 5,GTA V,8,X/Twitter,7,Open-world Vice City map,10,2,Yes,105.0,16,Yes,No,Yes,Increased,Very Positive
R104631,46,Male,North America,PlayStation 5,GTA IV,8,Friends,10,Graphics & ray tracing,7,5,Yes,80.0,28,Yes,No,No,Increased,Positive
R104632,24,Male,Europe,Xbox Series X/S,GTA V,11,YouTube,10,Improved police/AI systems,10,3,Yes,65.0,14,No,Yes,Yes,Same,Very Positive
R104633,19,Male,Latin America,PlayStation 5,Red Dead Redemption 2,9,Reddit,11,Story & narrative depth,10,4,Yes,95.0,31,Yes,No,Yes,Increased,Very Positive
R104634,27,Male,Africa,Xbox Series X/S,GTA V,1,TikTok,11,Online/multiplayer mode,10,4,Yes,96.0,24,No,No,No,Increased,Very Positive
R104635,17,Male,Asia-Pacific,PlayStation 5,GTA San Andreas,0,X/Twitter,4,Open-world Vice City map,5,2,Maybe,60.0,11,No,Yes,Yes,Increased,Positive
R104636,29,Male,North America,PC,GTA V,3,YouTube,6,Realistic economy & businesses,7,5,No,48.0,20,Yes,No,Yes,Increased,Positive
R104637,30,Female,Europe,PlayStation 5 Pro,GTA San Andreas,6,TikTok,10,Deeper character customization,8,2,Maybe,83.0,22,No,No,Yes,Same,Very Positive
R104638,13,Male,Latin America,PlayStation 5,GTA V,4,YouTube,12,Realistic economy & businesses,8,4,Yes,88.0,47,No,No,Yes,Same,Very Positive
R104639,35,Male,Asia-Pacific,PC,GTA Vice City,12,YouTube,9,Better driving physics,4,4,Yes,59.0,9,Yes,Yes,Yes,Same,Neutral/Cautious
R104640,29,Male,Europe,PC,GTA San Andreas,7,YouTube,8,Deeper character customization,7,3,No,69.0,22,Yes,Yes,No,Increased,Positive
R104641,19,Male,Europe,PC,Red Dead Redemption 2,5,Gaming news sites,13,Open-world Vice City map,9,3,Yes,97.0,22,Yes,Yes,Yes,Decreased,Very Positive
R104642,13,Male,North America,PC,GTA V,0,Gaming news sites,10,Improved police/AI systems,8,4,Maybe,95.0,35,No,No,Yes,Same,Very Positive
R104643,31,Female,Latin America,PC,Never played GTA,4,TikTok,4,Map size & exploration,6,2,Yes,56.0,12,No,Yes,No,Decreased,Positive
R104644,49,Female,Latin America,PlayStation 5,GTA San Andreas,12,YouTube,4,Realistic economy & businesses,5,2,No,52.0,7,Yes,Yes,No,Decreased,Positive
R104645,29,Male,North America,PlayStation 5,GTA San Andreas,9,Official Rockstar trailer,9,Dual protagonists (Jason & Lucia),10,1,Yes,74.0,17,Yes,Yes,No,Increased,Very Positive
R104646,22,Male,North America,PC,GTA V,9,YouTube,11,Open-world Vice City map,10,5,Yes,77.0,6,No,No,No,Increased,Very Positive
R104647,39,Female,Asia-Pacific,PlayStation 5 Pro,GTA San Andreas,4,YouTube,5,Online/multiplayer mode,2,4,No,6.0,5,Yes,No,Yes,Same,Neutral/Cautious
R104648,27,Male,Africa,Xbox Series X/S,GTA V,12,Reddit,11,Open-world Vice City map,10,5,Yes,90.0,13,Yes,No,No,Increased,Very Positive
R104649,20,Male,Europe,PlayStation 5,GTA V,5,Twitch,10,Online/multiplayer mode,9,5,Yes,,10,Yes,Yes,No,Same,Very Positive
R104650,19,Male,North America,PlayStation 5,GTA San Andreas,7,X/Twitter,11,Open-world Vice City map,10,4,Yes,76.0,26,No,No,No,Same,Very Positive
R104651,19,Male,North America,PC,GTA IV,8,X/Twitter,11,Online/multiplayer mode,7,4,No,84.0,47,Yes,Yes,Yes,Increased,Positive
R104652,27,Male,North America,PlayStation 5,GTA V,11,YouTube,9,Realistic economy & businesses,7,3,Maybe,87.0,6,Yes,No,No,Increased,Positive
R104653,16,Male,Latin America,Xbox Series X/S,GTA Vice City,4,Reddit,13,Open-world Vice City map,10,3,Yes,76.0,9,Yes,No,Yes,Increased,Very Positive
R104654,28,Male,Asia-Pacific,PC,GTA V,10,Official Rockstar trailer,11,Better driving physics,10,4,Yes,94.0,13,No,No,Yes,Increased,Very Positive
R104655,35,Male,North America,PC,GTA San Andreas,4,YouTube,12,Open-world Vice City map,7,5,No,79.0,28,Yes,No,Yes,Increased,Positive
R104656,31,Male,North America,PC,GTA V,13,YouTube,8,Dual protagonists (Jason & Lucia),6,5,No,62.0,24,Yes,No,Yes,Increased,Positive
R104657,38,Male,Asia-Pacific,PlayStation 5,GTA IV,4,YouTube,8,Realistic economy & businesses,8,3,Yes,89.0,18,No,No,No,Increased,Very Positive
R104658,29,Female,Asia-Pacific,PlayStation 5,GTA IV,3,TikTok,10,Dual protagonists (Jason & Lucia),8,4,Maybe,90.0,16,No,No,Yes,Increased,Very Positive
R104659,29,Male,Middle East,PlayStation 5 Pro,GTA V,7,Official Rockstar trailer,12,Open-world Vice City map,10,4,Yes,102.0,1,No,No,Yes,Increased,Very Positive
R104660,21,Male,Europe,PlayStation 5,GTA Vice City,4,Gaming news sites,15,Deeper character customization,8,4,Maybe,75.0,37,No,Yes,Yes,Increased,Very Positive
R104661,40,Female,North America,PlayStation 5,GTA III,10,YouTube,8,Realistic economy & businesses,6,2,Yes,52.0,12,No,No,Yes,Same,Positive
R104662,30,Non-binary,Asia-Pacific,PlayStation 5 Pro,GTA IV,9,TikTok,3,Realistic economy & businesses,6,3,No,54.0,23,Yes,No,Yes,Same,Positive
R104663,22,Male,Europe,Xbox Series X/S,GTA San Andreas,5,Official Rockstar trailer,11,Map size & exploration,10,5,Yes,55.0,21,Yes,Yes,Yes,Increased,Very Positive
R104664,21,Male,Europe,PC,GTA V,8,TikTok,9,Realistic economy & businesses,10,5,Yes,79.0,18,No,No,No,Decreased,Very Positive
R104665,35,Male,Asia-Pacific,PlayStation 5,GTA V,9,Official Rockstar trailer,2,Graphics & ray tracing,2,3,No,52.0,6,No,No,Yes,Increased,Neutral/Cautious
R104666,36,Male,Asia-Pacific,PlayStation 5,GTA V,5,YouTube,14,Deeper character customization,8,5,Yes,54.0,15,Yes,No,No,Same,Very Positive
R104667,20,Male,North America,PlayStation 5 Pro,GTA V,8,YouTube,10,Online/multiplayer mode,9,5,Yes,64.0,10,Yes,Yes,Yes,Same,Very Positive
R104668,28,Male,North America,PlayStation 5,GTA V,6,TikTok,10,Map size & exploration,10,5,Yes,99.0,17,No,No,Yes,Increased,Very Positive
R104669,33,Male,Europe,Xbox Series X/S,GTA V,7,TikTok,8,Improved police/AI systems,9,3,No,69.0,14,Yes,Yes,Yes,Increased,Very Positive
R104670,31,Male,North America,Xbox Series X/S,GTA San Andreas,3,Reddit,12,Online/multiplayer mode,8,4,Yes,57.0,13,Yes,Yes,Yes,Same,Very Positive
R104671,16,Male,Latin America,Xbox Series X/S,GTA V,1,YouTube,6,Dual protagonists (Jason & Lucia),6,4,Maybe,31.0,20,No,Yes,Yes,Increased,Positive
R104672,41,Male,Asia-Pacific,Xbox Series X/S,Red Dead Redemption 2,7,X/Twitter,8,Dual protagonists (Jason & Lucia),6,3,Yes,76.0,13,No,No,Yes,Increased,Positive
R104673,34,Male,Latin America,PC,GTA V,3,Official Rockstar trailer,3,Graphics & ray tracing,7,2,Yes,85.0,25,No,No,No,Same,Positive
R104674,18,Female,North America,PC,GTA San Andreas,4,TikTok,8,Graphics & ray tracing,10,4,Yes,76.0,46,Yes,No,No,Increased,Very Positive
R104675,28,Male,Asia-Pacific,PlayStation 5,GTA V,6,X/Twitter,10,Story & narrative depth,8,3,Yes,75.0,21,Yes,No,No,Increased,Very Positive
R104676,30,Female,North America,PlayStation 5,GTA V,11,X/Twitter,7,Better driving physics,7,4,Yes,69.0,5,Yes,Yes,Yes,Same,Positive
R104677,13,Female,North America,PC,GTA IV,0,X/Twitter,11,Story & narrative depth,10,4,Yes,84.0,9,Yes,No,Yes,Same,Very Positive
R104678,28,Female,Latin America,PlayStation 5,GTA San Andreas,8,Official Rockstar trailer,6,Open-world Vice City map,6,3,Maybe,67.0,16,Yes,Yes,Yes,Increased,Positive
R104679,14,Female,Latin America,PlayStation 5 Pro,GTA IV,6,X/Twitter,11,Improved police/AI systems,10,3,Yes,98.0,8,Yes,No,No,Increased,Very Positive
R104680,27,Male,Asia-Pacific,PlayStation 5,GTA San Andreas,8,Reddit,8,Deeper character customization,5,3,No,57.0,4,No,Yes,Yes,Increased,Positive
R104681,20,Male,North America,PlayStation 5,GTA San Andreas,13,Reddit,9,Improved police/AI systems,7,4,Yes,61.0,24,No,Yes,Yes,Decreased,Positive
R104682,15,Male,North America,PlayStation 5,GTA IV,3,Official Rockstar trailer,10,Realistic economy & businesses,7,2,Yes,64.0,3,No,No,No,Increased,Positive
R104683,15,Male,Asia-Pacific,Xbox Series X/S,GTA San Andreas,2,Reddit,8,Graphics & ray tracing,10,4,Yes,107.0,17,Yes,No,Yes,Decreased,Very Positive
R104684,17,Male,North America,PC,GTA Vice City,4,YouTube,10,Better driving physics,9,2,Yes,83.0,20,No,No,Yes,Increased,Very Positive
R104685,30,Female,Europe,Xbox Series X/S,GTA San Andreas,1,Gaming news sites,9,Improved police/AI systems,9,3,Yes,64.0,31,No,Yes,Yes,Decreased,Very Positive
R104686,23,Male,North America,PC,Red Dead Redemption 2,5,Official Rockstar trailer,10,Map size & exploration,8,4,Yes,61.0,8,Yes,No,Yes,Decreased,Very Positive
R104687,30,Male,Europe,Xbox Series X/S,GTA V,3,Official Rockstar trailer,8,Improved police/AI systems,2,5,Maybe,54.0,15,No,Yes,Yes,Increased,Neutral/Cautious
R104688,29,Male,Africa,PC,GTA San Andreas,6,Official Rockstar trailer,6,Open-world Vice City map,8,4,Yes,76.0,7,No,No,Yes,Decreased,Very Positive
R104689,28,Male,Europe,PC,Red Dead Redemption 2,7,Official Rockstar trailer,8,Dual protagonists (Jason & Lucia),4,4,Yes,59.0,20,No,Yes,Yes,Increased,Neutral/Cautious
R104690,13,Female,Asia-Pacific,PlayStation 5,GTA V,3,Twitch,8,Dual protagonists (Jason & Lucia),10,5,No,79.0,11,Yes,Yes,No,Same,Very Positive
R104691,32,Prefer not to say,Europe,PlayStation 5,GTA V,7,YouTube,13,Story & narrative depth,10,5,Yes,67.0,20,Yes,No,Yes,Increased,Very Positive
R104692,29,Male,Europe,PlayStation 5,GTA V,9,X/Twitter,8,Open-world Vice City map,10,5,Yes,72.0,28,Yes,No,Yes,Same,Very Positive
R104693,20,Male,Latin America,Xbox Series X/S,GTA III,4,YouTube,14,Map size & exploration,10,3,Maybe,102.0,12,Yes,No,Yes,Same,Very Positive
R104694,32,Male,Europe,PlayStation 5 Pro,GTA V,0,Gaming news sites,12,Map size & exploration,10,3,Yes,97.0,34,No,No,No,Increased,Very Positive
R104695,27,Female,Europe,PlayStation 5,GTA V,7,Official Rockstar trailer,13,Open-world Vice City map,5,5,Maybe,52.0,13,No,Yes,No,Increased,Positive
R104696,24,Non-binary,North America,PlayStation 5 Pro,GTA IV,4,Official Rockstar trailer,8,Map size & exploration,10,4,Yes,93.0,28,No,No,No,Same,Very Positive
R104697,32,Female,Middle East,PC,GTA Vice City,11,YouTube,9,Dual protagonists (Jason & Lucia),9,5,Yes,68.0,30,Yes,No,No,Increased,Very Positive
R104698,13,Male,Asia-Pacific,PC,Never played GTA,2,YouTube,9,Story & narrative depth,8,4,Maybe,50.0,16,No,Yes,Yes,Increased,Very Positive
R104699,13,Male,Europe,PlayStation 5,GTA San Andreas,8,Reddit,10,Open-world Vice City map,8,5,Yes,67.0,38,Yes,No,No,Same,Very Positive
R104700,22,Male,Asia-Pacific,PlayStation 5,GTA V,5,Official Rockstar trailer,11,Graphics & ray tracing,10,3,Yes,81.0,24,No,No,Yes,Increased,Very Positive
R104701,15,Prefer not to say,Africa,PC,GTA San Andreas,12,Official Rockstar trailer,10,Open-world Vice City map,8,3,Yes,93.0,22,Yes,No,Yes,Increased,Very Positive
R104702,28,Male,Africa,PlayStation 5 Pro,GTA V,9,Official Rockstar trailer,11,Deeper character customization,9,3,Yes,87.0,7,Yes,Yes,Yes,Same,Very Positive
R104703,22,Male,Europe,PC,GTA III,4,YouTube,14,Open-world Vice City map,9,5,Yes,69.0,7,Yes,Yes,Yes,Increased,Very Positive
R104704,31,Female,Europe,Xbox Series X/S,GTA V,9,TikTok,7,Deeper character customization,8,3,Yes,74.0,8,No,No,No,Increased,Very Positive
R104705,28,Male,North America,Xbox Series X/S,GTA V,6,YouTube,2,Better driving physics,5,4,Yes,64.0,38,No,Yes,No,Same,Positive
R104706,30,Male,Latin America,Xbox Series X/S,GTA San Andreas,6,Reddit,14,Open-world Vice City map,10,4,Yes,,41,No,Yes,Yes,Same,Very Positive
R104707,29,Male,Africa,PlayStation 5,GTA V,3,X/Twitter,8,Dual protagonists (Jason & Lucia),7,5,Maybe,90.0,14,Yes,No,No,Increased,Positive
R104708,23,Male,Europe,PlayStation 5,GTA San Andreas,3,Reddit,9,Open-world Vice City map,8,2,Yes,74.0,6,No,No,No,Increased,Very Positive
R104709,36,Male,Europe,PlayStation 5,GTA V,3,YouTube,10,Improved police/AI systems,6,4,Maybe,85.0,7,Yes,No,Yes,Increased,Positive
R104710,15,Male,Latin America,Undecided,GTA San Andreas,6,Official Rockstar trailer,4,Realistic economy & businesses,9,4,Yes,74.0,11,Yes,No,No,Increased,Very Positive
R104711,21,Male,North America,PlayStation 5,GTA San Andreas,4,Reddit,9,Improved police/AI systems,8,3,Maybe,95.0,16,No,Yes,No,Same,Very Positive
R104712,21,Male,Europe,PlayStation 5 Pro,Red Dead Redemption 2,10,Official Rockstar trailer,8,Online/multiplayer mode,9,4,Yes,,40,No,No,No,Increased,Very Positive
R104713,31,Male,North America,Xbox Series X/S,GTA V,3,Reddit,15,Dual protagonists (Jason & Lucia),7,5,Maybe,57.0,13,No,No,No,Increased,Positive
R104714,13,Female,Asia-Pacific,PC,GTA Vice City,10,X/Twitter,8,Dual protagonists (Jason & Lucia),8,3,Yes,81.0,7,Yes,No,Yes,Increased,Very Positive
R104715,34,Female,Asia-Pacific,PlayStation 5,GTA V,5,Official Rockstar trailer,9,Online/multiplayer mode,8,2,Yes,76.0,3,Yes,No,Yes,Increased,Very Positive
R104716,22,,Europe,PlayStation 5,GTA III,6,YouTube,8,Deeper character customization,6,4,Maybe,64.0,17,No,Yes,No,Same,Positive
R104717,20,Female,Latin America,PlayStation 5,GTA III,5,X/Twitter,5,Map size & exploration,9,3,No,82.0,7,Yes,No,Yes,Increased,Very Positive
R104718,13,Male,Europe,Xbox Series X/S,GTA San Andreas,4,Reddit,9,Graphics & ray tracing,10,5,Yes,94.0,16,Yes,No,No,Same,Very Positive
R104719,21,Female,Asia-Pacific,PlayStation 5,GTA IV,9,Reddit,4,Realistic economy & businesses,7,4,Maybe,81.0,10,No,No,No,Increased,Positive
R104720,21,Female,Latin America,Xbox Series X/S,Never played GTA,6,YouTube,6,Graphics & ray tracing,8,4,Yes,85.0,11,No,Yes,No,Increased,Very Positive
R104721,24,Male,Europe,Undecided,GTA San Andreas,8,X/Twitter,9,Open-world Vice City map,7,2,No,70.0,31,Yes,Yes,No,Same,Positive
R104722,20,Male,Europe,PlayStation 5,GTA V,3,Official Rockstar trailer,5,Map size & exploration,6,4,Yes,56.0,15,Yes,Yes,No,Same,Positive
R104723,35,Male,Europe,PC,GTA IV,8,YouTube,5,Online/multiplayer mode,6,2,Maybe,50.0,11,No,No,No,Decreased,Positive
R104724,30,Male,North America,PlayStation 5,GTA San Andreas,8,Official Rockstar trailer,9,Online/multiplayer mode,8,3,Yes,62.0,11,Yes,Yes,No,Increased,Very Positive
R104725,29,Male,Europe,PlayStation 5,GTA V,6,Twitch,11,Open-world Vice City map,9,5,Yes,97.0,21,Yes,No,Yes,Same,Very Positive
R104726,28,Male,North America,PlayStation 5,GTA V,8,Official Rockstar trailer,8,Improved police/AI systems,5,3,No,55.0,18,No,Yes,Yes,Increased,Positive
R104727,17,Male,North America,PlayStation 5,Never played GTA,10,YouTube,7,Better driving physics,6,2,Yes,26.0,8,No,No,Yes,Same,Positive
R104728,19,Male,Asia-Pacific,Xbox Series X/S,Never played GTA,5,Official Rockstar trailer,0,Better driving physics,3,3,Maybe,57.0,33,No,No,Yes,Increased,Neutral/Cautious
R104729,28,Male,Latin America,PlayStation 5,GTA IV,6,Reddit,9,Online/multiplayer mode,6,4,Yes,78.0,18,Yes,No,No,Increased,Positive
R104730,21,Male,Latin America,PC,GTA V,7,YouTube,8,Improved police/AI systems,7,4,Maybe,69.0,5,Yes,Yes,Yes,Same,Positive
R104731,34,Non-binary,Europe,PlayStation 5,GTA V,4,Gaming news sites,4,Realistic economy & businesses,6,3,Yes,79.0,36,No,No,Yes,Same,Positive
R104732,22,Male,North America,PC,GTA San Andreas,5,X/Twitter,6,Map size & exploration,7,3,Yes,56.0,10,Yes,No,Yes,Decreased,Positive
R104733,18,Male,Europe,Undecided,GTA San Andreas,8,Reddit,11,Improved police/AI systems,10,3,Yes,101.0,13,No,No,Yes,Same,Very Positive
R104734,37,Male,North America,PC,GTA III,8,YouTube,13,Open-world Vice City map,10,4,Yes,75.0,20,Yes,No,No,Increased,Very Positive
R104735,19,Male,North America,PlayStation 5,GTA V,7,X/Twitter,11,Story & narrative depth,6,5,Maybe,65.0,5,Yes,Yes,Yes,Increased,Positive
R104736,13,Male,Latin America,PC,GTA San Andreas,4,YouTube,7,Online/multiplayer mode,7,5,Yes,61.0,16,Yes,No,Yes,Increased,Positive
R104737,39,Male,North America,PC,GTA San Andreas,3,Gaming news sites,16,Story & narrative depth,8,4,No,75.0,6,Yes,No,Yes,Increased,Very Positive
R104738,19,Male,Europe,Xbox Series X/S,GTA IV,3,Reddit,3,Graphics & ray tracing,6,3,Yes,55.0,16,Yes,Yes,Yes,Same,Positive
R104739,13,Male,Europe,PlayStation 5,GTA San Andreas,5,TikTok,14,Open-world Vice City map,8,4,Yes,82.0,22,Yes,No,No,Same,Very Positive
R104740,36,Male,Asia-Pacific,Xbox Series X/S,GTA IV,12,YouTube,7,Deeper character customization,6,3,Maybe,,8,Yes,Yes,Yes,Increased,Positive
R104741,30,Male,North America,PlayStation 5,GTA V,8,Official Rockstar trailer,13,Map size & exploration,10,2,Yes,87.0,2,No,No,No,Same,Very Positive
R104742,13,Male,North America,PC,GTA III,5,Official Rockstar trailer,11,Deeper character customization,8,3,Yes,84.0,18,Yes,No,No,Same,Very Positive
R104743,31,Male,Africa,PlayStation 5,GTA Vice City,5,YouTube,6,Online/multiplayer mode,8,2,Yes,70.0,27,No,Yes,Yes,Decreased,Very Positive
R104744,27,Male,Asia-Pacific,PlayStation 5,GTA III,6,Twitch,13,Story & narrative depth,9,5,Yes,77.0,8,Yes,No,No,Increased,Very Positive
R104745,21,Male,North America,PlayStation 5 Pro,GTA IV,7,Official Rockstar trailer,16,Open-world Vice City map,10,3,Yes,106.0,62,No,Yes,Yes,Decreased,Very Positive
R104746,24,Male,Asia-Pacific,PlayStation 5,GTA V,4,YouTube,12,Dual protagonists (Jason & Lucia),8,2,Yes,75.0,26,No,Yes,No,Increased,Very Positive
R104747,36,Male,North America,PlayStation 5 Pro,GTA Vice City,4,Official Rockstar trailer,8,Deeper character customization,7,4,No,76.0,8,Yes,No,Yes,Increased,Positive
R104748,16,Male,North America,PlayStation 5,GTA San Andreas,7,Twitch,5,Map size & exploration,5,3,Maybe,54.0,10,Yes,Yes,Yes,Increased,Positive
R104749,13,Male,Middle East,PC,Red Dead Redemption 2,5,YouTube,5,Realistic economy & businesses,7,4,No,58.0,8,Yes,Yes,No,Same,Positive
R104750,39,Male,Europe,PlayStation 5,GTA IV,8,YouTube,9,Graphics & ray tracing,7,5,No,69.0,10,No,No,No,Increased,Positive
R104751,27,Male,Europe,PC,GTA Vice City,4,TikTok,5,Open-world Vice City map,8,3,Yes,53.0,10,Yes,Yes,No,Increased,Very Positive
R104752,32,Male,Latin America,PlayStation 5,GTA V,5,Twitch,10,Improved police/AI systems,9,5,Yes,78.0,13,Yes,Yes,Yes,Same,Very Positive
R104753,30,Male,Asia-Pacific,PlayStation 5 Pro,GTA V,5,TikTok,7,Map size & exploration,6,4,Yes,52.0,16,No,No,Yes,Increased,Positive
R104754,19,Male,Asia-Pacific,PlayStation 5,GTA V,3,X/Twitter,8,Dual protagonists (Jason & Lucia),7,2,Yes,63.0,7,Yes,Yes,Yes,Increased,Positive
R104755,22,Prefer not to say,Middle East,Xbox Series X/S,Red Dead Redemption 2,9,YouTube,9,Dual protagonists (Jason & Lucia),10,5,Yes,82.0,7,No,No,Yes,Same,Very Positive
R104756,22,Prefer not to say,Asia-Pacific,PlayStation 5,GTA V,8,Reddit,12,Improved police/AI systems,10,5,Yes,59.0,9,Yes,No,Yes,Same,Very Positive
R104757,33,Male,North America,PlayStation 5,GTA San Andreas,11,Reddit,9,Open-world Vice City map,9,5,No,74.0,28,No,No,Yes,Increased,Very Positive
R104758,40,Male,Europe,Xbox Series X/S,GTA Vice City,5,YouTube,12,Dual protagonists (Jason & Lucia),7,3,No,83.0,22,Yes,Yes,Yes,Increased,Positive
R104759,16,Male,North America,Undecided,GTA V,5,Reddit,9,Map size & exploration,8,2,Yes,79.0,29,No,No,Yes,Increased,Very Positive
R104760,34,Male,Asia-Pacific,Xbox Series X/S,GTA V,7,Official Rockstar trailer,12,Improved police/AI systems,8,4,Yes,74.0,1,No,No,Yes,Increased,Very Positive
R104761,29,Male,Europe,PlayStation 5 Pro,GTA V,6,X/Twitter,6,Story & narrative depth,6,3,No,66.0,4,Yes,Yes,Yes,Increased,Positive
R104762,26,Female,Africa,PlayStation 5 Pro,Red Dead Redemption 2,8,Friends,8,Open-world Vice City map,8,5,No,84.0,65,Yes,No,Yes,Same,Very Positive
R104763,37,Male,Africa,PC,GTA Vice City,13,YouTube,13,Online/multiplayer mode,8,5,Yes,70.0,36,Yes,No,No,Same,Very Positive
R104764,13,Male,Europe,PC,GTA V,5,Gaming news sites,8,Open-world Vice City map,10,3,Maybe,84.0,6,No,No,Yes,Increased,Very Positive
R104765,17,Male,North America,Xbox Series X/S,GTA IV,12,YouTube,16,Deeper character customization,8,4,Yes,81.0,74,No,No,No,Same,Very Positive
R104766,30,Male,Europe,PlayStation 5,GTA V,6,YouTube,7,Realistic economy & businesses,7,4,Yes,75.0,28,No,No,No,Same,Positive
R104767,33,Male,Europe,PlayStation 5,GTA V,5,Friends,6,Dual protagonists (Jason & Lucia),6,4,Yes,59.0,3,Yes,Yes,Yes,Same,Positive
R104768,33,Male,Europe,Xbox Series X/S,GTA San Andreas,3,YouTube,6,Realistic economy & businesses,7,5,No,72.0,26,Yes,No,Yes,Increased,Positive
R104769,24,Male,North America,PlayStation 5 Pro,GTA San Andreas,8,YouTube,6,Improved police/AI systems,4,5,Maybe,73.0,6,Yes,No,Yes,Same,Neutral/Cautious
R104770,28,Male,Latin America,PC,GTA Vice City,11,Reddit,8,Map size & exploration,6,4,No,73.0,30,Yes,No,Yes,Decreased,Positive
R104771,19,Male,Latin America,PC,Red Dead Redemption 2,4,Twitch,11,Story & narrative depth,10,2,Yes,95.0,16,Yes,No,No,Increased,Very Positive
R104772,27,Male,Europe,Undecided,GTA San Andreas,9,YouTube,8,Better driving physics,8,2,Yes,71.0,23,No,No,No,Increased,Very Positive
R104773,19,Male,Europe,Xbox Series X/S,GTA Vice City,6,Reddit,11,Improved police/AI systems,8,2,Maybe,62.0,12,Yes,No,No,Same,Very Positive
R104774,25,Male,Europe,PC,GTA V,8,Official Rockstar trailer,13,Online/multiplayer mode,10,3,Yes,87.0,10,Yes,No,Yes,Increased,Very Positive
R104775,21,Female,Asia-Pacific,PlayStation 5 Pro,GTA San Andreas,11,Official Rockstar trailer,13,Story & narrative depth,10,4,Yes,90.0,21,No,No,Yes,Same,Very Positive
R104776,28,Male,Middle East,Xbox Series X/S,GTA San Andreas,8,Official Rockstar trailer,16,Online/multiplayer mode,10,4,Maybe,82.0,28,No,Yes,Yes,Increased,Very Positive
R104777,28,Male,Europe,PlayStation 5,GTA IV,5,Twitch,6,Dual protagonists (Jason & Lucia),4,1,Maybe,30.0,9,Yes,No,Yes,Increased,Neutral/Cautious
R104778,43,Non-binary,Asia-Pacific,Xbox Series X/S,GTA IV,10,Gaming news sites,8,Open-world Vice City map,9,2,Maybe,96.0,17,Yes,No,Yes,Same,Very Positive
R104779,21,Male,Europe,PC,GTA V,0,X/Twitter,6,Better driving physics,9,3,Yes,72.0,15,Yes,No,No,Increased,Very Positive
R104780,13,Male,Asia-Pacific,Xbox Series X/S,GTA San Andreas,9,Official Rockstar trailer,7,Map size & exploration,6,4,Maybe,74.0,18,Yes,Yes,Yes,Increased,Positive
R104781,21,Male,Asia-Pacific,PlayStation 5,GTA San Andreas,13,X/Twitter,10,Open-world Vice City map,10,4,Yes,89.0,33,Yes,Yes,Yes,Increased,Very Positive
R104782,19,Male,Europe,PC,GTA V,8,YouTube,8,Graphics & ray tracing,8,5,No,64.0,11,Yes,No,No,Increased,Very Positive
R104783,24,Male,North America,Xbox Series X/S,Red Dead Redemption 2,6,Official Rockstar trailer,7,Improved police/AI systems,8,4,Yes,73.0,4,No,No,Yes,Increased,Very Positive
R104784,19,Female,Africa,PlayStation 5,GTA IV,0,Gaming news sites,8,Realistic economy & businesses,8,2,No,64.0,15,Yes,No,Yes,Same,Very Positive
R104785,24,Female,Europe,PC,Red Dead Redemption 2,0,YouTube,10,Open-world Vice City map,8,3,Yes,70.0,7,No,Yes,Yes,Increased,Very Positive
R104786,34,Female,North America,Xbox Series X/S,GTA IV,5,X/Twitter,9,Graphics & ray tracing,9,4,Yes,80.0,13,No,Yes,Yes,Decreased,Very Positive
R104787,17,Male,Europe,PlayStation 5,Never played GTA,6,Friends,13,Realistic economy & businesses,6,4,Yes,61.0,7,Yes,Yes,Yes,Increased,Positive
R104788,15,Male,Asia-Pacific,PC,GTA Vice City,4,Twitch,13,Story & narrative depth,10,4,Yes,73.0,8,No,Yes,No,Same,Very Positive
R104789,26,Male,North America,PlayStation 5,GTA Vice City,9,X/Twitter,11,Open-world Vice City map,9,4,Yes,80.0,10,Yes,No,No,Same,Very Positive
R104790,29,Male,Asia-Pacific,Xbox Series X/S,Red Dead Redemption 2,10,YouTube,7,Better driving physics,6,3,Yes,59.0,9,Yes,No,Yes,Increased,Positive
R104791,28,Male,Asia-Pacific,Xbox Series X/S,GTA IV,3,TikTok,9,Open-world Vice City map,8,3,Yes,83.0,4,Yes,No,Yes,Increased,Very Positive
R104792,20,Non-binary,North America,PlayStation 5,GTA V,9,TikTok,11,Open-world Vice City map,9,5,Yes,76.0,10,Yes,No,Yes,Increased,Very Positive
R104793,30,Male,Europe,PlayStation 5,Red Dead Redemption 2,6,TikTok,7,Improved police/AI systems,4,4,Yes,33.0,2,Yes,No,No,Increased,Neutral/Cautious
R104794,14,Female,Europe,Xbox Series X/S,Red Dead Redemption 2,1,Official Rockstar trailer,7,Online/multiplayer mode,10,5,Yes,72.0,24,Yes,No,Yes,Same,Very Positive
R104795,25,Female,North America,PlayStation 5,GTA III,11,Official Rockstar trailer,9,Story & narrative depth,10,2,Yes,93.0,41,Yes,Yes,Yes,Increased,Very Positive
R104796,14,Male,Europe,PlayStation 5,GTA IV,4,Reddit,10,Realistic economy & businesses,10,4,Yes,90.0,28,Yes,No,Yes,Increased,Very Positive
R104797,22,Male,North America,Undecided,GTA San Andreas,4,X/Twitter,4,Open-world Vice City map,7,3,No,57.0,17,No,No,No,Same,Positive
R104798,20,Male,Latin America,PC,Red Dead Redemption 2,2,Official Rockstar trailer,8,Better driving physics,6,3,Yes,67.0,42,Yes,No,Yes,Increased,Positive
R104799,36,Non-binary,Africa,PlayStation 5,GTA V,10,Official Rockstar trailer,6,Graphics & ray tracing,7,2,Yes,58.0,14,Yes,Yes,Yes,Decreased,Positive
R104800,31,Male,Middle East,PC,GTA V,6,X/Twitter,10,Improved police/AI systems,8,4,Yes,42.0,23,Yes,No,Yes,Increased,Very Positive
R104801,34,Female,North America,PC,GTA V,8,YouTube,9,Story & narrative depth,9,4,Yes,65.0,20,Yes,No,Yes,Increased,Very Positive
R104802,17,Male,North America,PlayStation 5,GTA V,5,Official Rockstar trailer,12,Story & narrative depth,8,5,Yes,65.0,11,No,No,Yes,Increased,Very Positive
R104803,16,Female,Europe,Undecided,GTA San Andreas,7,Gaming news sites,10,Better driving physics,9,3,Yes,100.0,27,No,No,Yes,Increased,Very Positive
R104804,33,Male,Europe,PC,GTA Vice City,1,Friends,12,Story & narrative depth,9,3,Maybe,,37,Yes,No,No,Same,Very Positive
R104805,29,Female,Europe,PC,Red Dead Redemption 2,6,Official Rockstar trailer,2,Open-world Vice City map,6,4,No,61.0,10,Yes,No,Yes,Increased,Positive
R104806,24,Male,Europe,PC,GTA IV,9,Twitch,14,Online/multiplayer mode,8,4,Yes,55.0,28,No,Yes,No,Decreased,Very Positive
R104807,19,Male,Europe,Xbox Series X/S,GTA Vice City,4,Reddit,12,Map size & exploration,8,3,Yes,90.0,14,Yes,Yes,No,Decreased,Very Positive
R104808,23,Male,Europe,PlayStation 5,GTA San Andreas,6,Official Rockstar trailer,6,Open-world Vice City map,5,3,Yes,53.0,14,Yes,No,No,Increased,Positive
R104809,32,Male,Latin America,PC,GTA IV,7,Official Rockstar trailer,10,Story & narrative depth,7,3,Yes,79.0,11,Yes,No,Yes,Increased,Positive
R104810,23,Male,Europe,PlayStation 5,GTA V,6,Official Rockstar trailer,5,Realistic economy & businesses,5,5,Maybe,48.0,27,No,Yes,No,Decreased,Positive
R104811,13,Male,North America,PC,GTA V,4,Gaming news sites,13,Online/multiplayer mode,9,3,Maybe,78.0,60,No,No,Yes,Increased,Very Positive
R104812,14,Male,Asia-Pacific,PC,GTA San Andreas,4,TikTok,11,Improved police/AI systems,8,2,Maybe,74.0,13,No,No,Yes,Decreased,Very Positive
R104813,13,Male,North America,PC,GTA IV,1,X/Twitter,7,Map size & exploration,7,1,Yes,43.0,3,Yes,Yes,Yes,Increased,Positive
R104814,24,Male,North America,Undecided,GTA V,3,Reddit,13,Realistic economy & businesses,9,1,Yes,85.0,28,Yes,No,No,Increased,Very Positive
R104815,36,Male,Europe,Xbox Series X/S,Red Dead Redemption 2,7,Official Rockstar trailer,13,Better driving physics,10,3,Yes,101.0,21,Yes,No,No,Same,Very Positive
R104816,35,Male,North America,PlayStation 5 Pro,GTA V,12,Twitch,10,Map size & exploration,9,5,Yes,81.0,5,No,No,Yes,Increased,Very Positive
R104817,22,Male,Middle East,PC,GTA IV,3,X/Twitter,9,Story & narrative depth,7,2,Yes,54.0,9,Yes,No,No,Increased,Positive
R104818,17,Male,North America,Xbox Series X/S,GTA V,9,Gaming news sites,4,Graphics & ray tracing,4,5,No,53.0,7,Yes,Yes,No,Increased,Neutral/Cautious
R104819,19,Male,Europe,PC,GTA IV,2,X/Twitter,5,Dual protagonists (Jason & Lucia),4,4,Maybe,56.0,8,Yes,Yes,Yes,Increased,Neutral/Cautious
R104820,33,Male,Africa,PlayStation 5 Pro,Red Dead Redemption 2,5,YouTube,6,Story & narrative depth,8,4,Yes,70.0,34,Yes,No,No,Same,Very Positive
R104821,37,Male,North America,PC,GTA V,9,YouTube,5,Realistic economy & businesses,5,5,Yes,70.0,23,No,No,Yes,Decreased,Positive
R104822,23,Male,Asia-Pacific,PlayStation 5 Pro,GTA IV,6,Gaming news sites,9,Dual protagonists (Jason & Lucia),8,4,Yes,69.0,8,No,Yes,Yes,Increased,Very Positive
R104823,24,Male,Asia-Pacific,PC,GTA Vice City,10,Twitch,6,Story & narrative depth,5,4,Maybe,44.0,6,Yes,Yes,No,Increased,Positive
R104824,23,Male,North America,PC,Never played GTA,0,Reddit,4,Story & narrative depth,7,4,Yes,77.0,37,Yes,No,No,Increased,Positive
R104825,13,Prefer not to say,Europe,PC,GTA V,4,TikTok,9,Dual protagonists (Jason & Lucia),10,3,Yes,89.0,14,No,No,Yes,Same,Very Positive
R104826,20,Female,Middle East,Xbox Series X/S,GTA V,5,YouTube,9,Map size & exploration,10,3,Yes,83.0,9,Yes,No,Yes,Increased,Very Positive
R104827,28,Male,Europe,PlayStation 5,GTA Vice City,10,Gaming news sites,10,Improved police/AI systems,8,2,Yes,58.0,39,Yes,Yes,Yes,Same,Very Positive
R104828,17,Male,Europe,PlayStation 5,GTA San Andreas,8,YouTube,13,Story & narrative depth,8,5,No,69.0,16,Yes,Yes,Yes,Increased,Very Positive
R104829,41,Male,Asia-Pacific,Xbox Series X/S,GTA V,7,Reddit,7,Improved police/AI systems,9,2,Yes,104.0,35,Yes,No,No,Increased,Very Positive
R104830,40,Male,Europe,Undecided,GTA IV,3,YouTube,9,Deeper character customization,10,5,Yes,91.0,20,Yes,No,Yes,Increased,Very Positive
R104831,39,Male,Europe,Xbox Series X/S,GTA San Andreas,2,YouTube,7,Dual protagonists (Jason & Lucia),10,2,Yes,103.0,7,Yes,No,Yes,Increased,Very Positive
R104832,35,Male,Europe,PC,Red Dead Redemption 2,3,Official Rockstar trailer,5,Better driving physics,6,3,Yes,68.0,7,Yes,No,No,Increased,Positive
R104833,48,Male,Latin America,Xbox Series X/S,GTA San Andreas,6,X/Twitter,8,Online/multiplayer mode,5,4,No,85.0,18,Yes,No,Yes,Same,Positive
R104834,30,Prefer not to say,North America,Xbox Series X/S,GTA IV,8,Reddit,7,Graphics & ray tracing,9,4,Yes,81.0,19,Yes,No,Yes,Increased,Very Positive
R104835,18,Male,Asia-Pacific,PC,GTA San Andreas,9,TikTok,10,Improved police/AI systems,9,4,Yes,72.0,39,No,Yes,Yes,Same,Very Positive
R104836,29,Male,Europe,Xbox Series X/S,GTA III,5,Reddit,11,Story & narrative depth,8,3,Yes,55.0,20,Yes,No,No,Same,Very Positive
R104837,34,Male,Latin America,PlayStation 5,GTA V,5,Friends,8,Open-world Vice City map,9,4,Yes,67.0,7,Yes,No,No,Increased,Very Positive
R104838,36,Non-binary,North America,PC,Red Dead Redemption 2,5,Official Rockstar trailer,6,Map size & exploration,7,4,Yes,78.0,11,Yes,Yes,Yes,Increased,Positive
R104839,29,Male,Middle East,PC,GTA IV,3,Official Rockstar trailer,8,Realistic economy & businesses,8,3,Yes,91.0,12,Yes,No,No,Increased,Very Positive
R104840,20,Male,Europe,PC,GTA V,10,Official Rockstar trailer,4,Graphics & ray tracing,6,2,Maybe,62.0,15,Yes,No,Yes,Same,Positive
R104841,37,Male,Europe,PlayStation 5,Red Dead Redemption 2,3,YouTube,15,Online/multiplayer mode,10,5,Yes,116.0,7,No,Yes,Yes,Decreased,Very Positive
R104842,20,Female,North America,PC,GTA V,8,X/Twitter,13,Dual protagonists (Jason & Lucia),6,4,Maybe,70.0,18,No,Yes,No,Increased,Positive
R104843,13,Male,Europe,PlayStation 5,GTA San Andreas,1,YouTube,11,Realistic economy & businesses,8,4,Yes,79.0,17,No,Yes,No,Same,Very Positive
R104844,15,Male,Latin America,PlayStation 5 Pro,GTA IV,4,YouTube,7,Dual protagonists (Jason & Lucia),9,5,Yes,67.0,39,No,No,No,Increased,Very Positive
R104845,26,Male,Europe,PlayStation 5,GTA V,8,YouTube,11,Map size & exploration,6,4,Yes,66.0,9,Yes,No,Yes,Same,Positive
R104846,30,Male,Latin America,Xbox Series X/S,GTA V,5,YouTube,9,Dual protagonists (Jason & Lucia),9,2,Yes,88.0,27,Yes,No,Yes,Increased,Very Positive
R104847,25,Male,Latin America,Undecided,GTA San Andreas,6,X/Twitter,13,Improved police/AI systems,10,5,Yes,105.0,18,No,No,No,Same,Very Positive
R104848,27,Male,North America,Xbox Series X/S,GTA San Andreas,1,Reddit,11,Deeper character customization,10,4,Yes,85.0,9,Yes,No,No,Increased,Very Positive
R104849,23,Male,North America,PC,GTA San Andreas,5,Reddit,5,Deeper character customization,7,5,Yes,48.0,8,Yes,No,No,Increased,Positive
R104850,26,Male,North America,PlayStation 5,GTA V,1,Official Rockstar trailer,11,Dual protagonists (Jason & Lucia),10,4,Yes,52.0,9,No,No,No,Increased,Very Positive
R104851,34,Male,North America,PC,GTA V,8,Reddit,6,Realistic economy & businesses,6,3,Yes,43.0,18,Yes,Yes,No,Decreased,Positive
R104852,44,Female,Asia-Pacific,PlayStation 5,GTA V,11,Friends,10,Map size & exploration,6,5,Maybe,61.0,23,Yes,Yes,Yes,Increased,Positive
R104853,41,Male,Europe,Xbox Series X/S,Never played GTA,6,YouTube,6,Open-world Vice City map,7,2,No,55.0,15,Yes,Yes,No,Increased,Positive
R104854,22,Female,Europe,PC,GTA San Andreas,10,YouTube,9,Story & narrative depth,5,4,Yes,47.0,24,Yes,Yes,Yes,Same,Positive
R104855,22,Male,Asia-Pacific,PC,GTA V,4,Official Rockstar trailer,15,Online/multiplayer mode,9,5,Yes,80.0,31,Yes,No,Yes,Increased,Very Positive
R104856,28,Female,North America,PlayStation 5,GTA III,10,Friends,8,Map size & exploration,6,2,Yes,75.0,12,Yes,No,No,Increased,Positive
R104857,40,Male,Europe,Xbox Series X/S,Red Dead Redemption 2,1,X/Twitter,6,Open-world Vice City map,6,4,Yes,58.0,16,Yes,Yes,No,Increased,Positive
R104858,20,Male,Latin America,PC,GTA San Andreas,8,X/Twitter,2,Map size & exploration,4,3,Maybe,68.0,11,Yes,No,No,Decreased,Neutral/Cautious
R104859,33,Male,Asia-Pacific,PlayStation 5,Red Dead Redemption 2,7,Reddit,10,Deeper character customization,10,5,Yes,83.0,16,Yes,No,Yes,Decreased,Very Positive
R104860,32,Female,North America,PlayStation 5 Pro,GTA Vice City,7,Reddit,10,Online/multiplayer mode,10,4,Yes,90.0,5,No,No,No,Decreased,Very Positive
R104861,35,Male,North America,Xbox Series X/S,GTA V,9,Gaming news sites,11,Dual protagonists (Jason & Lucia),10,4,Yes,92.0,24,Yes,Yes,No,Increased,Very Positive
R104862,29,Male,Asia-Pacific,PlayStation 5 Pro,GTA San Andreas,6,Reddit,14,Better driving physics,8,4,Yes,49.0,12,Yes,Yes,Yes,Decreased,Very Positive
R104863,13,Male,Latin America,PC,GTA V,4,YouTube,8,Deeper character customization,7,3,No,69.0,4,No,Yes,Yes,Increased,Positive
R104864,14,Female,Asia-Pacific,PlayStation 5,GTA V,4,TikTok,4,Open-world Vice City map,8,3,No,46.0,5,Yes,No,No,Increased,Very Positive
R104865,20,Male,Europe,Xbox Series X/S,GTA San Andreas,3,YouTube,4,Story & narrative depth,3,4,No,30.0,6,Yes,No,Yes,Same,Neutral/Cautious
R104866,31,Male,North America,PlayStation 5,GTA V,6,TikTok,8,Dual protagonists (Jason & Lucia),8,3,Yes,48.0,12,Yes,Yes,Yes,Same,Very Positive
R104867,13,Male,Asia-Pacific,PlayStation 5,GTA V,4,Reddit,11,Story & narrative depth,10,5,Yes,83.0,4,Yes,No,Yes,Increased,Very Positive
R104868,29,Male,Africa,PlayStation 5,GTA V,7,YouTube,11,Story & narrative depth,10,3,Yes,70.0,26,Yes,No,Yes,Same,Very Positive
R104869,39,Male,Middle East,PC,GTA IV,0,Reddit,11,Online/multiplayer mode,9,5,Yes,77.0,10,Yes,No,Yes,Decreased,Very Positive
R104870,42,Male,Africa,PC,GTA V,9,Official Rockstar trailer,8,Story & narrative depth,8,4,Yes,86.0,5,No,No,Yes,Same,Very Positive
R104871,24,Male,Europe,PlayStation 5,GTA V,5,YouTube,10,Realistic economy & businesses,8,5,No,79.0,19,Yes,No,Yes,Decreased,Very Positive
R104872,49,Male,North America,PlayStation 5,GTA V,2,YouTube,10,Map size & exploration,10,5,Yes,74.0,17,Yes,Yes,Yes,Increased,Very Positive
R104873,28,Male,North America,PC,GTA IV,2,Reddit,11,Improved police/AI systems,10,3,Yes,94.0,13,Yes,No,Yes,Same,Very Positive
R104874,22,Female,Middle East,PC,GTA V,9,Official Rockstar trailer,9,Open-world Vice City map,9,5,Yes,93.0,10,Yes,No,No,Increased,Very Positive
R104875,21,Male,Latin America,PlayStation 5,GTA V,5,YouTube,8,Story & narrative depth,9,3,Yes,97.0,11,Yes,Yes,No,Increased,Very Positive
R104876,26,Male,Latin America,PlayStation 5,GTA V,6,Official Rockstar trailer,7,Story & narrative depth,9,2,Yes,67.0,25,Yes,No,Yes,Decreased,Very Positive
R104877,26,Female,Latin America,Xbox Series X/S,GTA V,3,Gaming news sites,7,Dual protagonists (Jason & Lucia),4,4,No,64.0,2,No,No,Yes,Increased,Neutral/Cautious
R104878,31,Male,Europe,PlayStation 5,GTA San Andreas,10,Official Rockstar trailer,9,Online/multiplayer mode,7,4,Yes,75.0,23,No,No,Yes,Same,Positive
R104879,35,Male,North America,PlayStation 5,GTA IV,5,YouTube,9,Online/multiplayer mode,6,3,Yes,52.0,24,No,Yes,Yes,Same,Positive
R104880,16,Male,North America,PC,GTA V,4,X/Twitter,12,Deeper character customization,10,5,Yes,105.0,21,No,Yes,Yes,Increased,Very Positive
R104881,20,Female,Europe,Xbox Series X/S,GTA Vice City,8,Reddit,9,Open-world Vice City map,10,3,Yes,,18,No,Yes,No,Same,Very Positive
R104882,27,Male,Europe,Xbox Series X/S,GTA San Andreas,8,Reddit,11,Open-world Vice City map,8,3,Yes,79.0,5,Yes,No,No,Same,Very Positive
R104883,19,Male,Latin America,PlayStation 5,GTA San Andreas,6,TikTok,10,Improved police/AI systems,10,4,Yes,88.0,7,Yes,No,Yes,Same,Very Positive
R104884,23,Male,Latin America,Xbox Series X/S,GTA San Andreas,4,Reddit,11,Open-world Vice City map,10,4,Yes,78.0,21,No,No,No,Increased,Very Positive
R104885,19,Male,North America,PC,GTA V,9,Reddit,9,Online/multiplayer mode,9,4,Yes,91.0,10,No,No,Yes,Increased,Very Positive
R104886,13,Male,Asia-Pacific,Xbox Series X/S,GTA V,6,Official Rockstar trailer,12,Open-world Vice City map,9,2,Yes,80.0,25,Yes,No,Yes,Increased,Very Positive
R104887,13,Male,North America,Undecided,GTA San Andreas,3,Official Rockstar trailer,11,Realistic economy & businesses,9,4,Yes,78.0,18,Yes,Yes,No,Same,Very Positive
R104888,30,Female,Europe,PlayStation 5,GTA IV,8,X/Twitter,8,Dual protagonists (Jason & Lucia),6,3,Yes,66.0,12,No,Yes,No,Increased,Positive
R104889,43,Male,Europe,PlayStation 5,GTA San Andreas,5,Twitch,5,Online/multiplayer mode,5,5,No,50.0,15,Yes,No,No,Same,Positive
R104890,35,Female,Middle East,PlayStation 5 Pro,GTA V,8,Twitch,3,Dual protagonists (Jason & Lucia),5,4,No,46.0,22,No,Yes,Yes,Same,Positive
R104891,23,Male,Europe,PlayStation 5,GTA San Andreas,8,Official Rockstar trailer,8,Dual protagonists (Jason & Lucia),5,2,No,48.0,3,Yes,Yes,Yes,Increased,Positive
R104892,18,Male,Europe,Xbox Series X/S,GTA IV,6,Reddit,13,Online/multiplayer mode,7,3,No,71.0,13,Yes,No,Yes,Increased,Positive
R104893,30,Male,Latin America,PlayStation 5,GTA V,8,TikTok,9,Improved police/AI systems,9,3,Yes,74.0,34,Yes,No,No,Decreased,Very Positive
R104894,13,Male,Europe,PlayStation 5,GTA Vice City,12,YouTube,13,Better driving physics,10,3,Yes,93.0,10,No,Yes,No,Decreased,Very Positive
R104895,13,Male,Europe,Undecided,GTA IV,9,Friends,10,Deeper character customization,7,4,No,82.0,5,Yes,No,No,Increased,Positive
R104896,25,Male,Asia-Pacific,PlayStation 5,GTA V,5,Twitch,5,Dual protagonists (Jason & Lucia),7,4,Yes,54.0,17,No,No,Yes,Increased,Positive
R104897,27,,North America,PC,GTA San Andreas,5,TikTok,10,Dual protagonists (Jason & Lucia),9,3,Yes,82.0,6,Yes,No,No,Increased,Very Positive
R104898,35,Female,North America,PlayStation 5,GTA IV,5,X/Twitter,9,Improved police/AI systems,8,5,Yes,66.0,4,Yes,No,Yes,Decreased,Very Positive
R104899,24,Male,Asia-Pacific,Xbox Series X/S,GTA San Andreas,13,Reddit,12,Open-world Vice City map,10,3,Yes,88.0,10,Yes,No,Yes,Increased,Very Positive
R104900,34,Male,Asia-Pacific,Xbox Series X/S,GTA III,8,TikTok,12,Deeper character customization,7,4,Yes,74.0,23,No,No,Yes,Decreased,Positive
R104901,24,Male,North America,PlayStation 5,GTA IV,3,Reddit,14,Dual protagonists (Jason & Lucia),10,4,Yes,82.0,23,Yes,No,Yes,Increased,Very Positive
R104902,22,Female,Europe,PlayStation 5,GTA San Andreas,3,X/Twitter,10,Better driving physics,6,3,No,54.0,12,No,No,Yes,Increased,Positive
R104903,13,Male,Latin America,Xbox Series X/S,GTA V,7,Official Rockstar trailer,6,Improved police/AI systems,5,5,No,62.0,4,Yes,Yes,Yes,Increased,Positive
R104904,17,Male,North America,PlayStation 5,Red Dead Redemption 2,6,Official Rockstar trailer,5,Story & narrative depth,6,4,Yes,56.0,14,No,No,Yes,Increased,Positive
R104905,36,Male,North America,Xbox Series X/S,GTA San Andreas,9,Reddit,12,Map size & exploration,10,3,Yes,93.0,9,Yes,No,No,Increased,Very Positive
R104906,32,Male,Asia-Pacific,Undecided,GTA V,7,Official Rockstar trailer,10,Story & narrative depth,9,5,Yes,68.0,9,Yes,Yes,No,Increased,Very Positive
R104907,13,Female,North America,Undecided,GTA Vice City,10,YouTube,7,Map size & exploration,7,3,Yes,70.0,33,Yes,No,Yes,Decreased,Positive
R104908,29,Male,Europe,PlayStation 5 Pro,GTA III,10,YouTube,6,Graphics & ray tracing,5,3,Maybe,49.0,23,Yes,Yes,No,Increased,Positive
R104909,23,Female,Asia-Pacific,PlayStation 5,Red Dead Redemption 2,4,Official Rockstar trailer,6,Graphics & ray tracing,7,3,Yes,72.0,29,Yes,No,No,Increased,Positive
R104910,13,Female,Europe,PlayStation 5,GTA III,0,Twitch,12,Graphics & ray tracing,9,2,Yes,99.0,12,Yes,No,Yes,Increased,Very Positive
R104911,27,Male,Asia-Pacific,Xbox Series X/S,GTA V,7,YouTube,8,Map size & exploration,5,4,No,44.0,9,Yes,No,Yes,Increased,Positive
R104912,40,Prefer not to say,North America,PC,Red Dead Redemption 2,2,Reddit,9,Open-world Vice City map,7,2,Maybe,66.0,20,Yes,Yes,No,Increased,Positive
R104913,23,Male,Europe,Xbox Series X/S,Red Dead Redemption 2,0,YouTube,6,Online/multiplayer mode,9,4,Yes,97.0,24,Yes,No,Yes,Increased,Very Positive
R104914,24,Male,Europe,Xbox Series X/S,GTA Vice City,3,Gaming news sites,4,Graphics & ray tracing,6,4,Maybe,50.0,33,Yes,Yes,Yes,Same,Positive
R104915,13,Male,Asia-Pacific,PlayStation 5,GTA V,10,Reddit,8,Dual protagonists (Jason & Lucia),10,5,Maybe,73.0,8,Yes,No,Yes,Increased,Very Positive
R104916,24,Male,Europe,PlayStation 5,GTA V,5,TikTok,11,Online/multiplayer mode,8,3,No,83.0,11,No,Yes,Yes,Same,Very Positive
R104917,23,Male,Europe,PC,GTA V,6,Reddit,10,Deeper character customization,9,4,No,92.0,14,No,Yes,Yes,Increased,Very Positive
R104918,27,Male,North America,PC,GTA San Andreas,6,YouTube,7,Map size & exploration,6,3,Yes,43.0,11,No,No,Yes,Increased,Positive
R104919,33,Male,Europe,PlayStation 5,GTA V,6,Reddit,5,Online/multiplayer mode,7,5,Yes,52.0,17,No,No,Yes,Same,Positive
R104920,37,Male,North America,PlayStation 5,GTA V,5,YouTube,14,Dual protagonists (Jason & Lucia),10,3,No,90.0,36,Yes,No,No,Same,Very Positive
R104921,23,Male,Europe,PlayStation 5,GTA V,3,YouTube,6,Graphics & ray tracing,8,2,Yes,70.0,21,No,No,Yes,Same,Very Positive
R104922,14,Male,Asia-Pacific,PlayStation 5,GTA San Andreas,8,YouTube,5,Dual protagonists (Jason & Lucia),8,3,Maybe,72.0,11,Yes,Yes,No,Increased,Very Positive
R104923,40,Male,Europe,PlayStation 5,GTA San Andreas,6,Reddit,11,Map size & exploration,7,5,Yes,59.0,34,No,No,Yes,Increased,Positive
R104924,17,Male,Europe,PlayStation 5,GTA V,1,YouTube,8,Dual protagonists (Jason & Lucia),7,5,Maybe,50.0,18,No,Yes,No,Increased,Positive
R104925,37,Female,North America,PC,GTA Vice City,3,YouTube,6,Online/multiplayer mode,4,3,Maybe,58.0,3,No,No,No,Same,Neutral/Cautious
R104926,23,Male,Europe,Xbox Series X/S,GTA V,9,YouTube,7,Realistic economy & businesses,10,2,Yes,105.0,22,No,No,No,Increased,Very Positive
R104927,34,Female,North America,Xbox Series X/S,GTA San Andreas,4,Official Rockstar trailer,9,Realistic economy & businesses,10,3,No,103.0,4,No,Yes,Yes,Increased,Very Positive
R104928,39,Male,Europe,Xbox Series X/S,GTA San Andreas,9,Friends,11,Improved police/AI systems,10,4,Yes,80.0,28,No,No,Yes,Increased,Very Positive
R104929,13,Male,North America,PlayStation 5,GTA V,11,Official Rockstar trailer,3,Deeper character customization,5,3,No,47.0,4,Yes,Yes,No,Same,Positive
R104930,26,Female,Europe,PlayStation 5,GTA Vice City,3,YouTube,4,Improved police/AI systems,6,4,Yes,77.0,14,No,No,Yes,Same,Positive
R104931,33,Male,Middle East,PC,GTA V,1,TikTok,4,Graphics & ray tracing,6,3,Yes,52.0,24,Yes,No,Yes,Increased,Positive
R104932,26,Female,Europe,Xbox Series X/S,GTA V,4,X/Twitter,16,Open-world Vice City map,9,3,Yes,94.0,48,Yes,No,Yes,Same,Very Positive
R104933,29,Male,Asia-Pacific,Xbox Series X/S,GTA V,9,Reddit,9,Open-world Vice City map,8,4,No,64.0,19,Yes,No,No,Same,Very Positive
R104934,24,Non-binary,Europe,PlayStation 5,GTA IV,7,YouTube,11,Deeper character customization,7,4,Maybe,70.0,20,Yes,No,Yes,Increased,Positive
R104935,18,Prefer not to say,Europe,PC,GTA V,7,Gaming news sites,4,Dual protagonists (Jason & Lucia),7,3,Yes,67.0,25,Yes,Yes,No,Increased,Positive
R104936,41,Female,Europe,PC,GTA San Andreas,4,Gaming news sites,3,Graphics & ray tracing,6,4,Yes,70.0,11,No,No,Yes,Decreased,Positive
R104937,13,Female,North America,Xbox Series X/S,GTA V,2,Official Rockstar trailer,6,Improved police/AI systems,6,2,No,77.0,23,No,No,No,Same,Positive
R104938,32,Male,Asia-Pacific,PlayStation 5,GTA V,5,Gaming news sites,9,Improved police/AI systems,10,4,Yes,80.0,52,No,No,Yes,Increased,Very Positive
R104939,19,Female,Middle East,PC,GTA III,8,YouTube,9,Online/multiplayer mode,8,3,Yes,63.0,12,No,Yes,Yes,Same,Very Positive
R104940,24,Female,North America,PlayStation 5,GTA San Andreas,2,YouTube,8,Open-world Vice City map,8,3,Maybe,65.0,16,Yes,Yes,No,Increased,Very Positive
R104941,26,Female,Asia-Pacific,PlayStation 5 Pro,GTA San Andreas,7,Official Rockstar trailer,10,Dual protagonists (Jason & Lucia),10,4,Yes,92.0,15,No,No,Yes,Increased,Very Positive
R104942,13,Male,Asia-Pacific,Xbox Series X/S,GTA V,6,X/Twitter,5,Improved police/AI systems,8,5,Yes,89.0,18,Yes,Yes,Yes,Same,Very Positive
R104943,17,Female,Latin America,PC,GTA Vice City,3,TikTok,13,Better driving physics,10,4,Yes,69.0,18,Yes,Yes,Yes,Increased,Very Positive
R104944,33,Male,North America,PlayStation 5,GTA San Andreas,3,Official Rockstar trailer,9,Open-world Vice City map,8,3,No,96.0,23,Yes,No,Yes,Same,Very Positive
R104945,31,Male,North America,Xbox Series X/S,Never played GTA,2,YouTube,10,Open-world Vice City map,6,3,Yes,65.0,15,Yes,No,Yes,Same,Positive
R104946,28,Male,Latin America,PlayStation 5,GTA San Andreas,4,X/Twitter,3,Story & narrative depth,6,4,Yes,49.0,24,Yes,Yes,No,Increased,Positive
R104947,19,Male,Europe,PlayStation 5,GTA V,4,TikTok,11,Open-world Vice City map,10,5,Yes,66.0,13,Yes,Yes,Yes,Increased,Very Positive
R104948,13,Male,Asia-Pacific,PlayStation 5,GTA V,8,Gaming news sites,12,Open-world Vice City map,10,4,Yes,101.0,20,No,No,Yes,Increased,Very Positive
R104949,31,Male,Middle East,Xbox Series X/S,GTA Vice City,5,Official Rockstar trailer,9,Realistic economy & businesses,10,5,Yes,80.0,51,Yes,No,No,Same,Very Positive
R104950,20,Male,Europe,PlayStation 5 Pro,GTA San Andreas,13,Official Rockstar trailer,10,Story & narrative depth,7,4,Yes,56.0,4,Yes,No,No,Increased,Positive
R104951,13,Male,Latin America,Xbox Series X/S,GTA San Andreas,4,YouTube,12,Open-world Vice City map,10,2,Yes,91.0,23,No,No,Yes,Decreased,Very Positive
R104952,22,Male,North America,PlayStation 5,GTA Vice City,4,Reddit,5,Online/multiplayer mode,5,5,Yes,50.0,4,Yes,No,No,Same,Positive
R104953,28,Male,Asia-Pacific,Xbox Series X/S,GTA Vice City,4,Reddit,4,Realistic economy & businesses,7,3,No,64.0,28,Yes,Yes,Yes,Same,Positive
R104954,13,Male,North America,PC,GTA IV,10,Official Rockstar trailer,5,Story & narrative depth,5,5,Yes,44.0,5,Yes,No,Yes,Increased,Positive
R104955,30,Male,Africa,PlayStation 5,GTA IV,9,TikTok,10,Map size & exploration,8,3,Yes,87.0,16,No,No,Yes,Increased,Very Positive
R104956,36,Female,Asia-Pacific,Xbox Series X/S,GTA V,5,YouTube,8,Open-world Vice City map,8,5,Maybe,56.0,19,No,No,Yes,Increased,Very Positive
R104957,25,Female,Latin America,PC,Red Dead Redemption 2,1,Friends,11,Online/multiplayer mode,10,5,Yes,102.0,3,Yes,No,Yes,Increased,Very Positive
R104958,26,Male,North America,PlayStation 5 Pro,GTA Vice City,5,Reddit,9,Map size & exploration,7,4,No,72.0,4,No,Yes,No,Same,Positive
R104959,21,Male,North America,Xbox Series X/S,GTA V,7,X/Twitter,7,Realistic economy & businesses,9,5,Yes,83.0,56,Yes,No,No,Same,Very Positive
R104960,27,Non-binary,Asia-Pacific,Xbox Series X/S,Red Dead Redemption 2,3,Reddit,5,Dual protagonists (Jason & Lucia),7,1,Maybe,51.0,5,Yes,Yes,Yes,Increased,Positive
R104961,25,Male,North America,PlayStation 5,GTA III,8,YouTube,9,Deeper character customization,8,2,Yes,74.0,12,Yes,Yes,Yes,Increased,Very Positive
R104962,32,Male,North America,PlayStation 5 Pro,Red Dead Redemption 2,8,Official Rockstar trailer,16,Map size & exploration,10,4,Yes,87.0,18,Yes,No,No,Decreased,Very Positive
R104963,25,Male,North America,PlayStation 5,GTA San Andreas,4,YouTube,10,Online/multiplayer mode,8,3,Yes,,12,Yes,Yes,No,Same,Very Positive
R104964,26,Female,North America,Xbox Series X/S,GTA Vice City,4,YouTube,9,Open-world Vice City map,7,3,Maybe,48.0,7,No,No,Yes,Increased,Positive
R104965,28,Male,Latin America,Xbox Series X/S,GTA San Andreas,8,Official Rockstar trailer,10,Online/multiplayer mode,10,3,Yes,99.0,36,Yes,No,Yes,Same,Very Positive
R104966,13,Male,North America,PC,GTA V,4,TikTok,7,Deeper character customization,7,2,No,74.0,30,Yes,No,Yes,Increased,Positive
R104967,20,Male,Europe,PC,GTA V,4,YouTube,9,Dual protagonists (Jason & Lucia),6,4,Maybe,49.0,4,Yes,No,Yes,Increased,Positive
R104968,34,Male,Asia-Pacific,PC,GTA V,2,Reddit,7,Online/multiplayer mode,10,4,Maybe,97.0,14,Yes,No,Yes,Increased,Very Positive
R104969,34,Male,Latin America,PlayStation 5,GTA San Andreas,8,Gaming news sites,6,Online/multiplayer mode,6,4,No,66.0,6,No,Yes,No,Same,Positive
R104970,20,Male,North America,PlayStation 5,GTA V,3,X/Twitter,2,Map size & exploration,5,4,Maybe,38.0,13,Yes,Yes,No,Increased,Positive
R104971,13,Prefer not to say,Middle East,PlayStation 5,GTA Vice City,7,Official Rockstar trailer,9,Better driving physics,8,5,Yes,66.0,11,Yes,Yes,No,Increased,Very Positive
R104972,27,Male,Europe,Xbox Series X/S,Red Dead Redemption 2,4,YouTube,17,Story & narrative depth,10,2,Yes,87.0,12,Yes,No,Yes,Increased,Very Positive
R104973,30,Male,Latin America,Xbox Series X/S,GTA V,8,X/Twitter,5,Deeper character customization,9,3,Yes,66.0,30,Yes,Yes,No,Increased,Very Positive
R104974,29,Female,Europe,Xbox Series X/S,GTA San Andreas,7,Twitch,9,Dual protagonists (Jason & Lucia),7,5,No,60.0,16,Yes,No,Yes,Same,Positive
R104975,23,Prefer not to say,North America,PC,Never played GTA,5,Official Rockstar trailer,4,Story & narrative depth,5,4,Yes,70.0,15,Yes,Yes,Yes,Increased,Positive
R104976,31,Non-binary,Asia-Pacific,PC,GTA San Andreas,7,YouTube,10,Realistic economy & businesses,8,5,Yes,74.0,16,No,No,No,Increased,Very Positive
R104977,27,Female,Asia-Pacific,PC,GTA V,8,YouTube,10,Story & narrative depth,7,5,Yes,82.0,19,No,Yes,No,Same,Positive
R104978,18,Female,Asia-Pacific,Xbox Series X/S,GTA San Andreas,4,Gaming news sites,14,Dual protagonists (Jason & Lucia),6,4,No,61.0,12,Yes,No,No,Same,Positive
R104979,33,Male,North America,Undecided,GTA V,4,Reddit,14,Story & narrative depth,10,5,Yes,65.0,5,Yes,Yes,Yes,Increased,Very Positive
R104980,29,Male,Europe,PlayStation 5,Red Dead Redemption 2,4,YouTube,12,Graphics & ray tracing,8,5,No,64.0,27,Yes,No,Yes,Increased,Very Positive
R104981,24,Male,Asia-Pacific,PC,GTA V,10,TikTok,9,Map size & exploration,9,3,Yes,84.0,11,Yes,No,Yes,Increased,Very Positive
R104982,30,Male,North America,PC,GTA San Andreas,6,YouTube,9,Open-world Vice City map,8,2,No,,20,Yes,Yes,Yes,Increased,Very Positive
R104983,31,Female,Europe,PlayStation 5 Pro,GTA IV,5,Gaming news sites,9,Improved police/AI systems,8,3,Yes,90.0,29,Yes,No,No,Increased,Very Positive
R104984,23,Male,Europe,PlayStation 5,GTA Vice City,7,Official Rockstar trailer,9,Open-world Vice City map,9,4,Yes,78.0,8,Yes,No,No,Same,Very Positive
R104985,21,Prefer not to say,Europe,Undecided,GTA IV,4,YouTube,12,Story & narrative depth,9,2,Yes,62.0,51,Yes,Yes,No,Increased,Very Positive
R104986,42,Male,Middle East,PlayStation 5 Pro,GTA Vice City,10,YouTube,7,Open-world Vice City map,7,5,No,46.0,5,No,Yes,Yes,Increased,Positive
R104987,32,Male,North America,Xbox Series X/S,GTA San Andreas,10,YouTube,5,Dual protagonists (Jason & Lucia),9,4,No,65.0,7,Yes,No,No,Increased,Very Positive
R104988,21,Male,North America,PlayStation 5,GTA V,8,Reddit,15,Graphics & ray tracing,10,5,Yes,79.0,29,Yes,No,No,Increased,Very Positive
R104989,15,Male,Asia-Pacific,Xbox Series X/S,GTA San Andreas,7,Twitch,11,Deeper character customization,8,3,No,91.0,18,Yes,No,Yes,Increased,Very Positive
R104990,30,Male,North America,PC,GTA San Andreas,4,Twitch,8,Map size & exploration,8,4,Yes,,9,No,No,Yes,Same,Very Positive
R104991,22,Male,North America,Undecided,Red Dead Redemption 2,10,YouTube,9,Open-world Vice City map,10,5,Yes,67.0,20,Yes,No,No,Decreased,Very Positive
R104992,22,Male,Asia-Pacific,PC,GTA V,9,Friends,9,Graphics & ray tracing,10,4,Yes,96.0,23,Yes,Yes,No,Decreased,Very Positive
R104993,27,Male,Europe,PC,GTA V,5,Official Rockstar trailer,10,Online/multiplayer mode,9,3,Yes,84.0,11,No,No,No,Same,Very Positive
R104994,30,Male,North America,PlayStation 5,GTA Vice City,9,TikTok,15,Story & narrative depth,9,2,Yes,94.0,15,Yes,No,Yes,Increased,Very Positive
R104995,19,Male,Asia-Pacific,PC,GTA IV,13,Friends,6,Improved police/AI systems,8,5,Maybe,87.0,3,Yes,No,Yes,Increased,Very Positive
R104996,29,Female,Asia-Pacific,PC,GTA V,7,YouTube,9,Better driving physics,10,4,Maybe,89.0,21,Yes,No,Yes,Same,Very Positive
R104997,29,Male,Europe,PC,Red Dead Redemption 2,5,Twitch,5,Story & narrative depth,5,1,Yes,67.0,10,No,Yes,Yes,Increased,Positive
R104998,44,Male,Asia-Pacific,Xbox Series X/S,GTA V,5,TikTok,6,Realistic economy & businesses,7,4,Yes,62.0,13,Yes,Yes,Yes,Same,Positive
R104999,21,Male,North America,PlayStation 5,GTA San Andreas,2,TikTok,11,Online/multiplayer mode,10,4,Yes,89.0,15,No,No,Yes,Same,Very Positive
R105000,29,Female,Middle East,PC,GTA III,4,YouTube,6,Map size & exploration,7,5,Maybe,50.0,11,Yes,No,Yes,Decreased,Positive
R105001,20,Male,Europe,PlayStation 5,GTA V,6,TikTok,10,Deeper character customization,10,5,Yes,92.0,11,Yes,No,No,Increased,Very Positive
R105002,13,Male,Europe,PlayStation 5,GTA San Andreas,4,YouTube,13,Deeper character customization,9,5,Maybe,74.0,67,Yes,No,Yes,Increased,Very Positive
R105003,26,Prefer not to say,Europe,Xbox Series X/S,GTA V,11,YouTube,6,Online/multiplayer mode,6,2,No,82.0,21,No,No,No,Same,Positive
R105004,36,Female,Middle East,PlayStation 5,GTA V,2,Friends,7,Online/multiplayer mode,8,3,Maybe,78.0,31,No,No,Yes,Same,Very Positive
R105005,28,Male,North America,PlayStation 5 Pro,GTA V,6,Official Rockstar trailer,7,Dual protagonists (Jason & Lucia),9,5,Maybe,86.0,20,No,No,Yes,Increased,Very Positive
R105006,19,Male,Europe,PlayStation 5,GTA IV,9,Gaming news sites,5,Story & narrative depth,8,2,Yes,83.0,26,Yes,No,No,Increased,Very Positive
R105007,20,Male,Latin America,PlayStation 5,GTA Vice City,5,Gaming news sites,12,Map size & exploration,8,1,Maybe,55.0,1,Yes,No,Yes,Increased,Very Positive
R105008,19,Male,Asia-Pacific,Xbox Series X/S,GTA V,7,Official Rockstar trailer,11,Improved police/AI systems,8,4,Maybe,89.0,24,No,Yes,Yes,Increased,Very Positive
R105009,33,Male,North America,PlayStation 5,GTA San Andreas,7,Official Rockstar trailer,9,Story & narrative depth,7,5,Yes,44.0,7,No,No,No,Decreased,Positive
R105010,18,Male,Asia-Pacific,Xbox Series X/S,GTA San Andreas,7,Official Rockstar trailer,8,Story & narrative depth,6,3,No,58.0,3,Yes,No,No,Increased,Positive
R105011,31,Male,Asia-Pacific,PC,GTA V,2,Official Rockstar trailer,9,Realistic economy & businesses,8,4,No,68.0,10,Yes,No,Yes,Decreased,Very Positive
R105012,23,Male,North America,PC,GTA V,7,Reddit,7,Dual protagonists (Jason & Lucia),7,4,Yes,93.0,13,Yes,Yes,No,Increased,Positive
R105013,38,Male,Asia-Pacific,Xbox Series X/S,GTA V,1,Official Rockstar trailer,5,Dual protagonists (Jason & Lucia),9,4,Yes,93.0,15,Yes,No,Yes,Same,Very Positive
R105014,30,Female,Europe,PC,GTA V,8,Official Rockstar trailer,10,Deeper character customization,8,5,Maybe,65.0,9,No,Yes,No,Increased,Very Positive
R105015,37,Female,North America,PlayStation 5,GTA IV,6,Official Rockstar trailer,10,Open-world Vice City map,9,3,Yes,85.0,10,Yes,No,Yes,Increased,Very Positive
R105016,21,Female,North America,PlayStation 5 Pro,GTA V,2,Official Rockstar trailer,3,Realistic economy & businesses,4,3,Yes,30.0,25,No,No,Yes,Increased,Neutral/Cautious
R105017,30,Prefer not to say,Europe,PlayStation 5,GTA V,8,TikTok,9,Dual protagonists (Jason & Lucia),9,4,Yes,73.0,8,Yes,No,Yes,Decreased,Very Positive
R105018,39,Non-binary,Latin America,PlayStation 5 Pro,Red Dead Redemption 2,3,Friends,9,Realistic economy & businesses,8,4,Yes,72.0,12,No,No,No,Increased,Very Positive
R105019,17,Male,Asia-Pacific,PC,GTA San Andreas,11,YouTube,9,Dual protagonists (Jason & Lucia),9,5,Yes,85.0,25,Yes,No,Yes,Same,Very Positive
R105020,28,Male,Latin America,PC,GTA Vice City,7,TikTok,5,Improved police/AI systems,7,3,Yes,67.0,15,No,Yes,Yes,Increased,Positive
R105021,32,Male,Asia-Pacific,Undecided,GTA V,6,Friends,10,Realistic economy & businesses,10,4,Yes,103.0,14,Yes,Yes,No,Decreased,Very Positive
R105022,16,Female,North America,Undecided,GTA V,6,YouTube,8,Dual protagonists (Jason & Lucia),8,4,Yes,74.0,7,No,No,Yes,Increased,Very Positive
R105023,33,Male,North America,PlayStation 5,GTA IV,8,YouTube,12,Dual protagonists (Jason & Lucia),10,4,Yes,88.0,14,No,No,Yes,Increased,Very Positive
R105024,25,Female,Europe,PC,GTA V,6,YouTube,9,Improved police/AI systems,7,3,No,58.0,30,Yes,Yes,Yes,Increased,Positive
R105025,23,Male,North America,PC,GTA Vice City,6,X/Twitter,11,Deeper character customization,9,3,No,61.0,4,No,No,No,Same,Very Positive
R105026,16,Male,Europe,PC,GTA V,0,Gaming news sites,15,Story & narrative depth,9,5,Yes,104.0,47,No,No,Yes,Increased,Very Positive
R105027,34,Male,Latin America,PlayStation 5,GTA Vice City,1,TikTok,16,Deeper character customization,8,2,Yes,75.0,5,Yes,No,Yes,Decreased,Very Positive
R105028,38,Male,Europe,PlayStation 5,GTA Vice City,9,TikTok,7,Story & narrative depth,9,2,Yes,71.0,34,No,No,No,Increased,Very Positive
R105029,33,Male,Europe,PlayStation 5,GTA V,2,YouTube,9,Online/multiplayer mode,10,3,Yes,77.0,26,Yes,Yes,No,Same,Very Positive
R105030,38,Female,Europe,PlayStation 5,GTA IV,3,TikTok,13,Open-world Vice City map,9,4,Yes,79.0,8,Yes,No,Yes,Increased,Very Positive
R105031,29,Male,North America,Xbox Series X/S,GTA V,2,Official Rockstar trailer,11,Map size & exploration,7,2,Yes,73.0,5,No,No,No,Increased,Positive
R105032,36,Female,Europe,PlayStation 5,GTA San Andreas,4,Reddit,2,Better driving physics,5,4,Maybe,47.0,13,Yes,Yes,No,Same,Positive
R105033,27,Female,Europe,PlayStation 5,GTA San Andreas,8,Reddit,9,Map size & exploration,9,3,Yes,80.0,8,Yes,No,No,Increased,Very Positive
R105034,39,Non-binary,Africa,Xbox Series X/S,GTA IV,7,Official Rockstar trailer,9,Dual protagonists (Jason & Lucia),8,3,Yes,64.0,2,No,Yes,Yes,Same,Very Positive
R105035,26,Male,Asia-Pacific,PlayStation 5,GTA Vice City,5,Twitch,11,Open-world Vice City map,10,4,Yes,90.0,18,Yes,No,Yes,Same,Very Positive
R105036,18,Male,Europe,PC,GTA San Andreas,7,Official Rockstar trailer,9,Dual protagonists (Jason & Lucia),8,5,Maybe,70.0,10,No,No,Yes,Same,Very Positive
R105037,19,Male,Europe,PlayStation 5 Pro,GTA San Andreas,5,Friends,3,Open-world Vice City map,4,4,Maybe,40.0,10,No,No,Yes,Increased,Neutral/Cautious
R105038,40,Male,Europe,PlayStation 5,GTA V,11,X/Twitter,12,Open-world Vice City map,10,4,Yes,62.0,4,Yes,Yes,Yes,Same,Very Positive
R105039,29,Male,Europe,PC,Red Dead Redemption 2,6,Official Rockstar trailer,12,Dual protagonists (Jason & Lucia),8,3,Yes,73.0,14,No,No,Yes,Increased,Very Positive
R105040,26,Male,North America,Xbox Series X/S,GTA San Andreas,4,Official Rockstar trailer,11,Dual protagonists (Jason & Lucia),8,5,Yes,71.0,12,Yes,No,Yes,Increased,Very Positive
R105041,22,Female,Europe,PC,GTA III,7,Reddit,5,Dual protagonists (Jason & Lucia),6,5,No,52.0,1,No,Yes,Yes,Increased,Positive
R105042,27,Male,Latin America,PlayStation 5 Pro,GTA Vice City,0,Reddit,13,Realistic economy & businesses,10,4,Yes,87.0,24,Yes,Yes,Yes,Increased,Very Positive
R105043,39,Female,Europe,PC,GTA Vice City,4,YouTube,8,Dual protagonists (Jason & Lucia),9,3,Yes,76.0,3,Yes,No,No,Same,Very Positive
R105044,24,Male,North America,PlayStation 5,GTA Vice City,8,YouTube,4,Story & narrative depth,6,3,No,62.0,17,Yes,No,Yes,Decreased,Positive
R105045,29,Female,Asia-Pacific,PlayStation 5,GTA V,9,Twitch,2,Story & narrative depth,3,4,Yes,24.0,11,No,Yes,Yes,Same,Neutral/Cautious
R105046,29,Female,North America,PC,GTA V,9,X/Twitter,11,Improved police/AI systems,8,4,Maybe,75.0,44,No,No,No,Same,Very Positive
R105047,23,Male,Asia-Pacific,Xbox Series X/S,GTA V,7,TikTok,8,Better driving physics,8,5,Yes,71.0,24,No,No,No,Same,Very Positive
R105048,38,Male,Asia-Pacific,PlayStation 5,GTA San Andreas,5,YouTube,3,Story & narrative depth,4,3,No,53.0,8,Yes,Yes,No,Same,Neutral/Cautious
R105049,19,Male,Middle East,PC,GTA IV,10,Reddit,12,Improved police/AI systems,10,5,Yes,85.0,36,Yes,Yes,No,Same,Very Positive
R105050,27,Male,Middle East,PC,GTA V,5,X/Twitter,11,Map size & exploration,6,4,Yes,54.0,14,Yes,Yes,Yes,Decreased,Positive
R105051,14,Female,Asia-Pacific,Xbox Series X/S,GTA V,0,Friends,10,Story & narrative depth,10,4,Yes,73.0,35,Yes,No,Yes,Same,Very Positive
R105052,26,Female,Latin America,Xbox Series X/S,GTA San Andreas,6,Official Rockstar trailer,9,Realistic economy & businesses,5,4,No,54.0,0,Yes,Yes,No,Increased,Positive
R105053,33,Male,Asia-Pacific,PlayStation 5 Pro,GTA V,5,YouTube,13,Improved police/AI systems,7,3,Yes,78.0,5,Yes,No,Yes,Decreased,Positive
R105054,29,Non-binary,Europe,Xbox Series X/S,GTA San Andreas,9,Friends,8,Better driving physics,8,3,Yes,74.0,11,Yes,No,No,Increased,Very Positive
R105055,13,Male,Latin America,Xbox Series X/S,GTA V,4,TikTok,7,Realistic economy & businesses,10,4,Yes,85.0,38,Yes,No,No,Increased,Very Positive
R105056,32,Male,Europe,PlayStation 5 Pro,Red Dead Redemption 2,9,X/Twitter,6,Better driving physics,6,5,No,50.0,11,Yes,Yes,No,Same,Positive
R105057,37,Female,North America,PlayStation 5,GTA V,5,X/Twitter,6,Improved police/AI systems,7,4,Yes,76.0,17,Yes,No,Yes,Same,Positive
R105058,29,Prefer not to say,Latin America,Xbox Series X/S,GTA V,5,Official Rockstar trailer,6,Better driving physics,9,5,No,67.0,5,Yes,Yes,No,Increased,Very Positive
R105059,31,Male,Asia-Pacific,PlayStation 5,GTA V,1,YouTube,11,Story & narrative depth,8,5,Maybe,53.0,15,No,Yes,No,Increased,Very Positive
R105060,29,Female,Europe,PC,GTA San Andreas,7,Official Rockstar trailer,14,Story & narrative depth,9,4,Yes,73.0,29,Yes,No,No,Increased,Very Positive
R105061,33,Female,Europe,PlayStation 5 Pro,GTA V,7,X/Twitter,7,Online/multiplayer mode,8,5,Yes,90.0,19,Yes,No,Yes,Increased,Very Positive
R105062,25,Male,Middle East,PlayStation 5,GTA San Andreas,0,YouTube,14,Improved police/AI systems,8,5,No,69.0,23,Yes,Yes,Yes,Increased,Very Positive
R105063,22,Male,Asia-Pacific,PlayStation 5,GTA V,12,Twitch,10,Realistic economy & businesses,7,5,Yes,55.0,5,No,Yes,Yes,Increased,Positive
R105064,33,Male,North America,Xbox Series X/S,GTA V,5,TikTok,11,Graphics & ray tracing,10,4,Yes,99.0,67,Yes,Yes,Yes,Increased,Very Positive
R105065,16,Non-binary,Asia-Pacific,PlayStation 5,GTA V,12,X/Twitter,6,Story & narrative depth,8,5,Yes,82.0,12,Yes,No,Yes,Same,Very Positive
R105066,20,Male,Asia-Pacific,PlayStation 5,Red Dead Redemption 2,8,Official Rockstar trailer,8,Dual protagonists (Jason & Lucia),6,3,No,66.0,3,No,Yes,No,Same,Positive
R105067,17,Male,Latin America,PlayStation 5,GTA San Andreas,8,Reddit,7,Open-world Vice City map,9,2,Maybe,99.0,5,Yes,No,Yes,Same,Very Positive
R105068,24,Male,Africa,Undecided,GTA IV,5,Reddit,13,Online/multiplayer mode,7,2,No,77.0,19,No,No,Yes,Same,Positive
R105069,21,Male,Latin America,PC,GTA V,3,Gaming news sites,8,Story & narrative depth,6,2,Yes,62.0,15,No,Yes,Yes,Increased,Positive
R105070,31,Female,North America,Xbox Series X/S,GTA Vice City,9,Twitch,8,Realistic economy & businesses,7,3,Maybe,49.0,41,Yes,Yes,No,Same,Positive
R105071,19,Male,Europe,Xbox Series X/S,GTA V,9,YouTube,9,Map size & exploration,10,2,No,106.0,0,Yes,No,Yes,Same,Very Positive
R105072,27,Male,Asia-Pacific,PC,GTA Vice City,4,YouTube,6,Better driving physics,6,4,No,62.0,23,Yes,No,No,Increased,Positive
R105073,16,Female,North America,Xbox Series X/S,GTA V,9,Gaming news sites,11,Deeper character customization,10,5,Yes,107.0,24,Yes,No,Yes,Increased,Very Positive
R105074,15,Female,Latin America,PC,GTA V,7,Official Rockstar trailer,10,Map size & exploration,10,4,Yes,77.0,6,Yes,No,Yes,Same,Very Positive
R105075,19,Male,Latin America,Xbox Series X/S,GTA V,6,Twitch,6,Graphics & ray tracing,6,4,No,,18,Yes,No,Yes,Increased,Positive
R105076,29,Male,North America,PlayStation 5 Pro,GTA V,2,Twitch,6,Open-world Vice City map,5,4,No,42.0,1,Yes,No,Yes,Increased,Positive
R105077,18,Male,Europe,Xbox Series X/S,GTA San Andreas,9,Reddit,9,Online/multiplayer mode,10,5,Yes,84.0,21,Yes,Yes,Yes,Increased,Very Positive
R105078,31,Male,North America,Xbox Series X/S,GTA V,2,Official Rockstar trailer,6,Open-world Vice City map,9,2,Maybe,87.0,7,No,Yes,Yes,Increased,Very Positive
R105079,30,Male,Africa,PlayStation 5,GTA V,8,Official Rockstar trailer,10,Deeper character customization,8,5,Maybe,81.0,16,No,No,Yes,Same,Very Positive
R105080,24,Male,Asia-Pacific,PlayStation 5,GTA IV,9,Twitch,8,Deeper character customization,8,4,Yes,56.0,5,No,No,Yes,Same,Very Positive
R105081,27,Male,North America,Xbox Series X/S,Red Dead Redemption 2,4,Reddit,7,Online/multiplayer mode,9,2,Yes,79.0,7,No,Yes,No,Decreased,Very Positive
R105082,24,Male,Africa,Xbox Series X/S,GTA V,5,TikTok,13,Improved police/AI systems,9,3,Yes,72.0,25,Yes,No,No,Same,Very Positive
R105083,26,Male,North America,PC,Red Dead Redemption 2,11,X/Twitter,13,Dual protagonists (Jason & Lucia),9,5,Maybe,75.0,6,Yes,No,No,Increased,Very Positive
R105084,23,Male,Africa,PlayStation 5 Pro,Red Dead Redemption 2,6,YouTube,10,Story & narrative depth,8,4,Yes,68.0,8,No,Yes,No,Same,Very Positive
R105085,21,Male,Europe,PC,GTA San Andreas,8,YouTube,7,Story & narrative depth,9,4,Yes,73.0,26,Yes,No,Yes,Same,Very Positive
R105086,26,Male,North America,PlayStation 5,GTA San Andreas,7,Friends,5,Map size & exploration,5,5,Maybe,43.0,11,Yes,No,No,Increased,Positive
R105087,29,Female,North America,PlayStation 5,GTA V,8,Friends,3,Graphics & ray tracing,7,3,No,64.0,17,No,No,No,Increased,Positive
R105088,26,Female,North America,PC,GTA San Andreas,11,TikTok,9,Story & narrative depth,6,3,Yes,94.0,24,Yes,No,No,Same,Positive
R105089,23,Female,Europe,Xbox Series X/S,GTA IV,4,X/Twitter,11,Story & narrative depth,10,3,Yes,77.0,11,Yes,No,No,Increased,Very Positive
R105090,13,Male,Europe,PlayStation 5,Red Dead Redemption 2,11,TikTok,10,Dual protagonists (Jason & Lucia),10,5,Yes,62.0,38,No,Yes,No,Same,Very Positive
R105091,43,Female,Latin America,PC,GTA San Andreas,5,X/Twitter,7,Improved police/AI systems,8,5,No,72.0,8,Yes,No,Yes,Same,Very Positive
R105092,29,Male,Latin America,Xbox Series X/S,GTA Vice City,6,TikTok,11,Open-world Vice City map,10,5,Yes,90.0,13,No,Yes,Yes,Increased,Very Positive
R105093,40,Male,Europe,PC,GTA V,1,Reddit,8,Open-world Vice City map,9,3,Yes,78.0,18,Yes,Yes,Yes,Same,Very Positive
R105094,34,Male,Latin America,PlayStation 5,GTA San Andreas,7,Twitch,8,Story & narrative depth,10,4,No,71.0,17,Yes,No,No,Decreased,Very Positive
R105095,19,Male,Asia-Pacific,PlayStation 5,GTA V,3,TikTok,14,Better driving physics,10,3,Yes,80.0,4,No,No,No,Increased,Very Positive
R105096,19,Prefer not to say,Asia-Pacific,PlayStation 5,GTA V,11,YouTube,12,Story & narrative depth,10,5,Yes,80.0,11,Yes,No,No,Increased,Very Positive
R105097,27,Male,North America,PlayStation 5,GTA V,6,Gaming news sites,7,Dual protagonists (Jason & Lucia),9,5,Yes,68.0,5,Yes,Yes,Yes,Same,Very Positive
R105098,43,Male,Europe,PC,Red Dead Redemption 2,9,Official Rockstar trailer,4,Graphics & ray tracing,3,3,Maybe,58.0,25,Yes,Yes,Yes,Same,Neutral/Cautious
R105099,37,Male,Asia-Pacific,PC,GTA San Andreas,8,X/Twitter,7,Dual protagonists (Jason & Lucia),7,4,No,52.0,29,Yes,No,No,Decreased,Positive
R105100,26,Male,Middle East,PlayStation 5,GTA V,7,Gaming news sites,9,Open-world Vice City map,8,5,No,71.0,7,Yes,No,No,Increased,Very Positive
R105101,38,Male,North America,PlayStation 5,GTA San Andreas,6,YouTube,14,Online/multiplayer mode,10,4,Yes,119.0,12,Yes,Yes,No,Increased,Very Positive
R105102,39,Male,Africa,Xbox Series X/S,GTA IV,7,Gaming news sites,10,Online/multiplayer mode,6,3,Yes,61.0,21,Yes,Yes,Yes,Same,Positive
R105103,13,Male,Europe,Xbox Series X/S,GTA San Andreas,5,X/Twitter,13,Dual protagonists (Jason & Lucia),9,4,Yes,85.0,18,Yes,Yes,Yes,Same,Very Positive
R105104,27,Female,North America,Xbox Series X/S,GTA San Andreas,7,YouTube,19,Map size & exploration,10,5,Maybe,77.0,13,Yes,Yes,Yes,Increased,Very Positive
R105105,26,Male,Europe,Xbox Series X/S,GTA Vice City,6,X/Twitter,11,Open-world Vice City map,10,2,Yes,81.0,50,Yes,No,No,Same,Very Positive
R105106,23,Male,Middle East,PlayStation 5,GTA V,4,Official Rockstar trailer,5,Story & narrative depth,6,4,Yes,56.0,8,Yes,Yes,Yes,Increased,Positive
R105107,29,Male,North America,PC,GTA IV,7,Official Rockstar trailer,11,Story & narrative depth,9,3,No,88.0,11,Yes,No,Yes,Increased,Very Positive
R105108,13,Non-binary,Europe,PC,GTA Vice City,1,Official Rockstar trailer,4,Dual protagonists (Jason & Lucia),7,5,Maybe,73.0,12,Yes,No,No,Increased,Positive
R105109,17,Female,Europe,PlayStation 5 Pro,Never played GTA,7,X/Twitter,6,Graphics & ray tracing,3,2,Yes,,6,Yes,Yes,No,Increased,Neutral/Cautious
R105110,34,Female,Europe,PlayStation 5,GTA IV,8,Official Rockstar trailer,10,Open-world Vice City map,9,4,Yes,84.0,2,Yes,No,No,Decreased,Very Positive
R105111,27,Male,Latin America,Xbox Series X/S,GTA V,5,Official Rockstar trailer,6,Open-world Vice City map,7,5,Yes,80.0,19,Yes,No,Yes,Same,Positive
R105112,24,Prefer not to say,Latin America,PlayStation 5,GTA V,6,YouTube,7,Deeper character customization,6,4,Yes,52.0,2,Yes,No,No,Same,Positive
R105113,22,Female,Europe,Xbox Series X/S,GTA Vice City,11,Reddit,9,Better driving physics,9,5,Yes,105.0,23,Yes,No,No,Decreased,Very Positive
R105114,40,Non-binary,Asia-Pacific,Undecided,GTA IV,5,YouTube,7,Better driving physics,8,3,No,57.0,17,No,No,Yes,Increased,Very Positive
R105115,25,Male,Europe,Xbox Series X/S,GTA San Andreas,5,Twitch,6,Online/multiplayer mode,7,4,Yes,74.0,11,No,No,Yes,Increased,Positive
R105116,27,Male,Europe,PlayStation 5,Red Dead Redemption 2,0,X/Twitter,2,Graphics & ray tracing,4,2,No,45.0,11,No,No,No,Same,Neutral/Cautious
R105117,24,Non-binary,Asia-Pacific,Xbox Series X/S,GTA III,7,YouTube,4,Dual protagonists (Jason & Lucia),4,1,No,38.0,2,Yes,Yes,No,Increased,Neutral/Cautious
R105118,23,Male,North America,Xbox Series X/S,GTA Vice City,6,Official Rockstar trailer,6,Open-world Vice City map,7,2,No,65.0,2,Yes,Yes,Yes,Same,Positive
R105119,45,Female,Europe,Xbox Series X/S,Red Dead Redemption 2,6,Twitch,8,Map size & exploration,8,5,Yes,75.0,19,Yes,Yes,Yes,Same,Very Positive
R105120,32,Female,North America,Undecided,GTA V,10,YouTube,8,Online/multiplayer mode,10,4,Yes,69.0,29,Yes,No,No,Increased,Very Positive
R105121,29,Male,North America,PlayStation 5,GTA V,9,Reddit,8,Story & narrative depth,8,4,Yes,79.0,14,Yes,Yes,Yes,Same,Very Positive
R105122,31,Male,North America,PC,Never played GTA,6,YouTube,1,Open-world Vice City map,4,5,Yes,47.0,42,No,Yes,Yes,Same,Neutral/Cautious
R105123,13,Male,North America,Xbox Series X/S,GTA V,7,YouTube,7,Map size & exploration,7,3,Yes,75.0,35,No,No,Yes,Increased,Positive
R105124,18,Male,Europe,PlayStation 5,GTA San Andreas,6,Official Rockstar trailer,8,Online/multiplayer mode,7,3,No,77.0,10,Yes,No,Yes,Increased,Positive
R105125,13,Male,Asia-Pacific,PlayStation 5,GTA Vice City,4,Official Rockstar trailer,9,Map size & exploration,8,4,Maybe,,15,Yes,No,Yes,Same,Very Positive
R105126,23,Female,Africa,PlayStation 5 Pro,Red Dead Redemption 2,7,Official Rockstar trailer,6,Better driving physics,4,3,Yes,58.0,3,Yes,Yes,Yes,Increased,Neutral/Cautious
R105127,24,Male,Europe,PlayStation 5,GTA V,3,YouTube,12,Open-world Vice City map,8,4,No,72.0,8,Yes,No,Yes,Increased,Very Positive
R105128,33,Male,North America,PC,GTA V,5,TikTok,12,Story & narrative depth,10,4,Yes,96.0,27,Yes,No,No,Increased,Very Positive
R105129,29,Male,North America,Xbox Series X/S,GTA IV,5,TikTok,8,Online/multiplayer mode,9,3,Maybe,76.0,9,Yes,No,No,Same,Very Positive
R105130,19,Male,Asia-Pacific,PlayStation 5 Pro,GTA V,6,Reddit,15,Story & narrative depth,10,4,Yes,99.0,14,Yes,No,Yes,Increased,Very Positive
R105131,26,Female,Europe,PlayStation 5,GTA V,4,Twitch,9,Open-world Vice City map,7,4,No,74.0,25,Yes,No,No,Increased,Positive
R105132,29,Male,Europe,PlayStation 5,Red Dead Redemption 2,11,X/Twitter,3,Graphics & ray tracing,5,5,Maybe,70.0,13,No,Yes,Yes,Increased,Positive
R105133,18,Male,North America,PC,GTA V,7,Official Rockstar trailer,10,Online/multiplayer mode,10,2,Yes,66.0,8,Yes,Yes,Yes,Increased,Very Positive
R105134,23,Female,North America,PC,GTA V,8,YouTube,11,Graphics & ray tracing,9,4,Yes,86.0,2,No,No,No,Increased,Very Positive
R105135,28,Non-binary,Europe,Xbox Series X/S,GTA San Andreas,12,YouTube,4,Realistic economy & businesses,7,1,Yes,56.0,15,Yes,Yes,Yes,Increased,Positive
R105136,28,Male,Europe,Xbox Series X/S,Never played GTA,9,Official Rockstar trailer,0,Better driving physics,2,2,No,36.0,19,Yes,Yes,Yes,Decreased,Neutral/Cautious
R105137,34,Male,Europe,Xbox Series X/S,Never played GTA,7,X/Twitter,3,Dual protagonists (Jason & Lucia),4,3,No,42.0,5,Yes,Yes,No,Increased,Neutral/Cautious
R105138,16,Male,Europe,PlayStation 5,GTA San Andreas,11,X/Twitter,9,Improved police/AI systems,6,3,Yes,70.0,18,Yes,Yes,Yes,Same,Positive
R105139,23,Male,North America,Xbox Series X/S,GTA San Andreas,6,Twitch,7,Online/multiplayer mode,10,4,Yes,87.0,40,Yes,No,No,Increased,Very Positive
R105140,23,Male,Asia-Pacific,PlayStation 5,GTA San Andreas,8,Official Rockstar trailer,13,Story & narrative depth,9,3,Maybe,87.0,30,Yes,No,Yes,Same,Very Positive
R105141,22,Male,Europe,PlayStation 5,GTA IV,1,YouTube,13,Dual protagonists (Jason & Lucia),10,4,No,,6,Yes,No,Yes,Increased,Very Positive
R105142,32,Male,Asia-Pacific,PC,GTA V,6,YouTube,11,Open-world Vice City map,10,4,Yes,80.0,40,No,No,Yes,Increased,Very Positive
R105143,30,Prefer not to say,North America,Undecided,GTA V,7,Official Rockstar trailer,10,Realistic economy & businesses,7,4,Yes,67.0,14,Yes,No,Yes,Increased,Positive
R105144,13,Male,Latin America,PC,GTA San Andreas,5,TikTok,15,Improved police/AI systems,10,4,Yes,93.0,6,No,No,Yes,Increased,Very Positive
R105145,14,Male,Africa,Xbox Series X/S,GTA Vice City,4,YouTube,9,Open-world Vice City map,10,5,Yes,84.0,7,No,No,No,Same,Very Positive
R105146,13,Male,Asia-Pacific,PlayStation 5,GTA San Andreas,5,Official Rockstar trailer,14,Map size & exploration,10,5,Yes,93.0,21,Yes,Yes,Yes,Increased,Very Positive
R105147,26,Male,Asia-Pacific,Undecided,GTA Vice City,8,TikTok,7,Map size & exploration,6,3,No,58.0,5,Yes,No,No,Increased,Positive
R105148,31,Non-binary,Middle East,PlayStation 5,GTA V,6,Reddit,13,Online/multiplayer mode,9,5,No,89.0,16,No,Yes,No,Increased,Very Positive
R105149,17,Male,Europe,PlayStation 5,GTA V,9,YouTube,8,Dual protagonists (Jason & Lucia),8,3,Yes,75.0,5,No,No,No,Increased,Very Positive
R105150,37,Male,Latin America,Xbox Series X/S,GTA IV,2,Official Rockstar trailer,10,Open-world Vice City map,8,2,Yes,74.0,20,Yes,No,Yes,Increased,Very Positive
R105151,21,Non-binary,North America,PlayStation 5,Red Dead Redemption 2,3,Gaming news sites,15,Graphics & ray tracing,9,3,Yes,68.0,13,Yes,No,Yes,Same,Very Positive
R105152,44,Male,Africa,PlayStation 5,GTA Vice City,4,Reddit,7,Map size & exploration,7,4,No,46.0,35,No,No,Yes,Decreased,Positive
R105153,43,Non-binary,North America,PlayStation 5,GTA V,4,YouTube,6,Open-world Vice City map,8,5,Maybe,83.0,17,Yes,No,No,Same,Very Positive
R105154,36,Male,Latin America,PC,GTA V,6,Official Rockstar trailer,10,Better driving physics,10,3,Yes,79.0,19,Yes,No,Yes,Increased,Very Positive
R105155,19,Male,North America,PlayStation 5,GTA Vice City,9,TikTok,0,Dual protagonists (Jason & Lucia),3,3,Yes,50.0,21,Yes,Yes,Yes,Increased,Neutral/Cautious
R105156,23,Female,Europe,PlayStation 5,GTA Vice City,4,X/Twitter,7,Graphics & ray tracing,10,2,Yes,96.0,16,No,No,Yes,Same,Very Positive
R105157,27,Male,Asia-Pacific,Xbox Series X/S,GTA V,4,TikTok,12,Online/multiplayer mode,10,5,Yes,68.0,23,Yes,Yes,No,Increased,Very Positive
R105158,41,Male,Europe,PlayStation 5,GTA V,8,X/Twitter,11,Graphics & ray tracing,10,4,Yes,101.0,11,No,No,No,Increased,Very Positive
R105159,19,Male,Middle East,PlayStation 5,Red Dead Redemption 2,7,Twitch,11,Dual protagonists (Jason & Lucia),10,2,Yes,72.0,30,No,No,Yes,Increased,Very Positive
R105160,17,Female,North America,PlayStation 5,GTA San Andreas,10,Official Rockstar trailer,3,Dual protagonists (Jason & Lucia),6,5,No,,10,Yes,No,Yes,Same,Positive
R105161,28,Male,North America,PC,GTA V,8,YouTube,10,Graphics & ray tracing,7,5,Yes,78.0,8,No,Yes,No,Decreased,Positive
R105162,36,Male,North America,PlayStation 5 Pro,GTA IV,12,YouTube,11,Story & narrative depth,8,4,Maybe,83.0,10,No,No,Yes,Same,Very Positive
R105163,19,Male,Asia-Pacific,Xbox Series X/S,GTA Vice City,3,YouTube,13,Open-world Vice City map,10,4,Yes,90.0,9,Yes,No,Yes,Increased,Very Positive
R105164,32,Male,Latin America,PC,Red Dead Redemption 2,6,X/Twitter,12,Dual protagonists (Jason & Lucia),9,3,No,49.0,22,Yes,No,No,Increased,Very Positive
R105165,33,Female,Latin America,Xbox Series X/S,GTA V,10,Official Rockstar trailer,7,Open-world Vice City map,5,4,Yes,46.0,1,No,Yes,No,Same,Positive
R105166,15,Male,Europe,PC,GTA San Andreas,8,YouTube,6,Realistic economy & businesses,6,5,Yes,73.0,29,Yes,Yes,Yes,Increased,Positive
R105167,33,Male,North America,PlayStation 5,GTA V,4,TikTok,11,Open-world Vice City map,6,4,Maybe,56.0,6,Yes,Yes,No,Decreased,Positive
R105168,19,Male,North America,PC,GTA V,3,Official Rockstar trailer,16,Dual protagonists (Jason & Lucia),9,5,Yes,84.0,3,Yes,No,Yes,Increased,Very Positive
R105169,19,Male,Europe,PlayStation 5,GTA San Andreas,6,Official Rockstar trailer,6,Graphics & ray tracing,6,5,No,94.0,23,Yes,No,Yes,Same,Positive
R105170,29,Male,Europe,Xbox Series X/S,GTA San Andreas,5,Reddit,8,Story & narrative depth,6,2,No,64.0,5,No,Yes,No,Increased,Positive
R105171,33,Male,North America,PlayStation 5,GTA San Andreas,1,Twitch,10,Map size & exploration,7,1,Yes,63.0,6,Yes,Yes,No,Same,Positive
R105172,21,Female,North America,Xbox Series X/S,GTA V,4,YouTube,9,Dual protagonists (Jason & Lucia),8,4,No,77.0,19,Yes,No,No,Decreased,Very Positive
R105173,34,Female,North America,PlayStation 5,GTA IV,4,Reddit,11,Realistic economy & businesses,9,2,Yes,108.0,11,Yes,Yes,Yes,Same,Very Positive
R105174,31,Male,Asia-Pacific,Xbox Series X/S,GTA Vice City,12,TikTok,7,Dual protagonists (Jason & Lucia),7,4,Maybe,60.0,4,No,No,No,Same,Positive
R105175,22,Non-binary,Africa,PlayStation 5,GTA Vice City,0,Official Rockstar trailer,5,Open-world Vice City map,7,5,No,77.0,28,Yes,No,No,Same,Positive
R105176,30,Male,Europe,PC,GTA San Andreas,8,Friends,7,Map size & exploration,7,4,Yes,72.0,22,Yes,No,No,Same,Positive
R105177,35,Non-binary,Asia-Pacific,PlayStation 5 Pro,GTA San Andreas,4,Twitch,8,Deeper character customization,8,5,Yes,74.0,12,No,Yes,No,Increased,Very Positive
R105178,15,Male,Latin America,Xbox Series X/S,GTA V,8,TikTok,6,Realistic economy & businesses,8,5,No,57.0,7,Yes,No,Yes,Increased,Very Positive
R105179,20,Female,Europe,PlayStation 5,GTA San Andreas,10,TikTok,9,Dual protagonists (Jason & Lucia),8,4,Yes,82.0,19,Yes,Yes,No,Increased,Very Positive
R105180,20,Female,Europe,PlayStation 5,GTA IV,8,X/Twitter,4,Dual protagonists (Jason & Lucia),7,2,No,65.0,26,Yes,Yes,No,Same,Positive
R105181,25,Female,Asia-Pacific,Xbox Series X/S,GTA San Andreas,5,Gaming news sites,5,Graphics & ray tracing,6,3,No,47.0,16,Yes,No,No,Same,Positive
R105182,27,Male,Asia-Pacific,Xbox Series X/S,GTA IV,5,Official Rockstar trailer,16,Open-world Vice City map,8,3,Yes,74.0,24,Yes,No,Yes,Increased,Very Positive
R105183,37,Female,Asia-Pacific,PlayStation 5,GTA V,7,Reddit,9,Map size & exploration,10,2,Yes,76.0,12,Yes,No,No,Same,Very Positive
R105184,41,Male,Europe,PlayStation 5,GTA V,5,Official Rockstar trailer,11,Graphics & ray tracing,8,5,Yes,71.0,10,Yes,No,No,Increased,Very Positive
R105185,29,Male,Asia-Pacific,Xbox Series X/S,Red Dead Redemption 2,7,Reddit,8,Deeper character customization,5,3,No,67.0,10,Yes,No,Yes,Increased,Positive
R105186,30,Male,Asia-Pacific,Xbox Series X/S,GTA Vice City,7,Reddit,13,Better driving physics,6,4,No,62.0,11,Yes,Yes,Yes,Same,Positive
R105187,41,Non-binary,Europe,Xbox Series X/S,GTA San Andreas,8,YouTube,7,Map size & exploration,7,3,Yes,78.0,30,Yes,No,Yes,Decreased,Positive
R105188,22,Male,Latin America,PlayStation 5,GTA Vice City,9,TikTok,8,Online/multiplayer mode,9,2,No,82.0,7,No,Yes,Yes,Increased,Very Positive
R105189,13,Male,Asia-Pacific,PlayStation 5,GTA V,5,Official Rockstar trailer,5,Open-world Vice City map,7,3,Yes,49.0,32,Yes,No,No,Same,Positive
R105190,25,Male,Europe,Xbox Series X/S,GTA V,7,Friends,12,Dual protagonists (Jason & Lucia),10,5,Yes,66.0,27,No,No,Yes,Same,Very Positive
R105191,20,Male,North America,PC,GTA San Andreas,6,YouTube,9,Online/multiplayer mode,4,4,Yes,50.0,19,No,No,Yes,Same,Neutral/Cautious
R105192,42,Male,Asia-Pacific,PC,GTA Vice City,0,Official Rockstar trailer,5,Open-world Vice City map,6,3,Yes,58.0,4,No,Yes,No,Same,Positive
R105193,26,Male,Europe,Xbox Series X/S,GTA V,11,TikTok,9,Dual protagonists (Jason & Lucia),10,3,Yes,76.0,24,No,Yes,Yes,Same,Very Positive
R105194,38,Male,Europe,PC,GTA V,7,TikTok,6,Online/multiplayer mode,6,4,No,58.0,22,No,No,No,Increased,Positive
R105195,19,Female,Middle East,PC,GTA V,5,X/Twitter,10,Online/multiplayer mode,10,5,Yes,111.0,41,Yes,Yes,Yes,Increased,Very Positive
R105196,19,Male,Europe,PC,GTA IV,5,YouTube,7,Open-world Vice City map,5,5,Maybe,81.0,6,Yes,Yes,No,Decreased,Positive
R105197,31,Female,Europe,Xbox Series X/S,GTA San Andreas,6,Official Rockstar trailer,11,Online/multiplayer mode,9,2,Yes,93.0,10,No,No,Yes,Increased,Very Positive
R105198,29,Male,North America,PC,GTA Vice City,7,YouTube,9,Dual protagonists (Jason & Lucia),9,2,Yes,89.0,13,Yes,Yes,No,Increased,Very Positive
R105199,23,Male,North America,PlayStation 5,GTA V,0,Gaming news sites,8,Graphics & ray tracing,7,2,Yes,71.0,12,Yes,No,No,Increased,Positive
R105200,16,Male,Asia-Pacific,PlayStation 5,GTA San Andreas,10,Reddit,5,Realistic economy & businesses,8,3,Yes,57.0,33,Yes,Yes,Yes,Same,Very Positive
R105201,32,Male,North America,PC,GTA San Andreas,8,Official Rockstar trailer,2,Online/multiplayer mode,2,3,Maybe,37.0,15,Yes,Yes,No,Same,Neutral/Cautious
R105202,29,Female,Europe,PC,Red Dead Redemption 2,6,YouTube,7,Graphics & ray tracing,8,5,Maybe,90.0,23,Yes,No,Yes,Same,Very Positive
R105203,37,Male,North America,PlayStation 5,GTA V,11,Reddit,9,Online/multiplayer mode,10,4,Yes,114.0,25,No,No,Yes,Increased,Very Positive
R105204,23,Male,North America,Xbox Series X/S,GTA Vice City,7,Reddit,10,Map size & exploration,10,5,Yes,80.0,6,Yes,No,No,Same,Very Positive
R105205,20,Non-binary,Africa,Undecided,GTA San Andreas,7,X/Twitter,10,Open-world Vice City map,10,2,Yes,82.0,16,Yes,No,Yes,Same,Very Positive
R105206,36,Male,Europe,PlayStation 5 Pro,GTA Vice City,4,Official Rockstar trailer,8,Realistic economy & businesses,6,2,Yes,70.0,9,Yes,Yes,No,Increased,Positive
R105207,21,Male,Middle East,PC,GTA San Andreas,6,Friends,9,Realistic economy & businesses,9,3,Yes,88.0,32,Yes,Yes,Yes,Increased,Very Positive
R105208,27,Male,Europe,PlayStation 5,GTA V,4,Official Rockstar trailer,16,Deeper character customization,10,5,Yes,86.0,11,Yes,Yes,Yes,Increased,Very Positive
R105209,27,Female,Europe,Xbox Series X/S,GTA V,5,TikTok,12,Graphics & ray tracing,6,5,Yes,71.0,6,Yes,No,Yes,Same,Positive
R105210,33,Male,North America,PC,GTA V,7,Twitch,10,Open-world Vice City map,7,3,Yes,55.0,16,No,No,Yes,Decreased,Positive
R105211,25,Male,North America,PlayStation 5,GTA V,13,Official Rockstar trailer,10,Map size & exploration,9,4,Yes,73.0,13,No,No,Yes,Increased,Very Positive
R105212,20,,Latin America,Xbox Series X/S,GTA V,2,Reddit,11,Graphics & ray tracing,9,3,Yes,76.0,64,Yes,No,No,Same,Very Positive
R105213,29,Male,North America,PC,Never played GTA,5,Twitch,3,Dual protagonists (Jason & Lucia),4,5,Maybe,36.0,10,No,Yes,Yes,Increased,Neutral/Cautious
R105214,31,Male,Europe,PlayStation 5,GTA IV,8,YouTube,9,Online/multiplayer mode,9,2,Yes,88.0,11,Yes,No,Yes,Same,Very Positive
R105215,31,Male,Middle East,PlayStation 5,GTA Vice City,7,Reddit,13,Improved police/AI systems,10,2,Yes,98.0,23,No,No,Yes,Same,Very Positive
R105216,25,Female,Asia-Pacific,PlayStation 5,GTA IV,5,Twitch,9,Story & narrative depth,10,3,Yes,94.0,11,Yes,No,Yes,Increased,Very Positive
R105217,43,Male,North America,PlayStation 5 Pro,GTA San Andreas,0,Official Rockstar trailer,14,Open-world Vice City map,10,3,Yes,93.0,43,Yes,Yes,No,Increased,Very Positive
R105218,32,Male,Latin America,Xbox Series X/S,GTA Vice City,5,YouTube,10,Map size & exploration,8,5,Yes,71.0,12,No,No,Yes,Increased,Very Positive
R105219,36,Male,Latin America,Undecided,GTA V,4,Gaming news sites,10,Dual protagonists (Jason & Lucia),8,4,Yes,61.0,26,Yes,Yes,No,Same,Very Positive
R105220,21,Male,North America,Xbox Series X/S,GTA IV,9,Gaming news sites,14,Map size & exploration,10,5,Yes,75.0,5,Yes,No,Yes,Same,Very Positive
R105221,25,Male,Europe,Xbox Series X/S,Red Dead Redemption 2,8,TikTok,6,Open-world Vice City map,9,5,Yes,63.0,8,Yes,Yes,Yes,Increased,Very Positive
R105222,14,Non-binary,Asia-Pacific,PlayStation 5,GTA IV,7,YouTube,8,Deeper character customization,7,4,No,68.0,16,Yes,No,Yes,Increased,Positive
R105223,31,Female,North America,PlayStation 5,GTA V,10,YouTube,10,Dual protagonists (Jason & Lucia),10,3,Yes,80.0,18,Yes,No,Yes,Same,Very Positive
R105224,33,Male,Africa,PlayStation 5,GTA San Andreas,2,Reddit,10,Deeper character customization,5,2,Yes,67.0,6,No,Yes,No,Increased,Positive
R105225,24,Prefer not to say,Latin America,PlayStation 5 Pro,GTA V,8,TikTok,8,Improved police/AI systems,10,5,Yes,97.0,9,No,No,Yes,Same,Very Positive
R105226,22,Female,North America,Xbox Series X/S,GTA IV,3,X/Twitter,9,Dual protagonists (Jason & Lucia),7,4,No,78.0,10,Yes,No,Yes,Decreased,Positive
R105227,23,Male,Asia-Pacific,PlayStation 5,GTA San Andreas,7,Official Rockstar trailer,9,Story & narrative depth,6,4,Maybe,51.0,22,No,Yes,No,Increased,Positive
R105228,36,Female,Africa,Xbox Series X/S,Red Dead Redemption 2,6,Reddit,6,Realistic economy & businesses,7,4,No,37.0,22,Yes,Yes,No,Same,Positive
R105229,17,Male,North America,PlayStation 5,GTA Vice City,1,Official Rockstar trailer,7,Dual protagonists (Jason & Lucia),10,4,Maybe,101.0,12,No,Yes,No,Decreased,Very Positive
R105230,21,Female,Africa,PC,GTA V,5,Reddit,9,Realistic economy & businesses,10,2,Yes,90.0,9,Yes,No,Yes,Increased,Very Positive
R105231,35,Non-binary,Europe,PlayStation 5,GTA V,6,Twitch,6,Online/multiplayer mode,7,2,Yes,61.0,22,Yes,No,No,Increased,Positive
R105232,31,Male,Asia-Pacific,PC,GTA San Andreas,5,YouTube,7,Dual protagonists (Jason & Lucia),6,3,Yes,53.0,38,Yes,No,Yes,Same,Positive
R105233,14,Male,North America,PC,Red Dead Redemption 2,8,X/Twitter,12,Dual protagonists (Jason & Lucia),8,4,Yes,63.0,13,Yes,Yes,No,Same,Very Positive
R105234,22,Female,North America,Xbox Series X/S,GTA V,5,TikTok,13,Online/multiplayer mode,10,5,Yes,101.0,33,No,Yes,Yes,Increased,Very Positive
R105235,16,Male,North America,Xbox Series X/S,GTA San Andreas,3,YouTube,9,Story & narrative depth,9,5,Yes,83.0,28,Yes,No,Yes,Increased,Very Positive
R105236,44,Male,Latin America,PC,GTA San Andreas,4,Official Rockstar trailer,9,Open-world Vice City map,10,4,Maybe,71.0,24,No,No,Yes,Increased,Very Positive
R105237,24,Male,Asia-Pacific,PC,GTA San Andreas,6,Twitch,5,Graphics & ray tracing,8,5,Maybe,64.0,12,Yes,No,Yes,Increased,Very Positive
R105238,20,Male,North America,PlayStation 5,GTA San Andreas,4,Official Rockstar trailer,10,Map size & exploration,7,4,Yes,80.0,4,Yes,No,Yes,Decreased,Positive
R105239,33,Male,Europe,Xbox Series X/S,GTA V,4,YouTube,11,Realistic economy & businesses,9,3,No,85.0,40,No,Yes,No,Same,Very Positive
R105240,28,Non-binary,Middle East,Xbox Series X/S,GTA San Andreas,0,Official Rockstar trailer,10,Graphics & ray tracing,8,4,No,87.0,20,Yes,No,No,Same,Very Positive
R105241,16,Male,Africa,PlayStation 5,GTA San Andreas,4,YouTube,9,Story & narrative depth,10,4,Yes,75.0,19,No,No,Yes,Same,Very Positive
R105242,13,Male,Latin America,PC,GTA IV,0,Official Rockstar trailer,9,Map size & exploration,9,4,Yes,73.0,1,No,No,No,Same,Very Positive
R105243,32,Non-binary,Asia-Pacific,Xbox Series X/S,GTA V,9,Gaming news sites,13,Realistic economy & businesses,10,4,Yes,91.0,6,Yes,Yes,No,Increased,Very Positive
R105244,29,Male,Asia-Pacific,Xbox Series X/S,GTA V,2,YouTube,7,Open-world Vice City map,7,4,Yes,69.0,12,Yes,Yes,No,Increased,Positive
R105245,23,Female,North America,Xbox Series X/S,GTA IV,5,TikTok,5,Open-world Vice City map,3,3,Yes,60.0,16,Yes,No,No,Same,Neutral/Cautious
R105246,17,Male,Asia-Pacific,Xbox Series X/S,GTA San Andreas,3,Gaming news sites,8,Deeper character customization,8,4,Yes,90.0,12,Yes,No,No,Increased,Very Positive
R105247,43,Male,Asia-Pacific,PlayStation 5,GTA San Andreas,5,YouTube,10,Open-world Vice City map,10,3,Yes,60.0,24,Yes,Yes,No,Same,Very Positive
R105248,23,Female,Europe,PlayStation 5,GTA V,1,X/Twitter,9,Dual protagonists (Jason & Lucia),9,4,Yes,61.0,8,No,Yes,Yes,Same,Very Positive
R105249,41,Female,Europe,PlayStation 5,GTA San Andreas,2,Official Rockstar trailer,9,Open-world Vice City map,8,5,Yes,82.0,9,Yes,No,No,Increased,Very Positive
R105250,13,Male,Europe,PC,GTA V,9,X/Twitter,12,Story & narrative depth,10,2,Yes,,28,Yes,No,No,Same,Very Positive
R105251,13,Male,Asia-Pacific,PC,Red Dead Redemption 2,6,Gaming news sites,8,Realistic economy & businesses,7,5,Yes,50.0,15,Yes,Yes,Yes,Decreased,Positive
R105252,17,Male,Europe,Xbox Series X/S,Red Dead Redemption 2,7,Official Rockstar trailer,8,Better driving physics,8,3,Yes,79.0,21,Yes,No,No,Increased,Very Positive
R105253,27,Male,Europe,PlayStation 5,GTA V,4,TikTok,11,Open-world Vice City map,7,3,Maybe,72.0,5,No,No,Yes,Increased,Positive
R105254,22,Male,Europe,Xbox Series X/S,GTA IV,3,Gaming news sites,7,Story & narrative depth,8,3,Yes,84.0,15,Yes,Yes,Yes,Decreased,Very Positive
R105255,15,Male,Europe,Undecided,GTA IV,7,YouTube,9,Dual protagonists (Jason & Lucia),8,3,Yes,79.0,6,Yes,No,Yes,Increased,Very Positive
R105256,30,Non-binary,North America,PlayStation 5,GTA V,7,Official Rockstar trailer,6,Dual protagonists (Jason & Lucia),8,2,Yes,73.0,7,Yes,No,Yes,Decreased,Very Positive
R105257,24,Male,Europe,Xbox Series X/S,GTA Vice City,4,TikTok,6,Open-world Vice City map,7,4,No,58.0,14,Yes,No,Yes,Increased,Positive
R105258,37,Male,Latin America,PlayStation 5,GTA IV,3,Reddit,12,Open-world Vice City map,10,3,No,71.0,24,Yes,Yes,No,Increased,Very Positive
R105259,35,Male,Latin America,PC,GTA V,3,Official Rockstar trailer,7,Open-world Vice City map,6,4,No,57.0,34,Yes,Yes,Yes,Same,Positive
R105260,25,Male,Middle East,Xbox Series X/S,GTA V,6,Reddit,5,Dual protagonists (Jason & Lucia),7,3,Maybe,65.0,15,Yes,Yes,No,Increased,Positive
R105261,16,Male,Middle East,Xbox Series X/S,GTA V,6,X/Twitter,13,Improved police/AI systems,10,5,Yes,109.0,14,Yes,No,No,Increased,Very Positive
R105262,16,Male,Europe,PlayStation 5,GTA IV,5,Reddit,8,Map size & exploration,6,2,Yes,60.0,10,Yes,Yes,No,Increased,Positive
R105263,27,Female,Asia-Pacific,PC,GTA San Andreas,7,Official Rockstar trailer,8,Online/multiplayer mode,8,3,No,48.0,19,Yes,Yes,Yes,Increased,Very Positive
R105264,23,Male,Asia-Pacific,PlayStation 5,GTA San Andreas,5,Gaming news sites,7,Story & narrative depth,8,4,Maybe,82.0,16,Yes,No,Yes,Decreased,Very Positive
R105265,27,Male,Europe,PC,GTA Vice City,5,Official Rockstar trailer,6,Deeper character customization,7,5,Yes,60.0,23,Yes,No,Yes,Decreased,Positive
R105266,17,Non-binary,North America,PlayStation 5,GTA IV,4,TikTok,7,Dual protagonists (Jason & Lucia),8,3,Yes,84.0,11,No,Yes,No,Same,Very Positive
R105267,14,Male,Latin America,Undecided,GTA San Andreas,6,TikTok,1,Deeper character customization,4,4,Maybe,31.0,4,No,Yes,No,Same,Neutral/Cautious
R105268,26,Male,Asia-Pacific,PlayStation 5,GTA San Andreas,9,Gaming news sites,9,Story & narrative depth,6,3,No,54.0,31,Yes,No,Yes,Same,Positive
R105269,36,Male,Middle East,PC,GTA V,5,YouTube,3,Online/multiplayer mode,5,3,Yes,65.0,11,No,Yes,No,Same,Positive
R105270,21,Male,North America,PlayStation 5,GTA V,4,Official Rockstar trailer,10,Online/multiplayer mode,9,3,Yes,88.0,10,No,No,No,Increased,Very Positive
R105271,23,Male,North America,Xbox Series X/S,GTA III,9,Official Rockstar trailer,8,Better driving physics,7,4,Yes,87.0,9,No,Yes,No,Same,Positive
R105272,24,Male,Africa,PlayStation 5,GTA V,12,TikTok,9,Map size & exploration,9,4,Yes,83.0,13,Yes,No,No,Increased,Very Positive
R105273,34,Male,North America,PlayStation 5 Pro,GTA V,2,YouTube,10,Better driving physics,8,3,Yes,73.0,9,Yes,No,Yes,Decreased,Very Positive
R105274,31,Male,North America,PC,Red Dead Redemption 2,4,TikTok,6,Story & narrative depth,7,5,Yes,61.0,16,No,Yes,Yes,Increased,Positive
R105275,40,Female,Europe,PlayStation 5,Never played GTA,3,Official Rockstar trailer,11,Improved police/AI systems,7,3,Yes,54.0,33,Yes,Yes,Yes,Increased,Positive
R105276,20,Male,North America,PlayStation 5 Pro,GTA Vice City,11,YouTube,17,Realistic economy & businesses,8,5,Yes,84.0,3,Yes,No,No,Same,Very Positive
R105277,19,Male,Europe,PlayStation 5,GTA III,8,TikTok,13,Improved police/AI systems,8,3,Yes,67.0,14,No,No,No,Increased,Very Positive
R105278,22,Male,Europe,PC,GTA IV,6,Official Rockstar trailer,10,Online/multiplayer mode,8,3,Yes,67.0,17,No,Yes,Yes,Increased,Very Positive
R105279,31,Male,North America,PlayStation 5,GTA V,8,X/Twitter,9,Realistic economy & businesses,10,3,Yes,84.0,14,Yes,Yes,Yes,Same,Very Positive
R105280,16,Female,Asia-Pacific,PlayStation 5,GTA Vice City,9,X/Twitter,6,Improved police/AI systems,7,2,Yes,55.0,7,Yes,No,Yes,Increased,Positive
R105281,20,Male,North America,PlayStation 5,GTA V,2,Reddit,10,Story & narrative depth,8,3,Yes,93.0,18,No,No,Yes,Decreased,Very Positive
R105282,26,Prefer not to say,Europe,Undecided,GTA IV,3,Reddit,7,Online/multiplayer mode,6,3,Yes,73.0,32,Yes,No,No,Increased,Positive
R105283,29,Male,Europe,PC,GTA IV,2,YouTube,10,Improved police/AI systems,9,2,Yes,53.0,6,Yes,Yes,Yes,Increased,Very Positive
R105284,14,Male,North America,PlayStation 5,GTA San Andreas,7,YouTube,9,Dual protagonists (Jason & Lucia),7,4,No,60.0,15,Yes,Yes,Yes,Increased,Positive
R105285,36,Female,Europe,Undecided,GTA Vice City,4,YouTube,17,Map size & exploration,10,4,Yes,92.0,8,No,No,Yes,Increased,Very Positive
R105286,18,Male,Asia-Pacific,PC,GTA San Andreas,5,X/Twitter,6,Graphics & ray tracing,8,3,Maybe,77.0,8,No,No,Yes,Same,Very Positive
R105287,30,Male,Middle East,PC,GTA III,2,Reddit,1,Open-world Vice City map,3,2,Maybe,40.0,30,Yes,Yes,Yes,Increased,Neutral/Cautious
R105288,33,Male,Europe,PlayStation 5,GTA V,10,Official Rockstar trailer,10,Deeper character customization,10,5,Yes,99.0,14,Yes,Yes,Yes,Same,Very Positive
R105289,36,Non-binary,Asia-Pacific,PC,GTA IV,7,Reddit,10,Realistic economy & businesses,9,4,Yes,86.0,26,Yes,No,Yes,Increased,Very Positive
R105290,18,Non-binary,Middle East,PlayStation 5,GTA V,9,YouTube,10,Story & narrative depth,10,5,Yes,113.0,5,Yes,No,Yes,Same,Very Positive
R105291,40,Female,Europe,Xbox Series X/S,GTA San Andreas,4,YouTube,10,Deeper character customization,8,4,Maybe,96.0,30,Yes,No,Yes,Same,Very Positive
R105292,34,Male,North America,Xbox Series X/S,GTA V,4,YouTube,8,Online/multiplayer mode,10,2,Yes,77.0,8,Yes,No,No,Decreased,Very Positive
R105293,30,Female,Middle East,PlayStation 5,GTA V,0,Reddit,11,Dual protagonists (Jason & Lucia),5,2,Maybe,64.0,4,No,Yes,No,Decreased,Positive
R105294,23,Non-binary,North America,PlayStation 5 Pro,GTA IV,10,Reddit,13,Dual protagonists (Jason & Lucia),9,3,No,94.0,8,Yes,No,No,Increased,Very Positive
R105295,19,Male,North America,PlayStation 5,GTA V,11,Reddit,10,Online/multiplayer mode,7,3,Yes,67.0,4,No,No,Yes,Same,Positive
R105296,24,Non-binary,Europe,PC,GTA San Andreas,7,X/Twitter,9,Open-world Vice City map,9,4,Yes,81.0,48,No,No,Yes,Same,Very Positive
R105297,25,Female,North America,Xbox Series X/S,GTA Vice City,6,Gaming news sites,8,Open-world Vice City map,8,3,Yes,77.0,17,Yes,No,No,Increased,Very Positive
R105298,19,Male,North America,Xbox Series X/S,GTA V,2,Official Rockstar trailer,6,Online/multiplayer mode,8,2,Yes,78.0,20,Yes,No,No,Increased,Very Positive
R105299,42,Female,Middle East,PC,Red Dead Redemption 2,3,TikTok,6,Open-world Vice City map,9,3,Yes,70.0,28,Yes,No,No,Same,Very Positive
R105300,23,Prefer not to say,Europe,PlayStation 5,GTA San Andreas,9,Official Rockstar trailer,8,Better driving physics,5,3,Yes,56.0,6,No,No,Yes,Same,Positive
R105301,26,Male,Latin America,Xbox Series X/S,GTA IV,8,YouTube,12,Realistic economy & businesses,8,3,Maybe,87.0,6,No,Yes,Yes,Decreased,Very Positive
R105302,31,Male,Europe,Xbox Series X/S,GTA V,10,Official Rockstar trailer,7,Dual protagonists (Jason & Lucia),6,5,Yes,52.0,14,Yes,Yes,No,Increased,Positive
R105303,31,Male,Europe,PlayStation 5,GTA IV,5,TikTok,12,Dual protagonists (Jason & Lucia),9,3,Yes,78.0,3,Yes,No,No,Increased,Very Positive
R105304,30,,North America,PlayStation 5,GTA San Andreas,5,Gaming news sites,12,Story & narrative depth,9,3,Yes,83.0,7,No,No,Yes,Increased,Very Positive
R105305,27,Male,North America,PlayStation 5 Pro,Red Dead Redemption 2,2,X/Twitter,7,Dual protagonists (Jason & Lucia),6,4,Maybe,68.0,9,No,Yes,Yes,Increased,Positive
R105306,32,Male,Europe,Xbox Series X/S,GTA IV,2,TikTok,5,Improved police/AI systems,7,4,Yes,90.0,17,No,Yes,No,Increased,Positive
R105307,22,Male,North America,Xbox Series X/S,GTA V,1,Official Rockstar trailer,8,Graphics & ray tracing,8,4,Yes,83.0,24,Yes,No,No,Increased,Very Positive
R105308,23,Male,Asia-Pacific,PlayStation 5,GTA San Andreas,7,X/Twitter,9,Realistic economy & businesses,5,5,Maybe,55.0,28,No,Yes,Yes,Increased,Positive
R105309,20,Male,Asia-Pacific,PC,GTA IV,0,Gaming news sites,8,Online/multiplayer mode,10,4,Yes,93.0,21,Yes,No,Yes,Same,Very Positive
R105310,34,Male,Europe,PlayStation 5,GTA V,9,Official Rockstar trailer,8,Story & narrative depth,9,3,Yes,76.0,11,Yes,No,Yes,Increased,Very Positive
R105311,35,Male,Asia-Pacific,PlayStation 5,GTA III,0,Reddit,8,Story & narrative depth,6,2,Maybe,60.0,7,Yes,No,No,Decreased,Positive
R105312,19,Male,North America,Xbox Series X/S,GTA San Andreas,7,TikTok,9,Map size & exploration,8,4,Yes,93.0,17,No,No,No,Increased,Very Positive
R105313,31,Female,Europe,PC,Never played GTA,6,YouTube,6,Story & narrative depth,5,2,No,41.0,2,Yes,Yes,Yes,Increased,Positive
R105314,33,Prefer not to say,North America,PC,GTA V,10,Twitch,12,Improved police/AI systems,9,3,Maybe,72.0,4,No,No,Yes,Increased,Very Positive
R105315,27,Female,Africa,Xbox Series X/S,GTA V,10,Official Rockstar trailer,14,Story & narrative depth,8,5,No,67.0,15,Yes,Yes,No,Increased,Very Positive
R105316,29,,Latin America,Undecided,GTA Vice City,2,Reddit,7,Dual protagonists (Jason & Lucia),8,3,Yes,72.0,33,Yes,No,Yes,Same,Very Positive
R105317,28,Male,Asia-Pacific,Xbox Series X/S,GTA IV,3,Reddit,12,Graphics & ray tracing,9,2,No,65.0,30,No,Yes,Yes,Increased,Very Positive
R105318,24,Male,Asia-Pacific,PC,GTA San Andreas,8,TikTok,5,Open-world Vice City map,5,4,Maybe,51.0,31,Yes,Yes,Yes,Decreased,Positive
R105319,13,Male,Europe,Undecided,GTA V,9,YouTube,9,Dual protagonists (Jason & Lucia),10,3,Yes,88.0,4,Yes,Yes,Yes,Increased,Very Positive
R105320,27,Male,Europe,Xbox Series X/S,GTA San Andreas,1,Official Rockstar trailer,9,Story & narrative depth,7,2,Maybe,50.0,17,No,No,No,Same,Positive
R105321,29,Male,Asia-Pacific,Xbox Series X/S,GTA V,9,Official Rockstar trailer,9,Open-world Vice City map,5,5,Yes,53.0,5,No,No,Yes,Same,Positive
R105322,20,Male,North America,PlayStation 5,Red Dead Redemption 2,6,Reddit,10,Online/multiplayer mode,9,1,Maybe,63.0,17,Yes,Yes,No,Increased,Very Positive
R105323,30,Male,North America,Xbox Series X/S,GTA San Andreas,7,Gaming news sites,5,Open-world Vice City map,4,3,Yes,50.0,8,No,Yes,No,Increased,Neutral/Cautious
R105324,21,Male,Europe,PlayStation 5,GTA V,5,TikTok,8,Deeper character customization,9,5,Yes,73.0,5,Yes,No,No,Increased,Very Positive
R105325,25,Female,North America,PlayStation 5,GTA V,9,TikTok,7,Online/multiplayer mode,6,3,Maybe,75.0,14,Yes,Yes,Yes,Increased,Positive
R105326,23,Female,Europe,PC,GTA IV,5,Official Rockstar trailer,7,Dual protagonists (Jason & Lucia),7,5,Yes,75.0,9,No,No,Yes,Same,Positive
R105327,23,Male,North America,PlayStation 5,GTA San Andreas,4,YouTube,6,Improved police/AI systems,6,3,Maybe,64.0,18,No,No,No,Increased,Positive
R105328,38,Male,North America,PC,GTA San Andreas,9,X/Twitter,13,Realistic economy & businesses,6,4,Yes,56.0,24,Yes,No,Yes,Increased,Positive
R105329,30,Female,Europe,PC,GTA San Andreas,5,Official Rockstar trailer,5,Online/multiplayer mode,7,2,Maybe,57.0,19,Yes,Yes,Yes,Same,Positive
R105330,23,Male,Asia-Pacific,Xbox Series X/S,GTA V,5,Gaming news sites,8,Dual protagonists (Jason & Lucia),9,3,Yes,78.0,21,Yes,Yes,No,Increased,Very Positive
R105331,16,Male,North America,PC,GTA V,9,Reddit,9,Map size & exploration,9,4,Yes,85.0,16,No,No,Yes,Increased,Very Positive
R105332,35,Male,Asia-Pacific,PC,GTA Vice City,0,X/Twitter,9,Online/multiplayer mode,8,4,Yes,55.0,9,No,Yes,Yes,Same,Very Positive
R105333,26,Non-binary,North America,PlayStation 5 Pro,GTA San Andreas,8,Gaming news sites,9,Realistic economy & businesses,6,3,Yes,54.0,8,Yes,Yes,No,Same,Positive
R105334,40,Female,Latin America,PlayStation 5,GTA V,4,Gaming news sites,10,Online/multiplayer mode,9,2,Yes,83.0,19,No,No,No,Same,Very Positive
R105335,33,Female,Middle East,PC,GTA V,8,TikTok,14,Realistic economy & businesses,8,5,Yes,82.0,19,Yes,Yes,No,Same,Very Positive
R105336,15,Female,North America,Undecided,Red Dead Redemption 2,10,YouTube,15,Dual protagonists (Jason & Lucia),8,3,Yes,84.0,10,No,No,Yes,Same,Very Positive
R105337,30,Male,Europe,PlayStation 5,GTA V,2,Official Rockstar trailer,6,Open-world Vice City map,9,5,No,76.0,32,No,No,Yes,Decreased,Very Positive
R105338,37,Male,Latin America,PC,GTA San Andreas,6,YouTube,14,Online/multiplayer mode,9,3,Yes,,34,No,No,No,Increased,Very Positive
R105339,34,Male,Asia-Pacific,PC,GTA IV,10,Reddit,13,Story & narrative depth,10,3,Yes,78.0,47,Yes,Yes,No,Increased,Very Positive
R105340,40,Male,North America,Xbox Series X/S,GTA Vice City,1,YouTube,2,Open-world Vice City map,4,2,No,55.0,6,No,No,Yes,Decreased,Neutral/Cautious
R105341,20,Male,Europe,PlayStation 5,GTA V,9,Official Rockstar trailer,8,Realistic economy & businesses,5,5,Yes,51.0,26,Yes,No,Yes,Decreased,Positive
R105342,25,Male,North America,PC,Red Dead Redemption 2,6,Official Rockstar trailer,7,Open-world Vice City map,6,5,Yes,70.0,8,No,No,Yes,Increased,Positive
R105343,22,Male,Asia-Pacific,Xbox Series X/S,GTA V,4,X/Twitter,7,Dual protagonists (Jason & Lucia),5,4,No,58.0,10,Yes,No,No,Increased,Positive
R105344,33,Female,Europe,PC,GTA V,5,YouTube,8,Story & narrative depth,7,4,Maybe,85.0,12,Yes,No,Yes,Increased,Positive
R105345,29,Male,North America,Xbox Series X/S,GTA Vice City,4,YouTube,9,Map size & exploration,7,5,No,83.0,4,No,No,No,Same,Positive
R105346,38,Male,North America,Xbox Series X/S,GTA San Andreas,9,Official Rockstar trailer,8,Dual protagonists (Jason & Lucia),6,4,No,69.0,18,Yes,No,Yes,Same,Positive
R105347,28,Male,North America,PC,GTA V,2,YouTube,15,Open-world Vice City map,10,5,Yes,57.0,41,No,Yes,No,Same,Very Positive
R105348,14,Male,Middle East,PlayStation 5,GTA San Andreas,5,YouTube,9,Online/multiplayer mode,7,4,Maybe,64.0,17,Yes,Yes,Yes,Increased,Positive
R105349,13,Male,Latin America,PC,GTA IV,2,X/Twitter,13,Map size & exploration,9,3,Yes,73.0,21,Yes,No,No,Same,Very Positive
R105350,26,Non-binary,North America,Undecided,GTA III,6,X/Twitter,11,Better driving physics,9,5,Maybe,82.0,15,Yes,Yes,Yes,Increased,Very Positive
R105351,30,Male,Europe,PC,Never played GTA,9,YouTube,6,Online/multiplayer mode,7,4,Yes,54.0,30,No,No,Yes,Increased,Positive
R105352,24,Male,Europe,PC,GTA San Andreas,2,Official Rockstar trailer,9,Dual protagonists (Jason & Lucia),10,2,Maybe,60.0,4,No,Yes,Yes,Increased,Very Positive
R105353,24,Male,Latin America,Xbox Series X/S,GTA Vice City,2,Gaming news sites,5,Dual protagonists (Jason & Lucia),7,5,No,54.0,14,Yes,Yes,Yes,Decreased,Positive
R105354,25,Male,North America,PC,GTA San Andreas,6,TikTok,8,Better driving physics,8,4,Yes,57.0,40,Yes,No,No,Increased,Very Positive
R105355,13,Male,Europe,Xbox Series X/S,GTA V,5,TikTok,13,Story & narrative depth,10,5,Yes,100.0,15,Yes,No,Yes,Increased,Very Positive
R105356,27,Female,Africa,PlayStation 5,GTA San Andreas,6,Official Rockstar trailer,15,Graphics & ray tracing,10,3,Yes,90.0,6,No,No,Yes,Increased,Very Positive
R105357,33,Male,Middle East,PC,GTA V,10,Twitch,7,Realistic economy & businesses,9,3,No,91.0,16,Yes,Yes,Yes,Decreased,Very Positive
R105358,20,Male,Asia-Pacific,Xbox Series X/S,GTA V,5,Friends,9,Graphics & ray tracing,10,4,Yes,86.0,11,No,No,No,Decreased,Very Positive
R105359,29,Male,Asia-Pacific,Xbox Series X/S,GTA V,4,Official Rockstar trailer,8,Realistic economy & businesses,10,3,Maybe,91.0,22,Yes,Yes,No,Increased,Very Positive
R105360,25,Male,Europe,PlayStation 5,GTA San Andreas,3,Gaming news sites,4,Open-world Vice City map,6,4,Yes,58.0,4,No,Yes,Yes,Increased,Positive
R105361,17,Male,Asia-Pacific,PlayStation 5,GTA III,0,Official Rockstar trailer,10,Realistic economy & businesses,10,3,Yes,92.0,4,Yes,No,Yes,Increased,Very Positive
R105362,30,Male,North America,PlayStation 5 Pro,GTA IV,3,Official Rockstar trailer,11,Open-world Vice City map,8,3,No,70.0,33,No,Yes,No,Increased,Very Positive
R105363,26,Male,Asia-Pacific,PlayStation 5,GTA V,6,X/Twitter,9,Improved police/AI systems,5,5,Yes,26.0,26,No,Yes,Yes,Same,Positive
R105364,37,Male,Asia-Pacific,Xbox Series X/S,GTA V,11,TikTok,9,Story & narrative depth,5,3,Yes,52.0,7,Yes,No,No,Increased,Positive
R105365,16,Male,Middle East,PlayStation 5,GTA V,7,TikTok,16,Realistic economy & businesses,10,5,Yes,108.0,29,Yes,Yes,Yes,Increased,Very Positive
R105366,28,Male,North America,PlayStation 5 Pro,GTA San Andreas,4,Reddit,8,Dual protagonists (Jason & Lucia),6,4,Yes,,16,Yes,No,Yes,Increased,Positive
R105367,16,Male,Asia-Pacific,PC,GTA V,3,YouTube,10,Dual protagonists (Jason & Lucia),7,4,Maybe,63.0,18,No,Yes,Yes,Same,Positive
R105368,15,Male,Europe,PlayStation 5,GTA San Andreas,3,Official Rockstar trailer,8,Story & narrative depth,7,5,No,61.0,6,Yes,No,No,Increased,Positive
R105369,27,Prefer not to say,Europe,Xbox Series X/S,GTA III,8,Reddit,7,Improved police/AI systems,7,2,Yes,69.0,9,Yes,No,No,Increased,Positive
R105370,19,Male,Asia-Pacific,PC,Red Dead Redemption 2,7,Official Rockstar trailer,11,Open-world Vice City map,8,3,No,59.0,24,Yes,Yes,Yes,Increased,Very Positive
R105371,16,Female,North America,PC,GTA V,4,Reddit,12,Deeper character customization,10,5,Yes,90.0,12,No,No,No,Same,Very Positive
R105372,29,Male,North America,PC,GTA III,10,TikTok,14,Dual protagonists (Jason & Lucia),10,3,Yes,89.0,50,Yes,Yes,Yes,Increased,Very Positive
R105373,23,Male,North America,PlayStation 5,GTA V,0,TikTok,12,Dual protagonists (Jason & Lucia),10,5,Yes,88.0,20,Yes,No,Yes,Same,Very Positive
R105374,13,Male,Middle East,PC,GTA San Andreas,7,TikTok,3,Better driving physics,6,3,Maybe,63.0,26,Yes,No,Yes,Increased,Positive
R105375,24,Male,Europe,PlayStation 5,Red Dead Redemption 2,10,Friends,16,Open-world Vice City map,8,3,Yes,92.0,6,No,No,No,Same,Very Positive
R105376,18,Male,North America,PlayStation 5 Pro,GTA San Andreas,7,TikTok,11,Realistic economy & businesses,10,4,Maybe,95.0,13,No,No,Yes,Same,Very Positive
R105377,34,Male,Europe,PlayStation 5,GTA V,9,TikTok,7,Deeper character customization,8,3,Yes,27.0,18,Yes,Yes,Yes,Increased,Very Positive
R105378,42,Female,Europe,PlayStation 5 Pro,GTA V,4,Gaming news sites,6,Online/multiplayer mode,6,5,Yes,54.0,1,Yes,No,Yes,Increased,Positive
R105379,34,Female,Asia-Pacific,Xbox Series X/S,Red Dead Redemption 2,5,Gaming news sites,12,Deeper character customization,10,5,Yes,93.0,19,Yes,No,No,Same,Very Positive
R105380,16,Female,North America,PlayStation 5,GTA V,6,Official Rockstar trailer,11,Story & narrative depth,10,3,Yes,81.0,25,No,No,No,Increased,Very Positive
R105381,25,,Asia-Pacific,PlayStation 5,GTA V,11,Official Rockstar trailer,10,Dual protagonists (Jason & Lucia),7,2,Maybe,90.0,8,No,No,No,Increased,Positive
R105382,21,Female,Asia-Pacific,Xbox Series X/S,GTA V,4,Official Rockstar trailer,11,Online/multiplayer mode,10,5,Yes,82.0,2,No,No,Yes,Increased,Very Positive
R105383,26,Male,Middle East,Xbox Series X/S,Red Dead Redemption 2,7,YouTube,8,Realistic economy & businesses,6,4,No,60.0,29,No,Yes,Yes,Increased,Positive
R105384,27,Female,Latin America,Xbox Series X/S,GTA III,6,YouTube,11,Online/multiplayer mode,8,4,Yes,78.0,3,No,No,Yes,Increased,Very Positive
R105385,27,Male,North America,Xbox Series X/S,GTA Vice City,10,TikTok,14,Open-world Vice City map,9,3,Maybe,77.0,13,No,No,Yes,Same,Very Positive
R105386,13,Male,North America,PlayStation 5,GTA V,0,YouTube,13,Graphics & ray tracing,10,4,Yes,79.0,8,Yes,No,No,Increased,Very Positive
R105387,25,Male,Latin America,Xbox Series X/S,Red Dead Redemption 2,3,YouTube,14,Story & narrative depth,10,4,Yes,95.0,7,Yes,No,No,Increased,Very Positive
R105388,33,Prefer not to say,Latin America,PlayStation 5 Pro,GTA V,8,TikTok,13,Graphics & ray tracing,10,5,Yes,81.0,8,Yes,Yes,Yes,Increased,Very Positive
R105389,28,Female,North America,PC,GTA Vice City,11,Official Rockstar trailer,4,Online/multiplayer mode,4,5,Maybe,58.0,6,Yes,No,Yes,Increased,Neutral/Cautious
R105390,16,Female,North America,Xbox Series X/S,GTA V,8,TikTok,10,Dual protagonists (Jason & Lucia),10,4,Yes,49.0,21,No,Yes,No,Increased,Very Positive
R105391,21,Male,North America,PC,GTA San Andreas,8,Official Rockstar trailer,9,Story & narrative depth,8,5,Yes,60.0,6,Yes,Yes,Yes,Increased,Very Positive
R105392,32,Male,Asia-Pacific,PlayStation 5,Red Dead Redemption 2,8,Reddit,8,Open-world Vice City map,9,4,Maybe,68.0,4,Yes,Yes,Yes,Same,Very Positive
R105393,23,Male,North America,PC,GTA V,5,TikTok,8,Dual protagonists (Jason & Lucia),8,4,Yes,54.0,6,Yes,Yes,Yes,Same,Very Positive
R105394,17,Male,North America,PC,GTA IV,4,Reddit,10,Story & narrative depth,4,2,Maybe,50.0,4,Yes,No,Yes,Increased,Neutral/Cautious
R105395,43,Male,North America,PlayStation 5,GTA V,4,Gaming news sites,11,Better driving physics,8,3,Yes,65.0,7,No,No,Yes,Same,Very Positive
R105396,36,Male,North America,PC,GTA San Andreas,3,YouTube,7,Graphics & ray tracing,8,4,Yes,81.0,10,No,Yes,No,Increased,Very Positive
R105397,25,Male,Asia-Pacific,PlayStation 5,GTA San Andreas,9,X/Twitter,2,Story & narrative depth,6,4,No,84.0,12,Yes,No,Yes,Increased,Positive
R105398,30,Female,North America,PC,GTA V,7,Gaming news sites,6,Better driving physics,7,3,No,60.0,23,No,No,Yes,Increased,Positive
R105399,27,Male,Africa,PC,GTA Vice City,6,TikTok,9,Story & narrative depth,8,4,Yes,64.0,3,Yes,No,No,Increased,Very Positive
R105400,23,Male,Asia-Pacific,PlayStation 5,Red Dead Redemption 2,8,Reddit,11,Online/multiplayer mode,9,3,Yes,66.0,17,Yes,No,Yes,Increased,Very Positive
R105401,13,Male,Asia-Pacific,PC,GTA V,6,X/Twitter,8,Realistic economy & businesses,7,4,No,75.0,15,No,No,Yes,Same,Positive
R105402,38,Male,Middle East,Undecided,GTA V,5,Official Rockstar trailer,7,Online/multiplayer mode,8,4,No,52.0,53,Yes,No,Yes,Same,Very Positive
R105403,22,Male,Asia-Pacific,Undecided,GTA V,7,X/Twitter,9,Online/multiplayer mode,10,4,Yes,110.0,16,Yes,Yes,Yes,Increased,Very Positive
R105404,43,Male,Africa,PC,GTA V,5,YouTube,15,Dual protagonists (Jason & Lucia),10,5,Yes,81.0,12,Yes,No,No,Same,Very Positive
R105405,25,,North America,PlayStation 5 Pro,GTA San Andreas,3,Official Rockstar trailer,9,Realistic economy & businesses,10,3,Yes,101.0,35,Yes,No,No,Increased,Very Positive
R105406,24,Female,Africa,PlayStation 5,GTA V,5,Official Rockstar trailer,11,Deeper character customization,10,4,Yes,71.0,28,Yes,No,Yes,Increased,Very Positive
R105407,21,Male,North America,Xbox Series X/S,GTA V,6,TikTok,13,Story & narrative depth,8,3,Yes,94.0,24,No,No,No,Increased,Very Positive
R105408,26,Male,North America,PC,GTA San Andreas,5,YouTube,8,Graphics & ray tracing,8,4,No,79.0,21,No,No,No,Same,Very Positive
R105409,28,Male,Middle East,PC,GTA San Andreas,12,Friends,11,Dual protagonists (Jason & Lucia),8,5,Yes,82.0,4,Yes,No,No,Same,Very Positive
R105410,17,Male,Latin America,Xbox Series X/S,GTA V,1,X/Twitter,12,Open-world Vice City map,8,3,No,54.0,46,No,Yes,No,Same,Very Positive
R105411,19,Female,Asia-Pacific,PlayStation 5,GTA IV,11,Gaming news sites,10,Dual protagonists (Jason & Lucia),8,4,No,61.0,24,Yes,No,Yes,Increased,Very Positive
R105412,32,Prefer not to say,Europe,PlayStation 5,GTA V,8,TikTok,9,Online/multiplayer mode,6,4,Yes,37.0,19,Yes,No,Yes,Increased,Positive
R105413,30,Male,North America,PC,GTA V,0,TikTok,15,Story & narrative depth,8,4,Yes,73.0,41,Yes,Yes,Yes,Same,Very Positive
R105414,29,Male,North America,PC,GTA V,5,YouTube,7,Online/multiplayer mode,8,5,No,57.0,12,Yes,No,No,Increased,Very Positive
R105415,32,Male,North America,PlayStation 5,GTA San Andreas,6,Reddit,5,Story & narrative depth,6,3,Yes,77.0,12,Yes,No,Yes,Decreased,Positive
R105416,38,Female,Europe,PlayStation 5,GTA V,10,TikTok,9,Realistic economy & businesses,10,5,Yes,82.0,33,Yes,No,Yes,Same,Very Positive
R105417,13,Male,North America,Xbox Series X/S,GTA IV,3,Official Rockstar trailer,9,Story & narrative depth,9,3,Yes,74.0,16,No,No,No,Increased,Very Positive
R105418,23,Male,Europe,Xbox Series X/S,GTA IV,6,Twitch,4,Open-world Vice City map,5,5,Maybe,49.0,12,No,Yes,No,Increased,Positive
R105419,34,Male,Europe,PlayStation 5 Pro,GTA V,6,Official Rockstar trailer,11,Dual protagonists (Jason & Lucia),8,5,Yes,73.0,40,No,Yes,Yes,Increased,Very Positive
R105420,30,Male,North America,PlayStation 5,GTA IV,8,X/Twitter,8,Open-world Vice City map,9,5,Yes,76.0,27,No,Yes,No,Increased,Very Positive
R105421,28,Male,North America,PlayStation 5,GTA San Andreas,7,YouTube,10,Dual protagonists (Jason & Lucia),8,4,Yes,67.0,13,Yes,No,Yes,Increased,Very Positive
R105422,36,Male,Middle East,PC,GTA San Andreas,7,YouTube,10,Online/multiplayer mode,8,4,Yes,59.0,16,Yes,No,No,Same,Very Positive
R105423,34,Male,Asia-Pacific,PC,GTA V,0,YouTube,11,Online/multiplayer mode,7,3,Maybe,58.0,11,Yes,Yes,Yes,Same,Positive
R105424,34,Female,Asia-Pacific,PlayStation 5 Pro,GTA V,4,Official Rockstar trailer,6,Realistic economy & businesses,9,4,Maybe,,7,Yes,No,Yes,Increased,Very Positive
R105425,17,Female,Europe,PlayStation 5,GTA San Andreas,0,Twitch,9,Dual protagonists (Jason & Lucia),10,3,Yes,65.0,26,Yes,Yes,Yes,Increased,Very Positive
R105426,22,Male,Europe,PlayStation 5,GTA San Andreas,4,Official Rockstar trailer,8,Deeper character customization,8,5,Yes,73.0,4,Yes,Yes,No,Increased,Very Positive
R105427,20,Male,North America,PlayStation 5,GTA V,1,TikTok,10,Open-world Vice City map,9,5,Yes,90.0,9,No,No,Yes,Decreased,Very Positive
R105428,22,Female,North America,Xbox Series X/S,Never played GTA,8,YouTube,7,Dual protagonists (Jason & Lucia),7,4,Yes,75.0,14,No,No,No,Decreased,Positive
R105429,13,Female,North America,PC,GTA San Andreas,11,Gaming news sites,2,Realistic economy & businesses,4,4,No,38.0,9,Yes,No,Yes,Increased,Neutral/Cautious
R105430,15,Female,Africa,PC,GTA V,5,Official Rockstar trailer,8,Realistic economy & businesses,9,3,Yes,77.0,8,Yes,No,Yes,Increased,Very Positive
R105431,32,Male,Europe,Xbox Series X/S,GTA V,1,TikTok,5,Better driving physics,6,3,Maybe,44.0,10,No,No,No,Increased,Positive
R105432,21,Male,Europe,PC,GTA V,9,TikTok,10,Story & narrative depth,9,5,Yes,81.0,13,No,No,No,Same,Very Positive
R105433,22,Male,Asia-Pacific,Xbox Series X/S,GTA V,6,Official Rockstar trailer,9,Open-world Vice City map,7,4,Yes,85.0,18,No,No,Yes,Increased,Positive
R105434,27,Male,Europe,PlayStation 5,GTA V,4,TikTok,11,Better driving physics,10,5,Maybe,85.0,38,No,No,Yes,Same,Very Positive
R105435,24,Female,Latin America,PC,GTA V,11,Official Rockstar trailer,7,Dual protagonists (Jason & Lucia),8,4,Yes,65.0,13,No,No,Yes,Decreased,Very Positive
R105436,16,Prefer not to say,North America,PlayStation 5,Red Dead Redemption 2,8,Official Rockstar trailer,10,Graphics & ray tracing,7,5,Yes,78.0,4,No,No,Yes,Decreased,Positive
R105437,27,Female,Asia-Pacific,PC,GTA San Andreas,1,Official Rockstar trailer,6,Open-world Vice City map,8,2,Yes,75.0,28,No,Yes,Yes,Same,Very Positive
R105438,22,Male,Latin America,PlayStation 5 Pro,Red Dead Redemption 2,3,Reddit,9,Realistic economy & businesses,10,4,Yes,103.0,21,Yes,Yes,Yes,Increased,Very Positive
R105439,25,Female,Asia-Pacific,PlayStation 5 Pro,GTA V,5,YouTube,12,Better driving physics,6,4,Maybe,49.0,10,Yes,Yes,No,Same,Positive
R105440,34,Male,Asia-Pacific,Xbox Series X/S,GTA San Andreas,2,YouTube,11,Story & narrative depth,8,4,Maybe,73.0,25,Yes,Yes,No,Same,Very Positive
R105441,42,Male,North America,Xbox Series X/S,GTA San Andreas,2,Gaming news sites,9,Improved police/AI systems,7,4,Yes,57.0,17,Yes,Yes,No,Increased,Positive
R105442,25,,Africa,PC,GTA V,7,TikTok,10,Dual protagonists (Jason & Lucia),10,3,Yes,69.0,20,Yes,Yes,Yes,Same,Very Positive
R105443,30,Male,Europe,PC,Red Dead Redemption 2,9,Official Rockstar trailer,10,Open-world Vice City map,7,2,Maybe,83.0,18,Yes,Yes,Yes,Increased,Positive
R105444,40,Male,Latin America,PlayStation 5,GTA V,5,Reddit,16,Story & narrative depth,9,4,Yes,63.0,14,Yes,Yes,No,Increased,Very Positive
R105445,21,Male,Asia-Pacific,PlayStation 5,GTA III,5,TikTok,5,Story & narrative depth,8,4,No,70.0,17,Yes,No,Yes,Increased,Very Positive
R105446,13,Male,North America,PlayStation 5,GTA Vice City,4,X/Twitter,10,Dual protagonists (Jason & Lucia),7,5,Yes,57.0,11,Yes,Yes,Yes,Increased,Positive
R105447,32,Male,North America,Xbox Series X/S,GTA Vice City,6,YouTube,11,Graphics & ray tracing,8,3,Yes,69.0,3,No,Yes,Yes,Increased,Very Positive
R105448,18,Female,North America,Xbox Series X/S,GTA San Andreas,6,YouTube,10,Map size & exploration,7,4,No,72.0,12,No,Yes,Yes,Same,Positive
R105449,28,Male,Europe,Xbox Series X/S,GTA Vice City,6,YouTube,9,Realistic economy & businesses,5,4,Maybe,54.0,8,Yes,Yes,No,Increased,Positive
R105450,29,Male,Europe,PC,GTA V,8,X/Twitter,10,Open-world Vice City map,10,3,Yes,83.0,21,No,No,Yes,Increased,Very Positive
R105451,22,Male,Asia-Pacific,PlayStation 5,GTA V,11,X/Twitter,11,Dual protagonists (Jason & Lucia),8,3,Yes,,11,No,Yes,Yes,Increased,Very Positive
R105452,13,Male,Europe,Undecided,GTA V,7,YouTube,12,Online/multiplayer mode,8,3,Yes,65.0,26,Yes,Yes,No,Same,Very Positive
R105453,39,Male,Europe,PlayStation 5,Red Dead Redemption 2,9,Friends,3,Dual protagonists (Jason & Lucia),5,4,Yes,39.0,10,Yes,No,No,Decreased,Positive
R105454,35,Female,Europe,Xbox Series X/S,Red Dead Redemption 2,2,Twitch,12,Story & narrative depth,7,5,Yes,91.0,22,Yes,No,No,Same,Positive
R105455,39,Male,Europe,Xbox Series X/S,Never played GTA,5,YouTube,1,Map size & exploration,1,4,Maybe,30.0,5,Yes,Yes,Yes,Increased,Neutral/Cautious
R105456,15,Male,North America,PlayStation 5,Red Dead Redemption 2,13,Friends,6,Map size & exploration,7,4,Maybe,68.0,14,Yes,No,No,Same,Positive
R105457,38,Female,Latin America,PlayStation 5,GTA V,7,Gaming news sites,10,Dual protagonists (Jason & Lucia),9,5,Yes,71.0,6,Yes,No,Yes,Same,Very Positive
R105458,26,Female,Asia-Pacific,PlayStation 5,GTA IV,5,YouTube,10,Realistic economy & businesses,6,4,No,,6,Yes,No,Yes,Same,Positive
R105459,26,Male,North America,PlayStation 5,GTA San Andreas,8,Gaming news sites,9,Graphics & ray tracing,7,4,Yes,80.0,8,Yes,No,Yes,Increased,Positive
R105460,36,Female,Asia-Pacific,PlayStation 5 Pro,GTA Vice City,10,YouTube,10,Realistic economy & businesses,10,3,Yes,84.0,23,No,No,No,Same,Very Positive
R105461,26,Male,Latin America,PlayStation 5,GTA V,7,TikTok,10,Improved police/AI systems,10,4,Yes,104.0,15,No,No,No,Increased,Very Positive
R105462,23,Female,North America,Xbox Series X/S,Red Dead Redemption 2,6,Reddit,9,Better driving physics,10,4,No,67.0,27,Yes,Yes,No,Same,Very Positive
R105463,26,Male,North America,PlayStation 5,GTA Vice City,6,YouTube,9,Realistic economy & businesses,8,5,Yes,79.0,28,Yes,No,No,Same,Very Positive
R105464,34,Female,Europe,PlayStation 5 Pro,GTA V,9,YouTube,10,Realistic economy & businesses,10,4,No,104.0,24,No,No,Yes,Increased,Very Positive
R105465,27,Male,North America,PC,GTA Vice City,3,YouTube,13,Map size & exploration,10,4,Yes,80.0,20,Yes,No,No,Increased,Very Positive
R105466,35,Female,Africa,PC,GTA IV,13,TikTok,10,Better driving physics,4,5,No,56.0,4,Yes,No,Yes,Increased,Neutral/Cautious
R105467,17,Male,Europe,Xbox Series X/S,GTA IV,9,Twitch,13,Graphics & ray tracing,9,3,Yes,74.0,15,No,No,No,Same,Very Positive
R105468,28,Female,North America,PC,GTA V,6,Official Rockstar trailer,11,Realistic economy & businesses,7,3,No,63.0,23,Yes,No,No,Same,Positive
R105469,25,Female,Europe,PlayStation 5,GTA Vice City,6,Reddit,8,Dual protagonists (Jason & Lucia),7,3,Yes,86.0,9,Yes,No,Yes,Increased,Positive
R105470,19,Female,Middle East,PlayStation 5,GTA V,5,Official Rockstar trailer,6,Dual protagonists (Jason & Lucia),7,4,Maybe,75.0,11,Yes,No,No,Increased,Positive
R105471,24,Male,North America,PlayStation 5,Red Dead Redemption 2,10,Gaming news sites,9,Improved police/AI systems,8,5,Maybe,96.0,24,No,No,No,Same,Very Positive
R105472,14,Male,Asia-Pacific,PlayStation 5,Never played GTA,5,Official Rockstar trailer,1,Dual protagonists (Jason & Lucia),3,5,No,42.0,17,No,Yes,Yes,Increased,Neutral/Cautious
R105473,35,Male,Africa,PlayStation 5 Pro,GTA V,7,Gaming news sites,6,Graphics & ray tracing,8,4,Yes,88.0,36,Yes,Yes,No,Same,Very Positive
R105474,23,Female,Latin America,PC,GTA Vice City,4,Official Rockstar trailer,8,Improved police/AI systems,8,4,Maybe,72.0,17,Yes,No,No,Same,Very Positive
R105475,36,Female,Europe,PlayStation 5,GTA San Andreas,7,YouTube,5,Improved police/AI systems,4,2,Maybe,48.0,2,No,No,No,Same,Neutral/Cautious
R105476,27,Male,Middle East,Xbox Series X/S,GTA V,7,Twitch,4,Dual protagonists (Jason & Lucia),7,4,Yes,48.0,2,Yes,Yes,Yes,Decreased,Positive
R105477,18,Male,North America,PlayStation 5,Never played GTA,6,YouTube,5,Deeper character customization,5,3,No,49.0,27,Yes,No,Yes,Decreased,Positive
R105478,30,Male,Asia-Pacific,PlayStation 5,GTA V,8,Friends,8,Open-world Vice City map,10,4,Yes,80.0,21,No,No,Yes,Increased,Very Positive
R105479,36,Prefer not to say,Europe,PC,GTA San Andreas,9,Official Rockstar trailer,9,Map size & exploration,10,5,Yes,84.0,37,No,No,No,Same,Very Positive
R105480,30,Male,Europe,Xbox Series X/S,Red Dead Redemption 2,6,YouTube,10,Improved police/AI systems,9,4,Yes,72.0,24,Yes,No,Yes,Same,Very Positive
R105481,29,Male,North America,PC,GTA V,5,YouTube,13,Open-world Vice City map,10,4,No,92.0,32,No,No,Yes,Increased,Very Positive
R105482,19,Male,Asia-Pacific,PlayStation 5,GTA San Andreas,8,TikTok,8,Map size & exploration,10,2,Yes,84.0,31,No,No,Yes,Increased,Very Positive
R105483,26,Male,North America,PC,GTA San Andreas,4,YouTube,8,Realistic economy & businesses,7,4,Yes,59.0,12,No,Yes,Yes,Increased,Positive
R105484,35,Male,Europe,PlayStation 5,GTA IV,6,TikTok,9,Map size & exploration,6,5,Maybe,52.0,26,Yes,Yes,Yes,Decreased,Positive
R105485,42,Male,Europe,Xbox Series X/S,GTA IV,4,Reddit,10,Map size & exploration,9,3,Yes,56.0,15,No,No,Yes,Increased,Very Positive
R105486,24,Male,Europe,PlayStation 5,Never played GTA,4,Official Rockstar trailer,2,Story & narrative depth,3,4,No,50.0,15,No,Yes,Yes,Decreased,Neutral/Cautious
R105487,13,Female,North America,PC,GTA San Andreas,9,Official Rockstar trailer,10,Online/multiplayer mode,10,3,Yes,81.0,14,Yes,No,Yes,Increased,Very Positive
R105488,25,Male,Europe,PlayStation 5,GTA V,4,Official Rockstar trailer,6,Online/multiplayer mode,7,5,Yes,70.0,5,Yes,Yes,Yes,Same,Positive
R105489,34,Non-binary,Europe,PC,Red Dead Redemption 2,7,Gaming news sites,8,Map size & exploration,9,4,Yes,85.0,44,No,Yes,Yes,Decreased,Very Positive
R105490,20,Female,Latin America,PlayStation 5,Red Dead Redemption 2,6,Official Rockstar trailer,7,Realistic economy & businesses,10,4,Yes,71.0,30,Yes,No,No,Same,Very Positive
R105491,31,Male,Europe,PlayStation 5,GTA V,8,Official Rockstar trailer,9,Open-world Vice City map,8,3,Yes,63.0,11,Yes,Yes,Yes,Same,Very Positive
R105492,14,Female,Asia-Pacific,Undecided,GTA IV,6,Official Rockstar trailer,9,Open-world Vice City map,8,4,Yes,63.0,40,No,Yes,No,Same,Very Positive
R105493,14,Male,North America,PlayStation 5 Pro,GTA V,12,YouTube,8,Open-world Vice City map,9,3,Yes,82.0,28,No,No,No,Increased,Very Positive
R105494,34,Male,Europe,PC,Red Dead Redemption 2,1,Gaming news sites,4,Open-world Vice City map,8,4,No,64.0,10,Yes,No,Yes,Increased,Very Positive
R105495,14,Male,Europe,PlayStation 5,GTA IV,1,Twitch,5,Dual protagonists (Jason & Lucia),7,4,Yes,47.0,8,No,Yes,Yes,Increased,Positive
R105496,14,Female,North America,Xbox Series X/S,GTA V,13,Gaming news sites,11,Map size & exploration,7,4,Yes,71.0,30,No,No,No,Same,Positive
R105497,25,Male,North America,PlayStation 5,GTA III,10,X/Twitter,9,Story & narrative depth,9,3,Yes,80.0,19,Yes,No,No,Decreased,Very Positive
R105498,28,Male,North America,PC,Red Dead Redemption 2,2,Official Rockstar trailer,10,Realistic economy & businesses,10,4,Yes,78.0,16,Yes,No,No,Increased,Very Positive
R105499,22,Male,Asia-Pacific,PlayStation 5,GTA V,2,X/Twitter,7,Open-world Vice City map,7,4,No,85.0,13,No,Yes,No,Increased,Positive
R105500,31,Male,Asia-Pacific,Xbox Series X/S,GTA V,5,Friends,9,Map size & exploration,8,3,Yes,76.0,49,Yes,No,Yes,Same,Very Positive
R105501,25,Non-binary,Latin America,PlayStation 5,GTA San Andreas,5,YouTube,12,Dual protagonists (Jason & Lucia),7,2,No,82.0,43,Yes,Yes,Yes,Increased,Positive
R105502,23,Male,North America,Xbox Series X/S,GTA V,2,Reddit,6,Open-world Vice City map,8,3,Maybe,67.0,8,Yes,Yes,No,Same,Very Positive
R105503,28,Male,Asia-Pacific,PlayStation 5,GTA Vice City,9,Official Rockstar trailer,12,Graphics & ray tracing,10,5,No,,23,Yes,Yes,Yes,Same,Very Positive
R105504,33,Male,North America,PC,Red Dead Redemption 2,6,Official Rockstar trailer,10,Graphics & ray tracing,7,4,Maybe,74.0,25,Yes,No,No,Increased,Positive
R105505,23,Female,Asia-Pacific,Xbox Series X/S,GTA Vice City,7,Twitch,7,Story & narrative depth,7,3,No,67.0,7,Yes,No,No,Increased,Positive
R105506,32,Male,Europe,Xbox Series X/S,GTA III,0,Twitch,9,Online/multiplayer mode,6,3,Yes,81.0,13,Yes,No,No,Increased,Positive
R105507,25,Male,Latin America,PC,GTA V,5,YouTube,10,Open-world Vice City map,8,4,No,65.0,11,Yes,Yes,No,Same,Very Positive
R105508,36,Male,Latin America,Xbox Series X/S,GTA Vice City,4,Reddit,8,Graphics & ray tracing,7,4,No,42.0,35,No,No,Yes,Increased,Positive
R105509,13,Female,North America,PC,GTA San Andreas,9,Twitch,4,Improved police/AI systems,4,3,Maybe,64.0,6,Yes,No,Yes,Same,Neutral/Cautious
R105510,28,Male,North America,PC,Red Dead Redemption 2,0,Official Rockstar trailer,6,Deeper character customization,6,4,Yes,57.0,8,No,No,No,Same,Positive
R105511,27,Male,Latin America,PlayStation 5,GTA IV,8,YouTube,8,Online/multiplayer mode,9,3,Yes,79.0,9,No,No,No,Increased,Very Positive
R105512,20,Female,Latin America,PlayStation 5 Pro,Never played GTA,8,Twitch,11,Story & narrative depth,7,4,Yes,69.0,5,No,Yes,Yes,Increased,Positive
R105513,36,Male,Asia-Pacific,Xbox Series X/S,GTA San Andreas,2,X/Twitter,9,Map size & exploration,6,4,Yes,67.0,1,Yes,No,No,Same,Positive
R105514,21,,Asia-Pacific,Xbox Series X/S,GTA V,5,Gaming news sites,11,Improved police/AI systems,10,4,Maybe,77.0,2,No,No,Yes,Same,Very Positive
R105515,16,Female,Europe,PlayStation 5,GTA V,6,Official Rockstar trailer,9,Dual protagonists (Jason & Lucia),7,2,No,56.0,7,Yes,No,Yes,Same,Positive
R105516,18,Male,Middle East,PlayStation 5 Pro,GTA V,1,YouTube,12,Graphics & ray tracing,10,3,No,65.0,30,No,Yes,Yes,Same,Very Positive
R105517,13,Male,Europe,PlayStation 5,Never played GTA,2,TikTok,5,Graphics & ray tracing,3,5,Maybe,42.0,7,Yes,Yes,Yes,Same,Neutral/Cautious
R105518,16,Male,Europe,PlayStation 5,GTA V,5,X/Twitter,8,Map size & exploration,10,3,Yes,87.0,10,Yes,No,No,Same,Very Positive
R105519,24,Male,North America,Xbox Series X/S,GTA San Andreas,8,Friends,6,Deeper character customization,6,3,No,55.0,31,Yes,No,Yes,Same,Positive
R105520,38,Female,Latin America,Xbox Series X/S,GTA Vice City,2,TikTok,8,Open-world Vice City map,6,5,No,74.0,20,Yes,No,No,Decreased,Positive
R105521,13,Male,Latin America,PlayStation 5,GTA San Andreas,6,Official Rockstar trailer,10,Story & narrative depth,6,3,No,49.0,41,Yes,Yes,Yes,Same,Positive
R105522,21,Male,Asia-Pacific,Xbox Series X/S,GTA San Andreas,10,Official Rockstar trailer,6,Story & narrative depth,8,4,Yes,71.0,9,Yes,No,No,Increased,Very Positive
R105523,28,Male,Latin America,Xbox Series X/S,GTA V,11,Official Rockstar trailer,10,Open-world Vice City map,8,3,Yes,76.0,12,Yes,Yes,No,Same,Very Positive
R105524,33,Female,Europe,PlayStation 5,GTA V,12,Official Rockstar trailer,8,Online/multiplayer mode,10,4,Yes,84.0,7,Yes,No,Yes,Increased,Very Positive
R105525,20,Male,Latin America,PlayStation 5 Pro,Never played GTA,11,Official Rockstar trailer,10,Online/multiplayer mode,8,4,Yes,88.0,8,Yes,No,Yes,Same,Very Positive
R105526,23,Male,North America,Xbox Series X/S,GTA IV,4,X/Twitter,6,Map size & exploration,8,5,Yes,97.0,26,Yes,No,No,Increased,Very Positive
R105527,25,Male,Europe,PlayStation 5,GTA V,7,YouTube,8,Online/multiplayer mode,7,3,No,67.0,12,No,Yes,No,Increased,Positive
R105528,22,Female,Latin America,PlayStation 5,GTA San Andreas,8,Official Rockstar trailer,4,Realistic economy & businesses,6,5,No,54.0,11,Yes,Yes,Yes,Decreased,Positive
R105529,26,Male,Europe,Xbox Series X/S,GTA Vice City,6,Reddit,11,Better driving physics,8,4,Yes,64.0,16,No,No,No,Decreased,Very Positive
R105530,16,Male,Asia-Pacific,PlayStation 5,Red Dead Redemption 2,6,Official Rockstar trailer,10,Online/multiplayer mode,8,3,Yes,73.0,7,Yes,No,Yes,Increased,Very Positive
R105531,13,Male,Africa,Xbox Series X/S,GTA IV,4,Official Rockstar trailer,11,Deeper character customization,9,3,No,71.0,11,Yes,No,Yes,Increased,Very Positive
R105532,31,Male,Europe,PlayStation 5,GTA III,3,TikTok,9,Story & narrative depth,5,2,Yes,39.0,4,Yes,No,Yes,Decreased,Positive
R105533,33,Male,North America,Xbox Series X/S,GTA V,10,Friends,8,Online/multiplayer mode,9,3,Yes,69.0,18,Yes,Yes,No,Increased,Very Positive
R105534,20,Male,North America,Undecided,GTA IV,3,Official Rockstar trailer,9,Dual protagonists (Jason & Lucia),10,5,Yes,88.0,24,No,Yes,Yes,Increased,Very Positive
R105535,14,Male,Europe,PlayStation 5,Red Dead Redemption 2,8,Reddit,6,Online/multiplayer mode,6,4,Yes,57.0,18,No,No,Yes,Same,Positive
R105536,15,Male,Europe,PlayStation 5 Pro,GTA IV,5,TikTok,3,Dual protagonists (Jason & Lucia),6,2,Yes,70.0,53,No,No,Yes,Increased,Positive
R105537,28,Male,North America,Xbox Series X/S,GTA IV,10,Reddit,17,Better driving physics,10,4,Yes,83.0,35,Yes,No,No,Same,Very Positive
R105538,26,Male,Asia-Pacific,Xbox Series X/S,GTA IV,4,YouTube,2,Graphics & ray tracing,3,4,Maybe,44.0,4,Yes,Yes,Yes,Increased,Neutral/Cautious
R105539,37,Male,North America,PlayStation 5,GTA III,6,Reddit,13,Dual protagonists (Jason & Lucia),10,4,Yes,71.0,14,No,No,No,Increased,Very Positive
R105540,20,Female,Europe,PlayStation 5,GTA IV,13,Gaming news sites,4,Dual protagonists (Jason & Lucia),8,3,Yes,105.0,13,Yes,No,Yes,Same,Very Positive
R105541,24,Male,Asia-Pacific,PlayStation 5,GTA V,6,Reddit,9,Deeper character customization,8,5,No,73.0,13,Yes,No,No,Same,Very Positive
R105542,21,Prefer not to say,North America,PlayStation 5,GTA V,2,Reddit,8,Story & narrative depth,8,3,Yes,54.0,5,Yes,No,Yes,Increased,Very Positive
R105543,33,Female,Asia-Pacific,PC,GTA IV,2,TikTok,10,Dual protagonists (Jason & Lucia),7,5,No,60.0,12,Yes,No,No,Same,Positive
R105544,14,Female,North America,Xbox Series X/S,GTA IV,8,Official Rockstar trailer,10,Improved police/AI systems,10,3,Yes,79.0,6,No,Yes,No,Increased,Very Positive
R105545,42,Male,Europe,Xbox Series X/S,GTA IV,10,TikTok,4,Deeper character customization,3,4,No,52.0,6,No,Yes,No,Same,Neutral/Cautious
R105546,33,Male,North America,Xbox Series X/S,GTA San Andreas,6,YouTube,6,Open-world Vice City map,8,4,Maybe,64.0,8,No,Yes,No,Decreased,Very Positive
R105547,40,Male,North America,PC,GTA Vice City,13,Reddit,11,Deeper character customization,10,4,Yes,75.0,13,Yes,Yes,Yes,Increased,Very Positive
R105548,18,Female,Europe,PlayStation 5,GTA V,7,Reddit,7,Graphics & ray tracing,8,2,Yes,73.0,28,No,Yes,No,Decreased,Very Positive
R105549,15,Male,North America,PlayStation 5,GTA San Andreas,4,Official Rockstar trailer,10,Story & narrative depth,10,3,Yes,77.0,19,No,No,Yes,Increased,Very Positive
R105550,29,Male,North America,Xbox Series X/S,GTA V,5,Reddit,14,Online/multiplayer mode,10,5,Yes,93.0,31,Yes,No,No,Same,Very Positive
R105551,59,Non-binary,Europe,Xbox Series X/S,GTA V,13,YouTube,11,Improved police/AI systems,10,3,Yes,92.0,7,No,No,No,Increased,Very Positive
R105552,33,Male,North America,PlayStation 5,GTA V,1,YouTube,9,Map size & exploration,10,3,Yes,86.0,68,Yes,No,Yes,Increased,Very Positive
R105553,39,Male,Asia-Pacific,Xbox Series X/S,Red Dead Redemption 2,10,Reddit,7,Story & narrative depth,9,5,No,92.0,26,Yes,No,No,Increased,Very Positive
R105554,45,Male,Middle East,PlayStation 5,GTA V,8,Reddit,10,Story & narrative depth,9,3,No,74.0,6,Yes,Yes,Yes,Increased,Very Positive
R105555,23,Male,Europe,PlayStation 5 Pro,GTA V,2,X/Twitter,9,Online/multiplayer mode,10,4,Yes,90.0,8,Yes,No,Yes,Same,Very Positive
R105556,29,Male,Europe,PC,GTA V,6,X/Twitter,10,Open-world Vice City map,8,4,Yes,,15,Yes,Yes,Yes,Same,Very Positive
R105557,16,Male,Latin America,PlayStation 5,Red Dead Redemption 2,5,YouTube,12,Story & narrative depth,10,3,Yes,97.0,12,Yes,No,No,Increased,Very Positive
R105558,25,Male,Europe,PlayStation 5,GTA San Andreas,0,Reddit,14,Better driving physics,9,3,Maybe,69.0,16,Yes,Yes,No,Same,Very Positive
R105559,26,Male,Europe,PlayStation 5,GTA San Andreas,12,X/Twitter,5,Story & narrative depth,5,3,No,74.0,9,No,Yes,Yes,Increased,Positive
R105560,19,Female,Europe,PC,GTA V,8,YouTube,14,Graphics & ray tracing,10,3,Yes,59.0,36,Yes,No,No,Same,Very Positive
R105561,37,Female,North America,PC,Never played GTA,4,Reddit,15,Realistic economy & businesses,9,4,Yes,96.0,27,No,No,No,Same,Very Positive
R105562,28,Male,Latin America,PlayStation 5,GTA San Andreas,6,X/Twitter,11,Online/multiplayer mode,10,4,Yes,74.0,20,Yes,No,Yes,Increased,Very Positive
R105563,32,Male,North America,PC,GTA Vice City,7,Official Rockstar trailer,7,Open-world Vice City map,8,1,Yes,93.0,10,Yes,No,Yes,Increased,Very Positive
R105564,20,Male,Asia-Pacific,PC,GTA III,8,YouTube,9,Online/multiplayer mode,10,2,Yes,72.0,15,Yes,No,Yes,Increased,Very Positive
R105565,33,Male,Europe,Xbox Series X/S,GTA IV,2,YouTube,10,Dual protagonists (Jason & Lucia),8,4,No,75.0,16,Yes,Yes,Yes,Same,Very Positive
R105566,27,Female,North America,PlayStation 5,GTA V,12,Official Rockstar trailer,11,Online/multiplayer mode,9,3,Yes,77.0,20,No,No,No,Same,Very Positive
R105567,28,Female,Asia-Pacific,PC,GTA V,6,YouTube,6,Graphics & ray tracing,5,4,No,32.0,6,Yes,No,No,Same,Positive
R105568,29,Male,Europe,PlayStation 5,GTA V,8,YouTube,9,Map size & exploration,10,4,Yes,80.0,20,No,No,Yes,Same,Very Positive
R105569,28,Non-binary,North America,Xbox Series X/S,GTA San Andreas,4,Official Rockstar trailer,14,Open-world Vice City map,10,3,Yes,83.0,41,Yes,No,No,Increased,Very Positive
R105570,27,Male,North America,PlayStation 5,GTA San Andreas,11,TikTok,10,Open-world Vice City map,10,5,Yes,80.0,27,Yes,No,Yes,Same,Very Positive
R105571,50,Male,Europe,PlayStation 5,GTA San Andreas,6,TikTok,2,Better driving physics,4,5,No,47.0,1,Yes,No,No,Decreased,Neutral/Cautious
R105572,32,Male,Latin America,Xbox Series X/S,GTA San Andreas,6,YouTube,10,Story & narrative depth,10,2,Yes,92.0,29,Yes,No,Yes,Increased,Very Positive
R105573,40,Male,Asia-Pacific,PlayStation 5,Never played GTA,1,YouTube,2,Map size & exploration,5,4,Maybe,50.0,1,Yes,No,Yes,Increased,Positive
R105574,35,Male,North America,PlayStation 5,GTA V,7,Friends,7,Realistic economy & businesses,10,4,Yes,80.0,7,Yes,No,Yes,Decreased,Very Positive
R105575,29,Male,North America,PlayStation 5,GTA V,3,X/Twitter,7,Online/multiplayer mode,6,5,Maybe,64.0,5,No,Yes,Yes,Increased,Positive
R105576,35,,Africa,PlayStation 5,GTA V,5,Reddit,11,Deeper character customization,9,5,Yes,74.0,13,Yes,No,Yes,Same,Very Positive
R105577,23,Male,Europe,PC,GTA V,7,X/Twitter,7,Improved police/AI systems,8,4,Maybe,68.0,7,Yes,Yes,No,Increased,Very Positive
R105578,15,Female,North America,PC,GTA San Andreas,7,Reddit,7,Improved police/AI systems,10,4,Yes,76.0,14,No,No,Yes,Same,Very Positive
R105579,27,,North America,PC,GTA San Andreas,9,Official Rockstar trailer,6,Open-world Vice City map,7,4,Yes,71.0,5,Yes,No,Yes,Same,Positive
R105580,37,Male,Latin America,PC,GTA V,1,Official Rockstar trailer,6,Online/multiplayer mode,6,3,No,50.0,12,No,Yes,No,Increased,Positive
R105581,16,Male,North America,PC,GTA San Andreas,5,Reddit,9,Improved police/AI systems,7,4,No,87.0,3,Yes,Yes,No,Decreased,Positive
R105582,27,Female,Europe,PC,GTA San Andreas,11,YouTube,10,Open-world Vice City map,7,3,Yes,65.0,7,Yes,No,Yes,Same,Positive
R105583,25,Male,North America,PlayStation 5,GTA III,9,Official Rockstar trailer,11,Dual protagonists (Jason & Lucia),10,4,Yes,105.0,2,No,No,Yes,Decreased,Very Positive
R105584,36,Male,Asia-Pacific,PlayStation 5,Never played GTA,7,X/Twitter,8,Improved police/AI systems,4,4,Maybe,40.0,9,Yes,Yes,No,Same,Neutral/Cautious
R105585,33,Male,North America,PC,GTA V,6,Official Rockstar trailer,8,Story & narrative depth,10,3,Yes,73.0,15,Yes,Yes,No,Increased,Very Positive
R105586,23,Male,Africa,PlayStation 5,GTA V,8,YouTube,11,Story & narrative depth,10,5,Yes,92.0,7,Yes,Yes,No,Same,Very Positive
R105587,27,Male,Latin America,PlayStation 5,GTA San Andreas,7,YouTube,10,Dual protagonists (Jason & Lucia),10,4,Yes,83.0,34,Yes,No,Yes,Increased,Very Positive
R105588,22,Male,Asia-Pacific,PC,GTA V,8,Twitch,7,Deeper character customization,6,5,Yes,,12,Yes,Yes,No,Same,Positive
R105589,30,Male,Asia-Pacific,PC,GTA V,3,YouTube,7,Graphics & ray tracing,7,4,Maybe,74.0,11,Yes,No,Yes,Same,Positive
R105590,29,Male,North America,PlayStation 5,GTA V,7,TikTok,8,Story & narrative depth,9,5,Yes,88.0,10,No,No,No,Increased,Very Positive
R105591,34,Male,Latin America,PlayStation 5,GTA IV,9,X/Twitter,10,Open-world Vice City map,7,3,Maybe,44.0,11,Yes,No,Yes,Increased,Positive
R105592,23,Male,Asia-Pacific,PC,GTA V,12,TikTok,5,Open-world Vice City map,7,3,No,68.0,8,Yes,Yes,Yes,Increased,Positive
R105593,25,Female,North America,PlayStation 5,Red Dead Redemption 2,4,Twitch,5,Open-world Vice City map,4,5,No,63.0,3,Yes,Yes,Yes,Decreased,Neutral/Cautious
R105594,26,Male,North America,PlayStation 5,GTA Vice City,7,Official Rockstar trailer,9,Improved police/AI systems,8,3,Yes,,42,Yes,No,No,Increased,Very Positive
R105595,21,Non-binary,Asia-Pacific,PC,GTA IV,12,YouTube,8,Deeper character customization,8,5,Yes,76.0,13,Yes,No,Yes,Increased,Very Positive
R105596,30,Male,Africa,PlayStation 5,GTA IV,7,Official Rockstar trailer,10,Dual protagonists (Jason & Lucia),9,2,Yes,76.0,3,Yes,Yes,No,Same,Very Positive
R105597,22,Male,Europe,PC,GTA San Andreas,6,Official Rockstar trailer,9,Online/multiplayer mode,8,2,Yes,69.0,21,Yes,Yes,No,Same,Very Positive
R105598,13,Male,Asia-Pacific,PC,GTA V,6,Reddit,9,Dual protagonists (Jason & Lucia),8,5,Maybe,73.0,22,No,No,No,Same,Very Positive
R105599,13,Male,North America,PlayStation 5 Pro,GTA San Andreas,1,X/Twitter,6,Dual protagonists (Jason & Lucia),7,5,Yes,88.0,5,Yes,No,No,Same,Positive
R105600,24,Female,Europe,PlayStation 5,Red Dead Redemption 2,3,Reddit,5,Open-world Vice City map,8,1,Yes,68.0,7,No,Yes,No,Increased,Very Positive
R105601,15,Male,North America,PlayStation 5,GTA Vice City,7,X/Twitter,8,Realistic economy & businesses,9,3,Yes,76.0,25,No,No,No,Decreased,Very Positive
R105602,33,Female,North America,PlayStation 5,GTA V,6,YouTube,8,Online/multiplayer mode,7,4,Maybe,73.0,6,No,No,Yes,Increased,Positive
R105603,36,Female,Asia-Pacific,PlayStation 5,Never played GTA,4,YouTube,1,Story & narrative depth,4,4,No,76.0,39,No,No,No,Decreased,Neutral/Cautious
R105604,28,Male,Latin America,Xbox Series X/S,GTA V,5,X/Twitter,7,Deeper character customization,6,5,Yes,52.0,1,Yes,No,No,Same,Positive
R105605,27,Male,Latin America,PC,GTA San Andreas,5,YouTube,6,Improved police/AI systems,5,4,Yes,52.0,10,Yes,No,Yes,Same,Positive
R105606,30,Male,North America,PC,GTA V,5,YouTube,10,Dual protagonists (Jason & Lucia),8,3,Maybe,73.0,34,Yes,No,Yes,Increased,Very Positive
R105607,34,Non-binary,North America,PlayStation 5,GTA V,3,TikTok,10,Dual protagonists (Jason & Lucia),9,5,Maybe,73.0,20,No,No,No,Increased,Very Positive
R105608,34,Male,Europe,Xbox Series X/S,Never played GTA,0,Twitch,1,Map size & exploration,3,3,Maybe,37.0,6,Yes,No,Yes,Same,Neutral/Cautious
R105609,35,Male,Middle East,Xbox Series X/S,Never played GTA,7,TikTok,7,Online/multiplayer mode,7,3,Yes,56.0,17,Yes,No,No,Same,Positive
R105610,26,Male,North America,PlayStation 5,GTA San Andreas,10,X/Twitter,14,Improved police/AI systems,9,3,Yes,67.0,13,No,Yes,No,Same,Very Positive
R105611,27,Male,Middle East,Xbox Series X/S,GTA IV,10,Official Rockstar trailer,10,Story & narrative depth,7,3,Yes,58.0,8,No,Yes,Yes,Increased,Positive
R105612,33,Male,North America,Xbox Series X/S,GTA III,6,Official Rockstar trailer,10,Realistic economy & businesses,8,2,Yes,70.0,6,Yes,No,Yes,Increased,Very Positive
R105613,33,Male,Middle East,Xbox Series X/S,GTA IV,6,Official Rockstar trailer,7,Story & narrative depth,7,2,Yes,72.0,29,No,No,No,Increased,Positive
R105614,35,Male,Latin America,PC,Red Dead Redemption 2,3,TikTok,4,Dual protagonists (Jason & Lucia),6,4,Yes,52.0,22,Yes,Yes,No,Same,Positive
R105615,24,Male,Europe,Xbox Series X/S,GTA IV,6,YouTube,14,Open-world Vice City map,10,2,Yes,82.0,11,No,No,Yes,Same,Very Positive
R105616,24,Male,Asia-Pacific,PlayStation 5,GTA San Andreas,2,Reddit,10,Open-world Vice City map,8,3,Yes,84.0,4,No,No,Yes,Same,Very Positive
R105617,37,Female,Europe,Xbox Series X/S,GTA V,6,YouTube,9,Realistic economy & businesses,8,3,Yes,46.0,4,Yes,No,Yes,Same,Very Positive
R105618,24,Female,North America,Xbox Series X/S,GTA V,9,Official Rockstar trailer,14,Open-world Vice City map,9,5,No,94.0,22,Yes,Yes,No,Increased,Very Positive
R105619,29,Male,Middle East,PlayStation 5,Red Dead Redemption 2,5,Official Rockstar trailer,3,Story & narrative depth,5,3,Yes,29.0,21,Yes,Yes,Yes,Increased,Positive
R105620,18,Male,North America,Xbox Series X/S,GTA Vice City,9,Official Rockstar trailer,10,Open-world Vice City map,8,3,Maybe,82.0,8,Yes,Yes,Yes,Decreased,Very Positive
R105621,25,Male,North America,PlayStation 5 Pro,GTA V,8,Gaming news sites,16,Story & narrative depth,9,3,Yes,84.0,23,Yes,No,No,Increased,Very Positive
R105622,23,Male,Asia-Pacific,Xbox Series X/S,GTA San Andreas,5,YouTube,12,Dual protagonists (Jason & Lucia),9,3,Yes,71.0,11,Yes,No,Yes,Increased,Very Positive
R105623,27,Prefer not to say,Latin America,PlayStation 5,Red Dead Redemption 2,2,Reddit,5,Story & narrative depth,9,5,Yes,67.0,22,No,No,Yes,Increased,Very Positive
R105624,14,Female,North America,PlayStation 5,GTA V,7,Official Rockstar trailer,7,Open-world Vice City map,7,4,Maybe,46.0,34,No,No,No,Increased,Positive
R105625,15,Male,Asia-Pacific,Xbox Series X/S,GTA San Andreas,6,Official Rockstar trailer,7,Deeper character customization,7,4,Yes,68.0,26,No,Yes,No,Increased,Positive
R105626,23,Male,Asia-Pacific,Xbox Series X/S,Never played GTA,2,TikTok,8,Improved police/AI systems,6,4,Yes,42.0,27,No,No,Yes,Increased,Positive
R105627,37,Male,Asia-Pacific,PlayStation 5,GTA V,11,TikTok,10,Map size & exploration,5,4,Maybe,39.0,17,No,No,Yes,Increased,Positive
R105628,24,Male,Asia-Pacific,Xbox Series X/S,GTA Vice City,7,Official Rockstar trailer,12,Realistic economy & businesses,5,5,No,45.0,8,Yes,Yes,Yes,Increased,Positive
R105629,20,Male,Asia-Pacific,Xbox Series X/S,GTA V,6,X/Twitter,9,Open-world Vice City map,9,3,No,66.0,9,Yes,No,No,Increased,Very Positive
R105630,25,Male,Asia-Pacific,PlayStation 5,GTA V,3,Twitch,9,Better driving physics,9,3,Yes,78.0,41,Yes,No,No,Increased,Very Positive
R105631,30,Male,Asia-Pacific,Xbox Series X/S,GTA V,4,YouTube,7,Open-world Vice City map,9,4,Maybe,65.0,12,Yes,Yes,Yes,Same,Very Positive
R105632,29,Female,North America,PC,GTA IV,10,TikTok,12,Better driving physics,9,2,Yes,85.0,17,No,No,Yes,Increased,Very Positive
R105633,36,Male,Asia-Pacific,Xbox Series X/S,GTA San Andreas,4,TikTok,11,Realistic economy & businesses,9,3,Yes,86.0,2,Yes,Yes,No,Same,Very Positive
R105634,36,Male,Asia-Pacific,PC,GTA San Andreas,8,Official Rockstar trailer,10,Better driving physics,10,1,No,79.0,13,No,No,No,Decreased,Very Positive
R105635,32,Male,North America,PC,Red Dead Redemption 2,9,TikTok,6,Realistic economy & businesses,6,3,No,49.0,19,No,No,Yes,Same,Positive
R105636,25,Male,North America,PlayStation 5 Pro,Never played GTA,6,Official Rockstar trailer,3,Open-world Vice City map,5,3,No,38.0,19,Yes,No,Yes,Increased,Positive
R105637,15,Male,Europe,PlayStation 5,GTA V,5,Official Rockstar trailer,9,Open-world Vice City map,8,3,Maybe,51.0,15,No,No,Yes,Same,Very Positive
R105638,25,Male,North America,Xbox Series X/S,GTA V,8,Friends,6,Online/multiplayer mode,5,2,No,48.0,18,Yes,No,Yes,Increased,Positive
R105639,25,Male,Europe,PlayStation 5,GTA San Andreas,8,YouTube,10,Online/multiplayer mode,8,3,Yes,70.0,14,Yes,No,No,Increased,Very Positive
R105640,21,Male,North America,PC,GTA V,8,X/Twitter,11,Better driving physics,10,4,Yes,86.0,13,No,No,Yes,Same,Very Positive
R105641,28,Male,Europe,PlayStation 5,GTA V,10,Gaming news sites,9,Graphics & ray tracing,7,5,Maybe,73.0,9,No,No,Yes,Increased,Positive
R105642,30,Prefer not to say,North America,PlayStation 5,GTA V,6,Official Rockstar trailer,9,Open-world Vice City map,5,4,Yes,59.0,9,No,No,Yes,Increased,Positive
R105643,43,Non-binary,North America,Xbox Series X/S,GTA V,4,Official Rockstar trailer,10,Online/multiplayer mode,10,5,Yes,91.0,20,No,No,Yes,Same,Very Positive
R105644,34,Male,Asia-Pacific,PC,GTA V,2,Reddit,14,Deeper character customization,10,5,Maybe,108.0,6,No,No,Yes,Increased,Very Positive
R105645,28,Male,North America,PC,GTA III,5,TikTok,12,Open-world Vice City map,9,3,Yes,89.0,25,No,Yes,No,Decreased,Very Positive
R105646,34,Male,Middle East,Xbox Series X/S,GTA San Andreas,6,Official Rockstar trailer,6,Graphics & ray tracing,8,3,Yes,73.0,7,Yes,No,Yes,Increased,Very Positive
R105647,24,Male,Europe,PlayStation 5,GTA V,7,YouTube,9,Better driving physics,10,5,Yes,84.0,12,Yes,No,No,Increased,Very Positive
R105648,40,Male,North America,PlayStation 5,GTA V,7,Official Rockstar trailer,11,Story & narrative depth,7,3,No,62.0,25,Yes,No,No,Decreased,Positive
R105649,34,Male,Europe,PC,Red Dead Redemption 2,5,Friends,7,Map size & exploration,8,3,No,63.0,19,No,Yes,No,Same,Very Positive
R105650,33,Male,Latin America,PC,GTA V,9,Official Rockstar trailer,7,Online/multiplayer mode,8,5,No,87.0,15,Yes,No,Yes,Increased,Very Positive
R105651,27,Male,Latin America,PlayStation 5 Pro,Red Dead Redemption 2,9,Friends,7,Better driving physics,9,3,Yes,92.0,13,Yes,No,Yes,Increased,Very Positive
R105652,27,Female,Asia-Pacific,Xbox Series X/S,GTA V,2,Official Rockstar trailer,16,Story & narrative depth,10,5,Maybe,89.0,13,Yes,No,Yes,Increased,Very Positive
R105653,20,Male,Asia-Pacific,PC,GTA San Andreas,8,Twitch,10,Map size & exploration,10,4,Yes,79.0,7,Yes,No,Yes,Increased,Very Positive
R105654,23,Female,Middle East,PlayStation 5,GTA V,5,X/Twitter,9,Deeper character customization,10,5,Yes,94.0,8,No,No,No,Increased,Very Positive
R105655,20,Male,Europe,Xbox Series X/S,GTA V,3,YouTube,13,Online/multiplayer mode,7,5,Yes,80.0,33,Yes,No,No,Same,Positive
R105656,37,Male,North America,PC,Red Dead Redemption 2,4,Twitch,6,Graphics & ray tracing,8,3,Maybe,74.0,4,Yes,No,Yes,Same,Very Positive
R105657,25,Non-binary,North America,PlayStation 5,GTA San Andreas,2,Twitch,7,Online/multiplayer mode,7,3,No,67.0,24,Yes,No,No,Increased,Positive
R105658,35,Female,Europe,PlayStation 5,GTA IV,2,Official Rockstar trailer,7,Online/multiplayer mode,10,4,Yes,95.0,9,Yes,No,No,Same,Very Positive
R105659,31,Male,Asia-Pacific,PlayStation 5,Red Dead Redemption 2,9,TikTok,9,Online/multiplayer mode,7,3,Yes,57.0,27,Yes,Yes,No,Increased,Positive
R105660,39,Female,Middle East,PlayStation 5 Pro,GTA IV,3,Gaming news sites,8,Online/multiplayer mode,9,4,Yes,81.0,6,Yes,No,No,Increased,Very Positive
R105661,30,Male,Asia-Pacific,PlayStation 5,GTA V,4,TikTok,7,Story & narrative depth,7,5,No,62.0,6,No,Yes,Yes,Increased,Positive
R105662,31,Male,North America,PC,GTA V,11,YouTube,13,Realistic economy & businesses,10,5,Yes,75.0,53,Yes,Yes,No,Increased,Very Positive
R105663,18,Male,North America,Xbox Series X/S,GTA V,9,Official Rockstar trailer,14,Realistic economy & businesses,9,2,Maybe,52.0,3,Yes,No,No,Increased,Very Positive
R105664,25,Male,Asia-Pacific,PlayStation 5,Red Dead Redemption 2,10,YouTube,10,Open-world Vice City map,6,5,Yes,62.0,13,Yes,No,No,Increased,Positive
R105665,13,Female,North America,PlayStation 5,GTA V,3,Gaming news sites,13,Dual protagonists (Jason & Lucia),9,3,Yes,85.0,2,Yes,No,Yes,Increased,Very Positive
R105666,27,Male,Asia-Pacific,PlayStation 5,GTA V,5,YouTube,16,Improved police/AI systems,10,2,Yes,109.0,5,Yes,No,Yes,Same,Very Positive
R105667,36,Male,Europe,Undecided,GTA V,5,Reddit,12,Map size & exploration,10,5,Yes,101.0,27,No,No,Yes,Increased,Very Positive
R105668,20,Female,Europe,PC,GTA V,1,Gaming news sites,14,Realistic economy & businesses,10,3,Yes,77.0,22,No,No,No,Decreased,Very Positive
R105669,25,Male,Europe,PC,GTA San Andreas,10,Official Rockstar trailer,11,Online/multiplayer mode,8,2,Yes,79.0,47,Yes,No,Yes,Increased,Very Positive
R105670,23,Female,Asia-Pacific,PlayStation 5,GTA IV,4,TikTok,8,Open-world Vice City map,8,2,Maybe,89.0,11,Yes,No,Yes,Same,Very Positive
R105671,23,Male,North America,PC,GTA San Andreas,9,Friends,12,Open-world Vice City map,10,4,Yes,77.0,28,Yes,No,No,Increased,Very Positive
R105672,27,Male,Latin America,PlayStation 5 Pro,GTA V,0,TikTok,6,Story & narrative depth,7,4,No,83.0,6,Yes,No,No,Same,Positive
R105673,26,Female,Asia-Pacific,PlayStation 5,GTA V,6,Friends,3,Open-world Vice City map,5,3,No,54.0,20,Yes,Yes,No,Same,Positive
R105674,28,Female,Latin America,Xbox Series X/S,Red Dead Redemption 2,5,Official Rockstar trailer,10,Open-world Vice City map,6,3,No,70.0,15,Yes,No,Yes,Increased,Positive
R105675,13,Male,Europe,PC,GTA V,9,X/Twitter,13,Improved police/AI systems,8,3,Maybe,74.0,7,Yes,No,Yes,Increased,Very Positive
R105676,27,,Europe,PlayStation 5,GTA V,5,TikTok,9,Open-world Vice City map,10,5,Yes,92.0,33,Yes,No,No,Same,Very Positive
R105677,31,Female,Europe,Xbox Series X/S,GTA IV,13,Reddit,7,Map size & exploration,6,2,Maybe,64.0,26,Yes,No,Yes,Same,Positive
R105678,32,,North America,PlayStation 5,GTA III,6,Gaming news sites,12,Story & narrative depth,9,3,Yes,75.0,19,Yes,No,No,Same,Very Positive
R105679,23,Male,North America,PlayStation 5,GTA V,0,X/Twitter,4,Improved police/AI systems,8,4,Yes,92.0,4,Yes,No,No,Same,Very Positive
R105680,21,Prefer not to say,North America,PlayStation 5,GTA V,4,Twitch,12,Graphics & ray tracing,9,5,Yes,75.0,6,No,No,Yes,Same,Very Positive
R105681,23,Female,Latin America,PC,GTA V,4,Friends,0,Deeper character customization,3,5,No,28.0,3,Yes,No,No,Increased,Neutral/Cautious
R105682,18,Female,Latin America,PC,GTA San Andreas,5,X/Twitter,8,Online/multiplayer mode,9,4,No,73.0,38,Yes,Yes,Yes,Decreased,Very Positive
R105683,18,Male,Middle East,PC,GTA IV,5,Gaming news sites,7,Dual protagonists (Jason & Lucia),9,2,No,109.0,14,No,No,Yes,Decreased,Very Positive
R105684,21,Male,Asia-Pacific,PlayStation 5,GTA San Andreas,6,TikTok,7,Open-world Vice City map,8,1,Yes,103.0,2,Yes,No,Yes,Increased,Very Positive
R105685,29,Male,North America,PC,Never played GTA,7,TikTok,8,Open-world Vice City map,1,2,No,24.0,21,No,No,Yes,Decreased,Neutral/Cautious
R105686,13,Non-binary,North America,PlayStation 5,GTA V,7,YouTube,14,Improved police/AI systems,9,3,Yes,54.0,13,Yes,No,No,Decreased,Very Positive
R105687,35,Female,North America,PlayStation 5 Pro,GTA San Andreas,3,YouTube,11,Realistic economy & businesses,6,5,No,63.0,4,Yes,Yes,No,Decreased,Positive
R105688,37,Male,Latin America,PC,GTA San Andreas,6,YouTube,4,Open-world Vice City map,3,5,Yes,48.0,27,Yes,Yes,Yes,Increased,Neutral/Cautious
R105689,33,Male,Europe,PC,Red Dead Redemption 2,5,Reddit,11,Story & narrative depth,9,3,Yes,99.0,12,No,No,Yes,Increased,Very Positive
R105690,13,Male,Europe,Xbox Series X/S,GTA San Andreas,3,YouTube,7,Dual protagonists (Jason & Lucia),9,3,Yes,75.0,9,Yes,Yes,Yes,Decreased,Very Positive
R105691,16,Male,Latin America,PlayStation 5,GTA V,8,X/Twitter,15,Open-world Vice City map,10,4,Yes,82.0,6,No,No,Yes,Same,Very Positive
R105692,30,Male,Europe,PlayStation 5,GTA Vice City,5,YouTube,9,Dual protagonists (Jason & Lucia),7,4,Yes,65.0,5,Yes,No,Yes,Increased,Positive
R105693,28,Female,Africa,Xbox Series X/S,GTA V,0,YouTube,8,Dual protagonists (Jason & Lucia),7,3,Yes,51.0,6,Yes,No,Yes,Same,Positive
R105694,20,Prefer not to say,North America,PlayStation 5,GTA San Andreas,5,Official Rockstar trailer,11,Open-world Vice City map,10,3,Yes,94.0,16,No,No,Yes,Same,Very Positive
R105695,39,Male,Asia-Pacific,Xbox Series X/S,GTA San Andreas,10,Reddit,11,Story & narrative depth,10,3,Yes,65.0,30,Yes,No,Yes,Same,Very Positive
R105696,22,Male,Middle East,PC,GTA San Andreas,3,Official Rockstar trailer,12,Open-world Vice City map,5,4,Yes,76.0,8,Yes,No,Yes,Increased,Positive
R105697,19,Female,North America,PlayStation 5,GTA San Andreas,9,YouTube,11,Online/multiplayer mode,10,3,Yes,82.0,18,No,No,Yes,Same,Very Positive
R105698,25,Female,Europe,PlayStation 5,Never played GTA,2,Gaming news sites,7,Better driving physics,7,5,No,61.0,14,Yes,No,Yes,Increased,Positive
R105699,32,Female,Latin America,PC,GTA V,8,Twitch,13,Dual protagonists (Jason & Lucia),10,3,Yes,83.0,35,Yes,No,Yes,Increased,Very Positive
R105700,17,Male,Europe,PlayStation 5,GTA V,8,X/Twitter,11,Graphics & ray tracing,10,4,Yes,95.0,14,No,No,Yes,Same,Very Positive
R105701,25,Male,North America,PC,GTA V,10,YouTube,10,Open-world Vice City map,9,5,Yes,81.0,32,Yes,No,No,Same,Very Positive
R105702,39,Male,North America,PlayStation 5 Pro,GTA San Andreas,10,Friends,9,Realistic economy & businesses,7,5,Maybe,87.0,29,Yes,Yes,Yes,Increased,Positive
R105703,33,Male,North America,PlayStation 5,GTA V,6,Reddit,8,Story & narrative depth,7,5,Maybe,64.0,13,No,Yes,Yes,Same,Positive
R105704,25,Male,Middle East,PlayStation 5,Red Dead Redemption 2,13,Official Rockstar trailer,6,Better driving physics,7,2,Yes,81.0,10,Yes,No,Yes,Increased,Positive
R105705,30,Male,Latin America,Xbox Series X/S,GTA V,3,X/Twitter,14,Open-world Vice City map,9,4,Yes,64.0,19,No,No,Yes,Increased,Very Positive
R105706,32,Male,Europe,PlayStation 5,GTA V,7,TikTok,11,Graphics & ray tracing,8,5,Yes,108.0,25,No,Yes,No,Increased,Very Positive
R105707,20,Female,North America,PlayStation 5,GTA V,4,Official Rockstar trailer,11,Online/multiplayer mode,9,5,Yes,68.0,41,Yes,No,No,Increased,Very Positive
R105708,27,Male,Africa,PC,GTA Vice City,4,YouTube,3,Improved police/AI systems,6,2,Maybe,74.0,15,Yes,No,Yes,Increased,Positive
R105709,29,Male,North America,PlayStation 5,GTA San Andreas,10,Reddit,12,Better driving physics,10,3,Yes,79.0,7,No,No,Yes,Increased,Very Positive
R105710,24,Male,Latin America,PlayStation 5,GTA V,7,Gaming news sites,11,Realistic economy & businesses,8,4,Yes,63.0,20,No,No,Yes,Same,Very Positive
R105711,20,Male,Europe,Xbox Series X/S,GTA V,6,YouTube,8,Dual protagonists (Jason & Lucia),7,4,Yes,89.0,23,Yes,No,Yes,Increased,Positive
R105712,37,Male,Europe,PlayStation 5 Pro,GTA San Andreas,3,YouTube,4,Dual protagonists (Jason & Lucia),5,2,Maybe,64.0,10,No,No,Yes,Decreased,Positive
R105713,16,Female,Middle East,PlayStation 5,GTA San Andreas,7,X/Twitter,6,Open-world Vice City map,6,4,No,65.0,30,No,No,Yes,Decreased,Positive
R105714,26,Male,North America,Undecided,GTA V,13,TikTok,3,Map size & exploration,5,5,No,80.0,4,Yes,No,No,Increased,Positive
R105715,15,Male,Europe,PlayStation 5,GTA San Andreas,6,YouTube,15,Deeper character customization,10,3,Yes,104.0,13,Yes,No,No,Same,Very Positive
R105716,34,Male,North America,PC,GTA IV,5,Official Rockstar trailer,4,Deeper character customization,4,4,Maybe,43.0,17,Yes,Yes,No,Increased,Neutral/Cautious
R105717,19,Female,Asia-Pacific,PC,GTA V,7,Official Rockstar trailer,10,Improved police/AI systems,7,3,Yes,,27,Yes,No,No,Same,Positive
R105718,29,Male,Europe,PlayStation 5 Pro,GTA San Andreas,7,YouTube,15,Improved police/AI systems,9,2,Maybe,77.0,13,Yes,No,No,Increased,Very Positive
R105719,25,Male,North America,PC,GTA San Andreas,3,TikTok,6,Graphics & ray tracing,8,3,Maybe,75.0,27,No,No,Yes,Decreased,Very Positive
R105720,27,Male,North America,PlayStation 5,GTA V,11,Official Rockstar trailer,9,Map size & exploration,6,4,Yes,75.0,17,Yes,Yes,No,Increased,Positive
R105721,13,Female,North America,PlayStation 5,Never played GTA,9,X/Twitter,5,Dual protagonists (Jason & Lucia),4,4,No,67.0,9,Yes,Yes,No,Same,Neutral/Cautious
R105722,33,Male,North America,PC,GTA V,9,TikTok,8,Open-world Vice City map,9,3,Yes,75.0,12,Yes,No,Yes,Increased,Very Positive
R105723,19,Male,Europe,Undecided,GTA IV,10,Gaming news sites,5,Open-world Vice City map,8,3,Yes,61.0,5,Yes,No,No,Same,Very Positive
R105724,32,Male,Middle East,PlayStation 5,GTA IV,7,TikTok,5,Graphics & ray tracing,7,2,Yes,63.0,4,Yes,No,No,Decreased,Positive
R105725,29,Female,North America,PlayStation 5,GTA San Andreas,5,YouTube,8,Online/multiplayer mode,8,3,Yes,71.0,12,Yes,No,No,Same,Very Positive
R105726,16,Prefer not to say,North America,Xbox Series X/S,GTA IV,7,YouTube,4,Open-world Vice City map,7,3,No,72.0,5,No,Yes,No,Increased,Positive
R105727,29,Male,Europe,Xbox Series X/S,Red Dead Redemption 2,5,X/Twitter,11,Realistic economy & businesses,8,4,Yes,66.0,13,Yes,No,Yes,Increased,Very Positive
R105728,25,Female,North America,PlayStation 5,GTA V,10,X/Twitter,13,Dual protagonists (Jason & Lucia),10,4,Yes,78.0,17,No,No,Yes,Increased,Very Positive
R105729,24,Non-binary,Asia-Pacific,PlayStation 5,GTA V,4,Official Rockstar trailer,8,Dual protagonists (Jason & Lucia),6,4,Yes,72.0,16,No,No,Yes,Increased,Positive
R105730,20,Prefer not to say,Europe,PlayStation 5,GTA V,5,X/Twitter,11,Dual protagonists (Jason & Lucia),10,4,Yes,104.0,14,Yes,Yes,Yes,Increased,Very Positive
R105731,22,Female,Asia-Pacific,PlayStation 5,GTA V,5,Official Rockstar trailer,11,Map size & exploration,8,2,Yes,61.0,39,Yes,No,No,Increased,Very Positive
R105732,16,Male,Europe,PlayStation 5,GTA San Andreas,7,Official Rockstar trailer,7,Story & narrative depth,10,4,No,,44,Yes,No,No,Increased,Very Positive
R105733,17,Male,Europe,Xbox Series X/S,GTA V,5,Reddit,7,Improved police/AI systems,7,5,Yes,66.0,18,Yes,Yes,No,Increased,Positive
R105734,22,Male,Africa,Undecided,GTA V,7,YouTube,12,Story & narrative depth,7,5,Yes,80.0,16,Yes,No,Yes,Increased,Positive
R105735,30,Male,Europe,PlayStation 5 Pro,GTA IV,7,Reddit,10,Open-world Vice City map,9,4,Maybe,79.0,19,Yes,No,No,Increased,Very Positive
R105736,30,Male,Latin America,PlayStation 5,GTA V,5,Gaming news sites,14,Map size & exploration,9,4,Yes,82.0,6,Yes,No,Yes,Increased,Very Positive
R105737,30,Male,Africa,PC,GTA Vice City,3,Official Rockstar trailer,10,Graphics & ray tracing,10,3,Yes,87.0,23,Yes,No,No,Decreased,Very Positive
R105738,25,Non-binary,North America,PC,GTA V,4,X/Twitter,4,Open-world Vice City map,8,3,Yes,66.0,11,No,No,Yes,Same,Very Positive
R105739,23,Male,Europe,PC,GTA V,4,YouTube,5,Dual protagonists (Jason & Lucia),9,3,No,86.0,15,No,No,No,Same,Very Positive
R105740,22,Male,Europe,PlayStation 5,Red Dead Redemption 2,2,TikTok,8,Dual protagonists (Jason & Lucia),7,5,No,51.0,12,No,No,Yes,Increased,Positive
R105741,18,Male,North America,PlayStation 5 Pro,GTA San Andreas,13,Gaming news sites,10,Story & narrative depth,6,3,Yes,46.0,12,Yes,Yes,No,Same,Positive
R105742,22,Male,North America,PC,GTA San Andreas,9,TikTok,6,Graphics & ray tracing,5,4,Maybe,44.0,17,Yes,No,Yes,Increased,Positive
R105743,24,Male,Europe,Xbox Series X/S,GTA Vice City,11,Official Rockstar trailer,12,Realistic economy & businesses,6,3,Maybe,43.0,8,Yes,Yes,Yes,Same,Positive
R105744,21,Male,Europe,PC,GTA V,1,TikTok,8,Deeper character customization,8,5,Yes,67.0,50,No,No,Yes,Increased,Very Positive
R105745,38,Male,Europe,PlayStation 5,GTA San Andreas,7,Official Rockstar trailer,11,Realistic economy & businesses,9,3,Yes,79.0,17,Yes,Yes,No,Same,Very Positive
R105746,18,Female,Middle East,PlayStation 5,GTA IV,6,X/Twitter,7,Story & narrative depth,5,4,Maybe,65.0,12,Yes,No,Yes,Same,Positive
R105747,32,Male,North America,Xbox Series X/S,GTA V,11,Official Rockstar trailer,9,Map size & exploration,9,3,Yes,88.0,12,Yes,No,Yes,Increased,Very Positive
R105748,30,Male,Europe,Xbox Series X/S,GTA V,5,YouTube,9,Realistic economy & businesses,6,5,Maybe,37.0,6,No,Yes,Yes,Same,Positive
R105749,29,Male,North America,PC,GTA V,6,YouTube,13,Dual protagonists (Jason & Lucia),7,5,No,53.0,15,Yes,Yes,Yes,Increased,Positive
R105750,13,,Latin America,PC,GTA IV,11,YouTube,8,Graphics & ray tracing,6,5,Maybe,69.0,9,Yes,No,Yes,Same,Positive
R105751,25,Female,North America,PC,GTA Vice City,8,Official Rockstar trailer,7,Deeper character customization,6,4,No,60.0,3,No,Yes,Yes,Increased,Positive
R105752,34,Male,Middle East,PlayStation 5 Pro,GTA III,0,Reddit,10,Open-world Vice City map,10,4,Yes,85.0,16,Yes,No,No,Same,Very Positive
R105753,13,Male,Asia-Pacific,PC,GTA V,3,Official Rockstar trailer,6,Online/multiplayer mode,8,4,Yes,86.0,21,Yes,Yes,Yes,Increased,Very Positive
R105754,23,Male,Europe,PlayStation 5,GTA San Andreas,8,YouTube,2,Improved police/AI systems,4,5,Maybe,57.0,4,No,No,Yes,Increased,Neutral/Cautious
R105755,21,Male,Europe,PlayStation 5,Never played GTA,4,Official Rockstar trailer,5,Dual protagonists (Jason & Lucia),4,4,Maybe,55.0,9,Yes,Yes,Yes,Same,Neutral/Cautious
R105756,13,Male,Europe,PlayStation 5,GTA V,2,YouTube,14,Dual protagonists (Jason & Lucia),10,4,Yes,89.0,16,No,No,Yes,Increased,Very Positive
R105757,26,Male,Asia-Pacific,Xbox Series X/S,GTA V,5,TikTok,5,Online/multiplayer mode,6,4,Maybe,35.0,5,Yes,Yes,No,Same,Positive
R105758,27,Female,Asia-Pacific,Undecided,GTA V,4,Official Rockstar trailer,13,Story & narrative depth,10,3,Yes,97.0,17,No,No,No,Increased,Very Positive
R105759,41,Female,Europe,PlayStation 5,GTA Vice City,8,YouTube,7,Deeper character customization,5,3,No,59.0,5,Yes,Yes,No,Increased,Positive
R105760,29,Male,Asia-Pacific,PlayStation 5,GTA V,6,Friends,8,Realistic economy & businesses,6,5,No,62.0,4,Yes,Yes,Yes,Same,Positive
R105761,29,Male,Europe,Xbox Series X/S,GTA V,5,YouTube,8,Dual protagonists (Jason & Lucia),7,5,Maybe,73.0,14,Yes,Yes,No,Decreased,Positive
R105762,34,Male,Latin America,PlayStation 5,GTA IV,2,TikTok,3,Open-world Vice City map,5,4,No,55.0,18,Yes,Yes,No,Increased,Positive
R105763,26,Male,Europe,PlayStation 5 Pro,GTA V,4,YouTube,13,Map size & exploration,10,4,Maybe,100.0,22,No,No,No,Increased,Very Positive
R105764,27,Male,Asia-Pacific,Xbox Series X/S,GTA Vice City,1,Official Rockstar trailer,15,Deeper character customization,9,2,Yes,90.0,32,Yes,No,Yes,Increased,Very Positive
R105765,25,Male,Latin America,PC,GTA V,6,YouTube,13,Open-world Vice City map,8,3,Maybe,66.0,31,No,Yes,No,Increased,Very Positive
R105766,13,Male,North America,PlayStation 5,GTA San Andreas,8,Official Rockstar trailer,12,Graphics & ray tracing,10,3,Yes,95.0,40,Yes,Yes,No,Increased,Very Positive
R105767,45,Female,Asia-Pacific,Xbox Series X/S,GTA V,6,Twitch,12,Dual protagonists (Jason & Lucia),8,4,Yes,64.0,14,Yes,No,Yes,Increased,Very Positive
R105768,27,Male,North America,PlayStation 5,Never played GTA,4,Official Rockstar trailer,8,Dual protagonists (Jason & Lucia),6,4,No,52.0,23,No,No,No,Increased,Positive
R105769,22,Male,Latin America,PlayStation 5,GTA V,3,Reddit,3,Deeper character customization,3,1,Maybe,36.0,23,Yes,Yes,Yes,Same,Neutral/Cautious
R105770,28,Male,Europe,Xbox Series X/S,GTA V,4,TikTok,8,Dual protagonists (Jason & Lucia),10,4,Yes,79.0,22,No,No,No,Increased,Very Positive
R105771,19,Male,Europe,Xbox Series X/S,GTA San Andreas,0,Reddit,5,Better driving physics,7,4,Yes,77.0,20,Yes,No,No,Increased,Positive
R105772,25,Non-binary,Europe,PlayStation 5,GTA Vice City,5,Reddit,10,Improved police/AI systems,10,5,Yes,89.0,6,No,No,No,Increased,Very Positive
R105773,19,Male,North America,PC,GTA V,8,Twitch,12,Story & narrative depth,8,4,Yes,68.0,19,No,No,No,Increased,Very Positive
R105774,17,Male,Latin America,Xbox Series X/S,GTA San Andreas,3,YouTube,15,Open-world Vice City map,10,4,Yes,87.0,26,Yes,No,No,Same,Very Positive
R105775,13,Male,Latin America,Xbox Series X/S,GTA San Andreas,7,YouTube,8,Map size & exploration,7,5,Yes,80.0,13,Yes,No,Yes,Increased,Positive
R105776,23,Male,Latin America,PC,GTA San Andreas,7,YouTube,8,Better driving physics,8,4,Yes,57.0,18,Yes,No,Yes,Increased,Very Positive
R105777,22,Male,North America,PC,GTA Vice City,13,TikTok,11,Realistic economy & businesses,6,4,No,64.0,14,Yes,No,Yes,Decreased,Positive
R105778,20,Male,Africa,PlayStation 5,GTA IV,3,Official Rockstar trailer,15,Better driving physics,8,3,Yes,80.0,16,No,Yes,Yes,Decreased,Very Positive
R105779,28,Male,North America,PlayStation 5,GTA San Andreas,6,TikTok,8,Dual protagonists (Jason & Lucia),7,2,No,70.0,11,No,No,Yes,Increased,Positive
R105780,37,Male,Asia-Pacific,PC,GTA V,2,Twitch,11,Better driving physics,9,5,Yes,56.0,6,Yes,Yes,Yes,Increased,Very Positive
R105781,25,Male,North America,PlayStation 5 Pro,GTA IV,11,Official Rockstar trailer,2,Dual protagonists (Jason & Lucia),4,4,Maybe,62.0,18,Yes,No,Yes,Same,Neutral/Cautious
R105782,25,Female,North America,PlayStation 5,GTA IV,8,Friends,15,Improved police/AI systems,10,2,Yes,71.0,19,Yes,No,Yes,Increased,Very Positive
R105783,22,Prefer not to say,Latin America,PlayStation 5,GTA Vice City,4,Official Rockstar trailer,7,Story & narrative depth,9,5,Yes,,14,Yes,No,No,Same,Very Positive
R105784,41,Male,Asia-Pacific,PlayStation 5,GTA V,8,YouTube,8,Improved police/AI systems,5,3,No,55.0,13,No,Yes,Yes,Same,Positive
R105785,27,Male,Asia-Pacific,PlayStation 5 Pro,GTA III,6,Friends,8,Dual protagonists (Jason & Lucia),7,3,Maybe,82.0,9,Yes,No,Yes,Increased,Positive
R105786,28,Male,North America,PC,GTA III,7,YouTube,6,Open-world Vice City map,6,2,No,59.0,21,Yes,No,Yes,Increased,Positive
R105787,22,Male,North America,Xbox Series X/S,GTA Vice City,4,Official Rockstar trailer,8,Realistic economy & businesses,7,3,Yes,60.0,33,No,No,No,Increased,Positive
R105788,29,Male,Africa,PlayStation 5,GTA San Andreas,8,Reddit,12,Better driving physics,8,4,Maybe,56.0,11,No,Yes,No,Increased,Very Positive
R105789,15,Male,Asia-Pacific,PlayStation 5,GTA San Andreas,3,Official Rockstar trailer,9,Graphics & ray tracing,9,4,Maybe,77.0,12,No,Yes,Yes,Decreased,Very Positive
R105790,25,Male,North America,PlayStation 5,Never played GTA,2,Official Rockstar trailer,8,Dual protagonists (Jason & Lucia),6,3,Maybe,68.0,13,No,No,Yes,Same,Positive
R105791,38,Male,Middle East,PC,GTA San Andreas,3,TikTok,10,Dual protagonists (Jason & Lucia),8,4,Maybe,67.0,16,No,Yes,Yes,Decreased,Very Positive
R105792,14,Non-binary,Asia-Pacific,PlayStation 5,GTA V,9,YouTube,9,Dual protagonists (Jason & Lucia),10,5,Yes,75.0,1,Yes,No,Yes,Same,Very Positive
R105793,13,Male,North America,PlayStation 5,GTA Vice City,7,YouTube,8,Online/multiplayer mode,9,3,Maybe,100.0,48,Yes,No,No,Increased,Very Positive
R105794,23,Male,Europe,PlayStation 5 Pro,GTA San Andreas,1,Gaming news sites,6,Story & narrative depth,5,3,Maybe,66.0,31,No,No,No,Increased,Positive
R105795,27,Male,Latin America,PC,GTA San Andreas,6,Official Rockstar trailer,10,Realistic economy & businesses,9,5,Yes,75.0,13,Yes,No,No,Increased,Very Positive
R105796,17,Male,North America,PlayStation 5 Pro,Red Dead Redemption 2,7,YouTube,8,Online/multiplayer mode,7,4,Yes,77.0,26,Yes,No,No,Decreased,Positive
R105797,26,Male,Latin America,PlayStation 5,GTA V,3,X/Twitter,12,Online/multiplayer mode,8,2,Yes,86.0,12,Yes,No,Yes,Increased,Very Positive
R105798,30,Female,North America,Undecided,GTA V,6,YouTube,4,Story & narrative depth,3,4,No,41.0,4,Yes,No,Yes,Same,Neutral/Cautious
R105799,21,Male,Asia-Pacific,PC,GTA V,5,Reddit,8,Graphics & ray tracing,9,3,Yes,96.0,6,Yes,No,Yes,Decreased,Very Positive
R105800,39,Male,North America,PC,GTA V,4,Official Rockstar trailer,4,Map size & exploration,8,4,Yes,86.0,25,Yes,No,No,Same,Very Positive
R105801,35,Male,Asia-Pacific,Xbox Series X/S,GTA San Andreas,3,YouTube,14,Graphics & ray tracing,8,3,Yes,104.0,12,No,No,No,Increased,Very Positive
R105802,24,Male,Asia-Pacific,Undecided,GTA V,4,X/Twitter,10,Open-world Vice City map,10,4,Yes,65.0,5,Yes,Yes,No,Increased,Very Positive
R105803,13,Male,Asia-Pacific,PlayStation 5,GTA Vice City,9,Friends,10,Graphics & ray tracing,8,2,Yes,63.0,7,No,Yes,No,Increased,Very Positive
R105804,35,Male,North America,Xbox Series X/S,GTA San Andreas,10,Official Rockstar trailer,6,Story & narrative depth,7,5,Yes,53.0,27,Yes,Yes,Yes,Same,Positive
R105805,39,Male,Asia-Pacific,Xbox Series X/S,GTA V,5,YouTube,10,Better driving physics,10,4,Yes,84.0,18,Yes,No,Yes,Same,Very Positive
R105806,35,Male,North America,PlayStation 5,GTA V,6,YouTube,0,Better driving physics,3,5,No,20.0,3,Yes,No,Yes,Increased,Neutral/Cautious
R105807,29,Male,North America,PlayStation 5,GTA V,6,Gaming news sites,7,Map size & exploration,9,4,No,79.0,17,Yes,No,Yes,Increased,Very Positive
R105808,27,Male,North America,PlayStation 5,GTA San Andreas,7,Gaming news sites,5,Story & narrative depth,7,5,Yes,73.0,14,No,No,Yes,Increased,Positive
R105809,24,Male,Middle East,Xbox Series X/S,GTA III,4,YouTube,13,Map size & exploration,9,4,Yes,72.0,6,No,No,Yes,Increased,Very Positive
R105810,19,Male,North America,PlayStation 5,Red Dead Redemption 2,6,Friends,17,Online/multiplayer mode,9,2,No,64.0,11,No,Yes,Yes,Increased,Very Positive
R105811,24,Female,Latin America,PC,GTA IV,3,Official Rockstar trailer,6,Map size & exploration,7,2,No,75.0,16,No,No,Yes,Increased,Positive
R105812,28,Male,Europe,PC,GTA III,4,Reddit,14,Online/multiplayer mode,7,4,Yes,61.0,8,No,Yes,No,Same,Positive
R105813,13,Male,North America,PC,GTA V,5,Twitch,7,Deeper character customization,9,4,Yes,93.0,12,Yes,No,Yes,Decreased,Very Positive
R105814,26,Male,Europe,PC,GTA V,2,Gaming news sites,8,Story & narrative depth,8,4,No,73.0,4,Yes,No,No,Increased,Very Positive
R105815,13,Male,North America,PlayStation 5,GTA V,3,YouTube,9,Open-world Vice City map,7,5,Yes,66.0,10,Yes,No,Yes,Increased,Positive
R105816,36,Female,Europe,PC,Never played GTA,6,Official Rockstar trailer,12,Realistic economy & businesses,10,5,Yes,82.0,14,No,No,No,Same,Very Positive
R105817,32,Male,North America,PC,GTA Vice City,3,X/Twitter,7,Graphics & ray tracing,6,4,Yes,89.0,3,Yes,No,No,Increased,Positive
R105818,20,Male,North America,Undecided,GTA Vice City,10,TikTok,15,Deeper character customization,10,3,Yes,110.0,10,No,No,Yes,Increased,Very Positive
R105819,23,Male,North America,PlayStation 5,GTA San Andreas,5,Twitch,2,Open-world Vice City map,5,3,No,51.0,22,Yes,Yes,No,Same,Positive
R105820,32,Female,North America,PlayStation 5,GTA San Andreas,5,X/Twitter,14,Better driving physics,8,3,Yes,67.0,20,Yes,No,Yes,Increased,Very Positive
R105821,33,Male,Europe,PC,GTA V,11,Official Rockstar trailer,8,Story & narrative depth,7,4,Maybe,79.0,7,Yes,No,Yes,Decreased,Positive
R105822,33,Male,Europe,PC,GTA IV,13,Gaming news sites,6,Realistic economy & businesses,7,3,Yes,86.0,3,Yes,No,Yes,Increased,Positive
R105823,23,Male,Asia-Pacific,Xbox Series X/S,GTA IV,5,Friends,8,Story & narrative depth,6,5,Maybe,71.0,28,Yes,No,No,Decreased,Positive
R105824,26,Male,Asia-Pacific,PlayStation 5,GTA San Andreas,11,Friends,10,Realistic economy & businesses,7,3,Yes,72.0,17,No,No,No,Same,Positive
R105825,30,Male,Europe,PlayStation 5,GTA V,5,Gaming news sites,5,Story & narrative depth,3,4,No,49.0,6,Yes,No,No,Increased,Neutral/Cautious
R105826,13,Female,Middle East,PC,GTA San Andreas,7,Twitch,9,Open-world Vice City map,9,3,No,94.0,7,Yes,Yes,Yes,Same,Very Positive
R105827,13,Female,Europe,PlayStation 5,GTA V,5,Official Rockstar trailer,11,Open-world Vice City map,8,4,Yes,64.0,17,Yes,No,Yes,Increased,Very Positive
R105828,31,Male,Asia-Pacific,PC,GTA San Andreas,6,Official Rockstar trailer,7,Story & narrative depth,4,3,Yes,62.0,1,No,No,No,Same,Neutral/Cautious
R105829,28,Male,Latin America,Xbox Series X/S,Red Dead Redemption 2,10,Gaming news sites,8,Graphics & ray tracing,6,5,Yes,39.0,6,Yes,No,Yes,Increased,Positive
R105830,44,Male,Asia-Pacific,PlayStation 5,GTA V,13,Official Rockstar trailer,10,Online/multiplayer mode,10,5,Yes,96.0,17,No,No,Yes,Increased,Very Positive
R105831,23,Male,North America,Xbox Series X/S,GTA IV,7,Official Rockstar trailer,5,Deeper character customization,6,4,No,78.0,21,Yes,No,Yes,Increased,Positive
R105832,33,Male,Asia-Pacific,PC,GTA San Andreas,13,YouTube,10,Open-world Vice City map,7,2,Yes,38.0,5,No,No,No,Decreased,Positive
R105833,25,Female,Middle East,PlayStation 5,GTA San Andreas,9,Gaming news sites,12,Dual protagonists (Jason & Lucia),10,5,No,89.0,26,No,No,Yes,Same,Very Positive
R105834,22,Male,Europe,PC,GTA V,6,YouTube,10,Online/multiplayer mode,10,5,Yes,71.0,5,No,No,Yes,Increased,Very Positive
R105835,30,Male,Asia-Pacific,PlayStation 5,GTA V,5,Official Rockstar trailer,12,Open-world Vice City map,10,3,Yes,110.0,32,No,No,Yes,Increased,Very Positive
R105836,38,Male,North America,Xbox Series X/S,GTA San Andreas,3,YouTube,5,Improved police/AI systems,7,3,Maybe,55.0,58,Yes,Yes,No,Same,Positive
R105837,18,Female,Latin America,PlayStation 5 Pro,GTA San Andreas,9,Official Rockstar trailer,11,Better driving physics,10,4,Yes,107.0,11,Yes,Yes,Yes,Same,Very Positive
R105838,36,Male,Europe,Xbox Series X/S,GTA San Andreas,5,YouTube,8,Deeper character customization,9,4,No,74.0,23,No,No,Yes,Increased,Very Positive
R105839,25,Female,Africa,Xbox Series X/S,GTA V,8,YouTube,11,Graphics & ray tracing,10,3,Yes,74.0,18,Yes,No,Yes,Increased,Very Positive
R105840,27,Male,North America,PlayStation 5,GTA V,6,X/Twitter,5,Online/multiplayer mode,5,4,Maybe,51.0,22,Yes,Yes,Yes,Decreased,Positive
R105841,17,Female,Middle East,PlayStation 5,GTA IV,9,X/Twitter,14,Online/multiplayer mode,10,5,Yes,91.0,6,Yes,Yes,Yes,Same,Very Positive
R105842,18,Male,Europe,PC,Red Dead Redemption 2,7,YouTube,4,Online/multiplayer mode,6,2,Maybe,65.0,11,Yes,No,No,Increased,Positive
R105843,23,Female,Asia-Pacific,PlayStation 5,GTA IV,6,Official Rockstar trailer,9,Graphics & ray tracing,6,5,Maybe,70.0,23,Yes,Yes,Yes,Increased,Positive
R105844,13,Male,Africa,PlayStation 5,GTA San Andreas,3,X/Twitter,10,Dual protagonists (Jason & Lucia),8,5,Maybe,77.0,2,Yes,No,Yes,Same,Very Positive
R105845,25,Male,North America,Xbox Series X/S,GTA V,9,Official Rockstar trailer,10,Better driving physics,6,1,Maybe,37.0,13,Yes,Yes,Yes,Same,Positive
R105846,30,Male,Africa,PlayStation 5,GTA V,9,TikTok,10,Graphics & ray tracing,9,5,Yes,64.0,39,Yes,No,Yes,Same,Very Positive
R105847,24,Non-binary,Africa,PlayStation 5,GTA San Andreas,4,Twitch,7,Story & narrative depth,8,3,Yes,86.0,29,Yes,No,No,Increased,Very Positive
R105848,30,Male,Europe,PC,Red Dead Redemption 2,5,X/Twitter,5,Realistic economy & businesses,6,3,No,48.0,16,Yes,No,No,Increased,Positive
R105849,13,Male,Asia-Pacific,Undecided,GTA San Andreas,6,Official Rockstar trailer,12,Graphics & ray tracing,8,3,Yes,79.0,17,No,Yes,No,Decreased,Very Positive
R105850,26,Male,Europe,Xbox Series X/S,GTA San Andreas,4,YouTube,7,Story & narrative depth,8,4,Yes,74.0,13,Yes,No,Yes,Decreased,Very Positive
R105851,29,Male,Europe,Xbox Series X/S,GTA V,5,Reddit,10,Map size & exploration,10,4,Yes,91.0,37,No,No,Yes,Increased,Very Positive
R105852,30,Female,Europe,PlayStation 5,GTA San Andreas,6,Official Rockstar trailer,4,Realistic economy & businesses,4,3,Maybe,60.0,8,Yes,No,Yes,Increased,Neutral/Cautious
R105853,20,Male,North America,PlayStation 5,GTA V,4,TikTok,10,Graphics & ray tracing,9,5,Yes,82.0,23,No,Yes,Yes,Same,Very Positive
R105854,43,Male,Asia-Pacific,PC,GTA Vice City,6,YouTube,6,Realistic economy & businesses,5,2,No,76.0,3,Yes,No,Yes,Same,Positive
R105855,35,Male,Europe,PC,GTA IV,3,Gaming news sites,8,Open-world Vice City map,9,5,Maybe,76.0,12,No,No,No,Increased,Very Positive
R105856,32,Male,Middle East,PlayStation 5 Pro,GTA V,2,TikTok,11,Deeper character customization,9,3,Yes,78.0,19,No,No,No,Same,Very Positive
R105857,27,Male,North America,PC,GTA San Andreas,8,Official Rockstar trailer,7,Better driving physics,8,4,Yes,77.0,25,Yes,Yes,Yes,Same,Very Positive
R105858,29,Female,North America,PlayStation 5,GTA V,3,Official Rockstar trailer,9,Dual protagonists (Jason & Lucia),9,2,Maybe,80.0,23,No,Yes,No,Decreased,Very Positive
R105859,14,Male,Middle East,PlayStation 5,GTA San Andreas,5,Gaming news sites,6,Graphics & ray tracing,7,4,Yes,65.0,12,Yes,Yes,No,Same,Positive
R105860,40,Male,Europe,PlayStation 5,GTA V,1,Official Rockstar trailer,11,Realistic economy & businesses,10,3,Yes,88.0,32,No,Yes,Yes,Increased,Very Positive
R105861,32,Male,Asia-Pacific,Xbox Series X/S,GTA V,4,YouTube,4,Realistic economy & businesses,6,4,No,76.0,18,Yes,No,Yes,Same,Positive
R105862,39,Male,North America,PC,GTA Vice City,12,Official Rockstar trailer,9,Graphics & ray tracing,9,2,Yes,82.0,31,Yes,No,No,Increased,Very Positive
R105863,23,Female,Middle East,PlayStation 5 Pro,Never played GTA,5,Official Rockstar trailer,5,Deeper character customization,3,5,Maybe,32.0,32,No,Yes,Yes,Same,Neutral/Cautious
R105864,13,Male,North America,Xbox Series X/S,GTA V,6,Reddit,9,Dual protagonists (Jason & Lucia),8,5,Yes,101.0,40,Yes,Yes,Yes,Increased,Very Positive
R105865,16,Male,Europe,PlayStation 5,GTA San Andreas,5,X/Twitter,6,Better driving physics,7,4,Maybe,73.0,4,Yes,No,Yes,Increased,Positive
R105866,29,Female,Asia-Pacific,PlayStation 5,GTA IV,8,YouTube,12,Online/multiplayer mode,7,4,Yes,62.0,17,No,No,No,Same,Positive
R105867,31,Male,Latin America,PlayStation 5,GTA San Andreas,8,Official Rockstar trailer,10,Better driving physics,7,2,Yes,47.0,28,Yes,No,Yes,Increased,Positive
R105868,21,Male,Europe,Xbox Series X/S,GTA V,8,Gaming news sites,10,Open-world Vice City map,8,5,Yes,99.0,9,Yes,No,No,Decreased,Very Positive
R105869,19,Male,North America,PC,GTA San Andreas,11,Official Rockstar trailer,8,Better driving physics,8,5,Yes,87.0,2,Yes,No,Yes,Same,Very Positive
R105870,29,Male,Latin America,PlayStation 5,GTA V,6,TikTok,8,Story & narrative depth,7,2,Yes,74.0,16,Yes,No,No,Same,Positive
R105871,33,Female,Latin America,PC,GTA Vice City,4,Gaming news sites,2,Online/multiplayer mode,4,5,No,69.0,17,Yes,Yes,Yes,Same,Neutral/Cautious
R105872,27,Non-binary,Latin America,Xbox Series X/S,Red Dead Redemption 2,2,TikTok,11,Open-world Vice City map,9,3,Yes,56.0,8,Yes,Yes,No,Increased,Very Positive
R105873,26,Male,Europe,PC,Red Dead Redemption 2,2,YouTube,5,Improved police/AI systems,7,4,Yes,69.0,17,Yes,Yes,Yes,Increased,Positive
R105874,30,Male,Latin America,PC,GTA IV,8,Official Rockstar trailer,7,Realistic economy & businesses,7,4,Yes,66.0,13,Yes,Yes,No,Same,Positive
R105875,13,Male,Africa,PC,GTA Vice City,8,YouTube,11,Open-world Vice City map,10,3,Yes,92.0,18,Yes,No,Yes,Decreased,Very Positive
R105876,43,Male,North America,Xbox Series X/S,GTA San Andreas,11,X/Twitter,8,Story & narrative depth,7,2,Yes,74.0,16,Yes,No,Yes,Increased,Positive
R105877,32,Male,Asia-Pacific,PC,GTA V,9,YouTube,6,Dual protagonists (Jason & Lucia),7,3,Yes,54.0,28,No,No,No,Increased,Positive
R105878,18,Female,North America,PC,GTA San Andreas,0,Official Rockstar trailer,9,Story & narrative depth,6,5,Yes,69.0,6,No,No,No,Increased,Positive
R105879,21,Female,Africa,PC,GTA San Andreas,3,X/Twitter,8,Map size & exploration,9,5,Yes,66.0,32,No,Yes,Yes,Increased,Very Positive
R105880,18,Male,Asia-Pacific,PlayStation 5,Red Dead Redemption 2,1,Official Rockstar trailer,6,Better driving physics,6,4,Yes,61.0,3,Yes,Yes,Yes,Increased,Positive
R105881,30,Male,Middle East,PlayStation 5,GTA V,8,Official Rockstar trailer,8,Better driving physics,6,4,Yes,77.0,15,Yes,Yes,No,Increased,Positive
R105882,30,Male,North America,PC,GTA Vice City,6,X/Twitter,14,Open-world Vice City map,10,4,Maybe,69.0,24,Yes,No,No,Increased,Very Positive
R105883,17,Male,Europe,Xbox Series X/S,GTA III,10,Twitch,9,Improved police/AI systems,7,2,No,59.0,24,Yes,Yes,Yes,Decreased,Positive
R105884,37,Male,North America,Xbox Series X/S,GTA San Andreas,7,Twitch,10,Dual protagonists (Jason & Lucia),7,4,Yes,82.0,4,Yes,Yes,Yes,Same,Positive
R105885,27,Female,Latin America,Xbox Series X/S,Never played GTA,3,TikTok,9,Story & narrative depth,5,5,Maybe,48.0,6,Yes,No,Yes,Decreased,Positive
R105886,18,Prefer not to say,Europe,PlayStation 5,GTA IV,4,Reddit,11,Story & narrative depth,10,3,Yes,,17,Yes,Yes,No,Increased,Very Positive
R105887,22,Male,Europe,PC,GTA V,4,TikTok,9,Open-world Vice City map,10,4,Yes,84.0,26,No,No,Yes,Decreased,Very Positive
R105888,30,Male,Asia-Pacific,PlayStation 5,GTA V,7,Official Rockstar trailer,8,Deeper character customization,5,4,No,59.0,8,Yes,No,Yes,Decreased,Positive
R105889,42,Female,North America,PlayStation 5,GTA IV,2,Gaming news sites,8,Open-world Vice City map,10,3,Yes,75.0,11,Yes,No,No,Same,Very Positive
R105890,31,Male,Middle East,PC,GTA V,5,Gaming news sites,8,Story & narrative depth,9,5,Yes,76.0,31,No,No,No,Increased,Very Positive
R105891,33,Female,North America,PC,GTA San Andreas,4,X/Twitter,8,Graphics & ray tracing,10,2,Yes,92.0,28,Yes,No,No,Increased,Very Positive
R105892,27,Male,Asia-Pacific,PlayStation 5,GTA V,6,YouTube,9,Realistic economy & businesses,8,5,Yes,92.0,22,No,No,No,Same,Very Positive
R105893,33,Female,Latin America,PlayStation 5,GTA San Andreas,5,X/Twitter,7,Dual protagonists (Jason & Lucia),4,4,Yes,36.0,10,No,No,No,Increased,Neutral/Cautious
R105894,21,Male,Latin America,Undecided,GTA V,12,Gaming news sites,9,Better driving physics,9,4,Yes,76.0,42,Yes,No,Yes,Increased,Very Positive
R105895,19,Female,North America,Xbox Series X/S,GTA Vice City,5,YouTube,5,Dual protagonists (Jason & Lucia),5,3,Yes,50.0,7,Yes,No,Yes,Increased,Positive
R105896,39,Male,Latin America,PlayStation 5,Red Dead Redemption 2,3,Reddit,14,Dual protagonists (Jason & Lucia),10,3,Yes,97.0,4,Yes,No,No,Same,Very Positive
R105897,32,Female,Asia-Pacific,PlayStation 5,GTA IV,4,YouTube,6,Dual protagonists (Jason & Lucia),8,3,Yes,51.0,22,Yes,Yes,Yes,Increased,Very Positive
R105898,31,Male,North America,PC,GTA Vice City,8,Official Rockstar trailer,9,Open-world Vice City map,7,3,No,73.0,6,Yes,Yes,Yes,Same,Positive
R105899,19,Male,Middle East,Xbox Series X/S,GTA V,4,Reddit,11,Improved police/AI systems,10,3,Yes,105.0,18,Yes,No,Yes,Same,Very Positive
R105900,36,Male,Latin America,PlayStation 5,GTA San Andreas,9,Official Rockstar trailer,5,Open-world Vice City map,5,3,Yes,45.0,6,Yes,No,Yes,Increased,Positive
R105901,29,Male,North America,PC,GTA San Andreas,5,Official Rockstar trailer,5,Improved police/AI systems,6,4,Maybe,52.0,14,Yes,Yes,Yes,Increased,Positive
R105902,13,Male,North America,PlayStation 5,GTA V,4,Official Rockstar trailer,3,Realistic economy & businesses,6,4,Maybe,69.0,11,Yes,No,Yes,Decreased,Positive
R105903,29,Male,Europe,PlayStation 5 Pro,GTA V,2,Reddit,10,Online/multiplayer mode,7,4,Yes,64.0,15,Yes,Yes,Yes,Decreased,Positive
R105904,29,Male,Europe,Xbox Series X/S,GTA V,9,Official Rockstar trailer,7,Dual protagonists (Jason & Lucia),7,4,Maybe,59.0,6,Yes,Yes,No,Same,Positive
R105905,20,Male,Africa,PC,GTA V,3,Official Rockstar trailer,7,Map size & exploration,8,4,No,57.0,23,Yes,Yes,No,Increased,Very Positive
R105906,24,Male,Asia-Pacific,Xbox Series X/S,GTA San Andreas,5,Reddit,11,Online/multiplayer mode,8,3,Yes,64.0,17,Yes,No,Yes,Increased,Very Positive
R105907,41,Male,Asia-Pacific,PC,Never played GTA,11,YouTube,5,Online/multiplayer mode,6,4,No,68.0,36,No,Yes,Yes,Same,Positive
R105908,28,Male,North America,PC,GTA V,7,Official Rockstar trailer,6,Story & narrative depth,8,3,No,57.0,15,Yes,No,No,Increased,Very Positive
R105909,35,Male,North America,PC,GTA V,5,Reddit,11,Dual protagonists (Jason & Lucia),9,5,Maybe,81.0,11,Yes,No,Yes,Increased,Very Positive
R105910,21,Female,Asia-Pacific,PC,GTA San Andreas,7,Official Rockstar trailer,8,Better driving physics,7,3,No,65.0,14,No,Yes,No,Increased,Positive
R105911,23,Male,Asia-Pacific,PlayStation 5,GTA V,9,YouTube,5,Improved police/AI systems,4,4,Maybe,48.0,8,Yes,No,No,Increased,Neutral/Cautious
R105912,28,Male,Europe,Xbox Series X/S,GTA V,8,YouTube,8,Dual protagonists (Jason & Lucia),10,5,Maybe,97.0,6,No,No,Yes,Increased,Very Positive
R105913,27,Male,Africa,PC,GTA Vice City,7,YouTube,11,Deeper character customization,10,4,Yes,76.0,14,No,No,Yes,Increased,Very Positive
R105914,20,Male,Middle East,PC,GTA V,6,Reddit,6,Improved police/AI systems,6,4,Yes,45.0,17,Yes,Yes,No,Increased,Positive
R105915,13,Prefer not to say,Latin America,PlayStation 5,GTA V,7,Official Rockstar trailer,8,Online/multiplayer mode,8,4,Yes,84.0,13,No,No,Yes,Same,Very Positive
R105916,36,Male,Asia-Pacific,Xbox Series X/S,GTA San Andreas,10,X/Twitter,11,Better driving physics,10,1,Yes,78.0,18,Yes,No,Yes,Increased,Very Positive
R105917,30,Male,Europe,PlayStation 5,GTA V,3,Official Rockstar trailer,9,Graphics & ray tracing,7,5,Yes,71.0,6,No,No,No,Decreased,Positive
R105918,19,Male,Europe,PC,Never played GTA,10,Official Rockstar trailer,5,Online/multiplayer mode,5,5,Maybe,53.0,8,Yes,Yes,No,Increased,Positive
R105919,36,Male,Latin America,PlayStation 5,GTA San Andreas,2,Reddit,11,Online/multiplayer mode,10,3,Yes,66.0,3,Yes,No,No,Increased,Very Positive
R105920,32,Male,Latin America,Xbox Series X/S,Red Dead Redemption 2,8,Official Rockstar trailer,6,Dual protagonists (Jason & Lucia),5,5,Yes,44.0,5,No,Yes,No,Increased,Positive
R105921,21,Male,North America,PlayStation 5,GTA San Andreas,10,Gaming news sites,9,Story & narrative depth,5,4,Yes,36.0,7,No,No,Yes,Increased,Positive
R105922,24,Male,Latin America,PlayStation 5,GTA V,2,Official Rockstar trailer,12,Dual protagonists (Jason & Lucia),7,4,Yes,76.0,20,Yes,Yes,Yes,Increased,Positive
R105923,15,Female,North America,PlayStation 5,GTA V,7,YouTube,10,Open-world Vice City map,9,4,Yes,86.0,15,Yes,No,Yes,Increased,Very Positive
R105924,27,Male,Asia-Pacific,PlayStation 5,GTA V,10,YouTube,6,Story & narrative depth,9,4,Yes,86.0,28,Yes,No,Yes,Same,Very Positive
R105925,19,Female,Europe,Undecided,Red Dead Redemption 2,8,Reddit,6,Map size & exploration,7,3,No,79.0,14,No,No,Yes,Same,Positive
R105926,18,Male,Europe,PC,GTA V,11,Official Rockstar trailer,6,Open-world Vice City map,8,5,Yes,74.0,34,No,No,Yes,Same,Very Positive
R105927,20,Female,North America,PlayStation 5,GTA V,2,Reddit,11,Open-world Vice City map,8,3,Yes,82.0,2,Yes,Yes,Yes,Increased,Very Positive
R105928,19,Female,Europe,PlayStation 5,GTA Vice City,6,YouTube,6,Map size & exploration,7,3,Yes,73.0,15,Yes,Yes,No,Decreased,Positive
R105929,13,Male,Asia-Pacific,PC,GTA III,4,Friends,8,Story & narrative depth,8,2,Yes,69.0,11,Yes,Yes,No,Increased,Very Positive
R105930,19,Female,Latin America,PlayStation 5,Red Dead Redemption 2,9,X/Twitter,7,Dual protagonists (Jason & Lucia),9,4,Yes,62.0,33,Yes,No,No,Decreased,Very Positive
R105931,33,Female,Europe,Xbox Series X/S,GTA V,9,Official Rockstar trailer,8,Story & narrative depth,7,3,No,76.0,13,Yes,No,No,Increased,Positive
R105932,19,Male,North America,PlayStation 5,GTA III,2,X/Twitter,7,Dual protagonists (Jason & Lucia),10,2,Yes,73.0,12,Yes,Yes,Yes,Increased,Very Positive
R105933,13,Female,Europe,PlayStation 5,GTA IV,5,Friends,5,Graphics & ray tracing,5,4,Maybe,65.0,23,Yes,Yes,No,Decreased,Positive
R105934,16,Male,Asia-Pacific,Xbox Series X/S,GTA V,11,TikTok,8,Online/multiplayer mode,8,4,Maybe,80.0,12,Yes,Yes,Yes,Increased,Very Positive
R105935,26,Male,Middle East,PlayStation 5,GTA V,3,Gaming news sites,4,Improved police/AI systems,7,5,Yes,47.0,15,Yes,No,Yes,Increased,Positive
R105936,24,Male,Latin America,PlayStation 5,GTA San Andreas,6,TikTok,7,Realistic economy & businesses,8,2,Yes,94.0,30,No,Yes,No,Same,Very Positive
R105937,34,Male,Europe,Xbox Series X/S,GTA V,7,Reddit,4,Graphics & ray tracing,6,5,Yes,52.0,8,No,Yes,No,Same,Positive
R105938,30,Male,North America,PC,GTA V,7,Twitch,12,Graphics & ray tracing,8,3,Maybe,68.0,15,Yes,Yes,Yes,Decreased,Very Positive
R105939,23,Male,Europe,PlayStation 5,GTA V,9,TikTok,8,Better driving physics,9,3,Yes,107.0,17,Yes,No,No,Decreased,Very Positive
R105940,29,Male,Africa,PlayStation 5,Red Dead Redemption 2,4,Official Rockstar trailer,10,Deeper character customization,8,5,Yes,90.0,9,Yes,Yes,Yes,Same,Very Positive
R105941,20,Female,Europe,Xbox Series X/S,GTA V,12,Twitch,6,Graphics & ray tracing,9,3,Yes,74.0,21,Yes,Yes,Yes,Increased,Very Positive
R105942,46,Prefer not to say,Asia-Pacific,PlayStation 5,GTA V,4,Reddit,11,Open-world Vice City map,10,4,Yes,84.0,29,Yes,No,No,Same,Very Positive
R105943,15,Female,North America,PC,GTA V,3,Reddit,12,Realistic economy & businesses,10,4,Yes,74.0,9,No,No,Yes,Decreased,Very Positive
R105944,45,Prefer not to say,Europe,Undecided,GTA San Andreas,4,Official Rockstar trailer,9,Online/multiplayer mode,7,4,Yes,67.0,7,Yes,Yes,Yes,Increased,Positive
R105945,22,Male,Europe,PlayStation 5,GTA IV,5,TikTok,10,Story & narrative depth,8,3,Yes,60.0,17,Yes,No,Yes,Increased,Very Positive
R105946,26,Male,Asia-Pacific,PlayStation 5,GTA V,11,Twitch,5,Open-world Vice City map,7,4,Yes,84.0,16,Yes,No,No,Decreased,Positive
R105947,29,Male,Asia-Pacific,PlayStation 5,GTA V,13,Friends,13,Map size & exploration,10,3,Yes,63.0,16,Yes,No,Yes,Same,Very Positive
R105948,27,Male,Europe,Xbox Series X/S,GTA San Andreas,6,X/Twitter,8,Dual protagonists (Jason & Lucia),7,5,Yes,71.0,17,No,No,Yes,Increased,Positive
R105949,19,Male,North America,Xbox Series X/S,GTA V,6,Official Rockstar trailer,8,Story & narrative depth,9,3,Maybe,67.0,55,Yes,No,Yes,Increased,Very Positive
R105950,32,Non-binary,North America,PlayStation 5,GTA V,4,Reddit,10,Dual protagonists (Jason & Lucia),10,3,Yes,82.0,19,Yes,No,Yes,Decreased,Very Positive
R105951,15,Male,Latin America,PC,GTA V,1,X/Twitter,4,Dual protagonists (Jason & Lucia),7,2,No,69.0,5,Yes,No,No,Same,Positive
R105952,23,Prefer not to say,Asia-Pacific,PlayStation 5,GTA San Andreas,2,Official Rockstar trailer,13,Dual protagonists (Jason & Lucia),10,4,Yes,102.0,27,Yes,No,Yes,Decreased,Very Positive
R105953,16,Male,Europe,PlayStation 5,GTA V,2,X/Twitter,15,Realistic economy & businesses,10,5,Yes,94.0,18,Yes,Yes,Yes,Decreased,Very Positive
R105954,13,Female,Europe,Xbox Series X/S,GTA V,6,Official Rockstar trailer,14,Open-world Vice City map,10,4,Yes,89.0,10,Yes,No,Yes,Increased,Very Positive
R105955,40,Male,North America,PC,GTA Vice City,10,Official Rockstar trailer,8,Graphics & ray tracing,9,4,Yes,73.0,32,Yes,No,No,Increased,Very Positive
R105956,24,Male,Europe,Xbox Series X/S,GTA San Andreas,4,Reddit,12,Online/multiplayer mode,9,3,Yes,84.0,20,Yes,No,No,Increased,Very Positive
R105957,29,Male,North America,Xbox Series X/S,GTA V,6,YouTube,10,Open-world Vice City map,7,4,Yes,63.0,13,Yes,Yes,Yes,Increased,Positive
R105958,27,Male,Europe,Undecided,Red Dead Redemption 2,5,YouTube,10,Open-world Vice City map,6,3,No,58.0,23,Yes,No,Yes,Same,Positive
R105959,38,Male,Europe,Xbox Series X/S,GTA V,5,Official Rockstar trailer,6,Graphics & ray tracing,5,4,Yes,74.0,9,Yes,No,Yes,Same,Positive
R105960,22,Female,Latin America,PlayStation 5,GTA San Andreas,0,Official Rockstar trailer,9,Realistic economy & businesses,6,3,Maybe,64.0,22,Yes,No,No,Increased,Positive
R105961,19,Male,North America,PlayStation 5,GTA V,4,Official Rockstar trailer,10,Improved police/AI systems,6,5,Maybe,65.0,3,Yes,Yes,Yes,Same,Positive
R105962,36,Male,Asia-Pacific,PlayStation 5,GTA III,4,TikTok,9,Story & narrative depth,8,2,Yes,,15,Yes,Yes,Yes,Increased,Very Positive
R105963,22,Male,Latin America,PC,Never played GTA,7,TikTok,9,Deeper character customization,5,3,Maybe,61.0,10,No,Yes,No,Increased,Positive
R105964,26,Female,Europe,PlayStation 5,GTA San Andreas,7,Gaming news sites,7,Map size & exploration,9,1,Yes,79.0,20,Yes,No,Yes,Same,Very Positive
R105965,24,Male,North America,PC,GTA V,8,Reddit,10,Graphics & ray tracing,8,4,Maybe,70.0,8,No,No,No,Decreased,Very Positive
R105966,30,Male,Latin America,PlayStation 5,GTA Vice City,7,TikTok,8,Open-world Vice City map,9,4,Yes,97.0,38,No,No,No,Increased,Very Positive
R105967,31,Male,North America,PlayStation 5,GTA San Andreas,9,X/Twitter,10,Improved police/AI systems,6,4,No,59.0,4,Yes,Yes,No,Increased,Positive
R105968,25,Male,Asia-Pacific,PlayStation 5 Pro,GTA San Andreas,1,X/Twitter,14,Online/multiplayer mode,9,4,Yes,72.0,23,Yes,No,Yes,Same,Very Positive
R105969,27,Male,North America,PC,Never played GTA,6,Official Rockstar trailer,6,Deeper character customization,7,4,No,86.0,16,Yes,No,Yes,Same,Positive
R105970,28,Female,Middle East,PlayStation 5,GTA San Andreas,2,Official Rockstar trailer,14,Story & narrative depth,10,4,Yes,87.0,32,Yes,No,No,Increased,Very Positive
R105971,50,Female,North America,PC,GTA San Andreas,5,X/Twitter,8,Map size & exploration,4,5,Yes,62.0,4,No,Yes,No,Increased,Neutral/Cautious
R105972,40,Male,North America,PC,Red Dead Redemption 2,11,Official Rockstar trailer,4,Online/multiplayer mode,7,1,No,58.0,16,Yes,Yes,Yes,Increased,Positive
R105973,30,Male,Europe,Undecided,GTA San Andreas,5,Reddit,9,Story & narrative depth,8,5,Yes,76.0,34,Yes,No,Yes,Increased,Very Positive
R105974,29,Male,Middle East,PC,GTA IV,1,Official Rockstar trailer,10,Open-world Vice City map,10,4,Yes,86.0,25,Yes,Yes,No,Same,Very Positive
R105975,23,Female,Europe,PlayStation 5,GTA San Andreas,6,X/Twitter,12,Graphics & ray tracing,9,3,Yes,74.0,12,Yes,No,Yes,Increased,Very Positive
R105976,32,Male,Asia-Pacific,PlayStation 5,GTA V,7,Reddit,13,Online/multiplayer mode,10,2,Yes,89.0,14,Yes,No,No,Increased,Very Positive
R105977,28,Male,Latin America,PlayStation 5,GTA San Andreas,3,Official Rockstar trailer,13,Open-world Vice City map,7,4,No,70.0,15,Yes,No,No,Same,Positive
R105978,28,Prefer not to say,Europe,PlayStation 5,GTA IV,5,TikTok,9,Improved police/AI systems,10,4,Yes,87.0,27,Yes,No,No,Increased,Very Positive
R105979,35,Female,Asia-Pacific,PlayStation 5,Red Dead Redemption 2,8,Official Rockstar trailer,7,Realistic economy & businesses,10,3,Yes,98.0,6,No,No,No,Increased,Very Positive
R105980,21,Male,Europe,PC,GTA San Andreas,8,Official Rockstar trailer,11,Online/multiplayer mode,10,4,Yes,82.0,4,No,Yes,Yes,Increased,Very Positive
R105981,38,Male,Latin America,Xbox Series X/S,GTA IV,8,Friends,4,Story & narrative depth,6,4,Maybe,60.0,7,No,No,No,Increased,Positive
R105982,29,Male,Middle East,PlayStation 5,GTA V,4,Gaming news sites,14,Story & narrative depth,10,5,Yes,78.0,12,No,No,Yes,Increased,Very Positive
R105983,29,Female,Middle East,PlayStation 5,GTA V,7,YouTube,12,Dual protagonists (Jason & Lucia),10,4,Yes,70.0,38,Yes,No,No,Increased,Very Positive
R105984,30,Male,Asia-Pacific,PlayStation 5,GTA San Andreas,6,Friends,15,Better driving physics,8,3,Yes,79.0,26,Yes,Yes,No,Increased,Very Positive
R105985,21,Male,Asia-Pacific,Xbox Series X/S,GTA V,8,X/Twitter,14,Story & narrative depth,10,3,Yes,98.0,14,No,No,No,Same,Very Positive
R105986,15,Female,Middle East,PlayStation 5,GTA V,7,Reddit,11,Deeper character customization,8,5,Yes,69.0,48,No,No,Yes,Same,Very Positive
R105987,30,Male,Africa,PC,Red Dead Redemption 2,4,Official Rockstar trailer,13,Realistic economy & businesses,10,3,Yes,83.0,8,Yes,Yes,Yes,Increased,Very Positive
R105988,26,Female,Asia-Pacific,PC,GTA IV,3,Gaming news sites,12,Improved police/AI systems,9,3,Maybe,88.0,5,No,No,No,Increased,Very Positive
R105989,20,Male,Africa,PC,GTA Vice City,7,YouTube,5,Story & narrative depth,5,4,Maybe,68.0,12,Yes,No,Yes,Same,Positive
R105990,24,Female,North America,PC,GTA V,8,X/Twitter,17,Map size & exploration,10,3,Yes,79.0,17,No,No,No,Increased,Very Positive
R105991,16,Male,Middle East,Xbox Series X/S,GTA San Andreas,8,Official Rockstar trailer,9,Dual protagonists (Jason & Lucia),10,3,Yes,94.0,11,Yes,No,No,Increased,Very Positive
R105992,17,Male,Asia-Pacific,PlayStation 5,GTA V,9,TikTok,11,Improved police/AI systems,9,3,Yes,82.0,5,No,No,Yes,Decreased,Very Positive
R105993,23,Male,Asia-Pacific,Xbox Series X/S,GTA San Andreas,7,Friends,12,Dual protagonists (Jason & Lucia),8,4,Yes,87.0,7,Yes,No,Yes,Same,Very Positive
R105994,25,Female,Europe,Undecided,GTA V,4,YouTube,13,Deeper character customization,10,5,Yes,84.0,11,Yes,No,Yes,Decreased,Very Positive
R105995,15,Male,Asia-Pacific,PlayStation 5,GTA San Andreas,9,Official Rockstar trailer,8,Open-world Vice City map,10,3,Yes,94.0,12,Yes,No,Yes,Same,Very Positive
R105996,22,Male,North America,PC,GTA V,2,Gaming news sites,11,Open-world Vice City map,10,4,Yes,108.0,25,Yes,No,Yes,Increased,Very Positive
R105997,36,Male,North America,PlayStation 5,GTA IV,1,TikTok,4,Deeper character customization,8,3,Yes,68.0,17,Yes,No,Yes,Increased,Very Positive
R105998,13,Non-binary,Europe,PlayStation 5,GTA Vice City,1,X/Twitter,5,Open-world Vice City map,7,2,Yes,43.0,12,Yes,No,Yes,Same,Positive
R105999,20,Male,Europe,PC,GTA Vice City,8,YouTube,11,Dual protagonists (Jason & Lucia),9,4,Yes,75.0,52,No,No,No,Increased,Very Positive
